time_s,seq,latitude_deg,longitude_deg,altitude_m,roll_deg,vn_mps,ve_mps
76.72500000000001,1,-35.360676999999995,149.1640859,99.56,10.764168103623117,8.42,6.36
76.825,1,-35.3606694,149.16409289999999,99.571,10.613264465421794,8.33,6.46
76.925,1,-35.3606619,149.16410009999998,99.583,10.453406449218585,8.25,6.5600000000000005
77.025,1,-35.360654499999995,149.16410729999998,99.593,10.739838969799532,8.17,6.640000000000001
77.124,1,-35.3606471,149.1641147,99.602,12.22799375597274,8.1,6.74
77.224,1,-35.3606398,149.1641223,99.608,15.271768521845958,7.98,6.88
77.324,1,-35.360632599999995,149.16413,99.611,19.394974431316943,7.79,7.1000000000000005
77.424,1,-35.3606256,149.16413799999998,99.611,23.67581427664265,7.53,7.390000000000001
77.524,1,-35.3606189,149.1641464,99.605,27.231668815159235,7.23,7.73
77.624,1,-35.360612499999995,149.16415519999998,99.593,29.481893420240155,6.9,8.09
77.724,1,-35.3606064,149.16416429999998,99.58200000000001,30.267628137074666,6.5600000000000005,8.46
77.824,1,-35.3606007,149.1641738,99.578,29.63190144988656,6.21,8.82
77.924,1,-35.3605953,149.1641836,99.59100000000001,27.806412158342884,5.86,9.15
78.024,1,-35.3605902,149.1641938,99.623,25.154408505525133,5.55,9.41
78.124,1,-35.3605853,149.1642042,99.674,21.969986484263014,5.3,9.6
78.224,1,-35.3605807,149.1642148,99.73700000000001,18.5102805186927,5.1000000000000005,9.72
78.324,1,-35.3605762,149.1642255,99.803,15.027447532592724,4.97,9.77
78.424,1,-35.360571799999995,149.1642362,99.86500000000001,11.740828805874289,4.88,9.790000000000001
78.524,1,-35.3605674,149.1642469,99.914,8.861145919716042,4.84,9.78
78.624,1,-35.3605631,149.16425759999998,99.943,6.462716881816426,4.8100000000000005,9.76
78.724,1,-35.3605588,149.16426819999998,99.95,4.58147190230429,4.79,9.74
78.825,1,-35.3605545,149.1642789,99.93900000000001,3.2688480686019434,4.78,9.72
78.925,1,-35.3605501,149.16428969999998,99.91,2.4054961492564644,4.7700000000000005,9.72
79.025,1,-35.3605458,149.1643004,99.872,1.969173846679118,4.75,9.72
79.125,1,-35.360541399999995,149.1643112,99.834,1.771430051810317,4.73,9.73
79.224,1,-35.360537199999996,149.164322,99.804,1.7135741873937835,4.71,9.74
79.324,1,-35.360532899999995,149.16433279999998,99.787,1.7027957219966803,4.69,9.75
79.424,1,-35.360528599999995,149.1643436,99.783,1.6494551462300542,4.66,9.76
79.524,1,-35.3605243,149.1643545,99.791,1.5684921115211328,4.64,9.77
79.624,1,-35.360520099999995,149.1643653,99.807,1.4382683651359045,4.63,9.77
79.724,1,-35.360515899999996,149.1643761,99.827,1.2246317872855415,4.61,9.77
79.824,1,-35.3605118,149.1643868,99.845,0.9428875512395734,4.6000000000000005,9.77
79.924,1,-35.3605076,149.1643975,99.86200000000001,0.6999944984096955,4.59,9.76
80.024,1,-35.3605035,149.1644081,99.874,0.4592467653094364,4.59,9.75
80.124,1,-35.3604994,149.1644188,99.879,0.29689431599657046,4.6000000000000005,9.75
80.224,1,-35.360495199999995,149.1644294,99.876,0.22435530577265497,4.6000000000000005,9.75
80.324,1,-35.3604911,149.1644401,99.87,0.17956273843272624,4.6000000000000005,9.75
80.424,1,-35.360487,149.1644507,99.863,0.15006948800872194,4.6000000000000005,9.75
80.524,1,-35.3604828,149.1644614,99.85600000000001,0.11527650437667698,4.6000000000000005,9.75
80.624,1,-35.3604787,149.16447209999998,99.851,0.10192679292218128,4.6000000000000005,9.75
80.724,1,-35.360474599999996,149.16448269999998,99.85000000000001,0.12166905451170645,4.61,9.75
80.824,1,-35.3604704,149.1644934,99.851,0.1393777206573529,4.6000000000000005,9.76
80.925,1,-35.3604663,149.1645041,99.855,0.13658367969892843,4.61,9.76
81.025,1,-35.3604621,149.1645149,99.85900000000001,0.09892919365019193,4.61,9.76
81.125,1,-35.3604579,149.16452569999998,99.86200000000001,0.07797982952699922,4.62,9.76
81.224,1,-35.3604537,149.1645365,99.86500000000001,0.05967568294351875,4.62,9.77
81.324,1,-35.3604495,149.16454729999998,99.867,0.055756908597970216,4.63,9.78
81.424,1,-35.360445299999995,149.1645582,99.867,0.08877056125016074,4.64,9.790000000000001
81.524,1,-35.360441099999996,149.1645691,99.863,0.12213270696247396,4.64,9.8
81.624,1,-35.360436799999995,149.16458,99.858,0.19980713898816635,4.65,9.81
81.724,1,-35.360432599999996,149.1645909,99.854,0.20941218588998933,4.65,9.82
81.824,2,-35.360428399999996,149.16460179999999,99.852,0.2582988379875325,4.65,9.83
81.924,2,-35.3604242,149.1646126,99.85300000000001,0.2864563995626158,4.65,9.83
82.024,2,-35.36042,149.16462339999998,99.857,-0.12906237410248825,4.63,9.84
82.124,2,-35.3604159,149.1646342,99.864,-1.9440859215274264,4.62,9.84
82.224,2,-35.3604117,149.164645,99.871,-5.793102637948124,4.67,9.81
82.324,2,-35.3604075,149.1646557,99.879,-11.183307784682828,4.83,9.700000000000001
82.424,2,-35.360403,149.1646662,99.886,-17.041627630147172,5.09,9.51
82.524,2,-35.3603983,149.1646764,99.887,-22.18292958446921,5.42,9.28
82.624,2,-35.3603933,149.1646864,99.879,-25.713742941941234,5.78,9.03
82.724,2,-35.3603879,149.1646961,99.864,-27.288082762608955,6.15,8.78
82.824,2,-35.3603822,149.1647056,99.848,-27.00585251591486,6.5200000000000005,8.53
82.924,2,-35.3603762,149.16471479999998,99.842,-25.29269080791392,6.8500000000000005,8.290000000000001
83.025,2,-35.3603698,149.1647238,99.85000000000001,-22.513544891243676,7.13,8.08
83.125,2,-35.3603632,149.16473259999998,99.876,-19.171565773754995,7.33,7.9
83.22500000000001,2,-35.3603565,149.16474119999998,99.912,-15.568816863944397,7.46,7.78
83.324,2,-35.3603497,149.1647497,99.955,-12.066806414202317,7.53,7.69
83.424,2,-35.3603428,149.1647582,99.998,-8.906475323916478,7.55,7.640000000000001
83.524,2,-35.360335899999995,149.1647666,100.032,-6.248042755542455,7.55,7.61
83.624,2,-35.3603291,149.16477509999999,100.055,-4.133954065903646,7.54,7.6000000000000005
83.724,2,-35.3603223,149.1647835,100.059,-2.596351698347308,7.53,7.6000000000000005
83.824,2,-35.3603155,149.16479189999998,100.048,-1.5814311578517815,7.5200000000000005,7.59
83.924,2,-35.3603087,149.1648002,100.024,-0.9627691646964227,7.51,7.58
84.024,2,-35.360302,149.1648086,99.994,-0.6792162091808704,7.51,7.57
84.124,2,-35.3602953,149.1648169,99.964,-0.6108720556852535,7.51,7.5600000000000005
84.224,2,-35.3602886,149.1648251,99.938,-0.583727816706565,7.51,7.55
84.324,2,-35.3602819,149.1648334,99.922,-0.5372413891328995,7.5,7.54
84.424,2,-35.3602752,149.1648416,99.916,-0.49365192226267157,7.5,7.53
84.524,2,-35.3602685,149.1648499,99.921,-0.44830090691681496,7.49,7.5200000000000005
84.624,2,-35.3602619,149.1648581,99.934,-0.40459842176016436,7.48,7.5200000000000005
84.724,2,-35.3602552,149.1648663,99.953,-0.3707323695036842,7.47,7.51
84.824,2,-35.3602485,149.1648745,99.96900000000001,-0.32847783109022344,7.46,7.49
84.924,2,-35.3602419,149.1648827,99.979,-0.3038157255445999,7.46,7.48
85.024,2,-35.3602352,149.1648909,99.982,-0.33247634656031055,7.46,7.48
85.125,2,-35.3602285,149.16489919999998,99.976,-0.3213329196098612,7.46,7.47
85.22500000000001,2,-35.3602218,149.1649074,99.965,-0.27879506174797714,7.46,7.47
85.325,2,-35.3602151,149.1649157,99.949,-0.31174541508842607,7.46,7.48
85.424,2,-35.3602083,149.16492399999998,99.931,-0.5404818870072475,7.47,7.49
85.524,2,-35.360201499999995,149.1649323,99.914,-1.1375387645182395,7.48,7.49
85.624,2,-35.360194799999995,149.1649406,99.9,-2.4230382094791727,7.5,7.48
85.724,2,-35.3601879,149.16494889999998,99.89,-4.504954146806283,7.55,7.44
85.824,2,-35.360181,149.1649572,99.884,-7.232265330978477,7.640000000000001,7.36
85.924,2,-35.3601741,149.16496519999998,99.887,-10.314640910946022,7.7700000000000005,7.24
86.024,2,-35.360167,149.1649731,99.895,-13.542901647622221,7.930000000000001,7.08
86.124,2,-35.3601598,149.1649808,99.903,-16.544970424649694,8.120000000000001,6.88
86.224,2,-35.3601524,149.16498819999998,99.91,-19.144260385000578,8.33,6.66
86.324,2,-35.3601448,149.16499539999998,99.912,-21.179026672713444,8.56,6.43
86.424,2,-35.360137099999996,149.1650023,99.911,-22.635987984947203,8.78,6.19
86.524,2,-35.3601291,149.1650089,99.91,-23.584873722938518,9.02,5.94
86.624,2,-35.3601209,149.1650153,99.908,-24.150491933391027,9.25,5.69
86.724,2,-35.3601124,149.1650213,99.91,-24.384666676632207,9.48,5.43
86.824,2,-35.3601038,149.1650271,99.914,-24.42179216986581,9.71,5.17
86.924,2,-35.360095,149.1650326,99.919,-24.343557475565195,9.92,4.9
87.024,2,-35.360085999999995,149.1650378,99.926,-24.190689304203847,10.120000000000001,4.64
87.125,2,-35.3600768,149.1650427,99.936,-23.97977818527573,10.32,4.37
87.22500000000001,2,-35.3600674,149.1650474,99.94800000000001,-23.671934729194085,10.51,4.09
87.325,2,-35.3600577,149.1650517,99.962,-23.304291259381685,10.69,3.81
87.425,2,-35.360048,149.1650558,99.979,-22.86695595437306,10.86,3.5500000000000003
87.524,2,-35.360037999999996,149.16505949999998,99.995,-22.367025380715855,11.01,3.29
87.624,2,-35.3600279,149.165063,100.009,-21.807463840509854,11.16,3.04
87.724,2,-35.3600177,149.16506619999998,100.02,-21.153104397265952,11.290000000000001,2.8000000000000003
87.824,2,-35.3600074,149.1650692,100.027,-20.384438323167302,11.41,2.57
87.924,2,-35.359997,149.1650719,100.031,-19.533815101670378,11.52,2.34
88.024,2,-35.3599865,149.1650743,100.035,-18.640547594090478,11.620000000000001,2.13
88.124,2,-35.359975999999996,149.1650766,100.039,-17.733824613845652,11.700000000000001,1.93
88.224,2,-35.3599654,149.1650785,100.042,-16.830006171545374,11.77,1.74
88.324,2,-35.3599549,149.1650803,100.044,-15.937266296078857,11.84,1.56
88.424,2,-35.359944299999995,149.1650819,100.044,-15.025058673930513,11.9,1.3900000000000001
88.524,2,-35.3599336,149.1650833,100.041,-14.123933033710513,11.950000000000001,1.22
88.624,2,-35.3599229,149.1650846,100.034,-13.253869386288438,12.0,1.07
88.724,2,-35.3599122,149.1650856,100.025,-12.393301409359974,12.040000000000001,0.93
88.824,2,-35.3599014,149.1650866,100.018,-11.504877359675259,12.08,0.8
88.924,2,-35.3598906,149.1650874,100.012,-10.660065775388368,12.11,0.67
89.024,2,-35.3598798,149.165088,100.006,-9.815126978828186,12.14,0.56
89.124,2,-35.359868999999996,149.1650886,100.0,-8.96076593630797,12.16,0.46
89.22500000000001,2,-35.3598581,149.165089,99.993,-8.145545292826514,12.18,0.37
89.325,2,-35.359846999999995,149.1650894,99.986,-7.358156816439213,12.200000000000001,0.29
89.425,2,-35.359836,149.1650896,99.98,-6.60870705268357,12.22,0.21
89.525,2,-35.3598249,149.1650898,99.97500000000001,-5.913725913124664,12.24,0.15
89.624,2,-35.3598138,149.16509,99.96900000000001,-5.276740763581983,12.26,0.1
89.724,2,-35.359802699999996,149.1650901,99.961,-4.710813487069529,12.27,0.05
89.824,2,-35.3597916,149.1650901,99.95400000000001,-4.159252232815727,12.290000000000001,0.0
89.924,2,-35.3597804,149.1650901,99.946,-3.6459327808380038,12.3,-0.03
90.024,2,-35.359769299999996,149.16509,99.938,-3.2267817872774813,12.31,-0.06
90.124,2,-35.3597582,149.1650899,99.929,-2.7835787094415814,12.32,-0.1
90.224,2,-35.3597471,149.1650898,99.919,-2.3713001668465608,12.33,-0.12
90.324,2,-35.3597361,149.16508969999998,99.912,-1.979400133970508,12.33,-0.14
90.424,2,-35.3597251,149.1650896,99.909,-1.6328489286453434,12.33,-0.16
90.524,2,-35.359714,149.1650894,99.91,-1.3642095844608082,12.32,-0.17
90.624,2,-35.359702999999996,149.16508919999998,99.913,-1.0932797790267916,12.32,-0.18
90.724,2,-35.359691999999995,149.165089,99.917,-0.8348007147586207,12.31,-0.2
90.824,2,-35.359681,149.1650888,99.919,-0.6087772686833224,12.31,-0.21
90.924,2,-35.35967,149.1650886,99.919,-0.43625808279089245,12.31,-0.2
91.024,2,-35.359659,149.1650884,99.916,-0.2515674997974998,12.3,-0.2
91.124,2,-35.359648,149.1650881,99.911,-0.0752705589534983,12.3,-0.2
91.224,2,-35.359637,149.1650879,99.905,0.03996322339033304,12.3,-0.2
91.325,2,-35.3596259,149.1650877,99.9,0.17096866624977092,12.3,-0.2
91.425,2,-35.359614799999996,149.1650875,99.896,0.34823391314064733,12.290000000000001,-0.2
91.525,2,-35.3596037,149.16508729999998,99.894,0.5009633729649058,12.290000000000001,-0.19
91.625,2,-35.3595925,149.1650871,99.892,0.5860874869822458,12.290000000000001,-0.18
91.724,2,-35.359581299999995,149.1650869,99.89,0.667393845418666,12.3,-0.16
91.824,2,-35.3595702,149.1650867,99.887,0.677992217937263,12.3,-0.15
91.924,2,-35.359559,149.1650866,99.884,0.6732688219610818,12.31,-0.13
92.024,2,-35.3595478,149.1650864,99.882,0.6480528841233055,12.31,-0.13
92.124,2,-35.3595365,149.16508629999998,99.883,0.6566903520198742,12.31,-0.11
92.224,2,-35.359525399999995,149.1650862,99.887,0.6863948447202597,12.31,-0.11
92.324,2,-35.3595143,149.165086,99.893,0.6879603454223677,12.3,-0.1
92.424,2,-35.3595032,149.16508589999998,99.899,0.6543778527381489,12.3,-0.1
92.524,2,-35.3594922,149.16508579999999,99.903,0.5797969894783698,12.3,-0.09
92.624,2,-35.359481099999996,149.1650857,99.905,0.5062665879685976,12.3,-0.09
92.724,2,-35.359470099999996,149.1650856,99.905,0.4322521501622535,12.3,-0.09
92.824,2,-35.359459099999995,149.1650855,99.902,0.3608239261325378,12.3,-0.1
92.924,2,-35.3594481,149.16508539999998,99.896,0.3337504970056353,12.3,-0.09
93.024,2,-35.359437,149.1650853,99.892,0.34415965193988185,12.3,-0.08
93.124,2,-35.359426,149.1650852,99.89,0.40468267854687884,12.290000000000001,-0.08
93.224,2,-35.359415,149.1650851,99.891,0.5242377228094003,12.290000000000001,-0.07
93.324,2,-35.359404,149.165085,99.897,0.5780048652340348,12.280000000000001,-0.06
93.425,2,-35.359392899999996,149.16508489999998,99.904,0.6011226543361479,12.27,-0.05
93.525,2,-35.3593817,149.16508489999998,99.912,0.6127260785189418,12.27,-0.05
93.625,2,-35.3593706,149.1650848,99.92,0.6078031663138022,12.280000000000001,-0.04
93.724,2,-35.3593595,149.1650847,99.927,0.5829840731389742,12.280000000000001,-0.03
93.824,2,-35.3593483,149.1650847,99.932,0.4961737561702872,12.290000000000001,-0.03
93.924,2,-35.3593371,149.1650846,99.934,0.4217740530060722,12.290000000000001,-0.03
94.024,2,-35.3593259,149.1650846,99.933,0.36865295042738555,12.3,-0.02
94.124,2,-35.3593147,149.1650846,99.932,0.2854420897904425,12.3,-0.02
94.224,2,-35.359303499999996,149.1650845,99.932,0.242898575678152,12.31,-0.01
94.324,2,-35.3592924,149.1650845,99.934,0.24431365213596112,12.31,0.0
94.424,2,-35.3592814,149.1650845,99.94,0.23311745130200284,12.31,0.0
94.524,2,-35.3592703,149.1650845,99.949,0.19055439377734115,12.31,0.0
94.624,2,-35.3592593,149.16508439999998,99.95700000000001,0.15466357729813565,12.31,0.0
94.724,2,-35.359248199999996,149.16508439999998,99.964,0.16253745138983808,12.31,0.0
94.824,2,-35.359237199999995,149.16508439999998,99.97,0.18660847876799105,12.3,0.0
94.924,2,-35.3592262,149.16508439999998,99.97500000000001,0.20556278732330535,12.3,0.0
95.024,2,-35.3592152,149.16508439999998,99.97800000000001,0.21517723907545033,12.3,0.0
95.124,2,-35.3592042,149.1650843,99.979,0.21077970448765962,12.290000000000001,0.0
95.224,2,-35.3591931,149.1650843,99.979,0.2215554885019051,12.290000000000001,0.01
95.324,2,-35.3591821,149.1650843,99.977,0.22872123739532116,12.290000000000001,0.01
95.424,2,-35.3591711,149.16508439999998,99.976,0.23347000645705188,12.290000000000001,0.02
95.525,2,-35.359159999999996,149.16508439999998,99.97500000000001,0.2361719866040266,12.280000000000001,0.02
95.625,2,-35.359148999999995,149.1650843,99.976,0.234326928393624,12.280000000000001,0.02
95.72500000000001,2,-35.3591378,149.1650843,99.979,0.1647527271975965,12.280000000000001,0.03
95.824,2,-35.3591267,149.1650843,99.98100000000001,0.032870985741880555,12.290000000000001,0.03
95.924,2,-35.3591155,149.1650843,99.983,-0.09547910768590247,12.290000000000001,0.02
96.024,2,-35.3591044,149.16508439999998,99.983,-0.12460838373233912,12.3,0.02
96.124,2,-35.359093099999996,149.16508439999998,99.983,-0.15261534764035162,12.3,0.03
96.224,2,-35.359082,149.16508439999998,99.98400000000001,-0.166633483818583,12.31,0.02
96.324,2,-35.3590709,149.16508439999998,99.985,-0.14509268134216272,12.31,0.02
96.424,2,-35.3590598,149.16508439999998,99.988,-0.1185125866404482,12.3,0.02
96.524,2,-35.359048699999995,149.16508439999998,99.991,-0.10757766722266934,12.3,0.01
96.624,2,-35.3590377,149.16508439999998,99.995,-0.11829815605310683,12.290000000000001,0.01
96.724,2,-35.3590267,149.16508439999998,100.0,-0.11168259757363379,12.290000000000001,0.01
96.824,2,-35.3590156,149.16508439999998,100.005,-0.09470989765126944,12.280000000000001,0.0
96.924,2,-35.3590046,149.16508439999998,100.007,-0.09101346463950334,12.290000000000001,0.0
97.024,2,-35.3589936,149.16508439999998,100.006,-0.09311364775768309,12.280000000000001,0.0
97.124,2,-35.3589826,149.16508439999998,100.005,-0.055921316720779844,12.280000000000001,-0.01
97.224,2,-35.3589716,149.1650843,100.006,0.0008758703545895598,12.280000000000001,-0.01
97.324,2,-35.358960599999996,149.1650843,100.007,0.056436138894416246,12.280000000000001,-0.01
97.424,2,-35.358949599999995,149.1650843,100.008,0.09796663723521598,12.27,0.0
97.525,2,-35.3589385,149.1650843,100.01,0.14337779693238706,12.27,0.0
97.625,2,-35.3589274,149.1650843,100.011,0.17785125577732236,12.27,0.0
97.72500000000001,2,-35.3589163,149.1650842,100.01,0.19067668351195347,12.280000000000001,0.0
97.825,2,-35.358905199999995,149.1650842,100.007,0.18896291968008852,12.280000000000001,0.0
97.924,2,-35.358894,149.1650842,100.003,0.19742302944186166,12.290000000000001,0.0
98.024,2,-35.3588829,149.1650842,100.0,0.18326095236295756,12.290000000000001,0.0
98.124,2,-35.3588716,149.1650842,99.998,0.15749759887558848,12.3,0.0
98.224,2,-35.3588605,149.1650842,99.999,0.1575052561579783,12.31,0.0
98.324,2,-35.358849299999996,149.1650842,100.002,0.1611160516709614,12.31,0.0
98.424,2,-35.3588381,149.1650842,100.005,0.13140156715087217,12.32,0.0
98.524,2,-35.358827,149.1650842,100.009,0.12429015294591207,12.32,0.0
98.624,2,-35.358815899999996,149.1650842,100.012,0.15766930075997762,12.32,0.01
98.724,2,-35.358804899999996,149.1650841,100.015,0.20380722860341374,12.32,0.01
98.824,2,-35.3587938,149.1650841,100.018,0.22900340958540732,12.32,0.02
98.924,2,-35.3587828,149.1650841,100.019,0.2299180946452337,12.32,0.02
99.024,2,-35.3587718,149.1650841,100.018,0.22721339309476152,12.32,0.02
99.124,2,-35.3587608,149.1650841,100.015,0.1925224887742965,12.31,0.03
99.224,2,-35.3587498,149.1650841,100.011,0.14860315845171126,12.31,0.03
99.324,2,-35.3587388,149.1650841,100.008,0.09700402078928054,12.31,0.03
99.424,2,-35.3587278,149.1650842,100.007,0.10947505908954451,12.31,0.03
99.524,2,-35.358716699999995,149.1650842,100.01,0.10391645237381111,12.3,0.03
99.625,2,-35.3587057,149.1650842,100.014,0.06940121198106239,12.3,0.03
99.72500000000001,2,-35.3586945,149.1650842,100.019,0.06640996265056703,12.3,0.03
99.825,2,-35.3586834,149.1650842,100.023,0.03861944703714584,12.290000000000001,0.03
99.925,2,-35.358672299999995,149.1650842,100.026,0.0019153221556506047,12.290000000000001,0.03
100.024,2,-35.3586611,149.1650843,100.027,-0.03462489027533256,12.290000000000001,0.03
100.124,2,-35.358649899999996,149.1650843,100.027,-0.06501075437638629,12.3,0.03
100.224,2,-35.3586388,149.1650843,100.022,-0.07142198080992751,12.3,0.03
100.324,2,-35.3586276,149.1650843,100.015,-0.10223785334400115,12.31,0.02
100.424,2,-35.3586165,149.1650843,100.009,-0.11322065745714281,12.31,0.03
100.524,2,-35.3586054,149.1650843,100.006,-0.13627371984469944,12.31,0.03
100.624,2,-35.3585944,149.1650843,100.006,-0.10039084746246806,12.31,0.03
100.724,2,-35.3585833,149.16508439999998,100.009,-0.05977214602533196,12.31,0.02
100.824,2,-35.3585723,149.16508439999998,100.012,-0.017661051589601382,12.3,0.02
100.924,2,-35.3585613,149.16508439999998,100.014,-0.009782535103697457,12.3,0.02
101.024,2,-35.3585504,149.16508439999998,100.016,-0.010633151288231907,12.3,0.02
101.124,2,-35.3585394,149.16508439999998,100.016,-0.018715538748948133,12.3,0.02
101.224,2,-35.3585284,149.16508439999998,100.014,-0.039110070063996305,12.290000000000001,0.02
101.324,2,-35.3585174,149.16508439999998,100.01,-0.01824948339227389,12.290000000000001,0.03
101.424,2,-35.358506399999996,149.1650845,100.003,0.004363440754728525,12.290000000000001,0.03
101.524,2,-35.358495399999995,149.1650845,99.998,0.04415316425005902,12.290000000000001,0.03
101.624,2,-35.3584844,149.1650845,99.994,0.04315674036876399,12.290000000000001,0.03
101.72500000000001,2,-35.3584734,149.1650845,99.993,0.012738933127148553,12.280000000000001,0.03
101.825,2,-35.3584623,149.1650846,99.993,-0.025585725213255788,12.280000000000001,0.03
101.925,2,-35.3584512,149.1650846,99.994,-0.05651834128829441,12.280000000000001,0.03
102.025,2,-35.358440099999996,149.1650846,99.995,-0.09331761961785788,12.290000000000001,0.02
102.124,2,-35.3584289,149.1650846,99.996,-0.13149348121997645,12.290000000000001,0.02
102.224,2,-35.3584178,149.1650847,99.996,-0.16172564605438505,12.3,0.02
102.324,2,-35.358406599999995,149.1650847,99.994,-0.184338948313056,12.31,0.02
102.424,2,-35.3583955,149.1650847,99.991,-0.17832656757444648,12.31,0.02
102.524,2,-35.3583843,149.1650847,99.98700000000001,-0.1782878676158875,12.32,0.01
102.624,2,-35.3583731,149.1650847,99.98100000000001,-0.17485969962192288,12.33,0.01
102.724,2,-35.358362,149.1650848,99.974,-0.16659498396322234,12.34,0.01
102.824,2,-35.3583509,149.1650848,99.968,-0.16235506399465757,12.34,0.01
102.924,2,-35.3583399,149.1650848,99.96600000000001,-0.12401511776990005,12.34,0.0
103.024,2,-35.358328799999995,149.1650848,99.968,-0.10352410336271885,12.34,0.0
103.124,2,-35.3583178,149.1650848,99.974,-0.07140437839858019,12.34,0.0
103.224,2,-35.3583067,149.1650848,99.98100000000001,-0.0411646996890739,12.34,0.0
103.324,2,-35.3582957,149.1650848,99.988,-0.01715239592952716,12.34,0.0
103.424,2,-35.3582847,149.1650848,99.994,0.0048736768131879705,12.34,0.0
103.524,2,-35.3582736,149.1650848,99.999,-0.006265308263139898,12.34,-0.01
103.624,2,-35.358262599999996,149.1650848,100.002,0.008662814301691798,12.34,-0.01
103.724,2,-35.358251599999996,149.1650848,100.003,0.03296761224130574,12.34,0.0
103.825,2,-35.3582405,149.1650848,100.001,0.07053039432929623,12.33,0.0
103.925,2,-35.3582293,149.1650848,99.995,0.10437576258517464,12.34,0.0
104.025,2,-35.358218099999995,149.1650848,99.989,0.11500324344902359,12.34,0.0
104.125,2,-35.3582069,149.1650848,99.983,0.10641165921583429,12.35,0.0
104.224,2,-35.358195699999996,149.1650848,99.98,0.12940399028269467,12.35,0.0
104.324,2,-35.3581845,149.1650848,99.979,0.1409901122089387,12.35,0.0
104.424,2,-35.3581733,149.1650848,99.982,0.13315444448790603,12.35,0.0
104.524,2,-35.3581621,149.1650848,99.98700000000001,0.07709765456679654,12.36,0.0
104.624,2,-35.3581509,149.1650848,99.994,0.056241285069979156,12.35,0.0
104.724,2,-35.3581398,149.1650848,99.999,0.02593516042593735,12.35,0.0
104.824,2,-35.3581287,149.1650848,100.004,0.011573123555985183,12.35,0.0
104.924,2,-35.3581176,149.1650848,100.006,0.0005338548017497867,12.34,0.0
105.024,2,-35.3581066,149.1650848,100.005,0.005942502200459122,12.34,0.0
105.124,2,-35.3580956,149.1650848,100.002,0.043636027549428476,12.34,0.0
105.224,2,-35.3580845,149.1650848,100.0,0.06522128962146664,12.33,0.01
105.324,2,-35.358073499999996,149.1650848,99.998,0.08719523548101414,12.33,0.0
105.424,2,-35.358062499999996,149.1650848,99.998,0.07377682192842164,12.32,0.0
105.524,2,-35.358051499999995,149.1650848,100.002,0.07473483600079527,12.32,0.0
105.624,2,-35.3580405,149.1650848,100.006,0.11374187292796618,12.31,0.0
105.724,2,-35.3580294,149.1650848,100.01,0.1285113565953254,12.31,0.0
105.824,2,-35.3580184,149.1650848,100.013,0.06381330348698537,12.3,0.0
105.925,2,-35.3580073,149.1650848,100.015,0.004456304063379925,12.3,0.0
106.025,2,-35.357996299999996,149.1650848,100.016,-0.0485089706508892,12.3,-0.01
106.125,2,-35.3579852,149.1650848,100.017,-0.06445596825898804,12.3,-0.01
106.224,2,-35.3579741,149.1650848,100.015,-0.05840232624088078,12.3,-0.01
106.324,2,-35.3579629,149.1650848,100.014,-0.01754717619447927,12.31,-0.01
106.424,2,-35.3579517,149.1650848,100.012,0.0023422767220466732,12.31,-0.01
106.524,2,-35.3579405,149.1650848,100.009,0.03306321154431278,12.32,-0.02
106.624,2,-35.357929299999995,149.1650847,100.008,0.04744619588407786,12.33,-0.02
106.724,2,-35.3579181,149.1650847,100.011,0.08472210669187451,12.33,-0.01
106.824,2,-35.357906899999996,149.1650847,100.016,0.13729324564024284,12.34,-0.01
106.924,2,-35.3578958,149.1650847,100.023,0.17666920616408702,12.34,-0.01
107.024,2,-35.3578847,149.1650847,100.03,0.1961383135476646,12.33,-0.01
107.124,2,-35.3578736,149.1650847,100.034,0.1959044729500842,12.33,0.0
107.224,2,-35.3578626,149.1650847,100.036,0.20982290437468926,12.32,0.0
107.324,2,-35.3578516,149.1650847,100.035,0.1904686028661061,12.32,0.0
107.424,2,-35.357840599999996,149.1650847,100.032,0.17453789365835215,12.31,0.0
107.524,2,-35.357829599999995,149.1650847,100.029,0.13428183924756804,12.31,0.0
107.624,2,-35.3578186,149.1650847,100.026,0.12024326586267951,12.31,0.0
107.724,2,-35.3578076,149.1650847,100.023,0.12545776844844045,12.31,0.0
107.824,2,-35.3577965,149.1650847,100.019,0.1332825905761231,12.31,0.0
107.924,2,-35.3577855,149.1650847,100.016,0.10492500584397887,12.3,0.0
108.025,2,-35.3577744,149.1650847,100.013,0.05519489542005857,12.3,0.0
108.125,2,-35.357763299999995,149.1650847,100.012,0.05367695591314266,12.31,0.0
108.22500000000001,2,-35.3577522,149.1650847,100.01,0.0909868042233778,12.31,0.01
108.324,2,-35.357741,149.1650847,100.009,0.12046200533889181,12.31,0.01
108.424,2,-35.357729899999995,149.1650847,100.009,0.15350200491219712,12.32,0.02
108.524,2,-35.3577186,149.1650847,100.006,0.15806108948211453,12.33,0.02
108.624,2,-35.3577075,149.1650847,100.003,0.12806508644238704,12.33,0.02
108.724,2,-35.3576963,149.1650847,99.998,0.07385432856724541,12.34,0.02
108.824,2,-35.3576851,149.1650847,99.995,0.012012730272418806,12.35,0.02
108.924,2,-35.357673999999996,149.1650847,99.991,-0.05543625989789654,12.35,0.02
109.024,2,-35.3576629,149.1650847,99.99000000000001,-0.1275544764410757,12.35,0.02
109.124,2,-35.3576518,149.1650847,99.992,-0.16859997798995163,12.34,0.02
109.224,2,-35.3576408,149.1650848,99.997,-0.18041671218217617,12.34,0.02
109.324,2,-35.3576298,149.1650848,100.005,-0.18142958121132147,12.33,0.02
109.424,2,-35.357618699999996,149.1650848,100.013,-0.1460971860576174,12.32,0.02
109.524,2,-35.357607699999996,149.1650848,100.021,-0.15228811220999927,12.32,0.01
109.624,2,-35.357596699999995,149.1650848,100.026,-0.13136668249329486,12.32,0.01
109.724,2,-35.3575857,149.1650848,100.03,-0.11277464076825569,12.31,0.0
109.824,2,-35.3575747,149.1650848,100.031,-0.10127977257056141,12.31,0.0
109.924,2,-35.3575637,149.1650847,100.027,-0.07708304703331771,12.31,0.0
110.025,2,-35.3575527,149.1650847,100.02,-0.05921772676379733,12.31,0.0
110.125,2,-35.357541399999995,149.1650847,100.011,-0.016222141173343287,12.32,0.0
110.22500000000001,2,-35.3575303,149.1650847,100.002,0.015487332213558256,12.32,0.0
110.325,2,-35.3575191,149.1650847,99.996,0.040878422048368473,12.33,0.0
110.424,2,-35.3575079,149.1650847,99.992,0.06542790284385953,12.34,0.0
110.524,2,-35.3574967,149.1650847,99.991,0.06600692812868339,12.34,0.0
110.624,2,-35.357485499999996,149.1650847,99.991,0.09381220135298217,12.35,0.0
110.724,2,-35.3574743,149.1650847,99.992,0.07270384856860156,12.36,0.0
110.824,2,-35.3574631,149.1650847,99.994,0.053551397826290786,12.36,0.0
110.924,2,-35.357451999999995,149.1650847,99.996,0.04918278148571352,12.36,0.0
111.024,2,-35.3574409,149.1650847,99.998,0.028530954143186193,12.36,0.0
111.124,2,-35.3574298,149.1650847,99.998,0.011594211098036935,12.36,0.0
111.224,2,-35.3574187,149.1650847,99.997,0.012648473975048877,12.370000000000001,0.0
111.324,2,-35.357407699999996,149.1650847,99.995,0.02065093354824141,12.370000000000001,0.0
111.424,2,-35.3573966,149.1650847,99.993,0.02298188234485371,12.36,0.0
111.524,2,-35.3573856,149.1650847,99.993,0.06174750476838708,12.36,0.0
111.624,2,-35.3573745,149.1650846,99.994,0.07455517000911219,12.35,0.0
111.724,2,-35.3573635,149.1650846,99.994,0.06691892513554537,12.35,0.0
111.824,2,-35.357352399999996,149.1650846,99.996,0.07595796680064984,12.34,-0.01
111.924,2,-35.357341399999996,149.1650846,99.996,0.07901828508510562,12.34,0.0
112.024,2,-35.3573303,149.1650846,99.994,0.12226956420992545,12.34,0.0
112.125,2,-35.3573193,149.1650846,99.989,0.14089649059254192,12.34,0.0
112.22500000000001,2,-35.3573081,149.1650846,99.982,0.1101665023511959,12.34,0.0
112.325,2,-35.3572969,149.1650845,99.976,0.1252773554048169,12.35,0.0
112.425,2,-35.3572858,149.1650845,99.97200000000001,0.12042921509479047,12.35,0.0
112.524,2,-35.357274499999995,149.1650845,99.96900000000001,0.12967252877486724,12.35,0.0
112.62400000000001,2,-35.3572633,149.1650845,99.971,0.14135970281627308,12.36,0.0
112.724,2,-35.3572521,149.1650845,99.976,0.16232252721460746,12.36,0.0
112.824,2,-35.3572409,149.1650845,99.983,0.18174778531732208,12.36,0.0
112.924,2,-35.3572296,149.1650845,99.99000000000001,0.16228516127737075,12.36,0.0
113.024,2,-35.3572184,149.1650845,99.997,0.11981385773925463,12.36,0.0
113.12400000000001,2,-35.3572073,149.1650845,100.004,0.04454743425185536,12.36,0.0
113.224,2,-35.3571962,149.1650845,100.01,0.04584726460763375,12.36,0.0
113.324,2,-35.357185099999995,149.1650845,100.016,0.06998387914409604,12.35,-0.01
113.424,2,-35.357174,149.1650845,100.02,0.048896597226500645,12.34,-0.01
113.524,2,-35.357163,149.1650845,100.021,0.05665846021787884,12.34,0.0
113.62400000000001,2,-35.357152,149.1650845,100.02,0.0821168364206576,12.33,0.0
113.724,2,-35.357141,149.1650845,100.018,0.13241974558488007,12.32,0.0
113.824,2,-35.35713,149.1650845,100.015,0.173438886872428,12.31,0.0
113.924,2,-35.357118899999996,149.16508439999998,100.011,0.19240416108301134,12.31,0.0
114.024,2,-35.357107899999995,149.16508439999998,100.008,0.19512975340739022,12.31,0.0
114.12400000000001,2,-35.3570969,149.16508439999998,100.005,0.1845308739606907,12.31,0.0
114.22500000000001,2,-35.3570859,149.16508439999998,100.001,0.1766877357202533,12.31,0.0
114.325,2,-35.3570747,149.16508439999998,99.995,0.18317536155492084,12.31,0.0
114.425,2,-35.357063499999995,149.16508439999998,99.989,0.24027351520061926,12.32,0.01
114.525,2,-35.3570524,149.16508439999998,99.985,0.2653577050926084,12.32,0.01
114.62400000000001,2,-35.3570412,149.16508439999998,99.985,0.237404542264523,12.33,0.02
114.724,2,-35.35703,149.16508439999998,99.988,0.17687947460490291,12.33,0.02
114.824,2,-35.3570188,149.16508439999998,99.99000000000001,0.11177521200393226,12.33,0.02
114.924,2,-35.357007599999996,149.16508439999998,99.992,0.01858083594593211,12.34,0.03
115.024,2,-35.3569964,149.16508439999998,99.995,-0.061893239927738264,12.34,0.02
115.12400000000001,2,-35.3569853,149.16508439999998,100.0,-0.09396297244282492,12.34,0.02
115.224,2,-35.3569743,149.1650845,100.004,-0.09172048260009222,12.34,0.02
115.324,2,-35.356963199999996,149.1650845,100.005,-0.10527031726324797,12.34,0.01
115.424,2,-35.356952199999995,149.1650845,100.005,-0.0931713508499778,12.34,0.0
115.524,2,-35.3569411,149.1650845,100.003,0.2995933612966362,12.34,0.0
115.62400000000001,2,-35.3569301,149.16508439999998,99.999,1.7569815336730954,12.34,-0.01
115.724,2,-35.3569191,149.16508439999998,99.995,4.385915902404008,12.32,0.04
115.824,2,-35.3569081,149.1650845,99.992,7.829129095562857,12.27,0.17
115.924,2,-35.3568972,149.1650848,99.989,11.408276286696477,12.19,0.37
116.024,2,-35.3568863,149.16508539999998,99.98400000000001,14.73756576648092,12.1,0.6
116.12400000000001,2,-35.3568755,149.1650862,99.977,17.944006610079867,12.0,0.86
116.224,2,-35.3568648,149.16508729999998,99.967,20.959688807896825,11.89,1.1500000000000001
116.325,2,-35.3568542,149.1650888,99.956,23.464139884074786,11.76,1.49
116.425,2,-35.3568437,149.16509069999998,99.944,25.231818454483474,11.620000000000001,1.87
116.525,2,-35.3568332,149.16509299999998,99.937,26.308394579008176,11.46,2.2600000000000002
116.62400000000001,2,-35.3568229,149.1650958,99.936,26.82582580486625,11.290000000000001,2.66
116.724,2,-35.3568128,149.165099,99.946,27.021838573667274,11.120000000000001,3.0500000000000003
116.824,2,-35.3568028,149.1651027,99.96600000000001,27.076755002141468,10.94,3.42
116.924,2,-35.356792899999995,149.1651067,99.993,27.169088914436287,10.75,3.77
117.024,2,-35.356783199999995,149.1651111,100.023,27.33588554906258,10.57,4.1
117.12400000000001,2,-35.3567737,149.1651159,100.053,27.71731404816736,10.38,4.43
117.224,2,-35.356764399999996,149.1651211,100.08,28.34718214059489,10.18,4.76
117.324,2,-35.356755299999996,149.16512649999999,100.101,29.154614660875236,9.97,5.08
117.424,2,-35.3567464,149.16513229999998,100.116,30.118033333873047,9.75,5.41
117.524,2,-35.3567378,149.16513849999998,100.124,31.20371580810867,9.5,5.75
117.62400000000001,2,-35.3567294,149.165145,100.126,32.34700068270959,9.23,6.11
117.724,2,-35.356721199999996,149.165152,100.124,33.50329706767939,8.94,6.5
117.824,2,-35.3567134,149.1651594,100.12,34.57788048451374,8.61,6.91
117.924,2,-35.3567059,149.16516719999998,100.12,35.48253220989276,8.24,7.34
118.024,2,-35.356698699999995,149.1651755,100.123,36.152864050510736,7.8500000000000005,7.79
118.12400000000001,2,-35.3566918,149.1651844,100.133,36.612716781665604,7.43,8.23
118.224,2,-35.356685399999996,149.1651937,100.151,36.96495305225774,6.99,8.66
118.324,2,-35.356679299999996,149.1652034,100.177,37.18811923810416,6.55,9.06
118.425,2,-35.3566736,149.16521369999998,100.206,37.40322238563537,6.1000000000000005,9.44
118.525,2,-35.356668299999995,149.1652244,100.238,37.52699565867975,5.65,9.81
118.625,2,-35.356663399999995,149.1652355,100.27,37.55994790633048,5.19,10.16
118.724,2,-35.3566589,149.1652471,100.301,37.483951806530335,4.74,10.49
118.824,2,-35.3566548,149.1652589,100.33,37.3065034918934,4.29,10.790000000000001
118.924,2,-35.3566511,149.1652712,100.358,37.07566700360906,3.83,11.07
119.024,2,-35.3566479,149.16528359999998,100.383,36.570673552229586,3.37,11.34
119.12400000000001,2,-35.356645,149.1652964,100.407,35.274481232679584,2.9,11.59
119.224,2,-35.3566426,149.16530939999998,100.431,33.042843279877566,2.46,11.8
119.324,2,-35.3566405,149.1653225,100.459,30.345249821897276,2.06,11.950000000000001
119.424,2,-35.3566388,149.16533569999999,100.491,27.70617400963107,1.73,12.05
119.524,2,-35.3566374,149.165349,100.525,25.288908590661027,1.44,12.11
119.62400000000001,2,-35.3566362,149.1653622,100.554,22.81193195041944,1.17,12.14
119.724,2,-35.3566352,149.16537549999998,100.571,20.186014497589262,0.97,12.15
119.824,2,-35.3566344,149.1653888,100.574,17.69927922457102,0.81,12.14
119.924,2,-35.356633699999996,149.165402,100.562,15.70670130781403,0.68,12.120000000000001
120.024,2,-35.356633099999996,149.16541519999998,100.535,14.364813315169352,0.55,12.11
120.12400000000001,2,-35.3566326,149.1654284,100.497,13.592161825689999,0.42,12.1
120.224,2,-35.3566323,149.1654417,100.452,13.137502599625284,0.27,12.11
120.324,2,-35.356632,149.1654549,100.402,12.862823980832284,0.11,12.13
120.424,2,-35.356632,149.1654682,100.35300000000001,12.551026698994848,-0.05,12.17
120.525,2,-35.356632,149.1654817,100.31,12.072458395740503,-0.22,12.21
120.625,2,-35.3566323,149.1654951,100.279,11.331415314192677,-0.39,12.24
120.72500000000001,2,-35.3566326,149.16550859999998,100.259,10.295676036941835,-0.53,12.27
120.824,2,-35.356633099999996,149.1655222,100.246,9.06801868929739,-0.65,12.290000000000001
120.924,2,-35.356633599999995,149.16553589999998,100.238,7.66584488571724,-0.74,12.31
121.024,2,-35.356634299999996,149.1655495,100.233,6.18289726501252,-0.8,12.31
121.12400000000001,2,-35.356635,149.16556319999998,100.227,4.738210656490919,-0.84,12.31
121.224,2,-35.3566357,149.1655769,100.218,3.3638195011334435,-0.86,12.31
121.324,2,-35.3566365,149.16559039999999,100.20400000000001,2.123201656095487,-0.87,12.3
121.424,2,-35.3566372,149.165604,100.183,1.021198338116414,-0.85,12.290000000000001
121.524,2,-35.356637899999996,149.1656174,100.156,0.08667349307176847,-0.8300000000000001,12.280000000000001
121.62400000000001,2,-35.3566386,149.1656309,100.123,-0.6003863279271088,-0.81,12.27
121.724,3,-35.3566393,149.1656443,100.086,-1.093333353323094,-0.78,12.27
121.824,3,-35.3566399,149.1656578,100.05,-1.449074044567982,-0.75,12.27
121.924,3,-35.3566405,149.1656712,100.019,-1.6574667446830675,-0.71,12.27
122.024,3,-35.3566411,149.1656846,99.994,-1.7814208042970474,-0.68,12.27
122.12400000000001,3,-35.3566417,149.1656981,99.97500000000001,-1.865211537322354,-0.66,12.27
122.224,3,-35.356642199999996,149.1657115,99.96000000000001,-1.9483915020254734,-0.63,12.27
122.324,3,-35.3566427,149.16572499999998,99.94800000000001,-1.996474112791659,-0.59,12.26
122.424,3,-35.3566432,149.16573839999998,99.937,-1.9983865657592625,-0.56,12.27
122.525,3,-35.3566436,149.1657519,99.927,-1.9724984412576216,-0.53,12.27
122.625,3,-35.3566441,149.1657655,99.918,-1.896640012457933,-0.51,12.27
122.72500000000001,3,-35.3566445,149.16577909999998,99.908,-1.8759934178140423,-0.48,12.27
122.825,3,-35.3566449,149.1657927,99.897,-1.9030847228266632,-0.45,12.280000000000001
122.924,3,-35.3566453,149.16580629999999,99.884,-1.9085843057689926,-0.43,12.290000000000001
123.024,3,-35.3566456,149.16582,99.87,-1.8958257258428204,-0.4,12.3
123.12400000000001,3,-35.356646,149.1658337,99.854,-1.855084287773929,-0.37,12.31
123.224,3,-35.3566463,149.1658474,99.84,-1.7892270701881372,-0.34,12.32
123.324,3,-35.3566466,149.1658611,99.825,-1.6992957836555775,-0.32,12.33
123.424,3,-35.3566468,149.16587479999998,99.812,-1.58604836573071,-0.3,12.34
123.524,3,-35.356647099999996,149.1658884,99.803,-1.486389075551054,-0.28,12.34
123.62400000000001,3,-35.3566473,149.165902,99.798,-1.4216900019164025,-0.26,12.34
123.724,3,-35.3566475,149.16591549999998,99.797,-1.3629615808334,-0.24,12.34
123.824,3,-35.356647699999996,149.1659291,99.799,-1.3187145481729996,-0.22,12.34
123.924,3,-35.3566479,149.1659426,99.802,-1.252577933161472,-0.19,12.33
124.024,3,-35.3566481,149.1659561,99.804,-1.1829428739127223,-0.18,12.33
124.12400000000001,3,-35.356648199999995,149.16596959999998,99.806,-1.0678181144614534,-0.16,12.32
124.224,3,-35.3566484,149.16598299999998,99.808,-0.97139313229721,-0.16,12.31
124.324,3,-35.3566485,149.1659965,99.81,-0.8510594464693072,-0.14,12.31
124.424,3,-35.3566487,149.16601,99.813,-0.7507333590719286,-0.13,12.31
124.524,3,-35.356648799999995,149.1660235,99.81400000000001,-0.7178160627798456,-0.13,12.31
124.625,3,-35.356648899999996,149.166037,99.813,-0.7276638081808288,-0.12,12.3
124.72500000000001,3,-35.356649,149.1660508,99.811,-0.6715556184181722,-0.11,12.31
124.825,3,-35.3566491,149.16606439999998,99.81,-0.6190809825722569,-0.11,12.32
124.925,3,-35.3566492,149.1660781,99.809,-0.6034680239032539,-0.1,12.32
125.024,3,-35.3566493,149.1660918,99.807,-0.5621854534251978,-0.09,12.33
125.12400000000001,3,-35.356649399999995,149.1661055,99.806,-0.5389006448535367,-0.07,12.34
125.224,3,-35.356649499999996,149.1661192,99.804,-0.5129892016591826,-0.06,12.34
125.324,3,-35.356649499999996,149.16613289999998,99.804,-0.5100990177840623,-0.05,12.34
125.424,3,-35.3566496,149.1661466,99.805,-0.5286295344457185,-0.04,12.34
125.524,3,-35.3566496,149.1661602,99.808,-0.459134654157513,-0.03,12.34
125.62400000000001,3,-35.3566497,149.1661738,99.812,-0.3764707155822734,-0.03,12.34
125.724,3,-35.3566497,149.1661873,99.816,-0.32836491952550667,-0.04,12.33
125.824,3,-35.3566498,149.1662009,99.821,-0.28357016439060945,-0.04,12.33
125.924,3,-35.3566498,149.1662143,99.825,-0.236525822419545,-0.03,12.32
126.024,3,-35.3566498,149.1662278,99.827,-0.18044494007335535,-0.03,12.32
126.12400000000001,3,-35.3566499,149.1662413,99.828,-0.1939307750635753,-0.03,12.31
126.224,3,-35.3566499,149.1662548,99.828,-0.15306751416753442,-0.03,12.31
126.324,3,-35.3566499,149.16626829999998,99.827,-0.12553009908453383,-0.03,12.31
126.424,3,-35.35665,149.1662818,99.827,-0.14517241579659468,-0.03,12.31
126.524,3,-35.35665,149.1662953,99.82900000000001,-0.15832048992822956,-0.02,12.31
126.62400000000001,3,-35.35665,149.1663088,99.833,-0.1359063970736129,-0.02,12.31
126.72500000000001,3,-35.35665,149.1663223,99.837,-0.1823777235259103,-0.02,12.31
126.825,3,-35.356650099999996,149.1663359,99.84400000000001,-0.22345062587274564,-0.02,12.31
126.925,3,-35.356650099999996,149.1663496,99.851,-0.2061121106233889,-0.02,12.32
127.025,3,-35.356650099999996,149.1663632,99.86,-0.1874067037663834,-0.02,12.32
127.12400000000001,3,-35.356650099999996,149.16637699999998,99.87,-0.14428008893412955,-0.02,12.32
127.224,3,-35.3566502,149.1663907,99.877,-0.13760173807101736,-0.02,12.33
127.324,3,-35.3566502,149.1664044,99.881,-0.14434601626787605,-0.02,12.33
127.424,3,-35.3566502,149.1664181,99.885,-0.1737353731113021,-0.02,12.34
127.524,3,-35.3566502,149.1664319,99.888,-0.19102755780013642,-0.02,12.34
127.62400000000001,3,-35.3566502,149.1664456,99.89,-0.18671788185663027,-0.01,12.34
127.724,3,-35.3566502,149.1664592,99.891,-0.1531127374903593,-0.01,12.34
127.824,3,-35.3566502,149.16647279999998,99.89,-0.15428861058487253,-0.01,12.33
127.924,4,-35.3566502,149.1664864,99.89,-0.1844705228360713,-0.01,12.33
128.024,4,-35.3566503,149.1664999,99.889,-0.2004602624873356,-0.01,12.33
128.124,4,-35.3566503,149.16651339999999,99.889,-0.5475054559081363,-0.02,12.33
128.224,4,-35.3566503,149.16652689999998,99.888,-2.4005167279081134,-0.04,12.33
128.324,4,-35.3566503,149.1665404,99.888,-6.784091369530689,0.0,12.31
128.424,4,-35.3566502,149.1665539,99.889,-13.683175803927712,0.2,12.24
128.524,4,-35.35665,149.1665672,99.89,-21.99623148614879,0.5700000000000001,12.1
128.624,4,-35.3566492,149.1665804,99.886,-30.41097331718572,1.08,11.9
128.724,4,-35.3566479,149.1665933,99.87,-37.585451832691305,1.7,11.67
128.825,4,-35.356646,149.1666061,99.839,-42.69449821865796,2.4,11.42
128.925,4,-35.356643399999996,149.1666186,99.799,-45.461537625024356,3.19,11.15
129.025,4,-35.3566401,149.16663069999998,99.764,-46.29837923232349,4.0600000000000005,10.82
129.124,4,-35.3566358,149.1666425,99.748,-45.891781486127215,4.98,10.42
129.224,4,-35.3566308,149.1666538,99.762,-44.974866156093434,5.89,9.94
129.324,4,-35.3566249,149.1666645,99.815,-44.17116121155262,6.75,9.39
129.424,4,-35.356618399999995,149.1666746,99.9,-43.7123466691516,7.5,8.82
129.524,4,-35.356611099999995,149.166684,100.011,-43.64054430550184,8.15,8.24
129.624,4,-35.3566034,149.1666927,100.134,-43.84613299951923,8.72,7.68
129.724,4,-35.356595299999995,149.1667008,100.26,-44.19634070392787,9.21,7.140000000000001
129.824,4,-35.3565867,149.16670829999998,100.38,-44.510594292545576,9.65,6.640000000000001
129.924,4,-35.3565779,149.1667153,100.48700000000001,-44.72456704376915,10.03,6.17
130.024,4,-35.3565688,149.16672169999998,100.57600000000001,-44.80257121918528,10.35,5.73
130.124,4,-35.3565594,149.1667276,100.644,-44.78554014248985,10.66,5.3
130.224,4,-35.356549699999995,149.1667331,100.693,-44.68016398397489,10.96,4.8500000000000005
130.324,4,-35.3565398,149.1667381,100.72500000000001,-44.53165859594589,11.25,4.37
130.424,4,-35.3565296,149.1667425,100.744,-44.427515286576124,11.540000000000001,3.85
130.524,4,-35.3565192,149.1667463,100.755,-44.374424226157615,11.85,3.2800000000000002
130.624,4,-35.356508399999996,149.16674949999998,100.762,-44.40315883199586,12.15,2.66
130.724,4,-35.356497499999996,149.166752,100.767,-44.515088557019446,12.44,2.0100000000000002
130.824,4,-35.3564862,149.1667537,100.773,-44.61800243233861,12.72,1.32
130.925,4,-35.3564747,149.16675469999998,100.78,-44.66335830352208,12.99,0.59
131.025,4,-35.3564629,149.1667549,100.792,-44.6561114728127,13.23,-0.13
131.125,4,-35.3564509,149.16675419999999,100.806,-44.67388020993848,13.44,-0.85
131.224,4,-35.3564387,149.16675279999998,100.82300000000001,-44.703752042273535,13.620000000000001,-1.57
131.324,4,-35.356426299999995,149.1667505,100.839,-44.75058323431773,13.780000000000001,-2.3000000000000003
131.424,4,-35.3564138,149.16674759999998,100.85600000000001,-44.760073782169464,13.92,-3.0300000000000002
131.524,4,-35.3564012,149.16674369999998,100.872,-44.75937710287412,14.02,-3.75
131.624,4,-35.3563885,149.1667391,100.886,-44.769550669642854,14.1,-4.45
131.724,4,-35.356375799999995,149.16673369999998,100.896,-44.74411163007914,14.15,-5.14
131.824,4,-35.356363099999996,149.1667277,100.902,-44.71138136357644,14.17,-5.83
131.924,4,-35.3563505,149.1667208,100.906,-44.607808375002364,14.17,-6.53
132.024,4,-35.3563379,149.1667132,100.906,-44.294954975164515,14.15,-7.22
132.124,4,-35.3563253,149.16670489999998,100.904,-43.61374264319871,14.11,-7.930000000000001
132.224,4,-35.3563128,149.16669579999999,100.901,-42.403931726081865,14.040000000000001,-8.620000000000001
132.324,4,-35.3563003,149.166686,100.903,-40.6840115458972,13.93,-9.28
132.424,4,-35.356288,149.1666754,100.911,-38.47142299069034,13.8,-9.88
132.524,4,-35.3562758,149.16666429999998,100.927,-35.86293959571662,13.64,-10.4
132.624,4,-35.3562637,149.1666526,100.946,-32.92623146017794,13.48,-10.82
132.724,4,-35.356251799999995,149.1666406,100.961,-29.729419475761414,13.31,-11.16
132.824,4,-35.35624,149.1666282,100.96900000000001,-26.35969442231685,13.14,-11.4
132.925,4,-35.3562284,149.1666156,100.964,-22.923298184836497,12.99,-11.57
133.025,4,-35.3562167,149.1666028,100.943,-19.5743983781713,12.85,-11.68
133.125,4,-35.3562052,149.1665898,100.897,-16.47421478749024,12.73,-11.76
133.225,4,-35.3561938,149.1665768,100.828,-13.690502889359843,12.63,-11.81
133.324,4,-35.3561824,149.16656369999998,100.739,-11.31161886465704,12.540000000000001,-11.86
133.424,4,-35.3561711,149.1665506,100.638,-9.365855918244964,12.46,-11.92
133.524,4,-35.3561598,149.1665373,100.53,-7.783705776261334,12.41,-11.98
133.624,4,-35.3561486,149.1665241,100.424,-6.500867757199178,12.36,-12.040000000000001
133.724,4,-35.3561374,149.1665107,100.325,-5.455529502843529,12.32,-12.1
133.824,4,-35.3561262,149.1664973,100.236,-4.595040926864167,12.290000000000001,-12.16
133.924,4,-35.3561152,149.166484,100.165,-3.8539602792759053,12.26,-12.200000000000001
134.024,4,-35.3561042,149.1664706,100.10900000000001,-3.140550222119247,12.24,-12.23
134.124,4,-35.3560932,149.1664572,100.066,-2.4826303293270646,12.22,-12.25
134.224,4,-35.3560823,149.1664439,100.033,-1.8710031108517016,12.200000000000001,-12.25
134.324,4,-35.3560714,149.1664305,100.004,-1.3297359121724612,12.19,-12.25
134.424,4,-35.3560604,149.16641719999998,99.973,-0.8747908853796635,12.19,-12.25
134.524,4,-35.3560495,149.16640379999998,99.937,-0.5360821246038486,12.19,-12.24
134.624,4,-35.3560386,149.1663905,99.896,-0.29138379407939824,12.200000000000001,-12.24
134.724,4,-35.3560276,149.1663771,99.85000000000001,-0.0971568596121728,12.21,-12.23
134.824,4,-35.3560167,149.1663638,99.8,0.05202718841916021,12.23,-12.23
134.924,4,-35.3560057,149.1663504,99.75,0.2235270119336587,12.25,-12.23
135.025,4,-35.3559947,149.1663371,99.702,0.7769593644940735,12.280000000000001,-12.23
135.125,4,-35.3559834,149.16632339999998,99.658,2.0916508778850824,12.31,-12.22
135.225,4,-35.3559722,149.16630999999998,99.624,4.404154641922058,12.35,-12.17
135.325,4,-35.3559609,149.1662965,99.599,7.827062963338928,12.41,-12.06
135.424,4,-35.355949599999995,149.1662833,99.584,12.114938757283397,12.49,-11.870000000000001
135.524,4,-35.355938099999996,149.16627019999999,99.57300000000001,16.809227028542903,12.58,-11.59
135.624,4,-35.3559266,149.1662576,99.559,21.471799316391454,12.69,-11.26
135.724,4,-35.355914999999996,149.16624529999999,99.539,25.616557887788414,12.82,-10.870000000000001
135.824,4,-35.3559033,149.1662335,99.513,28.997042196723044,12.96,-10.42
135.924,4,-35.3558915,149.16622239999998,99.48400000000001,31.502557074864235,13.11,-9.93
136.024,4,-35.3558796,149.16621179999999,99.45700000000001,33.089753019097216,13.25,-9.4
136.124,4,-35.355867599999996,149.16620179999998,99.437,33.906988568383824,13.38,-8.83
136.224,4,-35.3558555,149.1661925,99.428,34.07203325948801,13.5,-8.24
136.324,4,-35.3558434,149.1661839,99.436,33.766986765871486,13.58,-7.65
136.424,4,-35.355831099999996,149.16617589999998,99.45700000000001,33.15680157108464,13.64,-7.08
136.524,4,-35.355818899999996,149.1661685,99.49000000000001,32.25211569475977,13.67,-6.54
136.624,4,-35.3558066,149.16616159999998,99.534,31.00721809587657,13.67,-6.04
136.724,4,-35.3557943,149.16615529999999,99.58500000000001,29.48474843931322,13.67,-5.62
136.824,4,-35.3557821,149.1661494,99.638,27.789650874119673,13.64,-5.26
136.924,4,-35.3557698,149.1661438,99.687,26.005410802520995,13.6,-4.95
137.024,4,-35.3557576,149.16613859999998,99.729,24.20912910741559,13.56,-4.69
137.125,4,-35.3557455,149.1661335,99.76,22.486758596866178,13.52,-4.48
137.225,4,-35.3557333,149.1661287,99.779,21.005188113052863,13.47,-4.28
137.32500000000002,4,-35.3557211,149.166124,99.784,19.822901150743874,13.43,-4.09
137.425,4,-35.355708899999996,149.16611949999998,99.779,18.972750919846973,13.38,-3.9
137.524,4,-35.3556968,149.1661153,99.764,18.413370379653976,13.34,-3.7
137.624,4,-35.3556847,149.1661112,99.744,18.056334193622607,13.290000000000001,-3.49
137.724,4,-35.3556726,149.1661074,99.723,17.898080418100704,13.24,-3.2600000000000002
137.824,4,-35.3556606,149.1661039,99.705,17.781931343717343,13.19,-3.02
137.924,4,-35.355648699999996,149.1661006,99.69500000000001,17.654167532650376,13.13,-2.7800000000000002
138.024,4,-35.3556368,149.1660976,99.69200000000001,17.463934811434473,13.07,-2.5300000000000002
138.124,4,-35.355624999999996,149.1660948,99.696,17.13203201400146,13.0,-2.29
138.224,4,-35.355613399999996,149.1660924,99.70400000000001,16.598669371904336,12.93,-2.07
138.324,4,-35.355601899999996,149.16609019999999,99.714,15.925670342415469,12.86,-1.87
138.424,4,-35.3555904,149.1660881,99.72500000000001,15.108976085620581,12.8,-1.69
138.524,4,-35.355579,149.1660863,99.735,14.152437120664269,12.73,-1.53
138.624,4,-35.3555676,149.1660846,99.744,13.12119979185011,12.67,-1.3900000000000001
138.724,4,-35.3555564,149.16608309999998,99.75,12.050861337584923,12.620000000000001,-1.27
138.824,4,-35.3555451,149.1660817,99.75,11.06771878581141,12.57,-1.16
138.924,4,-35.3555339,149.1660804,99.746,10.22313259776713,12.530000000000001,-1.06
139.024,4,-35.3555227,149.16607919999998,99.73700000000001,9.468701491672432,12.49,-0.96
139.124,4,-35.3555116,149.1660781,99.726,8.865716170044427,12.450000000000001,-0.87
139.225,4,-35.3555004,149.1660771,99.71600000000001,8.384166489217373,12.42,-0.77
139.32500000000002,4,-35.3554891,149.1660762,99.708,7.958464703912572,12.39,-0.68
139.425,4,-35.3554779,149.1660755,99.70100000000001,7.5694811618121145,12.36,-0.59
139.525,4,-35.3554667,149.1660748,99.69800000000001,7.169819472717989,12.34,-0.51
139.624,4,-35.3554556,149.1660742,99.697,6.76330027369717,12.31,-0.43
139.724,4,-35.355444399999996,149.1660736,99.69800000000001,6.319095505930806,12.290000000000001,-0.35000000000000003
139.824,4,-35.3554333,149.1660732,99.702,5.831078062846571,12.27,-0.29
139.924,4,-35.3554221,149.1660729,99.708,5.366678987025418,12.25,-0.23
140.024,4,-35.355411,149.1660726,99.714,4.965777618596935,12.24,-0.17
140.124,4,-35.355399999999996,149.1660723,99.72200000000001,4.512156581286062,12.22,-0.12
140.224,4,-35.3553891,149.1660722,99.73,4.036785660336929,12.200000000000001,-0.08
140.324,4,-35.355378099999996,149.16607199999999,99.73700000000001,3.5925655246449324,12.18,-0.05
140.424,4,-35.3553673,149.1660719,99.743,3.1923059805550187,12.17,-0.02
140.524,4,-35.3553564,149.1660718,99.746,2.849623650507843,12.16,0.0
140.624,4,-35.3553455,149.1660718,99.746,2.511513491779756,12.14,0.02
140.724,4,-35.3553347,149.1660717,99.746,2.2533976548372125,12.13,0.05
140.824,4,-35.3553238,149.16607159999998,99.744,2.0205466876345457,12.13,0.07
140.924,4,-35.355312999999995,149.1660717,99.741,1.7878262410780499,12.120000000000001,0.08
141.024,4,-35.3553022,149.1660717,99.74000000000001,1.5743618053391126,12.11,0.09
141.124,4,-35.3552913,149.1660717,99.74000000000001,1.4042662960654058,12.11,0.1
141.224,4,-35.3552805,149.1660718,99.741,1.2547908077308503,12.11,0.11
141.32500000000002,4,-35.3552696,149.1660719,99.741,1.132252091378944,12.1,0.12
141.425,4,-35.3552587,149.16607199999999,99.738,0.9905532003012709,12.1,0.13
141.525,4,-35.3552478,149.16607209999998,99.736,0.8931277555061793,12.11,0.13
141.624,4,-35.3552368,149.1660722,99.736,0.7824095352866264,12.11,0.13
141.724,4,-35.3552258,149.1660723,99.74000000000001,0.641914038163345,12.120000000000001,0.13
141.824,4,-35.3552148,149.1660724,99.747,0.5021927002938023,12.13,0.13
141.924,4,-35.3552038,149.16607249999998,99.753,0.410152939700545,12.13,0.13
142.024,4,-35.3551928,149.1660727,99.758,0.35603113436717226,12.14,0.13
142.124,4,-35.355181699999996,149.1660728,99.76,0.3107132827913872,12.15,0.14
142.224,4,-35.355170699999995,149.1660729,99.762,0.24985963233987926,12.15,0.14
142.324,4,-35.3551597,149.16607299999998,99.764,0.20364625225045566,12.16,0.15
142.424,4,-35.355148799999995,149.1660732,99.766,0.1388807310137419,12.16,0.15
142.524,4,-35.355137899999995,149.1660733,99.767,0.06920801901317152,12.16,0.14
142.624,4,-35.355126999999996,149.16607349999998,99.769,0.012780546254770053,12.17,0.14
142.724,4,-35.3551161,149.1660736,99.773,-0.034667792401056705,12.17,0.14
142.824,4,-35.3551052,149.1660738,99.778,-0.05130698365780071,12.18,0.14
142.924,4,-35.3550944,149.1660739,99.782,-0.07377012514138385,12.18,0.14
143.024,4,-35.3550835,149.1660741,99.788,-0.10736339004778003,12.18,0.13
143.124,4,-35.3550726,149.1660742,99.793,-0.12745681274007245,12.18,0.13
143.224,4,-35.3550617,149.16607439999999,99.795,-0.16343089883021392,12.19,0.13
143.324,4,-35.3550508,149.16607449999998,99.795,-0.22202167559318492,12.19,0.13
143.425,4,-35.3550398,149.1660746,99.796,-0.296373273948519,12.19,0.12
143.525,4,-35.3550287,149.1660748,99.8,-0.3437992527394579,12.200000000000001,0.12
143.625,4,-35.3550177,149.16607489999998,99.804,-0.40110811505300853,12.200000000000001,0.12
143.724,4,-35.355006599999996,149.1660751,99.807,-0.4416261579112729,12.21,0.11
143.824,4,-35.354995599999995,149.1660752,99.81,-0.46476417077663157,12.22,0.11
143.924,4,-35.3549845,149.1660753,99.812,-0.49343981287243094,12.24,0.1
144.024,4,-35.3549734,149.16607539999998,99.815,-0.5560924444378703,12.25,0.09
144.124,4,-35.354962199999996,149.1660755,99.819,-0.5879582651237417,12.26,0.08
144.224,4,-35.3549511,149.1660756,99.82300000000001,-0.5425553296680224,12.27,0.08
144.324,4,-35.3549401,149.1660757,99.828,-0.4600457373597692,12.27,0.08
144.424,4,-35.3549291,149.1660758,99.831,-0.41408696857991373,12.27,0.07
144.524,4,-35.3549181,149.16607589999998,99.833,-0.401636227414068,12.27,0.07
144.624,4,-35.3549071,149.166076,99.837,-0.39028029086698135,12.26,0.06
144.724,4,-35.3548962,149.1660761,99.843,-0.4089522938300773,12.26,0.06
144.824,4,-35.3548852,149.1660762,99.85000000000001,-0.39133045913229725,12.25,0.06
144.924,4,-35.3548743,149.1660763,99.857,-0.3613676198626414,12.25,0.06
145.024,4,-35.3548633,149.16607639999998,99.86500000000001,-0.3427093839995913,12.24,0.05
145.124,4,-35.3548524,149.16607639999998,99.874,-0.34130100432881993,12.24,0.05
145.224,4,-35.3548415,149.1660765,99.881,-0.37305570103854635,12.25,0.04
145.324,4,-35.3548305,149.1660766,99.885,-0.42316445006941933,12.25,0.04
145.425,4,-35.3548195,149.1660766,99.888,-0.4389969619676411,12.25,0.03
145.525,4,-35.354808399999996,149.1660767,99.889,-0.4286954091932487,12.26,0.03
145.625,4,-35.3547973,149.1660767,99.887,-0.4619212646171724,12.26,0.04
145.725,4,-35.3547862,149.16607679999998,99.882,-0.48098389570385486,12.280000000000001,0.04
145.824,4,-35.354775,149.1660769,99.876,-0.4695362852115019,12.290000000000001,0.03
145.924,4,-35.3547639,149.1660769,99.871,-0.4407506663978948,12.3,0.03
146.024,4,-35.3547527,149.166077,99.87,-0.3996121435422171,12.3,0.02
146.124,4,-35.354741499999996,149.166077,99.874,-0.3454762509436811,12.31,0.02
146.224,4,-35.3547304,149.166077,99.881,-0.3322296326569703,12.32,0.01
146.324,4,-35.3547193,149.1660771,99.889,-0.31446284320231266,12.32,0.01
146.424,4,-35.3547082,149.1660771,99.899,-0.3172699442294821,12.32,0.0
146.524,4,-35.3546972,149.1660771,99.908,-0.30343171416677184,12.31,0.0
146.624,4,-35.354686199999996,149.1660771,99.917,-0.28337721154655654,12.31,0.0
146.724,4,-35.354675199999996,149.1660771,99.925,-0.2539364015007306,12.31,0.0
146.824,4,-35.354664199999995,149.1660772,99.932,-0.20850875997012291,12.3,-0.01
146.924,4,-35.3546532,149.1660772,99.93900000000001,-0.20236013563387018,12.3,-0.01
147.024,4,-35.3546422,149.1660772,99.944,-0.23566964753491332,12.3,-0.01
147.124,4,-35.3546312,149.1660772,99.947,-0.2886107639567995,12.3,-0.01
147.224,4,-35.3546202,149.1660772,99.946,-0.32721587359978427,12.3,-0.02
147.324,4,-35.3546092,149.1660772,99.943,-0.29498837305301956,12.3,-0.02
147.424,4,-35.3545981,149.1660771,99.94200000000001,-0.25435891273391936,12.3,-0.03
147.525,4,-35.354587099999996,149.1660771,99.943,-0.22246634492053655,12.3,-0.03
147.625,4,-35.354576,149.1660771,99.94500000000001,-0.15546376330787173,12.3,-0.04
147.725,4,-35.3545649,149.166077,99.94500000000001,-0.08980612865210441,12.31,-0.04
147.82500000000002,4,-35.3545537,149.166077,99.943,-0.06047237381739049,12.31,-0.04
147.924,4,-35.3545425,149.166077,99.93900000000001,-0.05649543614219107,12.32,-0.04
148.024,4,-35.3545314,149.1660769,99.936,0.0012879985246336077,12.33,-0.04
148.124,4,-35.354520199999996,149.1660769,99.934,0.07499452993160119,12.34,-0.04
148.224,4,-35.354509,149.1660769,99.935,0.1321938424141672,12.34,-0.03
148.324,4,-35.354497699999996,149.16607679999998,99.94,0.1587218169028207,12.35,-0.03
148.424,4,-35.3544865,149.16607679999998,99.94500000000001,0.15556924437382347,12.35,-0.03
148.524,4,-35.3544754,149.16607679999998,99.949,0.12037297275584365,12.35,-0.03
148.624,4,-35.3544643,149.1660767,99.953,0.1337243650772054,12.35,-0.03
148.724,4,-35.354453299999996,149.1660767,99.959,0.11097549290165896,12.34,-0.03
148.824,4,-35.3544422,149.1660767,99.964,0.1304528378669015,12.33,-0.03
148.924,4,-35.3544312,149.1660767,99.96900000000001,0.14530261627764807,12.33,-0.02
149.024,4,-35.3544202,149.1660767,99.971,0.16182585773611383,12.32,-0.02
149.124,4,-35.3544092,149.1660766,99.96900000000001,0.1712373381440757,12.32,-0.01
149.224,4,-35.3543981,149.1660766,99.965,0.18914299921838149,12.31,-0.01
149.324,4,-35.3543871,149.1660766,99.961,0.1913599158723663,12.31,0.0
149.424,4,-35.354376099999996,149.1660766,99.956,0.19447652318651518,12.31,0.0
149.524,4,-35.354365099999995,149.1660766,99.952,0.19407913157482473,12.31,0.0
149.625,4,-35.3543541,149.1660766,99.953,0.16933206221118594,12.3,0.0
149.725,4,-35.3543429,149.1660766,99.95700000000001,0.08827573939119843,12.31,0.0
149.82500000000002,4,-35.3543318,149.1660766,99.96300000000001,0.032420229942246075,12.31,0.0
149.925,4,-35.3543206,149.1660766,99.96900000000001,-0.017453594598722165,12.32,-0.01
150.024,4,-35.3543094,149.1660766,99.97500000000001,-0.03297548963721373,12.32,-0.01
150.124,4,-35.354298199999995,149.1660765,99.98,-0.02865838986504916,12.32,-0.01
150.224,4,-35.354287,149.1660765,99.983,-0.023746339928526147,12.33,-0.01
150.324,4,-35.354275799999996,149.1660765,99.983,-0.011739876221268696,12.34,-0.01
150.424,4,-35.3542646,149.1660765,99.98100000000001,-0.015175321301546273,12.34,-0.02
150.524,4,-35.3542535,149.16607639999998,99.979,-0.04922387267749268,12.34,-0.02
150.624,4,-35.3542424,149.16607639999998,99.977,-0.03478910830010377,12.34,-0.03
150.724,4,-35.354231399999996,149.1660763,99.977,-0.01797060623485374,12.34,-0.03
150.824,4,-35.3542203,149.1660763,99.976,0.04426173357537181,12.34,-0.03
150.924,4,-35.3542093,149.1660763,99.977,0.09510907685153173,12.33,-0.03
151.024,4,-35.3541983,149.1660762,99.979,0.13050110275834118,12.33,-0.03
151.124,4,-35.3541873,149.1660762,99.982,0.2260375333404615,12.32,-0.02
151.224,4,-35.3541762,149.1660761,99.98400000000001,0.3018590097495235,12.32,-0.02
151.324,4,-35.3541652,149.1660761,99.986,0.3550698652827723,12.32,-0.01
151.424,4,-35.354154199999996,149.1660761,99.988,0.3199403881123984,12.31,-0.01
151.524,4,-35.354143199999996,149.166076,99.988,0.26867320164569425,12.31,-0.01
151.624,4,-35.354132199999995,149.166076,99.988,0.2268863711078207,12.3,-0.01
151.725,4,-35.3541212,149.166076,99.989,0.22331817089565761,12.3,0.0
151.82500000000002,4,-35.35411,149.166076,99.99000000000001,0.23036624576823642,12.3,0.0
151.925,4,-35.3540989,149.16607589999998,99.988,0.2338038586331627,12.31,0.0
152.024,4,-35.354087799999995,149.16607589999998,99.985,0.2301863129722889,12.31,0.0
152.124,4,-35.3540766,149.16607589999998,99.985,0.2465835961375061,12.32,0.01
152.224,4,-35.354065399999996,149.16607589999998,99.98400000000001,0.2443489770205748,12.32,0.01
152.324,4,-35.3540542,149.16607589999998,99.98400000000001,0.19977062682457586,12.33,0.01
152.424,4,-35.354043,149.16607589999998,99.98400000000001,0.1782762883108102,12.33,0.01
152.524,4,-35.3540318,149.16607589999998,99.98400000000001,0.1622394443666566,12.34,0.01
152.624,4,-35.3540206,149.16607589999998,99.986,0.12183916891072208,12.34,0.01
152.724,4,-35.3540095,149.16607589999998,99.989,0.11043295309999913,12.34,0.01
152.824,4,-35.3539984,149.16607589999998,99.992,0.13604959092234517,12.34,0.01
152.924,4,-35.3539874,149.16607589999998,99.992,0.1391816328631927,12.34,0.01
153.024,4,-35.3539763,149.16607589999998,99.992,0.12293034499148452,12.33,0.01
153.124,4,-35.3539653,149.16607589999998,99.994,0.06857409208082971,12.32,0.01
153.224,4,-35.3539543,149.16607589999998,99.994,0.023925135471296436,12.32,0.01
153.324,4,-35.3539433,149.16607589999998,99.993,-0.03733839303147838,12.32,0.01
153.424,4,-35.3539323,149.16607589999998,99.992,-0.05871569451958817,12.32,0.0
153.524,4,-35.353921299999996,149.16607589999998,99.99000000000001,-0.036608903481715895,12.31,0.0
153.624,4,-35.3539102,149.16607589999998,99.986,0.04686388890680122,12.31,0.0
153.724,4,-35.3538992,149.16607589999998,99.983,0.1155551280700459,12.31,0.0
153.82500000000002,4,-35.3538881,149.16607589999998,99.979,0.11619500473748502,12.31,0.0
153.925,4,-35.353877,149.16607589999998,99.976,0.11589474321826891,12.31,0.0
154.025,4,-35.3538658,149.16607589999998,99.97500000000001,0.132414169375753,12.32,0.0
154.124,4,-35.3538546,149.16607589999998,99.97500000000001,0.10947392517142059,12.32,0.0
154.224,4,-35.353843499999996,149.16607589999998,99.97500000000001,0.05837018966722734,12.33,0.0
154.324,4,-35.3538323,149.16607589999998,99.976,0.028286414694601223,12.33,0.0
154.424,4,-35.3538211,149.16607589999998,99.97500000000001,0.0313643153800845,12.34,0.0
154.524,4,-35.3538099,149.16607589999998,99.973,0.027022692960963334,12.35,0.0
154.624,4,-35.3537987,149.16607589999998,99.97200000000001,0.025934426714210104,12.35,0.0
154.724,4,-35.353787499999996,149.16607589999998,99.973,0.06258032760977246,12.35,0.0
154.824,4,-35.3537764,149.16607589999998,99.976,0.11993598739130827,12.35,0.01
154.924,4,-35.3537654,149.16607589999998,99.979,0.11423750186982846,12.35,0.01
155.024,4,-35.3537543,149.16607589999998,99.982,0.06823182890028198,12.34,0.0
155.124,4,-35.3537433,149.16607589999998,99.986,0.032619469361780125,12.35,0.0
155.224,4,-35.3537323,149.16607589999998,99.98700000000001,0.019494528827400028,12.35,0.0
155.324,4,-35.353721199999995,149.16607589999998,99.98400000000001,-0.012435148124115005,12.35,0.0
155.424,4,-35.3537102,149.16607589999998,99.97800000000001,-0.0012962809210774083,12.35,0.0
155.524,4,-35.3536991,149.16607589999998,99.97200000000001,0.015738420039308906,12.35,0.0
155.624,4,-35.3536881,149.16607589999998,99.96600000000001,0.007978355475425799,12.35,0.0
155.724,4,-35.353677,149.16607589999998,99.962,0.009250977632573197,12.35,-0.01
155.824,4,-35.353666,149.1660758,99.962,0.03180695365997298,12.35,-0.02
155.925,4,-35.3536548,149.1660758,99.96300000000001,0.06539984837545224,12.35,-0.02
156.025,4,-35.3536437,149.1660758,99.967,0.07161660785073982,12.35,-0.03
156.125,4,-35.353632499999996,149.1660757,99.97200000000001,0.1267198193203722,12.35,-0.03
156.224,4,-35.3536214,149.1660757,99.97500000000001,0.23349188440673707,12.35,-0.03
156.324,4,-35.3536101,149.1660757,99.976,0.3183622142077288,12.36,-0.02
156.424,4,-35.3535989,149.1660756,99.976,0.38007918989815576,12.36,-0.02
156.524,4,-35.3535877,149.1660756,99.976,0.37124700824938883,12.370000000000001,-0.01
156.624,4,-35.353576499999996,149.1660756,99.97500000000001,0.3809723972146936,12.370000000000001,-0.01
156.724,4,-35.3535653,149.1660756,99.974,0.39814282577744453,12.370000000000001,0.0
156.824,4,-35.3535542,149.1660756,99.971,0.3814970944811681,12.370000000000001,0.0
156.924,4,-35.353543099999996,149.1660756,99.97,0.2940373225719482,12.370000000000001,0.0
157.024,4,-35.353532,149.1660756,99.973,0.22950988412061962,12.370000000000001,0.0
157.124,4,-35.3535209,149.1660756,99.98100000000001,0.21836604362356038,12.36,0.0
157.224,4,-35.3535098,149.1660756,99.99000000000001,0.21098295597632039,12.36,0.0
157.324,4,-35.3534988,149.1660756,99.998,0.17733420245302445,12.36,0.0
157.424,4,-35.353487699999995,149.1660756,100.004,0.17997256312314022,12.35,0.0
157.524,4,-35.3534766,149.1660756,100.007,0.23377709816543799,12.34,0.0
157.624,4,-35.3534656,149.1660756,100.006,0.2592663769721471,12.33,0.01
157.724,4,-35.3534546,149.1660756,100.003,0.2672486269560706,12.32,0.01
157.824,4,-35.3534435,149.1660756,100.0,0.26738194904701806,12.32,0.01
157.925,4,-35.3534325,149.1660756,99.997,0.22910935755882186,12.32,0.01
158.025,4,-35.3534213,149.1660756,99.993,0.2085490340738422,12.31,0.01
158.125,4,-35.3534102,149.1660756,99.992,0.17996986840006923,12.32,0.02
158.225,4,-35.353398999999996,149.1660756,99.991,0.1471517165726571,12.32,0.02
158.324,4,-35.3533878,149.1660756,99.99000000000001,0.16662317183376185,12.32,0.02
158.424,4,-35.3533766,149.1660756,99.989,0.2178866497211901,12.32,0.03
158.524,4,-35.3533654,149.1660757,99.991,0.21372711787750523,12.33,0.03
158.624,4,-35.3533542,149.1660757,99.994,0.16561355781664291,12.33,0.03
158.724,4,-35.353342999999995,149.1660757,99.997,0.12041484768514964,12.33,0.03
158.824,4,-35.3533318,149.1660758,99.998,0.047812898335249536,12.34,0.03
158.924,4,-35.3533207,149.1660758,99.997,-0.01315848616805518,12.34,0.03
159.024,4,-35.353309599999996,149.1660758,99.996,0.276446330447139,12.35,0.01
159.124,4,-35.3532985,149.1660758,99.994,1.6143662233078773,12.35,0.01
159.224,4,-35.3532875,149.1660758,99.992,4.2386621465404115,12.33,0.05
159.324,4,-35.3532765,149.16607589999998,99.99000000000001,7.680981438691634,12.27,0.18
159.424,4,-35.3532655,149.1660762,99.988,11.240356939725359,12.200000000000001,0.37
159.524,4,-35.3532547,149.1660767,99.985,14.59164731260006,12.11,0.61
159.624,4,-35.353243899999995,149.1660776,99.979,17.81488359136807,12.01,0.86
159.724,4,-35.3532332,149.16607869999999,99.97200000000001,20.83011328915251,11.89,1.16
159.824,4,-35.353222599999995,149.1660801,99.96300000000001,23.437146976474896,11.76,1.49
159.924,4,-35.3532122,149.166082,99.953,25.607425924868107,11.620000000000001,1.86
160.025,4,-35.3532018,149.1660843,99.94500000000001,27.349979644414905,11.46,2.25
160.125,4,-35.3531915,149.166087,99.93900000000001,28.74922244306747,11.290000000000001,2.66
160.225,4,-35.3531814,149.16609029999998,99.937,29.907482507423648,11.1,3.09
160.32500000000002,4,-35.3531714,149.166094,99.941,30.988639981334135,10.89,3.5300000000000002
160.424,4,-35.3531616,149.1660982,99.95,32.0556589636627,10.67,3.98
160.524,4,-35.353152099999996,149.166103,99.965,33.14432281547103,10.41,4.45
160.624,4,-35.3531427,149.1661082,99.985,34.18708779605688,10.14,4.93
160.724,4,-35.3531337,149.166114,100.011,35.17892688619111,9.85,5.4
160.824,4,-35.3531249,149.1661203,100.036,36.07981517733745,9.55,5.86
160.924,4,-35.3531164,149.16612709999998,100.059,36.84608727013201,9.23,6.32
161.024,4,-35.353108299999995,149.16613429999998,100.081,37.49587731682117,8.88,6.7700000000000005
161.124,4,-35.3531005,149.16614199999998,100.104,38.02510769447044,8.51,7.24
161.224,4,-35.353093099999995,149.1661502,100.131,38.53759386336942,8.11,7.7
161.324,4,-35.353086,149.166159,100.161,39.08102420430315,7.68,8.16
161.424,4,-35.3530794,149.1661682,100.194,39.57230946601841,7.23,8.61
161.524,4,-35.353073099999996,149.16617789999998,100.229,40.01157259192027,6.7700000000000005,9.040000000000001
161.624,4,-35.3530673,149.1661881,100.265,40.41855624380465,6.29,9.46
161.724,4,-35.3530619,149.1661987,100.302,40.720744303253525,5.78,9.870000000000001
161.824,4,-35.353057,149.1662098,100.34,40.941291111553234,5.2700000000000005,10.26
161.924,4,-35.3530525,149.1662212,100.376,41.010644852385546,4.75,10.620000000000001
162.024,4,-35.3530485,149.1662331,100.412,41.006266701127565,4.22,10.97
162.125,4,-35.353045,149.16624539999998,100.44500000000001,40.605727332725095,3.68,11.290000000000001
162.225,4,-35.3530419,149.1662581,100.47500000000001,39.422120436359,3.13,11.59
162.32500000000002,4,-35.3530393,149.1662711,100.505,37.44449380369517,2.61,11.85
162.425,4,-35.353037199999996,149.1662844,100.541,35.038573328936515,2.12,12.06
162.524,4,-35.3530355,149.1662979,100.584,32.72076229447103,1.69,12.21
162.624,4,-35.353034099999995,149.1663116,100.627,30.55593383703549,1.31,12.31
162.724,4,-35.3530331,149.16632529999998,100.664,28.142196210771758,0.97,12.38
162.824,4,-35.353032299999995,149.1663391,100.69200000000001,25.351828293295185,0.68,12.42
162.924,4,-35.3530318,149.1663529,100.709,22.597405953873093,0.45,12.43
163.024,4,-35.3530314,149.1663667,100.714,20.16085549578152,0.27,12.41
163.124,4,-35.3530312,149.1663803,100.703,18.177223419289955,0.11,12.39
163.224,4,-35.3530312,149.1663939,100.677,16.64895322457397,-0.04,12.370000000000001
163.324,4,-35.3530312,149.1664074,100.636,15.422447617578316,-0.19,12.36
163.424,4,-35.3530314,149.1664209,100.58500000000001,14.369281966433833,-0.35000000000000003,12.35
163.524,4,-35.3530318,149.16643439999999,100.53,13.330686816336279,-0.52,12.36
163.624,4,-35.353032299999995,149.16644789999998,100.474,12.235084346104859,-0.68,12.38
163.724,4,-35.3530328,149.1664614,100.424,11.040520118762773,-0.8200000000000001,12.39
163.824,4,-35.353033499999995,149.1664749,100.382,9.693036493640562,-0.96,12.4
163.924,4,-35.3530344,149.16648849999999,100.35000000000001,8.230556388557432,-1.06,12.41
164.024,4,-35.3530353,149.16650199999998,100.327,6.720074140874274,-1.1400000000000001,12.4
164.124,4,-35.3530363,149.1665156,100.31,5.173054223112958,-1.19,12.39
164.225,4,-35.3530374,149.1665291,100.296,3.625065699149969,-1.22,12.38
164.32500000000002,4,-35.353038399999996,149.1665429,100.28,2.1720138164423948,-1.23,12.36
164.425,4,-35.3530395,149.1665566,100.261,0.9073919118966634,-1.22,12.35
164.524,4,-35.3530405,149.1665703,100.23400000000001,-0.20642990118277962,-1.2,12.34
164.624,4,-35.353041499999996,149.1665839,100.202,-1.125488923440162,-1.17,12.33
164.724,4,-35.3530425,149.1665976,100.164,-1.8753522338057074,-1.1300000000000001,12.33
164.824,5,-35.3530435,149.1666113,100.123,-2.4665968871372828,-1.08,12.32
164.924,5,-35.3530444,149.16662499999998,100.081,-2.8890144186683644,-1.03,12.32
165.024,5,-35.3530452,149.1666386,100.041,-3.19343146766419,-0.98,12.32
165.124,5,-35.353046,149.1666522,100.009,-3.4255543793900154,-0.92,12.31
165.224,5,-35.3530468,149.16666569999998,99.985,-3.524062996137936,-0.87,12.31
165.324,5,-35.353047499999995,149.1666792,99.971,-3.552384162087982,-0.81,12.3
165.424,5,-35.353048199999996,149.1666927,99.962,-3.5284612110766007,-0.77,12.290000000000001
165.524,5,-35.353048799999996,149.1667061,99.95700000000001,-3.4248530043396195,-0.72,12.27
165.624,5,-35.353049399999996,149.1667195,99.953,-3.32026445201333,-0.68,12.26
165.724,5,-35.353049999999996,149.1667329,99.947,-3.190738665583912,-0.64,12.25
165.824,5,-35.3530505,149.1667463,99.938,-3.0633810373291506,-0.6,12.24
165.924,5,-35.353051,149.1667597,99.926,-2.9411556559054186,-0.56,12.24
166.024,5,-35.3530514,149.1667731,99.908,-2.805094018770533,-0.53,12.23
166.124,5,-35.3530519,149.1667865,99.89,-2.619788211823737,-0.5,12.23
166.224,5,-35.3530523,149.1667999,99.87,-2.4703071739604807,-0.47000000000000003,12.24
166.32500000000002,5,-35.3530527,149.1668135,99.851,-2.3471955754919396,-0.44,12.24
166.425,5,-35.3530531,149.1668269,99.83500000000001,-2.246457969197068,-0.41000000000000003,12.23
166.525,5,-35.3530534,149.1668405,99.825,-2.1910476326685164,-0.38,12.23
166.624,5,-35.3530538,149.166854,99.82000000000001,-2.1504536839970148,-0.35000000000000003,12.23
166.724,5,-35.353054,149.1668676,99.82000000000001,-2.1016752477091343,-0.32,12.24
166.824,5,-35.3530543,149.1668812,99.82000000000001,-2.0385824424681993,-0.29,12.24
166.924,5,-35.3530546,149.1668949,99.819,-1.9637651906301141,-0.27,12.24
167.024,5,-35.353054799999995,149.1669085,99.81700000000001,-1.8769641584498302,-0.24,12.24
167.124,5,-35.353055,149.166922,99.81400000000001,-1.7800647983033884,-0.22,12.25
167.224,5,-35.3530552,149.1669355,99.809,-1.6242832310959125,-0.2,12.25
167.324,5,-35.353055399999995,149.166949,99.803,-1.4485567644600592,-0.18,12.26
167.424,5,-35.3530556,149.1669624,99.797,-1.2764163605818741,-0.17,12.26
167.524,5,-35.3530557,149.16697589999998,99.791,-1.204567146103277,-0.15,12.27
167.624,5,-35.3530559,149.1669894,99.789,-1.1664628013842453,-0.13,12.27
167.724,5,-35.353055999999995,149.1670028,99.788,-1.1167843809515097,-0.11,12.26
167.824,5,-35.353056099999996,149.1670163,99.79,-1.0729638082274118,-0.1,12.26
167.924,5,-35.3530562,149.1670297,99.792,-1.026615852066998,-0.08,12.26
168.024,5,-35.3530563,149.1670432,99.793,-0.9840528879238286,-0.06,12.26
168.124,5,-35.3530563,149.1670567,99.792,-0.8838222630922716,-0.05,12.27
168.224,5,-35.3530564,149.1670701,99.788,-0.7269156890233008,-0.04,12.27
168.324,5,-35.3530564,149.16708359999998,99.783,-0.5819616258367349,-0.03,12.27
168.425,5,-35.3530565,149.1670972,99.778,-0.44462327693558623,-0.02,12.27
168.525,5,-35.3530565,149.16711089999998,99.773,-0.3431514519853645,-0.02,12.280000000000001
168.625,5,-35.3530565,149.1671245,99.771,-0.2693286596821775,-0.01,12.290000000000001
168.724,5,-35.353056599999995,149.16713819999998,99.772,-0.18922213336321841,-0.01,12.3
168.824,5,-35.353056599999995,149.1671519,99.775,-0.11724399906403733,-0.01,12.31
168.924,5,-35.353056699999996,149.1671657,99.778,-0.09905701290318505,-0.01,12.33
169.024,5,-35.353056699999996,149.16717939999998,99.781,-0.06043610177763802,-0.02,12.34
169.124,5,-35.353056699999996,149.16719319999999,99.786,-0.024977818366804818,-0.02,12.35
169.224,5,-35.353056699999996,149.1672069,99.791,0.010223776830014185,-0.02,12.35
169.324,5,-35.3530568,149.16722049999998,99.795,-0.01395312014780065,-0.03,12.36
169.424,5,-35.3530568,149.1672342,99.798,-0.05203791395059124,-0.03,12.36
169.524,5,-35.3530569,149.1672477,99.8,-0.11104254748342277,-0.04,12.36
169.624,5,-35.3530569,149.1672613,99.804,-0.17034034220698263,-0.03,12.35
169.724,5,-35.353057,149.1672748,99.809,-0.21791797254183695,-0.03,12.34
169.824,5,-35.353057,149.1672884,99.813,-0.2623826774613919,-0.03,12.34
169.924,5,-35.353057,149.16730189999998,99.81700000000001,-0.27619195926140894,-0.04,12.33
170.024,5,-35.3530571,149.1673154,99.819,-0.29172893207589545,-0.04,12.33
170.124,5,-35.3530571,149.1673289,99.82000000000001,-0.321712181871782,-0.04,12.32
170.224,5,-35.353057199999995,149.1673424,99.821,-0.3218627928790661,-0.04,12.32
170.324,5,-35.353057199999995,149.1673559,99.822,-0.3041574751269386,-0.04,12.31
170.425,5,-35.353057199999995,149.1673695,99.82300000000001,-0.34069514520509864,-0.04,12.31
170.525,5,-35.353057299999996,149.1673832,99.824,-0.4204747695990359,-0.04,12.31
170.625,5,-35.353057299999996,149.1673968,99.827,-0.4711841750704733,-0.03,12.31
170.725,5,-35.353057299999996,149.16741059999998,99.83200000000001,-0.4706131072228368,-0.02,12.32
170.824,5,-35.353057299999996,149.1674242,99.837,-0.5032025010739064,-0.02,12.32
170.924,5,-35.3530574,149.167438,99.842,-0.5136753688665044,-0.01,12.33
171.024,5,-35.3530574,149.1674517,99.843,-0.4795529177118843,0.0,12.33
171.124,5,-35.3530574,149.1674654,99.843,-0.49571271840131137,0.0,12.33
171.224,5,-35.353057299999996,149.16747909999998,99.842,-0.5158658318776687,0.01,12.33
171.324,5,-35.353057299999996,149.1674927,99.843,-0.5283173200954548,0.02,12.33
171.424,5,-35.353057299999996,149.16750629999999,99.848,-0.48973310122637675,0.03,12.33
171.524,5,-35.353057299999996,149.16751979999998,99.858,-0.43468535169321765,0.03,12.32
171.624,5,-35.353057299999996,149.1675334,99.868,-0.33808334489950925,0.03,12.32
171.724,5,-35.353057299999996,149.1675469,99.879,-0.23902601850131344,0.03,12.32
171.824,5,-35.353057199999995,149.16756039999999,99.888,-0.15733782314182043,0.03,12.32
171.924,5,-35.353057199999995,149.16757389999998,99.896,-0.08085591946684978,0.03,12.32
172.024,5,-35.3530571,149.1675874,99.899,-0.010228172430271059,0.03,12.32
172.124,5,-35.3530571,149.1676009,99.898,0.02598302010840037,0.03,12.31
172.224,5,-35.3530571,149.1676144,99.898,0.08703970193505091,0.03,12.31
172.324,5,-35.353057,149.16762789999999,99.899,0.0986169792999283,0.03,12.3
172.424,5,-35.353057,149.16764139999998,99.9,0.08183255647688227,0.03,12.3
172.525,5,-35.3530569,149.1676549,99.901,0.06810890550554159,0.03,12.3
172.625,5,-35.3530569,149.1676685,99.903,0.03337946130907627,0.03,12.290000000000001
172.725,5,-35.3530568,149.1676822,99.907,0.012438693285778932,0.04,12.290000000000001
172.82500000000002,5,-35.3530568,149.1676958,99.911,0.029778754332342814,0.04,12.290000000000001
172.924,5,-35.353056699999996,149.1677095,99.913,0.09870751265696402,0.05,12.290000000000001
173.024,5,-35.353056599999995,149.16772319999998,99.913,0.173545221712026,0.05,12.3
173.124,5,-35.353056599999995,149.1677369,99.911,0.21291275122111344,0.04,12.3
173.224,5,-35.3530565,149.1677506,99.909,0.2745224849374433,0.04,12.31
173.324,5,-35.3530564,149.1677643,99.907,0.3068659919783924,0.03,12.31
173.424,5,-35.3530564,149.167778,99.909,0.3271914876900132,0.03,12.32
173.524,5,-35.3530563,149.1677916,99.912,0.3127522810216211,0.03,12.32
173.624,5,-35.3530563,149.1678052,99.915,0.30509353120834765,0.03,12.32
173.724,5,-35.3530562,149.1678187,99.919,0.3050029244801392,0.03,12.32
173.824,5,-35.3530562,149.1678322,99.924,0.30415264596975194,0.02,12.31
173.924,5,-35.353056099999996,149.1678457,99.928,0.30299941121707763,0.02,12.31
174.024,5,-35.353056099999996,149.16785919999998,99.931,0.3073447989113809,0.01,12.3
174.124,5,-35.353055999999995,149.1678727,99.932,0.3373755131859138,0.01,12.3
174.224,5,-35.353055999999995,149.1678861,99.931,0.36160320802815393,0.01,12.290000000000001
174.324,5,-35.3530559,149.1678996,99.93,0.4302781988116934,0.01,12.290000000000001
174.424,5,-35.3530559,149.1679131,99.93,0.4418080383783509,0.01,12.290000000000001
174.524,5,-35.3530558,149.1679266,99.931,0.4270271088080467,0.01,12.280000000000001
174.625,5,-35.3530558,149.16794009999998,99.933,0.39731375820608134,0.01,12.290000000000001
174.725,5,-35.3530558,149.1679538,99.933,0.41437461025742117,0.01,12.290000000000001
174.82500000000002,5,-35.3530557,149.16796739999998,99.932,0.4202612728266201,0.01,12.3
174.925,5,-35.3530557,149.1679811,99.928,0.4366174681351115,0.0,12.31
175.024,5,-35.3530557,149.1679948,99.922,0.4405934119644258,0.0,12.32
175.124,5,-35.3530556,149.16800849999998,99.915,0.42550322957119335,0.0,12.33
175.224,5,-35.3530556,149.1680223,99.911,0.42470716568734307,0.0,12.34
175.324,5,-35.3530556,149.168036,99.914,0.4349306248535299,0.0,12.35
175.424,5,-35.353055499999996,149.1680498,99.921,0.4127774665695489,-0.01,12.36
175.524,5,-35.353055499999996,149.1680634,99.929,0.37418932567778335,-0.01,12.370000000000001
175.624,5,-35.353055499999996,149.16807699999998,99.936,0.30305373256532037,-0.02,12.370000000000001
175.724,5,-35.353055499999996,149.1680906,99.941,0.07908317188222075,-0.02,12.36
175.824,5,-35.353055499999996,149.1681042,99.94500000000001,-0.3332621651604058,-0.02,12.36
175.924,5,-35.353055499999996,149.16811769999998,99.947,-0.9266969079771755,0.0,12.35
176.024,5,-35.353055499999996,149.1681312,99.94800000000001,-1.5924581781016498,0.02,12.33
176.124,5,-35.353055399999995,149.1681447,99.95,-2.307542698822019,0.05,12.31
176.224,5,-35.3530553,149.1681582,99.95100000000001,-3.0558014483411404,0.1,12.290000000000001
176.324,5,-35.3530551,149.1681716,99.953,-3.7679622212099213,0.16,12.26
176.424,5,-35.3530549,149.1681851,99.955,-4.376451394648487,0.23,12.23
176.524,5,-35.3530547,149.1681984,99.956,-4.860339134605802,0.3,12.19
176.624,5,-35.3530543,149.1682118,99.95700000000001,-5.2047104423686745,0.37,12.16
176.725,5,-35.3530539,149.1682253,99.956,-5.399632088449791,0.44,12.14
176.82500000000002,5,-35.3530535,149.1682386,99.953,-5.499036100309218,0.5,12.11
176.925,5,-35.3530529,149.168252,99.95,-5.52323631431222,0.56,12.09
177.024,5,-35.353052399999996,149.1682654,99.946,-5.525787816854042,0.62,12.07
177.124,5,-35.3530517,149.1682788,99.944,-5.512796797052678,0.6900000000000001,12.05
177.224,5,-35.3530511,149.1682922,99.944,-5.484999207791195,0.75,12.030000000000001
177.324,5,-35.3530503,149.1683056,99.944,-5.42605937100904,0.81,12.01
177.424,5,-35.3530495,149.1683189,99.946,-5.3585928968217695,0.87,11.99
177.524,5,-35.3530486,149.16833219999998,99.949,-5.262059698847864,0.9400000000000001,11.97
177.624,5,-35.3530477,149.1683455,99.95400000000001,-5.170460885662469,0.99,11.950000000000001
177.724,5,-35.3530468,149.1683587,99.959,-5.108636147729629,1.05,11.93
177.824,5,-35.3530458,149.1683718,99.962,-5.033112611642682,1.12,11.9
177.924,5,-35.3530447,149.1683849,99.965,-4.920710749792721,1.18,11.88
178.024,5,-35.3530436,149.1683979,99.968,-4.869583795647414,1.23,11.86
178.124,5,-35.3530425,149.1684109,99.971,-5.314505733276629,1.28,11.83
178.224,5,-35.3530413,149.1684238,99.974,-6.540841439316678,1.35,11.8
178.324,5,-35.35304,149.1684367,99.97800000000001,-8.685067058007698,1.45,11.75
178.424,5,-35.3530386,149.16844949999998,99.98100000000001,-11.369312618802493,1.62,11.68
178.524,5,-35.353037,149.1684623,99.98100000000001,-13.907159904927232,1.83,11.58
178.624,5,-35.3530352,149.1684749,99.976,-15.98788312047053,2.06,11.48
178.724,5,-35.3530332,149.1684874,99.967,-17.6068548122697,2.31,11.370000000000001
178.82500000000002,5,-35.353031,149.1684999,99.956,-18.866056534822203,2.56,11.26
178.925,5,-35.3530285,149.1685123,99.94800000000001,-19.712016444663302,2.83,11.14
179.025,5,-35.3530258,149.16852459999998,99.944,-20.118011426665323,3.1,11.01
179.124,5,-35.3530228,149.1685367,99.947,-20.03106994872023,3.38,10.88
179.224,5,-35.353019599999996,149.1685487,99.956,-19.502650656034902,3.63,10.75
179.324,5,-35.3530161,149.1685606,99.96900000000001,-18.472460053711046,3.85,10.63
179.424,5,-35.3530125,149.1685723,99.986,-17.0523493195968,4.05,10.53
179.524,5,-35.3530087,149.16858399999998,100.004,-15.346975734796969,4.21,10.43
179.624,5,-35.3530048,149.16859549999998,100.022,-13.436381432421287,4.34,10.34
179.724,5,-35.3530008,149.1686068,100.039,-11.506271572039587,4.44,10.27
179.824,5,-35.3529968,149.1686181,100.055,-9.713059193192453,4.5,10.200000000000001
179.924,5,-35.3529927,149.1686292,100.06400000000001,-8.031974614854834,4.55,10.14
180.024,5,-35.352988599999996,149.1686403,100.068,-6.559890836911843,4.59,10.09
180.124,5,-35.3529845,149.1686513,100.06700000000001,-5.301484404510823,4.61,10.05
180.224,5,-35.3529804,149.1686623,100.06,-4.2657186602769475,4.63,10.02
180.324,5,-35.3529762,149.1686732,100.05,-3.400789180676607,4.64,10.0
180.424,5,-35.352972099999995,149.1686842,100.038,-2.694170465989057,4.65,9.97
180.524,5,-35.352967899999996,149.16869509999998,100.023,-2.168587622799987,4.67,9.950000000000001
180.624,5,-35.3529637,149.1687059,100.008,-1.7471160724689525,4.68,9.93
180.72400000000002,5,-35.3529595,149.1687168,99.994,-1.3652028433765162,4.69,9.92
180.82500000000002,5,-35.3529553,149.1687277,99.983,-1.031335299340065,4.71,9.9
180.925,5,-35.352951,149.1687387,99.97800000000001,-0.7472568995060979,4.71,9.9
181.025,5,-35.3529468,149.1687497,99.976,-0.4170943595684085,4.71,9.89
181.125,5,-35.3529425,149.1687607,99.97800000000001,-0.03279934546182145,4.7,9.89
181.22400000000002,5,-35.3529383,149.16877169999998,99.98100000000001,0.32996283694574585,4.69,9.9
181.324,5,-35.352934,149.16878269999998,99.983,0.6809527314164934,4.68,9.91
181.424,5,-35.3529298,149.16879369999998,99.985,0.958991856641994,4.66,9.91
181.524,5,-35.3529255,149.16880469999998,99.986,1.162384965006336,4.65,9.92
181.624,5,-35.3529213,149.1688158,99.986,1.353590241127025,4.63,9.93
181.72400000000002,5,-35.3529172,149.16882669999998,99.986,1.4881655650654921,4.62,9.94
181.824,5,-35.352913,149.16883769999998,99.985,1.5464297467283454,4.6000000000000005,9.950000000000001
181.924,5,-35.352908899999996,149.1688486,99.98400000000001,1.5531826693833723,4.58,9.950000000000001
182.024,5,-35.3529048,149.1688595,99.983,1.5784559701380063,4.5600000000000005,9.96
182.124,5,-35.3529008,149.1688704,99.98100000000001,1.5888517314981772,4.54,9.96
182.22400000000002,5,-35.352896699999995,149.1688814,99.98100000000001,1.6032202083560627,4.5200000000000005,9.96
182.324,5,-35.3528927,149.16889229999998,99.98100000000001,1.6213774124908953,4.5,9.97
182.424,5,-35.3528886,149.1689032,99.98100000000001,1.594673080383438,4.48,9.97
182.524,5,-35.352884599999996,149.1689142,99.97800000000001,1.541579031757167,4.46,9.98
182.624,5,-35.3528806,149.1689252,99.974,1.5034735130993717,4.45,9.98
182.72400000000002,5,-35.3528766,149.1689361,99.96900000000001,1.4783629629460544,4.44,9.99
182.824,5,-35.3528726,149.1689471,99.96300000000001,1.4346002333864902,4.42,10.0
182.925,5,-35.3528687,149.1689581,99.956,1.3778933348543998,4.4,10.02
183.025,5,-35.3528647,149.1689692,99.949,1.320257850760305,4.38,10.03
183.125,5,-35.3528607,149.16898039999998,99.943,1.2836719424711318,4.37,10.040000000000001
183.225,5,-35.3528567,149.1689916,99.93900000000001,1.2507381576755054,4.37,10.05
183.324,5,-35.3528527,149.1690028,99.936,1.1917799647599554,4.36,10.07
183.424,5,-35.3528488,149.169014,99.935,1.0714472927882575,4.3500000000000005,10.08
183.524,5,-35.3528448,149.1690253,99.936,0.9571595516754323,4.34,10.09
183.624,5,-35.352840799999996,149.1690365,99.93900000000001,0.8474137796389599,4.34,10.1
183.72400000000002,5,-35.3528369,149.1690478,99.944,0.768848248050419,4.34,10.11
183.824,5,-35.352832899999996,149.169059,99.95100000000001,0.6863213134649763,4.34,10.120000000000001
183.924,5,-35.352829,149.1690702,99.959,0.6112425934477267,4.34,10.120000000000001
184.024,5,-35.352824999999996,149.16908139999998,99.964,0.5444103663579155,4.34,10.13
184.124,5,-35.3528211,149.1690925,99.968,0.46760883784423607,4.33,10.120000000000001
184.22400000000002,5,-35.3528172,149.1691037,99.97,0.42701016673725384,4.33,10.120000000000001
184.324,5,-35.3528133,149.1691148,99.971,0.48841423438632964,4.32,10.120000000000001
184.424,5,-35.3528094,149.16912589999998,99.96900000000001,0.5454489819985806,4.3100000000000005,10.13
184.524,5,-35.352805499999995,149.169137,99.96600000000001,0.5788319584538411,4.3100000000000005,10.13
184.624,5,-35.3528017,149.1691481,99.964,0.6045703524022705,4.3,10.13
184.72400000000002,5,-35.3527978,149.1691592,99.965,0.5926975092732314,4.29,10.13
184.824,5,-35.3527939,149.1691703,99.96600000000001,0.5744906261843575,4.28,10.13
184.924,5,-35.3527901,149.16918139999999,99.968,0.5627735433849064,4.28,10.13
185.025,5,-35.3527862,149.1691926,99.968,0.515632751672242,4.28,10.120000000000001
185.125,5,-35.3527823,149.16920389999999,99.968,0.46902039248575444,4.2700000000000005,10.13
185.225,5,-35.3527784,149.1692151,99.968,0.4630861853966298,4.2700000000000005,10.13
185.32500000000002,5,-35.352774499999995,149.16922639999999,99.97,0.4250167920362415,4.26,10.13
185.424,5,-35.3527706,149.1692377,99.976,0.4049813125600818,4.26,10.14
185.524,5,-35.3527667,149.16924899999998,99.98400000000001,0.42272547701311375,4.25,10.14
185.624,5,-35.3527628,149.1692603,99.993,0.4305748584733394,4.24,10.14
185.72400000000002,5,-35.3527589,149.1692716,100.002,0.39797103051156285,4.24,10.15
185.824,5,-35.352755,149.16928289999998,100.008,0.35545491719723177,4.24,10.16
185.924,5,-35.3527512,149.1692941,100.011,0.31833916231928,4.23,10.16
186.024,5,-35.3527473,149.1693052,100.011,0.24851280441291737,4.23,10.16
186.124,5,-35.352743499999995,149.16931639999999,100.005,0.1866581310416059,4.23,10.16
186.22400000000002,5,-35.3527397,149.16932749999998,99.996,0.13409214141554152,4.23,10.15
186.324,5,-35.3527359,149.1693387,99.988,0.07161297264263664,4.24,10.15
186.424,5,-35.3527321,149.1693498,99.98400000000001,0.013849540895996468,4.24,10.16
186.524,5,-35.3527282,149.1693609,99.98100000000001,-0.00863894866023642,4.24,10.16
186.624,5,-35.3527244,149.1693721,99.982,0.03274125216828998,4.23,10.16
186.72400000000002,5,-35.3527206,149.1693832,99.985,0.039818708860491735,4.24,10.16
186.824,5,-35.352716799999996,149.1693943,99.989,0.004949159491536869,4.24,10.16
186.924,5,-35.352713,149.16940549999998,99.993,-0.019016604016010907,4.24,10.15
187.024,5,-35.3527091,149.1694166,99.998,-0.03698645819634422,4.25,10.15
187.125,5,-35.3527053,149.1694278,100.003,-0.025744593812524696,4.25,10.14
187.225,5,-35.3527014,149.16943899999998,100.008,0.03157617797638051,4.25,10.14
187.32500000000002,5,-35.3526975,149.1694503,100.011,0.07457607412323214,4.25,10.14
187.425,5,-35.352693699999996,149.16946149999998,100.013,0.10091166272689474,4.25,10.14
187.524,5,-35.3526898,149.1694728,100.014,0.1421836077251191,4.25,10.15
187.624,5,-35.3526859,149.1694841,100.015,0.14860269154424846,4.25,10.16
187.72400000000002,5,-35.352682,149.1694954,100.014,0.14303135159499403,4.25,10.17
187.824,5,-35.3526781,149.1695067,100.011,0.12857976520873132,4.25,10.17
187.924,5,-35.352674199999996,149.1695181,100.009,0.07375120204892747,4.26,10.18
188.024,5,-35.3526703,149.1695294,100.007,0.0480912585594073,4.2700000000000005,10.19
188.124,5,-35.3526664,149.1695406,100.007,0.08842789119310972,4.2700000000000005,10.18
188.22400000000002,5,-35.352662599999995,149.1695518,100.008,0.11158806882273786,4.2700000000000005,10.18
188.324,5,-35.3526587,149.16956299999998,100.009,0.13777376012052384,4.2700000000000005,10.18
188.424,5,-35.3526549,149.1695742,100.011,0.11957573493322977,4.2700000000000005,10.17
188.524,5,-35.352651,149.1695853,100.013,0.10128284748970924,4.2700000000000005,10.17
188.624,5,-35.3526472,149.16959649999998,100.017,0.07984612535685233,4.2700000000000005,10.17
188.72400000000002,5,-35.3526433,149.1696076,100.021,0.07430395378380927,4.2700000000000005,10.17
188.824,5,-35.352639499999995,149.1696188,100.024,0.11978554980679611,4.26,10.17
188.924,5,-35.3526356,149.1696299,100.023,0.21702267081182317,4.25,10.17
189.024,5,-35.3526318,149.1696411,100.02,0.3134598192505257,4.25,10.18
189.124,5,-35.352627999999996,149.1696522,100.015,0.35922141967895,4.24,10.18
189.225,5,-35.3526242,149.16966349999998,100.009,0.3740919421212578,4.23,10.19
189.32500000000002,5,-35.3526203,149.1696748,100.004,0.33137353781361795,4.23,10.19
189.425,5,-35.352616499999996,149.1696861,99.999,0.23592009669795594,4.24,10.19
189.524,5,-35.3526126,149.1696974,99.996,0.09273879443623236,4.24,10.19
189.624,5,-35.3526087,149.1697087,99.996,-0.0670513334218871,4.24,10.19
189.72400000000002,5,-35.3526048,149.1697201,99.997,-0.19127484533264527,4.25,10.19
189.824,5,-35.352601,149.1697314,99.996,-0.2692751654271545,4.2700000000000005,10.19
189.924,5,-35.3525971,149.1697428,99.996,-0.2738664932924312,4.2700000000000005,10.200000000000001
190.024,5,-35.3525932,149.1697541,99.998,-0.20503906389239612,4.28,10.200000000000001
190.124,5,-35.3525893,149.1697653,100.003,-0.12871000571042435,4.28,10.200000000000001
190.22400000000002,5,-35.352585399999995,149.1697766,100.009,-0.05672740910992027,4.2700000000000005,10.200000000000001
190.324,5,-35.3525816,149.1697878,100.016,-0.0005011299038491444,4.2700000000000005,10.19
190.424,5,-35.3525778,149.16979899999998,100.021,0.05172346844966612,4.2700000000000005,10.19
190.524,5,-35.352573899999996,149.1698101,100.025,0.09920545612582043,4.2700000000000005,10.19
190.624,5,-35.3525701,149.1698213,100.028,0.13434741973577072,4.26,10.18
190.72400000000002,5,-35.3525663,149.1698324,100.03,0.1444826333914895,4.26,10.18
190.824,5,-35.3525625,149.1698436,100.033,0.14027617067768725,4.25,10.18
190.924,5,-35.3525586,149.1698547,100.035,0.1319635236328776,4.25,10.17
191.024,5,-35.3525548,149.1698659,100.033,0.4272026926944836,4.26,10.16
191.124,5,-35.352551,149.16987699999999,100.029,1.7553476243575814,4.2700000000000005,10.15
191.22400000000002,5,-35.3525472,149.1698882,100.023,4.370940712648755,4.23,10.18
191.32500000000002,5,-35.3525434,149.16989949999999,100.018,7.807308348711959,4.11,10.26
191.425,5,-35.352539799999995,149.1699108,100.014,11.318433685901422,3.93,10.370000000000001
191.525,5,-35.3525363,149.1699224,100.011,14.607399436373402,3.72,10.51
191.624,5,-35.352533099999995,149.1699341,100.009,17.802169194228092,3.48,10.67
191.72400000000002,5,-35.35253,149.1699461,100.006,20.83317662899526,3.21,10.85
191.824,5,-35.3525272,149.1699583,100.0,23.446640939421215,2.91,11.040000000000001
191.924,5,-35.3525247,149.1699707,99.993,25.456091130975427,2.58,11.25
192.024,5,-35.3525226,149.1699834,99.988,26.905172112454284,2.22,11.47
192.124,5,-35.3525207,149.16999619999999,99.985,27.99426626618033,1.87,11.68
192.22400000000002,5,-35.352519199999996,149.17000919999998,99.988,28.974400119624452,1.49,11.89
192.324,5,-35.3525181,149.1700224,99.995,29.951923133258337,1.09,12.1
192.424,5,-35.352517299999995,149.1700359,100.008,31.09582955507373,0.66,12.31
192.524,5,-35.3525169,149.1700495,100.027,32.35299417370628,0.21,12.51
192.624,5,-35.352517,149.1700634,100.046,33.65426815399877,-0.26,12.71
192.72400000000002,5,-35.352517399999996,149.1700775,100.065,35.00816532675162,-0.76,12.91
192.824,5,-35.3525184,149.1700918,100.084,36.291735456715436,-1.29,13.1
192.924,5,-35.352519799999996,149.1701063,100.101,37.49837375096281,-1.83,13.290000000000001
193.024,5,-35.352521599999996,149.170121,100.116,38.600079848991285,-2.4,13.46
193.124,5,-35.352523999999995,149.1701359,100.132,39.564816748498906,-3.0,13.63
193.22400000000002,5,-35.352526999999995,149.170151,100.148,40.39275861930951,-3.63,13.790000000000001
193.32500000000002,5,-35.3525306,149.1701663,100.167,41.04196126973005,-4.29,13.93
193.425,5,-35.3525348,149.1701819,100.19,41.58696596926747,-4.97,14.040000000000001
193.525,5,-35.3525396,149.1701976,100.21600000000001,42.111715742821204,-5.67,14.14
193.625,5,-35.3525451,149.1702133,100.247,42.63611376163269,-6.4,14.22
193.72400000000002,5,-35.3525513,149.1702292,100.282,43.08337845414722,-7.140000000000001,14.26
193.824,5,-35.352558099999996,149.1702451,100.321,43.402122892144206,-7.88,14.280000000000001
193.924,5,-35.3525656,149.1702611,100.36500000000001,43.630585889691964,-8.620000000000001,14.27
194.024,5,-35.3525738,149.170277,100.412,43.74025140700569,-9.35,14.23
194.124,5,-35.3525826,149.1702928,100.462,43.75361125702223,-10.07,14.16
194.22400000000002,5,-35.352592099999995,149.1703085,100.512,43.7138732164311,-10.76,14.07
194.324,5,-35.3526021,149.170324,100.563,43.62636141769031,-11.450000000000001,13.93
194.424,5,-35.3526127,149.1703392,100.614,43.49815193678,-12.1,13.780000000000001
194.524,5,-35.352623799999996,149.17035429999999,100.662,43.39267674052208,-12.72,13.61
194.624,5,-35.3526354,149.1703691,100.705,43.23458518199296,-13.33,13.41
194.72400000000002,5,-35.3526476,149.17038359999998,100.744,43.1066386633657,-13.92,13.19
194.824,5,-35.3526603,149.17039789999998,100.777,43.04759167799094,-14.5,12.950000000000001
194.924,5,-35.3526735,149.1704119,100.805,42.999387617923574,-15.08,12.69
195.024,5,-35.3526872,149.17042569999998,100.82600000000001,42.97423203121042,-15.64,12.42
195.124,5,-35.3527014,149.17043909999998,100.842,43.00262854268475,-16.21,12.13
195.22400000000002,5,-35.352716199999996,149.1704522,100.852,43.008806448789024,-16.77,11.82
195.324,5,-35.352731399999996,149.170465,100.858,42.86901296704637,-17.34,11.48
195.425,5,-35.352747099999995,149.1704773,100.863,42.596191305933964,-17.900000000000002,11.13
195.525,5,-35.3527637,149.1704896,100.86500000000001,42.31237304025784,-18.46,10.75
195.625,5,-35.352780599999996,149.1705012,100.868,42.036003095871614,-19.0,10.370000000000001
195.725,5,-35.3527981,149.1705125,100.872,41.832750326550375,-19.52,9.97
195.824,5,-35.352815899999996,149.17052339999998,100.874,41.62837740620525,-20.02,9.56
195.924,5,-35.3528343,149.1705338,100.876,41.40733199409613,-20.5,9.15
196.024,5,-35.3528531,149.1705437,100.876,41.23849996309717,-20.96,8.73
196.124,5,-35.3528723,149.1705532,100.873,41.03322204268702,-21.400000000000002,8.31
196.22400000000002,5,-35.3528918,149.17056209999998,100.866,40.84795657654501,-21.81,7.88
196.324,5,-35.3529116,149.1705706,100.85600000000001,40.70985356662194,-22.21,7.44
196.424,5,-35.3529317,149.1705785,100.842,40.63374476870049,-22.6,6.99
196.524,5,-35.352952,149.1705859,100.828,40.57953014216351,-22.98,6.5200000000000005
196.624,5,-35.352972699999995,149.17059279999998,100.811,40.550378894785894,-23.35,6.03
196.72400000000002,5,-35.3529937,149.1705991,100.793,40.52420902498099,-23.7,5.54
196.824,5,-35.353015,149.1706048,100.774,40.50940458995499,-24.05,5.03
196.924,5,-35.3530365,149.17060999999998,100.756,40.50269734419004,-24.38,4.51
197.024,5,-35.3530584,149.1706147,100.738,40.54655740394527,-24.7,3.97
197.124,5,-35.3530806,149.1706187,100.72200000000001,40.5938359733801,-25.02,3.42
197.22400000000002,5,-35.3531031,149.1706221,100.705,40.277605044997685,-25.32,2.85
197.324,5,-35.3531258,149.1706249,100.69,39.13498269874625,-25.6,2.27
197.424,5,-35.3531488,149.1706271,100.678,37.170873010449874,-25.85,1.72
197.525,5,-35.353172,149.17062869999998,100.673,34.629444997652755,-26.04,1.21
197.625,5,-35.3531956,149.1706298,100.676,32.00271475231134,-26.17,0.76
197.725,5,-35.3532193,149.1706304,100.682,29.440458077640272,-26.26,0.38
197.82500000000002,5,-35.353243,149.1706307,100.686,26.627849356678844,-26.32,0.06
197.924,5,-35.3532669,149.17063059999998,100.678,23.58111711889501,-26.34,-0.19
198.024,5,-35.353290699999995,149.1706304,100.66,20.544356957299396,-26.35,-0.4
198.124,5,-35.3533147,149.1706299,100.628,17.78094096628769,-26.330000000000002,-0.55
198.22400000000002,5,-35.3533385,149.1706293,100.581,15.440660317000155,-26.310000000000002,-0.68
198.324,5,-35.3533624,149.1706285,100.515,13.478282935432023,-26.3,-0.79
198.424,5,-35.353386199999996,149.17062769999998,100.438,11.785034643956257,-26.29,-0.9
198.524,5,-35.3534098,149.17062669999999,100.35600000000001,10.354480550601059,-26.29,-1.0
198.624,6,-35.3534333,149.1706256,100.271,9.06831409497899,-26.29,-1.1
198.72400000000002,6,-35.3534568,149.17062439999998,100.19200000000001,7.812232915103538,-26.29,-1.2
198.824,6,-35.3534803,149.1706231,100.122,6.581721829046496,-26.3,-1.28
198.924,6,-35.3535038,149.1706217,100.068,5.270705010789807,-26.3,-1.34
199.024,6,-35.353527199999995,149.1706203,100.027,3.9711509575076915,-26.3,-1.3900000000000001
199.124,6,-35.3535507,149.1706188,99.997,2.7245955436468785,-26.29,-1.42
199.22400000000002,6,-35.3535742,149.1706173,99.974,1.5578244232546308,-26.28,-1.43
199.324,6,-35.3535976,149.1706158,99.955,0.4739994936689879,-26.26,-1.42
199.424,6,-35.3536211,149.1706144,99.937,-0.5388075301652424,-26.25,-1.4000000000000001
199.524,6,-35.3536445,149.17061289999998,99.914,-1.431336897067105,-26.240000000000002,-1.36
199.625,6,-35.353668,149.1706115,99.884,-2.1758301846411396,-26.240000000000002,-1.32
199.725,6,-35.3536919,149.1706102,99.843,-2.764379261128087,-26.25,-1.27
199.82500000000002,6,-35.3537156,149.1706088,99.797,-3.2045343670468687,-26.26,-1.22
199.924,6,-35.353739399999995,149.17060759999998,99.744,-3.546888207683649,-26.28,-1.17
200.024,6,-35.353763199999996,149.1706063,99.696,-3.7375657449692485,-26.3,-1.11
200.124,6,-35.3537871,149.17060519999998,99.653,-3.8748405944554576,-26.32,-1.05
200.22400000000002,6,-35.3538109,149.1706041,99.619,-3.9657478509873885,-26.34,-0.99
200.324,6,-35.3538348,149.1706031,99.596,-4.029498275379349,-26.36,-0.92
200.424,6,-35.353858699999996,149.1706022,99.583,-4.060702848376199,-26.36,-0.85
200.524,6,-35.353882399999996,149.1706013,99.577,-4.047689630460032,-26.36,-0.79
200.624,6,-35.353905999999995,149.1706005,99.57600000000001,-3.973738318542657,-26.36,-0.74
200.72400000000002,6,-35.3539296,149.1705997,99.577,-3.8283649991349287,-26.35,-0.6900000000000001
200.824,6,-35.3539531,149.17059899999998,99.57600000000001,-3.6390462426073387,-26.34,-0.65
200.924,6,-35.353976599999996,149.1705983,99.574,-3.4662563304277674,-26.330000000000002,-0.6
201.024,6,-35.3540002,149.1705977,99.568,-3.3239548885992525,-26.330000000000002,-0.56
201.124,6,-35.3540236,149.17059709999998,99.556,-3.171532387081248,-26.32,-0.53
201.22400000000002,6,-35.354047099999995,149.17059659999998,99.539,-3.022368526127574,-26.32,-0.49
201.324,6,-35.3540706,149.17059609999998,99.52,-2.8686047462113082,-26.32,-0.45
201.424,6,-35.3540942,149.17059559999998,99.502,-2.7241404822934263,-26.32,-0.41000000000000003
201.524,6,-35.354117699999996,149.17059519999998,99.48700000000001,-2.5545763403928055,-26.32,-0.37
201.624,6,-35.3541412,149.1705948,99.477,-2.3701492799714137,-26.32,-0.33
201.725,6,-35.354165,149.1705945,99.47,-2.187535421331249,-26.32,-0.3
201.82500000000002,6,-35.3541885,149.1705941,99.467,-2.0270150902219592,-26.32,-0.27
201.925,7,-35.3542124,149.1705938,99.468,-1.8611644367957099,-26.330000000000002,-0.25
202.024,7,-35.3542361,149.1705936,99.476,-1.7506821782676396,-26.34,-0.23
202.124,7,-35.3542601,149.1705933,99.48700000000001,-2.0200352772204413,-26.36,-0.22
202.22400000000002,7,-35.354284,149.1705931,99.499,-3.7479600122255388,-26.37,-0.22
202.324,7,-35.354307999999996,149.17059279999998,99.505,-8.057791022370191,-26.37,-0.16
202.424,7,-35.3543318,149.1705927,99.511,-14.843286849548964,-26.310000000000002,0.04
202.524,7,-35.3543555,149.170593,99.516,-23.100056650367257,-26.19,0.41000000000000003
202.624,7,-35.3543789,149.17059369999998,99.514,-31.335907289305094,-26.01,0.9400000000000001
202.72400000000002,7,-35.3544021,149.170595,99.496,-38.20786648118706,-25.78,1.57
202.824,7,-35.3544251,149.1705972,99.464,-42.93782370783966,-25.54,2.2800000000000002
202.924,7,-35.354447799999996,149.1706002,99.423,-45.432055113471996,-25.26,3.09
203.024,7,-35.3544702,149.1706041,99.39,-46.139054824649186,-24.92,3.99
203.124,7,-35.354492199999996,149.1706091,99.38,-45.75843228786647,-24.48,4.95
203.22400000000002,7,-35.3545139,149.1706151,99.401,-44.970901231280244,-23.96,5.87
203.324,7,-35.354535,149.1706221,99.46000000000001,-44.19841708143556,-23.39,6.71
203.424,7,-35.3545556,149.17063,99.551,-43.75232376636369,-22.8,7.46
203.524,7,-35.3545756,149.17063869999998,99.668,-43.66742793007501,-22.21,8.11
203.624,7,-35.3545952,149.170648,99.799,-43.79387863727404,-21.64,8.67
203.72400000000002,7,-35.3546142,149.1706578,99.933,-44.097637640232016,-21.12,9.15
203.82500000000002,7,-35.354633,149.1706683,100.06,-44.40148885074379,-20.64,9.57
203.925,7,-35.3546514,149.1706791,100.17,-44.62307043270276,-20.2,9.94
204.025,7,-35.3546694,149.17069039999998,100.263,-44.73519823321227,-19.79,10.27
204.124,7,-35.3546871,149.170702,100.334,-44.73672136539719,-19.38,10.59
204.22400000000002,7,-35.354704399999996,149.170714,100.384,-44.6382983394573,-18.94,10.9
204.324,7,-35.3547213,149.17072629999998,100.417,-44.57544352362026,-18.47,11.22
204.424,7,-35.354737799999995,149.170739,100.437,-44.50980882079102,-17.96,11.53
204.524,7,-35.3547538,149.170752,100.446,-44.493283178094174,-17.400000000000002,11.85
204.624,7,-35.3547692,149.1707653,100.452,-44.51822361384848,-16.79,12.17
204.72400000000002,7,-35.354783999999995,149.1707788,100.45700000000001,-44.50368897129469,-16.12,12.48
204.824,7,-35.3547981,149.1707927,100.464,-44.54052759658315,-15.43,12.77
204.924,7,-35.354811399999996,149.17080679999998,100.47800000000001,-44.60203345005912,-14.700000000000001,13.040000000000001
205.024,7,-35.354824199999996,149.17082109999998,100.497,-44.63971901880467,-13.96,13.280000000000001
205.124,7,-35.3548362,149.1708357,100.522,-44.68760547507563,-13.22,13.49
205.22400000000002,7,-35.3548476,149.1708505,100.548,-44.7468300453688,-12.49,13.66
205.324,7,-35.3548583,149.1708655,100.575,-44.782446066795835,-11.77,13.81
205.424,7,-35.3548684,149.1708806,100.599,-44.790201746598385,-11.05,13.93
205.524,7,-35.3548779,149.17089579999998,100.624,-44.74932306441586,-10.35,14.02
205.624,7,-35.3548867,149.1709112,100.645,-44.69458592840738,-9.66,14.08
205.72400000000002,7,-35.354895,149.1709265,100.663,-44.68782062603448,-8.96,14.13
205.82500000000002,7,-35.354902599999996,149.170942,100.678,-44.680297172663714,-8.26,14.15
205.925,7,-35.3549097,149.1709577,100.687,-44.71826277916523,-7.5600000000000005,14.15
206.025,7,-35.3549161,149.17097329999999,100.69200000000001,-44.74306319604155,-6.87,14.14
206.125,7,-35.354921999999995,149.1709889,100.693,-44.77159631129927,-6.17,14.1
206.22400000000002,7,-35.3549272,149.1710044,100.691,-44.76848516013233,-5.45,14.040000000000001
206.324,7,-35.354931799999996,149.1710199,100.688,-44.71638447714347,-4.73,13.950000000000001
206.424,7,-35.3549357,149.1710353,100.685,-44.68033815379873,-4.0200000000000005,13.84
206.524,7,-35.354939,149.1710506,100.683,-44.72776015720613,-3.31,13.71
206.624,7,-35.3549416,149.1710656,100.681,-44.720093269862794,-2.61,13.56
206.72400000000002,7,-35.3549436,149.1710804,100.681,-44.7046263064873,-1.9000000000000001,13.370000000000001
206.824,7,-35.354945,149.17109489999999,100.681,-44.699257777799666,-1.2,13.16
206.924,7,-35.3549457,149.1711092,100.68,-44.71422955246034,-0.52,12.93
207.024,7,-35.3549459,149.1711231,100.678,-44.73284181794862,0.14,12.68
207.124,7,-35.3549455,149.1711368,100.674,-44.76754600912145,0.79,12.41
207.22400000000002,7,-35.354944499999995,149.1711501,100.669,-44.816579937172975,1.44,12.120000000000001
207.324,7,-35.3549429,149.1711631,100.663,-44.8736529978776,2.09,11.8
207.424,7,-35.3549408,149.1711758,100.656,-44.86112984603439,2.74,11.450000000000001
207.524,7,-35.354938,149.171188,100.65,-44.82270320176389,3.37,11.09
207.624,7,-35.3549347,149.1711999,100.644,-44.67893454992429,4.0,10.71
207.72400000000002,7,-35.3549309,149.1712114,100.638,-44.181997306670844,4.61,10.3
207.824,7,-35.3549265,149.1712224,100.631,-43.154446572461204,5.19,9.870000000000001
207.925,7,-35.3549216,149.1712329,100.627,-41.37471784080932,5.73,9.44
208.025,7,-35.3549162,149.1712431,100.628,-38.77490878608152,6.21,9.0
208.125,7,-35.3549104,149.1712528,100.636,-35.447001565830355,6.59,8.6
208.225,7,-35.3549043,149.1712621,100.649,-31.500566074721178,6.87,8.24
208.324,7,-35.354898,149.171271,100.664,-27.125111033917864,7.04,7.95
208.424,7,-35.354891699999996,149.17127969999999,100.676,-22.557842083105793,7.12,7.73
208.524,7,-35.3548852,149.1712882,100.674,-18.01171769041679,7.12,7.57
208.624,7,-35.3548788,149.1712966,100.65,-13.772582980163179,7.08,7.45
208.72400000000002,7,-35.3548725,149.1713049,100.59700000000001,-10.083755757563848,7.01,7.38
208.824,7,-35.3548662,149.1713131,100.518,-7.1138823578497,6.95,7.32
208.924,7,-35.354860099999996,149.1713212,100.414,-4.940478597911207,6.890000000000001,7.26
209.024,7,-35.354853999999996,149.1713292,100.295,-3.559606019918213,6.8500000000000005,7.22
209.124,7,-35.354847899999996,149.17133719999998,100.172,-2.803532039884716,6.83,7.19
209.22400000000002,7,-35.3548419,149.1713451,100.055,-2.52599306593336,6.83,7.15
209.324,7,-35.3548359,149.17135299999998,99.95400000000001,-2.5284818161121834,6.8500000000000005,7.11
209.424,7,-35.3548298,149.1713608,99.872,-2.6416215518359176,6.88,7.0600000000000005
209.524,7,-35.3548237,149.1713686,99.813,-2.7138785499523053,6.9,7.0200000000000005
209.624,7,-35.3548176,149.17137639999999,99.772,-2.669208685893599,6.92,6.98
209.72400000000002,7,-35.354811399999996,149.17138409999998,99.749,-2.441710239122695,6.93,6.95
209.824,7,-35.354805299999995,149.17139179999998,99.73400000000001,-2.0923279203865603,6.94,6.93
209.924,7,-35.3547991,149.1713995,99.72,-1.6831380106785605,6.94,6.92
210.025,7,-35.3547929,149.1714072,99.702,-1.2271951359367061,6.94,6.92
210.125,7,-35.3547866,149.1714151,99.675,-0.7982835352479707,6.95,6.94
210.225,7,-35.354780399999996,149.17142289999998,99.64,-0.46515119704264796,6.95,6.95
210.32500000000002,7,-35.3547741,149.1714308,99.596,-0.23729283131899628,6.96,6.97
210.424,7,-35.3547678,149.1714386,99.547,-0.10650802224604833,6.98,6.99
210.524,7,-35.3547614,149.1714466,99.495,-0.07394144015958952,7.0,7.0200000000000005
210.624,7,-35.3547551,149.17145449999998,99.446,-0.09517155574016016,7.03,7.04
210.72400000000002,7,-35.3547487,149.1714625,99.406,-0.11647692346351994,7.05,7.07
210.824,7,-35.3547423,149.1714704,99.376,-0.13748146270860165,7.08,7.09
210.924,7,-35.3547359,149.17147839999998,99.357,-0.19601502329706055,7.09,7.11
211.024,7,-35.3547295,149.1714863,99.34700000000001,-0.23162905703232187,7.11,7.13
211.124,7,-35.3547231,149.17149419999998,99.342,-0.2517977785581497,7.12,7.15
211.22400000000002,7,-35.3547167,149.1715022,99.336,-0.24916423370500734,7.140000000000001,7.17
211.324,7,-35.3547102,149.1715101,99.327,-0.2836345709400485,7.15,7.18
211.424,7,-35.354703799999996,149.1715181,99.316,-0.2623334520746002,7.16,7.19
211.524,7,-35.3546973,149.171526,99.305,-0.17975813253579884,7.17,7.21
211.624,7,-35.3546909,149.17153399999998,99.296,-0.14682861660840377,7.19,7.22
211.72400000000002,7,-35.3546844,149.171542,99.287,-0.1421747898441789,7.2,7.24
211.824,7,-35.3546779,149.1715501,99.278,-0.17078223676998394,7.21,7.25
211.924,7,-35.3546714,149.1715581,99.267,-0.2432573473725628,7.23,7.2700000000000005
212.024,7,-35.354664899999996,149.1715661,99.258,-0.2551657021492007,7.24,7.28
212.125,7,-35.3546583,149.1715743,99.254,-0.2800613414675005,7.26,7.29
212.225,7,-35.3546517,149.1715824,99.255,-0.297965188272808,7.2700000000000005,7.3100000000000005
212.32500000000002,7,-35.354645,149.17159049999998,99.259,-0.3097130869648035,7.29,7.32
212.424,7,-35.3546384,149.1715987,99.267,-0.28717581058128855,7.3,7.33
212.524,7,-35.3546317,149.171607,99.276,-0.2648455743069897,7.32,7.34
212.624,7,-35.354625,149.1716152,99.286,-0.21521101649533017,7.34,7.3500000000000005
212.72400000000002,7,-35.3546182,149.1716234,99.295,-0.21037061350897288,7.36,7.3500000000000005
212.824,7,-35.3546115,149.17163159999998,99.303,-0.22279443412453517,7.37,7.36
212.924,7,-35.354604699999996,149.1716399,99.309,-0.21168571840889122,7.38,7.37
213.024,7,-35.3545979,149.1716481,99.31700000000001,-0.21626950905369702,7.390000000000001,7.37
213.124,7,-35.3545912,149.1716562,99.32600000000001,-0.1842864945946644,7.4,7.38
213.22400000000002,7,-35.3545845,149.1716644,99.336,-0.10050362562505259,7.4,7.38
213.324,7,-35.3545778,149.1716725,99.349,-0.03973602288388425,7.4,7.390000000000001
213.424,7,-35.3545711,149.1716806,99.364,0.020014620385259394,7.41,7.390000000000001
213.524,7,-35.3545644,149.1716887,99.379,0.11444799709426914,7.4,7.390000000000001
213.624,7,-35.354557799999995,149.1716968,99.395,0.14960155334950995,7.4,7.390000000000001
213.72400000000002,7,-35.3545511,149.17170489999998,99.408,0.13274904874828197,7.4,7.390000000000001
213.824,7,-35.3545444,149.17171299999998,99.418,0.12486443578493527,7.4,7.4
213.924,7,-35.3545377,149.1717212,99.423,0.13960690552051855,7.41,7.41
214.024,7,-35.354531,149.17172929999998,99.428,0.1147125868833278,7.41,7.41
214.124,7,-35.354524399999995,149.17173739999998,99.434,0.0815163133822254,7.41,7.42
214.225,7,-35.3545176,149.17174559999998,99.44200000000001,0.06054250998840874,7.41,7.42
214.32500000000002,7,-35.3545108,149.1717538,99.45,0.042182764731269425,7.42,7.43
214.425,7,-35.3545041,149.1717621,99.461,0.02703121235463267,7.42,7.43
214.524,7,-35.3544973,149.1717703,99.476,0.02596114549376848,7.43,7.44
214.624,7,-35.3544905,149.17177859999998,99.494,0.016206396386687215,7.43,7.44
214.72400000000002,7,-35.354483699999996,149.1717868,99.512,3.175787248818165e-05,7.44,7.44
214.824,7,-35.3544769,149.1717951,99.53,-0.03447256505064938,7.45,7.44
214.924,7,-35.3544701,149.1718034,99.546,-0.07170477999003513,7.46,7.44
215.024,7,-35.3544633,149.17181159999998,99.558,-0.07723475193808604,7.47,7.45
215.124,7,-35.3544565,149.17181979999998,99.56700000000001,-0.03451924579176884,7.47,7.44
215.22400000000002,7,-35.354449699999996,149.171828,99.57600000000001,-0.01923481988885422,7.48,7.44
215.324,7,-35.354442999999996,149.1718361,99.584,0.009869078903216274,7.47,7.44
215.424,7,-35.354436299999996,149.1718443,99.595,0.08584048346739799,7.47,7.44
215.524,7,-35.354429599999996,149.1718524,99.607,0.1321996720873455,7.46,7.44
215.624,7,-35.3544228,149.17186049999998,99.62,0.18519522991939344,7.46,7.44
215.72400000000002,7,-35.3544161,149.1718687,99.63,0.22129698185007599,7.46,7.44
215.824,7,-35.3544094,149.1718768,99.638,0.2239306067444977,7.46,7.44
215.924,7,-35.3544027,149.17188489999998,99.646,0.24412179318939253,7.45,7.44
216.024,7,-35.354396,149.17189299999998,99.654,0.2358297834544384,7.45,7.44
216.124,7,-35.3543893,149.17190119999998,99.662,0.23418949751700396,7.45,7.44
216.225,7,-35.3543826,149.17190929999998,99.67,0.2273112035381102,7.44,7.44
216.32500000000002,7,-35.3543758,149.1719176,99.68,0.2153972458719188,7.44,7.44
216.425,7,-35.354369,149.1719258,99.688,0.2350118416209029,7.45,7.44
216.525,7,-35.3543622,149.1719341,99.69500000000001,0.23492035443862178,7.45,7.45
216.624,7,-35.3543555,149.17194229999998,99.70100000000001,0.19039700594173994,7.45,7.46
216.72400000000002,7,-35.3543486,149.1719506,99.708,0.15209010342513501,7.45,7.47
216.824,7,-35.3543419,149.1719589,99.717,0.11603284110555011,7.46,7.48
216.924,7,-35.3543351,149.17196719999998,99.72500000000001,0.0417478604399968,7.46,7.48
217.024,7,-35.3543283,149.1719755,99.732,0.002664975646140004,7.46,7.48
217.124,7,-35.3543215,149.1719837,99.74000000000001,-0.02330630132268944,7.46,7.48
217.22400000000002,7,-35.3543148,149.171992,99.748,-0.019435086504806413,7.47,7.48
217.324,7,-35.3543081,149.1720001,99.756,-0.00177791420752202,7.47,7.48
217.424,7,-35.3543014,149.1720083,99.764,0.02111476609188742,7.47,7.48
217.524,7,-35.3542947,149.17201649999998,99.773,0.0027152732525694704,7.47,7.47
217.624,7,-35.354288,149.17202469999998,99.782,-0.0054926948066084435,7.47,7.46
217.72400000000002,7,-35.3542813,149.17203279999998,99.79,0.01517581322190886,7.47,7.46
217.824,7,-35.3542746,149.172041,99.797,0.03245139268033426,7.47,7.46
217.924,7,-35.354267899999996,149.17204909999998,99.805,0.049029665853396895,7.47,7.46
218.024,7,-35.354261199999996,149.1720573,99.812,0.051999083924953324,7.47,7.46
218.124,7,-35.354254499999996,149.17206539999998,99.816,0.01726215086629012,7.47,7.46
218.22400000000002,7,-35.354247799999996,149.1720736,99.819,0.0030491760798023685,7.47,7.45
218.32500000000002,7,-35.354241099999996,149.1720818,99.822,0.014317990820944182,7.47,7.45
218.425,7,-35.3542343,149.17209,99.824,0.035930310180451244,7.48,7.45
218.525,7,-35.3542275,149.1720983,99.822,0.03971936095756912,7.48,7.45
218.625,7,-35.3542207,149.17210649999998,99.818,0.07581867496428521,7.48,7.46
218.72400000000002,7,-35.3542139,149.1721148,99.81700000000001,0.14446247632931003,7.48,7.47
218.824,7,-35.354207099999996,149.1721231,99.821,0.17127561121581159,7.48,7.47
218.924,7,-35.354200299999995,149.17213139999998,99.83,0.14673982414919362,7.49,7.48
219.024,7,-35.3541935,149.1721397,99.842,0.15274809610213053,7.49,7.48
219.124,7,-35.3541866,149.172148,99.852,0.1758455280388658,7.49,7.48
219.22400000000002,7,-35.3541798,149.17215629999998,99.86200000000001,0.18606753312181135,7.49,7.48
219.324,7,-35.3541731,149.1721646,99.868,0.2113213438249269,7.49,7.48
219.424,7,-35.354166299999996,149.1721728,99.873,0.25680777567520696,7.49,7.49
219.524,7,-35.354159599999996,149.172181,99.875,0.2710513347764752,7.49,7.49
219.624,7,-35.354152899999995,149.1721892,99.875,0.23855612283075772,7.49,7.49
219.72400000000002,7,-35.354146199999995,149.1721974,99.875,0.17660689402812388,7.49,7.49
219.824,7,-35.354139499999995,149.17220559999998,99.874,0.1209068214085889,7.49,7.49
219.924,7,-35.354132799999995,149.17221379999998,99.873,0.11993439990593478,7.49,7.49
220.024,7,-35.354126099999995,149.172222,99.875,0.12000585008795546,7.48,7.49
220.124,7,-35.3541194,149.1722302,99.879,0.10031901708437052,7.48,7.49
220.22400000000002,7,-35.3541127,149.1722384,99.884,0.08545302364445183,7.48,7.48
220.324,7,-35.354106,149.1722466,99.888,0.06843930923653435,7.48,7.48
220.425,7,-35.3540993,149.1722548,99.892,0.06679027878933246,7.48,7.47
220.525,7,-35.3540924,149.17226309999998,99.897,0.07753714122131117,7.48,7.47
220.625,7,-35.3540857,149.1722714,99.901,0.09878796748291002,7.48,7.47
220.725,7,-35.3540789,149.1722797,99.905,0.10163324153021618,7.48,7.48
220.824,7,-35.354072099999996,149.17228799999998,99.908,0.064028707909892,7.49,7.49
220.924,7,-35.354065299999995,149.1722963,99.911,0.02325349575617411,7.49,7.49
221.024,7,-35.3540585,149.1723046,99.912,0.00899254601944346,7.49,7.49
221.124,7,-35.3540517,149.172313,99.914,-0.00820431700957153,7.49,7.5
221.22400000000002,7,-35.3540449,149.1723213,99.916,-0.009986434426462854,7.49,7.5
221.324,7,-35.3540381,149.1723295,99.919,0.01384276073262604,7.49,7.5
221.424,7,-35.3540314,149.17233779999998,99.924,0.016011939433593497,7.49,7.5
221.524,7,-35.3540247,149.172346,99.93,0.031945335026785156,7.49,7.5
221.624,7,-35.354017999999996,149.1723543,99.934,0.061752220533761296,7.48,7.5
221.72400000000002,7,-35.354011299999996,149.1723625,99.938,0.06288515148191072,7.49,7.5
221.824,7,-35.354004599999996,149.1723707,99.938,0.06982826555685347,7.49,7.5
221.924,7,-35.353997899999996,149.17237889999998,99.935,0.1492331500211524,7.5,7.49
222.024,7,-35.353991199999996,149.17238709999998,99.931,0.6682692302103383,7.5,7.49
222.124,7,-35.353984499999996,149.1723953,99.927,1.852265767524241,7.49,7.5
222.22400000000002,7,-35.353977799999996,149.1724035,99.924,3.8318547989139824,7.45,7.53
222.324,7,-35.353971099999995,149.1724118,99.921,6.516274102645788,7.38,7.6000000000000005
222.424,7,-35.3539646,149.1724202,99.918,9.569328107393291,7.2700000000000005,7.72
222.525,7,-35.3539581,149.1724288,99.916,12.742050868380826,7.12,7.86
222.625,7,-35.3539518,149.1724376,99.914,15.833806005626089,6.93,8.05
222.725,7,-35.353945599999996,149.1724467,99.912,18.5119436697556,6.72,8.26
222.82500000000002,7,-35.3539397,149.17245599999998,99.909,20.641584700134526,6.5,8.49
222.924,7,-35.3539339,149.17246559999998,99.906,22.220478549431355,6.26,8.73
223.024,7,-35.3539283,149.1724755,99.904,23.235391726129183,6.01,8.98
223.124,7,-35.353923,149.17248569999998,99.905,23.84364056228633,5.75,9.22
223.22400000000002,7,-35.3539179,149.1724961,99.912,24.18061648272537,5.49,9.46
223.324,7,-35.3539131,149.17250679999998,99.923,24.34083223008636,5.22,9.69
223.424,7,-35.353908499999996,149.1725177,99.937,24.30197186880357,4.96,9.91
223.524,7,-35.353904199999995,149.17252879999998,99.95100000000001,24.099171599514843,4.69,10.11
223.624,7,-35.3539001,149.17254,99.964,23.884338244455847,4.43,10.3
223.72400000000002,7,-35.3538962,149.1725515,99.977,23.67570328606864,4.17,10.48
223.824,7,-35.3538926,149.1725631,99.992,23.402166162640675,3.91,10.65
223.924,7,-35.3538892,149.1725748,100.008,23.025863720507992,3.64,10.81
224.024,7,-35.3538861,149.1725868,100.024,22.588750396647395,3.38,10.96
224.124,7,-35.3538832,149.1725989,100.04,22.088244379552616,3.12,11.1
224.22400000000002,7,-35.353880499999995,149.17261109999998,100.056,21.4808083359067,2.87,11.23
224.324,7,-35.353878099999996,149.1726235,100.07000000000001,20.73174661227328,2.63,11.35
224.424,7,-35.3538758,149.17263599999998,100.084,19.9284890451231,2.4,11.450000000000001
224.524,7,-35.353873799999995,149.1726486,100.096,19.07146422882658,2.19,11.540000000000001
224.625,7,-35.3538719,149.17266139999998,100.104,18.163641588125383,1.99,11.620000000000001
224.725,7,-35.353870199999996,149.1726744,100.11,17.27089659001699,1.79,11.71
224.82500000000002,7,-35.3538687,149.1726874,100.114,16.385181564111832,1.6,11.78
224.924,7,-35.3538673,149.1727005,100.117,15.444724279556313,1.43,11.84
225.024,7,-35.3538661,149.1727137,100.118,14.488731729733601,1.27,11.9
225.124,7,-35.353865,149.17272699999998,100.117,13.562615281114171,1.12,11.96
225.22400000000002,7,-35.353864,149.1727403,100.113,12.69995982762062,0.98,12.0
225.324,7,-35.3538632,149.1727536,100.105,11.856361455685054,0.85,12.05
225.424,7,-35.3538624,149.172767,100.09700000000001,11.048767572185563,0.72,12.09
225.524,7,-35.3538618,149.1727804,100.089,10.257269883238852,0.6,12.13
225.624,7,-35.3538613,149.1727937,100.084,9.472132807956717,0.49,12.16
225.72400000000002,7,-35.3538609,149.172807,100.081,8.706693998240898,0.39,12.18
225.824,7,-35.3538606,149.1728204,100.07900000000001,7.963652232587197,0.3,12.200000000000001
225.924,7,-35.3538603,149.17283369999998,100.075,7.226495528677108,0.21,12.22
226.024,7,-35.3538602,149.17284709999998,100.072,6.5360240215177035,0.13,12.23
226.124,7,-35.3538601,149.17286049999998,100.069,5.8688887094312925,0.07,12.25
226.22400000000002,7,-35.35386,149.17287389999998,100.065,5.224961526370939,0.01,12.26
226.324,7,-35.35386,149.17288729999999,100.063,4.581459522586419,-0.03,12.26
226.424,7,-35.35386,149.17290069999999,100.063,3.9645132942949086,-0.07,12.27
226.524,7,-35.3538601,149.17291409999999,100.06,3.380473209877227,-0.11,12.27
226.624,7,-35.3538602,149.17292759999998,100.056,2.8865929031641833,-0.14,12.27
226.725,7,-35.3538602,149.1729412,100.05,2.42127879543766,-0.16,12.27
226.82500000000002,7,-35.3538603,149.1729546,100.043,1.981013552718512,-0.18,12.280000000000001
226.925,7,-35.353860399999995,149.17296819999999,100.034,1.5996682965442446,-0.19,12.290000000000001
227.024,7,-35.3538606,149.1729818,100.024,1.2760895787187714,-0.19,12.290000000000001
227.124,7,-35.3538607,149.17299549999998,100.012,1.0068898388571779,-0.2,12.3
227.22400000000002,7,-35.3538609,149.1730091,100.001,0.7929311748987665,-0.21,12.31
227.324,7,-35.353860999999995,149.1730229,99.99000000000001,0.6226411119554202,-0.21,12.32
227.424,7,-35.3538612,149.1730366,99.98100000000001,0.4868223200620406,-0.22,12.33
227.524,7,-35.3538614,149.1730502,99.973,0.3003969490607441,-0.22,12.33
227.624,7,-35.3538615,149.1730637,99.96600000000001,0.19511442550239735,-0.21,12.34
227.72400000000002,7,-35.353861699999996,149.1730773,99.962,0.07674989521840109,-0.21,12.34
227.824,7,-35.3538619,149.17309079999998,99.959,-0.039560842538897315,-0.2,12.34
227.924,7,-35.353862,149.1731044,99.95700000000001,-0.12618910561773428,-0.2,12.34
228.024,7,-35.3538622,149.1731179,99.955,-0.17649454275236245,-0.19,12.34
228.124,7,-35.353862299999996,149.1731314,99.95400000000001,-0.24760382896435032,-0.19,12.34
228.22400000000002,7,-35.3538625,149.17314489999998,99.952,-0.2632485106603968,-0.18,12.33
228.324,7,-35.3538626,149.1731585,99.95100000000001,-0.2575380723078694,-0.19,12.33
228.424,7,-35.3538628,149.173172,99.949,-0.2948384557368231,-0.18,12.33
228.524,7,-35.353862899999996,149.1731855,99.947,-0.3682731545569358,-0.18,12.33
228.624,7,-35.353863,149.1731991,99.943,-0.41233345091264517,-0.17,12.33
228.725,7,-35.3538632,149.1732126,99.938,-0.4475162889359097,-0.17,12.33
228.82500000000002,7,-35.3538633,149.17322629999998,99.932,-0.4591197131187036,-0.16,12.33
228.925,7,-35.3538634,149.17324,99.93,-0.4453533334444107,-0.15,12.33
229.025,7,-35.3538636,149.17325359999998,99.93,-0.44196716044167106,-0.15,12.33
229.124,7,-35.3538637,149.1732674,99.932,-0.42833164825909265,-0.14,12.34
229.22400000000002,7,-35.3538638,149.1732811,99.933,-0.4750534238744326,-0.13,12.34
229.324,7,-35.3538639,149.1732949,99.934,-0.4867896098592186,-0.13,12.34
229.424,7,-35.353864,149.17330859999998,99.934,-0.4856802377276204,-0.12,12.35
229.524,7,-35.353864099999996,149.1733223,99.933,-0.5366314745843586,-0.11,12.35
229.624,7,-35.3538642,149.1733361,99.931,-0.5902125477149632,-0.11,12.36
229.72400000000002,7,-35.3538643,149.1733497,99.93,-0.6235226866060278,-0.1,12.36
229.824,7,-35.3538644,149.1733633,99.928,-0.6698114122197332,-0.09,12.35
229.924,7,-35.3538644,149.1733769,99.926,-0.6917105461635279,-0.07,12.35
230.024,7,-35.3538645,149.1733904,99.926,-0.6939405495666842,-0.07,12.34
230.124,7,-35.3538646,149.173404,99.927,-0.7141975032627668,-0.05,12.34
230.22400000000002,7,-35.3538646,149.1734175,99.929,-0.6310316258248106,-0.04,12.34
230.324,7,-35.3538646,149.173431,99.931,-0.5187559090310833,-0.03,12.33
230.424,7,-35.3538646,149.1734445,99.934,-0.4225160356655177,-0.03,12.33
230.524,7,-35.353864699999995,149.17345799999998,99.938,-0.2952970655869924,-0.02,12.32
230.624,7,-35.353864699999995,149.1734715,99.94200000000001,-0.25856761660354305,-0.01,12.32
230.72400000000002,7,-35.353864699999995,149.173485,99.944,-0.20226305890224872,-0.01,12.31
230.82500000000002,7,-35.353864699999995,149.1734985,99.94500000000001,-0.1594067834909525,-0.01,12.31
230.925,7,-35.353864699999995,149.1735123,99.944,-0.1129277463954124,-0.01,12.32
231.025,7,-35.353864699999995,149.1735259,99.94200000000001,-0.0441025681563587,-0.01,12.32
231.125,7,-35.353864699999995,149.1735396,99.94200000000001,0.015381297528757774,-0.01,12.33
231.22400000000002,7,-35.353864699999995,149.17355329999998,99.944,0.029647239840287012,-0.01,12.34
231.324,7,-35.353864699999995,149.17356709999999,99.947,0.019761034604582794,-0.01,12.34
231.424,7,-35.353864699999995,149.1735808,99.949,0.03196451158329276,-0.01,12.34
231.524,7,-35.353864699999995,149.1735945,99.949,0.05618136083218287,-0.01,12.35
231.624,7,-35.3538648,149.1736082,99.94800000000001,0.07115140793523848,-0.01,12.35
231.72400000000002,7,-35.3538648,149.1736218,99.947,0.07181413638792807,-0.01,12.35
231.824,7,-35.3538648,149.1736354,99.947,0.040491589215443775,-0.02,12.35
231.924,7,-35.3538648,149.17364899999998,99.94800000000001,0.03633725671986244,-0.02,12.34
232.024,7,-35.3538648,149.1736625,99.949,0.051881443254649114,-0.02,12.34
232.124,7,-35.3538648,149.173676,99.949,0.04889574011780109,-0.02,12.34
232.22400000000002,7,-35.3538649,149.1736895,99.949,0.037877127537316445,-0.02,12.33
232.324,7,-35.3538649,149.173703,99.947,-0.026163481510296845,-0.02,12.33
232.424,7,-35.3538649,149.17371649999998,99.94500000000001,-0.07935444511810397,-0.02,12.33
232.524,7,-35.3538649,149.17373,99.943,-0.11072970614313768,-0.01,12.32
232.624,7,-35.3538649,149.1737435,99.943,-0.11531696524338138,-0.01,12.32
232.72400000000002,7,-35.3538649,149.173757,99.946,-0.1414290052239649,-0.01,12.32
232.824,7,-35.3538649,149.17377059999998,99.949,-0.1370177702371945,0.0,12.33
232.925,7,-35.353865,149.1737841,99.953,-0.08870363340042255,0.0,12.32
233.025,7,-35.353865,149.1737977,99.959,-0.07721855691923371,-0.01,12.32
233.125,7,-35.353865,149.1738114,99.964,-0.08675319417566739,0.0,12.33
233.225,7,-35.353865,149.173825,99.967,-0.10163861763614492,0.0,12.33
233.324,7,-35.353865,149.1738388,99.971,-0.13416449873206132,0.0,12.34
233.424,7,-35.353865,149.17385249999998,99.976,-0.20033043553225247,0.0,12.34
233.524,7,-35.353865,149.1738663,99.97800000000001,-0.24002568071936828,0.0,12.34
233.624,7,-35.353865,149.17388,99.979,-0.26441281779004594,0.0,12.35
233.72400000000002,7,-35.353865,149.17389369999998,99.98,-0.29906356806871065,0.01,12.35
233.824,7,-35.353865,149.17390749999998,99.982,-0.25718621084390797,0.01,12.35
233.924,7,-35.353865,149.1739211,99.985,-0.19566377548290736,0.02,12.35
234.024,7,-35.353865,149.1739347,99.99000000000001,-0.1499908207713478,0.01,12.35
234.124,7,-35.3538649,149.17394819999998,99.995,-0.1257941152444239,0.01,12.34
234.22400000000002,7,-35.3538649,149.1739618,100.0,-0.10126436462428921,0.01,12.33
234.324,7,-35.3538649,149.1739753,100.003,-0.07403250712515415,0.01,12.33
234.424,7,-35.3538649,149.1739888,100.006,-0.05171841584390803,0.01,12.32
234.524,7,-35.3538648,149.17400229999998,100.007,-0.026763249159155324,0.01,12.32
234.624,7,-35.3538648,149.1740158,100.006,0.0001659031255916548,0.01,12.31
234.72400000000002,7,-35.3538648,149.1740293,100.004,0.03923225307690284,0.01,12.3
234.824,7,-35.353864699999995,149.1740428,100.004,0.046493317793794973,0.01,12.3
234.924,7,-35.353864699999995,149.1740562,100.006,0.03565672241757389,0.01,12.3
235.025,7,-35.353864699999995,149.1740697,100.01,0.05356497482829817,0.01,12.290000000000001
235.125,7,-35.353864699999995,149.1740835,100.013,0.0520169498055118,0.0,12.290000000000001
235.225,7,-35.3538646,149.17409709999998,100.015,0.07190493654922823,0.0,12.290000000000001
235.324,7,-35.3538646,149.1741108,100.015,0.0900474397690895,0.0,12.3
235.424,7,-35.3538646,149.17412439999998,100.014,0.07725293464870855,0.0,12.3
235.524,7,-35.3538646,149.1741381,100.012,0.07113293173992508,0.0,12.31
235.624,7,-35.3538646,149.1741518,100.01,0.07741073603091965,-0.01,12.32
235.72400000000002,7,-35.3538646,149.1741655,100.005,0.06618333910834012,-0.01,12.33
235.824,7,-35.3538646,149.1741792,100.0,0.034763978673445536,-0.01,12.33
235.924,7,-35.3538646,149.1741928,99.994,0.014144051115786947,-0.01,12.34
236.024,7,-35.3538646,149.1742064,99.991,0.0063025924915706385,-0.01,12.34
236.124,7,-35.3538645,149.17422,99.993,-0.02365510621029623,0.0,12.33
236.22400000000002,7,-35.3538645,149.17423349999999,99.997,-0.069335231286463,0.0,12.33
236.324,7,-35.3538645,149.17424699999998,100.003,-0.07448055152645112,0.0,12.32
236.424,7,-35.3538645,149.1742605,100.01,-0.09830352430983497,0.0,12.32
236.524,7,-35.3538645,149.174274,100.015,-0.1234287486976971,0.0,12.32
236.624,7,-35.3538645,149.1742875,100.02,-0.1120748532032335,0.0,12.31
236.72400000000002,7,-35.3538644,149.17430099999999,100.023,-0.10601666884252392,0.0,12.31
236.824,7,-35.3538644,149.17431449999998,100.022,-0.08175135459899581,-0.01,12.3
236.924,7,-35.3538644,149.174328,100.018,-0.004088750339851981,-0.01,12.3
237.024,7,-35.3538644,149.1743415,100.011,0.08551391504770675,-0.01,12.3
237.125,7,-35.3538644,149.17435509999999,100.001,0.48790864030519,0.0,12.3
237.225,7,-35.3538643,149.17436859999998,99.992,1.8477183556408934,0.0,12.3
237.32500000000002,7,-35.3538643,149.1743823,99.985,4.392561676466431,-0.04,12.33
237.424,7,-35.3538643,149.174396,99.982,7.795367470495484,-0.17,12.38
237.524,7,-35.3538645,149.1744098,99.98100000000001,11.310713010818368,-0.37,12.46
237.624,7,-35.353865,149.1744237,99.982,14.606236596667207,-0.61,12.55
237.72400000000002,7,-35.3538656,149.1744378,99.985,17.790996712293243,-0.88,12.65
237.824,7,-35.353866599999996,149.17445189999998,99.98700000000001,20.802254655075323,-1.18,12.76
237.924,7,-35.353867799999996,149.1744661,99.989,23.35667710276839,-1.51,12.88
238.024,7,-35.3538693,149.1744804,99.989,25.34030576416537,-1.86,13.0
238.124,7,-35.3538711,149.1744948,99.986,26.905274565291837,-2.23,13.120000000000001
238.22400000000002,7,-35.3538733,149.17450929999998,99.979,28.268322483985212,-2.62,13.24
238.324,7,-35.3538758,149.1745239,99.974,29.619740298069352,-3.0500000000000003,13.36
238.424,7,-35.3538788,149.1745386,99.973,30.9717250178546,-3.5100000000000002,13.47
238.524,7,-35.3538822,149.1745535,99.976,32.38463844013095,-4.01,13.59
238.624,7,-35.353885999999996,149.1745685,99.98400000000001,33.83090709121905,-4.54,13.69
238.72400000000002,7,-35.353890299999996,149.1745836,99.997,35.24576711740885,-5.1000000000000005,13.790000000000001
238.824,7,-35.3538952,149.17459879999998,100.013,36.577906722560634,-5.69,13.870000000000001
238.924,7,-35.353900599999996,149.17461409999999,100.033,37.73331518293833,-6.29,13.950000000000001
239.024,7,-35.3539065,149.17462949999998,100.053,38.71158268719174,-6.9,14.0
239.124,7,-35.353913,149.174645,100.074,39.517384499807754,-7.53,14.040000000000001
239.225,7,-35.353920099999996,149.17466059999998,100.09700000000001,40.02504514005812,-8.18,14.06
239.32500000000002,7,-35.3539278,149.1746762,100.123,40.33537820009224,-8.85,14.06
239.425,7,-35.3539362,149.1746918,100.153,40.56207559373954,-9.51,14.040000000000001
239.524,7,-35.3539451,149.17470749999998,100.187,40.73667571949258,-10.18,13.99
239.624,7,-35.353954699999996,149.174723,100.226,40.94700456479395,-10.86,13.91
239.72400000000002,7,-35.3539649,149.1747385,100.27,41.166164844692155,-11.53,13.8
239.824,7,-35.3539757,149.1747538,100.315,41.409517654630534,-12.19,13.67
239.924,7,-35.3539871,149.174769,100.36200000000001,41.680495164667036,-12.83,13.52
240.024,7,-35.353999,149.1747839,100.409,41.969644392990354,-13.46,13.34
240.124,7,-35.3540114,149.17479849999998,100.45400000000001,42.175653143641696,-14.07,13.15
240.22400000000002,7,-35.3540243,149.1748129,100.497,42.27463966018811,-14.67,12.93
240.324,7,-35.3540377,149.174827,100.537,42.35953891157136,-15.24,12.700000000000001
240.424,7,-35.3540516,149.1748408,100.57000000000001,42.50545224281035,-15.790000000000001,12.450000000000001
240.524,7,-35.3540659,149.1748542,100.59700000000001,42.69165685996323,-16.34,12.18
240.624,7,-35.3540808,149.17486739999998,100.619,42.93443593401134,-16.91,11.88
240.72400000000002,7,-35.3540961,149.1748802,100.639,43.194461235713725,-17.490000000000002,11.55
240.824,7,-35.354112,149.1748926,100.659,43.41607355352396,-18.07,11.200000000000001
240.924,7,-35.3541284,149.17490469999998,100.677,43.620395247450304,-18.64,10.82
241.024,7,-35.3541453,149.1749163,100.69200000000001,43.819034223987195,-19.21,10.43
241.124,7,-35.354162699999996,149.1749275,100.708,43.909493249354846,-19.79,9.99
241.225,7,-35.3541807,149.17493819999999,100.726,43.91729674048159,-20.34,9.540000000000001
241.32500000000002,7,-35.3541995,149.1749486,100.743,43.866405000975824,-20.91,9.08
241.425,7,-35.354218599999996,149.1749583,100.76,43.82119597885951,-21.44,8.59
241.525,7,-35.3542383,149.1749676,100.777,43.68553476156472,-21.96,8.09
241.624,7,-35.3542583,149.1749763,100.793,43.44968149933501,-22.44,7.59
241.72400000000002,7,-35.3542789,149.1749844,100.807,43.14971666646097,-22.900000000000002,7.07
241.824,7,-35.3542998,149.17499189999998,100.821,42.807145113544394,-23.330000000000002,6.55
241.924,7,-35.3543212,149.1749989,100.836,42.45407555987351,-23.740000000000002,6.01
242.024,7,-35.3543428,149.17500529999998,100.851,42.065499267802316,-24.11,5.48
242.124,7,-35.3543646,149.17501099999998,100.86500000000001,41.637434237044694,-24.44,4.96
242.22400000000002,7,-35.3543867,149.1750161,100.874,41.26387411586377,-24.740000000000002,4.44
242.324,7,-35.354408899999996,149.1750207,100.881,40.93393158272255,-25.01,3.93
242.424,7,-35.3544313,149.1750247,100.884,40.637453561419804,-25.27,3.41
242.524,7,-35.354453899999996,149.1750281,100.882,40.09401639029691,-25.51,2.88
242.624,7,-35.3544768,149.175031,100.877,38.8679803588067,-25.740000000000002,2.35
242.72400000000002,7,-35.3544998,149.1750333,100.87,36.884793952158475,-25.93,1.84
242.824,7,-35.354523,149.17503499999998,100.864,34.49606506354075,-26.080000000000002,1.37
242.924,7,-35.354546299999996,149.1750363,100.86200000000001,32.15878457484614,-26.18,0.96
243.024,7,-35.3545697,149.1750371,100.858,29.955942699584888,-26.25,0.58
243.124,7,-35.354593099999995,149.1750376,100.85000000000001,27.586794255770293,-26.3,0.24
243.22400000000002,7,-35.3546166,149.1750377,100.834,24.956303991290792,-26.32,-0.03
243.32500000000002,7,-35.3546401,149.1750376,100.81,22.296384149225,-26.32,-0.27
243.425,7,-35.3546638,149.17503729999999,100.776,19.792288242883878,-26.310000000000002,-0.46
243.525,7,-35.3546875,149.1750367,100.72800000000001,17.55630628976973,-26.3,-0.63
243.625,7,-35.3547112,149.175036,100.67,15.569653562117724,-26.3,-0.79
243.72400000000002,7,-35.3547351,149.1750351,100.59700000000001,13.75593695538221,-26.3,-0.93
243.824,8,-35.3547589,149.17503399999998,100.518,12.016198981320754,-26.310000000000002,-1.06
243.924,8,-35.3547827,149.1750328,100.436,10.357865763108446,-26.32,-1.18
244.024,8,-35.354806599999996,149.1750315,100.358,8.738739538279304,-26.330000000000002,-1.28
244.124,8,-35.3548305,149.1750301,100.287,7.147246551284743,-26.35,-1.37
244.22400000000002,8,-35.3548543,149.1750286,100.227,5.6164756535588864,-26.36,-1.44
244.324,8,-35.354878,149.175027,100.18,4.147371972528136,-26.36,-1.49
244.424,8,-35.3549016,149.17502539999998,100.141,2.7295653600417094,-26.35,-1.51
244.524,8,-35.354925099999996,149.1750238,100.108,1.3879148231923952,-26.34,-1.51
244.624,8,-35.3549487,149.1750222,100.078,0.1461862319808788,-26.32,-1.5
244.72400000000002,8,-35.3549721,149.1750207,100.051,-0.9762688201475413,-26.310000000000002,-1.46
244.824,8,-35.354995599999995,149.17501919999998,100.02,-1.9325017072516733,-26.29,-1.42
244.924,8,-35.355019,149.17501769999998,99.985,-2.7305407964325514,-26.28,-1.37
245.024,8,-35.355042499999996,149.17501629999998,99.94500000000001,-3.326630615206605,-26.27,-1.31
245.124,8,-35.3550659,149.175015,99.903,-3.731281544046014,-26.26,-1.25
245.22400000000002,8,-35.3550894,149.1750137,99.86,-4.008419884713867,-26.26,-1.19
245.324,8,-35.3551128,149.17501249999998,99.818,-4.182221305220834,-26.26,-1.12
245.425,8,-35.3551363,149.1750113,99.777,-4.256541020466566,-26.26,-1.06
245.525,8,-35.3551602,149.1750103,99.739,-4.253531041476705,-26.27,-0.99
245.625,8,-35.3551839,149.1750092,99.70700000000001,-4.216306083613313,-26.28,-0.93
245.725,8,-35.3552077,149.1750083,99.681,-4.199304035221859,-26.29,-0.87
245.824,8,-35.355231499999995,149.1750074,99.662,-4.08548618977959,-26.310000000000002,-0.81
245.924,8,-35.3552554,149.1750066,99.646,-3.9839118853113913,-26.32,-0.75
246.024,8,-35.3552792,149.17500579999998,99.631,-3.862357569973613,-26.330000000000002,-0.6900000000000001
246.124,8,-35.3553031,149.1750051,99.618,-3.6597869657957287,-26.34,-0.64
246.22400000000002,8,-35.355326999999996,149.1750044,99.604,-3.4756999207289563,-26.35,-0.59
246.324,8,-35.355350699999995,149.17500379999998,99.59,-3.29214221532286,-26.35,-0.54
246.424,8,-35.3553743,149.1750033,99.575,-3.066963044661999,-26.36,-0.5
246.524,8,-35.3553979,149.1750027,99.561,-2.8367209962788658,-26.35,-0.47000000000000003
246.624,8,-35.3554214,149.1750022,99.547,-2.632657782323922,-26.35,-0.43
246.72400000000002,8,-35.3554449,149.1750018,99.534,-2.4617542830157437,-26.35,-0.4
246.824,8,-35.3554685,149.17500139999999,99.524,-2.2866039001476985,-26.34,-0.37
246.924,8,-35.355492,149.17500099999998,99.516,-2.107873004050686,-26.34,-0.34
247.024,8,-35.355515499999996,149.1750006,99.512,-1.984657885527537,-26.330000000000002,-0.32
247.124,8,-35.355539,149.1750003,99.509,-1.8935525535096756,-26.330000000000002,-0.29
247.22400000000002,8,-35.3555625,149.17499999999998,99.509,-1.8211956638766762,-26.330000000000002,-0.27
247.324,8,-35.355585999999995,149.1749997,99.511,-1.7461310311245897,-26.330000000000002,-0.25
247.424,8,-35.3556096,149.1749994,99.514,-1.67310627705681,-26.32,-0.23
247.525,8,-35.3556331,149.17499909999998,99.52,-1.5494586154601286,-26.32,-0.22
247.625,8,-35.3556569,149.1749989,99.524,-1.4249270846961655,-26.32,-0.2
247.725,8,-35.3556807,149.1749987,99.523,-1.3061189322915556,-26.34,-0.19
247.824,8,-35.3557045,149.1749984,99.518,-1.2130691307943562,-26.35,-0.17
247.924,8,-35.3557285,149.1749983,99.513,-1.1581507813294571,-26.37,-0.16
248.024,8,-35.3557524,149.17499809999998,99.508,-1.098672533541634,-26.39,-0.14
248.124,8,-35.355776299999995,149.1749979,99.506,-1.0494722263507992,-26.400000000000002,-0.12
248.22400000000002,8,-35.3558003,149.1749978,99.506,-1.0225684313752363,-26.42,-0.11
248.324,8,-35.3558243,149.17499759999998,99.511,-1.0054210280205078,-26.43,-0.09
248.424,8,-35.3558482,149.1749975,99.521,-1.0398620434668855,-26.44,-0.07
248.524,8,-35.355872,149.1749974,99.535,-0.9902697474507154,-26.43,-0.06
248.624,8,-35.3558957,149.1749974,99.55,-0.892043356253734,-26.43,-0.05
248.72400000000002,8,-35.3559194,149.1749973,99.566,-0.8118370851605089,-26.42,-0.04
248.824,8,-35.355942999999996,149.1749972,99.58200000000001,-0.6724485589304456,-26.42,-0.04
248.924,8,-35.355966599999995,149.1749972,99.596,-0.5363571998005003,-26.42,-0.04
249.024,8,-35.3559902,149.17499709999998,99.608,-0.4056345828015965,-26.41,-0.03
249.124,8,-35.3560137,149.17499709999998,99.618,-0.3516037844028288,-26.400000000000002,-0.03
249.22400000000002,8,-35.3560373,149.174997,99.627,-0.3240374343973483,-26.400000000000002,-0.03
249.324,8,-35.356060899999996,149.174997,99.632,-0.3220989146531076,-26.39,-0.02
249.424,8,-35.3560844,149.1749969,99.636,-0.3060317217238724,-26.39,-0.02
249.524,8,-35.356108,149.1749969,99.638,-0.2919235124259615,-26.39,-0.02
249.625,8,-35.3561318,149.1749969,99.638,-0.29848238833945134,-26.39,-0.01
249.725,8,-35.356155699999995,149.1749969,99.636,-0.2761496174246401,-26.400000000000002,0.0
249.82500000000002,8,-35.356179499999996,149.1749969,99.634,-0.27038648522988323,-26.400000000000002,0.0
249.924,8,-35.3562034,149.1749969,99.636,-0.2919079577373438,-26.42,0.0
250.024,8,-35.3562274,149.1749969,99.64,-0.27221094615107,-26.43,0.01
250.124,8,-35.3562514,149.1749969,99.648,-0.21925370141139758,-26.44,0.01
250.22400000000002,8,-35.3562753,149.1749969,99.659,-0.1754566875038511,-26.45,0.01
250.324,8,-35.356299299999996,149.1749969,99.671,-0.09964277499568637,-26.46,0.01
250.424,8,-35.3563233,149.1749969,99.685,-0.05886038914230798,-26.47,0.01
250.524,8,-35.3563471,149.1749969,99.699,-0.024843068873042516,-26.47,0.01
250.624,8,-35.3563708,149.1749969,99.711,-0.00886216461174826,-26.46,0.01
250.72400000000002,8,-35.3563945,149.1749969,99.72200000000001,-0.02940534508897344,-26.46,0.01
250.824,8,-35.3564181,149.174997,99.73,-0.05183545286956392,-26.45,0.02
250.924,8,-35.3564417,149.174997,99.736,-0.14200008641181466,-26.44,0.02
251.024,8,-35.356465299999996,149.174997,99.738,-0.21533674800495395,-26.44,0.02
251.124,8,-35.356488899999995,149.17499709999998,99.738,-0.23391706368257037,-26.43,0.03
251.22400000000002,8,-35.3565125,149.17499709999998,99.738,-0.25222551915492175,-26.43,0.03
251.324,8,-35.3565361,149.1749972,99.73700000000001,-0.25294231549180285,-26.42,0.04
251.424,8,-35.3565597,149.1749972,99.73700000000001,-0.2436151318911951,-26.42,0.04
251.524,8,-35.3565833,149.1749973,99.739,-0.21702292427587438,-26.41,0.05
251.624,8,-35.356606899999996,149.1749974,99.742,-0.15698628184297633,-26.400000000000002,0.05
251.725,8,-35.3566307,149.1749975,99.749,-0.13742033785161534,-26.39,0.05
251.82500000000002,8,-35.3566544,149.17499759999998,99.757,-0.058207779241347804,-26.38,0.05
251.925,8,-35.3566782,149.1749977,99.766,0.06415283192382244,-26.39,0.05
252.024,8,-35.356702,149.1749978,99.776,0.14827436221641185,-26.39,0.05
252.124,8,-35.356726,149.1749978,99.783,-0.15315011676780924,-26.400000000000002,0.03
252.22400000000002,8,-35.3567499,149.1749979,99.786,-1.5304436889759305,-26.41,0.02
252.324,8,-35.3567739,149.174998,99.786,-4.126304680920055,-26.41,0.07
252.424,8,-35.356797799999995,149.1749982,99.784,-7.5311766071730375,-26.37,0.2
252.524,8,-35.356821499999995,149.17499859999998,99.782,-11.023360122246762,-26.3,0.39
252.624,8,-35.3568451,149.1749992,99.779,-14.291720899540106,-26.22,0.63
252.72400000000002,8,-35.3568685,149.1750001,99.779,-17.495162436319774,-26.12,0.89
252.824,8,-35.3568919,149.1750013,99.777,-20.49057263268013,-26.01,1.19
252.924,8,-35.3569151,149.17500289999998,99.775,-23.075490167470015,-25.87,1.54
253.024,8,-35.3569381,149.17500479999998,99.775,-25.05556883804588,-25.72,1.9100000000000001
253.124,8,-35.356961,149.17500719999998,99.778,-26.559847993302196,-25.55,2.3000000000000003
253.22400000000002,8,-35.3569838,149.17501009999998,99.788,-27.848170227381047,-25.38,2.69
253.324,8,-35.357006399999996,149.17501339999998,99.802,-29.047851973958768,-25.2,3.09
253.424,8,-35.3570288,149.1750171,99.81700000000001,-30.223710020711483,-25.0,3.5
253.524,8,-35.3570511,149.1750212,99.834,-31.48645490389593,-24.79,3.92
253.624,8,-35.3570731,149.17502589999998,99.849,-32.82245356592877,-24.560000000000002,4.3500000000000005
253.725,8,-35.357095,149.175031,99.864,-34.123891470761336,-24.310000000000002,4.8
253.82500000000002,8,-35.3571168,149.1750366,99.877,-35.3570889555963,-24.03,5.26
253.925,8,-35.3571384,149.1750429,99.889,-36.45552339301234,-23.73,5.75
254.025,8,-35.357159599999996,149.1750496,99.903,-37.42566638724803,-23.400000000000002,6.25
254.124,8,-35.3571807,149.17505699999998,99.922,-38.28304978847597,-23.05,6.76
254.22400000000002,8,-35.3572013,149.1750648,99.943,-38.985790876705664,-22.67,7.2700000000000005
254.324,8,-35.3572217,149.17507329999998,99.967,-39.664445302827296,-22.27,7.78
254.424,8,-35.3572416,149.17508229999999,99.995,-40.37263346692007,-21.830000000000002,8.28
254.524,8,-35.357261199999996,149.17509189999998,100.03,-41.007041927598365,-21.37,8.78
254.624,8,-35.3572803,149.17510199999998,100.06700000000001,-41.563159344915384,-20.89,9.26
254.72400000000002,8,-35.3572987,149.1751126,100.10600000000001,-42.072018683365094,-20.36,9.73
254.824,8,-35.3573167,149.1751236,100.147,-42.4794053164105,-19.81,10.19
254.924,8,-35.357334099999996,149.1751351,100.191,-42.79935528279599,-19.23,10.620000000000001
255.024,8,-35.3573509,149.17514699999998,100.235,-43.03849386601648,-18.64,11.02
255.124,8,-35.3573672,149.1751593,100.281,-43.2531393908733,-18.05,11.4
255.22400000000002,8,-35.357383,149.175172,100.32600000000001,-43.462293443637435,-17.45,11.75
255.324,8,-35.3573981,149.1751851,100.369,-43.58487484867165,-16.84,12.07
255.424,8,-35.3574128,149.1751985,100.411,-43.60093603850493,-16.22,12.38
255.524,8,-35.3574269,149.1752122,100.452,-43.56586301711692,-15.6,12.66
255.624,8,-35.357440499999996,149.1752262,100.493,-43.54273941168184,-14.950000000000001,12.91
255.72400000000002,8,-35.3574534,149.1752405,100.533,-43.57105054579154,-14.31,13.13
255.82500000000002,8,-35.3574659,149.175255,100.57000000000001,-43.69793155490829,-13.67,13.33
255.925,8,-35.3574779,149.17526999999998,100.602,-43.90335632438559,-13.01,13.52
256.025,8,-35.3574893,149.175285,100.628,-44.14453371907333,-12.370000000000001,13.69
256.125,8,-35.357500099999996,149.1753003,100.648,-44.39459718987125,-11.73,13.84
256.224,8,-35.3575103,149.1753157,100.663,-44.58698995841217,-11.07,13.97
256.324,8,-35.35752,149.17533129999998,100.672,-44.710732495605285,-10.4,14.09
256.424,8,-35.357529,149.1753469,100.677,-44.77825574574003,-9.71,14.19
256.524,8,-35.3575374,149.1753627,100.678,-44.77460842472325,-9.01,14.26
256.624,8,-35.3575452,149.1753785,100.677,-44.71294547689637,-8.290000000000001,14.31
256.724,8,-35.3575522,149.1753943,100.678,-44.67145549278313,-7.53,14.33
256.824,8,-35.3575586,149.17541,100.684,-44.67443004016667,-6.76,14.31
256.924,8,-35.3575642,149.1754255,100.69500000000001,-44.6843543050307,-5.99,14.26
257.024,8,-35.3575692,149.1754411,100.71000000000001,-44.70140928738822,-5.23,14.18
257.124,8,-35.3575735,149.1754564,100.72800000000001,-44.684019625761366,-4.48,14.07
257.224,8,-35.3575771,149.1754717,100.747,-44.450297382552705,-3.7600000000000002,13.94
257.324,8,-35.3575801,149.1754868,100.766,-43.532562429818526,-3.0700000000000003,13.790000000000001
257.424,8,-35.3575825,149.17550169999998,100.782,-41.91861604970119,-2.43,13.620000000000001
257.524,8,-35.3575844,149.1755164,100.8,-39.81780354026159,-1.84,13.42
257.624,8,-35.3575857,149.17553089999998,100.822,-37.66816883863475,-1.34,13.21
257.724,8,-35.3575867,149.1755451,100.845,-35.531825685132745,-0.89,12.99
257.824,8,-35.3575873,149.17555919999998,100.864,-32.97021446333824,-0.51,12.77
257.925,8,-35.357587699999996,149.17557299999999,100.875,-29.974104172587953,-0.21,12.57
258.025,8,-35.3575878,149.1755868,100.874,-26.83603181503354,0.0,12.38
258.125,8,-35.357587699999996,149.17560029999999,100.86,-24.043534586083215,0.15,12.21
258.225,8,-35.357587599999995,149.17561369999999,100.83,-21.708410729619036,0.27,12.06
258.324,8,-35.3575874,149.175627,100.779,-19.835461868627526,0.39,11.93
258.424,8,-35.357586999999995,149.1756402,100.711,-18.369337857622195,0.51,11.790000000000001
258.524,8,-35.3575866,149.1756532,100.629,-17.136459684130923,0.65,11.67
258.624,8,-35.357586,149.1756661,100.54,-16.03513436914868,0.8,11.55
258.724,8,-35.357585199999995,149.17567889999998,100.45,-15.002066549636957,0.96,11.44
258.824,8,-35.3575843,149.1756915,100.363,-13.946290912455883,1.1300000000000001,11.33
258.924,8,-35.3575833,149.175704,100.286,-12.765661978567913,1.28,11.24
259.024,8,-35.357582199999996,149.1757163,100.221,-11.462221974534883,1.41,11.14
259.124,9,-35.357580899999995,149.1757285,100.169,-9.998306675952405,1.52,11.07
259.224,9,-35.3575796,149.17574059999998,100.125,-8.362945945239789,1.6,11.0
259.324,9,-35.3575782,149.17575259999998,100.08800000000001,-6.646375972843014,1.6500000000000001,10.96
259.424,9,-35.3575768,149.1757647,100.054,-4.931320594894689,1.68,10.92
259.524,9,-35.3575753,149.1757766,100.023,-3.287873987421837,1.69,10.9
259.624,9,-35.3575739,149.1757886,99.989,-1.7758622042514205,1.68,10.9
259.724,9,-35.357572499999996,149.1758006,99.95,-0.4797942154886562,1.6500000000000001,10.9
259.824,9,-35.3575711,149.1758126,99.907,0.6036271459665741,1.62,10.92
259.924,9,-35.3575697,149.1758247,99.86200000000001,1.5288835243591115,1.59,10.94
260.025,9,-35.3575683,149.1758369,99.81700000000001,2.2486765000168525,1.56,10.97
260.125,9,-35.357566999999996,149.1758492,99.774,2.7668581929099787,1.52,11.01
260.225,9,-35.3575656,149.1758614,99.735,3.1930583685807776,1.48,11.040000000000001
260.324,9,-35.3575644,149.1758738,99.703,3.5405017673662758,1.43,11.08
260.424,9,-35.3575631,149.17588619999998,99.676,3.8224961590905955,1.3800000000000001,11.13
260.524,9,-35.3575619,149.1758987,99.655,4.052853253472561,1.33,11.17
260.624,9,-35.3575607,149.1759113,99.638,4.253320586272904,1.28,11.21
260.724,9,-35.3575596,149.1759239,99.624,4.451950171299692,1.23,11.26
260.824,9,-35.357558499999996,149.1759365,99.61,4.6218793014340855,1.18,11.3
260.924,9,-35.3575575,149.1759491,99.59700000000001,4.75147573763273,1.12,11.35
261.024,9,-35.3575565,149.1759616,99.586,4.837565576365686,1.07,11.39
261.124,9,-35.3575556,149.17597419999998,99.577,4.893935127585802,1.01,11.42
261.224,9,-35.3575547,149.1759869,99.568,4.920868697917278,0.96,11.46
261.324,9,-35.3575538,149.1759995,99.559,4.919791662462531,0.91,11.5
261.424,9,-35.357552999999996,149.1760122,99.552,4.890450023561803,0.86,11.53
261.524,9,-35.3575523,149.17602499999998,99.545,4.865704248198846,0.81,11.56
261.624,9,-35.3575515,149.1760377,99.537,4.857121261733079,0.76,11.59
261.724,9,-35.3575508,149.1760505,99.53,4.833051675097955,0.71,11.63
261.824,9,-35.3575502,149.1760634,99.524,4.758247443307975,0.65,11.67
261.924,9,-35.3575496,149.1760763,99.519,4.688132136383209,0.6,11.71
262.024,9,-35.3575491,149.1760892,99.514,4.594398462195362,0.56,11.74
262.125,9,-35.3575485,149.1761023,99.511,4.454832511129437,0.51,11.77
262.225,9,-35.357548099999995,149.1761153,99.509,4.312700970256526,0.47000000000000003,11.81
262.325,9,-35.3575476,149.1761285,99.509,4.170445632204909,0.43,11.85
262.424,9,-35.3575472,149.1761417,99.509,3.980738408668274,0.39,11.88
262.524,9,-35.3575468,149.1761551,99.512,3.8447852007864625,0.35000000000000003,11.92
262.624,9,-35.3575465,149.1761684,99.515,3.69211168981646,0.32,11.950000000000001
262.724,9,-35.3575461,149.1761818,99.518,3.555594777884711,0.29,11.99
262.824,9,-35.3575458,149.1761952,99.523,3.402967584135018,0.25,12.02
262.924,9,-35.3575456,149.1762085,99.532,3.217439796040196,0.21,12.040000000000001
263.024,9,-35.3575454,149.17622179999998,99.543,3.0551273940474246,0.18,12.06
263.124,9,-35.3575452,149.17623509999999,99.554,2.906168652212263,0.14,12.08
263.224,9,-35.357545,149.1762484,99.56400000000001,2.735158644641715,0.11,12.09
263.324,9,-35.3575448,149.1762617,99.574,2.5726782626840436,0.08,12.1
263.424,9,-35.3575447,149.176275,99.584,2.393541397218238,0.06,12.11
263.524,10,-35.3575446,149.1762884,99.593,2.234738431798384,0.03,12.120000000000001
263.624,10,-35.357544499999996,149.17630169999998,99.602,2.0619365667877654,0.01,12.13
263.724,10,-35.357544499999996,149.176315,99.61,1.4813011182279234,-0.01,12.14
263.824,10,-35.357544499999996,149.1763284,99.617,-0.5818661632709135,-0.04,12.15
263.924,10,-35.3575444,149.1763417,99.624,-5.087808339629321,0.0,12.14
264.024,10,-35.3575443,149.176355,99.633,-11.99291059757195,0.16,12.07
264.125,10,-35.357544,149.17636819999998,99.643,-20.36756604837008,0.51,11.94
264.225,10,-35.357543199999995,149.1763814,99.648,-29.009725858011755,1.0,11.75
264.325,10,-35.3575419,149.1763943,99.638,-36.517831793715786,1.59,11.53
264.425,10,-35.3575401,149.1764069,99.611,-41.95238792005232,2.27,11.28
264.524,10,-35.3575375,149.1764193,99.571,-45.08631776787512,3.0500000000000003,11.01
264.624,10,-35.3575343,149.17643139999998,99.533,-46.209501395748696,3.9,10.68
264.724,10,-35.3575302,149.176443,99.514,-46.01773700461142,4.8100000000000005,10.28
264.824,10,-35.3575253,149.1764542,99.523,-45.17775009519949,5.72,9.8
264.924,10,-35.357519499999995,149.1764648,99.568,-44.39158849154186,6.59,9.25
265.024,10,-35.3575131,149.1764747,99.644,-43.92760349593914,7.38,8.65
265.124,10,-35.357506,149.1764838,99.747,-43.78255076853558,8.07,8.03
265.224,10,-35.357498299999996,149.1764923,99.869,-43.92750787329076,8.67,7.42
265.324,10,-35.3574902,149.1765,100.002,-44.209823497349475,9.200000000000001,6.83
265.424,10,-35.3574817,149.1765072,100.136,-44.46687425166832,9.66,6.28
265.524,10,-35.3574728,149.1765137,100.263,-44.68461385221916,10.040000000000001,5.78
265.624,10,-35.3574635,149.1765197,100.377,-44.78117223651563,10.39,5.32
265.724,10,-35.357454,149.1765252,100.471,-44.78030821758562,10.69,4.89
265.824,10,-35.3574443,149.1765303,100.543,-44.7769648399869,10.97,4.46
265.924,10,-35.3574343,149.1765349,100.592,-44.68539249378454,11.24,4.0
266.024,10,-35.357424099999996,149.176539,100.621,-44.60720390326082,11.52,3.52
266.124,10,-35.3574136,149.17654249999998,100.637,-44.512373556824365,11.8,2.98
266.225,10,-35.3574029,149.17654539999998,100.646,-44.463565025015455,12.1,2.39
266.325,10,-35.3573917,149.1765476,100.652,-44.490670630736645,12.4,1.73
266.425,10,-35.357380299999996,149.1765491,100.659,-44.51146514166475,12.69,1.04
266.525,10,-35.357368699999995,149.1765498,100.668,-44.54239906841574,12.950000000000001,0.32
266.624,10,-35.3573568,149.17654969999998,100.681,-44.64931543458854,13.19,-0.41000000000000003
266.724,10,-35.3573447,149.17654869999998,100.69800000000001,-44.71893896789306,13.4,-1.1500000000000001
266.824,10,-35.3573325,149.176547,100.71900000000001,-44.74406381875495,13.59,-1.8900000000000001
266.924,10,-35.357320099999995,149.17654439999998,100.742,-44.782084066769826,13.74,-2.61
267.024,10,-35.3573076,149.17654109999998,100.765,-44.70117364586186,13.86,-3.3200000000000003
267.124,10,-35.3572951,149.176537,100.786,-44.674324172234535,13.950000000000001,-4.01
267.224,10,-35.3572825,149.1765322,100.806,-44.7067880613596,14.02,-4.7
267.324,10,-35.35727,149.1765266,100.821,-44.75159068722031,14.06,-5.38
267.424,10,-35.3572574,149.1765203,100.831,-44.71958783586421,14.08,-6.07
267.524,10,-35.3572449,149.1765132,100.837,-44.515389085342925,14.07,-6.7700000000000005
267.624,10,-35.3572324,149.1765053,100.84100000000001,-44.012933049240104,14.05,-7.48
267.724,10,-35.3572199,149.1764967,100.846,-43.061252056330964,13.99,-8.18
267.824,10,-35.3572075,149.17648739999998,100.852,-41.57561760996149,13.9,-8.86
267.924,10,-35.3571952,149.1764773,100.863,-39.618857205212045,13.780000000000001,-9.49
268.024,10,-35.3571829,149.1764665,100.878,-37.277946470973575,13.64,-10.040000000000001
268.124,10,-35.3571708,149.1764552,100.896,-34.562563785299986,13.49,-10.51
268.224,10,-35.3571589,149.1764435,100.914,-31.559425229893762,13.33,-10.89
268.325,10,-35.3571471,149.17643139999998,100.927,-28.315076836401243,13.17,-11.18
268.425,10,-35.357135299999996,149.1764189,100.932,-24.935441178470988,13.02,-11.38
268.525,10,-35.3571236,149.1764062,100.917,-21.671749689248994,12.88,-11.540000000000001
268.625,10,-35.3571121,149.1763934,100.882,-18.53966057740751,12.76,-11.65
268.724,10,-35.3571005,149.1763805,100.824,-15.62052651860327,12.65,-11.73
268.824,10,-35.357089099999996,149.1763675,100.748,-13.03827788023157,12.56,-11.8
268.924,10,-35.3570778,149.17635429999999,100.657,-10.883728003723252,12.48,-11.870000000000001
269.024,10,-35.3570665,149.1763412,100.558,-9.099516960428549,12.42,-11.93
269.124,10,-35.3570553,149.1763279,100.456,-7.653108290462458,12.370000000000001,-11.99
269.224,10,-35.357044099999996,149.1763147,100.355,-6.4486202251431655,12.33,-12.06
269.324,10,-35.357033,149.1763014,100.265,-5.463861906744121,12.290000000000001,-12.120000000000001
269.424,10,-35.357022,149.1762881,100.187,-4.597739278473145,12.26,-12.17
269.524,10,-35.3570111,149.1762748,100.127,-3.825800263101589,12.24,-12.21
269.624,10,-35.3570001,149.17626149999998,100.08,-3.1330278359655357,12.22,-12.24
269.724,10,-35.3569892,149.17624809999998,100.044,-2.538254109267179,12.200000000000001,-12.25
269.824,10,-35.3569783,149.1762348,100.015,-2.002015957529478,12.19,-12.26
269.924,10,-35.356967399999995,149.1762215,99.98700000000001,-1.5050687891573926,12.18,-12.26
270.024,10,-35.356956499999995,149.1762081,99.956,-1.050171573688785,12.18,-12.26
270.124,10,-35.356945599999996,149.1761947,99.92,-0.6830852979022711,12.18,-12.25
270.224,10,-35.3569347,149.1761814,99.877,-0.3914325918047301,12.200000000000001,-12.25
270.324,10,-35.3569238,149.176168,99.83,-0.17974704681861078,12.21,-12.25
270.425,10,-35.356912799999996,149.1761546,99.779,0.00449362914621366,12.23,-12.26
270.525,10,-35.3569017,149.176141,99.729,0.4754148902919144,12.25,-12.27
270.625,10,-35.3568906,149.1761275,99.686,1.6579195648806981,12.280000000000001,-12.27
270.725,10,-35.3568794,149.1761139,99.648,3.865883655132632,12.31,-12.24
270.824,10,-35.3568682,149.1761004,99.617,7.208835220804394,12.370000000000001,-12.14
270.924,10,-35.3568569,149.176087,99.59400000000001,11.481016947583466,12.450000000000001,-11.96
271.024,10,-35.3568455,149.1760739,99.57300000000001,16.31440031374299,12.540000000000001,-11.69
271.124,10,-35.3568341,149.1760611,99.55,21.179895814285327,12.66,-11.35
271.224,10,-35.3568225,149.1760488,99.525,25.61896382192355,12.790000000000001,-10.950000000000001
271.324,10,-35.3568109,149.17603699999998,99.497,29.225727175418825,12.93,-10.48
271.424,10,-35.3567992,149.1760258,99.468,31.789015208654572,13.08,-9.97
271.524,10,-35.3567874,149.1760152,99.44200000000001,33.39443068249856,13.23,-9.43
271.624,10,-35.3567754,149.17600529999999,99.422,34.16675432289775,13.370000000000001,-8.86
271.724,10,-35.3567634,149.175996,99.414,34.27052880205234,13.49,-8.28
271.824,10,-35.3567513,149.1759873,99.418,33.92048843727835,13.58,-7.7
271.924,10,-35.3567391,149.1759792,99.436,33.25408054033855,13.65,-7.140000000000001
272.024,10,-35.3567268,149.17597179999999,99.46600000000001,32.287960527524,13.69,-6.61
272.124,10,-35.3567146,149.1759649,99.509,31.105962140707444,13.700000000000001,-6.12
272.224,10,-35.356702299999995,149.1759585,99.558,29.66163667843821,13.69,-5.68
272.324,10,-35.35669,149.1759525,99.611,28.02379658905688,13.66,-5.3
272.424,10,-35.3566778,149.17594689999999,99.66,26.234551696343875,13.63,-4.98
272.525,10,-35.3566655,149.1759416,99.702,24.39147466768742,13.59,-4.73
272.625,10,-35.3566533,149.1759365,99.73,22.65991584515705,13.55,-4.51
272.725,10,-35.3566411,149.17593159999998,99.743,21.122663951682497,13.51,-4.32
272.824,10,-35.3566289,149.1759269,99.744,19.88781868371026,13.46,-4.13
272.924,10,-35.3566167,149.1759224,99.73400000000001,18.963427711629905,13.42,-3.93
273.024,10,-35.3566046,149.1759181,99.71900000000001,18.37303128241588,13.370000000000001,-3.72
273.124,10,-35.3565924,149.1759141,99.702,18.064397231937807,13.32,-3.5
273.224,10,-35.3565804,149.1759103,99.686,17.919756023431738,13.27,-3.2600000000000002
273.324,10,-35.3565683,149.17590669999998,99.675,17.82702425261777,13.22,-3.0300000000000002
273.424,10,-35.356556399999995,149.1759035,99.67,17.73837351983288,13.15,-2.79
273.524,10,-35.3565446,149.17590049999998,99.669,17.526045136651987,13.08,-2.5500000000000003
273.624,10,-35.3565329,149.1758977,99.672,17.106700549917175,13.01,-2.32
273.724,10,-35.3565213,149.17589529999998,99.68,16.534458763517044,12.94,-2.1
273.824,10,-35.3565098,149.175893,99.691,15.777629407250027,12.88,-1.9100000000000001
273.924,10,-35.3564984,149.17589089999998,99.702,14.921395185349937,12.82,-1.74
274.024,10,-35.3564869,149.17588899999998,99.712,13.978103372288862,12.76,-1.59
274.124,10,-35.356475599999996,149.1758873,99.718,13.053355522824374,12.700000000000001,-1.46
274.224,10,-35.3564643,149.17588569999998,99.72,12.14999641074578,12.65,-1.34
274.324,10,-35.356453,149.17588419999998,99.717,11.318926313295309,12.6,-1.22
274.424,10,-35.3564418,149.1758829,99.71000000000001,10.550446361851542,12.56,-1.11
274.524,10,-35.356430599999996,149.1758816,99.70100000000001,9.890113064404817,12.52,-1.01
274.625,10,-35.3564193,149.1758805,99.694,9.305693050714554,12.48,-0.9
274.725,10,-35.356408099999996,149.17587949999998,99.69200000000001,8.789967664601694,12.44,-0.8
274.825,10,-35.3563969,149.1758786,99.69200000000001,8.348317387584913,12.41,-0.71
274.924,10,-35.356385599999996,149.1758777,99.69500000000001,7.931887584078407,12.38,-0.62
275.024,10,-35.3563745,149.17587699999999,99.699,7.526878710637806,12.35,-0.54
275.124,10,-35.3563633,149.1758764,99.70400000000001,7.094094446050526,12.33,-0.46
275.224,10,-35.356352099999995,149.1758759,99.71000000000001,6.65508574469525,12.3,-0.39
275.324,10,-35.356341,149.1758754,99.71600000000001,6.178624554799854,12.280000000000001,-0.32
275.424,10,-35.3563299,149.175875,99.71900000000001,5.71345921713119,12.27,-0.26
275.524,10,-35.3563188,149.17587469999998,99.718,5.237129081490494,12.24,-0.21
275.624,10,-35.3563079,149.1758744,99.714,4.764144457882635,12.23,-0.16
275.724,10,-35.3562969,149.17587419999998,99.70700000000001,4.338777351847165,12.21,-0.11
275.824,10,-35.356286,149.1758741,99.7,3.9602136902123855,12.19,-0.07
275.924,10,-35.3562751,149.1758739,99.694,3.5767305848279043,12.17,-0.04
276.024,10,-35.3562643,149.1758739,99.68900000000001,3.2095590383984707,12.16,0.0
276.124,10,-35.3562534,149.1758738,99.68900000000001,2.8567588503129793,12.15,0.01
276.224,10,-35.3562426,149.1758738,99.69,2.5461359341259624,12.13,0.04
276.324,10,-35.356231699999995,149.1758738,99.693,2.299952224220019,12.120000000000001,0.06
276.424,10,-35.3562209,149.17587369999998,99.696,2.0555819295387145,12.11,0.08
276.524,10,-35.3562101,149.1758738,99.699,1.8539056532552787,12.1,0.1
276.625,10,-35.3561993,149.1758739,99.703,1.6197786146165833,12.09,0.12
276.725,10,-35.3561882,149.175874,99.70700000000001,1.3932074727472146,12.09,0.13
276.825,10,-35.3561773,149.1758741,99.708,1.1957913135151628,12.09,0.14
276.925,10,-35.3561664,149.17587419999998,99.71000000000001,1.01891022474446,12.1,0.15
277.024,10,-35.3561554,149.1758744,99.714,0.8390125935989914,12.1,0.15
277.124,10,-35.3561444,149.1758745,99.72,0.666452826777938,12.11,0.16
277.224,10,-35.3561334,149.1758746,99.727,0.5101063815817612,12.11,0.17
277.324,10,-35.3561224,149.1758748,99.73400000000001,0.38274621868648706,12.11,0.17
277.424,10,-35.3561115,149.175875,99.74000000000001,0.259082335390527,12.11,0.17
277.524,10,-35.3561005,149.17587509999998,99.745,0.1444331678808598,12.11,0.18
277.624,10,-35.3560897,149.1758753,99.749,0.0627634553867868,12.11,0.18
277.724,10,-35.3560788,149.1758755,99.75,-0.010976909406423893,12.11,0.19
277.824,10,-35.356068,149.1758757,99.751,-0.07442741745718519,12.11,0.19
277.924,10,-35.356057199999995,149.1758759,99.753,-0.13871259096628324,12.11,0.19
278.024,10,-35.356046299999996,149.17587609999998,99.756,-0.169337398296475,12.11,0.19
278.124,10,-35.3560355,149.1758763,99.762,-0.23268402777439795,12.11,0.19
278.224,10,-35.3560247,149.1758765,99.768,-0.3452987727469666,12.1,0.18
278.324,10,-35.3560139,149.1758767,99.776,-0.4921557906693214,12.11,0.17
278.424,10,-35.356003099999995,149.1758769,99.786,-0.5877995165863917,12.11,0.16
278.524,10,-35.355992199999996,149.17587709999998,99.794,-0.636812633905286,12.11,0.16
278.624,10,-35.3559814,149.1758773,99.798,-0.6739246268431089,12.120000000000001,0.15
278.725,10,-35.3559705,149.17587749999998,99.8,-0.7073226510588845,12.13,0.14
278.825,10,-35.3559595,149.1758776,99.8,-0.7254843908662129,12.13,0.13
278.925,10,-35.3559485,149.1758778,99.797,-0.7342949613695591,12.14,0.12
279.02500000000003,10,-35.3559376,149.1758779,99.792,-0.723722522225467,12.16,0.11
279.124,10,-35.355926499999995,149.17587799999998,99.787,-0.732176695592356,12.17,0.1
279.224,10,-35.3559155,149.1758782,99.784,-0.7398745322303719,12.19,0.1
279.324,10,-35.3559044,149.1758783,99.783,-0.7534919550838204,12.200000000000001,0.09
279.424,10,-35.3558933,149.1758784,99.786,-0.7377274515926079,12.21,0.08
279.524,10,-35.355882199999996,149.17587849999998,99.791,-0.6891764392597474,12.23,0.07
279.624,10,-35.3558711,149.1758786,99.797,-0.6486816884137698,12.24,0.07
279.724,10,-35.35586,149.1758787,99.803,-0.6191935739718563,12.24,0.07
279.824,10,-35.355849,149.1758788,99.808,-0.6203751966982685,12.24,0.06
279.924,10,-35.3558381,149.1758789,99.813,-0.6422224638930534,12.24,0.06
280.024,10,-35.3558271,149.17587899999998,99.818,-0.6077334770399269,12.24,0.05
280.124,10,-35.3558162,149.1758791,99.824,-0.5496470937389055,12.24,0.05
280.224,10,-35.3558052,149.1758792,99.83,-0.5054072114327924,12.24,0.04
280.324,10,-35.3557943,149.1758792,99.834,-0.46655453411282116,12.23,0.04
280.424,10,-35.3557834,149.1758793,99.836,-0.42477432032070606,12.23,0.03
280.524,10,-35.3557724,149.17587939999999,99.837,-0.375470599796969,12.23,0.03
280.624,10,-35.3557615,149.17587939999999,99.839,-0.3552166609890747,12.23,0.03
280.724,10,-35.3557505,149.17587949999998,99.84100000000001,-0.38603191320323343,12.23,0.03
280.825,10,-35.3557396,149.1758796,99.842,-0.410028688954589,12.23,0.02
280.925,10,-35.3557284,149.1758796,99.843,-0.41432050235258994,12.24,0.02
281.02500000000003,10,-35.355717299999995,149.1758797,99.846,-0.42240902047504536,12.24,0.02
281.125,10,-35.3557062,149.1758797,99.849,-0.43077416125888623,12.25,0.01
281.224,10,-35.3556951,149.1758798,99.85000000000001,-0.44478984283788464,12.26,0.01
281.324,10,-35.355684,149.1758798,99.851,-0.45635530077384673,12.27,0.0
281.424,10,-35.3556728,149.1758798,99.85300000000001,-0.44953722451744016,12.280000000000001,0.0
281.524,10,-35.3556617,149.17587989999998,99.85600000000001,-0.43717439535673197,12.290000000000001,0.0
281.624,10,-35.3556506,149.17587989999998,99.86,-0.4332211032094697,12.290000000000001,0.0
281.724,10,-35.355639499999995,149.17587989999998,99.864,-0.44772268871489107,12.3,-0.01
281.824,10,-35.3556284,149.17587989999998,99.869,-0.4716123425540685,12.3,-0.01
281.924,10,-35.3556174,149.17587989999998,99.874,-0.47709351600215083,12.290000000000001,-0.01
282.024,10,-35.3556064,149.17587989999998,99.882,-0.44575575431648606,12.290000000000001,-0.02
282.124,10,-35.3555955,149.17587989999998,99.89,-0.4045144317777144,12.290000000000001,-0.02
282.224,10,-35.3555845,149.17587989999998,99.898,-0.3735490221235211,12.290000000000001,-0.02
282.324,10,-35.3555735,149.17587989999998,99.903,-0.3290522873520185,12.280000000000001,-0.02
282.424,10,-35.3555625,149.17588,99.904,-0.2714320111009976,12.280000000000001,-0.02
282.524,10,-35.3555516,149.17588,99.902,-0.2204479306393052,12.280000000000001,-0.03
282.624,10,-35.3555406,149.17588,99.902,-0.1868280053167835,12.280000000000001,-0.03
282.724,10,-35.3555296,149.17587989999998,99.904,-0.1946699162576044,12.27,-0.04
282.824,10,-35.355518599999996,149.17587989999998,99.907,-0.2190841473013373,12.27,-0.04
282.925,10,-35.355507599999996,149.17587989999998,99.909,-0.22451738936331056,12.27,-0.04
283.02500000000003,10,-35.3554965,149.17587989999998,99.91,-0.20482992936970415,12.27,-0.04
283.125,10,-35.3554854,149.1758798,99.909,-0.20067301220781092,12.27,-0.04
283.224,10,-35.3554743,149.1758798,99.909,-0.16850889101406719,12.280000000000001,-0.03
283.324,10,-35.355463199999996,149.1758798,99.909,-0.09897020813574507,12.290000000000001,-0.03
283.424,10,-35.355452,149.1758798,99.907,-0.01795250856809052,12.290000000000001,-0.02
283.524,10,-35.3554408,149.1758798,99.908,0.020118627357650028,12.3,-0.02
283.624,10,-35.355429699999995,149.1758798,99.913,0.02816851389013917,12.3,-0.01
283.724,10,-35.3554185,149.1758798,99.921,-0.008460247332722015,12.31,-0.01
283.824,10,-35.355407299999996,149.1758798,99.929,-0.07155404892083206,12.31,-0.01
283.924,10,-35.355396299999995,149.1758797,99.936,-0.11836512392348468,12.31,-0.01
284.024,10,-35.3553852,149.1758797,99.944,-0.1617478575094008,12.31,-0.01
284.124,10,-35.3553742,149.1758797,99.95,-0.16831860621265884,12.3,-0.02
284.224,10,-35.3553632,149.1758797,99.95400000000001,-0.1834464213473925,12.3,-0.03
284.324,10,-35.3553522,149.1758797,99.955,-0.17779780154293906,12.3,-0.04
284.424,10,-35.3553412,149.1758796,99.95400000000001,-0.1326644451160237,12.3,-0.04
284.524,10,-35.3553302,149.1758796,99.953,-0.08482782121155764,12.3,-0.04
284.624,10,-35.3553192,149.17587949999998,99.95,-0.014526316593209528,12.3,-0.04
284.724,10,-35.355308199999996,149.17587949999998,99.949,0.005993322576494252,12.3,-0.04
284.824,10,-35.355297199999995,149.17587939999999,99.947,0.06827290341679462,12.3,-0.04
284.924,10,-35.3552862,149.17587939999999,99.947,0.1316987337406206,12.3,-0.04
285.02500000000003,10,-35.3552751,149.17587939999999,99.947,0.16556258486191905,12.3,-0.03
285.125,10,-35.3552639,149.1758793,99.949,0.19085533564743162,12.31,-0.03
285.225,10,-35.355252799999995,149.1758793,99.95100000000001,0.2231706548178412,12.31,-0.03
285.324,10,-35.3552416,149.1758793,99.953,0.23676581285542103,12.32,-0.02
285.424,10,-35.3552305,149.1758792,99.956,0.24816787985983174,12.32,-0.02
285.524,10,-35.3552193,149.1758792,99.959,0.23383552829935333,12.33,-0.01
285.624,10,-35.3552081,149.1758792,99.959,0.25223643144933794,12.33,-0.01
285.724,10,-35.355196899999996,149.1758792,99.959,0.23658326537768187,12.34,-0.01
285.824,10,-35.3551857,149.1758792,99.959,0.2312852263767205,12.34,-0.02
285.924,10,-35.3551746,149.1758791,99.958,0.21930672875895774,12.34,-0.02
286.024,10,-35.355163499999996,149.1758791,99.956,0.24025862752266275,12.34,-0.02
286.124,10,-35.355152499999996,149.1758791,99.955,0.24731904209247252,12.33,-0.01
286.224,10,-35.3551414,149.1758791,99.956,0.21366236448252232,12.33,-0.01
286.324,10,-35.3551304,149.17587899999998,99.96000000000001,0.17792560078561237,12.32,-0.01
286.424,10,-35.3551194,149.17587899999998,99.964,0.10615520695684147,12.32,-0.01
286.524,10,-35.3551084,149.17587899999998,99.96900000000001,0.06021434074313078,12.32,-0.01
286.624,10,-35.3550974,149.17587899999998,99.97500000000001,0.07564467189311518,12.31,-0.01
286.724,10,-35.3550864,149.1758789,99.977,0.10888988396642499,12.31,0.0
286.824,10,-35.3550754,149.1758789,99.979,0.15143268437730806,12.3,0.0
286.924,10,-35.355064399999996,149.1758789,99.98,0.17835671645632975,12.3,0.0
287.024,10,-35.355053399999996,149.1758789,99.982,0.20741291481473256,12.290000000000001,0.01
287.125,10,-35.3550423,149.1758789,99.98400000000001,0.2005519631130283,12.290000000000001,0.01
287.225,10,-35.3550313,149.1758789,99.98700000000001,0.17737272898881157,12.280000000000001,0.02
287.325,10,-35.3550201,149.17587899999998,99.99000000000001,0.11715890184388986,12.290000000000001,0.02
287.424,10,-35.355008999999995,149.1758789,99.993,0.10071369396267016,12.290000000000001,0.03
287.524,10,-35.3549979,149.1758789,99.997,0.06950275101400682,12.3,0.03
287.624,10,-35.3549867,149.17587899999998,100.001,0.031019420842478607,12.3,0.04
287.724,10,-35.3549755,149.17587899999998,100.0,-0.026227087646942586,12.3,0.04
287.824,10,-35.3549644,149.17587899999998,99.998,-0.12157619328746337,12.31,0.03
287.924,10,-35.3549533,149.1758791,99.995,-0.223500131404015,12.32,0.03
288.024,10,-35.354942199999996,149.1758791,99.993,-0.32511046778812785,12.32,0.03
288.124,10,-35.3549311,149.1758791,99.992,-0.7759283260945189,12.32,0.03
288.224,10,-35.3549201,149.1758792,99.99000000000001,-2.153196004948775,12.32,0.03
288.324,10,-35.3549091,149.1758792,99.989,-4.7238766507440015,12.34,-0.02
288.424,10,-35.354898,149.1758791,99.98700000000001,-8.112955898975445,12.39,-0.15
288.524,10,-35.3548869,149.1758789,99.98700000000001,-11.678681768389989,12.46,-0.35000000000000003
288.624,10,-35.3548757,149.1758783,99.98700000000001,-14.93133652568689,12.540000000000001,-0.6
288.724,10,-35.3548644,149.17587749999998,99.986,-18.07312450614979,12.64,-0.86
288.824,10,-35.354853,149.1758764,99.985,-21.037925209744735,12.75,-1.16
288.924,10,-35.3548415,149.1758749,99.982,-23.628045641134875,12.86,-1.5
289.024,10,-35.3548299,149.175873,99.977,-25.77651750305553,12.99,-1.8800000000000001
289.125,10,-35.3548182,149.1758707,99.974,-27.475409238333018,13.120000000000001,-2.27
289.225,10,-35.3548063,149.1758679,99.97200000000001,-28.86351541354388,13.25,-2.69
289.325,10,-35.3547942,149.17586459999998,99.973,-30.148994581380713,13.39,-3.13
289.425,10,-35.354782,149.17586079999998,99.976,-31.396904293687893,13.52,-3.6
289.524,10,-35.3547697,149.1758564,99.983,-32.645558496614605,13.64,-4.09
289.624,10,-35.3547572,149.1758516,99.992,-33.8735582074912,13.76,-4.6000000000000005
289.724,10,-35.3547447,149.1758461,100.004,-35.18340407519205,13.870000000000001,-5.15
289.824,10,-35.354732,149.17584,100.02,-36.420443541435155,13.96,-5.74
289.924,10,-35.3547193,149.1758332,100.04,-37.50457556272919,14.040000000000001,-6.36
290.024,10,-35.3547065,149.1758257,100.063,-38.48404176518194,14.11,-6.99
290.124,10,-35.3546938,149.1758176,100.09,-39.341182694694346,14.15,-7.63
290.224,10,-35.3546811,149.1758088,100.118,-40.058772614179645,14.16,-8.26
290.324,10,-35.3546684,149.1757993,100.147,-40.66942909201922,14.15,-8.92
290.424,10,-35.354655799999996,149.1757891,100.178,-41.17159826017689,14.120000000000001,-9.58
290.524,10,-35.3546432,149.1757781,100.21000000000001,-41.626290783413815,14.06,-10.25
290.624,10,-35.3546307,149.17576649999998,100.243,-41.98237928069784,13.97,-10.93
290.724,10,-35.3546184,149.1757541,100.278,-42.333850570102946,13.86,-11.61
290.824,10,-35.3546061,149.1757409,100.312,-42.54822288739297,13.72,-12.280000000000001
290.924,10,-35.3545939,149.175727,100.34700000000001,-42.66995393387552,13.540000000000001,-12.96
291.024,10,-35.354582,149.17571239999998,100.383,-42.694904614913575,13.35,-13.620000000000001
291.124,10,-35.3545702,149.17569699999999,100.419,-42.602662910172555,13.13,-14.27
291.225,10,-35.3545586,149.175681,100.455,-42.40240859389695,12.88,-14.91
291.325,10,-35.354547,149.1756639,100.493,-42.169895294171376,12.620000000000001,-15.540000000000001
291.425,10,-35.3545358,149.17564629999998,100.529,-41.96440905299154,12.35,-16.13
291.52500000000003,10,-35.3545248,149.175628,100.562,-41.80749570209425,12.06,-16.7
291.624,10,-35.354514099999996,149.1756092,100.593,-41.70672309107989,11.76,-17.240000000000002
291.724,10,-35.3545036,149.1755896,100.619,-41.66896580534805,11.450000000000001,-17.76
291.824,10,-35.354493399999996,149.1755696,100.64,-41.616725103481215,11.13,-18.28
291.924,10,-35.3544835,149.175549,100.653,-41.563097873212854,10.790000000000001,-18.78
292.024,10,-35.354473999999996,149.1755278,100.663,-41.61661582045449,10.43,-19.28
292.124,10,-35.354464799999995,149.1755063,100.671,-41.735426961066864,10.06,-19.78
292.224,10,-35.354456,149.1754843,100.678,-41.84877053524864,9.65,-20.27
292.324,10,-35.3544477,149.1754619,100.685,-41.97955158238146,9.22,-20.75
292.424,10,-35.3544397,149.1754389,100.691,-42.14063134867246,8.77,-21.23
292.524,10,-35.3544322,149.1754154,100.697,-42.26784362196394,8.31,-21.7
292.624,10,-35.354425,149.1753914,100.702,-42.320637569153554,7.82,-22.16
292.724,10,-35.3544184,149.175367,100.70700000000001,-42.33693098541862,7.32,-22.61
292.824,10,-35.3544121,149.175342,100.712,-42.31954132379177,6.8100000000000005,-23.04
292.924,10,-35.3544063,149.1753166,100.718,-42.27241984870785,6.28,-23.45
293.024,10,-35.354400999999996,149.1752907,100.723,-42.176718653152214,5.74,-23.84
293.124,10,-35.3543962,149.1752644,100.73,-42.033390548514085,5.19,-24.22
293.224,10,-35.354391899999996,149.1752376,100.738,-41.80310047536335,4.63,-24.580000000000002
293.325,10,-35.354388,149.1752105,100.746,-41.493583622935056,4.0600000000000005,-24.91
293.425,10,-35.3543847,149.1751828,100.755,-41.12995801190191,3.49,-25.21
293.52500000000003,10,-35.3543818,149.1751547,100.758,-40.50679204259746,2.95,-25.5
293.625,10,-35.3543794,149.17512639999998,100.756,-39.151624454658986,2.41,-25.76
293.724,10,-35.3543775,149.1750976,100.75,-36.991932299479295,1.8900000000000001,-25.98
293.824,10,-35.354375999999995,149.1750687,100.744,-34.347703109484314,1.43,-26.150000000000002
293.924,10,-35.354374899999996,149.1750395,100.739,-31.685329521959193,1.03,-26.27
294.024,10,-35.3543741,149.1750104,100.735,-29.15698132142265,0.67,-26.35
294.124,10,-35.3543737,149.174981,100.727,-26.460395316344933,0.35000000000000003,-26.400000000000002
294.224,10,-35.3543735,149.1749518,100.71300000000001,-23.611762470153565,0.08,-26.42
294.324,10,-35.3543735,149.1749227,100.69200000000001,-20.851739375612066,-0.12,-26.41
294.424,10,-35.3543735,149.17489369999998,100.663,-18.46631459100533,-0.31,-26.38
294.524,10,-35.3543739,149.1748649,100.626,-16.48746193938548,-0.46,-26.35
294.624,10,-35.354374299999996,149.174836,100.57600000000001,-14.842103519275257,-0.61,-26.330000000000002
294.724,10,-35.354374899999996,149.1748073,100.516,-13.430066068759965,-0.75,-26.310000000000002
294.824,10,-35.3543756,149.1747786,100.447,-12.104263171610667,-0.89,-26.3
294.924,11,-35.3543764,149.1747499,100.374,-10.776357429970652,-1.01,-26.29
295.024,11,-35.354377299999996,149.1747211,100.303,-9.422695044970519,-1.1300000000000001,-26.29
295.124,11,-35.3543783,149.1746924,100.23700000000001,-8.000016159728345,-1.22,-26.29
295.224,11,-35.3543793,149.1746637,100.179,-6.528498006825996,-1.3,-26.29
295.324,11,-35.3543805,149.1746349,100.131,-5.0554725165511885,-1.35,-26.28
295.425,11,-35.354381599999996,149.1746059,100.09100000000001,-3.598915893025752,-1.3900000000000001,-26.27
295.52500000000003,11,-35.354382799999996,149.17457679999998,100.053,-2.234564902304783,-1.4000000000000001,-26.27
295.625,11,-35.354383999999996,149.1745478,100.018,-1.0008872765155001,-1.3900000000000001,-26.26
295.724,11,-35.354385199999996,149.1745186,99.98100000000001,0.09828773616748591,-1.37,-26.27
295.824,11,-35.3543863,149.1744895,99.944,1.0342304457745042,-1.34,-26.27
295.924,11,-35.3543875,149.1744602,99.904,1.7817045773127203,-1.3,-26.27
296.024,11,-35.3543886,149.1744311,99.86200000000001,2.352841794058013,-1.26,-26.28
296.124,11,-35.3543896,149.1744018,99.818,2.827014657138043,-1.21,-26.3
296.224,11,-35.354390599999995,149.1743726,99.775,3.186159877519065,-1.1500000000000001,-26.310000000000002
296.324,11,-35.3543916,149.1743436,99.736,3.4364148070571585,-1.1,-26.310000000000002
296.424,11,-35.354392499999996,149.1743147,99.702,3.5845579816167388,-1.05,-26.310000000000002
296.524,11,-35.3543934,149.1742858,99.674,3.6753089975714057,-1.0,-26.310000000000002
296.624,11,-35.3543942,149.1742569,99.653,3.6959109825422796,-0.9400000000000001,-26.3
296.724,11,-35.354394899999996,149.1742281,99.637,3.694794246612983,-0.89,-26.3
296.824,11,-35.3543957,149.1741993,99.625,3.7133663847398934,-0.84,-26.29
296.924,11,-35.3543964,149.1741705,99.618,3.718471524257655,-0.78,-26.28
297.024,11,-35.354397,149.1741417,99.61500000000001,3.6930977983778805,-0.72,-26.27
297.124,11,-35.3543976,149.17411289999998,99.61200000000001,3.6492227975838345,-0.67,-26.26
297.224,11,-35.3543981,149.1740841,99.60600000000001,3.546769106259997,-0.62,-26.26
297.324,11,-35.354398599999996,149.1740553,99.59700000000001,3.396924574266849,-0.58,-26.26
297.424,11,-35.354399099999995,149.1740265,99.586,3.2062831089178037,-0.54,-26.26
297.52500000000003,11,-35.3543995,149.1739974,99.572,3.030449280245934,-0.5,-26.26
297.625,11,-35.3543999,149.1739685,99.558,2.8536656283926094,-0.45,-26.26
297.725,11,-35.3544003,149.1739393,99.541,2.6931544753500174,-0.41000000000000003,-26.28
297.824,11,-35.3544007,149.1739102,99.526,2.5066649112426935,-0.38,-26.29
297.924,11,-35.354400999999996,149.1738809,99.512,2.2845413964617665,-0.34,-26.310000000000002
298.024,11,-35.3544013,149.1738516,99.501,2.0778018155692357,-0.32,-26.32
298.124,11,-35.3544015,149.1738222,99.492,1.969679280677699,-0.29,-26.35
298.224,11,-35.3544018,149.1737929,99.486,1.8669487532490643,-0.26,-26.36
298.324,11,-35.354402,149.1737637,99.485,1.7988088650983132,-0.24,-26.37
298.424,11,-35.3544023,149.1737346,99.489,1.7643125678083407,-0.22,-26.37
298.524,11,-35.3544025,149.1737056,99.498,1.6803336844157413,-0.2,-26.37
298.624,11,-35.3544026,149.1736766,99.509,1.5943617731676736,-0.18,-26.37
298.724,11,-35.354402799999995,149.17364759999998,99.518,1.5140577449919526,-0.16,-26.36
298.824,11,-35.354403,149.1736187,99.527,1.3961004847475382,-0.14,-26.35
298.924,11,-35.3544031,149.17358969999998,99.536,1.3069748403719228,-0.12,-26.34
299.024,11,-35.3544032,149.1735608,99.546,1.2581388810846257,-0.1,-26.34
299.124,11,-35.3544033,149.1735319,99.554,1.1688790875248432,-0.09,-26.330000000000002
299.224,11,-35.354403399999995,149.17350299999998,99.562,1.0624745586529762,-0.07,-26.32
299.324,11,-35.3544035,149.173474,99.57000000000001,0.9796272455067777,-0.05,-26.310000000000002
299.424,11,-35.3544036,149.17344509999998,99.57600000000001,0.8353438215193425,-0.03,-26.3
299.52500000000003,11,-35.3544036,149.1734162,99.58200000000001,0.32774038410327366,-0.01,-26.3
299.625,11,-35.3544036,149.173387,99.586,-1.1942274136386413,0.0,-26.3
299.725,11,-35.3544037,149.1733577,99.59,-3.9499372437192783,-0.05,-26.34
299.825,11,-35.3544038,149.1733285,99.59400000000001,-7.482416740461963,-0.18,-26.400000000000002
299.924,11,-35.354404099999996,149.173299,99.596,-11.115629147744464,-0.37,-26.490000000000002
300.024,11,-35.354404599999995,149.17326939999998,99.596,-14.48787112589818,-0.6,-26.59
300.124,11,-35.354405299999996,149.17323969999998,99.59700000000001,-17.70404157396981,-0.87,-26.7
300.224,11,-35.3544063,149.1732099,99.602,-20.734868008723975,-1.18,-26.82
300.324,11,-35.3544076,149.17317989999998,99.611,-23.373960896463107,-1.52,-26.96
300.424,11,-35.3544092,149.1731498,99.621,-25.538806429371576,-1.8900000000000001,-27.09
300.524,11,-35.3544111,149.1731198,99.633,-27.354941776846918,-2.2800000000000002,-27.22
300.624,11,-35.3544134,149.1730897,99.646,-28.83944924200334,-2.69,-27.35
300.724,11,-35.3544161,149.1730596,99.66,-30.15246431747908,-3.13,-27.47
300.824,11,-35.354419199999995,149.1730294,99.675,-31.392218783917265,-3.6,-27.580000000000002
300.924,11,-35.3544227,149.1729991,99.693,-32.61377421131195,-4.08,-27.68
301.024,11,-35.3544266,149.17296869999998,99.712,-33.821098939570916,-4.58,-27.78
301.124,11,-35.354431,149.1729382,99.732,-35.04812876358537,-5.13,-27.87
301.224,11,-35.3544359,149.1729076,99.754,-36.221452810156,-5.7,-27.95
301.324,11,-35.3544414,149.1728769,99.779,-37.330952154027464,-6.28,-28.01
301.424,11,-35.3544473,149.17284619999998,99.806,-38.31109113011346,-6.890000000000001,-28.060000000000002
301.524,11,-35.354453899999996,149.1728154,99.83800000000001,-39.110499885666336,-7.53,-28.1
301.625,11,-35.354461,149.1727845,99.873,-39.80474763366311,-8.19,-28.11
301.725,11,-35.3544689,149.1727531,99.913,-40.40638484670369,-8.88,-28.11
301.825,11,-35.3544773,149.172722,99.955,-40.89020129656154,-9.55,-28.080000000000002
301.925,11,-35.3544864,149.1726908,99.999,-41.268774776593254,-10.23,-28.04
302.024,11,-35.354496,149.1726597,100.044,-41.57625623264889,-10.9,-27.97
302.124,11,-35.3545063,149.1726286,100.089,-41.77752141692165,-11.57,-27.87
302.224,11,-35.3545172,149.17259769999998,100.135,-41.86615678178091,-12.22,-27.75
302.324,11,-35.354528699999996,149.1725669,100.18,-41.94729601402607,-12.86,-27.61
302.424,11,-35.3545406,149.17253639999998,100.22500000000001,-41.98212314860397,-13.5,-27.45
302.524,11,-35.3545531,149.17250629999998,100.269,-42.028592340622154,-14.120000000000001,-27.240000000000002
302.624,11,-35.3545661,149.1724764,100.312,-42.1068424028484,-14.73,-27.01
302.724,11,-35.3545796,149.172447,100.35300000000001,-42.19513967334374,-15.32,-26.76
302.824,11,-35.3545936,149.1724178,100.391,-42.28396628349976,-15.9,-26.490000000000002
302.924,11,-35.3546081,149.1723891,100.426,-42.36614028940418,-16.47,-26.2
303.024,11,-35.3546231,149.1723606,100.46000000000001,-42.423162123690034,-17.04,-25.89
303.124,11,-35.3546386,149.17233249999998,100.49000000000001,-42.54050135853627,-17.59,-25.57
303.224,11,-35.354654499999995,149.17230469999998,100.515,-42.658465555691556,-18.13,-25.23
303.324,11,-35.354670999999996,149.17227739999998,100.537,-42.80509947188798,-18.66,-24.87
303.424,11,-35.3546879,149.1722504,100.555,-42.925956254156766,-19.2,-24.490000000000002
303.524,11,-35.3547053,149.17222379999998,100.57300000000001,-43.02086514776868,-19.72,-24.09
303.624,11,-35.354723199999995,149.1721977,100.59,-43.147800798398784,-20.25,-23.66
303.725,11,-35.3547416,149.172172,100.605,-43.272728373412896,-20.76,-23.23
303.825,11,-35.3547606,149.1721466,100.617,-43.397990627696345,-21.26,-22.77
303.925,11,-35.35478,149.1721216,100.624,-43.519076221302335,-21.76,-22.3
304.02500000000003,11,-35.354799899999996,149.1720972,100.63,-43.61184726570403,-22.240000000000002,-21.830000000000002
304.124,11,-35.3548203,149.1720733,100.633,-43.728148311796424,-22.71,-21.34
304.224,11,-35.3548411,149.1720499,100.637,-43.87287660521441,-23.18,-20.81
304.324,11,-35.3548624,149.17202699999999,100.64,-44.01897776665557,-23.650000000000002,-20.27
304.424,11,-35.354884,149.1720048,100.643,-44.13362590696882,-24.09,-19.7
304.524,11,-35.3549061,149.1719833,100.647,-44.221766083113245,-24.52,-19.1
304.624,11,-35.3549285,149.17196239999998,100.652,-44.214970044889085,-24.92,-18.5
304.724,11,-35.354951,149.1719424,100.659,-44.03352265449311,-25.29,-17.87
304.824,11,-35.3549739,149.1719231,100.669,-43.729657783602995,-25.64,-17.240000000000002
304.924,11,-35.354996899999996,149.1719046,100.682,-43.37232960698461,-25.94,-16.59
305.024,11,-35.3550202,149.17188679999998,100.699,-43.00030286327235,-26.21,-15.96
305.124,11,-35.3550436,149.1718698,100.71600000000001,-42.621001968094035,-26.44,-15.35
305.224,11,-35.3550673,149.17185329999998,100.73100000000001,-42.229693600354835,-26.650000000000002,-14.74
305.324,11,-35.3550912,149.1718376,100.745,-41.84677953510558,-26.830000000000002,-14.14
305.424,11,-35.3551152,149.1718225,100.752,-41.475073810284314,-26.990000000000002,-13.56
305.524,11,-35.3551393,149.171808,100.753,-41.11579561465789,-27.12,-12.98
305.624,11,-35.355163499999996,149.1717941,100.747,-40.79407321418278,-27.240000000000002,-12.43
305.724,11,-35.3551879,149.1717808,100.73400000000001,-40.62938710801002,-27.34,-11.870000000000001
305.825,11,-35.3552123,149.17176809999998,100.715,-40.50647443880106,-27.43,-11.3
305.925,11,-35.3552373,149.1717559,100.68900000000001,-40.476271342291255,-27.53,-10.71
306.02500000000003,11,-35.3552622,149.1717443,100.661,-40.53965208269439,-27.61,-10.120000000000001
306.125,11,-35.3552872,149.1717334,100.629,-40.702244735886545,-27.69,-9.5
306.224,11,-35.3553123,149.1717232,100.598,-40.87287310663722,-27.76,-8.88
306.324,11,-35.3553375,149.1717137,100.566,-41.017198418894175,-27.810000000000002,-8.25
306.424,11,-35.3553626,149.17170489999998,100.534,-41.11092910487426,-27.84,-7.6000000000000005
306.524,11,-35.3553879,149.1716968,100.503,-41.10712127441197,-27.86,-6.93
306.624,11,-35.3554131,149.17168949999999,100.47500000000001,-40.944098319302114,-27.86,-6.25
306.724,11,-35.3554381,149.171683,100.45400000000001,-40.667195620160626,-27.810000000000002,-5.57
306.824,11,-35.355463,149.1716772,100.44,-40.29318470649448,-27.75,-4.91
306.924,11,-35.3554877,149.1716722,100.432,-39.857025901570395,-27.650000000000002,-4.2700000000000005
307.024,11,-35.3555123,149.1716679,100.428,-39.373527055508944,-27.54,-3.65
307.124,11,-35.355536799999996,149.17166419999998,100.427,-38.89124739821435,-27.41,-3.0700000000000003
307.224,11,-35.3555612,149.1716612,100.427,-38.14556832576737,-27.26,-2.5100000000000002
307.324,11,-35.355585399999995,149.1716587,100.427,-36.64698042563697,-27.1,-1.99
307.424,11,-35.3556095,149.1716568,100.424,-34.37539611147413,-26.94,-1.52
307.524,11,-35.355633399999995,149.1716553,100.422,-31.70854191985348,-26.77,-1.1300000000000001
307.624,11,-35.355657199999996,149.1716542,100.418,-29.153378396635464,-26.61,-0.8200000000000001
307.724,11,-35.355680899999996,149.1716534,100.411,-26.83932567376078,-26.46,-0.56
307.824,11,-35.3557045,149.1716529,100.396,-24.488255033131914,-26.310000000000002,-0.33
307.925,11,-35.3557282,149.1716526,100.37,-22.081800096070708,-26.17,-0.14
308.02500000000003,11,-35.3557515,149.1716525,100.334,-19.937959102407323,-26.05,0.01
308.125,11,-35.355775,149.1716525,100.284,-18.237288102851046,-25.94,0.15
308.224,11,-35.3557984,149.17165269999998,100.22500000000001,-16.9691678607898,-25.84,0.29
308.324,11,-35.355821899999995,149.171653,100.156,-16.010658386257937,-25.76,0.44
308.424,11,-35.355845099999996,149.17165359999998,100.08200000000001,-15.239951793144746,-25.67,0.6
308.524,11,-35.3558684,149.1716542,100.007,-14.401807327261434,-25.59,0.76
308.624,12,-35.3558916,149.17165509999998,99.935,-13.470495666004563,-25.51,0.93
308.724,12,-35.3559148,149.1716561,99.87,-12.333439070153043,-25.44,1.08
308.824,12,-35.3559378,149.1716574,99.816,-10.966362193623006,-25.38,1.22
308.924,12,-35.355960599999996,149.1716587,99.776,-9.43369164953424,-25.32,1.32
309.024,12,-35.3559833,149.1716602,99.748,-7.7866811774185205,-25.27,1.4000000000000001
309.124,12,-35.3560059,149.1716617,99.73,-6.09587553234468,-25.22,1.46
309.224,12,-35.3560285,149.17166319999998,99.718,-4.4639089787627375,-25.19,1.49
309.324,12,-35.356051,149.1716648,99.70700000000001,-2.9777964191513635,-25.17,1.49
309.424,12,-35.3560735,149.1716664,99.694,-1.5822874928189719,-25.17,1.48
309.524,12,-35.356096099999995,149.17166799999998,99.675,-0.3254338345566456,-25.17,1.46
309.624,12,-35.356118599999995,149.1716695,99.651,0.7170470795288373,-25.19,1.43
309.724,12,-35.356141099999995,149.171671,99.623,1.523462488592237,-25.2,1.4000000000000001
309.824,12,-35.356163699999996,149.1716725,99.59100000000001,2.156510567686935,-25.23,1.37
309.924,12,-35.3561863,149.1716739,99.557,2.6378307968465604,-25.26,1.34
310.02500000000003,12,-35.3562091,149.1716753,99.523,2.986605869076799,-25.28,1.3
310.125,12,-35.356232,149.1716767,99.494,3.2181695590643296,-25.330000000000002,1.26
310.225,12,-35.356254899999996,149.17167799999999,99.46900000000001,3.4131031579764937,-25.37,1.22
310.324,12,-35.356277999999996,149.1716793,99.45,3.588938694195656,-25.42,1.18
310.424,12,-35.356301099999996,149.1716806,99.438,3.754631826384172,-25.47,1.1400000000000001
310.524,12,-35.3563243,149.1716818,99.432,3.969902313550049,-25.53,1.09
310.624,12,-35.3563475,149.171683,99.43,4.181387168368446,-25.580000000000002,1.04
310.724,12,-35.3563708,149.1716841,99.43,4.37861101508668,-25.64,0.98
310.824,12,-35.356394099999996,149.17168519999998,99.431,4.520567532362109,-25.69,0.93
310.924,12,-35.356417199999996,149.17168619999998,99.431,4.55880549265678,-25.73,0.88
311.024,12,-35.356440299999996,149.17168709999999,99.428,4.545428994054133,-25.77,0.8300000000000001
311.124,12,-35.356463399999996,149.171688,99.423,4.49030936745213,-25.8,0.79
311.224,12,-35.3564866,149.1716888,99.418,4.448875305512717,-25.84,0.73
311.324,12,-35.3565097,149.17168959999998,99.414,4.402063750262388,-25.87,0.68
311.424,12,-35.3565328,149.1716904,99.41,4.303766655935326,-25.89,0.64
311.524,12,-35.3565559,149.1716911,99.409,4.143066392030089,-25.92,0.59
311.624,12,-35.3565791,149.1716917,99.411,4.022575878655541,-25.95,0.55
311.724,12,-35.3566023,149.1716923,99.414,3.8975846975047768,-25.97,0.5
311.824,12,-35.3566256,149.1716928,99.418,3.81258598149173,-25.990000000000002,0.46
311.924,12,-35.356648799999995,149.1716933,99.425,3.7138867597772838,-26.01,0.42
312.02500000000003,12,-35.3566721,149.17169379999999,99.431,3.639231084601752,-26.03,0.38
312.125,12,-35.3566959,149.17169429999998,99.436,3.661355774870716,-26.07,0.35000000000000003
312.225,12,-35.356719399999996,149.1716947,99.44,4.03581748102208,-26.1,0.31
312.325,12,-35.356743099999996,149.171695,99.44,4.956615346712185,-26.14,0.27
312.424,12,-35.356766799999995,149.17169529999998,99.44,6.416804777102423,-26.19,0.19
312.524,12,-35.3567907,149.1716955,99.44,8.431491162429097,-26.26,0.07
312.624,12,-35.3568145,149.1716955,99.44200000000001,10.908374741343243,-26.34,-0.07
312.724,12,-35.356838499999995,149.1716954,99.44500000000001,13.578938579456855,-26.43,-0.27
312.824,12,-35.3568624,149.1716951,99.446,16.192599257821445,-26.54,-0.51
312.924,12,-35.3568864,149.1716944,99.44800000000001,18.56614634346153,-26.650000000000002,-0.78
313.024,12,-35.356910299999996,149.17169339999998,99.45,20.538530805937373,-26.77,-1.07
313.124,12,-35.3569343,149.171692,99.45400000000001,22.08940721925881,-26.88,-1.3800000000000001
313.224,12,-35.356958399999996,149.1716903,99.46000000000001,23.260851256260406,-26.990000000000002,-1.7
313.324,12,-35.3569825,149.1716883,99.47,24.236349118805382,-27.1,-2.05
313.424,12,-35.3570068,149.1716858,99.48700000000001,25.197064744439157,-27.21,-2.4
313.524,12,-35.3570311,149.171683,99.51,26.303939588122034,-27.3,-2.77
313.624,12,-35.3570555,149.1716798,99.534,27.571856632055475,-27.400000000000002,-3.15
313.724,12,-35.357079999999996,149.17167609999998,99.558,28.98570408270082,-27.490000000000002,-3.5500000000000003
313.824,12,-35.3571046,149.171672,99.58,30.481074963732148,-27.580000000000002,-3.98
313.924,12,-35.3571293,149.1716673,99.598,32.02398396138676,-27.67,-4.43
314.024,12,-35.357154099999995,149.1716622,99.613,33.52763303169215,-27.76,-4.9
314.125,12,-35.357178999999995,149.17165649999998,99.626,34.978033947228106,-27.84,-5.42
314.225,12,-35.3572042,149.1716502,99.636,36.35758189540894,-27.93,-5.97
314.325,12,-35.357229499999995,149.1716432,99.647,37.64277761039522,-28.01,-6.5600000000000005
314.425,12,-35.3572548,149.1716356,99.66,38.744517859369545,-28.080000000000002,-7.2
314.524,12,-35.3572803,149.1716271,99.68,39.6822106248585,-28.13,-7.890000000000001
314.624,12,-35.3573058,149.1716179,99.708,40.47065009660434,-28.16,-8.59
314.724,12,-35.3573314,149.1716079,99.745,41.08390204632852,-28.16,-9.31
314.824,12,-35.3573568,149.17159709999999,99.788,41.62452859460795,-28.12,-10.03
314.924,12,-35.3573823,149.1715855,99.83800000000001,42.03069603888652,-28.060000000000002,-10.75
315.024,12,-35.357407699999996,149.1715731,99.892,42.265825301064204,-27.97,-11.46
315.124,12,-35.3574327,149.17156,99.949,42.40788982070588,-27.84,-12.15
315.224,12,-35.3574576,149.1715463,100.007,42.397029819925564,-27.68,-12.82
315.324,12,-35.3574822,149.1715318,100.06700000000001,42.316030606558385,-27.490000000000002,-13.48
315.424,12,-35.3575067,149.1715166,100.128,42.22618288312145,-27.27,-14.11
315.524,12,-35.3575308,149.1715008,100.19,42.101422647742,-27.04,-14.71
315.624,12,-35.357554799999996,149.1714844,100.248,42.01203937716863,-26.8,-15.280000000000001
315.724,12,-35.357578499999995,149.1714673,100.3,41.986525205524046,-26.54,-15.82
315.824,12,-35.3576021,149.17144969999998,100.346,41.97031033643443,-26.27,-16.35
315.924,12,-35.357625299999995,149.17143149999998,100.385,42.005571188024625,-25.98,-16.87
316.024,12,-35.3576483,149.1714127,100.417,42.134832518067114,-25.68,-17.39
316.124,12,-35.357670999999996,149.1713933,100.44200000000001,42.26709913134441,-25.35,-17.92
316.225,12,-35.357693499999996,149.1713734,100.46000000000001,42.15582168938656,-25.0,-18.44
316.325,12,-35.357715999999996,149.17135249999998,100.471,41.371357387737675,-24.64,-18.97
316.425,12,-35.357738,149.1713312,100.479,39.951630851764236,-24.28,-19.48
316.52500000000003,12,-35.3577598,149.1713093,100.491,38.206951235838275,-23.91,-19.95
316.624,12,-35.3577812,149.17128689999998,100.51,36.546672267486166,-23.54,-20.35
316.724,12,-35.3578024,149.1712641,100.533,35.05979472668775,-23.18,-20.72
316.824,12,-35.3578232,149.1712409,100.558,33.327016715390535,-22.830000000000002,-21.04
316.92400000000004,12,-35.3578437,149.1712174,100.58200000000001,31.251083170002705,-22.51,-21.31
317.024,12,-35.3578639,149.17119359999998,100.60000000000001,29.013024839380872,-22.22,-21.52
317.124,12,-35.357883699999995,149.1711699,100.611,26.771561659457788,-21.96,-21.67
317.224,12,-35.357903199999996,149.171146,100.61200000000001,24.564283576330617,-21.73,-21.79
317.324,12,-35.3579225,149.17112219999999,100.60000000000001,22.42173007332578,-21.51,-21.89
317.42400000000004,12,-35.3579416,149.1710982,100.57600000000001,20.336230848005354,-21.31,-21.97
317.524,12,-35.3579605,149.1710742,100.54,18.31092095719837,-21.12,-22.04
317.624,12,-35.357979199999996,149.1710501,100.495,16.30073822785567,-20.95,-22.1
317.724,12,-35.3579978,149.17102599999998,100.44500000000001,14.369732758919053,-20.79,-22.150000000000002
317.824,12,-35.358016299999996,149.1710018,100.391,12.527254225588617,-20.650000000000002,-22.2
317.92400000000004,12,-35.3580347,149.1709776,100.339,10.726441553742552,-20.53,-22.240000000000002
318.024,12,-35.3580529,149.17095329999998,100.288,9.032343757488766,-20.43,-22.27
318.124,12,-35.3580712,149.170929,100.242,7.405164739628179,-20.35,-22.29
318.224,12,-35.358089299999996,149.1709046,100.2,5.855205706089642,-20.28,-22.3
318.325,12,-35.3581074,149.1708802,100.161,4.403049858823809,-20.23,-22.3
318.425,12,-35.358125699999995,149.17085559999998,100.125,3.0243701984412112,-20.2,-22.3
318.52500000000003,12,-35.358143999999996,149.170831,100.09100000000001,1.7582708386006412,-20.19,-22.3
318.624,12,-35.358162199999995,149.17080629999998,100.06,0.6134739308722053,-20.2,-22.29
318.724,12,-35.3581806,149.1707816,100.028,-0.4112239720593412,-20.21,-22.28
318.824,12,-35.3581989,149.1707569,99.996,-1.2728617807274114,-20.240000000000002,-22.27
318.92400000000004,12,-35.3582173,149.1707322,99.962,-1.9954604700301468,-20.28,-22.26
319.024,12,-35.3582357,149.1707075,99.927,-2.602017553707245,-20.32,-22.240000000000002
319.124,12,-35.3582542,149.17068279999998,99.893,-3.115500289894814,-20.37,-22.22
319.224,12,-35.3582727,149.1706581,99.86200000000001,-3.5895948192428,-20.42,-22.2
319.324,12,-35.358291099999995,149.1706337,99.837,-3.9650187282934897,-20.48,-22.17
319.42400000000004,12,-35.3583095,149.1706094,99.81400000000001,-4.238368875292924,-20.53,-22.13
319.524,12,-35.3583279,149.1705852,99.795,-4.477399456147159,-20.580000000000002,-22.09
319.624,12,-35.358346399999995,149.170561,99.779,-4.631284471921193,-20.63,-22.05
319.724,12,-35.3583648,149.1705369,99.766,-4.7382243168692595,-20.69,-22.0
319.824,12,-35.3583833,149.17051279999998,99.753,-4.791393497576401,-20.740000000000002,-21.97
319.92400000000004,13,-35.3584019,149.1704888,99.739,-4.771819882962436,-20.79,-21.93
320.024,13,-35.3584205,149.1704648,99.723,-4.736770767236516,-20.84,-21.89
320.124,13,-35.3584391,149.1704409,99.70400000000001,-4.6726451093270285,-20.89,-21.86
320.224,13,-35.3584579,149.170417,99.683,-4.56119008245076,-20.94,-21.830000000000002
320.324,13,-35.358476599999996,149.17039309999998,99.661,-4.404370219767737,-20.990000000000002,-21.8
320.425,13,-35.3584956,149.170369,99.642,-4.198149306365304,-21.04,-21.77
320.52500000000003,13,-35.3585146,149.1703449,99.628,-3.9171267224938298,-21.1,-21.75
320.625,13,-35.358533699999995,149.17032079999998,99.62,-3.66684639318976,-21.150000000000002,-21.740000000000002
320.724,13,-35.3585529,149.1702966,99.61500000000001,-3.4493571617606866,-21.2,-21.73
320.824,13,-35.358572099999996,149.17027249999998,99.611,-3.267775302015428,-21.240000000000002,-21.73
320.92400000000004,13,-35.358591499999996,149.1702483,99.60900000000001,-3.0708492088563246,-21.29,-21.73
321.024,13,-35.3586108,149.17022409999998,99.60900000000001,-2.8811740018314245,-21.34,-21.72
321.124,13,-35.3586302,149.1701999,99.60600000000001,-2.7123652361643247,-21.38,-21.72
321.224,13,-35.3586495,149.17017579999998,99.602,-2.5859053508985963,-21.42,-21.72
321.324,13,-35.3586688,149.17015189999998,99.599,-2.5119433668106437,-21.44,-21.7
321.42400000000004,13,-35.358688,149.170128,99.599,-2.4177396902305355,-21.47,-21.68
321.524,13,-35.3587072,149.1701042,99.60300000000001,-2.3386271031781587,-21.490000000000002,-21.67
321.624,13,-35.3587264,149.1700804,99.61200000000001,-2.2362743705879904,-21.5,-21.650000000000002
321.724,13,-35.3587456,149.1700567,99.625,-2.135257153423971,-21.51,-21.63
321.824,13,-35.3587647,149.170033,99.642,-2.004694458901181,-21.52,-21.6
321.92400000000004,13,-35.3587839,149.1700094,99.658,-1.8772800546989434,-21.52,-21.580000000000002
322.024,13,-35.358803099999996,149.1699858,99.671,-1.7352140409533823,-21.53,-21.56
322.124,13,-35.3588223,149.1699622,99.68,-1.5708649619274775,-21.54,-21.54
322.224,13,-35.3588415,149.1699385,99.685,-1.4634447625816887,-21.54,-21.53
322.324,13,-35.358860799999995,149.16991489999998,99.686,-1.3803633020130057,-21.55,-21.52
322.42400000000004,13,-35.35888,149.1698913,99.683,-1.3015809119183168,-21.56,-21.51
322.52500000000003,13,-35.3588994,149.16986749999998,99.677,-1.2553996550623334,-21.57,-21.51
322.625,13,-35.3589187,149.1698438,99.672,-1.1784430599101534,-21.580000000000002,-21.5
322.725,13,-35.3589382,149.1698199,99.669,-1.0960215663700228,-21.6,-21.5
322.824,13,-35.3589577,149.16979609999999,99.667,-1.0372747891536258,-21.62,-21.51
322.92400000000004,13,-35.3589773,149.1697721,99.667,-0.9840544887494154,-21.64,-21.51
323.024,13,-35.3589969,149.1697482,99.67,-0.9329024550032494,-21.66,-21.52
323.124,13,-35.3590166,149.1697241,99.677,-0.8592924391009642,-21.68,-21.53
323.224,13,-35.3590362,149.1697002,99.687,-0.8153261378876219,-21.7,-21.54
323.324,13,-35.3590557,149.1696764,99.697,-0.8041216928018919,-21.7,-21.53
323.42400000000004,13,-35.3590752,149.1696526,99.709,-0.8010683847994847,-21.71,-21.53
323.524,13,-35.3590946,149.1696289,99.721,-0.7887111852087565,-21.72,-21.53
323.624,13,-35.359114,149.1696053,99.732,-0.7488831248587956,-21.73,-21.52
323.724,13,-35.3591334,149.16958169999998,99.741,-0.6303745402823142,-21.72,-21.52
323.824,13,-35.3591528,149.1695581,99.749,-0.5116805801028904,-21.72,-21.51
323.92400000000004,13,-35.359172199999996,149.1695345,99.755,-0.44392707788792096,-21.72,-21.5
324.024,13,-35.359191599999996,149.1695109,99.761,-0.4118028039110733,-21.72,-21.5
324.124,13,-35.3592109,149.1694873,99.767,-0.4278599649999651,-21.72,-21.490000000000002
324.224,13,-35.3592303,149.1694637,99.772,-0.4409339075667215,-21.73,-21.48
324.324,13,-35.3592497,149.1694401,99.776,-0.39790590359060973,-21.72,-21.48
324.42400000000004,13,-35.3592692,149.16941649999998,99.779,-0.34321337725514417,-21.72,-21.48
324.52500000000003,13,-35.3592886,149.1693929,99.781,-0.22713687363171622,-21.72,-21.48
324.625,13,-35.3593082,149.16936909999998,99.785,-0.1619077266246614,-21.72,-21.48
324.725,13,-35.359327799999996,149.16934519999998,99.788,-0.1338361160433718,-21.73,-21.490000000000002
324.825,13,-35.3593474,149.1693214,99.79,-0.12318607687896331,-21.740000000000002,-21.5
324.92400000000004,13,-35.3593671,149.1692974,99.792,-0.14276117225659507,-21.75,-21.51
325.024,13,-35.359386799999996,149.1692735,99.794,-0.1769682804043263,-21.75,-21.51
325.124,13,-35.3594065,149.1692495,99.797,-0.1879931528798657,-21.76,-21.53
325.224,13,-35.3594262,149.16922549999998,99.801,-0.18330801663520718,-21.77,-21.53
325.324,13,-35.359446,149.16920149999999,99.807,-0.2089873934803395,-21.78,-21.54
325.42400000000004,13,-35.3594657,149.16917759999998,99.81400000000001,-0.20669447763162507,-21.79,-21.55
325.524,13,-35.3594852,149.1691538,99.82300000000001,-0.22952786672804382,-21.79,-21.55
325.624,13,-35.359504699999995,149.1691301,99.834,-0.23675447367418176,-21.78,-21.55
325.724,13,-35.359524199999996,149.1691065,99.849,-0.20811451664875302,-21.78,-21.54
325.824,13,-35.359543599999995,149.16908279999998,99.867,-0.16345685888514527,-21.77,-21.53
325.92400000000004,13,-35.359563,149.1690593,99.884,-0.11725413762608657,-21.76,-21.52
326.024,13,-35.3595824,149.1690357,99.897,-0.1139798489916456,-21.75,-21.52
326.124,13,-35.3596018,149.1690121,99.903,-0.09957161162824998,-21.740000000000002,-21.51
326.224,13,-35.3596212,149.1689886,99.903,-0.1075255269992885,-21.740000000000002,-21.51
326.324,13,-35.3596406,149.16896509999998,99.901,-0.10368301865273404,-21.73,-21.5
326.42400000000004,13,-35.35966,149.1689415,99.896,-0.10489810530401533,-21.73,-21.5
326.524,13,-35.3596794,149.1689179,99.89,-0.11509335658934279,-21.73,-21.5
326.625,13,-35.3596988,149.1688943,99.886,-0.1290299974049968,-21.73,-21.5
326.725,13,-35.3597185,149.16887029999998,99.884,-0.1553384720252843,-21.73,-21.51
326.825,13,-35.3597381,149.1688466,99.886,-0.18936303269527638,-21.740000000000002,-21.51
326.925,13,-35.3597578,149.1688226,99.891,-0.22516655081915266,-21.76,-21.53
327.024,13,-35.3597774,149.1687988,99.899,-0.2337146392871294,-21.77,-21.53
327.124,13,-35.359797199999996,149.1687748,99.909,-0.222208291835957,-21.78,-21.54
327.224,13,-35.3598169,149.1687509,99.919,-0.19284935067867864,-21.79,-21.55
327.324,13,-35.3598366,149.1687269,99.927,-0.12363348095002559,-21.8,-21.56
327.42400000000004,13,-35.3598563,149.168703,99.934,-0.08749945237345078,-21.81,-21.56
327.524,13,-35.3598759,149.16867929999998,99.938,-0.029106080750695727,-21.81,-21.56
327.624,13,-35.3598954,149.1686555,99.93900000000001,-0.006806599087336755,-21.81,-21.56
327.724,13,-35.3599149,149.16863189999998,99.937,0.04389979691537394,-21.81,-21.56
327.824,13,-35.3599344,149.1686083,99.934,0.0979682914216556,-21.81,-21.56
327.92400000000004,13,-35.3599538,149.1685847,99.932,0.11524532829837558,-21.8,-21.56
328.024,13,-35.3599732,149.1685611,99.932,0.1444358092430779,-21.79,-21.56
328.124,13,-35.3599926,149.16853749999999,99.935,0.09997557996505921,-21.78,-21.56
328.224,13,-35.360012,149.168514,99.93900000000001,0.03854333111555053,-21.78,-21.55
328.324,13,-35.3600314,149.1684904,99.943,0.014910319633404364,-21.77,-21.55
328.42400000000004,13,-35.360050799999996,149.1684668,99.94500000000001,-0.010904451204541574,-21.76,-21.54
328.524,13,-35.360070199999996,149.16844319999998,99.947,-0.3887651628100021,-21.740000000000002,-21.55
328.624,13,-35.360089699999996,149.1684196,99.95,-1.7911061192618312,-21.740000000000002,-21.54
328.725,13,-35.360109099999995,149.168396,99.95400000000001,-4.40546176937447,-21.77,-21.5
328.825,13,-35.3601287,149.1683723,99.95700000000001,-7.787967814303421,-21.86,-21.41
328.925,13,-35.3601485,149.1683486,99.96000000000001,-11.283253942807624,-22.0,-21.27
329.02500000000003,13,-35.3601684,149.1683252,99.96000000000001,-14.544937356413635,-22.17,-21.1
329.124,13,-35.3601886,149.1683019,99.95700000000001,-17.71982614114171,-22.37,-20.91
329.224,13,-35.360209,149.1682788,99.95100000000001,-20.753659566677975,-22.6,-20.7
329.324,13,-35.3602296,149.1682559,99.944,-23.36378391459979,-22.87,-20.44
329.42400000000004,13,-35.3602505,149.1682334,99.94,-25.301220006639973,-23.150000000000002,-20.17
329.524,13,-35.3602716,149.1682112,99.937,-26.609839855384813,-23.44,-19.87
329.624,13,-35.360293,149.1681893,99.937,-27.505380108411032,-23.72,-19.57
329.724,13,-35.3603144,149.16816799999998,99.941,-28.243481085973876,-24.0,-19.25
329.824,13,-35.3603361,149.168147,99.949,-29.016579952843866,-24.28,-18.92
329.92400000000004,13,-35.3603579,149.1681265,99.96300000000001,-29.932262433732454,-24.54,-18.56
330.024,13,-35.36038,149.1681064,99.982,-31.013303794427053,-24.810000000000002,-18.18
330.124,13,-35.360402199999996,149.1680868,100.003,-32.269700016777975,-25.09,-17.77
330.224,13,-35.3604248,149.1680676,100.024,-33.56722422321612,-25.35,-17.35
330.324,13,-35.3604475,149.168049,100.044,-34.85971799533056,-25.62,-16.91
330.42400000000004,13,-35.3604705,149.1680307,100.062,-36.053781911315944,-25.900000000000002,-16.45
330.524,13,-35.3604938,149.1680131,100.078,-37.12810919605642,-26.17,-15.950000000000001
330.624,13,-35.3605173,149.167996,100.09100000000001,-38.112219927144785,-26.44,-15.43
330.724,13,-35.360541,149.1679794,100.104,-38.97231832856781,-26.71,-14.88
330.825,13,-35.360565,149.16796349999998,100.118,-39.82432295582437,-26.97,-14.3
330.925,13,-35.3605897,149.167948,100.136,-40.659774619627406,-27.23,-13.69
331.02500000000003,13,-35.360614399999996,149.1679332,100.156,-41.52499566292794,-27.48,-13.05
331.124,13,-35.3606394,149.1679192,100.179,-42.38129306407785,-27.71,-12.39
331.224,13,-35.3606646,149.1679059,100.205,-43.05925764109332,-27.93,-11.68
331.324,13,-35.36069,149.1678934,100.239,-43.545731034538306,-28.13,-10.94
331.42400000000004,13,-35.3607156,149.1678818,100.277,-43.825686828238794,-28.3,-10.19
331.524,13,-35.3607413,149.167871,100.322,-43.91477981577244,-28.43,-9.44
331.624,13,-35.360766999999996,149.167861,100.371,-43.887821059118394,-28.53,-8.69
331.724,13,-35.3607927,149.1678519,100.425,-43.74125202971909,-28.580000000000002,-7.96
331.824,13,-35.3608183,149.1678436,100.48,-43.55105858209092,-28.59,-7.25
331.92400000000004,13,-35.3608438,149.1678361,100.537,-43.235090615991545,-28.57,-6.5600000000000005
332.024,13,-35.3608693,149.1678293,100.59100000000001,-42.864399174262026,-28.52,-5.89
332.124,13,-35.3608946,149.16782329999998,100.644,-42.508423375099305,-28.44,-5.25
332.224,13,-35.3609199,149.1678179,100.69200000000001,-42.20157712663648,-28.35,-4.65
332.324,13,-35.360945099999995,149.16781319999998,100.733,-41.745098508931605,-28.23,-4.0600000000000005
332.42400000000004,13,-35.3609702,149.1678092,100.767,-40.82088170667508,-28.1,-3.5
332.524,13,-35.3609951,149.1678057,100.793,-39.33368997717484,-27.95,-2.96
332.624,13,-35.361019999999996,149.16780269999998,100.815,-37.589549946193316,-27.79,-2.47
332.724,13,-35.3610446,149.16780029999998,100.833,-35.96648184843943,-27.62,-2.04
332.824,13,-35.361069199999996,149.1677983,100.84700000000001,-34.44246515402907,-27.44,-1.6300000000000001
332.925,13,-35.3610938,149.1677966,100.854,-32.70550365186522,-27.26,-1.26
333.02500000000003,13,-35.3611181,149.1677954,100.855,-30.772997248858495,-27.07,-0.92
333.125,13,-35.3611425,149.16779459999998,100.84700000000001,-28.84522758204117,-26.91,-0.62
333.224,13,-35.3611666,149.167794,100.833,-27.0731486622597,-26.740000000000002,-0.36
333.324,13,-35.361190799999996,149.1677937,100.809,-25.42115129827623,-26.59,-0.11
333.42400000000004,13,-35.3612148,149.16779359999998,100.778,-23.85404635548684,-26.45,0.1
333.524,13,-35.3612387,149.1677938,100.73700000000001,-22.290549460126517,-26.310000000000002,0.31
333.624,14,-35.361262499999995,149.16779409999998,100.686,-20.712162752375562,-26.19,0.51
333.724,14,-35.361286,149.1677948,100.631,-19.029316839005723,-26.060000000000002,0.7000000000000001
333.824,14,-35.361309299999995,149.1677956,100.575,-17.21211768956715,-25.93,0.87
333.92400000000004,14,-35.361332399999995,149.1677966,100.522,-15.362985698211478,-25.810000000000002,1.03
334.024,14,-35.3613555,149.1677977,100.47500000000001,-13.453055631732582,-25.71,1.16
334.124,14,-35.3613784,149.167799,100.435,-11.586812308958732,-25.61,1.27
334.224,14,-35.361401199999996,149.1678004,100.401,-9.756196106669316,-25.53,1.36
334.324,14,-35.361424,149.1678018,100.371,-7.970160549092573,-25.46,1.41
334.42400000000004,14,-35.3614467,149.1678033,100.342,-6.298052973758466,-25.41,1.45
334.524,14,-35.3614694,149.1678048,100.313,-4.778347409374853,-25.36,1.47
334.624,14,-35.361492,149.1678064,100.283,-3.436706584200765,-25.34,1.48
334.724,14,-35.3615147,149.16780799999998,100.25,-2.2437216246608314,-25.310000000000002,1.48
334.824,14,-35.3615373,149.1678095,100.211,-1.275551594599927,-25.3,1.47
334.92400000000004,14,-35.361559899999996,149.1678111,100.166,-0.4604996247744577,-25.3,1.46
335.02500000000003,14,-35.3615828,149.1678126,100.119,0.24053973249569108,-25.3,1.45
335.125,14,-35.3616057,149.1678141,100.071,0.8576257662217753,-25.32,1.43
335.225,14,-35.3616285,149.1678157,100.028,1.4127094770965993,-25.35,1.41
335.324,14,-35.3616516,149.1678172,99.989,1.9699586781034348,-25.38,1.3900000000000001
335.42400000000004,14,-35.3616746,149.1678187,99.955,2.5009555134267973,-25.42,1.36
335.524,14,-35.3616977,149.1678201,99.927,3.0194349598790535,-25.47,1.32
335.624,14,-35.3617208,149.1678215,99.906,3.482958490825976,-25.52,1.27
335.724,14,-35.361744,149.16782279999998,99.888,3.8616088104858504,-25.560000000000002,1.23
335.824,14,-35.3617671,149.1678241,99.873,4.155535329246771,-25.61,1.18
335.92400000000004,14,-35.3617901,149.1678254,99.858,4.397419648513602,-25.650000000000002,1.12
336.024,14,-35.3618132,149.16782659999998,99.843,4.620526070204776,-25.69,1.07
336.124,14,-35.3618362,149.1678277,99.827,4.756036596451007,-25.73,1.02
336.224,14,-35.3618592,149.1678287,99.809,4.847766890777923,-25.76,0.96
336.324,14,-35.3618822,149.1678297,99.791,4.870479404202332,-25.8,0.9
336.42400000000004,14,-35.361905199999995,149.1678306,99.772,4.837289380591124,-25.830000000000002,0.85
336.524,14,-35.3619282,149.1678315,99.751,4.835979264930951,-25.86,0.8
336.624,14,-35.3619513,149.16783239999998,99.73,5.162808939357939,-25.89,0.77
336.724,14,-35.3619744,149.1678332,99.71000000000001,6.469139394070353,-25.92,0.72
336.824,14,-35.361997599999995,149.1678339,99.69500000000001,8.921158523084713,-25.97,0.62
336.92400000000004,14,-35.362020799999996,149.1678345,99.682,12.173113185991689,-26.060000000000002,0.45
337.02500000000003,14,-35.3620442,149.16783479999998,99.673,15.512568548582049,-26.17,0.2
337.125,14,-35.362068,149.16783479999998,99.664,18.5838279956754,-26.3,-0.06
337.225,14,-35.3620918,149.1678346,99.654,21.46575972161787,-26.45,-0.36
337.325,14,-35.3621159,149.167834,99.641,24.201942040861443,-26.61,-0.7000000000000001
337.42400000000004,14,-35.36214,149.16783289999998,99.631,26.5635140973392,-26.79,-1.09
337.524,14,-35.3621644,149.16783139999998,99.624,28.328795271349215,-26.97,-1.51
337.624,14,-35.3621889,149.1678296,99.619,29.516095592508993,-27.150000000000002,-1.95
337.724,14,-35.3622136,149.16782709999998,99.62,30.365658427137273,-27.330000000000002,-2.41
337.824,14,-35.362238399999995,149.1678241,99.63,31.046430211901615,-27.490000000000002,-2.88
337.92400000000004,14,-35.3622631,149.1678207,99.649,31.77239052821476,-27.63,-3.36
338.024,14,-35.362288,149.1678167,99.673,32.60110421040158,-27.75,-3.85
338.124,14,-35.3623128,149.1678121,99.7,33.54077773074984,-27.85,-4.3500000000000005
338.224,14,-35.3623377,149.16780699999998,99.727,34.577183805218404,-27.94,-4.86
338.324,14,-35.3623626,149.16780129999998,99.753,35.6039251620114,-28.01,-5.39
338.42400000000004,14,-35.3623876,149.1677951,99.774,36.57197128817189,-28.07,-5.92
338.524,14,-35.3624126,149.16778829999998,99.794,37.48575156137663,-28.12,-6.48
338.624,14,-35.3624377,149.1677808,99.81400000000001,38.339846226519214,-28.16,-7.0600000000000005
338.724,14,-35.3624627,149.1677727,99.833,39.07333341129772,-28.18,-7.67
338.824,14,-35.3624879,149.16776389999998,99.854,39.77004344249028,-28.19,-8.3
338.92400000000004,14,-35.362513,149.16775429999998,99.877,40.429494791760426,-28.17,-8.94
339.024,14,-35.3625381,149.1677441,99.904,41.0210643059644,-28.13,-9.6
339.125,14,-35.3625632,149.1677332,99.932,41.50915645424268,-28.07,-10.27
339.225,14,-35.3625884,149.1677214,99.962,41.95447112774917,-27.98,-10.950000000000001
339.325,14,-35.362613599999996,149.16770879999999,99.994,42.34746313711878,-27.88,-11.64
339.425,14,-35.3626387,149.16769549999998,100.028,42.643572328206346,-27.75,-12.34
339.524,14,-35.3626638,149.1676813,100.06700000000001,42.85512719246373,-27.6,-13.040000000000001
339.624,14,-35.3626886,149.1676664,100.108,42.98251022048447,-27.41,-13.74
339.724,14,-35.3627134,149.1676506,100.15,43.041953356831094,-27.2,-14.42
339.824,14,-35.3627379,149.16763419999998,100.19500000000001,42.97995914482947,-26.97,-15.1
339.92400000000004,14,-35.3627622,149.16761689999998,100.242,42.85828615495487,-26.71,-15.75
340.024,14,-35.362786199999995,149.1675991,100.289,42.71012569147895,-26.44,-16.35
340.124,14,-35.3628097,149.1675807,100.334,42.5024093935351,-26.13,-16.92
340.224,14,-35.362832999999995,149.1675618,100.376,42.30258196408263,-25.82,-17.47
340.324,14,-35.3628558,149.16754229999998,100.415,42.137766084315636,-25.48,-18.0
340.42400000000004,14,-35.3628784,149.1675223,100.44800000000001,41.988273733951566,-25.12,-18.51
340.524,14,-35.362900499999995,149.1675017,100.47800000000001,41.86449363071801,-24.75,-19.01
340.624,14,-35.362922399999995,149.1674807,100.503,41.81036096645107,-24.38,-19.490000000000002
340.724,14,-35.3629438,149.1674591,100.523,41.81699649522974,-23.98,-19.95
340.824,14,-35.362964999999996,149.167437,100.537,41.798896493929206,-23.580000000000002,-20.41
340.92400000000004,14,-35.3629858,149.16741439999998,100.545,41.82433211839834,-23.17,-20.85
341.024,14,-35.3630062,149.16739139999999,100.546,41.93243010729754,-22.73,-21.29
341.124,14,-35.3630263,149.1673678,100.545,42.10164462889002,-22.27,-21.740000000000002
341.225,14,-35.363045899999996,149.1673437,100.542,42.32181919187997,-21.79,-22.2
341.325,14,-35.363065399999996,149.16731869999998,100.536,42.54400866067507,-21.28,-22.67
341.425,14,-35.3630843,149.1672934,100.531,42.690137142872906,-20.75,-23.13
341.52500000000003,14,-35.3631028,149.1672674,100.525,42.80914294387662,-20.21,-23.57
341.624,14,-35.3631208,149.167241,100.52,42.84701634282435,-19.66,-24.0
341.724,14,-35.363138299999996,149.1672141,100.514,42.75444337390858,-19.1,-24.42
341.824,14,-35.363155299999995,149.1671868,100.509,42.534422490174954,-18.53,-24.8
341.92400000000004,14,-35.363171799999996,149.167159,100.506,42.25880386659743,-17.96,-25.17
342.024,14,-35.3631878,149.1671309,100.507,41.95458041077589,-17.37,-25.51
342.124,14,-35.3632031,149.1671027,100.511,41.610844310605835,-16.79,-25.8
342.224,14,-35.3632178,149.1670742,100.515,41.24451052956678,-16.21,-26.07
342.324,14,-35.363231999999996,149.1670456,100.52,40.8695058233764,-15.620000000000001,-26.310000000000002
342.42400000000004,14,-35.3632456,149.16701659999998,100.523,40.50842787290368,-15.05,-26.52
342.524,14,-35.3632588,149.1669876,100.524,40.235715494817995,-14.49,-26.7
342.624,14,-35.363271399999995,149.1669583,100.522,40.052150745779315,-13.93,-26.87
342.724,14,-35.3632835,149.1669289,100.519,39.96423938097208,-13.370000000000001,-27.01
342.824,14,-35.363295199999996,149.16689929999998,100.511,39.90164069722891,-12.790000000000001,-27.150000000000002
342.92400000000004,14,-35.3633063,149.16686959999998,100.5,39.8859278470433,-12.21,-27.27
343.024,14,-35.3633169,149.1668397,100.486,39.962436211031196,-11.63,-27.38
343.124,14,-35.363327,149.1668097,100.46900000000001,40.034433235072306,-11.040000000000001,-27.47
343.224,14,-35.3633366,149.1667795,100.45,40.02737081947051,-10.43,-27.560000000000002
343.325,14,-35.363345699999996,149.1667491,100.428,40.041628839362915,-9.82,-27.63
343.425,14,-35.363354199999996,149.1667187,100.406,40.09070374854945,-9.21,-27.69
343.52500000000003,14,-35.3633622,149.166688,100.381,40.16131765928363,-8.59,-27.75
343.624,14,-35.3633696,149.1666573,100.35600000000001,40.22501941857775,-7.96,-27.79
343.724,14,-35.3633765,149.16662639999998,100.333,40.24997692980498,-7.32,-27.810000000000002
343.824,14,-35.3633829,149.1665956,100.313,40.26614057247581,-6.68,-27.82
343.92400000000004,14,-35.3633886,149.1665646,100.297,40.24430787279387,-6.0200000000000005,-27.810000000000002
344.024,14,-35.3633938,149.1665337,100.286,40.1691143202212,-5.37,-27.78
344.124,14,-35.3633983,149.1665028,100.279,39.97855204237784,-4.72,-27.73
344.224,14,-35.3634023,149.1664721,100.273,39.62079697893633,-4.1,-27.650000000000002
344.324,14,-35.3634057,149.1664417,100.271,39.14464058623265,-3.5,-27.55
344.42400000000004,14,-35.3634086,149.16641149999998,100.271,38.507500049886346,-2.95,-27.43
344.524,14,-35.363411,149.1663815,100.269,37.53090935707417,-2.4,-27.3
344.624,14,-35.3634129,149.1663517,100.267,35.80316861028984,-1.8900000000000001,-27.150000000000002
344.724,14,-35.363414399999996,149.1663221,100.265,33.31080526139551,-1.42,-26.98
344.824,14,-35.363415499999995,149.16629269999999,100.265,30.448293470810672,-1.04,-26.810000000000002
344.92400000000004,14,-35.3634163,149.16626349999999,100.268,27.808575620762486,-0.74,-26.650000000000002
345.024,14,-35.363416799999996,149.16623439999998,100.267,25.493436897809765,-0.49,-26.5
345.124,14,-35.3634172,149.1662055,100.259,23.14331394592824,-0.28,-26.35
345.224,14,-35.363417399999996,149.1661767,100.242,20.74002821664192,-0.11,-26.21
345.324,14,-35.3634175,149.1661481,100.21300000000001,18.55289236137712,0.01,-26.1
345.425,14,-35.363417399999996,149.1661193,100.17,16.791991046172377,0.14,-25.990000000000002
345.52500000000003,14,-35.3634173,149.1660905,100.11500000000001,15.47635317805535,0.27,-25.900000000000002
345.625,14,-35.3634171,149.1660619,100.053,14.457307736909664,0.39,-25.82
345.724,14,-35.3634167,149.16603329999998,99.98400000000001,13.631885352129148,0.53,-25.740000000000002
345.824,14,-35.363416199999996,149.1660047,99.916,12.864819249843572,0.6900000000000001,-25.66
345.92400000000004,15,-35.363415499999995,149.1659762,99.851,12.029898633248507,0.8300000000000001,-25.6
346.024,15,-35.3634147,149.1659478,99.795,11.042151680200758,0.97,-25.53
346.124,15,-35.3634138,149.1659194,99.75,9.867114963695737,1.1,-25.47
346.224,15,-35.3634128,149.1658912,99.715,8.573091229207217,1.2,-25.42
346.324,15,-35.3634117,149.1658631,99.691,7.143514279790154,1.28,-25.38
346.42400000000004,15,-35.3634105,149.1658352,99.674,5.6002821288104325,1.33,-25.34
346.524,15,-35.3634094,149.1658074,99.661,4.060077459180319,1.35,-25.310000000000002
346.624,15,-35.363408199999995,149.1657797,99.649,2.5956543787217314,1.35,-25.3
346.724,15,-35.363406999999995,149.165752,99.634,1.2348333151411903,1.34,-25.29
346.824,15,-35.363405799999995,149.1657242,99.61500000000001,0.11595022516506205,1.31,-25.29
346.92400000000004,15,-35.3634047,149.1656965,99.592,-0.8159826364607364,1.28,-25.3
347.024,15,-35.3634036,149.1656688,99.56400000000001,-1.5543124253607747,1.25,-25.32
347.124,15,-35.3634025,149.165641,99.535,-2.061825362770341,1.23,-25.330000000000002
347.224,15,-35.3634014,149.1656132,99.508,-2.3937076696358455,1.2,-25.35
347.324,15,-35.363400399999996,149.1655854,99.485,-2.6673162966066823,1.17,-25.38
347.425,15,-35.3633994,149.1655575,99.465,-2.9338556777865556,1.1300000000000001,-25.41
347.52500000000003,15,-35.3633984,149.165529,99.449,-3.1552690663372127,1.1,-25.45
347.625,15,-35.3633974,149.1655008,99.436,-3.3357706889765515,1.06,-25.490000000000002
347.725,15,-35.3633965,149.1654724,99.425,-3.5316097148405654,1.02,-25.54
347.824,15,-35.3633956,149.16544399999998,99.414,-3.7279181027666057,0.98,-25.59
347.92400000000004,15,-35.3633947,149.1654154,99.404,-3.882565965293565,0.9400000000000001,-25.64
348.024,15,-35.3633939,149.1653869,99.398,-4.026707289329752,0.89,-25.68
348.124,15,-35.363393099999996,149.1653582,99.395,-4.131130209568669,0.85,-25.73
348.224,15,-35.3633923,149.1653296,99.392,-4.194292383918362,0.81,-25.78
348.324,15,-35.3633916,149.1653011,99.389,-4.250854034208884,0.76,-25.810000000000002
348.42400000000004,15,-35.3633909,149.1652727,99.386,-4.243399309616638,0.72,-25.85
348.524,15,-35.3633903,149.16524429999998,99.386,-4.186391135709127,0.67,-25.88
348.624,15,-35.3633896,149.1652159,99.388,-4.134092804121162,0.63,-25.900000000000002
348.724,15,-35.3633891,149.1651876,99.392,-4.147990104648023,0.59,-25.93
348.824,15,-35.3633885,149.16515909999998,99.395,-4.133003388948545,0.55,-25.95
348.92400000000004,15,-35.363388,149.1651307,99.4,-4.055779562645088,0.51,-25.98
349.024,15,-35.363387599999996,149.1651022,99.407,-3.977015528683794,0.47000000000000003,-26.0
349.124,15,-35.3633871,149.1650738,99.415,-3.8911122394925437,0.43,-26.02
349.224,15,-35.3633867,149.16504519999998,99.424,-3.8191506470577585,0.38,-26.04
349.324,15,-35.363386399999996,149.1650167,99.433,-3.703801558580937,0.34,-26.060000000000002
349.42400000000004,15,-35.3633861,149.1649881,99.441,-3.5467936522523265,0.3,-26.080000000000002
349.52500000000003,15,-35.363385799999996,149.16495949999998,99.45,-3.3607113381742644,0.26,-26.1
349.625,15,-35.3633855,149.1649306,99.46000000000001,-3.2186871593373696,0.23,-26.11
349.725,15,-35.3633853,149.1649016,99.46900000000001,-3.064155196582889,0.2,-26.150000000000002
349.825,15,-35.363385,149.1648727,99.47800000000001,-2.884197427756213,0.18,-26.17
349.92400000000004,15,-35.3633848,149.1648435,99.486,-2.6853072283239077,0.15,-26.2
350.024,15,-35.3633847,149.16481439999998,99.494,-2.4801129777310917,0.13,-26.23
350.124,15,-35.363384499999995,149.1647851,99.503,-2.316831115763002,0.11,-26.26
350.224,15,-35.3633844,149.16475599999998,99.513,-2.181479177971563,0.09,-26.28
350.324,15,-35.3633842,149.1647267,99.526,-2.063273149430972,0.07,-26.3
350.42400000000004,15,-35.3633841,149.1646975,99.54,-1.9483746399959598,0.05,-26.330000000000002
350.524,15,-35.3633841,149.1646685,99.553,-1.8540435376991484,0.04,-26.34
350.624,15,-35.363383999999996,149.1646395,99.566,-1.7370539231610544,0.02,-26.34
350.724,15,-35.363383899999995,149.1646106,99.57900000000001,-1.628408345189483,0.01,-26.34
350.824,15,-35.363383899999995,149.16458179999998,99.59100000000001,-1.566277102517639,0.0,-26.35
350.92400000000004,15,-35.3633838,149.16455299999998,99.601,-1.5054921541642277,-0.01,-26.35
351.024,15,-35.3633838,149.1645242,99.61,-1.3819642343214331,-0.03,-26.35
351.124,15,-35.3633838,149.1644954,99.621,-1.2731409647097356,-0.04,-26.35
351.224,15,-35.3633838,149.1644666,99.633,-1.1601107254561334,-0.05,-26.35
351.324,15,-35.3633838,149.1644378,99.645,-1.0262628166642727,-0.06,-26.35
351.42400000000004,15,-35.363383899999995,149.16440889999998,99.657,-0.9358400766765895,-0.06,-26.35
351.524,15,-35.363383899999995,149.1643801,99.668,-0.8602832434174391,-0.07,-26.35
351.625,15,-35.363383899999995,149.1643512,99.677,-0.7629976574177741,-0.07,-26.35
351.725,15,-35.3633838,149.16432179999998,99.686,-0.6880827018580462,-0.08,-26.36
351.825,15,-35.3633838,149.1642927,99.693,-0.6423575202117198,-0.08,-26.37
351.925,15,-35.363383899999995,149.16426339999998,99.7,-0.578148352567458,-0.08,-26.39
352.024,15,-35.363383899999995,149.16423419999998,99.70700000000001,-0.4791139713360052,-0.08,-26.41
352.124,15,-35.363383899999995,149.1642048,99.714,-0.39543705700991455,-0.09,-26.42
352.224,15,-35.363383999999996,149.1641755,99.723,-0.361396114558085,-0.08,-26.43
352.324,15,-35.363383999999996,149.16414609999998,99.733,-0.3728272365468947,-0.09,-26.45
352.42400000000004,15,-35.3633841,149.1641168,99.744,-0.369905276283878,-0.09,-26.46
352.524,15,-35.3633841,149.16408769999998,99.751,-0.34759011445052074,-0.09,-26.46
352.624,15,-35.3633842,149.1640586,99.756,-0.3211467702745519,-0.1,-26.46
352.724,15,-35.3633842,149.1640297,99.759,-0.3197045331426214,-0.1,-26.46
352.824,15,-35.3633843,149.1640007,99.763,-0.305146331772283,-0.1,-26.45
352.92400000000004,15,-35.3633844,149.16397179999998,99.766,-0.2549637846818622,-0.11,-26.45
353.024,15,-35.3633844,149.1639429,99.771,-0.2136888047851297,-0.11,-26.44
353.124,15,-35.363384499999995,149.1639141,99.779,-0.17079445640529592,-0.11,-26.43
353.224,15,-35.363384599999996,149.16388519999998,99.788,-0.09970502710069001,-0.11,-26.42
353.324,15,-35.3633847,149.1638563,99.798,-0.03788255700409807,-0.11,-26.42
353.42400000000004,15,-35.3633848,149.1638274,99.806,-0.019055265621456888,-0.12,-26.41
353.524,15,-35.3633849,149.1637986,99.81400000000001,-0.01511416309402689,-0.12,-26.400000000000002
353.624,15,-35.363385,149.1637697,99.819,-0.018448614422575504,-0.11,-26.400000000000002
353.725,15,-35.363385,149.1637408,99.824,0.020433171242647666,-0.11,-26.400000000000002
353.825,15,-35.363385099999995,149.1637116,99.828,0.08849856097265688,-0.1,-26.400000000000002
353.925,15,-35.363385199999996,149.1636824,99.831,0.1344952559787045,-0.1,-26.41
354.02500000000003,15,-35.3633853,149.1636532,99.83500000000001,0.16059086081659768,-0.09,-26.42
354.124,15,-35.3633853,149.1636239,99.84,0.18889876659470065,-0.08,-26.43
354.224,15,-35.3633854,149.16359459999998,99.84400000000001,0.20040799553192915,-0.07,-26.44
354.324,15,-35.3633854,149.1635652,99.84700000000001,0.24102478264846777,-0.07,-26.45
354.42400000000004,16,-35.3633855,149.1635358,99.849,0.24543447017050435,-0.06,-26.46
354.524,16,-35.3633855,149.1635064,99.852,0.1963066670385348,-0.05,-26.48
354.624,16,-35.3633856,149.1634771,99.85600000000001,-0.2715199231061351,-0.03,-26.48
354.724,16,-35.3633856,149.1634479,99.861,-2.19244526012743,-0.01,-26.47
354.824,16,-35.3633856,149.1634188,99.867,-6.501711712448498,-0.06,-26.490000000000002
354.92400000000004,16,-35.363385699999995,149.1633898,99.876,-13.301606432171303,-0.25,-26.54
355.024,16,-35.3633861,149.1633607,99.885,-21.619111128862997,-0.61,-26.66
355.124,16,-35.3633869,149.1633315,99.89,-30.104922785761207,-1.12,-26.82
355.224,16,-35.363388199999996,149.163302,99.885,-37.336276286485486,-1.73,-27.03
355.324,16,-35.3633901,149.1632723,99.864,-42.43388893578154,-2.41,-27.27
355.42400000000004,16,-35.3633926,149.1632424,99.82900000000001,-45.250672609873135,-3.16,-27.54
355.524,16,-35.3633959,149.16321209999998,99.795,-46.162871694285016,-4.01,-27.82
355.624,16,-35.3633999,149.16318139999998,99.776,-45.900674392426566,-4.95,-28.09
355.724,16,-35.3634049,149.1631505,99.787,-45.08371205070676,-5.94,-28.29
355.825,16,-35.3634108,149.16311919999998,99.83,-44.26275404832249,-6.93,-28.41
355.925,16,-35.3634176,149.1630877,99.907,-43.8213803939671,-7.88,-28.47
356.02500000000003,16,-35.3634252,149.1630562,100.007,-43.722209462313096,-8.78,-28.46
356.124,16,-35.3634337,149.1630246,100.125,-43.82763001705766,-9.620000000000001,-28.400000000000002
356.224,16,-35.3634428,149.1629932,100.25,-44.10972365996836,-10.38,-28.310000000000002
356.324,16,-35.363452699999996,149.1629618,100.374,-44.36519664058893,-11.08,-28.2
356.42400000000004,16,-35.3634631,149.16293059999998,100.49000000000001,-44.5547992768539,-11.69,-28.09
356.524,16,-35.363474,149.16289949999998,100.59,-44.636286848746735,-12.24,-27.97
356.624,16,-35.3634854,149.1628685,100.67,-44.63878669798296,-12.74,-27.85
356.724,16,-35.3634971,149.162838,100.729,-44.630686093627325,-13.24,-27.7
356.824,16,-35.363509199999996,149.1628077,100.769,-44.626652866922434,-13.76,-27.52
356.92400000000004,16,-35.3635218,149.1627777,100.795,-44.566536956942564,-14.31,-27.310000000000002
357.024,16,-35.3635349,149.162748,100.81,-44.512954122903814,-14.9,-27.07
357.124,16,-35.3635484,149.1627186,100.818,-44.51925838750773,-15.5,-26.78
357.224,16,-35.3635626,149.1626895,100.825,-44.517946991187095,-16.14,-26.47
357.324,16,-35.363577299999996,149.1626609,100.834,-44.530780916637546,-16.79,-26.11
357.42400000000004,16,-35.3635926,149.1626325,100.845,-44.563770730328706,-17.43,-25.740000000000002
357.524,16,-35.3636084,149.1626047,100.858,-44.59825977054269,-18.05,-25.34
357.624,16,-35.3636248,149.1625772,100.872,-44.60990524307756,-18.66,-24.93
357.724,16,-35.363641799999996,149.1625502,100.888,-44.64923688741308,-19.25,-24.490000000000002
357.824,16,-35.3636592,149.16252369999998,100.905,-44.68706247503661,-19.830000000000002,-24.04
357.925,16,-35.3636774,149.1624975,100.921,-44.69795662676278,-20.38,-23.57
358.02500000000003,16,-35.363695899999996,149.16247189999999,100.935,-44.693902909490376,-20.91,-23.09
358.125,16,-35.363715,149.1624467,100.949,-44.69183336217186,-21.45,-22.6
358.224,16,-35.3637346,149.162422,100.962,-44.71220781646601,-21.95,-22.1
358.324,16,-35.3637547,149.16239779999998,100.97200000000001,-44.76456121645416,-22.44,-21.59
358.42400000000004,16,-35.3637753,149.1623741,100.97800000000001,-44.804736389152175,-22.900000000000002,-21.07
358.524,16,-35.3637963,149.162351,100.979,-44.77014831119523,-23.35,-20.54
358.624,16,-35.3638176,149.1623285,100.97500000000001,-44.73200853486988,-23.78,-20.0
358.724,16,-35.3638392,149.16230679999998,100.96900000000001,-44.70980358987816,-24.19,-19.43
358.824,16,-35.363861,149.1622858,100.961,-44.69979053255493,-24.57,-18.84
358.92400000000004,16,-35.3638832,149.1622655,100.95400000000001,-44.720093269862794,-24.94,-18.240000000000002
359.024,16,-35.363905599999995,149.1622459,100.94500000000001,-44.71008704272872,-25.29,-17.62
359.124,16,-35.3639284,149.162227,100.937,-44.694985494473826,-25.62,-16.97
359.224,16,-35.3639514,149.1622088,100.929,-44.70946208041967,-25.94,-16.31
359.324,16,-35.3639746,149.16219139999998,100.921,-44.721107552954535,-26.23,-15.64
359.42400000000004,16,-35.3639982,149.1621746,100.913,-44.69279983393942,-26.5,-14.96
359.524,16,-35.364022,149.1621587,100.905,-44.70133757040193,-26.740000000000002,-14.280000000000001
359.624,16,-35.364046,149.16214349999998,100.896,-44.729266213918116,-26.96,-13.59
359.724,16,-35.3640701,149.162129,100.889,-44.721015345400744,-27.16,-12.88
359.824,16,-35.3640945,149.16211529999998,100.882,-44.72221404360008,-27.330000000000002,-12.17
359.925,16,-35.364118999999995,149.16210239999998,100.875,-44.744316535754244,-27.490000000000002,-11.450000000000001
360.02500000000003,16,-35.364143899999995,149.1620901,100.868,-44.74152981857288,-27.61,-10.72
360.125,16,-35.364168899999996,149.1620787,100.857,-44.75516970634539,-27.73,-10.01
360.225,16,-35.364194,149.162068,100.845,-44.76246776347355,-27.810000000000002,-9.3
360.324,16,-35.3642192,149.1620581,100.82900000000001,-44.75548389504721,-27.88,-8.59
360.42400000000004,16,-35.3642445,149.162049,100.81,-44.78234702905287,-27.93,-7.890000000000001
360.524,16,-35.3642699,149.1620407,100.788,-44.83270259870879,-27.96,-7.18
360.624,16,-35.3642952,149.1620331,100.767,-44.849508279161604,-27.96,-6.46
360.724,16,-35.3643206,149.1620264,100.744,-44.83827261797693,-27.94,-5.74
360.824,16,-35.3643459,149.1620204,100.721,-44.82875474936852,-27.89,-5.0200000000000005
360.92400000000004,16,-35.3643709,149.1620153,100.7,-44.80757433275232,-27.8,-4.29
361.024,16,-35.3643958,149.162011,100.681,-44.78980218053194,-27.69,-3.5500000000000003
361.124,16,-35.3644204,149.16200759999998,100.664,-44.793715878926356,-27.54,-2.82
361.224,16,-35.364444899999995,149.1620049,100.65,-44.777367821147934,-27.36,-2.1
361.324,16,-35.364469199999995,149.1620031,100.64,-44.7966221244182,-27.16,-1.3800000000000001
361.42400000000004,16,-35.3644934,149.162002,100.63,-44.78853859553549,-26.93,-0.67
361.524,16,-35.3645172,149.1620017,100.622,-44.779833519438306,-26.68,0.03
361.624,16,-35.3645409,149.1620021,100.61500000000001,-44.81851288070809,-26.400000000000002,0.72
361.724,16,-35.3645643,149.16200329999998,100.608,-44.80715427611836,-26.1,1.3900000000000001
361.824,16,-35.3645874,149.16200519999998,100.601,-44.825845088782096,-25.79,2.04
361.92400000000004,16,-35.364610299999995,149.1620078,100.595,-44.82315057915453,-25.45,2.7
362.02500000000003,16,-35.3646329,149.1620112,100.58800000000001,-44.86393705378326,-25.09,3.3200000000000003
362.125,16,-35.3646555,149.1620153,100.574,-44.88880235745669,-24.73,3.94
362.225,16,-35.3646776,149.16201999999998,100.557,-44.890110338682746,-24.34,4.53
362.325,16,-35.3646995,149.1620255,100.535,-44.90170799989343,-23.94,5.14
362.42400000000004,16,-35.3647209,149.16203149999998,100.513,-44.90622617002939,-23.51,5.73
362.524,16,-35.364742,149.1620383,100.493,-44.8760674697492,-23.05,6.3
362.624,16,-35.3647627,149.1620456,100.473,-44.44443366515025,-22.580000000000002,6.87
362.724,16,-35.3647829,149.1620536,100.45,-42.89740264833153,-22.080000000000002,7.41
362.824,16,-35.3648026,149.16206219999998,100.434,-39.662812887615665,-21.59,7.890000000000001
362.92400000000004,16,-35.3648218,149.1620711,100.431,-34.7181042681741,-21.11,8.28
363.024,16,-35.3648405,149.16208039999998,100.447,-28.345039168742797,-20.72,8.52
363.124,16,-35.3648589,149.1620898,100.48100000000001,-21.077005844628257,-20.43,8.59
363.224,16,-35.364877,149.1620991,100.524,-13.484387417002722,-20.28,8.53
363.324,16,-35.3648951,149.1621083,100.559,-6.126793237396389,-20.22,8.370000000000001
363.42400000000004,16,-35.364913099999995,149.1621174,100.56700000000001,0.5213986052704963,-20.23,8.18
363.524,16,-35.3649312,149.1621261,100.531,6.061767275176929,-20.27,7.98
363.624,16,-35.3649494,149.1621347,100.449,10.269848530369078,-20.32,7.8
363.724,16,-35.3649675,149.16214309999998,100.325,13.053252216213178,-20.39,7.640000000000001
363.824,16,-35.3649858,149.1621513,100.175,14.5137182692648,-20.5,7.49
363.92400000000004,16,-35.3650042,149.1621594,100.018,14.991288511126676,-20.650000000000002,7.34
364.024,16,-35.3650228,149.1621673,99.868,14.921425921201202,-20.830000000000002,7.2
364.125,16,-35.3650416,149.162175,99.743,14.738701285430436,-21.03,7.04
364.225,16,-35.3650607,149.1621826,99.648,14.841893490958281,-21.23,6.87
364.325,16,-35.3650801,149.1621901,99.59100000000001,15.525300021194953,-21.45,6.68
364.425,16,-35.3650996,149.1621973,99.56400000000001,16.83876076651404,-21.67,6.48
364.524,16,-35.3651194,149.16220429999998,99.558,18.63765671652427,-21.900000000000002,6.26
364.624,16,-35.3651394,149.16221109999998,99.559,20.393773484215416,-22.14,6.0200000000000005
364.724,16,-35.3651597,149.1622176,99.558,21.281834680100474,-22.39,5.79
364.824,16,-35.365180099999996,149.1622239,99.549,21.065162296607454,-22.6,5.59
364.92400000000004,16,-35.365200699999995,149.1622299,99.53,20.079540386165224,-22.79,5.43
365.024,16,-35.3652215,149.1622358,99.505,18.976101127634863,-22.94,5.29
365.124,16,-35.3652422,149.1622415,99.474,17.89161735159858,-23.09,5.15
365.224,16,-35.365263,149.1622471,99.43900000000001,16.62464116622331,-23.22,5.0200000000000005
365.324,16,-35.3652839,149.1622525,99.401,15.231151094399184,-23.35,4.88
365.42400000000004,16,-35.3653048,149.1622578,99.36500000000001,14.120716014611435,-23.46,4.76
365.524,16,-35.3653258,149.1622629,99.333,13.490841945768384,-23.57,4.63
365.624,16,-35.3653469,149.1622679,99.31,13.334628689261022,-23.69,4.5
365.724,16,-35.3653681,149.1622727,99.293,13.594087085262297,-23.8,4.3500000000000005
365.824,16,-35.3653894,149.1622774,99.283,13.934423458772985,-23.92,4.2
365.92400000000004,16,-35.3654108,149.1622818,99.276,14.230679498927703,-24.04,4.03
366.024,16,-35.365432399999996,149.16228619999998,99.272,14.282124483756238,-24.16,3.87
366.124,16,-35.365454,149.1622903,99.265,14.005633303512246,-24.28,3.73
366.225,16,-35.3654757,149.16229429999999,99.256,13.344179001267992,-24.38,3.59
366.325,16,-35.365497999999995,149.16229819999998,99.246,12.374765129726205,-24.490000000000002,3.47
366.425,16,-35.3655201,149.16230199999998,99.236,11.193693087315832,-24.580000000000002,3.36
366.524,16,-35.365542399999995,149.1623057,99.224,9.91486652373059,-24.67,3.2800000000000002
366.624,16,-35.3655647,149.16230919999998,99.212,8.57700834269622,-24.73,3.2
366.724,16,-35.3655872,149.1623128,99.203,7.385524530669808,-24.79,3.14
366.824,16,-35.3656096,149.1623162,99.19800000000001,6.282560824060408,-24.84,3.09
366.92400000000004,16,-35.3656321,149.16231969999998,99.19500000000001,5.298044123603253,-24.88,3.0500000000000003
367.024,16,-35.3656546,149.162323,99.19500000000001,4.4227378791063705,-24.91,3.02
367.124,16,-35.365677,149.1623263,99.196,3.6627802961994864,-24.93,2.99
367.224,16,-35.365699299999996,149.1623296,99.199,3.0246015710993452,-24.94,2.96
367.324,16,-35.3657215,149.1623329,99.20100000000001,2.4903258180875536,-24.94,2.94
367.42400000000004,16,-35.3657438,149.1623361,99.205,1.9454976362515035,-24.95,2.93
367.524,16,-35.365766,149.16233929999999,99.209,1.4337367480650125,-24.95,2.92
367.624,16,-35.3657882,149.1623425,99.215,0.9934979723288985,-24.94,2.91
367.724,16,-35.3658104,149.1623457,99.221,0.6152621064134264,-24.94,2.91
367.824,16,-35.3658326,149.16234889999998,99.227,0.28459357218820064,-24.94,2.91
367.92400000000004,16,-35.3658548,149.1623521,99.233,-0.023779393641838644,-24.93,2.91
368.024,16,-35.365877,149.1623553,99.238,-0.27427697165329307,-24.93,2.91
368.124,16,-35.3658992,149.16235849999998,99.242,-0.527531528175786,-24.92,2.93
368.224,16,-35.3659214,149.1623617,99.245,-0.7452615237731022,-24.91,2.95
368.325,16,-35.3659438,149.162365,99.248,-0.9107962275893858,-24.900000000000002,2.97
368.425,16,-35.3659661,149.1623683,99.255,-1.0528777159822853,-24.900000000000002,2.99
368.52500000000003,16,-35.3659886,149.1623717,99.265,-1.1707627256318855,-24.900000000000002,3.0100000000000002
368.624,16,-35.366011,149.162375,99.275,-1.2615904744930093,-24.91,3.0300000000000002
368.724,16,-35.3660336,149.1623785,99.286,-1.331598952990288,-24.91,3.0500000000000003
368.824,16,-35.3660561,149.16238189999999,99.297,-1.3446603023957624,-24.92,3.0700000000000003
368.92400000000004,16,-35.366078699999996,149.16238529999998,99.309,-1.3569785485638803,-24.93,3.09
369.024,16,-35.366101199999996,149.1623888,99.32300000000001,-1.3165899324543024,-24.94,3.11
369.124,16,-35.3661236,149.1623923,99.337,-1.2830967124769697,-24.93,3.13
369.224,16,-35.366146,149.1623957,99.35000000000001,-1.2440693317246343,-24.93,3.14
369.324,16,-35.3661683,149.16239919999998,99.363,-1.188913739907783,-24.92,3.16
369.42400000000004,16,-35.366190599999996,149.1624027,99.375,-1.1096793833891097,-24.92,3.17
369.524,16,-35.3662128,149.1624062,99.386,-1.024673196856658,-24.91,3.18
369.624,16,-35.3662351,149.16240969999998,99.397,-0.930933759696699,-24.900000000000002,3.18
369.724,16,-35.3662573,149.1624132,99.407,-0.859414101845555,-24.900000000000002,3.19
369.824,16,-35.3662795,149.1624167,99.417,-0.7991801576590936,-24.89,3.2
369.92400000000004,16,-35.366301799999995,149.16242019999999,99.426,-0.7473962780538485,-24.89,3.2
370.024,16,-35.366324,149.1624237,99.435,-0.7718978207931239,-24.88,3.21
370.124,16,-35.366346199999995,149.1624272,99.44200000000001,-0.806344492489908,-24.88,3.21
370.224,16,-35.3663685,149.1624307,99.44800000000001,-0.8125231990069779,-24.87,3.22
370.324,16,-35.3663907,149.1624343,99.45400000000001,-0.8044212072691675,-24.86,3.23
370.425,16,-35.3664132,149.1624379,99.464,-0.7987219480153208,-24.86,3.25
370.52500000000003,16,-35.366435599999996,149.1624415,99.47500000000001,-0.8079056709629319,-24.86,3.2600000000000002
370.625,16,-35.366458099999996,149.16244509999999,99.488,-0.8089825463351197,-24.87,3.2600000000000002
370.724,16,-35.3664807,149.1624487,99.504,-0.8195068539899043,-24.88,3.27
370.824,16,-35.3665032,149.16245229999998,99.521,-1.2055390606778287,-24.89,3.27
370.92400000000004,16,-35.3665258,149.1624559,99.538,-2.585013797768498,-24.900000000000002,3.27
371.024,16,-35.3665483,149.1624596,99.555,-5.169650227585353,-24.88,3.33
371.124,16,-35.3665709,149.16246329999998,99.56700000000001,-8.538448509736913,-24.810000000000002,3.45
371.224,16,-35.3665933,149.1624673,99.574,-12.030894987093683,-24.71,3.64
371.324,16,-35.3666155,149.1624714,99.578,-15.294350834789313,-24.580000000000002,3.86
371.42400000000004,16,-35.3666374,149.16247579999998,99.58,-18.414599813704577,-24.43,4.11
371.524,16,-35.3666592,149.1624805,99.58200000000001,-21.347776741442363,-24.26,4.39
371.624,16,-35.3666808,149.1624855,99.586,-23.889358433495808,-24.060000000000002,4.71
371.724,16,-35.3667021,149.1624908,99.593,-25.802526863414936,-23.84,5.0600000000000005
371.824,16,-35.3667233,149.1624966,99.602,-27.152160290578408,-23.61,5.41
371.92400000000004,16,-35.3667442,149.1625027,99.61500000000001,-28.06503897881271,-23.37,5.7700000000000005
372.024,16,-35.366765,149.16250929999998,99.632,-28.765604651791747,-23.12,6.12
372.124,16,-35.3667855,149.1625162,99.653,-29.477747495413954,-22.86,6.47
372.224,16,-35.3668057,149.1625235,99.676,-30.252239720874627,-22.580000000000002,6.83
372.324,16,-35.3668258,149.1625312,99.702,-31.200795902238486,-22.28,7.19
372.425,16,-35.3668455,149.1625393,99.729,-32.26878477142919,-21.97,7.55
372.52500000000003,16,-35.3668653,149.162548,99.756,-33.41247262719114,-21.64,7.92
372.625,16,-35.3668847,149.162557,99.778,-34.50257081872518,-21.3,8.290000000000001
372.725,16,-35.366903799999996,149.1625664,99.8,-35.51301192906394,-20.92,8.68
372.824,16,-35.3669225,149.16257629999998,99.82300000000001,-36.4506807888908,-20.52,9.08
372.92400000000004,16,-35.366940899999996,149.1625867,99.84700000000001,-37.39446608311941,-20.1,9.46
373.024,16,-35.3669589,149.16259739999998,99.871,-38.371517813700564,-19.650000000000002,9.85
373.124,16,-35.3669765,149.1626086,99.898,-39.33035684485988,-19.17,10.25
373.224,16,-35.3669936,149.1626202,99.926,-40.215061002767875,-18.650000000000002,10.65
373.324,16,-35.3670101,149.1626322,99.95700000000001,-41.0316545142725,-18.09,11.03
373.42400000000004,16,-35.367025999999996,149.1626446,99.991,-41.67736693802717,-17.5,11.41
373.524,16,-35.3670414,149.1626573,100.031,-42.139941499566284,-16.89,11.77
373.624,16,-35.3670562,149.1626704,100.07300000000001,-42.37815117705965,-16.25,12.11
373.724,16,-35.3670703,149.1626838,100.121,-42.41884885922917,-15.6,12.42
373.824,16,-35.367084,149.1626976,100.174,-42.35685464722755,-14.950000000000001,12.700000000000001
373.92400000000004,16,-35.367097,149.1627116,100.23,-42.26955799944562,-14.31,12.94
374.024,16,-35.3671094,149.1627259,100.288,-42.07893424989973,-13.68,13.16
374.124,16,-35.367121399999995,149.16274049999998,100.346,-41.831985345363336,-13.07,13.33
374.224,16,-35.3671327,149.1627552,100.399,-41.59711221527952,-12.48,13.48
374.324,16,-35.3671436,149.16277,100.447,-41.39726429525953,-11.9,13.6
374.42400000000004,16,-35.367154,149.16278499999999,100.49000000000001,-41.22840152840931,-11.32,13.71
374.52500000000003,16,-35.3671639,149.1628001,100.528,-41.16455633514261,-10.73,13.8
374.625,16,-35.3671733,149.1628154,100.56,-41.19698948841642,-10.14,13.86
374.725,16,-35.367182199999995,149.1628308,100.584,-41.34928221634019,-9.55,13.93
374.825,16,-35.3671905,149.1628462,100.601,-41.53356755033631,-8.96,13.97
374.92400000000004,16,-35.3671984,149.1628618,100.61200000000001,-41.768389454001344,-8.35,14.01
375.024,16,-35.3672057,149.16287739999999,100.618,-42.05072556862758,-7.72,14.030000000000001
375.124,16,-35.3672124,149.162893,100.623,-42.34872672211523,-7.07,14.030000000000001
375.224,16,-35.3672185,149.16290859999998,100.626,-42.66724917896419,-6.390000000000001,14.02
375.324,16,-35.367224,149.1629242,100.63,-42.99312091936009,-5.7,13.98
375.42400000000004,16,-35.3672288,149.1629396,100.635,-43.26095995747297,-5.0,13.92
375.524,16,-35.367233,149.1629549,100.642,-43.449299008741484,-4.28,13.84
375.624,16,-35.3672365,149.1629701,100.653,-43.537944618884495,-3.5500000000000003,13.72
375.724,16,-35.367239399999995,149.162985,100.668,-43.47030525553386,-2.83,13.58
375.824,16,-35.3672416,149.1629998,100.686,-43.26395158032943,-2.13,13.41
375.92400000000004,16,-35.3672432,149.1630143,100.705,-42.94693176509787,-1.46,13.22
376.024,16,-35.3672442,149.16302869999998,100.72500000000001,-42.568993492658976,-0.8200000000000001,13.01
376.124,16,-35.3672446,149.1630427,100.744,-42.11309544103355,-0.2,12.77
376.224,16,-35.3672445,149.16305649999998,100.763,-41.50198475561417,0.39,12.530000000000001
376.324,16,-35.3672439,149.1630701,100.782,-40.786583911757866,0.9500000000000001,12.26
376.42400000000004,16,-35.3672428,149.16308329999998,100.797,-40.02225159268759,1.47,12.0
376.524,16,-35.367241299999996,149.1630963,100.808,-39.3177107496116,1.95,11.72
376.625,16,-35.3672393,149.163109,100.816,-38.69820234660769,2.42,11.450000000000001
376.725,16,-35.367236999999996,149.16312159999998,100.815,-38.12278281469621,2.85,11.17
376.825,16,-35.3672342,149.1631338,100.806,-37.61710975949432,3.2600000000000002,10.9
376.925,16,-35.3672311,149.1631458,100.786,-37.231972467670225,3.66,10.63
377.024,16,-35.3672276,149.1631574,100.76,-36.91181076542046,4.07,10.33
377.124,16,-35.3672237,149.1631687,100.72800000000001,-36.679714107234254,4.48,10.03
377.224,16,-35.3672195,149.1631797,100.69200000000001,-36.491296508790285,4.89,9.71
377.324,16,-35.3672148,149.1631903,100.652,-36.40760278579553,5.3100000000000005,9.39
377.42400000000004,16,-35.3672098,149.1632005,100.611,-36.33130957276649,5.72,9.05
377.524,16,-35.3672045,149.1632103,100.571,-36.272559700620626,6.13,8.69
377.624,16,-35.3671988,149.1632196,100.533,-36.19267380808816,6.54,8.32
377.724,16,-35.3671928,149.1632285,100.499,-36.11878482164696,6.94,7.930000000000001
377.824,16,-35.3671864,149.16323699999998,100.468,-35.96894413163522,7.33,7.53
377.92400000000004,16,-35.3671796,149.163245,100.44,-35.76166496579825,7.71,7.13
378.024,16,-35.367172599999996,149.1632525,100.415,-35.46045703849528,8.07,6.73
378.124,16,-35.367165199999995,149.1632596,100.391,-35.03904802708383,8.41,6.33
378.224,16,-35.3671575,149.1632663,100.368,-34.60271505233591,8.73,5.94
378.324,16,-35.3671496,149.1632726,100.348,-34.16092817153573,9.040000000000001,5.54
378.42400000000004,16,-35.3671413,149.1632784,100.33,-33.70387240284599,9.33,5.14
378.524,16,-35.3671328,149.1632838,100.31400000000001,-33.22881908569326,9.59,4.75
378.624,16,-35.3671241,149.1632888,100.295,-32.802768960740785,9.84,4.38
378.725,16,-35.3671151,149.1632934,100.271,-32.46993042739148,10.08,4.01
378.825,16,-35.367106,149.1632976,100.245,-32.164559499789384,10.3,3.63
378.925,16,-35.367096499999995,149.1633014,100.21300000000001,-31.97439678801247,10.53,3.2600000000000002
379.024,16,-35.367086799999996,149.1633048,100.182,-31.8834186682679,10.75,2.88
379.124,16,-35.3670769,149.1633077,100.145,-31.983846354729184,10.97,2.49
379.224,16,-35.3670669,149.16331019999998,100.11,-32.2406307316704,11.19,2.08
379.324,16,-35.3670566,149.1633123,100.072,-32.55681043363404,11.41,1.6500000000000001
379.42400000000004,16,-35.367046099999996,149.1633138,100.039,-32.87503236215952,11.63,1.21
379.524,16,-35.3670354,149.1633149,100.008,-33.2196529718271,11.85,0.74
379.624,16,-35.3670245,149.1633154,99.98100000000001,-33.66845787199947,12.06,0.26
379.724,16,-35.3670136,149.1633154,99.958,-34.108868469681894,12.25,-0.21
379.824,16,-35.3670025,149.16331499999998,99.93900000000001,-34.397245886629,12.44,-0.71
379.92400000000004,16,-35.3669912,149.1633139,99.924,-34.61092152462368,12.620000000000001,-1.22
380.024,16,-35.366979799999996,149.1633122,99.91,-34.71865068330771,12.780000000000001,-1.72
380.124,16,-35.366968299999996,149.16331,99.899,-34.77521147982458,12.92,-2.23
380.224,16,-35.366956699999996,149.1633072,99.89,-34.832520182055575,13.05,-2.72
380.324,16,-35.366945,149.1633039,99.882,-34.9693800975497,13.16,-3.22
380.42400000000004,16,-35.3669331,149.1633001,99.875,-35.14200288353802,13.27,-3.73
380.524,16,-35.3669212,149.1632957,99.87,-35.35523455923665,13.36,-4.24
380.624,16,-35.366909199999995,149.1632907,99.864,-35.56754074430274,13.43,-4.7700000000000005
380.724,16,-35.366897099999996,149.1632851,99.858,-35.74100022846439,13.5,-5.3100000000000005
380.825,16,-35.366884899999995,149.1632788,99.855,-35.88329355944326,13.55,-5.86
380.925,16,-35.3668726,149.163272,99.85000000000001,-36.06143855337553,13.59,-6.42
381.02500000000003,16,-35.3668603,149.1632645,99.85000000000001,-36.287551965848806,13.61,-6.97
381.124,16,-35.366847899999996,149.1632564,99.848,-36.57500389216337,13.63,-7.5200000000000005
381.224,16,-35.3668355,149.1632477,99.848,-36.86077559194212,13.63,-8.07
381.324,16,-35.3668231,149.1632383,99.84400000000001,-37.19213538933612,13.61,-8.64
381.42400000000004,16,-35.366810799999996,149.1632283,99.842,-37.497181882952646,13.58,-9.22
381.524,16,-35.3667984,149.1632176,99.83800000000001,-37.69525736888302,13.530000000000001,-9.8
381.624,16,-35.3667862,149.1632064,99.839,-37.74544559890427,13.47,-10.39
381.724,16,-35.3667741,149.1631946,99.842,-37.74016586267585,13.38,-10.97
381.824,16,-35.366762099999995,149.1631821,99.848,-37.68952684016938,13.280000000000001,-11.53
381.92400000000004,16,-35.3667503,149.1631691,99.857,-37.64655470500624,13.16,-12.09
382.024,16,-35.3667385,149.1631555,99.868,-37.696900029378405,13.02,-12.64
382.124,16,-35.366727,149.1631413,99.879,-37.81110762249019,12.85,-13.19
382.224,16,-35.3667156,149.1631266,99.889,-38.00980465563503,12.68,-13.73
382.324,16,-35.366704299999995,149.1631112,99.898,-38.28496565653816,12.49,-14.26
382.42400000000004,16,-35.3666933,149.1630952,99.905,-38.61874675599293,12.280000000000001,-14.8
382.524,16,-35.366682399999995,149.1630787,99.911,-38.94573523231812,12.06,-15.35
382.624,16,-35.3666717,149.1630615,99.916,-39.18733268363981,11.81,-15.9
382.724,16,-35.3666613,149.1630437,99.92,-39.380428961665245,11.55,-16.45
382.825,16,-35.3666511,149.1630253,99.923,-39.449328494917744,11.28,-17.0
382.925,16,-35.3666409,149.163006,99.922,-39.36707935693245,10.98,-17.56
383.02500000000003,16,-35.3666311,149.1629862,99.924,-39.204708684888324,10.66,-18.1
383.125,16,-35.366621599999995,149.1629657,99.928,-39.0374407672093,10.33,-18.63
383.224,16,-35.3666124,149.1629446,99.938,-38.88558175629782,9.99,-19.150000000000002
383.324,16,-35.3666035,149.162923,99.94800000000001,-38.76201680402312,9.64,-19.64
383.42400000000004,16,-35.366594899999996,149.1629008,99.96000000000001,-38.64836587132869,9.28,-20.11
383.524,16,-35.3665867,149.1628781,99.971,-38.51539574856688,8.91,-20.57
383.624,16,-35.3665788,149.16285499999998,99.983,-38.453114668620124,8.53,-21.0
383.724,16,-35.3665713,149.1628316,99.996,-38.421811911653954,8.14,-21.42
383.824,16,-35.3665642,149.1628078,100.007,-38.46029319743781,7.73,-21.82
383.92400000000004,16,-35.3665574,149.1627837,100.017,-38.54808503393456,7.3100000000000005,-22.2
384.024,16,-35.366551099999995,149.1627591,100.025,-38.65119356964507,6.890000000000001,-22.580000000000002
384.124,16,-35.3665452,149.1627342,100.031,-38.794600221458666,6.45,-22.94
384.224,16,-35.366539599999996,149.16270889999998,100.036,-38.9558985538031,6.0,-23.29
384.324,16,-35.3665345,149.1626832,100.039,-39.144661076800155,5.54,-23.64
384.42400000000004,16,-35.366529799999995,149.1626571,100.04,-39.32136490081756,5.0600000000000005,-23.990000000000002
384.524,16,-35.3665255,149.1626306,100.039,-39.46073149573708,4.5600000000000005,-24.32
384.624,16,-35.3665216,149.1626038,100.039,-39.535911387931414,4.05,-24.64
384.724,16,-35.366518299999996,149.1625766,100.039,-39.49955087588485,3.5300000000000002,-24.96
384.824,16,-35.3665154,149.1625491,100.042,-39.0061892366619,2.98,-25.26
384.925,16,-35.366513,149.1625212,100.049,-37.65191981859929,2.43,-25.54
385.02500000000003,16,-35.366510999999996,149.1624928,100.063,-35.36705761668994,1.9000000000000001,-25.78
385.125,16,-35.3665095,149.162464,100.08200000000001,-32.64843400625518,1.44,-25.97
385.225,16,-35.3665084,149.1624352,100.10900000000001,-29.933648962133965,1.05,-26.1
385.324,16,-35.3665076,149.1624061,100.135,-27.412221450773938,0.71,-26.19
385.42400000000004,16,-35.3665071,149.162377,100.158,-24.714621162604477,0.43,-26.240000000000002
385.524,16,-35.366506799999996,149.1623477,100.169,-21.776441121299655,0.2,-26.27
385.624,16,-35.366506699999995,149.1623185,100.169,-18.983508467789743,0.03,-26.28
385.724,16,-35.366506699999995,149.1622893,100.15,-16.601971768368035,-0.1,-26.27
385.824,16,-35.366506799999996,149.1622601,100.116,-14.705086509430217,-0.22,-26.26
385.92400000000004,16,-35.366507,149.16223119999998,100.07000000000001,-13.22562996916502,-0.34,-26.26
386.024,16,-35.366507299999995,149.16220239999998,100.013,-12.069166244560556,-0.47000000000000003,-26.26
386.124,16,-35.3665078,149.1621736,99.953,-11.081246829236266,-0.61,-26.27
386.224,17,-35.3665084,149.1621448,99.895,-10.146624233779232,-0.74,-26.28
386.324,17,-35.366509,149.1621161,99.84400000000001,-9.14782688842805,-0.86,-26.3
386.42400000000004,17,-35.366509799999996,149.1620873,99.803,-8.03922571443245,-0.97,-26.310000000000002
386.524,17,-35.3665107,149.1620586,99.774,-6.839794123533081,-1.05,-26.310000000000002
386.624,17,-35.366511599999995,149.1620298,99.754,-5.5663894494883595,-1.11,-26.32
386.724,17,-35.3665126,149.162001,99.741,-4.2174198313348485,-1.1500000000000001,-26.310000000000002
386.824,17,-35.3665136,149.16197219999998,99.732,-2.832906549070825,-1.17,-26.3
386.92400000000004,17,-35.366514599999995,149.16194339999998,99.72200000000001,-1.5507989333630379,-1.17,-26.29
387.02500000000003,17,-35.3665156,149.1619146,99.71000000000001,-0.42901055839042135,-1.1500000000000001,-26.28
387.125,17,-35.3665166,149.1618853,99.69,0.5396419871827475,-1.12,-26.28
387.225,17,-35.3665176,149.16185629999998,99.667,1.2999566075563231,-1.08,-26.28
387.325,17,-35.3665185,149.16182709999998,99.638,1.8361452404225416,-1.04,-26.29
387.42400000000004,17,-35.3665194,149.161798,99.608,2.2648262688659364,-1.0,-26.3
387.524,17,-35.3665203,149.16176869999998,99.574,2.5804219896555454,-0.96,-26.32
387.624,17,-35.3665211,149.1617396,99.544,2.7980362989237944,-0.92,-26.330000000000002
387.724,17,-35.366521899999995,149.16171029999998,99.517,2.867399217822801,-0.87,-26.35
387.824,17,-35.366522599999996,149.16168109999998,99.498,2.9082983905728375,-0.8300000000000001,-26.36
387.92400000000004,17,-35.3665234,149.1616521,99.49000000000001,2.9567118386269455,-0.78,-26.36
388.024,17,-35.366524,149.16162309999999,99.489,3.0179890942091268,-0.73,-26.36
388.124,17,-35.3665246,149.1615942,99.493,3.0563248115862924,-0.6900000000000001,-26.36
388.224,17,-35.3665252,149.1615654,99.5,3.082951450291941,-0.64,-26.35
388.324,17,-35.3665258,149.1615366,99.507,3.1061130486542776,-0.59,-26.34
388.42400000000004,17,-35.3665263,149.16150779999998,99.513,3.121440420038609,-0.55,-26.34
388.524,17,-35.3665267,149.16147899999999,99.514,3.1144505751967473,-0.51,-26.330000000000002
388.624,17,-35.3665272,149.1614502,99.508,3.081336110553233,-0.47000000000000003,-26.330000000000002
388.724,17,-35.3665276,149.1614215,99.499,2.966177627042937,-0.43,-26.32
388.824,17,-35.3665279,149.1613927,99.488,2.8241314635346515,-0.39,-26.32
388.92400000000004,17,-35.3665283,149.1613639,99.477,2.6537058640249627,-0.36,-26.32
389.024,17,-35.366528599999995,149.1613351,99.467,2.489063086864747,-0.33,-26.310000000000002
389.125,17,-35.3665289,149.1613063,99.46000000000001,2.270250506283984,-0.3,-26.310000000000002
389.225,17,-35.3665291,149.1612772,99.453,2.0722315828576785,-0.28,-26.310000000000002
389.325,17,-35.3665294,149.1612481,99.447,1.9245893599850368,-0.25,-26.32
389.425,17,-35.3665296,149.161219,99.44500000000001,1.7850101754275949,-0.23,-26.330000000000002
389.524,17,-35.366529799999995,149.1611897,99.446,1.686470395941586,-0.2,-26.34
389.624,17,-35.36653,149.1611605,99.45,1.6266824417635855,-0.19,-26.35
389.724,17,-35.3665301,149.1611312,99.45400000000001,1.9089943305626051,-0.18,-26.36
389.824,17,-35.3665303,149.1611019,99.459,3.2304937816479713,-0.16,-26.37
389.92400000000004,17,-35.366530399999995,149.16107259999998,99.464,5.7458949317259345,-0.09,-26.37
390.024,17,-35.366530499999996,149.16104339999998,99.47,9.008443218035598,0.05,-26.34
390.124,17,-35.3665303,149.1610145,99.47500000000001,12.403144565727608,0.26,-26.27
390.224,17,-35.36653,149.1609857,99.48,15.560034948219053,0.51,-26.18
390.324,17,-35.3665295,149.1609571,99.485,18.607614129459968,0.79,-26.080000000000002
390.42400000000004,17,-35.366528599999995,149.1609286,99.489,21.508171781269066,1.1,-25.97
390.524,17,-35.3665275,149.16090029999998,99.493,24.06835720107433,1.45,-25.830000000000002
390.624,17,-35.366526,149.1608722,99.497,26.15994554003983,1.83,-25.68
390.724,17,-35.3665242,149.16084429999998,99.504,27.827029084352567,2.23,-25.52
390.824,17,-35.366521999999996,149.16081649999998,99.513,29.168589227917085,2.64,-25.35
390.92400000000004,17,-35.3665194,149.1607889,99.524,30.407687996194948,3.06,-25.16
391.024,17,-35.3665164,149.1607615,99.539,31.563601890571224,3.5,-24.95
391.124,17,-35.3665131,149.1607344,99.557,32.638605364039535,3.96,-24.72
391.225,17,-35.366509199999996,149.16070729999998,99.578,33.66539453215672,4.42,-24.48
391.325,17,-35.366505,149.1606804,99.60000000000001,34.67561707644204,4.88,-24.23
391.425,17,-35.3665003,149.1606538,99.623,35.60225176566475,5.36,-23.95
391.524,17,-35.366495199999996,149.1606275,99.646,36.468186563733546,5.84,-23.650000000000002
391.624,17,-35.366489699999995,149.16060149999998,99.672,37.32437809695132,6.34,-23.32
391.724,17,-35.366483599999995,149.1605759,99.7,38.14703340134434,6.83,-22.97
391.824,17,-35.3664772,149.1605507,99.729,38.87275466103654,7.32,-22.6
391.92400000000004,17,-35.366470299999996,149.16052589999998,99.761,39.60441477021205,7.82,-22.2
392.024,17,-35.366462999999996,149.1605016,99.795,40.35757631489478,8.3,-21.77
392.124,17,-35.3664553,149.16047799999998,99.83200000000001,41.04543783601759,8.78,-21.31
392.224,17,-35.366447199999996,149.1604549,99.869,41.63387229339253,9.24,-20.830000000000002
392.324,17,-35.366438699999996,149.1604326,99.906,42.07406090992693,9.700000000000001,-20.31
392.42400000000004,17,-35.3664298,149.1604107,99.94500000000001,42.430422614777754,10.15,-19.75
392.524,17,-35.3664206,149.1603896,99.98700000000001,42.69245599209613,10.58,-19.18
392.624,17,-35.3664109,149.1603691,100.03,42.85977172109934,10.98,-18.6
392.724,17,-35.366400999999996,149.16034919999998,100.074,43.10694943697293,11.34,-18.02
392.824,17,-35.3663907,149.16033,100.117,43.374549418464866,11.69,-17.44
392.92400000000004,17,-35.3663801,149.16031139999998,100.16,43.60107264228834,12.01,-16.830000000000002
393.024,17,-35.366369299999995,149.1602934,100.202,43.75358052117097,12.32,-16.21
393.124,17,-35.3663581,149.1602762,100.243,43.86872726529363,12.61,-15.57
393.224,17,-35.366346799999995,149.1602596,100.282,43.94247964795142,12.870000000000001,-14.93
393.325,17,-35.3663351,149.1602436,100.318,43.94826481817842,13.11,-14.280000000000001
393.425,17,-35.3663233,149.1602284,100.351,43.95385532801408,13.32,-13.620000000000001
393.52500000000003,17,-35.3663111,149.1602139,100.382,43.9643055174442,13.52,-12.94
393.624,17,-35.3662989,149.1602,100.41,44.00197059562223,13.700000000000001,-12.25
393.724,17,-35.3662864,149.16018699999998,100.437,44.10379847086337,13.85,-11.56
393.824,17,-35.3662738,149.1601746,100.46300000000001,44.28183418176892,13.98,-10.870000000000001
393.92400000000004,17,-35.366261099999996,149.16016299999998,100.486,44.46169355318287,14.08,-10.18
394.024,17,-35.366248299999995,149.1601522,100.505,44.60460501628163,14.17,-9.48
394.124,17,-35.366235599999996,149.1601423,100.524,44.71930438301366,14.23,-8.77
394.224,17,-35.366222799999996,149.1601331,100.541,44.78061557609827,14.26,-8.06
394.324,17,-35.366210099999996,149.16012469999998,100.559,44.75993376329148,14.26,-7.34
394.42400000000004,17,-35.3661974,149.1601172,100.575,44.71880919429883,14.25,-6.61
394.524,17,-35.3661847,149.16011039999998,100.59100000000001,44.571068787456866,14.200000000000001,-5.88
394.624,17,-35.3661721,149.1601044,100.60600000000001,44.4216447389845,14.120000000000001,-5.17
394.724,17,-35.366159599999996,149.16009929999998,100.62,44.20737828962661,14.02,-4.45
394.824,17,-35.3661472,149.1600948,100.632,43.72995831192648,13.89,-3.74
394.92400000000004,17,-35.3661349,149.16009119999998,100.645,42.512231205561584,13.73,-3.0500000000000003
395.024,17,-35.3661228,149.16008829999998,100.66,40.53731615799825,13.56,-2.42
395.124,17,-35.3661108,149.160086,100.678,38.13591385337556,13.370000000000001,-1.87
395.224,17,-35.366099,149.1600843,100.7,35.69511843271482,13.16,-1.41
395.325,17,-35.3660873,149.160083,100.72,33.303346694821855,12.96,-1.02
395.425,17,-35.3660758,149.16008209999998,100.733,30.69600735653411,12.75,-0.7000000000000001
395.52500000000003,17,-35.3660644,149.1600815,100.73400000000001,27.927238204760407,12.56,-0.44
395.625,17,-35.366053099999995,149.16008109999999,100.724,25.316603300198135,12.39,-0.24
395.724,17,-35.366042,149.1600809,100.699,23.137648304011716,12.23,-0.09
395.824,17,-35.366031,149.1600809,100.659,21.472386712660075,12.09,0.04
395.92400000000004,17,-35.3660201,149.1600809,100.599,20.184052525750175,11.96,0.18
396.024,17,-35.366009399999996,149.16008119999998,100.523,19.143527847212095,11.83,0.34
396.124,17,-35.3659987,149.1600817,100.435,18.201950411632694,11.700000000000001,0.51
396.224,17,-35.3659882,149.1600823,100.34400000000001,17.255286192668926,11.58,0.7000000000000001
396.324,17,-35.365977799999996,149.1600832,100.258,16.204828711530354,11.47,0.89
396.42400000000004,17,-35.3659676,149.1600842,100.18,15.010915059706708,11.370000000000001,1.07
396.524,17,-35.3659575,149.16008549999998,100.114,13.611697020489883,11.27,1.24
396.624,17,-35.365947399999996,149.16008689999998,100.063,12.021541896798997,11.18,1.3900000000000001
396.724,17,-35.3659375,149.1600884,100.026,10.292204593296175,11.1,1.5
396.824,17,-35.3659276,149.1600901,100.001,8.466134735673048,11.03,1.59
396.92400000000004,17,-35.3659178,149.1600918,99.982,6.609817812197344,10.98,1.6400000000000001
397.024,17,-35.365908,149.16009359999998,99.961,4.76590280470709,10.950000000000001,1.6600000000000001
397.124,17,-35.3658982,149.1600954,99.933,3.0400493245677986,10.93,1.6600000000000001
397.224,17,-35.365888399999996,149.1600972,99.897,1.4659278565101057,10.93,1.6500000000000001
397.324,17,-35.365878599999995,149.160099,99.851,0.09092461214933367,10.93,1.6300000000000001
397.425,17,-35.3658688,149.1601007,99.797,-1.0451154194339773,10.950000000000001,1.6
397.52500000000003,17,-35.3658588,149.1601025,99.739,-1.9981231765893939,10.98,1.56
397.625,17,-35.365848899999996,149.1601042,99.685,-2.7588299458708634,11.02,1.52
397.725,18,-35.3658388,149.1601058,99.638,-3.343166930074029,11.07,1.48
397.824,18,-35.3658287,149.16010749999998,99.602,-3.7824870453667763,11.120000000000001,1.43
397.92400000000004,18,-35.3658186,149.160109,99.577,-4.09526317868964,11.16,1.37
398.024,18,-35.3658084,149.1601105,99.56,-4.314528472746328,11.21,1.32
398.124,18,-35.3657982,149.160112,99.549,-4.555009615025544,11.25,1.26
398.224,18,-35.365787999999995,149.1601133,99.542,-4.803312177678072,11.290000000000001,1.2
398.324,18,-35.3657778,149.16011459999999,99.535,-4.966353488921332,11.33,1.1500000000000001
398.42400000000004,18,-35.3657676,149.1601159,99.526,-5.012291633731545,11.370000000000001,1.1
398.524,18,-35.3657573,149.16011709999998,99.513,-4.992939573378783,11.41,1.05
398.624,18,-35.3657471,149.1601183,99.498,-4.958976884617718,11.450000000000001,1.0
398.724,18,-35.3657368,149.16011939999999,99.483,-4.918283044429605,11.49,0.9500000000000001
398.824,18,-35.3657265,149.16012039999998,99.46900000000001,-4.82122691009737,11.53,0.9
398.92400000000004,18,-35.3657162,149.16012139999998,99.452,-4.784144105546078,11.57,0.85
399.024,18,-35.3657058,149.16012229999998,99.437,-4.772968635403468,11.61,0.8
399.124,18,-35.3656954,149.16012329999998,99.427,-4.790503865437007,11.65,0.75
399.224,18,-35.3656849,149.1601241,99.424,-4.785817501892732,11.69,0.7000000000000001
399.324,18,-35.365674399999996,149.1601249,99.424,-4.751940190496291,11.73,0.65
399.42400000000004,18,-35.3656639,149.1601256,99.427,-4.697858752648131,11.76,0.59
399.52500000000003,18,-35.3656534,149.1601263,99.431,-4.62667494800508,11.790000000000001,0.54
399.625,18,-35.365642699999995,149.1601269,99.435,-4.530073448139475,11.83,0.49
399.725,18,-35.3656319,149.1601275,99.43900000000001,-4.4054007245587625,11.86,0.44
399.825,18,-35.3656212,149.160128,99.44500000000001,-4.267603792487871,11.9,0.4
399.92400000000004,18,-35.3656104,149.16012849999998,99.452,-4.129323624533201,11.93,0.35000000000000003
400.024,18,-35.3655995,149.16012899999998,99.46000000000001,-3.9346260940342255,11.96,0.31
400.124,18,-35.365588599999995,149.1601294,99.465,-3.7044717708932446,11.99,0.27
400.224,18,-35.365577699999996,149.1601297,99.46900000000001,-3.4844079850338994,12.02,0.24
400.324,18,-35.365566799999996,149.1601301,99.471,-3.2458170976074836,12.040000000000001,0.21
400.42400000000004,18,-35.3655559,149.1601303,99.473,-3.041439694950719,12.06,0.19
400.524,18,-35.365545,149.1601306,99.47800000000001,-2.871708640302256,12.08,0.16
400.624,18,-35.3655342,149.16013089999998,99.485,-2.723648922116597,12.09,0.14
400.724,18,-35.3655234,149.1601311,99.495,-2.5895979219186342,12.1,0.11
400.824,18,-35.365512599999995,149.1601313,99.508,-2.447356244245357,12.11,0.09
400.92400000000004,18,-35.3655018,149.16013139999998,99.521,-2.301673218447451,12.11,0.07
401.024,18,-35.3654909,149.1601316,99.533,-2.149573656811141,12.120000000000001,0.05
401.124,18,-35.3654801,149.1601317,99.546,-2.0120898462250123,12.13,0.04
401.224,18,-35.3654693,149.1601318,99.559,-1.8885268149410157,12.14,0.02
401.324,18,-35.365458499999995,149.16013189999998,99.571,-1.7873267834949929,12.15,0.0
401.42400000000004,18,-35.365447599999996,149.160132,99.57900000000001,-1.6945000303628768,12.16,0.0
401.524,18,-35.3654368,149.160132,99.58500000000001,-1.5963290810920487,12.17,-0.01
401.625,18,-35.3654259,149.1601321,99.59100000000001,-1.525667252311976,12.18,-0.03
401.725,18,-35.365414799999996,149.1601321,99.59700000000001,-1.421390434088274,12.200000000000001,-0.04
401.825,18,-35.365403799999996,149.1601322,99.604,-1.3321549730774094,12.21,-0.05
401.92400000000004,18,-35.3653927,149.1601322,99.61500000000001,-1.239470906865923,12.22,-0.06
402.024,18,-35.3653817,149.1601322,99.628,-1.128999427230137,12.23,-0.06
402.124,18,-35.3653706,149.1601322,99.641,-1.0144798865723546,12.24,-0.06
402.224,18,-35.3653595,149.1601322,99.652,-0.9215775744725452,12.25,-0.06
402.324,18,-35.365348399999995,149.1601322,99.662,-0.8677453318073839,12.27,-0.07
402.42400000000004,18,-35.3653373,149.1601321,99.672,-0.8056133420835992,12.280000000000001,-0.08
402.524,18,-35.3653263,149.1601321,99.684,-0.7704709515868259,12.280000000000001,-0.08
402.624,18,-35.3653153,149.1601321,99.697,-0.736844969807501,12.290000000000001,-0.08
402.724,18,-35.3653043,149.160132,99.708,-0.7108771241916415,12.290000000000001,-0.09
402.824,18,-35.3652934,149.160132,99.718,-0.6964010184934755,12.290000000000001,-0.1
402.92400000000004,18,-35.3652824,149.16013189999998,99.72800000000001,-0.6619239311105436,12.290000000000001,-0.1
403.024,18,-35.3652715,149.16013189999998,99.74000000000001,-0.5993137747840053,12.290000000000001,-0.1
403.124,18,-35.3652606,149.1601318,99.75,-0.5350923875044314,12.290000000000001,-0.1
403.224,18,-35.3652496,149.1601318,99.759,-0.49245551858000863,12.290000000000001,-0.1
403.324,18,-35.3652387,149.1601317,99.768,-0.48101057613030024,12.290000000000001,-0.1
403.42400000000004,18,-35.3652278,149.1601316,99.775,-0.4726305743489293,12.290000000000001,-0.11
403.524,18,-35.3652168,149.1601316,99.782,-0.43934428775910683,12.280000000000001,-0.11
403.624,18,-35.3652059,149.1601315,99.79,-0.4118837256444821,12.290000000000001,-0.11
403.725,18,-35.3651948,149.16013139999998,99.8,-0.3853332061954823,12.290000000000001,-0.11
403.825,18,-35.3651839,149.1601313,99.811,-0.34533585853972565,12.280000000000001,-0.11
403.925,18,-35.365172799999996,149.1601313,99.821,-0.3087188141928906,12.290000000000001,-0.11
404.024,18,-35.3651617,149.1601312,99.828,-0.2544084582858284,12.290000000000001,-0.11
404.124,18,-35.3651506,149.1601311,99.836,-0.23652256740751867,12.290000000000001,-0.11
404.224,18,-35.3651395,149.160131,99.84100000000001,-0.19973767649791585,12.3,-0.11
404.324,18,-35.365128399999996,149.16013089999998,99.843,-0.16526733926287465,12.31,-0.11
404.42400000000004,18,-35.3651173,149.16013089999998,99.846,-0.14831629050657072,12.32,-0.11
404.524,18,-35.3651062,149.1601308,99.848,-0.1454863243539376,12.32,-0.11
404.624,18,-35.3650952,149.1601307,99.851,-0.10957483721434355,12.32,-0.11
404.724,18,-35.3650842,149.1601306,99.85600000000001,-0.10001471348054794,12.32,-0.11
404.824,18,-35.3650732,149.16013049999998,99.863,-0.11012352685429905,12.32,-0.11
404.92400000000004,18,-35.3650622,149.16013039999999,99.868,-0.1214783961843279,12.32,-0.11
405.024,18,-35.365051199999996,149.1601303,99.874,-0.10432976552998284,12.32,-0.11
405.124,18,-35.365040199999996,149.1601302,99.878,-0.04857726587248272,12.31,-0.11
405.224,18,-35.365029299999996,149.1601301,99.883,0.012098385280231662,12.31,-0.11
405.324,18,-35.365018299999996,149.16012999999998,99.887,0.0887451281336517,12.31,-0.1
405.42400000000004,18,-35.365007299999995,149.1601299,99.889,0.12342868199663098,12.31,-0.09
405.524,18,-35.3649963,149.1601298,99.886,0.11699837905818133,12.31,-0.08
405.624,18,-35.3649854,149.1601297,99.88,0.1414177060633653,12.32,-0.08
405.724,18,-35.3649744,149.1601296,99.874,0.13242095954428335,12.32,-0.08
405.825,18,-35.3649633,149.16012949999998,99.87,0.1080064150055397,12.33,-0.08
405.925,18,-35.3649522,149.16012949999998,99.872,0.1073578405190794,12.33,-0.07
406.02500000000003,18,-35.364941,149.1601294,99.876,0.11150288489120444,12.34,-0.07
406.124,18,-35.3649299,149.1601293,99.883,0.10840372657595082,12.34,-0.07
406.224,18,-35.3649187,149.1601293,99.891,0.10462944674992375,12.35,-0.07
406.324,18,-35.3649075,149.1601292,99.9,0.09204198840886545,12.36,-0.07
406.42400000000004,18,-35.3648964,149.1601291,99.908,0.06967786799298095,12.36,-0.06
406.524,18,-35.364885199999996,149.1601291,99.914,0.0948376168526634,12.370000000000001,-0.06
406.624,18,-35.364874,149.16012899999998,99.916,0.1022277681428048,12.370000000000001,-0.05
406.724,18,-35.3648629,149.16012899999998,99.918,0.10703430032778971,12.370000000000001,-0.04
406.824,18,-35.3648518,149.1601289,99.919,0.1265270665795177,12.370000000000001,-0.03
406.92400000000004,18,-35.364840799999996,149.1601289,99.92,0.14257510296256512,12.36,-0.03
407.024,18,-35.364829799999995,149.1601289,99.922,0.1425326277236641,12.36,-0.02
407.124,18,-35.3648188,149.1601288,99.921,0.12495029339723644,12.35,-0.02
407.224,18,-35.3648078,149.1601288,99.918,0.06478144945130163,12.35,-0.02
407.324,18,-35.3647968,149.1601288,99.918,-0.028976400537958046,12.35,-0.02
407.42400000000004,18,-35.3647858,149.1601288,99.922,-0.050922188542445776,12.34,-0.02
407.524,18,-35.3647749,149.1601287,99.928,-0.08372091701940568,12.34,-0.03
407.624,18,-35.3647639,149.1601287,99.935,-0.1061268189831036,12.33,-0.03
407.724,18,-35.3647529,149.1601287,99.94200000000001,-0.11965061355004868,12.33,-0.03
407.825,18,-35.3647419,149.1601286,99.949,-0.15096945881336368,12.32,-0.03
407.925,18,-35.364730699999996,149.1601286,99.95700000000001,-0.1655983232931426,12.32,-0.03
408.02500000000003,18,-35.3647196,149.1601286,99.962,-0.15619119179469132,12.33,-0.03
408.125,18,-35.3647085,149.16012849999998,99.964,-0.12765959732127044,12.33,-0.04
408.224,18,-35.3646974,149.16012849999998,99.964,-0.10887291521520574,12.33,-0.04
408.324,18,-35.3646862,149.1601284,99.96300000000001,-0.102298351210966,12.34,-0.04
408.42400000000004,18,-35.3646751,149.1601284,99.961,-0.061951856824638725,12.34,-0.04
408.524,18,-35.3646639,149.1601284,99.961,-0.03527055993036363,12.35,-0.04
408.624,18,-35.3646528,149.1601283,99.961,0.002353419968904244,12.35,-0.04
408.724,18,-35.3646417,149.1601283,99.964,0.028715179152738114,12.34,-0.04
408.824,18,-35.3646307,149.1601282,99.96900000000001,0.07130495378943154,12.34,-0.04
408.92400000000004,18,-35.3646197,149.1601282,99.974,0.09339392563749162,12.34,-0.03
409.024,18,-35.3646087,149.16012809999998,99.977,0.12830142165984007,12.34,-0.02
409.124,18,-35.3645977,149.16012809999998,99.97800000000001,0.17658935164773606,12.33,-0.01
409.224,18,-35.3645867,149.16012809999998,99.976,0.19330675990965795,12.33,0.0
409.324,18,-35.364575699999996,149.16012809999998,99.974,0.18349870164301219,12.32,0.0
409.42400000000004,18,-35.3645648,149.16012809999998,99.97200000000001,0.1561376041581758,12.32,0.0
409.524,18,-35.364553799999996,149.1601282,99.97,0.11310777257285248,12.32,0.0
409.624,18,-35.364542799999995,149.1601282,99.967,0.09677006012978115,12.32,0.01
409.724,18,-35.364531899999996,149.1601282,99.96600000000001,0.0735937008215139,12.31,0.01
409.824,18,-35.364520899999995,149.1601282,99.967,0.04836831144266925,12.31,0.02
409.925,18,-35.3645099,149.1601282,99.97,-0.009388726173020624,12.31,0.03
410.02500000000003,18,-35.3644988,149.1601282,99.97200000000001,-0.08176172661477644,12.31,0.03
410.125,18,-35.3644877,149.1601283,99.973,-0.1551362610732549,12.32,0.03
410.225,18,-35.364476599999996,149.1601283,99.973,-0.23218521052157545,12.33,0.03
410.324,18,-35.3644654,149.1601283,99.97200000000001,-0.2855984904502652,12.34,0.02
410.42400000000004,18,-35.3644543,149.1601284,99.97200000000001,-0.3251589194425526,12.35,0.02
410.524,18,-35.364443099999995,149.1601284,99.971,-0.3745997773582188,12.36,0.02
410.624,18,-35.3644319,149.1601284,99.97,-0.4006112187908901,12.370000000000001,0.01
410.724,18,-35.3644207,149.1601284,99.96900000000001,-0.4147505374660363,12.38,0.01
410.824,18,-35.3644095,149.1601284,99.97,-0.4308556699616768,12.39,0.0
410.92400000000004,18,-35.3643984,149.1601284,99.97200000000001,-0.41079876610308147,12.39,0.0
411.024,18,-35.3643873,149.1601284,99.974,-0.3802500246686854,12.4,0.0
411.124,18,-35.364376299999996,149.1601284,99.97800000000001,-0.3614607612313621,12.39,0.0
411.224,18,-35.3643652,149.1601284,99.98400000000001,-0.33338305417262976,12.39,0.0
411.324,18,-35.3643542,149.1601284,99.992,-0.3051726386727581,12.39,0.0
411.42400000000004,18,-35.3643431,149.1601284,99.999,-0.2578464980375778,12.38,0.0
411.524,18,-35.3643321,149.1601284,100.005,-0.21819777017396946,12.38,-0.01
411.624,18,-35.3643211,149.1601284,100.006,-0.20296412712774028,12.38,0.0
411.724,18,-35.3643101,149.1601284,100.003,-0.21290884253863918,12.38,0.0
411.824,18,-35.364298999999995,149.1601284,99.996,-0.19840755051790876,12.370000000000001,0.0
411.92400000000004,18,-35.364288,149.1601284,99.988,-0.16274829345982256,12.38,0.0
412.02500000000003,18,-35.364277,149.1601284,99.979,-0.13043266746450882,12.370000000000001,0.0
412.125,18,-35.3642657,149.16012849999998,99.97200000000001,-0.09137934666756181,12.38,0.0
412.225,18,-35.364254599999995,149.16012849999998,99.967,-0.06686666485024552,12.38,0.0
412.325,18,-35.3642434,149.16012849999998,99.96300000000001,-0.07940729904289223,12.39,0.0
412.42400000000004,18,-35.3642322,149.16012849999998,99.964,-0.1590555356767993,12.39,0.0
412.524,18,-35.364221,149.16012849999998,99.968,-0.21620211429649605,12.39,0.0
412.624,18,-35.3642098,149.1601286,99.97500000000001,-0.2371470494688988,12.39,0.0
412.724,18,-35.3641986,149.1601286,99.983,-0.24451821096551773,12.4,0.0
412.824,18,-35.3641874,149.1601286,99.989,-0.290856535491985,12.39,0.0
412.92400000000004,18,-35.3641763,149.1601286,99.992,-0.30590125443855454,12.39,-0.01
413.024,18,-35.364165199999995,149.1601286,99.991,-0.3232633818653154,12.39,-0.01
413.124,18,-35.3641541,149.1601286,99.98700000000001,-0.3394858281960362,12.39,-0.01
413.224,18,-35.3641431,149.1601286,99.982,-0.33936120392410984,12.39,-0.01
413.324,18,-35.364132,149.1601286,99.977,-0.3447477418995905,12.39,-0.01
413.42400000000004,18,-35.364121,149.1601286,99.971,-0.3200285669218003,12.39,-0.02
413.524,18,-35.36411,149.1601286,99.965,-0.25559133499228354,12.39,-0.02
413.624,18,-35.364098999999996,149.1601286,99.96000000000001,-0.20222426556219716,12.38,-0.02
413.724,18,-35.3640879,149.1601286,99.958,-0.15744918724180337,12.38,-0.02
413.824,18,-35.3640769,149.1601286,99.959,-0.12474614811428976,12.38,-0.02
413.92400000000004,18,-35.3640659,149.1601286,99.96300000000001,-0.10649749681781563,12.370000000000001,-0.02
414.024,18,-35.3640548,149.1601286,99.96900000000001,-0.11422948440168162,12.370000000000001,-0.02
414.125,18,-35.3640438,149.16012849999998,99.97500000000001,-0.10666567688591397,12.36,-0.02
414.225,18,-35.364032699999996,149.16012849999998,99.98,-0.09056036429739497,12.36,-0.02
414.325,18,-35.3640216,149.16012849999998,99.98400000000001,-0.07656688083319912,12.36,-0.02
414.42400000000004,18,-35.3640104,149.16012849999998,99.985,-0.0638549049419203,12.36,-0.01
414.524,18,-35.363999199999995,149.16012849999998,99.982,-0.062264337979166806,12.370000000000001,-0.01
414.624,18,-35.3639881,149.16012849999998,99.976,-0.06451036964851013,12.38,-0.01
414.724,18,-35.363976799999996,149.16012849999998,99.96900000000001,-0.08557784801957645,12.39,-0.01
414.824,18,-35.3639656,149.16012849999998,99.96300000000001,-0.0998211870073265,12.39,-0.01
414.92400000000004,18,-35.3639544,149.16012849999998,99.958,-0.08546805806475379,12.4,-0.01
415.024,18,-35.3639432,149.16012849999998,99.956,-0.07240163937825495,12.4,0.0
415.124,18,-35.3639321,149.16012849999998,99.95700000000001,-0.09405170487107559,12.4,0.0
415.224,18,-35.363921,149.16012849999998,99.962,-0.1441665503793913,12.4,-0.01
415.324,18,-35.363909899999996,149.16012849999998,99.968,-0.21523401502292608,12.4,-0.01
415.42400000000004,18,-35.3638988,149.16012849999998,99.97500000000001,-0.24018165449236786,12.4,-0.02
415.524,18,-35.3638878,149.16012849999998,99.98100000000001,-0.1936069280473815,12.39,-0.02
415.624,18,-35.3638767,149.16012849999998,99.985,-0.14524776132087638,12.39,-0.02
415.724,18,-35.3638657,149.16012849999998,99.985,-0.11053625971119557,12.39,-0.02
415.824,18,-35.3638547,149.1601284,99.982,-0.1152544663444331,12.38,-0.03
415.92400000000004,18,-35.363843599999996,149.1601284,99.98100000000001,-0.09519053886357604,12.38,-0.03
416.024,18,-35.363832599999995,149.1601284,99.98,-0.06516363989002483,12.38,-0.03
416.124,18,-35.3638215,149.1601283,99.979,0.004033902053186928,12.39,-0.04
416.225,18,-35.3638104,149.1601283,99.979,0.02365738738675731,12.39,-0.04
416.325,18,-35.363799199999995,149.1601283,99.979,0.01252012361481683,12.39,-0.04
416.425,18,-35.3637881,149.1601282,99.979,0.0011733232378202138,12.39,-0.03
416.524,18,-35.3637768,149.1601282,99.982,0.030167364748679433,12.4,-0.03
416.624,18,-35.3637656,149.16012809999998,99.986,0.025226498284068775,12.4,-0.03
416.724,18,-35.3637544,149.16012809999998,99.993,0.03647408728688748,12.41,-0.03
416.824,18,-35.3637432,149.16012809999998,99.999,0.07951979039089249,12.41,-0.03
416.92400000000004,18,-35.363732,149.16012809999998,100.004,0.07527169287162223,12.42,-0.03
417.024,18,-35.3637207,149.160128,100.007,0.09488177962853708,12.42,-0.02
417.124,18,-35.3637096,149.160128,100.01,0.07151763680884075,12.41,-0.02
417.224,18,-35.3636985,149.160128,100.012,0.0337547882080964,12.41,-0.02
417.324,18,-35.363687399999996,149.160128,100.013,0.053798755394919046,12.41,-0.02
417.42400000000004,18,-35.363676399999996,149.1601279,100.013,0.12278321577985156,12.4,-0.01
417.524,18,-35.3636653,149.1601279,100.013,0.1572491774249557,12.4,-0.01
417.624,18,-35.3636543,149.1601279,100.014,0.1663035936857993,12.39,-0.01
417.724,18,-35.3636433,149.1601279,100.014,0.13808842907002042,12.39,-0.01
417.824,18,-35.3636322,149.1601279,100.013,0.10549610704214846,12.38,0.0
417.92400000000004,18,-35.3636212,149.1601279,100.013,0.07302536104748139,12.38,0.0
418.024,18,-35.3636102,149.1601279,100.011,0.05731048314945721,12.38,0.0
418.124,18,-35.3635991,149.1601279,100.009,0.04670328274476005,12.370000000000001,0.0
418.224,18,-35.3635881,149.1601279,100.006,0.06948372119984467,12.370000000000001,0.0
418.325,18,-35.363577,149.1601279,100.001,0.10280141732169992,12.370000000000001,0.0
418.425,18,-35.3635659,149.1601279,99.994,0.10668968259960819,12.370000000000001,0.0
418.52500000000003,18,-35.363554799999996,149.1601279,99.986,0.09087522000987669,12.38,0.0
418.624,18,-35.3635436,149.1601279,99.977,0.0748430184599246,12.38,0.0
418.724,18,-35.3635324,149.1601279,99.968,0.048219417987837604,12.39,0.0
418.824,18,-35.3635212,149.1601279,99.962,0.04815024564722469,12.4,0.0
418.92400000000004,18,-35.36351,149.1601279,99.961,0.10058384032716058,12.4,0.01
419.024,18,-35.363498799999995,149.1601279,99.964,0.11842486139829585,12.4,0.01
419.124,18,-35.3634876,149.1601279,99.97,0.116262279432767,12.39,0.02
419.224,18,-35.3634765,149.1601279,99.977,0.06612722350141892,12.39,0.02
419.324,18,-35.3634655,149.160128,99.983,0.017818492786055466,12.38,0.02
419.42400000000004,18,-35.363454399999995,149.160128,99.988,-0.07874024169101189,12.38,0.02
419.524,18,-35.3634434,149.160128,99.99000000000001,-0.15134253121634916,12.370000000000001,0.02
419.624,18,-35.3634323,149.160128,99.989,-0.1863024809570892,12.38,0.02
419.724,18,-35.3634213,149.16012809999998,99.985,-0.20418997266098568,12.370000000000001,0.02
419.824,18,-35.3634102,149.16012809999998,99.979,-0.21737547943092342,12.370000000000001,0.02
419.92400000000004,18,-35.363399199999996,149.16012809999998,99.971,-0.19867622241221355,12.370000000000001,0.02
420.024,18,-35.3633881,149.16012809999998,99.964,-0.21148722937635095,12.370000000000001,0.02
420.124,18,-35.3633771,149.16012809999998,99.96000000000001,-0.20892830967597625,12.370000000000001,0.02
420.224,18,-35.363366,149.1601282,99.959,-0.20929692644774536,12.370000000000001,0.02
420.325,18,-35.363355,149.1601282,99.96000000000001,-0.18807506178905298,12.370000000000001,0.01
420.425,18,-35.363343799999996,149.1601282,99.965,-0.17762176408925257,12.370000000000001,0.01
420.52500000000003,18,-35.3633327,149.1601282,99.973,-0.16115453818610884,12.370000000000001,0.01
420.625,18,-35.3633215,149.1601282,99.98100000000001,-0.17220076834301773,12.38,0.01
420.724,18,-35.363310299999995,149.1601283,99.98700000000001,-0.2156711604700201,12.38,0.0
420.824,18,-35.3632991,149.1601283,99.989,-0.22962525028456937,12.39,0.0
420.92400000000004,18,-35.363287899999996,149.1601283,99.99000000000001,-0.2354292568926406,12.39,0.0
421.024,18,-35.3632766,149.1601283,99.99000000000001,-0.25747497309932615,12.4,0.0
421.124,18,-35.363265399999996,149.1601283,99.991,-0.25325290233605335,12.4,-0.01
421.224,18,-35.3632542,149.1601283,99.994,-0.22919129314843556,12.41,-0.01
421.324,18,-35.3632431,149.1601283,99.997,-0.19310421545229797,12.41,-0.01
421.42400000000004,18,-35.363231999999996,149.1601283,99.999,-0.12200410730700731,12.4,-0.01
421.524,18,-35.3632209,149.1601283,100.002,-0.045625416861740556,12.4,-0.01
421.624,18,-35.3632098,149.1601283,100.006,0.010950612511108683,12.39,-0.01
421.724,18,-35.3631988,149.1601283,100.008,0.04860146501926866,12.38,0.0
421.824,18,-35.3631877,149.1601283,100.007,0.03738331953455907,12.38,0.0
421.92400000000004,18,-35.3631767,149.1601283,100.003,0.045192110061001343,12.370000000000001,0.0
422.024,18,-35.363165699999996,149.1601283,99.998,0.44531131177275923,12.370000000000001,-0.01
422.124,18,-35.363154699999996,149.1601283,99.995,1.8428458694417356,12.370000000000001,-0.01
422.224,18,-35.3631436,149.1601283,99.993,4.451902786862325,12.35,0.03
422.324,18,-35.3631326,149.1601284,99.992,7.823157802680973,12.3,0.16
422.425,18,-35.3631217,149.1601287,99.992,11.305918218021018,12.23,0.36
422.52500000000003,18,-35.3631106,149.1601293,99.99000000000001,14.581029783535275,12.14,0.6
422.625,18,-35.3630997,149.1601301,99.986,17.687019035010845,12.06,0.85
422.725,18,-35.3630889,149.1601313,99.98100000000001,20.68356475032072,11.96,1.1500000000000001
422.824,18,-35.363078099999996,149.16013279999999,99.974,23.361948301260348,11.84,1.48
422.92400000000004,18,-35.3630675,149.1601347,99.96600000000001,25.61592097264831,11.71,1.84
423.024,18,-35.363057,149.160137,99.958,27.47898484236352,11.56,2.23
423.124,18,-35.3630466,149.1601397,99.95400000000001,29.176918643609913,11.39,2.65
423.224,18,-35.3630364,149.160143,99.955,30.819486931444185,11.19,3.09
423.324,18,-35.3630265,149.16014669999998,99.96300000000001,32.55580639582605,10.97,3.5700000000000003
423.42400000000004,18,-35.3630168,149.1601509,99.977,34.33248886310811,10.72,4.0600000000000005
423.524,18,-35.3630074,149.1601557,99.995,36.01988368246517,10.43,4.57
423.624,18,-35.3629983,149.16016109999998,100.014,37.55469549085874,10.13,5.09
423.724,18,-35.3629894,149.160167,100.036,38.92646385357493,9.790000000000001,5.64
423.824,18,-35.3629809,149.1601736,100.061,40.150392771706194,9.43,6.19
423.92400000000004,18,-35.3629728,149.16018069999998,100.089,41.27838826785005,9.03,6.75
424.024,18,-35.362964999999996,149.1601885,100.119,42.27672969807413,8.6,7.3100000000000005
424.124,18,-35.3629576,149.1601969,100.15,43.08473083160288,8.120000000000001,7.890000000000001
424.224,18,-35.3629506,149.1602059,100.184,43.69436278106696,7.62,8.45
424.324,18,-35.3629441,149.1602155,100.21900000000001,44.100472168737575,7.1000000000000005,9.0
424.42400000000004,18,-35.3629381,149.16022569999998,100.258,44.41414519127582,6.55,9.52
424.52500000000003,18,-35.3629326,149.1602365,100.301,44.61065656388626,5.97,10.03
424.625,18,-35.3629276,149.1602479,100.34700000000001,44.670208983259606,5.36,10.52
424.725,18,-35.3629232,149.1602599,100.4,44.63873888665877,4.74,10.97
424.825,18,-35.3629193,149.1602723,100.456,44.26761372791696,4.1,11.4
424.92400000000004,18,-35.362916,149.1602853,100.516,43.05634456541231,3.46,11.78
425.024,18,-35.3629132,149.1602986,100.577,41.030517287775695,2.86,12.09
425.124,18,-35.362911,149.1603122,100.642,38.56507512949497,2.31,12.32
425.224,18,-35.3629092,149.160326,100.71000000000001,36.15017978616692,1.83,12.48
425.324,18,-35.362907799999995,149.1603399,100.776,33.90747351181489,1.41,12.58
425.42400000000004,18,-35.3629068,149.1603539,100.83200000000001,31.515544679571015,1.05,12.64
425.524,18,-35.362905999999995,149.1603678,100.873,28.97635696882166,0.75,12.65
425.624,18,-35.3629055,149.1603816,100.895,26.556514860987228,0.5,12.63
425.724,18,-35.3629052,149.1603954,100.896,24.43253605743024,0.28,12.6
425.824,18,-35.3629051,149.16040909999998,100.875,22.599945076697047,0.08,12.57
425.92400000000004,18,-35.3629051,149.1604228,100.83200000000001,21.027220595768032,-0.11,12.540000000000001
426.024,18,-35.3629052,149.16043639999998,100.772,19.594045417318842,-0.31,12.530000000000001
426.124,18,-35.3629056,149.1604501,100.7,18.18426705187153,-0.53,12.530000000000001
426.224,18,-35.3629061,149.16046369999998,100.623,16.729078173727387,-0.74,12.530000000000001
426.324,18,-35.3629069,149.1604774,100.549,15.196766214570047,-0.9400000000000001,12.540000000000001
426.42400000000004,18,-35.362907799999995,149.1604911,100.48400000000001,13.520037589375603,-1.1300000000000001,12.55
426.524,18,-35.3629089,149.16050479999998,100.431,11.739508871817183,-1.29,12.56
426.625,18,-35.3629101,149.1605186,100.39,9.836104197316587,-1.42,12.55
426.725,18,-35.3629114,149.1605324,100.358,7.879733967123482,-1.52,12.55
426.825,18,-35.3629128,149.1605463,100.33200000000001,5.896524935473634,-1.58,12.530000000000001
426.92400000000004,18,-35.3629142,149.1605602,100.309,3.9698143748644847,-1.61,12.51
427.024,18,-35.3629156,149.160574,100.285,2.1275445891905576,-1.61,12.49
427.124,18,-35.362916999999996,149.1605878,100.256,0.4276747761600078,-1.6,12.47
427.224,18,-35.3629184,149.1606016,100.223,-1.0488198365633572,-1.56,12.44
427.324,18,-35.3629198,149.1606155,100.187,-2.268456514409798,-1.52,12.43
427.42400000000004,19,-35.3629211,149.1606292,100.15,-3.221553064024425,-1.47,12.41
427.524,19,-35.362922399999995,149.1606428,100.11200000000001,-3.9316126999497802,-1.42,12.4
427.624,19,-35.362923599999995,149.1606565,100.074,-4.439100451036782,-1.35,12.39
427.724,19,-35.3629247,149.16066999999998,100.039,-4.806063890139941,-1.29,12.370000000000001
427.824,19,-35.3629258,149.1606835,100.007,-5.065106925262315,-1.22,12.35
427.92400000000004,19,-35.3629268,149.160697,99.98,-5.222891552165602,-1.1400000000000001,12.34
428.024,19,-35.3629278,149.1607105,99.95700000000001,-5.298425760423127,-1.06,12.32
428.124,19,-35.3629286,149.160724,99.937,-5.259196568925159,-0.99,12.31
428.224,19,-35.3629295,149.1607374,99.92,-5.156776174773525,-0.93,12.290000000000001
428.324,19,-35.3629302,149.16075089999998,99.904,-5.010344602931268,-0.86,12.280000000000001
428.42400000000004,19,-35.362930999999996,149.16076429999998,99.887,-4.819298662317311,-0.8,12.280000000000001
428.524,19,-35.362931599999996,149.1607778,99.868,-4.618968787074014,-0.75,12.27
428.624,19,-35.3629323,149.1607912,99.846,-4.418114267925095,-0.6900000000000001,12.26
428.725,19,-35.362932799999996,149.1608048,99.821,-4.18510791391881,-0.64,12.26
428.825,19,-35.362933399999996,149.1608183,99.796,-3.914590587877639,-0.59,12.25
428.925,19,-35.3629339,149.1608319,99.773,-3.652631488866494,-0.54,12.26
429.024,19,-35.3629343,149.1608455,99.755,-3.4438148901360446,-0.5,12.26
429.124,19,-35.3629348,149.16085909999998,99.741,-3.2288097131307403,-0.46,12.27
429.224,19,-35.362935199999995,149.1608728,99.732,-3.0387562843805505,-0.42,12.27
429.324,19,-35.3629355,149.1608865,99.727,-2.8901755508272666,-0.38,12.280000000000001
429.42400000000004,19,-35.3629359,149.1609001,99.723,-2.768802022059082,-0.35000000000000003,12.280000000000001
429.524,19,-35.3629362,149.16091369999998,99.72,-2.633145500519343,-0.31,12.280000000000001
429.624,19,-35.362936399999995,149.1609272,99.71600000000001,-2.443360797024311,-0.27,12.280000000000001
429.724,19,-35.3629367,149.1609407,99.71300000000001,-2.273338605562476,-0.25,12.280000000000001
429.824,19,-35.3629369,149.1609542,99.71000000000001,-2.145680662427645,-0.22,12.280000000000001
429.92400000000004,19,-35.362937099999996,149.1609677,99.70700000000001,-1.985689670979032,-0.2,12.27
430.024,19,-35.3629373,149.16098119999998,99.705,-1.8225745083153724,-0.17,12.27
430.124,19,-35.3629375,149.1609947,99.702,-1.6131042391370116,-0.15,12.27
430.224,19,-35.362937599999995,149.1610081,99.69800000000001,-1.4168425953181034,-0.14,12.27
430.324,19,-35.3629378,149.1610216,99.69200000000001,-1.2515238428734685,-0.12,12.280000000000001
430.42400000000004,19,-35.3629379,149.1610351,99.687,-1.1652166120258354,-0.11,12.280000000000001
430.524,19,-35.362938,149.1610486,99.687,-1.096333087029199,-0.09,12.27
430.624,19,-35.3629381,149.16106209999998,99.69,-1.006059650707904,-0.08,12.27
430.725,19,-35.362938199999995,149.16107549999998,99.694,-0.9194029062738366,-0.06,12.27
430.825,19,-35.362938299999996,149.1610891,99.7,-0.8478766316769342,-0.05,12.27
430.925,19,-35.3629384,149.16110279999998,99.706,-0.8066144450446822,-0.04,12.27
431.02500000000003,19,-35.3629385,149.1611164,99.711,-0.7973031896586623,-0.03,12.280000000000001
431.124,19,-35.3629385,149.16113009999998,99.715,-0.7162438919711261,-0.02,12.290000000000001
431.224,19,-35.3629386,149.1611437,99.718,-0.6068495011509392,-0.01,12.3
431.324,19,-35.3629386,149.1611575,99.721,-0.4956882257698345,-0.01,12.31
431.42400000000004,19,-35.3629387,149.16117119999998,99.724,-0.39719620424716306,-0.01,12.31
431.524,19,-35.3629387,149.1611849,99.727,-0.35542724959500793,-0.01,12.32
431.624,19,-35.362938799999995,149.1611986,99.733,-0.3255595260456297,0.0,12.33
431.724,19,-35.362938799999995,149.1612122,99.744,-0.3146925616740072,0.0,12.32
431.824,19,-35.362938799999995,149.16122579999998,99.76,-0.29165161220005675,0.0,12.32
431.92400000000004,19,-35.362938899999996,149.1612393,99.777,-0.280647083549682,0.01,12.31
432.024,19,-35.362938899999996,149.1612528,99.792,-0.2763946771415408,0.01,12.31
432.124,19,-35.362938899999996,149.1612663,99.805,-0.2557055272174697,0.01,12.3
432.224,19,-35.362938899999996,149.1612798,99.81700000000001,-0.23464362505553046,0.01,12.290000000000001
432.324,19,-35.362939,149.1612932,99.82600000000001,-0.20798024740266674,0.01,12.290000000000001
432.42400000000004,19,-35.362939,149.16130669999998,99.83,-0.1587963353338826,0.01,12.290000000000001
432.524,19,-35.362939,149.16132009999998,99.83,-0.15077022272888294,0.01,12.290000000000001
432.624,19,-35.362939,149.1613336,99.82600000000001,-0.13106548715915314,0.01,12.280000000000001
432.724,19,-35.3629391,149.161347,99.824,-0.12909325669609875,0.01,12.280000000000001
432.825,19,-35.3629391,149.1613605,99.825,-0.10896625668712484,0.01,12.280000000000001
432.925,19,-35.3629391,149.16137419999998,99.827,-0.10564377653241692,0.01,12.280000000000001
433.02500000000003,19,-35.3629391,149.1613878,99.831,-0.10483788091142154,0.01,12.290000000000001
433.125,19,-35.3629391,149.16140149999998,99.83800000000001,-0.12627947222210473,0.01,12.290000000000001
433.224,19,-35.3629392,149.1614151,99.84700000000001,-0.17060006281821502,0.0,12.3
433.324,19,-35.3629392,149.16142879999998,99.85600000000001,-0.18640665468214512,0.0,12.3
433.42400000000004,19,-35.3629392,149.1614425,99.86500000000001,-0.16726500951254472,0.0,12.31
433.524,19,-35.3629392,149.16145609999998,99.874,-0.18758382177734095,0.0,12.31
433.624,19,-35.3629393,149.1614698,99.882,-0.21149963577464803,0.0,12.32
433.724,19,-35.3629393,149.16148339999998,99.89,-0.2537001196441305,0.0,12.32
433.824,19,-35.3629393,149.1614969,99.896,-0.32900359557375575,0.0,12.32
433.92400000000004,19,-35.3629394,149.1615104,99.899,-0.35110368648953694,0.0,12.31
434.024,19,-35.3629394,149.1615239,99.901,-0.37273625629271606,0.01,12.31
434.124,19,-35.3629394,149.1615374,99.902,-0.40169745899276016,0.01,12.31
434.224,19,-35.3629394,149.1615508,99.903,-0.3901691935712629,0.01,12.3
434.324,19,-35.3629394,149.16156429999998,99.902,-0.3395434845975846,0.01,12.3
434.42400000000004,19,-35.3629394,149.16157769999998,99.9,-0.3223167870154604,0.01,12.3
434.524,19,-35.362939499999996,149.16159109999998,99.897,-0.32636215331438556,0.01,12.290000000000001
434.624,19,-35.362939499999996,149.1616046,99.896,-0.3362380732456951,0.01,12.290000000000001
434.724,19,-35.362939499999996,149.161618,99.898,-0.3119331385688956,0.02,12.290000000000001
434.824,19,-35.362939499999996,149.1616315,99.904,-0.3242443677848585,0.03,12.280000000000001
434.925,19,-35.362939499999996,149.161645,99.913,-0.34460102623456745,0.04,12.27
435.02500000000003,19,-35.362939499999996,149.1616585,99.923,-0.3928512167592565,0.04,12.27
435.125,19,-35.362939499999996,149.1616721,99.934,-0.3806539396446418,0.04,12.27
435.225,19,-35.362939499999996,149.1616857,99.941,-0.3292637030511716,0.04,12.27
435.324,19,-35.362939499999996,149.16169929999998,99.944,-0.2696018939294044,0.04,12.280000000000001
435.42400000000004,19,-35.362939499999996,149.1617129,99.944,-0.2313263409138728,0.04,12.280000000000001
435.524,19,-35.362939499999996,149.16172659999998,99.941,-0.20434375863901674,0.04,12.290000000000001
435.624,19,-35.362939499999996,149.1617402,99.937,-0.2049267793177008,0.04,12.290000000000001
435.724,19,-35.362939499999996,149.16175389999998,99.934,-0.21408763713984819,0.04,12.3
435.824,19,-35.3629394,149.1617675,99.931,-0.2124734313192641,0.05,12.3
435.92400000000004,19,-35.3629394,149.16178109999998,99.931,-0.20748995454609354,0.04,12.3
436.024,19,-35.3629394,149.1617946,99.934,-0.1807218161987921,0.05,12.3
436.124,19,-35.3629394,149.1618081,99.938,-0.1632308489927266,0.05,12.290000000000001
436.224,19,-35.3629394,149.1618215,99.94200000000001,-0.17007460515958683,0.05,12.290000000000001
436.324,19,-35.3629393,149.1618349,99.94800000000001,-0.17787648212052645,0.05,12.280000000000001
436.42400000000004,19,-35.3629393,149.1618484,99.95400000000001,-0.13652082061422316,0.05,12.280000000000001
436.524,19,-35.3629393,149.1618618,99.961,-0.08275166381739195,0.05,12.280000000000001
436.624,19,-35.3629392,149.1618752,99.964,-0.06417630402898775,0.04,12.280000000000001
436.724,19,-35.3629392,149.1618887,99.96300000000001,-0.014705343922184562,0.03,12.280000000000001
436.824,19,-35.3629392,149.1619021,99.959,0.04646107783348905,0.02,12.280000000000001
436.92400000000004,19,-35.3629392,149.1619155,99.955,0.0004336751677988651,0.02,12.280000000000001
437.02500000000003,19,-35.3629392,149.161929,99.949,-0.038772709411807924,0.02,12.290000000000001
437.125,19,-35.3629392,149.1619427,99.94500000000001,-0.08097030512512766,0.02,12.290000000000001
437.225,19,-35.3629392,149.1619562,99.944,-0.12653564433661987,0.03,12.3
437.325,19,-35.3629392,149.1619699,99.94500000000001,-0.16842464756756595,0.03,12.3
437.42400000000004,19,-35.3629391,149.1619835,99.946,-0.1639080115561231,0.03,12.31
437.524,19,-35.3629391,149.1619972,99.95,-0.17094425365957341,0.03,12.32
437.624,19,-35.3629391,149.16201089999998,99.95400000000001,-0.23362045738177728,0.04,12.32
437.724,19,-35.3629391,149.1620246,99.955,-0.2755100876027448,0.05,12.33
437.824,19,-35.362939,149.16203819999998,99.955,-0.27057578285551304,0.05,12.34
437.92400000000004,19,-35.362939,149.1620518,99.955,-0.22817100696073847,0.06,12.34
438.024,19,-35.362938899999996,149.1620654,99.953,-0.1694003907833125,0.06,12.35
438.124,19,-35.362938899999996,149.16207889999998,99.95100000000001,-0.10200575364424633,0.06,12.34
438.224,19,-35.362938799999995,149.1620924,99.95,-0.0635925829891095,0.06,12.34
438.324,19,-35.362938799999995,149.1621059,99.95100000000001,-0.017502276371825033,0.06,12.34
438.42400000000004,19,-35.3629387,149.1621194,99.953,0.019546984213318262,0.05,12.34
438.524,19,-35.3629387,149.1621328,99.95400000000001,0.07509394787064323,0.05,12.34
438.624,19,-35.3629387,149.1621463,99.95700000000001,0.13204213750939886,0.04,12.34
438.724,19,-35.3629386,149.16215979999998,99.958,0.157864921646675,0.04,12.34
438.824,19,-35.3629386,149.1621733,99.96000000000001,0.1713627228081557,0.03,12.34
438.92400000000004,19,-35.3629386,149.1621868,99.964,0.17084570950449746,0.02,12.34
439.024,19,-35.3629386,149.1622003,99.96900000000001,0.21146118928014027,0.01,12.34
439.125,19,-35.3629386,149.16221389999998,99.97200000000001,0.20790364789834212,0.01,12.34
439.225,19,-35.3629386,149.1622275,99.97200000000001,0.18254378250010622,0.01,12.34
439.325,19,-35.3629386,149.1622411,99.97200000000001,0.16248985350905956,0.0,12.34
439.42400000000004,19,-35.3629386,149.1622547,99.97,0.11931716158033455,0.0,12.34
439.524,19,-35.3629386,149.1622684,99.96900000000001,0.08317706987685003,0.0,12.35
439.624,19,-35.3629386,149.1622821,99.97,0.07499232212631284,0.0,12.35
439.724,19,-35.3629386,149.1622959,99.974,0.04433862989944065,-0.01,12.36
439.824,19,-35.3629386,149.1623096,99.97800000000001,-0.02143860310292131,-0.01,12.36
439.92400000000004,19,-35.3629386,149.1623233,99.983,-0.13621322197773458,0.0,12.36
440.024,19,-35.3629386,149.16233699999998,99.988,-0.2486909763007195,0.0,12.36
440.124,19,-35.3629386,149.1623506,99.992,-0.3444543372499709,0.01,12.36
440.224,19,-35.3629386,149.16236419999998,99.994,-0.3609655725165362,0.02,12.35
440.324,19,-35.3629386,149.16237769999998,99.994,-0.3458733624108939,0.02,12.35
440.42400000000004,19,-35.3629386,149.1623912,99.994,-0.3199801152673756,0.03,12.34
440.524,19,-35.3629386,149.1624047,99.994,-0.26230234269736485,0.03,12.33
440.624,19,-35.3629386,149.1624182,99.997,-0.1829035947311484,0.04,12.33
440.724,19,-35.3629386,149.1624316,100.002,-0.12375879891303945,0.04,12.33
440.824,19,-35.3629386,149.16244509999999,100.007,-0.06117091407247636,0.03,12.33
440.92400000000004,19,-35.3629385,149.16245859999998,100.011,-0.03131680421069192,0.03,12.33
441.024,19,-35.3629385,149.1624721,100.013,-0.002091447779808874,0.03,12.33
441.124,19,-35.3629385,149.1624855,100.013,0.0016708137647495455,0.04,12.33
441.225,19,-35.3629385,149.1624991,100.01,-0.01274467275388761,0.04,12.33
441.325,19,-35.3629384,149.1625128,100.006,0.0028377943565048693,0.03,12.33
441.425,19,-35.3629384,149.1625264,100.0,0.029262054523695315,0.04,12.34
441.524,19,-35.3629384,149.1625401,99.993,0.04425264889016716,0.03,12.36
441.624,19,-35.3629384,149.16255379999998,99.986,0.08409703099100595,0.03,12.370000000000001
441.724,19,-35.362938299999996,149.1625676,99.98,0.15167056705949492,0.03,12.38
441.824,19,-35.362938299999996,149.1625813,99.976,0.17325741995195987,0.02,12.39
441.92400000000004,19,-35.362938299999996,149.16259499999998,99.977,0.16993393261115364,0.02,12.4
442.024,19,-35.362938299999996,149.1626088,99.98,0.14415441078535868,0.02,12.4
442.124,19,-35.362938299999996,149.1626224,99.985,0.12667730406083152,0.03,12.4
442.224,19,-35.362938299999996,149.162636,99.989,0.12366366985254852,0.03,12.39
442.324,19,-35.362938299999996,149.16264959999998,99.99000000000001,0.1312668443375363,0.02,12.39
442.42400000000004,19,-35.362938199999995,149.1626631,99.989,0.10889492656702317,0.02,12.38
442.524,19,-35.362938199999995,149.1626766,99.98700000000001,0.09006787030564002,0.02,12.38
442.624,19,-35.362938199999995,149.1626902,99.98700000000001,0.08890465707347513,0.02,12.370000000000001
442.724,19,-35.362938199999995,149.16270369999998,99.989,0.1353458146335694,0.01,12.370000000000001
442.824,19,-35.362938199999995,149.1627172,99.991,0.18737726191580095,0.01,12.36
442.92400000000004,19,-35.362938199999995,149.1627307,99.994,0.22066397539244653,0.0,12.36
443.024,19,-35.362938199999995,149.1627442,99.997,0.21871103487771212,0.0,12.36
443.124,19,-35.362938199999995,149.1627577,99.997,0.2121531861606404,0.0,12.36
443.225,19,-35.362938199999995,149.1627713,99.996,0.20086753919702405,0.0,12.36
443.325,19,-35.362938199999995,149.16278499999999,99.995,0.13652802432936342,-0.01,12.36
443.425,19,-35.362938199999995,149.1627987,99.993,0.08482215162093801,-0.01,12.36
443.52500000000003,19,-35.362938199999995,149.1628124,99.99000000000001,0.041021112304051574,-0.01,12.370000000000001
443.624,19,-35.362938199999995,149.1628261,99.988,-0.030868309577198685,-0.01,12.370000000000001
443.724,19,-35.362938199999995,149.1628399,99.98700000000001,-0.0853700208377803,-0.01,12.38
443.824,19,-35.362938299999996,149.1628536,99.98700000000001,-0.10625088963618115,-0.01,12.38
443.92400000000004,19,-35.362938299999996,149.1628673,99.991,-0.18907563114160694,-0.01,12.38
444.024,19,-35.362938299999996,149.1628811,99.997,-0.22376516142011,-0.01,12.38
444.124,19,-35.362938299999996,149.16289469999998,100.006,-0.2262319802883953,-0.01,12.38
444.224,19,-35.3629384,149.1629083,100.012,-0.18674032009527083,-0.01,12.38
444.324,19,-35.3629384,149.1629218,100.014,-0.14126087851671945,-0.01,12.38
444.42400000000004,19,-35.3629384,149.16293539999998,100.014,-0.13534817585130982,-0.01,12.38
444.524,19,-35.3629384,149.1629489,100.015,-0.1319381105266884,0.0,12.370000000000001
444.624,19,-35.3629385,149.1629624,100.014,-0.15373004251702566,0.0,12.370000000000001
444.724,19,-35.3629385,149.1629759,100.013,-0.18393799486443507,0.0,12.36
444.824,19,-35.3629385,149.1629894,100.009,-0.2004987890231227,0.0,12.36
444.92400000000004,19,-35.3629385,149.16300289999998,100.005,-0.21068328142648607,0.0,12.35
445.024,19,-35.3629385,149.1630164,100.0,-0.2144796526456099,0.01,12.35
445.124,19,-35.3629385,149.1630299,99.995,-0.23328260314169966,0.01,12.35
445.224,19,-35.3629385,149.1630435,99.99000000000001,-0.22947765416547364,0.01,12.35
445.325,19,-35.3629385,149.16305699999998,99.986,-0.181487904623531,0.01,12.34
445.425,19,-35.3629385,149.1630706,99.98,-0.16532498232420986,0.0,12.34
445.52500000000003,19,-35.3629386,149.16308429999998,99.97500000000001,-0.17397008082274196,0.0,12.35
445.625,19,-35.3629386,149.1630979,99.97,-0.11507049146387911,0.0,12.36
445.724,19,-35.3629386,149.1631117,99.968,-0.06371437246572596,0.0,12.36
445.824,19,-35.3629386,149.16312539999998,99.968,-0.057975372716688865,0.0,12.370000000000001
445.92400000000004,19,-35.3629386,149.1631391,99.971,-0.04512509883493051,0.0,12.38
446.024,19,-35.3629386,149.1631529,99.97500000000001,-0.07222835667859892,0.0,12.39
446.124,19,-35.3629386,149.1631667,99.98,-0.09168676521117189,0.0,12.39
446.224,19,-35.3629386,149.1631804,99.985,-0.11344716093745072,0.0,12.4
446.324,19,-35.3629387,149.1631941,99.991,-0.13242608218616087,0.0,12.4
446.42400000000004,19,-35.3629387,149.1632077,99.995,-0.16635791503404207,0.0,12.4
446.524,19,-35.3629387,149.1632213,99.998,-0.21260167078897374,0.0,12.4
446.624,19,-35.3629387,149.1632349,99.998,-0.25251425472991346,0.0,12.4
446.724,19,-35.3629387,149.1632484,99.996,-0.27854234474868667,0.0,12.39
446.824,19,-35.3629387,149.163262,99.992,-0.3039397094862915,0.01,12.39
446.92400000000004,19,-35.3629387,149.1632755,99.989,-0.3132020329702106,0.01,12.39
447.024,19,-35.362938799999995,149.163289,99.985,-0.3554521957937343,0.02,12.39
447.124,19,-35.362938799999995,149.16330259999998,99.98100000000001,-0.369593222016173,0.03,12.38
447.224,19,-35.362938799999995,149.1633161,99.97800000000001,-0.36349175533366246,0.04,12.38
447.324,19,-35.362938799999995,149.1633297,99.97500000000001,-0.2881767267793863,0.04,12.38
447.425,19,-35.362938799999995,149.16334319999999,99.973,-0.18206613616566814,0.04,12.38
447.52500000000003,19,-35.362938799999995,149.163357,99.974,-0.11336797343176087,0.04,12.38
447.625,19,-35.362938799999995,149.1633707,99.97800000000001,-0.07482576289412106,0.04,12.38
447.725,19,-35.3629387,149.16338439999998,99.98400000000001,-0.03553135776381374,0.04,12.38
447.824,19,-35.3629387,149.1633981,99.989,-0.01571867652373934,0.03,12.38
447.92400000000004,19,-35.3629387,149.1634119,99.996,-0.01625872337305318,0.03,12.39
448.024,19,-35.3629387,149.16342559999998,100.001,-0.042420740794948834,0.02,12.39
448.124,19,-35.3629387,149.1634394,100.003,-0.07020928205681307,0.02,12.39
448.224,20,-35.3629387,149.1634531,100.001,-0.06600123852774392,0.02,12.4
448.324,20,-35.3629387,149.16346679999998,99.995,-0.07920915685589575,0.02,12.4
448.42400000000004,20,-35.3629387,149.1634804,99.988,-0.07748068543895278,0.02,12.4
448.524,20,-35.3629387,149.1634939,99.98400000000001,-0.1130835467456401,0.02,12.4
448.624,20,-35.3629387,149.16350749999998,99.98400000000001,-0.15540482624585392,0.02,12.4
448.724,20,-35.3629387,149.163521,99.986,-0.22932704315818955,0.02,12.39
448.824,20,-35.3629387,149.1635346,99.99000000000001,-0.3433932033293859,0.03,12.38
448.92400000000004,20,-35.3629387,149.16354809999999,99.994,-0.4157479318478433,0.03,12.370000000000001
449.024,20,-35.3629387,149.16356159999998,99.999,-0.41417293291392066,0.03,12.36
449.124,20,-35.3629386,149.1635751,100.005,-0.44114732429785797,0.04,12.35
449.224,20,-35.3629386,149.1635886,100.008,-0.45435752380247085,0.04,12.35
449.324,20,-35.3629386,149.1636021,100.009,-0.4156205594919931,0.03,12.35
449.42400000000004,20,-35.3629386,149.16361569999998,100.008,-0.39523388556253314,0.04,12.34
449.52500000000003,20,-35.3629385,149.1636292,100.005,-0.3990757602489595,0.04,12.34
449.625,20,-35.3629385,149.1636428,100.002,-0.4867315532512735,0.04,12.34
449.725,20,-35.3629385,149.1636565,99.997,-0.881244293567415,0.04,12.34
449.824,20,-35.3629385,149.1636701,99.991,-1.8331796576622867,0.05,12.35
449.92400000000004,20,-35.3629384,149.1636838,99.983,-3.579471625119195,0.09,12.34
450.024,20,-35.362938299999996,149.16369749999998,99.97500000000001,-6.257200758558973,0.18,12.32
450.124,20,-35.3629381,149.1637112,99.968,-9.660187552601032,0.33,12.27
450.224,20,-35.362937699999996,149.1637247,99.96300000000001,-13.556877068437714,0.54,12.19
450.324,20,-35.362937099999996,149.16373819999998,99.962,-17.635242786007566,0.8200000000000001,12.09
450.42400000000004,20,-35.3629362,149.16375159999998,99.964,-21.681112171053787,1.16,11.97
450.524,20,-35.362935,149.16376459999998,99.96600000000001,-25.478625632594593,1.54,11.82
450.624,20,-35.362933399999996,149.16377749999998,99.968,-28.8410304307962,1.96,11.65
450.724,20,-35.3629314,149.1637902,99.968,-31.714303184418387,2.43,11.450000000000001
450.824,20,-35.3629289,149.1638026,99.968,-34.12289426314251,2.94,11.23
450.92400000000004,20,-35.362926,149.1638147,99.971,-36.17934127882829,3.47,10.98
451.024,20,-35.3629226,149.1638265,99.976,-38.00141035314508,4.03,10.71
451.124,20,-35.3629187,149.1638381,99.98400000000001,-39.590949052263376,4.61,10.41
451.224,20,-35.3629143,149.16384929999998,99.993,-40.98499407695756,5.22,10.08
451.324,20,-35.3629093,149.16386,100.005,-42.21207854248537,5.86,9.69
451.42400000000004,20,-35.3629037,149.16387039999998,100.024,-43.17949287614764,6.51,9.25
451.524,20,-35.362897499999995,149.1638802,100.053,-43.839384772619255,7.17,8.77
451.625,20,-35.3628907,149.1638896,100.092,-44.230320895048685,7.83,8.25
451.725,20,-35.3628832,149.1638983,100.142,-44.358854809944575,8.45,7.7
451.825,20,-35.3628753,149.1639065,100.203,-44.29648152244401,9.03,7.140000000000001
451.92400000000004,20,-35.3628667,149.163914,100.273,-43.89802194664381,9.57,6.5600000000000005
452.024,20,-35.3628578,149.1639209,100.34700000000001,-43.21199433131314,10.06,5.98
452.124,20,-35.3628484,149.1639272,100.429,-42.11826589423525,10.48,5.41
452.224,20,-35.3628387,149.1639329,100.514,-40.569660518812846,10.83,4.87
452.324,20,-35.3628287,149.163938,100.60000000000001,-38.50810452162789,11.1,4.38
452.42400000000004,20,-35.362818499999996,149.1639425,100.681,-36.01631832371843,11.3,3.95
452.524,20,-35.3628083,149.1639467,100.755,-33.130286776726656,11.44,3.58
452.624,20,-35.362798,149.1639504,100.818,-29.92159709334348,11.51,3.27
452.724,20,-35.3627877,149.1639538,100.866,-26.584404230915684,11.53,3.0100000000000002
452.824,20,-35.3627774,149.16395699999998,100.895,-23.14276582324735,11.52,2.8000000000000003
452.92400000000004,20,-35.3627672,149.16396,100.903,-19.745108711192014,11.48,2.64
453.024,20,-35.362756999999995,149.1639628,100.888,-16.485638278877087,11.43,2.5
453.124,20,-35.3627469,149.16396559999998,100.852,-13.482051492306578,11.38,2.39
453.224,20,-35.3627368,149.1639681,100.8,-10.74716007881614,11.33,2.29
453.324,20,-35.362726699999996,149.1639706,100.73700000000001,-8.300160285068094,11.290000000000001,2.21
453.42400000000004,20,-35.3627167,149.1639731,100.667,-6.158969404802673,11.25,2.14
453.524,20,-35.3627067,149.1639755,100.60000000000001,-4.2439666422045725,11.22,2.1
453.624,20,-35.3626968,149.1639778,100.537,-2.534992693938498,11.18,2.07
453.725,20,-35.3626868,149.1639801,100.48,-0.9407821454279169,11.15,2.06
453.825,20,-35.362676799999996,149.16398239999998,100.434,0.5700931582976329,11.11,2.07
453.925,20,-35.3626669,149.16398479999998,100.399,2.0501553442431395,11.07,2.1
454.024,20,-35.3626569,149.16398719999998,100.371,3.4619533112506593,11.03,2.16
454.124,20,-35.362646999999996,149.1639898,100.349,4.793063905715291,10.98,2.23
454.224,20,-35.3626371,149.1639923,100.327,6.022804887943415,10.93,2.31
454.324,20,-35.3626273,149.163995,100.303,7.126570714893468,10.88,2.41
454.42400000000004,20,-35.3626175,149.1639978,100.276,8.0925464399618,10.82,2.5100000000000002
454.524,20,-35.3626078,149.1640007,100.245,8.923889744979071,10.77,2.63
454.624,20,-35.3625982,149.1640037,100.212,9.616818412692389,10.71,2.7600000000000002
454.724,20,-35.362588699999996,149.1640069,100.175,10.202743629320995,10.65,2.89
454.824,20,-35.3625792,149.1640102,100.139,10.684454673367192,10.59,3.0300000000000002
454.92400000000004,20,-35.362569799999996,149.1640136,100.105,11.081356112262986,10.52,3.17
455.024,20,-35.3625605,149.1640172,100.07300000000001,11.374890322033455,10.46,3.3200000000000003
455.124,20,-35.3625512,149.164021,100.044,11.567373590580877,10.39,3.47
455.224,20,-35.362542,149.1640249,100.02,11.664421187176648,10.31,3.62
455.324,20,-35.3625329,149.164029,100.002,11.694836019550715,10.24,3.77
455.42400000000004,20,-35.3625238,149.1640332,99.988,11.678767145754614,10.17,3.91
455.524,20,-35.3625148,149.1640376,99.976,11.584430280485691,10.1,4.04
455.624,20,-35.3625058,149.1640421,99.96600000000001,11.47475707920915,10.03,4.17
455.725,20,-35.3624969,149.1640468,99.955,11.392289375170416,9.96,4.3
455.825,20,-35.362488,149.1640516,99.941,11.303168213106442,9.9,4.43
455.925,20,-35.3624791,149.16405659999998,99.924,11.166785557080567,9.84,4.55
456.02500000000003,20,-35.3624703,149.1640617,99.906,11.068545238700981,9.77,4.67
456.124,20,-35.362461499999995,149.164067,99.886,11.004888729410109,9.71,4.8
456.224,20,-35.3624528,149.16407239999998,99.867,10.962275179178398,9.64,4.92
456.324,20,-35.3624441,149.1640779,99.851,10.917102869328874,9.57,5.05
456.42400000000004,20,-35.3624355,149.1640836,99.837,10.829708037577621,9.5,5.17
456.524,20,-35.362427,149.1640894,99.827,10.77948053396864,9.42,5.3
456.624,20,-35.3624185,149.16409529999999,99.821,10.742211606762465,9.34,5.42
456.724,20,-35.3624102,149.1641013,99.819,10.676792054892083,9.26,5.54
456.824,20,-35.362401999999996,149.1641074,99.818,10.599327464420384,9.18,5.65
456.92400000000004,20,-35.3623939,149.1641136,99.819,10.462605860256946,9.09,5.76
457.024,20,-35.3623858,149.16412,99.82000000000001,10.310033094577202,9.01,5.86
457.124,20,-35.3623779,149.1641264,99.82000000000001,10.173911693287078,8.93,5.96
457.224,20,-35.36237,149.1641329,99.819,10.006378252004067,8.86,6.05
457.324,20,-35.3623622,149.1641395,99.818,9.868989850622906,8.78,6.140000000000001
457.42400000000004,20,-35.3623544,149.1641462,99.81400000000001,9.724006278884692,8.71,6.23
457.524,20,-35.362346699999996,149.164153,99.808,9.646312877075797,8.63,6.32
457.624,20,-35.3623391,149.16415999999998,99.8,9.600742708707118,8.55,6.41
457.724,20,-35.362331499999996,149.164167,99.791,9.544589162219504,8.48,6.51
457.825,20,-35.362324,149.1641741,99.783,9.454960858609658,8.4,6.6000000000000005
457.925,20,-35.3623165,149.16418149999998,99.779,9.405789473001091,8.32,6.7
458.02500000000003,20,-35.362308999999996,149.1641889,99.777,9.386026320637658,8.24,6.8
458.125,20,-35.362301599999995,149.1641965,99.777,9.36048824333098,8.16,6.9
458.224,20,-35.362294299999995,149.1642042,99.779,9.300684814505642,8.08,6.99
458.324,20,-35.362286999999995,149.164212,99.783,9.255196608407003,8.0,7.09
458.42400000000004,20,-35.3622799,149.16421979999998,99.789,9.125469971727304,7.92,7.18
458.524,20,-35.3622728,149.1642278,99.797,8.929135330261643,7.84,7.26
458.624,20,-35.3622657,149.1642359,99.804,8.74234160929284,7.7700000000000005,7.3500000000000005
458.724,20,-35.3622588,149.164244,99.808,8.62049188827346,7.69,7.42
458.824,20,-35.362252,149.1642522,99.809,8.544632392256712,7.62,7.49
458.92400000000004,20,-35.3622452,149.1642604,99.808,8.467768858431974,7.54,7.5600000000000005
459.024,20,-35.3622385,149.16426859999999,99.806,8.434355573012272,7.46,7.63
459.124,20,-35.3622319,149.164277,99.803,8.412928415812296,7.390000000000001,7.7
459.224,20,-35.3622254,149.16428539999998,99.8,8.364160865138405,7.3100000000000005,7.7700000000000005
459.324,20,-35.362218999999996,149.1642939,99.799,8.303678686264295,7.23,7.84
459.42400000000004,20,-35.3622125,149.1643025,99.8,8.288793996515546,7.15,7.91
459.524,20,-35.362206199999996,149.1643111,99.802,8.278085113670612,7.07,7.99
459.624,20,-35.3622,149.16431989999998,99.807,8.318034036352369,6.99,8.06
459.724,20,-35.3621938,149.1643287,99.81400000000001,8.373356007308534,6.9,8.13
459.824,20,-35.3621877,149.1643377,99.821,8.380596007828748,6.82,8.2
459.925,20,-35.3621817,149.16434669999998,99.827,8.378436814277377,6.74,8.27
460.02500000000003,20,-35.3621756,149.16435579999998,99.83,8.375872932017684,6.66,8.34
460.125,20,-35.362169699999995,149.1643651,99.83,8.344111698603479,6.58,8.42
460.225,20,-35.3621638,149.16437439999999,99.827,8.274644405876218,6.51,8.49
460.324,20,-35.3621579,149.1643839,99.824,8.24220954505512,6.44,8.57
460.42400000000004,20,-35.362152099999996,149.1643934,99.821,8.246194960435822,6.36,8.64
460.524,20,-35.3621464,149.1644031,99.82000000000001,8.240788865707756,6.28,8.72
460.624,20,-35.3621408,149.16441279999998,99.821,8.20776831616533,6.2,8.790000000000001
460.724,20,-35.3621352,149.1644226,99.825,8.205651811296272,6.12,8.870000000000001
460.824,20,-35.3621297,149.1644325,99.834,8.24672600764379,6.03,8.94
460.92400000000004,20,-35.3621243,149.1644423,99.84700000000001,8.293739053474635,5.94,9.01
461.024,20,-35.3621191,149.1644523,99.861,8.334967782852123,5.86,9.08
461.124,20,-35.3621139,149.1644622,99.873,8.333722980875889,5.7700000000000005,9.14
461.224,20,-35.3621088,149.1644723,99.881,8.306076936436616,5.69,9.200000000000001
461.324,20,-35.3621038,149.1644824,99.885,8.259071574568589,5.61,9.26
461.42400000000004,20,-35.3620988,149.1644925,99.884,8.214810241199613,5.53,9.32
461.524,20,-35.3620939,149.16450279999998,99.878,8.171230219200346,5.46,9.38
461.624,20,-35.3620891,149.1645131,99.871,8.190036291306331,5.38,9.44
461.724,20,-35.3620843,149.1645234,99.864,8.259240621750546,5.3,9.51
461.824,20,-35.362079699999995,149.16453389999998,99.85900000000001,8.357614128818948,5.21,9.58
461.92400000000004,20,-35.3620751,149.16454439999998,99.858,8.46766725936807,5.11,9.65
462.02500000000003,20,-35.3620705,149.1645551,99.86,8.593864395794165,5.0200000000000005,9.72
462.125,20,-35.3620661,149.16456589999999,99.863,8.723764348524051,4.92,9.8
462.225,20,-35.3620617,149.1645768,99.868,8.794584018706976,4.82,9.870000000000001
462.324,20,-35.3620574,149.1645878,99.873,8.810592274574192,4.73,9.94
462.42400000000004,20,-35.3620531,149.1645988,99.877,8.775718182445754,4.64,10.0
462.524,20,-35.362049,149.16460999999998,99.881,8.711086663650862,4.55,10.07
462.624,20,-35.3620449,149.1646212,99.885,8.696394926746166,4.46,10.13
462.724,20,-35.3620409,149.16463249999998,99.886,8.714414673323951,4.37,10.200000000000001
462.824,20,-35.362037,149.1646439,99.886,8.683769322065396,4.28,10.26
462.92400000000004,20,-35.3620333,149.1646552,99.888,8.692648567986414,4.18,10.33
463.024,20,-35.3620296,149.1646666,99.891,8.765660728892911,4.08,10.39
463.124,20,-35.362026,149.16467799999998,99.896,8.862745037755472,3.98,10.44
463.224,20,-35.3620225,149.16468949999998,99.902,8.97331640890787,3.87,10.5
463.324,20,-35.3620191,149.16470099999998,99.91,9.058895264113545,3.77,10.55
463.42400000000004,20,-35.3620158,149.1647126,99.915,9.147385487452937,3.67,10.61
463.524,20,-35.3620126,149.1647242,99.92,9.18025662660727,3.56,10.66
463.624,20,-35.3620095,149.16473589999998,99.925,9.182932353214621,3.46,10.72
463.724,20,-35.3620065,149.1647477,99.928,9.19857860905583,3.35,10.78
463.824,20,-35.3620036,149.1647595,99.93,9.205607727485418,3.25,10.83
463.92400000000004,20,-35.362000699999996,149.1647714,99.928,9.257413004792673,3.15,10.89
464.024,20,-35.361998,149.1647834,99.924,9.334489982028973,3.04,10.950000000000001
464.125,20,-35.3619953,149.1647955,99.919,9.388127457581083,2.93,11.01
464.225,20,-35.361992799999996,149.16480769999998,99.915,9.39566542510384,2.82,11.07
464.325,20,-35.361990299999995,149.16482,99.913,9.408749506232645,2.72,11.13
464.42400000000004,20,-35.361987899999995,149.1648323,99.913,9.399443373488502,2.61,11.19
464.524,20,-35.3619856,149.1648448,99.915,9.405799718284845,2.5,11.25
464.624,20,-35.3619834,149.1648573,99.915,9.456018684157364,2.4,11.32
464.724,20,-35.3619813,149.16486999999998,99.915,9.566374904350907,2.29,11.38
464.824,20,-35.3619793,149.1648826,99.914,9.652462608649747,2.18,11.44
464.92400000000004,20,-35.3619774,149.16489529999998,99.913,9.771023593583767,2.07,11.5
465.024,20,-35.3619756,149.164908,99.911,9.895841885571166,1.95,11.56
465.124,20,-35.361974,149.16492069999998,99.91,10.003681181055558,1.83,11.620000000000001
