time_s,seq,latitude_deg,longitude_deg,altitude_m,roll_deg,vn_mps,ve_mps,elapsed_s,estimated_wind_n_mps,estimated_wind_e_mps,indicated_airspeed_mps
123.824,1,-35.3619111,149.16460419999999,99.964,37.24943726137794,5.01,-21.740000000000002,0.09999999999999432,6.692767097644512,-0.7342705367682865,20.121055603027344
123.924,1,-35.361906399999995,149.1645804,99.929,37.96055899171924,5.78,-21.8,0.20000000000000284,6.694807242705986,-0.7353370273608376,20.139799118041992
124.024,1,-35.3619008,149.1645565,99.95400000000001,38.63306283249328,6.7700000000000005,-21.89,0.29999999999999716,6.694807242705986,-0.7353370273608376,20.139799118041992
124.12400000000001,1,-35.3618946,149.1645325,99.98700000000001,39.41431694523226,7.18,-21.95,0.4000000000000057,6.694807242705986,-0.7353370273608376,20.139799118041992
124.224,1,-35.3618879,149.1645084,100.005,40.21104485153591,7.86,-22.01,0.5,6.694807242705986,-0.7353370273608376,20.139799118041992
124.324,1,-35.3618805,149.1644843,100.018,40.3783879012958,8.6,-22.04,0.5999999999999943,6.694807242705986,-0.7353370273608376,20.139799118041992
124.424,1,-35.361872399999996,149.16446009999999,100.049,38.56725737493479,9.63,-22.05,0.7000000000000028,6.696740091914035,-0.7456100461503524,19.565820693969727
124.524,1,-35.3618637,149.1644359,100.099,33.946166533463014,9.82,-22.11,0.7999999999999972,6.696740091914035,-0.7456100461503524,19.565820693969727
124.625,1,-35.3618545,149.1644117,100.136,26.97892961775396,10.43,-22.07,0.9009999999999962,6.696740091914035,-0.7456100461503524,19.565820693969727
124.72500000000001,1,-35.3618448,149.164387,100.21900000000001,18.437156513438545,10.75,-22.04,1.0010000000000048,6.696740091914035,-0.7456100461503524,19.565820693969727
124.825,1,-35.3618351,149.1643626,100.331,9.384278645983782,10.78,-22.01,1.100999999999999,6.696740091914035,-0.7456100461503524,19.565820693969727
124.925,1,-35.3618254,149.16433809999998,100.45,0.19866952562517576,10.63,-22.03,1.2009999999999934,6.705298732543632,-0.7809664529191602,19.146909713745117
125.024,1,-35.361815899999996,149.16431359999999,100.531,-9.025201087164225,10.34,-22.06,1.2999999999999972,6.705298732543632,-0.7809664529191602,19.146909713745117
125.12400000000001,1,-35.361806699999995,149.164289,100.598,-18.254575311640348,10.02,-22.12,1.4000000000000057,6.705298732543632,-0.7809664529191602,19.146909713745117
125.224,1,-35.3617978,149.16426439999998,100.58500000000001,-27.31331860404486,9.85,-22.16,1.5,6.705298732543632,-0.7809664529191602,19.146909713745117
125.324,1,-35.3617892,149.1642396,100.503,-35.21095705830388,9.26,-22.29,1.5999999999999943,6.705298732543632,-0.7809664529191602,19.146909713745117
125.424,1,-35.3617811,149.1642148,100.407,-40.91019326026217,8.63,-22.43,1.7000000000000028,6.719223407766524,-0.8201529612565014,19.378164291381836
125.524,1,-35.3617737,149.16419,100.3,-44.17243504183283,7.91,-22.6,1.7999999999999972,6.719223407766524,-0.8201529612565014,19.378164291381836
125.62400000000001,1,-35.361767,149.164165,100.188,-45.34909222071843,7.08,-22.8,1.9000000000000057,6.719223407766524,-0.8201529612565014,19.378164291381836
125.724,1,-35.361761099999995,149.16413989999998,100.07900000000001,-45.24166359035789,6.37,-22.96,2.0,6.719223407766524,-0.8201529612565014,19.378164291381836
125.824,1,-35.3617561,149.1641146,99.998,-44.533396879089665,5.0600000000000005,-23.06,2.0999999999999943,6.719223407766524,-0.8201529612565014,19.378164291381836
125.924,1,-35.3617523,149.1640894,99.977,-43.81287680845043,4.11,-23.06,2.200000000000003,6.72383979955477,-0.8531096377976138,19.960737228393555
126.024,1,-35.3617494,149.1640643,99.988,-43.47416089732033,2.66,-22.88,2.299999999999997,6.72383979955477,-0.8531096377976138,19.960737228393555
126.12400000000001,1,-35.361747699999995,149.1640394,100.07300000000001,-43.27943561917785,1.73,-22.69,2.4000000000000057,6.72383979955477,-0.8531096377976138,19.960737228393555
126.224,1,-35.3617469,149.1640148,100.174,-43.4311648564951,0.7000000000000001,-22.41,2.5,6.72383979955477,-0.8531096377976138,19.960737228393555
126.324,1,-35.3617469,149.16399049999998,100.306,-43.532132127900816,-0.02,-22.16,2.5999999999999943,6.72383979955477,-0.8531096377976138,19.960737228393555
126.424,1,-35.3617473,149.1639664,100.422,-43.51779556083296,-0.6900000000000001,-21.91,2.700000000000003,6.721127844174151,-0.882029098383562,21.031641006469727
126.524,1,-35.3617485,149.1639428,100.545,-42.696936596191655,-1.36,-21.62,2.799999999999997,6.721127844174151,-0.882029098383562,21.031641006469727
126.62400000000001,1,-35.3617501,149.1639193,100.655,-40.938862979303295,-1.78,-21.41,2.9000000000000057,6.721127844174151,-0.882029098383562,21.031641006469727
126.72500000000001,1,-35.361751999999996,149.1638961,100.72,-38.328248565308535,-2.13,-21.18,3.0010000000000048,6.721127844174151,-0.882029098383562,21.031641006469727
126.825,1,-35.3617539,149.1638729,100.759,-34.96544249349319,-2.19,-21.04,3.100999999999999,6.721127844174151,-0.882029098383562,21.031641006469727
126.925,1,-35.361756,149.1638499,100.736,-31.213401016351746,-2.59,-20.7,3.2009999999999934,6.718317108672059,-0.8878253425786312,21.47793960571289
127.025,1,-35.3617585,149.16382729999998,100.769,-27.117690033384648,-2.7600000000000002,-20.44,3.301000000000002,6.718317108672059,-0.8878253425786312,21.47793960571289
127.12400000000001,1,-35.3617609,149.16380479999998,100.792,-23.449849420783828,-2.52,-20.37,3.4000000000000057,6.718317108672059,-0.8878253425786312,21.47793960571289
127.224,1,-35.3617631,149.1637824,100.738,-20.66211454123229,-2.58,-20.18,3.5,6.718317108672059,-0.8878253425786312,21.47793960571289
127.324,1,-35.3617655,149.16376019999998,100.686,-18.6439814716957,-2.66,-19.96,3.5999999999999943,6.718317108672059,-0.8878253425786312,21.47793960571289
127.424,1,-35.361767799999996,149.1637383,100.592,-17.429882903327375,-2.72,-19.77,3.700000000000003,6.714979279885565,-0.890395758727645,20.513370513916016
127.524,1,-35.361770299999996,149.1637166,100.539,-16.70694323817467,-2.97,-19.54,3.799999999999997,6.714979279885565,-0.890395758727645,20.513370513916016
127.62400000000001,1,-35.361773,149.16369509999998,100.48700000000001,-16.285319075804367,-3.11,-19.37,3.9000000000000057,6.714979279885565,-0.890395758727645,20.513370513916016
127.724,1,-35.361775699999995,149.163674,100.444,-15.91979125708738,-3.19,-19.240000000000002,4.0,6.714979279885565,-0.890395758727645,20.513370513916016
127.824,1,-35.3617785,149.16365299999998,100.36200000000001,-15.562729457846624,-3.27,-19.11,4.099999999999994,6.714979279885565,-0.890395758727645,20.513370513916016
127.924,1,-35.3617815,149.1636323,100.27,-15.121331897829135,-3.52,-18.88,4.200000000000003,6.713256072345827,-0.8974636241133518,19.75901985168457
128.024,1,-35.3617846,149.16361179999998,100.218,-14.429886234939357,-3.8200000000000003,-18.66,4.299999999999997,6.713256072345827,-0.8974636241133518,19.75901985168457
128.124,1,-35.361788,149.1635916,100.194,-13.469713609344597,-3.96,-18.52,4.3999999999999915,6.713256072345827,-0.8974636241133518,19.75901985168457
128.224,1,-35.361791499999995,149.1635715,100.174,-12.166390572301102,-4.03,-18.43,4.499999999999986,6.713256072345827,-0.8974636241133518,19.75901985168457
128.324,1,-35.361795,149.16355149999998,100.136,-10.60670150740306,-4.13,-18.31,4.6000000000000085,6.713256072345827,-0.8974636241133518,19.75901985168457
128.424,1,-35.3617987,149.1635315,100.13,-8.912295498862976,-4.26,-18.21,4.700000000000003,6.713670961113044,-0.8997158177364593,19.726486206054688
128.524,1,-35.361802399999995,149.1635117,100.126,-7.183044426498426,-4.25,-18.16,4.799999999999997,6.713670961113044,-0.8997158177364593,19.726486206054688
128.624,1,-35.3618062,149.1634919,100.089,-5.632979525027753,-4.25,-18.11,4.8999999999999915,6.713670961113044,-0.8997158177364593,19.726486206054688
128.724,1,-35.3618099,149.1634721,100.026,-4.314472550572498,-4.25,-18.06,4.999999999999986,6.713670961113044,-0.8997158177364593,19.726486206054688
128.825,1,-35.3618137,149.1634522,99.999,-3.2944561553476137,-4.3100000000000005,-18.02,5.100999999999985,6.713670961113044,-0.8997158177364593,19.726486206054688
128.925,1,-35.3618175,149.1634322,100.008,-2.5462443633790364,-4.3,-18.02,5.201000000000008,6.7108508253280235,-0.9027675047975489,19.59455680847168
129.025,1,-35.361821299999995,149.1634123,99.998,-1.9782895879001463,-4.3100000000000005,-18.06,5.301000000000002,6.7108508253280235,-0.9027675047975489,19.59455680847168
129.124,1,-35.3618251,149.1633922,99.955,-1.5874023440119593,-4.3100000000000005,-18.1,5.3999999999999915,6.7108508253280235,-0.9027675047975489,19.59455680847168
129.224,1,-35.361829,149.1633721,99.877,-1.4271928932316114,-4.33,-18.13,5.499999999999986,6.7108508253280235,-0.9027675047975489,19.59455680847168
129.324,1,-35.361832899999996,149.16335189999998,99.804,-1.4171964844944747,-4.37,-18.17,5.6000000000000085,6.7108508253280235,-0.9027675047975489,19.59455680847168
129.424,1,-35.3618369,149.1633316,99.73700000000001,-1.418315995188122,-4.43,-18.22,5.700000000000003,6.706010481052296,-0.9098959808368264,19.04957389831543
129.524,1,-35.3618409,149.1633113,99.683,-1.4345380146320197,-4.47,-18.28,5.799999999999997,6.706010481052296,-0.9098959808368264,19.04957389831543
129.624,1,-35.3618449,149.163291,99.645,-1.434884540010692,-4.5200000000000005,-18.35,5.8999999999999915,6.706010481052296,-0.9098959808368264,19.04957389831543
129.724,1,-35.361849,149.1632707,99.57900000000001,-1.4280006698226713,-4.58,-18.400000000000002,5.999999999999986,6.706010481052296,-0.9098959808368264,19.04957389831543
129.824,1,-35.3618531,149.16325039999998,99.52,-1.3222691280274623,-4.64,-18.46,6.1000000000000085,6.706010481052296,-0.9098959808368264,19.04957389831543
129.924,1,-35.3618573,149.1632302,99.495,-1.1086550684570193,-4.72,-18.51,6.200000000000003,6.695518481356458,-0.929370033736026,18.885141372680664
130.024,1,-35.3618616,149.1632098,99.485,-0.9829521602503988,-4.88,-18.52,6.299999999999997,6.695518481356458,-0.929370033736026,18.885141372680664
130.124,1,-35.3618661,149.16318959999998,99.449,-0.8693347915324399,-5.03,-18.53,6.3999999999999915,6.695518481356458,-0.929370033736026,18.885141372680664
130.224,1,-35.3618707,149.1631693,99.406,-0.577673227533319,-5.18,-18.56,6.499999999999986,6.695518481356458,-0.929370033736026,18.885141372680664
130.324,1,-35.361875399999995,149.163149,99.384,0.002209449052751763,-5.28,-18.61,6.6000000000000085,6.695518481356458,-0.929370033736026,18.885141372680664
130.424,1,-35.3618802,149.1631285,99.371,0.8171704490460839,-5.3500000000000005,-18.68,6.700000000000003,6.6818465508725575,-0.9523590493820893,19.158815383911133
130.524,1,-35.361885,149.163108,99.37,1.8315980419826057,-5.38,-18.78,6.799999999999997,6.6818465508725575,-0.9523590493820893,19.158815383911133
130.624,1,-35.3618899,149.1630874,99.375,2.9868594398497357,-5.41,-18.87,6.8999999999999915,6.6818465508725575,-0.9523590493820893,19.158815383911133
130.724,1,-35.3618948,149.1630667,99.32300000000001,4.094612603171196,-5.36,-18.990000000000002,6.999999999999986,6.6818465508725575,-0.9523590493820893,19.158815383911133
130.824,1,-35.3618996,149.1630458,99.328,5.026137280952807,-5.3100000000000005,-19.080000000000002,7.1000000000000085,6.6818465508725575,-0.9523590493820893,19.158815383911133
130.925,1,-35.3619045,149.1630247,99.348,5.7361883791417,-5.28,-19.150000000000002,7.201000000000008,6.661885755662064,-0.9749376191321364,19.712440490722656
131.025,1,-35.3619092,149.1630036,99.35300000000001,6.196620395715545,-5.18,-19.23,7.301000000000002,6.661885755662064,-0.9749376191321364,19.712440490722656
131.125,1,-35.3619139,149.1629822,99.394,6.384827112068892,-5.03,-19.35,7.400999999999996,6.661885755662064,-0.9749376191321364,19.712440490722656
131.224,1,-35.3619185,149.16296079999998,99.45400000000001,6.336243122728946,-4.99,-19.400000000000002,7.499999999999986,6.661885755662064,-0.9749376191321364,19.712440490722656
131.324,1,-35.3619231,149.16293919999998,99.458,6.066689707134392,-4.93,-19.44,7.6000000000000085,6.661885755662064,-0.9749376191321364,19.712440490722656
131.424,1,-35.3619276,149.1629176,99.45100000000001,5.607143480718533,-4.84,-19.45,7.700000000000003,6.6462926319573175,-0.9903348592818739,20.727344512939453
131.524,1,-35.361931999999996,149.1628959,99.437,4.934332281431843,-4.75,-19.45,7.799999999999997,6.6462926319573175,-0.9903348592818739,20.727344512939453
131.624,1,-35.361936299999996,149.1628744,99.45100000000001,4.200855768823921,-4.67,-19.42,7.8999999999999915,6.6462926319573175,-0.9903348592818739,20.727344512939453
131.724,1,-35.3619406,149.16285299999998,99.507,3.466861015612725,-4.62,-19.37,7.999999999999986,6.6462926319573175,-0.9903348592818739,20.727344512939453
131.824,2,-35.361944799999996,149.1628317,99.538,2.821284128424402,-4.5600000000000005,-19.330000000000002,8.100000000000009,6.6462926319573175,-0.9903348592818739,20.727344512939453
131.924,2,-35.3619489,149.1628105,99.523,2.2852743611370734,-4.53,-19.27,8.200000000000003,6.640326444194122,-0.9945712416795591,21.012117385864258
132.024,2,-35.361953,149.16278939999998,99.53,1.434653487517675,-4.44,-19.25,8.299999999999997,6.640326444194122,-0.9945712416795591,21.012117385864258
132.124,2,-35.361957,149.16276829999998,99.616,-0.7183932671255645,-4.34,-19.23,8.399999999999991,6.640326444194122,-0.9945712416795591,21.012117385864258
132.224,2,-35.3619609,149.16274719999998,99.64,-5.082182398187347,-4.26,-19.22,8.499999999999986,6.640326444194122,-0.9945712416795591,21.012117385864258
132.324,2,-35.3619649,149.1627263,99.601,-11.686576613296877,-4.44,-19.05,8.600000000000009,6.640326444194122,-0.9945712416795591,21.012117385864258
132.424,2,-35.361968999999995,149.1627055,99.60600000000001,-19.63911442055717,-4.67,-18.84,8.700000000000003,6.639294088813192,-0.9923612240094744,20.224714279174805
132.524,2,-35.3619735,149.1626851,99.629,-27.964638613108107,-5.21,-18.45,8.799999999999997,6.639294088813192,-0.9923612240094744,20.224714279174805
132.624,2,-35.3619784,149.1626651,99.652,-35.48658251207058,-5.64,-18.16,8.899999999999991,6.639294088813192,-0.9923612240094744,20.224714279174805
132.724,2,-35.3619838,149.1626454,99.645,-41.186843242404365,-6.18,-17.82,8.999999999999986,6.639294088813192,-0.9923612240094744,20.224714279174805
132.824,2,-35.361989699999995,149.16262609999998,99.626,-44.69157723007799,-6.96,-17.32,9.100000000000009,6.639294088813192,-0.9923612240094744,20.224714279174805
132.925,2,-35.3619965,149.16260739999998,99.641,-46.09295787794077,-7.68,-16.88,9.201000000000008,6.636990421338177,-0.9986876126780807,19.88024139404297
133.025,2,-35.3620039,149.1625891,99.658,-46.158753090215505,-8.39,-16.44,9.301000000000002,6.636990421338177,-0.9986876126780807,19.88024139404297
133.125,2,-35.3620121,149.1625713,99.675,-45.67819805568633,-9.200000000000001,-15.85,9.400999999999996,6.636990421338177,-0.9986876126780807,19.88024139404297
133.225,2,-35.3620209,149.1625542,99.70700000000001,-45.10975556201202,-9.99,-15.16,9.50099999999999,6.636990421338177,-0.9986876126780807,19.88024139404297
133.324,2,-35.3620306,149.16253799999998,99.786,-44.53993337012536,-10.86,-14.24,9.600000000000009,6.636990421338177,-0.9986876126780807,19.88024139404297
133.424,2,-35.3620409,149.16252269999998,99.904,-43.99353189690269,-11.39,-13.700000000000001,9.700000000000003,6.62304950995635,-1.0129505642821075,19.71796417236328
133.524,2,-35.362051699999995,149.16250789999998,100.019,-43.8593494155632,-11.96,-13.0,9.799999999999997,6.62304950995635,-1.0129505642821075,19.71796417236328
133.624,2,-35.3620628,149.1624937,100.143,-43.88796107799638,-12.370000000000001,-12.56,9.899999999999991,6.62304950995635,-1.0129505642821075,19.71796417236328
133.724,2,-35.3620744,149.16248009999998,100.257,-44.108040018337945,-12.76,-12.13,9.999999999999986,6.62304950995635,-1.0129505642821075,19.71796417236328
133.824,2,-35.3620863,149.162467,100.37,-44.31826641080177,-13.16,-11.6,10.100000000000009,6.62304950995635,-1.0129505642821075,19.71796417236328
133.924,2,-35.3620984,149.1624546,100.464,-44.54618299321593,-13.43,-11.31,10.200000000000003,6.593138929288668,-1.030109825477356,19.469547271728516
134.024,2,-35.362110699999995,149.1624425,100.524,-44.752536668420355,-13.77,-10.71,10.299999999999997,6.593138929288668,-1.030109825477356,19.469547271728516
134.124,2,-35.3621232,149.1624311,100.595,-44.70302121203235,-13.98,-10.31,10.399999999999991,6.593138929288668,-1.030109825477356,19.469547271728516
134.224,2,-35.3621359,149.1624201,100.633,-44.8528584869495,-14.26,-9.65,10.499999999999986,6.593138929288668,-1.030109825477356,19.469547271728516
134.324,2,-35.3621489,149.1624101,100.70400000000001,-44.71950245849958,-14.55,-8.88,10.600000000000009,6.593138929288668,-1.030109825477356,19.469547271728516
134.424,2,-35.362162,149.1624008,100.77,-44.655182567085575,-14.73,-8.3,10.700000000000003,6.556929963438535,-1.0444969871810623,20.751184463500977
134.524,2,-35.3621753,149.1623921,100.816,-44.75023489467006,-14.88,-7.63,10.799999999999997,6.556929963438535,-1.0444969871810623,20.751184463500977
134.624,2,-35.3621887,149.1623841,100.855,-44.83051010798522,-14.99,-6.96,10.899999999999991,6.556929963438535,-1.0444969871810623,20.751184463500977
134.724,2,-35.3622021,149.1623768,100.869,-44.977864609139075,-15.02,-6.5,10.999999999999986,6.556929963438535,-1.0444969871810623,20.751184463500977
134.824,2,-35.3622156,149.1623704,100.889,-44.914063812101986,-15.09,-5.5,11.100000000000009,6.556929963438535,-1.0444969871810623,20.751184463500977
134.924,2,-35.3622291,149.1623649,100.927,-44.69117424891696,-15.07,-4.89,11.200000000000003,6.549459109953681,-1.0474154606393267,21.786710739135742
135.025,2,-35.3622425,149.16235989999998,100.95700000000001,-44.4938022724711,-15.01,-4.44,11.301000000000002,6.549459109953681,-1.0474154606393267,21.786710739135742
135.125,2,-35.362256099999996,149.16235509999998,100.921,-44.64915492514304,-14.93,-4.16,11.400999999999996,6.549459109953681,-1.0474154606393267,21.786710739135742
135.225,2,-35.3622695,149.162351,100.866,-44.80118469078377,-14.870000000000001,-3.11,11.50099999999999,6.549459109953681,-1.0474154606393267,21.786710739135742
135.325,2,-35.3622829,149.1623481,100.84700000000001,-44.645213905991945,-14.77,-2.39,11.600999999999985,6.549459109953681,-1.0474154606393267,21.786710739135742
135.424,2,-35.362296199999996,149.1623458,100.82600000000001,-44.480770271534716,-14.67,-1.86,11.700000000000003,6.561813848464305,-1.0474056036374564,21.47649574279785
135.524,2,-35.3623094,149.16234409999998,100.793,-44.46433342129708,-14.55,-1.24,11.799999999999997,6.561813848464305,-1.0474056036374564,21.47649574279785
135.624,2,-35.3623225,149.16234319999998,100.743,-44.6180502436628,-14.41,-0.52,11.899999999999991,6.561813848464305,-1.0474056036374564,21.47649574279785
135.724,2,-35.3623355,149.16234319999998,100.702,-44.69229439994084,-14.22,0.65,11.999999999999986,6.561813848464305,-1.0474056036374564,21.47649574279785
135.824,2,-35.3623482,149.1623442,100.69500000000001,-44.56799520233036,-14.08,1.16,12.100000000000009,6.561813848464305,-1.0474056036374564,21.47649574279785
135.924,2,-35.362360699999996,149.16234599999999,100.674,-44.61387016789075,-13.85,2.02,12.200000000000003,6.574815053003739,-1.0489009051376097,20.795827865600586
136.024,2,-35.362373,149.1623485,100.652,-44.6964949662804,-13.620000000000001,2.77,12.299999999999997,6.574815053003739,-1.0489009051376097,20.795827865600586
136.124,2,-35.362384999999996,149.1623521,100.657,-44.7084990237467,-13.31,3.84,12.399999999999991,6.574815053003739,-1.0489009051376097,20.795827865600586
136.224,2,-35.3623968,149.1623565,100.675,-44.62846628214707,-13.19,4.2,12.499999999999986,6.574815053003739,-1.0489009051376097,20.795827865600586
136.324,2,-35.3624084,149.16236139999998,100.664,-44.66157903924329,-12.96,4.93,12.600000000000009,6.574815053003739,-1.0489009051376097,20.795827865600586
136.424,2,-35.3624198,149.1623672,100.667,-44.617664337974695,-12.72,5.66,12.700000000000003,6.58364064686539,-1.0508213027380788,19.59842872619629
136.524,2,-35.362431,149.1623735,100.644,-44.73303306324538,-12.55,6.18,12.799999999999997,6.58364064686539,-1.0508213027380788,19.59842872619629
136.624,2,-35.362442,149.1623806,100.63,-44.780663387422464,-12.26,6.92,12.899999999999991,6.58364064686539,-1.0508213027380788,19.59842872619629
136.724,2,-35.3624528,149.1623885,100.626,-44.73564561060291,-12.08,7.42,12.999999999999986,6.58364064686539,-1.0508213027380788,19.59842872619629
136.824,2,-35.362463399999996,149.1623969,100.58800000000001,-44.84896869421718,-11.76,8.120000000000001,13.100000000000009,6.58364064686539,-1.0508213027380788,19.59842872619629
136.924,2,-35.362473699999995,149.1624062,100.57600000000001,-44.77547927384242,-11.4,8.83,13.200000000000003,6.583689552945541,-1.0506600964063877,19.355106353759766
137.024,2,-35.3624837,149.1624162,100.558,-44.71680794887202,-11.09,9.44,13.299999999999997,6.583689552945541,-1.0506600964063877,19.355106353759766
137.125,2,-35.3624935,149.1624268,100.553,-44.53842389831879,-10.8,10.0,13.400999999999996,6.583689552945541,-1.0506600964063877,19.355106353759766
137.225,2,-35.3625032,149.16243799999998,100.522,-44.53485512447746,-10.68,10.3,13.50099999999999,6.583689552945541,-1.0506600964063877,19.355106353759766
137.32500000000002,2,-35.3625125,149.16244989999998,100.48100000000001,-44.65716673703946,-10.19,11.05,13.601000000000013,6.583689552945541,-1.0506600964063877,19.355106353759766
137.425,2,-35.3625216,149.1624623,100.421,-44.90671452855505,-9.85,11.56,13.701000000000008,6.5768508818516045,-1.0461599684504528,19.433643341064453
137.524,2,-35.3625302,149.1624756,100.384,-44.842094108817555,-9.19,12.35,13.799999999999997,6.5768508818516045,-1.0461599684504528,19.433643341064453
137.624,2,-35.3625383,149.1624896,100.376,-44.68184762560531,-8.81,12.85,13.899999999999991,6.5768508818516045,-1.0461599684504528,19.433643341064453
137.724,2,-35.3625462,149.1625042,100.345,-44.72801287420542,-8.51,13.25,13.999999999999986,6.5768508818516045,-1.0461599684504528,19.433643341064453
137.824,2,-35.3625536,149.1625192,100.305,-44.90202901878442,-7.82,13.93,14.100000000000009,6.5768508818516045,-1.0461599684504528,19.433643341064453
137.924,2,-35.3625603,149.16253509999999,100.303,-44.90653352854204,-7.17,14.530000000000001,14.200000000000003,6.565018012872282,-1.037714235572278,19.272933959960938
138.024,2,-35.3625666,149.1625515,100.291,-44.97799779782789,-6.78,14.9,14.299999999999997,6.565018012872282,-1.037714235572278,19.272933959960938
138.124,2,-35.362572199999995,149.16256819999998,100.281,-45.04278897229463,-5.93,15.46,14.399999999999991,6.565018012872282,-1.037714235572278,19.272933959960938
138.224,2,-35.3625773,149.16258539999998,100.284,-45.0281962731329,-5.26,15.85,14.499999999999986,6.565018012872282,-1.037714235572278,19.272933959960938
138.324,2,-35.3625817,149.162603,100.289,-45.1576146975263,-4.71,16.09,14.600000000000009,6.565018012872282,-1.037714235572278,19.272933959960938
138.424,2,-35.3625854,149.16262079999998,100.296,-45.240792741238714,-3.86,16.42,14.700000000000003,6.558227390633675,-1.0331037196368795,20.72069549560547
138.524,2,-35.3625884,149.1626389,100.325,-45.14549452684411,-2.93,16.71,14.799999999999997,6.558227390633675,-1.0331037196368795,20.72069549560547
138.624,2,-35.3625906,149.1626573,100.386,-44.74184742236928,-2.43,16.82,14.899999999999991,6.558227390633675,-1.0331037196368795,20.72069549560547
138.724,2,-35.3625926,149.1626757,100.408,-44.700975570375924,-2.19,16.82,14.999999999999986,6.558227390633675,-1.0331037196368795,20.72069549560547
138.824,2,-35.3625943,149.16269409999998,100.381,-44.926091775230375,-1.61,16.88,15.100000000000009,6.558227390633675,-1.0331037196368795,20.72069549560547
138.924,2,-35.362595299999995,149.1627127,100.36500000000001,-44.972465344600174,-0.58,17.04,15.200000000000003,6.57911868844066,-1.0720314937931652,22.11897087097168
139.024,2,-35.3625956,149.1627313,100.361,-44.85706246838364,-0.15,16.990000000000002,15.299999999999997,6.57911868844066,-1.0720314937931652,22.11897087097168
139.124,2,-35.362595299999995,149.1627499,100.334,-44.948593833450985,0.78,17.080000000000002,15.399999999999991,6.57911868844066,-1.0720314937931652,22.11897087097168
139.225,2,-35.3625944,149.1627685,100.303,-45.06534225693401,1.52,17.07,15.50099999999999,6.57911868844066,-1.0720314937931652,22.11897087097168
139.32500000000002,2,-35.3625925,149.1627876,100.274,-45.108997411014144,2.5,17.1,15.601000000000013,6.57911868844066,-1.0720314937931652,22.11897087097168
139.425,2,-35.36259,149.1628064,100.26,-44.997252101098155,3.3200000000000003,17.07,15.701000000000008,6.6076090165802945,-1.1427969441195651,21.913238525390625
139.525,2,-35.3625867,149.16282529999998,100.229,-45.042771896821705,4.05,17.0,15.801000000000002,6.6076090165802945,-1.1427969441195651,21.913238525390625
139.624,2,-35.362582499999995,149.1628441,100.217,-45.05465984107211,5.0600000000000005,16.93,15.899999999999991,6.6076090165802945,-1.1427969441195651,21.913238525390625
139.724,2,-35.3625775,149.1628628,100.21300000000001,-45.02071038580256,5.88,16.82,15.999999999999986,6.6076090165802945,-1.1427969441195651,21.913238525390625
139.824,2,-35.3625718,149.1628814,100.217,-44.93250190776643,6.4,16.71,16.10000000000001,6.6076090165802945,-1.1427969441195651,21.913238525390625
139.924,2,-35.362565599999996,149.16289989999999,100.203,-44.92459596380214,7.34,16.59,16.200000000000003,6.625814973867519,-1.2197359530072993,20.829280853271484
140.024,2,-35.3625586,149.1629182,100.199,-44.83032910797221,7.86,16.5,16.299999999999997,6.625814973867519,-1.2197359530072993,20.829280853271484
140.124,2,-35.3625513,149.16293629999998,100.178,-44.70702711798056,8.45,16.44,16.39999999999999,6.625814973867519,-1.2197359530072993,20.829280853271484
140.224,2,-35.362543599999995,149.1629543,100.137,-44.382979038093055,8.9,16.4,16.499999999999986,6.625814973867519,-1.2197359530072993,20.829280853271484
140.324,2,-35.3625355,149.16297219999998,100.07000000000001,-43.829067771877945,9.26,16.4,16.60000000000001,6.625814973867519,-1.2197359530072993,20.829280853271484
140.424,2,-35.362527,149.1629902,99.98100000000001,-42.96202989825819,9.89,16.34,16.700000000000003,6.630811282958688,-1.2898631281272825,19.114099502563477
140.524,2,-35.362518099999996,149.163008,99.874,-41.76398398198669,10.34,16.3,16.799999999999997,6.630811282958688,-1.2898631281272825,19.114099502563477
140.624,2,-35.3625086,149.16302579999999,99.777,-40.178130169925616,11.11,16.2,16.89999999999999,6.630811282958688,-1.2898631281272825,19.114099502563477
140.724,2,-35.3624983,149.1630434,99.723,-38.22623969005439,11.76,16.13,16.999999999999986,6.630811282958688,-1.2898631281272825,19.114099502563477
140.824,2,-35.3624876,149.1630611,99.664,-36.14060727604515,12.26,16.09,17.10000000000001,6.630811282958688,-1.2898631281272825,19.114099502563477
140.924,2,-35.3624764,149.1630786,99.611,-33.83534671417956,12.870000000000001,15.98,17.200000000000003,6.630698115234568,-1.320873842642159,18.61208724975586
141.024,2,-35.3624648,149.1630961,99.56700000000001,-31.189259712730337,13.16,15.97,17.299999999999997,6.630698115234568,-1.320873842642159,18.61208724975586
141.124,2,-35.3624528,149.1631136,99.54,-28.245178387982623,13.73,15.81,17.39999999999999,6.630698115234568,-1.320873842642159,18.61208724975586
141.224,2,-35.3624406,149.163131,99.513,-25.17656051655078,13.72,15.92,17.499999999999986,6.630698115234568,-1.320873842642159,18.61208724975586
141.32500000000002,2,-35.3624282,149.1631487,99.462,-22.146220732774974,14.06,15.83,17.601000000000013,6.630698115234568,-1.320873842642159,18.61208724975586
141.425,2,-35.3624156,149.1631662,99.404,-19.244384128043794,14.280000000000001,15.82,17.701000000000008,6.6269817347580355,-1.3394549209388593,18.92057991027832
141.525,2,-35.3624027,149.16318379999998,99.374,-16.58164512539808,14.34,15.870000000000001,17.801000000000002,6.6269817347580355,-1.3394549209388593,18.92057991027832
141.624,2,-35.362389799999995,149.16320149999999,99.296,-14.355952852268553,14.4,15.93,17.89999999999999,6.6269817347580355,-1.3394549209388593,18.92057991027832
141.724,2,-35.3623766,149.16321929999998,99.208,-12.54150541529185,14.5,15.98,17.999999999999986,6.6269817347580355,-1.3394549209388593,18.92057991027832
141.824,2,-35.3623635,149.1632371,99.062,-11.262187931860012,14.65,16.0,18.10000000000001,6.6269817347580355,-1.3394549209388593,18.92057991027832
141.924,2,-35.3623501,149.163255,98.97800000000001,-10.33406084630366,14.91,16.02,18.200000000000003,6.6179567262939205,-1.3509744493052438,19.21877670288086
142.024,2,-35.3623366,149.16327289999998,98.907,-9.6597051704909,14.94,16.080000000000002,18.299999999999997,6.6179567262939205,-1.3509744493052438,19.21877670288086
142.124,2,-35.362322899999995,149.1632909,98.812,-8.96144468635674,15.07,16.11,18.39999999999999,6.6179567262939205,-1.3509744493052438,19.21877670288086
142.224,2,-35.3623093,149.1633089,98.723,-7.809662202654675,15.16,16.12,18.499999999999986,6.6179567262939205,-1.3509744493052438,19.21877670288086
142.324,2,-35.362295599999996,149.1633267,98.687,-5.606896313247944,15.24,16.09,18.60000000000001,6.6179567262939205,-1.3509744493052438,19.21877670288086
142.424,2,-35.3622819,149.1633444,98.68,-1.8664012708984055,15.25,16.080000000000002,18.700000000000003,6.606265482922187,-1.3598075158717484,19.638713836669922
142.524,2,-35.3622683,149.1633621,98.723,3.385034922469149,15.18,16.12,18.799999999999997,6.606265482922187,-1.3598075158717484,19.638713836669922
142.624,2,-35.362254799999995,149.1633799,98.779,9.711473735531365,14.98,16.25,18.89999999999999,6.606265482922187,-1.3598075158717484,19.638713836669922
142.724,2,-35.362241499999996,149.16339779999998,98.837,16.55221896290637,14.88,16.35,18.999999999999986,6.606265482922187,-1.3598075158717484,19.638713836669922
142.824,2,-35.3622284,149.1634159,98.822,23.20110588404301,14.540000000000001,16.580000000000002,19.10000000000001,6.606265482922187,-1.3598075158717484,19.638713836669922
142.924,2,-35.3622156,149.16343419999998,98.797,29.001430593264775,14.14,16.84,19.200000000000003,6.589546574802086,-1.3732569351452606,19.83780860900879
143.024,2,-35.3622033,149.16345289999998,98.78,33.517561917760965,13.76,17.12,19.299999999999997,6.589546574802086,-1.3732569351452606,19.83780860900879
143.124,2,-35.3621912,149.16347199999998,98.747,36.854290327325195,13.35,17.43,19.39999999999999,6.589546574802086,-1.3732569351452606,19.83780860900879
143.224,2,-35.3621796,149.1634913,98.69800000000001,39.142543718157455,12.81,17.82,19.499999999999986,6.589546574802086,-1.3732569351452606,19.83780860900879
143.324,2,-35.362168499999996,149.1635112,98.669,40.51487557148017,12.18,18.240000000000002,19.60000000000001,6.589546574802086,-1.3732569351452606,19.83780860900879
143.425,2,-35.3621578,149.1635317,98.639,41.46259846976529,11.41,18.69,19.701000000000008,6.573607907438245,-1.3856926102507137,19.9545955657959
143.525,2,-35.362148,149.1635528,98.64,42.007814905166974,10.56,19.12,19.801000000000002,6.573607907438245,-1.3856926102507137,19.9545955657959
143.625,2,-35.362139,149.1635743,98.688,42.122463045480224,9.35,19.6,19.900999999999996,6.573607907438245,-1.3856926102507137,19.9545955657959
143.724,2,-35.3621309,149.1635964,98.797,41.862912441925154,8.73,19.85,19.999999999999986,6.573607907438245,-1.3856926102507137,19.9545955657959
143.824,2,-35.362123499999996,149.1636186,98.918,41.13115671010125,7.8,20.14,20.10000000000001,6.573607907438245,-1.3856926102507137,19.9545955657959
143.924,2,-35.362116799999995,149.1636413,99.07600000000001,39.065202071090816,6.9,20.34,20.200000000000003,6.566088574080388,-1.3840838195376706,20.39154815673828
144.024,2,-35.362110699999995,149.16366399999998,99.21600000000001,35.18789833966592,6.7700000000000005,20.41,20.299999999999997,6.566088574080388,-1.3840838195376706,20.39154815673828
144.124,2,-35.3621049,149.1636868,99.348,29.22567594900005,5.87,20.42,20.39999999999999,6.566088574080388,-1.3840838195376706,20.39154815673828
144.224,2,-35.3620995,149.1637094,99.51,21.32874271177283,5.9,20.37,20.499999999999986,6.566088574080388,-1.3840838195376706,20.39154815673828
144.324,2,-35.3620942,149.1637318,99.648,12.474632740675547,5.76,20.21,20.60000000000001,6.566088574080388,-1.3840838195376706,20.39154815673828
144.424,2,-35.362088799999995,149.16375399999998,99.802,3.255790667899583,5.91,20.04,20.700000000000003,6.556043761420073,-1.3711235212412616,20.491771697998047
144.524,2,-35.3620832,149.1637759,99.902,-5.5017353056918425,6.13,19.92,20.799999999999997,6.556043761420073,-1.3711235212412616,20.491771697998047
144.624,2,-35.3620775,149.16379759999998,99.894,-13.035044639433215,6.34,19.8,20.89999999999999,6.556043761420073,-1.3711235212412616,20.491771697998047
144.724,2,-35.3620714,149.1638192,99.886,-18.781462934404303,6.8,19.71,20.999999999999986,6.556043761420073,-1.3711235212412616,20.491771697998047
144.824,2,-35.362065199999996,149.16384069999998,99.846,-22.6669424022657,6.7700000000000005,19.62,21.10000000000001,6.556043761420073,-1.3711235212412616,20.491771697998047
144.924,2,-35.362058999999995,149.163862,99.69,-25.059211036420788,6.84,19.56,21.200000000000003,6.5413712778212325,-1.360167367499444,20.06061553955078
145.024,2,-35.3620525,149.1638834,99.498,-26.53450116129228,7.51,19.490000000000002,21.299999999999997,6.5413712778212325,-1.360167367499444,20.06061553955078
145.124,2,-35.3620453,149.1639046,99.373,-27.636191891395118,8.19,19.39,21.39999999999999,6.5413712778212325,-1.360167367499444,20.06061553955078
145.224,2,-35.3620374,149.1639257,99.313,-28.716188233146703,8.950000000000001,19.28,21.499999999999986,6.5413712778212325,-1.360167367499444,20.06061553955078
145.324,2,-35.3620289,149.1639467,99.295,-29.973919757480363,9.44,19.2,21.60000000000001,6.5413712778212325,-1.360167367499444,20.06061553955078
145.425,2,-35.3620198,149.1639677,99.304,-31.27426483204573,10.200000000000001,19.05,21.701000000000008,6.535042805070631,-1.3537775538118515,19.95427131652832
145.525,2,-35.3620099,149.1639888,99.35300000000001,-32.35148128680512,10.9,18.91,21.801000000000002,6.535042805070631,-1.3537775538118515,19.95427131652832
145.625,2,-35.3619997,149.16400969999998,99.397,-33.09123175505252,11.38,18.81,21.900999999999996,6.535042805070631,-1.3537775538118515,19.95427131652832
145.725,2,-35.3619888,149.1640305,99.43900000000001,-33.396237267534026,11.870000000000001,18.71,22.00099999999999,6.535042805070631,-1.3537775538118515,19.95427131652832
145.824,2,-35.361977599999996,149.1640511,99.486,-33.258219634975575,12.59,18.490000000000002,22.10000000000001,6.535042805070631,-1.3537775538118515,19.95427131652832
145.924,2,-35.3619657,149.1640716,99.553,-32.87019317313257,12.870000000000001,18.44,22.200000000000003,6.533963229887999,-1.3481159326743712,19.96060562133789
146.024,2,-35.3619536,149.16409199999998,99.599,-32.44992480331251,13.450000000000001,18.26,22.299999999999997,6.533963229887999,-1.3481159326743712,19.96060562133789
146.124,2,-35.361941,149.1641123,99.657,-32.11329551497385,13.790000000000001,18.18,22.39999999999999,6.533963229887999,-1.3481159326743712,19.96060562133789
146.224,2,-35.3619282,149.1641324,99.675,-32.06860900232904,14.11,18.12,22.499999999999986,6.533963229887999,-1.3481159326743712,19.96060562133789
146.324,2,-35.3619152,149.16415229999998,99.666,-32.26152769543605,14.55,17.98,22.60000000000001,6.533963229887999,-1.3481159326743712,19.96060562133789
146.424,2,-35.3619018,149.16417199999998,99.664,-32.68441544280281,15.01,17.84,22.700000000000003,6.5359316220404695,-1.3419939795328157,19.50604820251465
146.524,2,-35.3618881,149.1641915,99.667,-33.40851794766171,15.4,17.73,22.799999999999997,6.5359316220404695,-1.3419939795328157,19.50604820251465
146.624,2,-35.3618738,149.1642108,99.684,-34.37200492255122,16.01,17.55,22.89999999999999,6.5359316220404695,-1.3419939795328157,19.50604820251465
146.724,2,-35.3618592,149.16423,99.706,-35.49026398403321,16.37,17.48,22.999999999999986,6.5359316220404695,-1.3419939795328157,19.50604820251465
146.824,2,-35.3618443,149.1642491,99.694,-36.760545980966775,16.84,17.330000000000002,23.10000000000001,6.5359316220404695,-1.3419939795328157,19.50604820251465
146.924,2,-35.3618289,149.1642679,99.672,-37.75711839219582,17.44,17.07,23.200000000000003,6.543950353801243,-1.3257274805946948,19.206005096435547
147.024,2,-35.3618129,149.16428639999998,99.653,-37.97417155873507,18.23,16.63,23.299999999999997,6.543950353801243,-1.3257274805946948,19.206005096435547
147.124,2,-35.3617961,149.1643043,99.68900000000001,-36.770794679816376,19.07,16.09,23.39999999999999,6.543950353801243,-1.3257274805946948,19.206005096435547
147.224,2,-35.3617786,149.1643217,99.764,-33.74367191513965,19.490000000000002,15.84,23.499999999999986,6.543950353801243,-1.3257274805946948,19.206005096435547
147.324,2,-35.361761,149.1643388,99.818,-29.24197961054887,19.88,15.51,23.60000000000001,6.543950353801243,-1.3257274805946948,19.206005096435547
147.424,2,-35.3617428,149.1643555,99.94,-23.34922878147849,20.38,14.99,23.700000000000003,6.556849245820732,-1.3061463765759895,20.03536605834961
147.525,2,-35.361724599999995,149.164372,100.10000000000001,-16.870905344295412,20.3,15.02,23.801000000000002,6.556849245820732,-1.3061463765759895,20.03536605834961
147.625,2,-35.3617062,149.1643885,100.22200000000001,-10.500653429028501,20.23,15.01,23.900999999999996,6.556849245820732,-1.3061463765759895,20.03536605834961
147.725,2,-35.3616879,149.1644052,100.284,-4.765849443854199,20.1,15.02,24.00099999999999,6.556849245820732,-1.3061463765759895,20.03536605834961
147.82500000000002,2,-35.3616698,149.16442179999999,100.272,-0.07976838526429715,19.96,15.01,24.101000000000013,6.556849245820732,-1.3061463765759895,20.03536605834961
147.924,2,-35.361651699999996,149.16443859999998,100.25,3.398519423438047,19.84,15.02,24.200000000000003,6.564484170586521,-1.3013795320607544,20.612504959106445
148.024,2,-35.3616338,149.1644553,100.186,5.629225909192008,19.71,15.07,24.299999999999997,6.564484170586521,-1.3013795320607544,20.612504959106445
148.124,2,-35.361616,149.16447209999998,100.104,6.70180466550496,19.59,15.08,24.39999999999999,6.564484170586521,-1.3013795320607544,20.612504959106445
148.224,2,-35.3615983,149.16448889999998,99.983,6.8627115426325895,19.5,15.09,24.499999999999986,6.564484170586521,-1.3013795320607544,20.612504959106445
148.324,2,-35.3615807,149.1645058,99.864,6.456211553518812,19.38,15.16,24.60000000000001,6.564484170586521,-1.3013795320607544,20.612504959106445
148.424,2,-35.3615633,149.1645227,99.796,5.838149869958474,19.28,15.23,24.700000000000003,6.567044256007083,-1.298377544293664,19.899076461791992
148.524,2,-35.361546,149.16453959999998,99.754,5.159265778725994,19.22,15.24,24.799999999999997,6.567044256007083,-1.298377544293664,19.899076461791992
148.624,2,-35.361528899999996,149.16455639999998,99.749,4.503128778750598,19.14,15.280000000000001,24.89999999999999,6.567044256007083,-1.298377544293664,19.899076461791992
148.724,2,-35.361511899999996,149.1645733,99.771,3.9069330920444085,19.1,15.280000000000001,24.999999999999986,6.567044256007083,-1.298377544293664,19.899076461791992
148.824,2,-35.3614949,149.1645901,99.765,3.447716422256003,19.05,15.280000000000001,25.10000000000001,6.567044256007083,-1.298377544293664,19.899076461791992
148.924,2,-35.361478,149.1646069,99.799,3.061766337920677,18.97,15.31,25.200000000000003,6.56742637710508,-1.2930363339662851,19.730501174926758
149.024,2,-35.3614611,149.1646237,99.85300000000001,2.720661995015186,18.93,15.33,25.299999999999997,6.56742637710508,-1.2930363339662851,19.730501174926758
149.124,2,-35.361444299999995,149.16464059999998,99.885,2.3833084931810897,18.92,15.33,25.39999999999999,6.56742637710508,-1.2930363339662851,19.730501174926758
149.224,2,-35.3614275,149.16465739999998,99.866,2.0429932505681463,18.93,15.34,25.499999999999986,6.56742637710508,-1.2930363339662851,19.730501174926758
149.324,2,-35.3614107,149.1646743,99.781,1.6945517903901808,18.97,15.32,25.60000000000001,6.56742637710508,-1.2930363339662851,19.730501174926758
149.424,2,-35.3613938,149.1646911,99.733,1.3633848391185293,18.98,15.33,25.700000000000003,6.570173962724034,-1.2851367320020701,19.252910614013672
149.524,2,-35.361376899999996,149.164708,99.71900000000001,1.102572251392594,19.01,15.34,25.799999999999997,6.570173962724034,-1.2851367320020701,19.252910614013672
149.625,2,-35.3613599,149.16472489999998,99.693,0.9797348209862055,19.05,15.39,25.900999999999996,6.570173962724034,-1.2851367320020701,19.252910614013672
149.725,2,-35.3613427,149.1647422,99.72200000000001,0.930525015563556,19.1,15.48,26.00099999999999,6.570173962724034,-1.2851367320020701,19.252910614013672
149.82500000000002,2,-35.3613255,149.16475939999998,99.74000000000001,0.9857387707100582,19.150000000000002,15.55,26.101000000000013,6.570173962724034,-1.2851367320020701,19.252910614013672
149.925,2,-35.361308199999996,149.1647769,99.691,1.129585436116583,19.19,15.67,26.201000000000008,6.582601268973842,-1.268304808752865,18.874244689941406
150.024,2,-35.3612909,149.1647944,99.669,0.9851863791609334,19.19,15.870000000000001,26.299999999999997,6.582601268973842,-1.268304808752865,18.874244689941406
150.124,2,-35.361273499999996,149.1648122,99.667,-0.21317815476317867,19.19,16.01,26.39999999999999,6.582601268973842,-1.268304808752865,18.874244689941406
150.224,2,-35.3612562,149.1648301,99.69,-3.185319550807742,19.25,16.15,26.499999999999986,6.582601268973842,-1.268304808752865,18.874244689941406
150.324,2,-35.3612387,149.1648482,99.757,-8.230751048948777,19.400000000000002,16.19,26.60000000000001,6.582601268973842,-1.268304808752865,18.874244689941406
150.424,2,-35.3612211,149.1648662,99.822,-14.905318627591019,19.66,16.14,26.700000000000003,6.604706413885544,-1.240515202716608,18.330711364746094
150.524,2,-35.3612034,149.1648841,99.84100000000001,-22.319524830133002,19.990000000000002,16.01,26.799999999999997,6.604706413885544,-1.240515202716608,18.330711364746094
150.624,2,-35.361185299999995,149.1649016,99.85000000000001,-29.498470289355776,20.41,15.790000000000001,26.89999999999999,6.604706413885544,-1.240515202716608,18.330711364746094
150.724,2,-35.3611669,149.16491879999998,99.843,-35.62278672940439,20.94,15.49,26.999999999999986,6.604706413885544,-1.240515202716608,18.330711364746094
150.824,2,-35.3611479,149.1649356,99.828,-40.09625327725009,21.5,15.19,27.10000000000001,6.604706413885544,-1.240515202716608,18.330711364746094
150.924,2,-35.3611285,149.1649521,99.798,-42.875286495799024,22.02,14.96,27.200000000000003,6.632105899036109,-1.2008852919615836,18.672866821289062
151.024,2,-35.3611085,149.1649683,99.747,-44.21024696907802,22.55,14.76,27.299999999999997,6.632105899036109,-1.2008852919615836,18.672866821289062
151.124,2,-35.361088099999996,149.1649842,99.677,-44.58206539202059,23.26,14.33,27.39999999999999,6.632105899036109,-1.2008852919615836,18.672866821289062
151.224,2,-35.361067,149.1649996,99.61200000000001,-44.49555763108779,24.1,13.66,27.499999999999986,6.632105899036109,-1.2008852919615836,18.672866821289062
151.324,2,-35.3610451,149.1650142,99.602,-44.06504056241813,24.8,13.05,27.60000000000001,6.632105899036109,-1.2008852919615836,18.672866821289062
151.424,2,-35.3610226,149.1650281,99.613,-43.79042939174319,25.38,12.48,27.700000000000003,6.666970645528578,-1.1685929882659822,19.805614471435547
151.524,2,-35.3609997,149.1650414,99.616,-43.99715872735196,25.96,11.71,27.799999999999997,6.666970645528578,-1.1685929882659822,19.805614471435547
151.624,2,-35.360976099999995,149.1650536,99.665,-44.300555730283925,26.63,10.57,27.89999999999999,6.666970645528578,-1.1685929882659822,19.805614471435547
151.725,2,-35.360952,149.1650645,99.785,-44.38058847188355,27.03,9.85,28.00099999999999,6.666970645528578,-1.1685929882659822,19.805614471435547
151.82500000000002,2,-35.3609273,149.1650747,99.924,-44.38669807609613,27.38,9.11,28.101000000000013,6.666970645528578,-1.1685929882659822,19.805614471435547
151.925,2,-35.3609024,149.16508439999998,100.042,-44.68830556946555,27.59,8.6,28.201000000000008,6.700899314853055,-1.1484563163495831,21.01186180114746
152.024,2,-35.3608774,149.1650932,100.145,-45.04299387796973,27.85,7.63,28.299999999999997,6.700899314853055,-1.1484563163495831,21.01186180114746
152.124,2,-35.3608519,149.1651009,100.299,-44.8925350558381,28.0,6.95,28.39999999999999,6.700899314853055,-1.1484563163495831,21.01186180114746
152.224,2,-35.360826599999996,149.16510829999999,100.406,-44.899098867630485,27.990000000000002,6.68,28.499999999999986,6.700899314853055,-1.1484563163495831,21.01186180114746
152.324,2,-35.360801099999996,149.1651153,100.45700000000001,-45.052959123968776,28.09,5.84,28.60000000000001,6.700899314853055,-1.1484563163495831,21.01186180114746
152.424,2,-35.3607757,149.16512129999998,100.515,-44.95620949437555,28.080000000000002,5.23,28.700000000000003,6.713194826363206,-1.1427142261113064,22.6678409576416
152.524,2,-35.3607502,149.1651267,100.553,-44.81915833358465,28.03,4.61,28.799999999999997,6.713194826363206,-1.1427142261113064,22.6678409576416
152.624,2,-35.3607249,149.1651316,100.554,-44.7986028792775,27.92,4.25,28.89999999999999,6.713194826363206,-1.1427142261113064,22.6678409576416
152.724,2,-35.3606999,149.1651359,100.524,-44.830588655160675,27.82,3.66,28.999999999999986,6.713194826363206,-1.1427142261113064,22.6678409576416
152.824,2,-35.360675,149.1651394,100.49000000000001,-44.66400375639865,27.71,2.9,29.10000000000001,6.713194826363206,-1.1427142261113064,22.6678409576416
152.924,2,-35.360650299999996,149.1651421,100.473,-44.205824421590435,27.57,2.33,29.200000000000003,6.6865703755700014,-1.145707216900221,22.72917366027832
153.024,2,-35.3606258,149.1651444,100.421,-43.70510666863139,27.41,1.95,29.299999999999997,6.6865703755700014,-1.145707216900221,22.72917366027832
153.124,2,-35.3606015,149.1651459,100.36500000000001,-43.009731939421556,27.29,1.07,29.39999999999999,6.6865703755700014,-1.145707216900221,22.72917366027832
153.224,2,-35.3605772,149.16514659999999,100.31,-41.93406252250917,27.12,0.37,29.499999999999986,6.6865703755700014,-1.145707216900221,22.72917366027832
153.324,2,-35.3605532,149.1651465,100.265,-40.07170899246765,26.93,-0.29,29.60000000000001,6.6865703755700014,-1.145707216900221,22.72917366027832
153.424,2,-35.360529299999996,149.16514569999998,100.214,-37.45365650246674,26.71,-1.02,29.700000000000003,6.635527608855632,-1.1468229040571223,21.985057830810547
153.524,3,-35.360505599999996,149.165144,100.194,-33.90969332329515,26.46,-1.8900000000000001,29.799999999999997,6.635527608855632,-1.1468229040571223,21.985057830810547
153.624,3,-35.3604821,149.1651415,100.233,-29.38306741313924,26.22,-2.2600000000000002,29.89999999999999,6.635527608855632,-1.1468229040571223,21.985057830810547
153.724,3,-35.3604589,149.1651388,100.242,-24.446370605594105,25.98,-2.48,29.999999999999986,6.635527608855632,-1.1468229040571223,21.985057830810547
153.82500000000002,3,-35.360435599999995,149.16513569999998,100.277,-19.02421127260114,25.7,-2.9,30.101000000000013,6.635527608855632,-1.1468229040571223,21.985057830810547
153.925,3,-35.3604126,149.1651324,100.374,-13.358271389073021,25.51,-2.89,30.201000000000008,6.583778456269039,-1.1419731021190629,21.266427993774414
154.025,3,-35.3603897,149.1651291,100.4,-7.984987182233378,25.32,-2.86,30.301000000000002,6.583778456269039,-1.1419731021190629,21.266427993774414
154.124,3,-35.3603668,149.1651258,100.379,-3.181794319422369,25.150000000000002,-2.82,30.39999999999999,6.583778456269039,-1.1419731021190629,21.266427993774414
154.224,3,-35.3603442,149.1651226,100.294,0.8765650803774273,25.0,-2.75,30.499999999999986,6.583778456269039,-1.1419731021190629,21.266427993774414
154.324,3,-35.3603215,149.1651196,100.23700000000001,4.192060192720237,24.86,-2.64,30.60000000000001,6.583778456269039,-1.1419731021190629,21.266427993774414
154.424,3,-35.3602991,149.1651167,100.158,6.588416268206755,24.76,-2.5300000000000002,30.700000000000003,6.531738915951732,-1.132749610033274,20.18087387084961
154.524,3,-35.3602767,149.1651138,100.045,8.125011182860517,24.67,-2.47,30.799999999999997,6.531738915951732,-1.132749610033274,20.18087387084961
154.624,3,-35.360254399999995,149.1651111,99.903,9.017366006412574,24.68,-2.2600000000000002,30.89999999999999,6.531738915951732,-1.132749610033274,20.18087387084961
154.724,3,-35.3602322,149.1651087,99.84700000000001,9.367069130596288,24.66,-2.19,30.999999999999986,6.531738915951732,-1.132749610033274,20.18087387084961
154.824,3,-35.360210099999996,149.16510639999998,99.733,9.5416521808764,24.63,-2.07,31.10000000000001,6.531738915951732,-1.132749610033274,20.18087387084961
154.924,3,-35.360188099999995,149.1651042,99.64,9.527002278880367,24.66,-1.87,31.200000000000003,6.484016961881978,-1.1237087162516035,19.688709259033203
155.024,3,-35.360166,149.1651022,99.595,9.304904163865418,24.68,-1.79,31.299999999999997,6.484016961881978,-1.1237087162516035,19.688709259033203
155.124,3,-35.360144,149.1651003,99.539,9.125864415151874,24.7,-1.69,31.39999999999999,6.484016961881978,-1.1237087162516035,19.688709259033203
155.224,3,-35.360121899999996,149.1650985,99.493,8.928276433973513,24.73,-1.6300000000000001,31.499999999999986,6.484016961881978,-1.1237087162516035,19.688709259033203
155.324,3,-35.3600998,149.1650967,99.422,8.832378870479241,24.76,-1.53,31.60000000000001,6.484016961881978,-1.1237087162516035,19.688709259033203
155.424,3,-35.3600776,149.1650952,99.404,8.736491552268724,24.82,-1.42,31.700000000000003,6.446540586033855,-1.11676473158336,18.63878059387207
155.524,3,-35.3600554,149.1650937,99.391,8.610587260203294,24.89,-1.32,31.799999999999997,6.446540586033855,-1.11676473158336,18.63878059387207
155.624,3,-35.360033099999995,149.1650923,99.33800000000001,8.498021473813253,24.96,-1.26,31.89999999999999,6.446540586033855,-1.11676473158336,18.63878059387207
155.724,3,-35.3600107,149.16509109999998,99.312,8.302147870116567,25.060000000000002,-1.09,31.999999999999986,6.446540586033855,-1.11676473158336,18.63878059387207
155.824,3,-35.3599882,149.16509,99.296,8.094294968389324,25.16,-0.99,32.10000000000001,6.446540586033855,-1.11676473158336,18.63878059387207
155.925,3,-35.3599654,149.165089,99.271,7.845367016540916,25.29,-0.9500000000000001,32.20100000000001,6.427878035098417,-1.115220969484391,18.62412452697754
156.025,3,-35.3599426,149.1650879,99.184,7.4752228437186465,25.42,-0.9500000000000001,32.301,6.427878035098417,-1.115220969484391,18.62412452697754
156.125,3,-35.3599195,149.165087,99.10000000000001,7.037362894804401,25.580000000000002,-0.85,32.400999999999996,6.427878035098417,-1.115220969484391,18.62412452697754
156.224,3,-35.359896299999996,149.1650861,99.069,6.56156337948485,25.740000000000002,-0.78,32.499999999999986,6.427878035098417,-1.115220969484391,18.62412452697754
156.324,3,-35.3598728,149.1650852,99.054,6.180110547831155,25.900000000000002,-0.78,32.60000000000001,6.427878035098417,-1.115220969484391,18.62412452697754
156.424,3,-35.3598493,149.16508439999998,99.045,5.9534566966398055,26.05,-0.68,32.7,6.424029436578646,-1.117399607592325,18.5294132232666
156.524,3,-35.3598255,149.1650838,99.098,5.845571297378515,26.2,-0.61,32.8,6.424029436578646,-1.117399607592325,18.5294132232666
156.624,3,-35.3598016,149.1650832,99.119,5.804553023204827,26.34,-0.52,32.89999999999999,6.424029436578646,-1.117399607592325,18.5294132232666
156.724,3,-35.359777799999996,149.1650827,99.137,5.748956137134569,26.46,-0.42,32.999999999999986,6.424029436578646,-1.117399607592325,18.5294132232666
156.824,3,-35.3597539,149.1650823,99.147,5.6709438508688,26.57,-0.36,33.10000000000001,6.424029436578646,-1.117399607592325,18.5294132232666
156.924,3,-35.3597301,149.1650821,99.176,5.425831840332314,26.650000000000002,-0.23,33.2,6.435949153569742,-1.1247482688621404,18.661893844604492
157.024,3,-35.3597061,149.1650819,99.22,5.018603155411459,26.77,-0.26,33.3,6.435949153569742,-1.1247482688621404,18.661893844604492
157.124,3,-35.3596821,149.16508159999998,99.224,4.4586271081002025,26.88,-0.28,33.39999999999999,6.435949153569742,-1.1247482688621404,18.661893844604492
157.224,3,-35.359657999999996,149.1650813,99.22800000000001,3.90794524070204,26.990000000000002,-0.24,33.499999999999986,6.435949153569742,-1.1247482688621404,18.661893844604492
157.324,3,-35.3596338,149.16508109999998,99.249,3.4063263296593718,27.1,-0.21,33.60000000000001,6.435949153569742,-1.1247482688621404,18.661893844604492
157.424,3,-35.3596094,149.1650809,99.264,3.061701451123562,27.23,-0.19,33.7,6.451482690739634,-1.1335299847259088,19.044963836669922
157.524,3,-35.359584999999996,149.1650808,99.251,2.84314713707079,27.34,-0.16,33.8,6.451482690739634,-1.1335299847259088,19.044963836669922
157.624,3,-35.3595605,149.16508059999998,99.238,2.7481481703391983,27.45,-0.12,33.89999999999999,6.451482690739634,-1.1335299847259088,19.044963836669922
157.724,3,-35.3595359,149.16508059999998,99.217,2.7468436042077258,27.52,-0.05,33.999999999999986,6.451482690739634,-1.1335299847259088,19.044963836669922
157.824,3,-35.3595112,149.16508059999998,99.221,2.7314912599442414,27.59,0.01,34.10000000000001,6.451482690739634,-1.1335299847259088,19.044963836669922
157.925,3,-35.3594864,149.1650807,99.259,2.6107648915999153,27.64,0.07,34.20100000000001,6.473382475267705,-1.1455723918985867,19.362131118774414
158.025,3,-35.3594614,149.1650807,99.295,2.401685544029832,27.7,0.11,34.301,6.473382475267705,-1.1455723918985867,19.362131118774414
158.125,3,-35.3594363,149.1650809,99.348,2.082708452714243,27.740000000000002,0.16,34.400999999999996,6.473382475267705,-1.1455723918985867,19.362131118774414
158.225,3,-35.3594112,149.16508109999998,99.405,1.65261752381577,27.78,0.19,34.50099999999999,6.473382475267705,-1.1455723918985867,19.362131118774414
158.324,3,-35.3593859,149.1650813,99.443,1.0998433773757623,27.86,0.2,34.60000000000001,6.473382475267705,-1.1455723918985867,19.362131118774414
158.424,3,-35.359360699999996,149.16508159999998,99.477,0.620868624504949,27.91,0.21,34.7,6.498670785087915,-1.157713498927591,19.765552520751953
158.524,3,-35.3593353,149.1650818,99.503,0.18976956235302436,27.98,0.22,34.8,6.498670785087915,-1.157713498927591,19.765552520751953
158.624,3,-35.3593099,149.1650821,99.515,-0.1677630530330003,28.04,0.23,34.89999999999999,6.498670785087915,-1.157713498927591,19.765552520751953
158.724,3,-35.3592844,149.1650823,99.514,-0.4423664863842788,28.1,0.22,34.999999999999986,6.498670785087915,-1.157713498927591,19.765552520751953
158.824,3,-35.3592589,149.1650826,99.47,-0.6840081738530163,28.17,0.2,35.10000000000001,6.498670785087915,-1.157713498927591,19.765552520751953
158.924,3,-35.359233599999996,149.1650828,99.48700000000001,-0.8325432838770787,28.19,0.23,35.2,6.52240197685693,-1.1692150559985304,19.874265670776367
159.024,3,-35.3592083,149.1650831,99.508,-0.7777645264033417,28.2,0.37,35.3,6.52240197685693,-1.1692150559985304,19.874265670776367
159.124,3,-35.359183099999996,149.1650836,99.504,-0.5973579394430015,28.21,0.53,35.39999999999999,6.52240197685693,-1.1692150559985304,19.874265670776367
159.224,3,-35.3591579,149.1650843,99.545,-0.5128775173940823,28.240000000000002,0.68,35.499999999999986,6.52240197685693,-1.1692150559985304,19.874265670776367
159.324,3,-35.359132699999996,149.1650852,99.59100000000001,-0.7225993296329701,28.28,0.78,35.60000000000001,6.52240197685693,-1.1692150559985304,19.874265670776367
159.424,3,-35.3591074,149.165086,99.61200000000001,-1.3858280936792506,28.35,0.8,35.7,6.546854301138243,-1.1802183627921046,19.147459030151367
159.524,3,-35.359082099999995,149.1650869,99.682,-2.3948045553278674,28.43,0.79,35.8,6.546854301138243,-1.1802183627921046,19.147459030151367
159.624,3,-35.3590567,149.16508779999998,99.765,-3.5915132486259274,28.52,0.76,35.89999999999999,6.546854301138243,-1.1802183627921046,19.147459030151367
159.724,3,-35.3590312,149.1650886,99.809,-4.826898528429419,28.61,0.75,35.999999999999986,6.546854301138243,-1.1802183627921046,19.147459030151367
159.824,3,-35.359005599999996,149.1650894,99.822,-5.916554465214696,28.7,0.66,36.10000000000001,6.546854301138243,-1.1802183627921046,19.147459030151367
159.924,3,-35.3589799,149.16509,99.877,-6.748465529706725,28.78,0.5700000000000001,36.2,6.590703245574868,-1.1851059674616071,18.999399185180664
160.025,3,-35.3589542,149.16509069999998,99.911,-7.198774352156965,28.85,0.61,36.301,6.590703245574868,-1.1851059674616071,18.999399185180664
160.125,3,-35.3589279,149.1650913,99.914,-7.356946165408828,28.93,0.54,36.400999999999996,6.590703245574868,-1.1851059674616071,18.999399185180664
160.225,3,-35.3589018,149.1650919,99.993,-7.211052470963709,29.02,0.51,36.50099999999999,6.590703245574868,-1.1851059674616071,18.999399185180664
160.32500000000002,3,-35.358875399999995,149.1650925,100.042,-7.067110929960745,29.13,0.56,36.60100000000001,6.590703245574868,-1.1851059674616071,18.999399185180664
160.424,3,-35.358849,149.1650931,100.036,-6.973749927969487,29.22,0.52,36.7,6.644327776893963,-1.1878520578230083,19.327056884765625
160.524,3,-35.358822499999995,149.1650936,100.035,-6.882228808185901,29.32,0.46,36.8,6.644327776893963,-1.1878520578230083,19.327056884765625
160.624,3,-35.3587959,149.1650941,99.996,-6.866906132556624,29.400000000000002,0.4,36.89999999999999,6.644327776893963,-1.1878520578230083,19.327056884765625
160.724,3,-35.3587692,149.1650944,99.96900000000001,-6.97479238559156,29.490000000000002,0.29,36.999999999999986,6.644327776893963,-1.1878520578230083,19.327056884765625
160.824,3,-35.3587425,149.1650947,99.917,-7.065026441603422,29.55,0.25,37.10000000000001,6.644327776893963,-1.1878520578230083,19.327056884765625
160.924,3,-35.3587159,149.16509489999999,99.884,-7.066451389819016,29.61,0.06,37.2,6.696950910992223,-1.1880171855012502,19.90299415588379
161.024,3,-35.358689399999996,149.16509489999999,99.874,-6.974584064821875,29.63,-0.03,37.3,6.696950910992223,-1.1880171855012502,19.90299415588379
161.124,3,-35.3586629,149.1650948,99.845,-6.752611881419746,29.64,-0.18,37.39999999999999,6.696950910992223,-1.1880171855012502,19.90299415588379
161.224,3,-35.3586364,149.16509449999998,99.824,-6.2888215462083705,29.61,-0.3,37.499999999999986,6.696950910992223,-1.1880171855012502,19.90299415588379
161.324,3,-35.3586101,149.1650942,99.812,-5.562441173261269,29.55,-0.39,37.60000000000001,6.696950910992223,-1.1880171855012502,19.90299415588379
161.424,3,-35.3585837,149.1650937,99.793,-4.659508094232155,29.47,-0.44,37.7,6.732299171427026,-1.1878994149858066,21.29869842529297
161.524,3,-35.358557499999996,149.1650932,99.781,-3.627669708771036,29.36,-0.44,37.8,6.732299171427026,-1.1878994149858066,21.29869842529297
161.624,3,-35.3585314,149.16509259999998,99.79,-2.53868163642054,29.25,-0.5,37.89999999999999,6.732299171427026,-1.1878994149858066,21.29869842529297
161.724,3,-35.3585054,149.165092,99.819,-1.5609847731279367,29.150000000000002,-0.49,37.999999999999986,6.732299171427026,-1.1878994149858066,21.29869842529297
161.824,3,-35.3584794,149.1650915,99.82900000000001,-0.7003061791514302,29.05,-0.46,38.10000000000001,6.732299171427026,-1.1878994149858066,21.29869842529297
161.924,3,-35.3584536,149.1650909,99.767,-0.09133949945066566,28.93,-0.46,38.2,6.74310485291149,-1.1874211987642012,21.53703498840332
162.024,3,-35.3584277,149.1650904,99.723,0.35582814968277593,28.86,-0.43,38.3,6.74310485291149,-1.1874211987642012,21.53703498840332
162.125,3,-35.358402,149.1650899,99.75,0.703822179109253,28.76,-0.39,38.400999999999996,6.74310485291149,-1.1874211987642012,21.53703498840332
162.225,3,-35.3583761,149.1650895,99.739,0.962492115148214,28.68,-0.36,38.50099999999999,6.74310485291149,-1.1874211987642012,21.53703498840332
162.32500000000002,3,-35.3583503,149.1650891,99.727,1.1352543864059876,28.61,-0.31,38.60100000000001,6.74310485291149,-1.1874211987642012,21.53703498840332
162.425,3,-35.3583245,149.16508869999998,99.748,1.1773368894297287,28.55,-0.3,38.70100000000001,6.7467363565025495,-1.1858563561422684,20.551923751831055
162.524,3,-35.3582986,149.1650884,99.756,1.1262537979054976,28.48,-0.28,38.8,6.7467363565025495,-1.1858563561422684,20.551923751831055
162.624,3,-35.358272899999996,149.165088,99.785,1.0260646344566366,28.43,-0.27,38.89999999999999,6.7467363565025495,-1.1858563561422684,20.551923751831055
162.724,3,-35.3582471,149.1650877,99.842,0.9320401436205353,28.41,-0.26,38.999999999999986,6.7467363565025495,-1.1858563561422684,20.551923751831055
162.824,3,-35.3582214,149.1650874,99.895,0.8654397694365343,28.38,-0.25,39.10000000000001,6.7467363565025495,-1.1858563561422684,20.551923751831055
162.924,3,-35.358195699999996,149.1650871,99.977,0.8411427054855363,28.39,-0.22,39.2,6.76868493452939,-1.1845023526728566,19.71672248840332
163.024,3,-35.35817,149.1650869,100.039,0.8774034860980463,28.41,-0.19,39.3,6.76868493452939,-1.1845023526728566,19.71672248840332
163.124,3,-35.3581444,149.1650867,100.069,0.9386678817146806,28.43,-0.15,39.39999999999999,6.76868493452939,-1.1845023526728566,19.71672248840332
163.224,3,-35.3581189,149.1650865,100.049,0.90007955405993,28.46,-0.15,39.499999999999986,6.76868493452939,-1.1845023526728566,19.71672248840332
163.324,3,-35.3580934,149.16508629999998,100.054,0.793731801135539,28.490000000000002,-0.14,39.60000000000001,6.76868493452939,-1.1845023526728566,19.71672248840332
163.424,3,-35.3580679,149.1650861,100.042,0.6550503062062778,28.51,-0.13,39.7,6.793414684272838,-1.182659116755444,19.54863739013672
163.524,3,-35.358042399999995,149.165086,100.02,0.4952196107597482,28.54,-0.13,39.8,6.793414684272838,-1.182659116755444,19.54863739013672
163.624,3,-35.358016899999996,149.16508579999999,100.012,0.364218103263211,28.59,-0.12,39.89999999999999,6.793414684272838,-1.182659116755444,19.54863739013672
163.724,3,-35.357991399999996,149.1650857,100.025,0.26820061125206757,28.64,-0.12,39.999999999999986,6.793414684272838,-1.182659116755444,19.54863739013672
163.824,3,-35.3579657,149.1650855,100.017,0.2273484227330015,28.69,-0.12,40.10000000000001,6.793414684272838,-1.182659116755444,19.54863739013672
163.924,3,-35.3579401,149.1650853,99.99000000000001,0.19827408168461583,28.73,-0.16,40.2,6.821798834243221,-1.1804813541778263,19.706811904907227
164.024,3,-35.3579144,149.1650851,100.01,0.03292566060577371,28.72,-0.26,40.3,6.821798834243221,-1.1804813541778263,19.706811904907227
164.124,3,-35.3578887,149.1650847,100.061,-0.14611230051919868,28.69,-0.37,40.39999999999999,6.821798834243221,-1.1804813541778263,19.706811904907227
164.225,3,-35.357863,149.1650842,100.09700000000001,-0.13784511692105195,28.63,-0.42,40.50099999999999,6.821798834243221,-1.1804813541778263,19.706811904907227
164.32500000000002,3,-35.357836999999996,149.1650837,100.09400000000001,0.147720289800421,28.55,-0.46,40.60100000000001,6.821798834243221,-1.1804813541778263,19.706811904907227
164.425,3,-35.3578113,149.1650831,100.139,0.7098879207007532,28.45,-0.46,40.70100000000001,6.8419841800132355,-1.1789923233852726,21.101102828979492
164.524,3,-35.3577855,149.1650826,100.181,1.4488354148338547,28.35,-0.46,40.8,6.8419841800132355,-1.1789923233852726,21.101102828979492
164.624,3,-35.3577599,149.1650821,100.167,2.2146800871967605,28.240000000000002,-0.42,40.89999999999999,6.8419841800132355,-1.1789923233852726,21.101102828979492
164.724,3,-35.3577343,149.16508159999998,100.159,2.919934685041012,28.11,-0.37,40.999999999999986,6.8419841800132355,-1.1789923233852726,21.101102828979492
164.824,3,-35.3577089,149.1650812,100.11200000000001,3.4566261905848727,27.97,-0.33,41.10000000000001,6.8419841800132355,-1.1789923233852726,21.101102828979492
164.924,3,-35.3576836,149.1650808,100.06400000000001,3.7375102496822423,27.830000000000002,-0.3,41.2,6.836288684657432,-1.1786014217049408,21.83211898803711
165.024,3,-35.3576585,149.1650805,100.013,3.818637102209538,27.71,-0.28,41.3,6.836288684657432,-1.1786014217049408,21.83211898803711
165.124,3,-35.3576336,149.16508009999998,99.917,3.8325668461349562,27.57,-0.22,41.39999999999999,6.836288684657432,-1.1786014217049408,21.83211898803711
165.224,3,-35.357608899999995,149.16508,99.82600000000001,3.9237776191981295,27.48,-0.06,41.499999999999986,6.836288684657432,-1.1786014217049408,21.83211898803711
165.324,3,-35.3575844,149.16508,99.813,3.9723351415550425,27.39,0.07,41.60000000000001,6.836288684657432,-1.1786014217049408,21.83211898803711
165.424,3,-35.3575599,149.16508009999998,99.787,3.8453350310146486,27.3,0.17,41.7,6.813696928318475,-1.1765919562354235,20.620912551879883
165.524,3,-35.3575356,149.1650804,99.763,3.4636335377864826,27.240000000000002,0.27,41.8,6.813696928318475,-1.1765919562354235,20.620912551879883
165.624,3,-35.3575113,149.1650807,99.757,2.848021971147475,27.18,0.34,41.89999999999999,6.813696928318475,-1.1765919562354235,20.620912551879883
165.724,3,-35.3574871,149.16508109999998,99.792,2.036111194649124,27.150000000000002,0.37,41.999999999999986,6.813696928318475,-1.1765919562354235,20.620912551879883
165.824,3,-35.3574628,149.16508149999999,99.779,1.0969593299987244,27.1,0.39,42.10000000000001,6.813696928318475,-1.1765919562354235,20.620912551879883
165.924,3,-35.357438699999996,149.1650819,99.807,0.15324399184825727,27.060000000000002,0.39,42.2,6.805654193192502,-1.1733479171405787,19.81201934814453
166.024,3,-35.3574145,149.1650823,99.84700000000001,-0.7220543552423971,27.05,0.36,42.3,6.805654193192502,-1.1733479171405787,19.81201934814453
166.124,3,-35.3573903,149.1650827,99.846,-1.466775440297422,27.05,0.3,42.39999999999999,6.805654193192502,-1.1733479171405787,19.81201934814453
166.224,3,-35.357366,149.1650829,99.893,-2.052309628596044,27.09,0.25,42.499999999999986,6.805654193192502,-1.1733479171405787,19.81201934814453
166.32500000000002,3,-35.3573415,149.1650832,99.913,-2.47703170864177,27.14,0.23,42.60100000000001,6.805654193192502,-1.1733479171405787,19.81201934814453
166.425,3,-35.3573172,149.1650834,99.871,-2.683464998238708,27.2,0.16,42.70100000000001,6.808101777078997,-1.1685336359017915,19.130640029907227
166.525,3,-35.3572925,149.16508349999998,99.834,-2.612979153551469,27.3,0.11,42.801,6.808101777078997,-1.1685336359017915,19.130640029907227
166.624,3,-35.357267799999995,149.1650836,99.802,-2.3555200819863042,27.38,0.1,42.89999999999999,6.808101777078997,-1.1685336359017915,19.130640029907227
166.724,3,-35.357242899999996,149.1650837,99.769,-2.0139632390482998,27.48,0.08,42.999999999999986,6.808101777078997,-1.1685336359017915,19.130640029907227
166.824,3,-35.357217899999995,149.1650838,99.772,-1.6815266196429663,27.6,0.04,43.10000000000001,6.808101777078997,-1.1685336359017915,19.130640029907227
166.924,3,-35.3571927,149.1650838,99.783,-1.3559335296208683,27.71,0.06,43.2,6.825909320692066,-1.1654939740818384,19.047273635864258
167.024,3,-35.357167499999996,149.16508389999998,99.754,-1.0847030891416654,27.8,0.03,43.3,6.825909320692066,-1.1654939740818384,19.047273635864258
167.124,3,-35.3571424,149.16508389999998,99.744,-0.9320735475144449,27.89,0.0,43.39999999999999,6.825909320692066,-1.1654939740818384,19.047273635864258
167.224,3,-35.3571173,149.1650838,99.766,-0.8572158481498687,27.96,-0.06,43.499999999999986,6.825909320692066,-1.1654939740818384,19.047273635864258
167.324,3,-35.3570922,149.1650837,99.779,-0.7646214281712388,28.04,-0.09,43.60000000000001,6.825909320692066,-1.1654939740818384,19.047273635864258
167.424,3,-35.357067,149.1650837,99.783,-0.598017426223878,28.1,-0.11,43.7,6.846530678492518,-1.1625552029111679,19.431133270263672
167.524,3,-35.3570418,149.1650836,99.796,-0.36286876737616325,28.150000000000002,-0.12,43.8,6.846530678492518,-1.1625552029111679,19.431133270263672
167.624,3,-35.3570165,149.1650834,99.785,-0.08363692036684907,28.21,-0.11,43.89999999999999,6.846530678492518,-1.1625552029111679,19.431133270263672
167.724,3,-35.356991199999996,149.1650833,99.739,0.23079561387102165,28.27,-0.1,43.999999999999986,6.846530678492518,-1.1625552029111679,19.431133270263672
167.824,3,-35.3569659,149.1650832,99.711,0.5476484629938834,28.330000000000002,-0.1,44.10000000000001,6.846530678492518,-1.1625552029111679,19.431133270263672
167.924,3,-35.3569405,149.1650831,99.659,0.7437120846877142,28.39,-0.08,44.2,6.866236856634738,-1.1606362241797459,19.793861389160156
168.024,3,-35.356915,149.16508299999998,99.627,0.8312200948079473,28.46,-0.11,44.3,6.866236856634738,-1.1606362241797459,19.793861389160156
168.124,3,-35.3568895,149.1650828,99.587,0.762531870532891,28.54,-0.2,44.39999999999999,6.866236856634738,-1.1606362241797459,19.793861389160156
168.224,3,-35.3568639,149.1650826,99.58,0.5883500405056654,28.6,-0.29,44.499999999999986,6.866236856634738,-1.1606362241797459,19.793861389160156
168.324,3,-35.3568382,149.1650822,99.558,0.5450447735379333,28.66,-0.37,44.60000000000001,6.866236856634738,-1.1606362241797459,19.793861389160156
168.425,3,-35.3568122,149.1650817,99.561,0.7416077460931155,28.69,-0.41000000000000003,44.70100000000001,6.885269325629715,-1.1593612901197745,19.861583709716797
168.525,3,-35.3567862,149.1650813,99.586,1.1865858193395722,28.740000000000002,-0.41000000000000003,44.801,6.885269325629715,-1.1593612901197745,19.861583709716797
168.625,3,-35.3567602,149.1650808,99.654,1.773696287232586,28.78,-0.4,44.900999999999996,6.885269325629715,-1.1593612901197745,19.861583709716797
168.724,3,-35.356733999999996,149.1650804,99.665,2.4805417855449217,28.810000000000002,-0.35000000000000003,44.999999999999986,6.885269325629715,-1.1593612901197745,19.861583709716797
168.824,3,-35.356707899999996,149.16508,99.72200000000001,3.119868195869037,28.830000000000002,-0.29,45.10000000000001,6.885269325629715,-1.1593612901197745,19.861583709716797
168.924,3,-35.356681699999996,149.1650797,99.82600000000001,3.639248160074677,28.85,-0.25,45.2,6.914283253773123,-1.1625047040064675,19.983753204345703
169.024,3,-35.356655499999995,149.1650795,99.88,4.113413979522125,28.85,-0.17,45.3,6.914283253773123,-1.1625047040064675,19.983753204345703
169.124,3,-35.3566293,149.1650794,99.874,4.333759724128145,28.8,-0.03,45.39999999999999,6.914283253773123,-1.1625047040064675,19.983753204345703
169.224,3,-35.356603199999995,149.1650795,99.924,4.308460703442417,28.73,0.1,45.499999999999986,6.914283253773123,-1.1625047040064675,19.983753204345703
169.324,3,-35.3565774,149.16507959999998,99.96000000000001,3.9643331480555495,28.66,0.11,45.60000000000001,6.914283253773123,-1.1625047040064675,19.983753204345703
169.424,3,-35.3565517,149.1650798,99.955,3.368043759691685,28.580000000000002,0.16,45.7,6.934007289442724,-1.1653955884014071,20.79827308654785
169.524,3,-35.3565262,149.16508,99.953,2.6474363906971257,28.48,0.19,45.8,6.934007289442724,-1.1653955884014071,20.79827308654785
169.624,3,-35.3565008,149.1650802,99.968,1.8567781746880923,28.37,0.21,45.89999999999999,6.934007289442724,-1.1653955884014071,20.79827308654785
169.724,3,-35.3564755,149.1650804,99.96600000000001,1.1511580550015392,28.27,0.2,45.999999999999986,6.934007289442724,-1.1653955884014071,20.79827308654785
169.824,3,-35.3564503,149.16508059999998,99.977,0.5972502038810151,28.18,0.2,46.10000000000001,6.934007289442724,-1.1653955884014071,20.79827308654785
169.924,3,-35.3564252,149.1650808,99.968,0.1707981383041454,28.060000000000002,0.2,46.2,6.93162621903516,-1.1652269783143347,21.265180587768555
170.024,3,-35.356400199999996,149.165081,99.902,-0.09803000991813034,27.94,0.24,46.3,6.93162621903516,-1.1652269783143347,21.265180587768555
170.124,3,-35.356375299999996,149.1650813,99.85900000000001,-0.204457777441431,27.8,0.27,46.39999999999999,6.93162621903516,-1.1652269783143347,21.265180587768555
170.224,3,-35.3563506,149.16508159999998,99.811,-0.29281004963588797,27.650000000000002,0.3,46.499999999999986,6.93162621903516,-1.1652269783143347,21.265180587768555
170.324,3,-35.3563259,149.16508199999998,99.803,-0.4179664359872016,27.52,0.3,46.60000000000001,6.93162621903516,-1.1652269783143347,21.265180587768555
170.425,3,-35.3563014,149.1650823,99.809,-0.6432604925643367,27.39,0.3,46.70100000000001,6.915905391672245,-1.1644138124707346,21.263731002807617
170.525,3,-35.3562765,149.1650826,99.797,-0.9243856359950666,27.3,0.28,46.801,6.915905391672245,-1.1644138124707346,21.263731002807617
170.625,3,-35.3562519,149.1650829,99.79,-1.2174995756881672,27.2,0.26,46.900999999999996,6.915905391672245,-1.1644138124707346,21.263731002807617
170.725,3,-35.3562273,149.1650831,99.78,-1.4557882272438103,27.12,0.24,47.00099999999999,6.915905391672245,-1.1644138124707346,21.263731002807617
170.824,3,-35.3562029,149.1650834,99.774,-1.671019120656842,27.03,0.2,47.10000000000001,6.915905391672245,-1.1644138124707346,21.263731002807617
170.924,3,-35.3561784,149.16508349999998,99.758,-1.848208848600665,26.95,0.14,47.2,6.899276286298002,-1.1629045615864817,20.467411041259766
171.024,3,-35.356154,149.1650836,99.77,-1.9631551693598674,26.85,0.07,47.3,6.899276286298002,-1.1629045615864817,20.467411041259766
171.124,3,-35.3561297,149.1650836,99.775,-2.008945611329279,26.77,0.0,47.39999999999999,6.899276286298002,-1.1629045615864817,20.467411041259766
171.224,3,-35.3561056,149.1650836,99.796,-1.9072993764313841,26.69,-0.06,47.499999999999986,6.899276286298002,-1.1629045615864817,20.467411041259766
171.324,3,-35.356081599999996,149.1650834,99.854,-1.6411354422124498,26.6,-0.09,47.60000000000001,6.899276286298002,-1.1629045615864817,20.467411041259766
171.424,3,-35.356057799999995,149.1650833,99.834,-1.2128649721711964,26.51,-0.1,47.7,6.877286074401413,-1.1611023836140497,20.46033477783203
171.524,3,-35.356034199999996,149.1650831,99.787,-0.6752729488739517,26.41,-0.1,47.8,6.877286074401413,-1.1611023836140497,20.46033477783203
171.624,3,-35.3560106,149.1650831,99.74000000000001,-0.13290402200528986,26.3,-0.11,47.89999999999999,6.877286074401413,-1.1611023836140497,20.46033477783203
171.724,3,-35.3559872,149.16508299999998,99.71900000000001,0.3514014667290936,26.22,-0.07,47.999999999999986,6.877286074401413,-1.1611023836140497,20.46033477783203
171.824,3,-35.3559638,149.1650829,99.703,0.7068640145282887,26.16,-0.06,48.10000000000001,6.877286074401413,-1.1611023836140497,20.46033477783203
171.924,3,-35.355940499999996,149.1650827,99.671,0.9614527524556085,26.14,-0.06,48.2,6.850466520027958,-1.1600741636210905,20.32015037536621
172.024,3,-35.3559171,149.1650826,99.598,1.0915639074412375,26.150000000000002,-0.05,48.3,6.850466520027958,-1.1600741636210905,20.32015037536621
172.124,3,-35.3558938,149.16508249999998,99.511,1.125357122133522,26.2,-0.02,48.39999999999999,6.850466520027958,-1.1600741636210905,20.32015037536621
172.224,3,-35.3558703,149.16508249999998,99.45400000000001,1.0685124458792676,26.25,-0.02,48.499999999999986,6.850466520027958,-1.1600741636210905,20.32015037536621
172.324,3,-35.3558468,149.1650824,99.404,1.0346463402619346,26.32,0.01,48.60000000000001,6.850466520027958,-1.1600741636210905,20.32015037536621
172.424,3,-35.355823199999996,149.1650824,99.345,0.992588916839052,26.400000000000002,0.04,48.7,6.828973685138314,-1.1593737817510283,18.80631446838379
172.525,3,-35.3557996,149.16508249999998,99.336,0.9418452003392059,26.5,0.07,48.801,6.828973685138314,-1.1593737817510283,18.80631446838379
172.625,3,-35.3557756,149.16508249999998,99.334,0.8380975616936213,26.61,0.09,48.900999999999996,6.828973685138314,-1.1593737817510283,18.80631446838379
172.725,3,-35.355751399999995,149.1650826,99.376,0.6905141958417178,26.75,0.13,49.00099999999999,6.828973685138314,-1.1593737817510283,18.80631446838379
172.82500000000002,3,-35.3557272,149.1650827,99.44800000000001,0.47991961349294937,26.900000000000002,0.13,49.10100000000001,6.828973685138314,-1.1593737817510283,18.80631446838379
172.924,3,-35.3557026,149.1650827,99.492,0.15048363492822006,27.05,0.07,49.2,6.84033316543517,-1.1593850971533086,18.416030883789062
173.024,3,-35.355678,149.1650827,99.555,-0.23106962185061553,27.18,0.01,49.3,6.84033316543517,-1.1593850971533086,18.416030883789062
173.124,3,-35.3556532,149.1650826,99.578,-0.558825747405492,27.310000000000002,-0.05,49.39999999999999,6.84033316543517,-1.1593850971533086,18.416030883789062
173.224,3,-35.3556284,149.16508249999998,99.644,-0.6446469676049964,27.41,-0.08,49.499999999999986,6.84033316543517,-1.1593850971533086,18.416030883789062
173.324,3,-35.3556034,149.1650824,99.73,-0.5495215890129065,27.52,-0.1,49.60000000000001,6.84033316543517,-1.1593850971533086,18.416030883789062
173.424,3,-35.3555784,149.1650822,99.808,-0.3169622388712877,27.650000000000002,-0.12,49.7,6.859528838932916,-1.1598292811580855,19.439077377319336
173.524,3,-35.3555535,149.16508199999998,99.789,0.024133986514457428,27.73,-0.12,49.8,6.859528838932916,-1.1598292811580855,19.439077377319336
173.624,3,-35.3555285,149.1650819,99.791,0.42391606436281165,27.8,-0.11,49.89999999999999,6.859528838932916,-1.1598292811580855,19.439077377319336
173.724,3,-35.3555036,149.1650817,99.777,0.8608577797205136,27.84,-0.09,49.999999999999986,6.859528838932916,-1.1598292811580855,19.439077377319336
173.824,3,-35.3554786,149.16508159999998,99.744,1.2486235737971518,27.87,-0.06,50.10000000000001,6.859528838932916,-1.1598292811580855,19.439077377319336
173.924,3,-35.3554537,149.1650814,99.70100000000001,1.5146379909062864,27.900000000000002,-0.05,50.2,6.866412707080616,-1.1613637693967722,19.938711166381836
174.024,3,-35.3554288,149.1650813,99.653,1.619518533819594,27.91,-0.05,50.3,6.866412707080616,-1.1613637693967722,19.938711166381836
174.124,3,-35.3554038,149.1650812,99.627,1.5996967912396882,27.93,-0.05,50.39999999999999,6.866412707080616,-1.1613637693967722,19.938711166381836
174.224,3,-35.3553788,149.16508109999998,99.611,1.549769602510776,27.94,-0.05,50.499999999999986,6.866412707080616,-1.1613637693967722,19.938711166381836
174.324,3,-35.3553539,149.165081,99.61200000000001,1.4782320154130606,27.94,-0.06,50.60000000000001,6.866412707080616,-1.1613637693967722,19.938711166381836
174.424,3,-35.355328899999996,149.1650809,99.641,1.350607156007022,27.96,-0.03,50.7,6.871886453661716,-1.1632232970547793,19.87095832824707
174.524,3,-35.355303899999996,149.1650808,99.674,1.3130852983581454,27.990000000000002,-0.03,50.8,6.871886453661716,-1.1632232970547793,19.87095832824707
174.625,3,-35.3552788,149.1650807,99.663,1.2822560656005293,28.01,-0.02,50.900999999999996,6.871886453661716,-1.1632232970547793,19.87095832824707
174.725,3,-35.3552533,149.1650807,99.675,1.2645065383817817,28.03,-0.01,51.00099999999999,6.871886453661716,-1.1632232970547793,19.87095832824707
174.82500000000002,3,-35.355228,149.16508059999998,99.706,1.2912433138877966,28.05,0.0,51.10100000000001,6.871886453661716,-1.1632232970547793,19.87095832824707
174.925,3,-35.3552025,149.1650805,99.699,1.3138191168070987,28.07,0.0,51.20100000000001,6.8842618239538655,-1.1664968450867719,19.87360954284668
175.024,3,-35.3551771,149.1650805,99.712,1.3412771176007845,28.060000000000002,0.03,51.3,6.8842618239538655,-1.1664968450867719,19.87360954284668
175.124,3,-35.3551516,149.1650805,99.794,1.2868342133351418,28.060000000000002,0.05,51.39999999999999,6.8842618239538655,-1.1664968450867719,19.87360954284668
175.224,3,-35.3551262,149.1650805,99.916,1.2519349348841387,28.1,0.05,51.499999999999986,6.8842618239538655,-1.1664968450867719,19.87360954284668
175.324,3,-35.3551007,149.1650805,99.96900000000001,1.1841221487616074,28.12,0.05,51.60000000000001,6.8842618239538655,-1.1664968450867719,19.87360954284668
175.424,3,-35.3550752,149.1650805,99.98100000000001,1.1637869680551869,28.1,0.06,51.7,6.896852897384989,-1.1693842423040102,20.10989761352539
175.524,3,-35.35505,149.1650805,99.98700000000001,1.08146632652702,28.060000000000002,0.07,51.8,6.896852897384989,-1.1693842423040102,20.10989761352539
175.624,3,-35.3550249,149.1650805,100.014,0.9536470201730475,28.01,0.06,51.89999999999999,6.896852897384989,-1.1693842423040102,20.10989761352539
175.724,3,-35.354999899999996,149.1650805,100.06700000000001,0.7960730085561195,27.96,0.04,51.999999999999986,6.896852897384989,-1.1693842423040102,20.10989761352539
175.824,3,-35.354974899999995,149.1650805,100.132,0.7122805679835205,27.93,0.05,52.10000000000001,6.896852897384989,-1.1693842423040102,20.10989761352539
175.924,3,-35.354949999999995,149.16508059999998,100.2,0.6733173803372124,27.91,0.05,52.2,6.900091970563861,-1.1726010099638597,20.574260711669922
176.024,3,-35.354925099999996,149.16508059999998,100.22800000000001,0.6272884153553792,27.86,0.03,52.3,6.900091970563861,-1.1726010099638597,20.574260711669922
176.124,3,-35.3549003,149.1650805,100.148,0.5739471992585183,27.8,0.0,52.39999999999999,6.900091970563861,-1.1726010099638597,20.574260711669922
176.224,3,-35.3548755,149.1650805,100.09400000000001,0.5748063623509119,27.72,0.0,52.499999999999986,6.900091970563861,-1.1726010099638597,20.574260711669922
176.324,3,-35.3548508,149.1650805,100.105,0.6324843750447606,27.650000000000002,0.0,52.60000000000001,6.900091970563861,-1.1726010099638597,20.574260711669922
176.424,3,-35.3548261,149.1650805,100.10600000000001,0.7303770474677634,27.6,-0.03,52.7,6.8969259535893315,-1.1759922570197519,20.413583755493164
176.524,3,-35.3548015,149.1650805,100.089,0.902929343769412,27.55,0.0,52.8,6.8969259535893315,-1.1759922570197519,20.413583755493164
176.624,3,-35.3547769,149.1650805,100.09400000000001,1.0615145969094721,27.5,0.0,52.89999999999999,6.8969259535893315,-1.1759922570197519,20.413583755493164
176.725,3,-35.3547521,149.1650805,100.07000000000001,1.150058501266873,27.47,0.01,53.00099999999999,6.8969259535893315,-1.1759922570197519,20.413583755493164
176.82500000000002,3,-35.3547276,149.1650805,100.051,1.2469976686095714,27.43,0.05,53.10100000000001,6.8969259535893315,-1.1759922570197519,20.413583755493164
176.925,3,-35.3547028,149.1650805,99.979,1.488324366963695,27.41,0.18,53.20100000000001,6.893632112676561,-1.1801939983122736,20.31829261779785
177.024,3,-35.3546781,149.1650808,99.927,1.7190177414405778,27.400000000000002,0.36,53.3,6.893632112676561,-1.1801939983122736,20.31829261779785
177.124,3,-35.3546532,149.1650813,99.958,1.7947361513622815,27.400000000000002,0.52,53.39999999999999,6.893632112676561,-1.1801939983122736,20.31829261779785
177.224,3,-35.354628399999996,149.1650819,99.94,1.5794394106567824,27.42,0.59,53.499999999999986,6.893632112676561,-1.1801939983122736,20.31829261779785
177.324,3,-35.354603499999996,149.1650827,99.857,0.9495404756562831,27.45,0.67,53.60000000000001,6.893632112676561,-1.1801939983122736,20.31829261779785
177.424,3,-35.354578599999996,149.16508349999998,99.831,-0.035508596025002545,27.5,0.68,53.7,6.893399468523707,-1.1829963690524494,19.691099166870117
177.524,3,-35.3545537,149.1650842,99.81400000000001,-1.289655081462357,27.53,0.66,53.8,6.893399468523707,-1.1829963690524494,19.691099166870117
177.624,3,-35.354528699999996,149.165085,99.806,-2.5452044670779017,27.57,0.62,53.89999999999999,6.893399468523707,-1.1829963690524494,19.691099166870117
177.724,3,-35.3545039,149.1650856,99.837,-3.658672364300547,27.6,0.58,53.999999999999986,6.893399468523707,-1.1829963690524494,19.691099166870117
177.824,3,-35.3544791,149.1650862,99.883,-4.534405495620555,27.650000000000002,0.46,54.10000000000001,6.893399468523707,-1.1829963690524494,19.691099166870117
177.924,3,-35.3544544,149.1650867,99.938,-5.142657746872286,27.68,0.37,54.2,6.899626587930661,-1.1815247637078528,19.8449649810791
178.024,3,-35.354429599999996,149.1650871,99.976,-5.505208029997971,27.71,0.23,54.3,6.899626587930661,-1.1815247637078528,19.8449649810791
178.124,3,-35.3544048,149.1650872,100.038,-5.659191229741323,27.72,0.05,54.39999999999999,6.899626587930661,-1.1815247637078528,19.8449649810791
178.224,3,-35.3543801,149.1650872,100.11200000000001,-5.521166340106882,27.75,-0.1,54.499999999999986,6.899626587930661,-1.1815247637078528,19.8449649810791
178.324,3,-35.3543553,149.165087,100.16,-5.026766939016917,27.77,-0.17,54.60000000000001,6.899626587930661,-1.1815247637078528,19.8449649810791
178.424,3,-35.354330499999996,149.16508679999998,100.162,-4.207307736268644,27.78,-0.22,54.7,6.904104282151288,-1.1800432666971488,19.615989685058594
178.524,3,-35.3543057,149.1650865,100.128,-3.116197396076978,27.79,-0.24,54.8,6.904104282151288,-1.1800432666971488,19.615989685058594
178.624,3,-35.3542808,149.1650862,100.10600000000001,-1.943399060629017,27.8,-0.28,54.89999999999999,6.904104282151288,-1.1800432666971488,19.615989685058594
178.724,3,-35.3542559,149.165086,100.11200000000001,-0.8654436114179425,27.830000000000002,-0.27,54.999999999999986,6.904104282151288,-1.1800432666971488,19.615989685058594
178.82500000000002,3,-35.354230799999996,149.1650857,100.051,0.09991392816965058,27.87,-0.25,55.10100000000001,6.904104282151288,-1.1800432666971488,19.615989685058594
178.925,3,-35.3542056,149.16508539999998,99.989,0.7573511720474363,27.93,-0.25,55.20100000000001,6.9159868987736015,-1.1816325521995457,19.513938903808594
179.025,3,-35.3541804,149.1650851,99.907,1.1139114326318729,27.98,-0.28,55.301,6.9159868987736015,-1.1816325521995457,19.513938903808594
179.124,3,-35.354155,149.1650848,99.808,1.2628596090181625,28.05,-0.31,55.39999999999999,6.9159868987736015,-1.1816325521995457,19.513938903808594
179.224,3,-35.3541296,149.16508439999998,99.77,1.3220434116197344,28.1,-0.33,55.499999999999986,6.9159868987736015,-1.1816325521995457,19.513938903808594
179.324,3,-35.354104,149.1650841,99.732,1.42396285408443,28.17,-0.33,55.60000000000001,6.9159868987736015,-1.1816325521995457,19.513938903808594
179.424,3,-35.3540785,149.1650837,99.73,1.543585506547564,28.21,-0.35000000000000003,55.7,6.9284039556508095,-1.184295295692047,20.390899658203125
179.524,3,-35.3540529,149.1650833,99.736,1.7486644976981356,28.22,-0.34,55.8,6.9284039556508095,-1.184295295692047,20.390899658203125
179.624,3,-35.3540274,149.1650829,99.742,2.0708623433725024,28.21,-0.33,55.89999999999999,6.9284039556508095,-1.184295295692047,20.390899658203125
179.724,3,-35.354002,149.1650826,99.753,2.4407271187690367,28.150000000000002,-0.27,55.999999999999986,6.9284039556508095,-1.184295295692047,20.390899658203125
179.824,3,-35.3539768,149.1650823,99.828,2.7419610861682244,28.080000000000002,-0.21,56.10000000000001,6.9284039556508095,-1.184295295692047,20.390899658203125
179.924,3,-35.353951699999996,149.1650821,99.907,2.9232281168814276,28.03,-0.2,56.2,6.929972647594509,-1.1880549877344193,20.655115127563477
180.024,3,-35.353926699999995,149.1650819,99.967,3.200609142708227,27.96,-0.18,56.3,6.929972647594509,-1.1880549877344193,20.655115127563477
180.124,3,-35.353901799999996,149.1650817,100.009,3.8265208480590256,27.89,-0.16,56.39999999999999,6.929972647594509,-1.1880549877344193,20.655115127563477
180.224,3,-35.353877,149.16508159999998,100.062,5.101424321739742,27.82,-0.08,56.499999999999986,6.929972647594509,-1.1880549877344193,20.655115127563477
180.324,3,-35.3538522,149.16508159999998,100.108,7.2043290034994785,27.77,-0.03,56.60000000000001,6.929972647594509,-1.1880549877344193,20.655115127563477
180.424,3,-35.3538274,149.16508159999998,100.11500000000001,10.09257950819786,27.71,0.0,56.7,6.926842942970078,-1.191871284336349,20.244102478027344
180.524,3,-35.353802699999996,149.1650817,100.031,13.660474816447529,27.63,0.16,56.8,6.926842942970078,-1.191871284336349,20.244102478027344
180.624,3,-35.3537781,149.1650821,99.973,17.44481711194761,27.52,0.64,56.89999999999999,6.926842942970078,-1.191871284336349,20.244102478027344
180.72400000000002,3,-35.3537536,149.16508299999998,100.008,21.063828702172007,27.43,1.11,57.000000000000014,6.926842942970078,-1.191871284336349,20.244102478027344
180.82500000000002,3,-35.353729099999995,149.1650843,100.022,24.456670530862482,27.44,1.04,57.10100000000001,6.926842942970078,-1.191871284336349,20.244102478027344
180.925,3,-35.3537041,149.1650857,99.947,27.535492704914326,27.34,1.62,57.20100000000001,6.924759968059619,-1.1960248568728145,20.0781192779541
181.025,3,-35.3536795,149.165088,99.925,29.902182280627716,27.27,2.19,57.301,6.924759968059619,-1.1960248568728145,20.0781192779541
181.125,3,-35.353654899999995,149.1650909,99.901,31.86764434637976,27.17,2.7800000000000002,57.400999999999996,6.924759968059619,-1.1960248568728145,20.0781192779541
181.22400000000002,3,-35.3536304,149.16509449999998,99.888,33.28630537284267,27.04,3.48,57.500000000000014,6.924759968059619,-1.1960248568728145,20.0781192779541
181.324,3,-35.3536059,149.16509879999998,99.88,34.191008324640464,26.89,4.19,57.60000000000001,6.924759968059619,-1.1960248568728145,20.0781192779541
181.424,3,-35.3535816,149.1651039,99.907,34.5479847465166,26.79,4.74,57.7,6.926652732104018,-1.1979247880465684,19.944515228271484
181.524,3,-35.3535574,149.1651095,99.938,34.63478962067829,26.67,5.3,57.8,6.926652732104018,-1.1979247880465684,19.944515228271484
181.624,3,-35.353533299999995,149.1651157,99.95400000000001,34.6226250537665,26.59,5.71,57.89999999999999,6.926652732104018,-1.1979247880465684,19.944515228271484
181.72400000000002,3,-35.3535095,149.1651225,99.98,34.41543468038874,26.37,6.36,58.000000000000014,6.926652732104018,-1.1979247880465684,19.944515228271484
181.824,3,-35.353485899999995,149.1651298,100.008,34.15409115217655,26.23,6.79,58.10000000000001,6.926652732104018,-1.1979247880465684,19.944515228271484
181.924,3,-35.3534625,149.1651375,100.018,34.0009719713632,26.09,7.2,58.2,6.928576770725255,-1.197499301477708,19.932344436645508
182.024,3,-35.3534393,149.16514569999998,100.028,33.956947987067885,25.91,7.66,58.3,6.928576770725255,-1.197499301477708,19.932344436645508
182.124,3,-35.3534162,149.1651544,100.034,34.06964269327851,25.740000000000002,8.13,58.39999999999999,6.928576770725255,-1.197499301477708,19.932344436645508
182.22400000000002,3,-35.3533934,149.1651636,100.055,34.29840621914975,25.490000000000002,8.73,58.500000000000014,6.928576770725255,-1.197499301477708,19.932344436645508
182.324,3,-35.3533707,149.1651734,100.08,34.70551622953377,25.39,9.05,58.60000000000001,6.928576770725255,-1.197499301477708,19.932344436645508
182.424,3,-35.3533481,149.1651836,100.075,35.2204510212502,25.25,9.43,58.7,6.9314115041622975,-1.195708061926552,20.037160873413086
182.524,3,-35.3533257,149.1651943,100.071,35.61829929511969,24.91,10.120000000000001,58.8,6.9314115041622975,-1.195708061926552,20.037160873413086
182.624,3,-35.353303499999996,149.1652058,100.10300000000001,35.88656180496111,24.68,10.58,58.89999999999999,6.9314115041622975,-1.195708061926552,20.037160873413086
182.72400000000002,3,-35.353281599999995,149.1652177,100.127,36.214940224782396,24.29,11.24,59.000000000000014,6.9314115041622975,-1.195708061926552,20.037160873413086
182.824,3,-35.35326,149.1652302,100.165,36.600439516632505,24.04,11.64,59.10000000000001,6.9314115041622975,-1.195708061926552,20.037160873413086
182.925,3,-35.3532388,149.1652435,100.22,36.95962891979972,23.39,12.450000000000001,59.20100000000001,6.936756431822808,-1.1902696281687248,20.097721099853516
183.025,3,-35.3532179,149.1652576,100.31,37.17485842583058,22.91,13.0,59.301,6.936756431822808,-1.1902696281687248,20.097721099853516
183.125,3,-35.3531973,149.1652722,100.382,37.329135323708236,22.51,13.43,59.400999999999996,6.936756431822808,-1.1902696281687248,20.097721099853516
183.225,3,-35.3531772,149.16528739999998,100.465,37.11896357275778,22.09,13.85,59.50099999999999,6.936756431822808,-1.1902696281687248,20.097721099853516
183.324,3,-35.3531573,149.165303,100.533,36.62664353738326,21.62,14.290000000000001,59.60000000000001,6.936756431822808,-1.1902696281687248,20.097721099853516
183.424,3,-35.3531379,149.16531899999998,100.619,35.76416481503448,21.330000000000002,14.530000000000001,59.7,6.9401873354478525,-1.182210440961407,21.073135375976562
183.524,4,-35.3531185,149.1653352,100.677,34.983204400429806,21.21,14.61,59.8,6.9401873354478525,-1.182210440961407,21.073135375976562
183.624,4,-35.3530994,149.16535149999999,100.68,34.51145347974078,21.03,14.71,59.89999999999999,6.9401873354478525,-1.182210440961407,21.073135375976562
183.72400000000002,4,-35.3530805,149.165368,100.669,34.315546578871896,20.71,14.93,60.000000000000014,6.9401873354478525,-1.182210440961407,21.073135375976562
183.824,4,-35.3530618,149.16538459999998,100.631,34.69693409684165,20.36,15.15,60.10000000000001,6.9401873354478525,-1.182210440961407,21.073135375976562
183.924,4,-35.3530437,149.16540129999998,100.571,35.62949397516934,19.88,15.450000000000001,60.2,6.93348788487936,-1.186800661156639,21.006290435791016
184.024,4,-35.3530261,149.1654185,100.541,36.882174574611774,19.32,15.8,60.3,6.93348788487936,-1.186800661156639,21.006290435791016
184.124,4,-35.353009199999995,149.165436,100.526,38.363331831980304,18.650000000000002,16.240000000000002,60.39999999999999,6.93348788487936,-1.186800661156639,21.006290435791016
184.22400000000002,4,-35.352992799999996,149.1654539,100.529,39.76354110240043,18.0,16.6,60.500000000000014,6.93348788487936,-1.186800661156639,21.006290435791016
184.324,4,-35.3529771,149.16547219999998,100.532,40.85294261463912,17.29,16.96,60.60000000000001,6.93348788487936,-1.186800661156639,21.006290435791016
184.424,4,-35.352962,149.1654908,100.537,41.48534299970143,16.64,17.26,60.7,6.922396837430908,-1.2074119223743351,21.490283966064453
184.524,4,-35.3529477,149.1655099,100.57000000000001,41.48106047109184,15.73,17.69,60.8,6.922396837430908,-1.2074119223743351,21.490283966064453
184.624,4,-35.3529339,149.1655293,100.59,41.15566001374867,15.19,17.85,60.89999999999999,6.922396837430908,-1.2074119223743351,21.490283966064453
184.72400000000002,4,-35.3529207,149.1655489,100.61,40.44299466065495,14.450000000000001,18.09,61.000000000000014,6.922396837430908,-1.2074119223743351,21.490283966064453
184.824,4,-35.352908,149.1655686,100.633,39.412592322466836,13.93,18.19,61.10000000000001,6.922396837430908,-1.2074119223743351,21.490283966064453
184.924,4,-35.3528957,149.16558849999998,100.646,38.223753501196505,13.46,18.26,61.2,6.909447406819598,-1.2409848433237707,21.406614303588867
185.025,4,-35.3528839,149.1656085,100.647,36.94258076763137,12.98,18.32,61.301,6.909447406819598,-1.2409848433237707,21.406614303588867
185.125,4,-35.3528722,149.1656288,100.635,35.82727234787082,12.620000000000001,18.36,61.400999999999996,6.909447406819598,-1.2409848433237707,21.406614303588867
185.225,4,-35.352860899999996,149.1656491,100.59400000000001,35.1895649058234,12.26,18.400000000000002,61.50099999999999,6.909447406819598,-1.2409848433237707,21.406614303588867
185.32500000000002,4,-35.3528501,149.1656696,100.534,34.936024868737945,11.47,18.67,61.60100000000001,6.909447406819598,-1.2409848433237707,21.406614303588867
185.424,4,-35.3528399,149.1656904,100.525,34.75042813842119,11.15,18.73,61.7,6.900777854384865,-1.2708398647748007,20.503742218017578
185.524,4,-35.352829899999996,149.1657112,100.485,34.95773804010942,10.71,18.85,61.8,6.900777854384865,-1.2708398647748007,20.503742218017578
185.624,4,-35.3528205,149.16573219999998,100.44500000000001,35.33328233124423,10.120000000000001,19.03,61.89999999999999,6.900777854384865,-1.2708398647748007,20.503742218017578
185.72400000000002,4,-35.3528115,149.1657534,100.412,35.70860122613643,9.56,19.2,62.000000000000014,6.900777854384865,-1.2708398647748007,20.503742218017578
185.824,4,-35.3528032,149.16577479999998,100.416,35.95930673471633,8.91,19.400000000000002,62.10000000000001,6.900777854384865,-1.2708398647748007,20.503742218017578
185.924,4,-35.3527953,149.1657962,100.401,36.243046453217,8.73,19.43,62.2,6.893251876575241,-1.2747444607722127,19.71129035949707
186.024,4,-35.352787899999996,149.1658177,100.382,36.42147831509441,7.8100000000000005,19.61,62.3,6.893251876575241,-1.2747444607722127,19.71129035949707
186.124,4,-35.3527813,149.1658392,100.427,36.2650260019661,7.1000000000000005,19.71,62.39999999999999,6.893251876575241,-1.2747444607722127,19.71129035949707
186.22400000000002,4,-35.352775099999995,149.1658608,100.46000000000001,36.05707064740131,6.84,19.740000000000002,62.500000000000014,6.893251876575241,-1.2747444607722127,19.71129035949707
186.324,4,-35.3527692,149.1658824,100.46900000000001,35.71906507594489,6.07,19.81,62.60000000000001,6.893251876575241,-1.2747444607722127,19.71129035949707
186.424,4,-35.352764,149.1659041,100.509,35.003613005669806,5.84,19.82,62.7,6.885653239917194,-1.2688546400418406,19.769493103027344
186.524,4,-35.352759,149.1659257,100.517,34.38689815003643,5.41,19.86,62.8,6.885653239917194,-1.2688546400418406,19.769493103027344
186.624,4,-35.352754399999995,149.1659475,100.522,33.77306221913821,4.8100000000000005,19.89,62.89999999999999,6.885653239917194,-1.2688546400418406,19.769493103027344
186.72400000000002,4,-35.3527501,149.1659692,100.529,33.1535094199047,4.43,19.89,63.000000000000014,6.885653239917194,-1.2688546400418406,19.769493103027344
186.824,4,-35.3527463,149.165991,100.539,32.71452291666422,4.3,19.87,63.10000000000001,6.885653239917194,-1.2688546400418406,19.769493103027344
186.924,4,-35.3527425,149.16601269999998,100.476,32.71547231295885,3.98,19.830000000000002,63.2,6.8780822793083125,-1.2586357288858392,20.08062744140625
187.024,4,-35.3527391,149.1660344,100.422,32.830660038216536,3.49,19.79,63.3,6.8780822793083125,-1.2586357288858392,20.08062744140625
187.125,4,-35.3527361,149.1660561,100.369,33.20360202727757,3.0500000000000003,19.72,63.400999999999996,6.8780822793083125,-1.2586357288858392,20.08062744140625
187.225,4,-35.3527336,149.1660779,100.33500000000001,33.84626135647324,2.65,19.67,63.50099999999999,6.8780822793083125,-1.2586357288858392,20.08062744140625
187.32500000000002,4,-35.352731299999995,149.1660996,100.29,34.683430812852535,2.15,19.61,63.60100000000001,6.8780822793083125,-1.2586357288858392,20.08062744140625
187.425,4,-35.352729599999996,149.1661213,100.25,35.620003427317606,1.52,19.54,63.70100000000001,6.869591582020416,-1.2400292683021845,19.680179595947266
187.524,4,-35.3527285,149.166143,100.249,36.4385640333032,1.02,19.51,63.8,6.869591582020416,-1.2400292683021845,19.680179595947266
187.624,4,-35.3527276,149.1661647,100.21000000000001,37.228830580652016,0.76,19.51,63.89999999999999,6.869591582020416,-1.2400292683021845,19.680179595947266
187.72400000000002,4,-35.352727,149.1661864,100.114,38.0465271677076,0.21,19.42,64.00000000000001,6.869591582020416,-1.2400292683021845,19.680179595947266
187.824,4,-35.3527272,149.1662079,100.037,38.67205979755946,-0.75,19.19,64.10000000000001,6.869591582020416,-1.2400292683021845,19.680179595947266
187.924,4,-35.3527282,149.1662292,100.02,39.114778999181354,-1.49,19.03,64.2,6.856683214174907,-1.1989796815829286,19.191177368164062
188.024,4,-35.3527298,149.1662502,100.007,39.51853197158832,-2.18,18.830000000000002,64.3,6.856683214174907,-1.1989796815829286,19.191177368164062
188.124,4,-35.3527322,149.1662708,100.012,39.797029519901,-3.12,18.51,64.39999999999999,6.856683214174907,-1.1989796815829286,19.191177368164062
188.22400000000002,4,-35.3527353,149.166291,100.065,39.58195369312647,-3.95,18.21,64.50000000000001,6.856683214174907,-1.1989796815829286,19.191177368164062
188.324,4,-35.352739,149.16631089999998,100.123,38.99264497153777,-4.3100000000000005,18.09,64.60000000000001,6.856683214174907,-1.1989796815829286,19.191177368164062
188.424,4,-35.352743,149.1663307,100.134,38.06681965973171,-4.71,17.92,64.7,6.8400049189002505,-1.159104590971109,19.881196975708008
188.524,4,-35.3527474,149.16635019999998,100.123,36.77147428363879,-5.3,17.57,64.8,6.8400049189002505,-1.159104590971109,19.881196975708008
188.624,4,-35.3527524,149.1663692,100.134,35.16889675339495,-6.09,17.05,64.89999999999999,6.8400049189002505,-1.159104590971109,19.881196975708008
188.72400000000002,4,-35.352758,149.1663877,100.21000000000001,33.46832308403434,-6.32,16.87,65.00000000000001,6.8400049189002505,-1.159104590971109,19.881196975708008
188.824,4,-35.352763599999996,149.16640619999998,100.235,32.28504745184299,-6.4,16.81,65.10000000000001,6.8400049189002505,-1.159104590971109,19.881196975708008
188.924,4,-35.3527693,149.1664245,100.217,31.505815075098333,-6.67,16.59,65.2,6.818966430603646,-1.1246220266522051,19.80350112915039
189.024,4,-35.352775199999996,149.1664427,100.21300000000001,30.912828296641578,-6.79,16.47,65.3,6.818966430603646,-1.1246220266522051,19.80350112915039
189.124,4,-35.352781199999995,149.16646079999998,100.15,30.986321132110916,-6.7700000000000005,16.41,65.39999999999999,6.818966430603646,-1.1246220266522051,19.80350112915039
189.225,4,-35.352787299999996,149.1664788,100.068,31.758269112105758,-7.04,16.15,65.50099999999999,6.818966430603646,-1.1246220266522051,19.80350112915039
189.32500000000002,4,-35.3527938,149.1664965,99.992,33.10963569977112,-7.55,15.72,65.60100000000001,6.818966430603646,-1.1246220266522051,19.80350112915039
189.425,4,-35.352800699999996,149.1665137,99.921,34.88607911043223,-7.97,15.3,65.70100000000001,6.797892521387283,-1.094531227069826,20.92258644104004
189.524,4,-35.3528081,149.1665306,99.858,36.72204761971,-8.290000000000001,14.94,65.8,6.797892521387283,-1.094531227069826,20.92258644104004
189.624,4,-35.3528157,149.1665469,99.77,38.55275688332685,-8.84,14.31,65.89999999999999,6.797892521387283,-1.094531227069826,20.92258644104004
189.72400000000002,4,-35.352823799999996,149.1665625,99.7,39.91944700039514,-9.41,13.6,66.00000000000001,6.797892521387283,-1.094531227069826,20.92258644104004
189.824,4,-35.3528325,149.1665773,99.677,40.70937545338004,-9.950000000000001,12.9,66.10000000000001,6.797892521387283,-1.094531227069826,20.92258644104004
189.924,4,-35.3528416,149.1665914,99.68900000000001,40.82201210298272,-10.25,12.46,66.2,6.793436810252625,-1.0888734255449561,21.29340171813965
190.024,4,-35.3528509,149.1666051,99.693,40.620658126250746,-10.43,12.13,66.3,6.793436810252625,-1.0888734255449561,21.29340171813965
190.124,4,-35.352860199999995,149.16661829999998,99.656,40.423491055479985,-10.74,11.56,66.39999999999999,6.793436810252625,-1.0888734255449561,21.29340171813965
190.22400000000002,4,-35.3528699,149.16663069999998,99.649,40.0894162578909,-11.13,10.78,66.50000000000001,6.793436810252625,-1.0888734255449561,21.29340171813965
190.324,4,-35.3528799,149.1666421,99.693,39.53663538798343,-11.53,9.92,66.60000000000001,6.793436810252625,-1.0888734255449561,21.29340171813965
190.424,4,-35.352890099999996,149.1666529,99.756,38.9932289527118,-11.55,9.64,66.7,6.797475670697153,-1.0952181491657205,21.484346389770508
190.524,4,-35.352900399999996,149.1666632,99.78,38.66651026885883,-11.74,8.950000000000001,66.8,6.797475670697153,-1.0952181491657205,21.484346389770508
190.624,4,-35.3529108,149.1666726,99.816,38.29612277054738,-11.91,8.22,66.89999999999999,6.797475670697153,-1.0952181491657205,21.484346389770508
190.72400000000002,4,-35.3529214,149.1666812,99.87,37.78396786582314,-12.07,7.38,67.00000000000001,6.797475670697153,-1.0952181491657205,21.484346389770508
190.824,4,-35.3529321,149.166689,99.974,36.95700612715844,-12.17,6.76,67.10000000000001,6.797475670697153,-1.0952181491657205,21.484346389770508
190.924,4,-35.3529428,149.1666964,100.051,36.119344897158896,-12.05,6.73,67.2,6.810212193069015,-1.1059393951751355,20.959001541137695
191.024,4,-35.3529535,149.1667036,100.089,35.32973746306499,-12.040000000000001,6.48,67.3,6.810212193069015,-1.1059393951751355,20.959001541137695
191.124,4,-35.3529641,149.1667105,100.072,34.720952457058,-12.07,6.0200000000000005,67.39999999999999,6.810212193069015,-1.1059393951751355,20.959001541137695
191.22400000000002,4,-35.3529749,149.16671689999998,100.047,34.157034963708824,-12.09,5.58,67.50000000000001,6.810212193069015,-1.1059393951751355,20.959001541137695
191.32500000000002,4,-35.3529857,149.1667229,100.01,33.783211880244856,-12.11,5.16,67.60100000000001,6.810212193069015,-1.1059393951751355,20.959001541137695
191.425,4,-35.352996499999996,149.16672839999998,99.96600000000001,33.626967887886224,-12.14,4.7700000000000005,67.70100000000001,6.825396207176115,-1.1147288066773147,20.118999481201172
191.525,4,-35.3530075,149.1667335,99.91,33.69580936453079,-12.21,4.34,67.801,6.825396207176115,-1.1147288066773147,20.118999481201172
191.624,4,-35.3530185,149.1667381,99.855,33.89120741630651,-12.280000000000001,4.0,67.89999999999999,6.825396207176115,-1.1147288066773147,20.118999481201172
191.72400000000002,4,-35.3530296,149.1667425,99.76,34.25664985765887,-12.41,3.5500000000000003,68.00000000000001,6.825396207176115,-1.1147288066773147,20.118999481201172
191.824,4,-35.353040899999996,149.1667464,99.667,34.56719123846267,-12.48,3.2600000000000002,68.10000000000001,6.825396207176115,-1.1147288066773147,20.118999481201172
191.924,4,-35.3530522,149.1667498,99.535,34.879453826937315,-12.6,2.7800000000000002,68.2,6.834870860735232,-1.1178311025710819,19.591007232666016
192.024,4,-35.3530637,149.1667524,99.437,34.96868683334895,-12.83,1.8800000000000001,68.3,6.834870860735232,-1.1178311025710819,19.591007232666016
192.124,4,-35.3530754,149.16675419999999,99.368,34.94716149217965,-12.96,1.48,68.39999999999999,6.834870860735232,-1.1178311025710819,19.591007232666016
192.22400000000002,4,-35.353087099999996,149.1667555,99.304,34.77519781944624,-13.16,0.67,68.50000000000001,6.834870860735232,-1.1178311025710819,19.591007232666016
192.324,4,-35.353099,149.166756,99.284,34.248504857073634,-13.31,0.24,68.60000000000001,6.834870860735232,-1.1178311025710819,19.591007232666016
192.424,4,-35.353111,149.166756,99.247,33.51729212528875,-13.44,-0.21,68.7,6.836235157096813,-1.1185234295158248,19.013418197631836
192.524,4,-35.3531231,149.1667554,99.224,32.45041657693275,-13.57,-0.81,68.8,6.836235157096813,-1.1185234295158248,19.013418197631836
192.624,4,-35.3531353,149.16675429999998,99.203,31.166959145090246,-13.66,-1.28,68.89999999999999,6.836235157096813,-1.1185234295158248,19.013418197631836
192.72400000000002,4,-35.3531476,149.1667527,99.179,29.89587460092921,-13.71,-1.79,69.00000000000001,6.836235157096813,-1.1185234295158248,19.013418197631836
192.824,4,-35.3531599,149.16675039999998,99.188,28.53457521066336,-13.73,-2.56,69.10000000000001,6.836235157096813,-1.1185234295158248,19.013418197631836
192.924,4,-35.353172199999996,149.16674759999998,99.253,27.043626877119614,-13.8,-2.74,69.2,6.822335734144973,-1.1175738217389297,19.13234519958496
193.024,4,-35.3531847,149.1667446,99.256,25.900958427091282,-13.88,-2.93,69.3,6.822335734144973,-1.1175738217389297,19.13234519958496
193.124,4,-35.3531972,149.1667412,99.259,24.86933519258902,-13.9,-3.31,69.39999999999999,6.822335734144973,-1.1175738217389297,19.13234519958496
193.22400000000002,4,-35.3532097,149.1667374,99.278,24.015780112390868,-13.93,-3.66,69.50000000000001,6.822335734144973,-1.1175738217389297,19.13234519958496
193.32500000000002,4,-35.3532223,149.1667334,99.256,23.57609692985505,-14.0,-3.74,69.60100000000001,6.822335734144973,-1.1175738217389297,19.13234519958496
193.425,4,-35.353235,149.1667292,99.206,23.578883647036417,-14.040000000000001,-4.03,69.70100000000001,6.80538583685607,-1.1186703710542352,19.139799118041992
193.525,4,-35.3532478,149.1667245,99.145,23.952592324831787,-14.07,-4.34,69.801,6.80538583685607,-1.1186703710542352,19.139799118041992
193.625,4,-35.3532606,149.1667196,99.087,24.664373168427986,-14.09,-4.7,69.901,6.80538583685607,-1.1186703710542352,19.139799118041992
193.72400000000002,4,-35.3532735,149.1667141,99.052,25.7009499976258,-14.120000000000001,-5.25,70.00000000000001,6.80538583685607,-1.1186703710542352,19.139799118041992
193.824,4,-35.3532864,149.1667082,99.033,27.01661006385763,-14.21,-5.34,70.10000000000001,6.80538583685607,-1.1186703710542352,19.139799118041992
193.924,4,-35.3532994,149.166702,98.959,28.669988833600737,-14.21,-5.9,70.2,6.7819945618012305,-1.1212611388612934,19.71929168701172
194.024,4,-35.3533124,149.1666953,98.905,30.1918642637063,-14.22,-6.32,70.3,6.7819945618012305,-1.1212611388612934,19.71929168701172
194.124,4,-35.353325399999996,149.1666879,98.876,31.485993866126954,-14.22,-6.84,70.39999999999999,6.7819945618012305,-1.1212611388612934,19.71929168701172
194.22400000000002,4,-35.3533383,149.1666799,98.86500000000001,32.55128822569009,-14.15,-7.46,70.50000000000001,6.7819945618012305,-1.1212611388612934,19.71929168701172
194.324,4,-35.3533511,149.16667139999998,98.86500000000001,33.534248069903306,-14.040000000000001,-8.1,70.60000000000001,6.7819945618012305,-1.1212611388612934,19.71929168701172
194.424,4,-35.353363699999996,149.1666622,98.885,34.438066512203584,-13.93,-8.67,70.7,6.756057891028947,-1.126479822838326,19.06723403930664
194.524,4,-35.3533762,149.1666524,98.929,35.12252318402514,-13.8,-9.26,70.8,6.756057891028947,-1.126479822838326,19.06723403930664
194.624,4,-35.3533885,149.16664179999998,98.98400000000001,35.63789169275387,-13.620000000000001,-9.92,70.89999999999999,6.756057891028947,-1.126479822838326,19.06723403930664
194.72400000000002,4,-35.3534007,149.16663069999998,99.05,36.05479960950228,-13.55,-10.35,71.00000000000001,6.756057891028947,-1.126479822838326,19.06723403930664
194.824,4,-35.3534128,149.1666191,99.09700000000001,36.12558769006029,-13.450000000000001,-10.81,71.10000000000001,6.756057891028947,-1.126479822838326,19.06723403930664
194.924,4,-35.3534248,149.1666069,99.138,35.399422468072046,-13.19,-11.450000000000001,71.2,6.7154701762561,-1.142691161024703,19.094369888305664
195.024,4,-35.3534365,149.166594,99.197,33.70562093127351,-12.91,-12.040000000000001,71.3,6.7154701762561,-1.142691161024703,19.094369888305664
195.124,4,-35.353448,149.16658049999998,99.277,31.082937573015332,-12.68,-12.540000000000001,71.39999999999999,6.7154701762561,-1.142691161024703,19.094369888305664
195.22400000000002,4,-35.3534593,149.1665665,99.363,27.353910418282247,-12.51,-12.89,71.50000000000001,6.7154701762561,-1.142691161024703,19.094369888305664
195.324,4,-35.3534705,149.16655219999998,99.462,22.65844906203279,-12.370000000000001,-13.16,71.60000000000001,6.7154701762561,-1.142691161024703,19.094369888305664
195.425,4,-35.353481599999995,149.1665377,99.556,17.46805000040941,-12.39,-13.24,71.70100000000001,6.6745009807742655,-1.1674854787134201,19.86957359313965
195.525,4,-35.353493,149.1665229,99.60900000000001,12.239429200190635,-12.38,-13.3,71.801,6.6745009807742655,-1.1674854787134201,19.86957359313965
195.625,4,-35.3535043,149.16650819999998,99.626,7.525085785980679,-12.46,-13.24,71.901,6.6745009807742655,-1.1674854787134201,19.86957359313965
195.725,4,-35.353515699999996,149.1664935,99.619,3.719992095121629,-12.48,-13.24,72.00099999999999,6.6745009807742655,-1.1674854787134201,19.86957359313965
195.824,4,-35.3535271,149.1664789,99.64,0.996890548633985,-12.52,-13.21,72.10000000000001,6.6745009807742655,-1.1674854787134201,19.86957359313965
195.924,4,-35.3535386,149.1664643,99.59400000000001,-0.6802089344880495,-12.59,-13.15,72.2,6.641735444652548,-1.1910834414069684,20.065364837646484
196.024,4,-35.3535501,149.16644979999998,99.483,-1.470296189371152,-12.66,-13.09,72.3,6.641735444652548,-1.1910834414069684,20.065364837646484
196.124,4,-35.3535618,149.1664353,99.404,-1.5405776619918197,-12.73,-13.06,72.39999999999999,6.641735444652548,-1.1910834414069684,20.065364837646484
196.22400000000002,4,-35.3535734,149.1664209,99.357,-1.11513264911113,-12.77,-13.05,72.50000000000001,6.641735444652548,-1.1910834414069684,20.065364837646484
196.324,4,-35.3535849,149.1664066,99.32000000000001,-0.46346563442153577,-12.8,-13.06,72.60000000000001,6.641735444652548,-1.1910834414069684,20.065364837646484
196.424,4,-35.3535965,149.1663922,99.268,0.21046902426191658,-12.8,-13.07,72.7,6.6082364163178395,-1.2090250405477287,19.762737274169922
196.524,4,-35.353608,149.16637799999998,99.266,0.7900789305900515,-12.780000000000001,-13.1,72.8,6.6082364163178395,-1.2090250405477287,19.762737274169922
196.624,4,-35.3536195,149.1663637,99.305,1.1899771149841893,-12.780000000000001,-13.120000000000001,72.89999999999999,6.6082364163178395,-1.2090250405477287,19.762737274169922
196.72400000000002,4,-35.3536309,149.1663494,99.318,1.3520966708546136,-12.780000000000001,-13.13,73.00000000000001,6.6082364163178395,-1.2090250405477287,19.762737274169922
196.824,4,-35.3536424,149.166335,99.33800000000001,1.428226386230399,-12.76,-13.16,73.10000000000001,6.6082364163178395,-1.2090250405477287,19.762737274169922
196.924,4,-35.3536538,149.1663207,99.38,1.3377922270201972,-12.780000000000001,-13.16,73.2,6.5730067555195575,-1.224531430935428,20.09266471862793
197.024,4,-35.353665299999996,149.1663064,99.417,1.1362813693807226,-12.77,-13.16,73.3,6.5730067555195575,-1.224531430935428,20.09266471862793
197.124,4,-35.3536767,149.166292,99.435,0.9929757830225099,-12.73,-13.18,73.39999999999999,6.5730067555195575,-1.224531430935428,20.09266471862793
197.22400000000002,4,-35.3536881,149.1662777,99.426,0.7981732917258985,-12.700000000000001,-13.16,73.50000000000001,6.5730067555195575,-1.224531430935428,20.09266471862793
197.324,4,-35.3536995,149.1662633,99.386,0.5819368664009936,-12.65,-13.15,73.60000000000001,6.5730067555195575,-1.224531430935428,20.09266471862793
197.424,4,-35.3537108,149.166249,99.461,0.31766884328526673,-12.61,-13.120000000000001,73.7,6.541831363744411,-1.2368764372599739,20.575531005859375
197.525,4,-35.3537221,149.1662347,99.524,0.05180446688930093,-12.58,-13.08,73.801,6.541831363744411,-1.2368764372599739,20.575531005859375
197.625,4,-35.3537335,149.1662203,99.57900000000001,-0.1416886191134915,-12.56,-13.030000000000001,73.901,6.541831363744411,-1.2368764372599739,20.575531005859375
197.725,4,-35.3537448,149.166206,99.61200000000001,-0.28775923146636934,-12.5,-12.99,74.00099999999999,6.541831363744411,-1.2368764372599739,20.575531005859375
197.82500000000002,4,-35.3537561,149.16619169999998,99.639,-0.42899257578299715,-12.44,-12.91,74.10100000000001,6.541831363744411,-1.2368764372599739,20.575531005859375
197.924,4,-35.353767399999995,149.1661775,99.711,-0.5498740908071026,-12.36,-12.88,74.2,6.517905590126519,-1.243222424554365,20.71003532409668
198.024,4,-35.3537785,149.1661632,99.74000000000001,-0.5865357715073808,-12.26,-12.86,74.3,6.517905590126519,-1.243222424554365,20.71003532409668
198.124,4,-35.3537896,149.166149,99.781,-0.6607855306749729,-12.18,-12.83,74.39999999999999,6.517905590126519,-1.243222424554365,20.71003532409668
198.22400000000002,4,-35.3538006,149.16613479999998,99.783,-0.8224708359245726,-12.11,-12.81,74.50000000000001,6.517905590126519,-1.243222424554365,20.71003532409668
198.324,4,-35.3538116,149.1661206,99.778,-1.0252862063346666,-12.06,-12.780000000000001,74.60000000000001,6.517905590126519,-1.243222424554365,20.71003532409668
198.424,4,-35.3538225,149.16610649999998,99.776,-1.3197225346841053,-12.040000000000001,-12.74,74.7,6.498550236608516,-1.2459278492609926,20.514482498168945
198.524,4,-35.3538333,149.1660925,99.753,-1.7468966526418659,-12.0,-12.700000000000001,74.8,6.498550236608516,-1.2459278492609926,20.514482498168945
198.624,4,-35.353844099999996,149.1660786,99.688,-2.1911473107417163,-11.98,-12.65,74.89999999999999,6.498550236608516,-1.2459278492609926,20.514482498168945
198.72400000000002,4,-35.3538548,149.1660648,99.633,-2.604071733100126,-11.950000000000001,-12.58,75.00000000000001,6.498550236608516,-1.2459278492609926,20.514482498168945
198.824,4,-35.3538655,149.1660511,99.62,-2.923743582720352,-11.96,-12.5,75.10000000000001,6.498550236608516,-1.2459278492609926,20.514482498168945
198.924,4,-35.3538761,149.1660375,99.634,-3.1510898443388116,-11.94,-12.44,75.2,6.485355343064599,-1.2455505551371078,20.46265411376953
199.024,4,-35.3538868,149.166024,99.622,-3.2447106069619416,-11.88,-12.41,75.3,6.485355343064599,-1.2455505551371078,20.46265411376953
199.124,4,-35.3538973,149.1660105,99.647,-3.1808637061479548,-11.84,-12.33,75.39999999999999,6.485355343064599,-1.2455505551371078,20.46265411376953
199.22400000000002,4,-35.353907899999996,149.165997,99.712,-3.0737548140179305,-11.78,-12.27,75.50000000000001,6.485355343064599,-1.2455505551371078,20.46265411376953
199.324,4,-35.3539184,149.1659837,99.762,-2.9828486247030574,-11.73,-12.22,75.60000000000001,6.485355343064599,-1.2455505551371078,20.46265411376953
199.424,4,-35.3539288,149.1659703,99.819,-2.9562042701942493,-11.67,-12.16,75.7,6.478896051827637,-1.2398468300828103,20.65711212158203
199.524,4,-35.3539392,149.16595709999999,99.843,-2.9991704289418606,-11.61,-12.08,75.8,6.478896051827637,-1.2398468300828103,20.65711212158203
199.625,4,-35.3539495,149.1659439,99.877,-3.0684814810918573,-11.57,-11.97,75.901,6.478896051827637,-1.2398468300828103,20.65711212158203
199.725,4,-35.3539601,149.1659306,99.96900000000001,-3.128009781359692,-11.53,-11.9,76.00099999999999,6.478896051827637,-1.2398468300828103,20.65711212158203
199.82500000000002,4,-35.3539704,149.1659175,100.005,-3.187897306889187,-11.48,-11.84,76.10100000000001,6.478896051827637,-1.2398468300828103,20.65711212158203
199.924,4,-35.353980799999995,149.1659044,99.97800000000001,-3.301796687714673,-11.44,-11.74,76.2,6.4761472842056325,-1.2330447400762654,20.53484344482422
200.024,4,-35.3539911,149.1658915,99.98400000000001,-3.420308153777211,-11.4,-11.59,76.3,6.4761472842056325,-1.2330447400762654,20.53484344482422
200.124,4,-35.3540014,149.16587869999998,100.001,-3.4595755516458486,-11.34,-11.48,76.39999999999999,6.4761472842056325,-1.2330447400762654,20.53484344482422
200.22400000000002,4,-35.3540116,149.1658661,100.0,-3.4019035687283767,-11.290000000000001,-11.36,76.50000000000001,6.4761472842056325,-1.2330447400762654,20.53484344482422
200.324,4,-35.3540219,149.1658535,100.001,-3.24029104768212,-11.24,-11.25,76.60000000000001,6.4761472842056325,-1.2330447400762654,20.53484344482422
200.424,4,-35.354032,149.1658411,99.962,-2.9877405342526675,-11.18,-11.16,76.7,6.47948185224487,-1.2209669140794348,20.641063690185547
200.524,4,-35.354042,149.16582889999998,99.925,-2.614128546322735,-11.14,-11.06,76.8,6.47948185224487,-1.2209669140794348,20.641063690185547
200.624,4,-35.354051999999996,149.1658168,99.895,-2.1687088586577548,-11.08,-11.0,76.89999999999999,6.47948185224487,-1.2209669140794348,20.641063690185547
200.72400000000002,4,-35.3540619,149.1658047,99.861,-1.7202430133446547,-11.07,-10.96,77.00000000000001,6.47948185224487,-1.2209669140794348,20.641063690185547
200.824,4,-35.3540717,149.1657927,99.85000000000001,-1.3372458118865962,-11.0,-10.92,77.10000000000001,6.47948185224487,-1.2209669140794348,20.641063690185547
200.924,4,-35.3540815,149.1657808,99.772,-1.0194246233663264,-10.950000000000001,-10.89,77.2,6.487738734471277,-1.2025170837292303,20.521211624145508
201.024,4,-35.3540912,149.1657689,99.735,-0.7628878941433779,-10.870000000000001,-10.870000000000001,77.3,6.487738734471277,-1.2025170837292303,20.521211624145508
201.124,4,-35.3541009,149.16575709999998,99.687,-0.5629632945777858,-10.76,-10.83,77.39999999999999,6.487738734471277,-1.2025170837292303,20.521211624145508
201.22400000000002,4,-35.354110399999996,149.1657452,99.70700000000001,-0.4041654251193826,-10.63,-10.78,77.50000000000001,6.487738734471277,-1.2025170837292303,20.521211624145508
201.324,4,-35.3541198,149.1657335,99.718,-0.4139675736715707,-10.51,-10.700000000000001,77.60000000000001,6.487738734471277,-1.2025170837292303,20.521211624145508
201.424,4,-35.354129199999996,149.1657218,99.72200000000001,-0.580122650763562,-10.38,-10.61,77.7,6.50696211174999,-1.1760133510543533,20.81231689453125
201.524,4,-35.3541384,149.1657102,99.765,-0.9175274857381391,-10.24,-10.51,77.8,6.50696211174999,-1.1760133510543533,20.81231689453125
201.624,4,-35.354147499999996,149.1656987,99.83200000000001,-1.692730157594197,-10.13,-10.42,77.89999999999999,6.50696211174999,-1.1760133510543533,20.81231689453125
201.725,4,-35.354156499999995,149.16568719999998,99.833,-3.4621940754189025,-10.02,-10.36,78.00099999999999,6.50696211174999,-1.1760133510543533,20.81231689453125
201.82500000000002,4,-35.3541655,149.1656759,99.781,-6.400959165114816,-9.950000000000001,-10.25,78.10100000000001,6.50696211174999,-1.1760133510543533,20.81231689453125
201.925,4,-35.3541744,149.16566459999999,99.712,-10.407141309101858,-9.92,-10.1,78.20100000000001,6.5368730020623005,-1.1438766561086975,20.85940170288086
202.024,4,-35.3541834,149.16565359999998,99.629,-15.38012947302821,-10.040000000000001,-9.76,78.3,6.5368730020623005,-1.1438766561086975,20.85940170288086
202.124,4,-35.3541926,149.1656429,99.581,-20.71512193183347,-10.14,-9.46,78.39999999999999,6.5368730020623005,-1.1438766561086975,20.85940170288086
202.22400000000002,4,-35.3542019,149.1656327,99.526,-25.821152789281562,-10.38,-8.99,78.50000000000001,6.5368730020623005,-1.1438766561086975,20.85940170288086
202.324,4,-35.3542115,149.16562299999998,99.491,-30.023288364801214,-10.73,-8.41,78.60000000000001,6.5368730020623005,-1.1438766561086975,20.85940170288086
202.424,4,-35.3542214,149.16561389999998,99.46900000000001,-33.08154654680944,-10.99,-7.96,78.7,6.5691776973972,-1.1130537398978009,20.098976135253906
202.524,4,-35.3542315,149.1656056,99.48100000000001,-34.766991347158466,-11.47,-7.2,78.8,6.5691776973972,-1.1130537398978009,20.098976135253906
202.624,4,-35.3542419,149.1655978,99.479,-35.441335923913826,-11.61,-6.97,78.89999999999999,6.5691776973972,-1.1130537398978009,20.098976135253906
202.72400000000002,4,-35.3542525,149.1655906,99.458,-35.40181303428155,-11.99,-6.15,79.00000000000001,6.5691776973972,-1.1130537398978009,20.098976135253906
202.824,4,-35.3542634,149.16558419999998,99.494,-34.590967126963484,-12.31,-5.3500000000000005,79.10000000000001,6.5691776973972,-1.1130537398978009,20.098976135253906
202.924,4,-35.354274499999995,149.1655786,99.572,-33.226858821401464,-12.450000000000001,-5.01,79.2,6.595185561117335,-1.091343360966099,19.82634925842285
203.024,4,-35.3542857,149.1655734,99.632,-31.65263340640234,-12.57,-4.71,79.3,6.595185561117335,-1.091343360966099,19.82634925842285
203.124,4,-35.3542971,149.1655687,99.709,-29.712197153769228,-12.72,-4.18,79.39999999999999,6.595185561117335,-1.091343360966099,19.82634925842285
203.22400000000002,4,-35.354308599999996,149.1655644,99.799,-27.583140104564336,-12.82,-3.7800000000000002,79.50000000000001,6.595185561117335,-1.091343360966099,19.82634925842285
203.324,4,-35.354320099999995,149.1655605,99.9,-25.480162425157847,-12.870000000000001,-3.63,79.60000000000001,6.595185561117335,-1.091343360966099,19.82634925842285
203.424,4,-35.354331699999996,149.16555649999998,99.925,-23.851660911919215,-12.88,-3.75,79.7,6.607989464061016,-1.0767123441677007,19.245071411132812
203.524,4,-35.354343199999995,149.1655525,99.874,-22.751956059317557,-12.950000000000001,-3.45,79.8,6.607989464061016,-1.0767123441677007,19.245071411132812
203.624,4,-35.3543549,149.165549,99.84400000000001,-22.064162840086443,-13.02,-3.17,79.89999999999999,6.607989464061016,-1.0767123441677007,19.245071411132812
203.72400000000002,4,-35.3543667,149.1655458,99.83200000000001,-21.9050757814858,-13.120000000000001,-2.92,80.00000000000001,6.607989464061016,-1.0767123441677007,19.245071411132812
203.82500000000002,4,-35.3543786,149.1655425,99.775,-22.36046498401806,-13.18,-2.9,80.10100000000001,6.607989464061016,-1.0767123441677007,19.245071411132812
203.925,4,-35.354390599999995,149.1655394,99.662,-23.26274492620779,-13.280000000000001,-2.8000000000000003,80.20100000000001,6.610777237668894,-1.0649708787150103,19.639785766601562
204.025,4,-35.3544027,149.1655365,99.553,-24.361034222103964,-13.41,-2.52,80.301,6.610777237668894,-1.0649708787150103,19.639785766601562
204.124,4,-35.354414999999996,149.16553399999998,99.459,-25.738335038047865,-13.530000000000001,-2.2600000000000002,80.39999999999999,6.610777237668894,-1.0649708787150103,19.639785766601562
204.22400000000002,4,-35.3544273,149.1655318,99.348,-27.074830596342817,-13.67,-1.8,80.50000000000001,6.610777237668894,-1.0649708787150103,19.639785766601562
204.324,4,-35.354439899999996,149.1655303,99.296,-27.594802652572135,-13.85,-1.11,80.60000000000001,6.610777237668894,-1.0649708787150103,19.639785766601562
204.424,4,-35.3544525,149.1655294,99.263,-27.04556835839119,-13.96,-0.74,80.7,6.610599364504822,-1.0566353494166059,19.350666046142578
204.524,4,-35.3544653,149.165529,99.25,-25.28568474137278,-14.05,-0.12,80.8,6.610599364504822,-1.0566353494166059,19.350666046142578
204.624,4,-35.3544781,149.16552919999998,99.276,-22.086987624745333,-14.1,0.29,80.89999999999999,6.610599364504822,-1.0566353494166059,19.350666046142578
204.72400000000002,4,-35.3544908,149.1655298,99.34400000000001,-17.612110642836026,-14.1,0.6900000000000001,81.00000000000001,6.610599364504822,-1.0566353494166059,19.350666046142578
204.824,4,-35.3545034,149.1655307,99.452,-12.420621312266379,-14.09,0.8,81.10000000000001,6.610599364504822,-1.0566353494166059,19.350666046142578
204.924,4,-35.354516,149.1655317,99.542,-7.1520264030432825,-14.09,0.76,81.2,6.605927751237618,-1.0495026910983423,19.752277374267578
205.024,4,-35.3545286,149.1655327,99.641,-2.2506963150204724,-14.030000000000001,0.78,81.3,6.605927751237618,-1.0495026910983423,19.752277374267578
205.124,4,-35.3545411,149.16553349999998,99.73,1.7812991415524566,-13.99,0.74,81.39999999999999,6.605927751237618,-1.0495026910983423,19.752277374267578
205.22400000000002,4,-35.354553599999996,149.1655343,99.762,4.787770509108531,-13.950000000000001,0.6900000000000001,81.50000000000001,6.605927751237618,-1.0495026910983423,19.752277374267578
205.324,4,-35.354566,149.1655351,99.782,6.731667106329902,-13.91,0.58,81.60000000000001,6.605927751237618,-1.0495026910983423,19.752277374267578
205.424,4,-35.3545784,149.1655358,99.801,7.79256453161484,-13.89,0.53,81.7,6.6017666787496685,-1.041115545521855,20.140331268310547
205.524,4,-35.3545908,149.16553639999998,99.74000000000001,8.225080284390375,-13.86,0.5,81.8,6.6017666787496685,-1.041115545521855,20.140331268310547
205.624,5,-35.3546032,149.165537,99.644,8.187604743961806,-13.82,0.41000000000000003,81.89999999999999,6.6017666787496685,-1.041115545521855,20.140331268310547
205.72400000000002,5,-35.3546155,149.1655374,99.583,7.858931772232562,-13.81,0.21,82.00000000000001,6.6017666787496685,-1.041115545521855,20.140331268310547
205.82500000000002,5,-35.354627799999996,149.1655377,99.601,7.400384460982817,-13.76,0.17,82.10100000000001,6.6017666787496685,-1.041115545521855,20.140331268310547
205.925,5,-35.3546403,149.1655379,99.58800000000001,7.014694350722775,-13.71,0.16,82.20100000000001,6.609803749667667,-1.037454841236063,20.36052703857422
206.025,5,-35.354652699999995,149.1655381,99.571,6.643123522137619,-13.620000000000001,0.11,82.301,6.609803749667667,-1.037454841236063,20.36052703857422
206.125,5,-35.354665,149.1655382,99.595,6.28671016398119,-13.51,0.0,82.401,6.609803749667667,-1.037454841236063,20.36052703857422
206.22400000000002,5,-35.3546772,149.1655381,99.65,5.992203932914465,-13.41,-0.09,82.50000000000001,6.609803749667667,-1.037454841236063,20.36052703857422
206.324,5,-35.3546893,149.165538,99.726,5.663653477703457,-13.33,-0.14,82.60000000000001,6.609803749667667,-1.037454841236063,20.36052703857422
206.424,5,-35.354701299999995,149.16553779999998,99.778,5.2166265611494085,-13.26,-0.19,82.7,6.620926349927105,-1.0351016012554124,20.199691772460938
206.524,5,-35.3547133,149.1655377,99.828,4.699786146654543,-13.21,-0.2,82.8,6.620926349927105,-1.0351016012554124,20.199691772460938
206.624,5,-35.3547253,149.1655375,99.824,4.10899655467642,-13.17,-0.23,82.89999999999999,6.620926349927105,-1.0351016012554124,20.199691772460938
206.72400000000002,5,-35.3547371,149.16553729999998,99.799,3.562099892738914,-13.120000000000001,-0.24,83.00000000000001,6.620926349927105,-1.0351016012554124,20.199691772460938
206.824,5,-35.3547489,149.1655371,99.74000000000001,3.057141659522344,-13.06,-0.28,83.10000000000001,6.620926349927105,-1.0351016012554124,20.199691772460938
206.924,5,-35.3547606,149.1655367,99.665,2.7610171005091484,-12.99,-0.39,83.2,6.636186971600741,-1.030498119483416,20.049863815307617
207.024,5,-35.3547722,149.16553629999999,99.625,2.564474778604035,-12.93,-0.53,83.3,6.636186971600741,-1.030498119483416,20.049863815307617
207.124,5,-35.3547837,149.1655357,99.66,2.299737713591399,-12.870000000000001,-0.6,83.39999999999999,6.636186971600741,-1.030498119483416,20.049863815307617
207.22400000000002,5,-35.3547952,149.165535,99.684,1.9071668280728036,-12.8,-0.65,83.50000000000001,6.636186971600741,-1.030498119483416,20.049863815307617
207.324,5,-35.354806599999996,149.1655343,99.667,1.3048823478866658,-12.71,-0.6900000000000001,83.60000000000001,6.636186971600741,-1.030498119483416,20.049863815307617
207.424,5,-35.3548179,149.16553349999998,99.667,0.555179920492586,-12.6,-0.71,83.7,6.662257459470519,-1.0290160615619532,20.4974422454834
207.524,5,-35.3548292,149.1655328,99.693,-0.27943437812646094,-12.48,-0.7000000000000001,83.8,6.662257459470519,-1.0290160615619532,20.4974422454834
207.624,5,-35.3548403,149.16553199999998,99.763,-1.1201907243566418,-12.38,-0.67,83.89999999999999,6.662257459470519,-1.0290160615619532,20.4974422454834
207.72400000000002,5,-35.3548513,149.1655313,99.795,-1.8771897681358523,-12.3,-0.64,84.00000000000001,6.662257459470519,-1.0290160615619532,20.4974422454834
207.824,5,-35.3548623,149.16553059999998,99.813,-2.5191564734610004,-12.22,-0.62,84.10000000000001,6.662257459470519,-1.0290160615619532,20.4974422454834
207.925,5,-35.3548733,149.16553,99.819,-2.9186109090024988,-12.16,-0.58,84.20100000000001,6.697226752367918,-1.0327774252615283,20.46979331970215
208.025,5,-35.3548842,149.1655294,99.839,-3.1220506547522673,-12.1,-0.58,84.301,6.697226752367918,-1.0327774252615283,20.46979331970215
208.125,5,-35.3548952,149.16552869999998,99.83,-3.2346640390230874,-12.06,-0.58,84.401,6.697226752367918,-1.0327774252615283,20.46979331970215
208.225,5,-35.3549061,149.1655281,99.785,-3.2677970732434076,-12.02,-0.54,84.50099999999999,6.697226752367918,-1.0327774252615283,20.46979331970215
208.324,5,-35.354917,149.1655275,99.758,-3.2970955965750006,-11.98,-0.53,84.60000000000001,6.697226752367918,-1.0327774252615283,20.46979331970215
208.424,5,-35.3549279,149.165527,99.746,-3.3334443692339275,-11.96,-0.44,84.7,6.731548835492932,-1.0379123841933928,19.863048553466797
208.524,5,-35.3549388,149.1655265,99.778,-3.3864073636054988,-11.950000000000001,-0.42,84.8,6.731548835492932,-1.0379123841933928,19.863048553466797
208.624,5,-35.3549497,149.1655261,99.836,-3.440817290864055,-11.94,-0.37,84.89999999999999,6.731548835492932,-1.0379123841933928,19.863048553466797
208.72400000000002,5,-35.3549606,149.1655257,99.9,-3.452017733885818,-11.93,-0.35000000000000003,85.00000000000001,6.731548835492932,-1.0379123841933928,19.863048553466797
208.824,5,-35.3549714,149.1655254,99.94500000000001,-3.398425294893548,-11.93,-0.29,85.10000000000001,6.731548835492932,-1.0379123841933928,19.863048553466797
208.924,5,-35.354982199999995,149.165525,99.996,-3.1770522471476763,-11.94,-0.35000000000000003,85.2,6.757835707346394,-1.0421312849806745,19.226526260375977
209.024,5,-35.354993,149.1655246,100.049,-2.847067238767554,-11.97,-0.41000000000000003,85.3,6.757835707346394,-1.0421312849806745,19.226526260375977
209.124,5,-35.3550037,149.1655242,100.10600000000001,-2.629686863478378,-12.02,-0.44,85.39999999999999,6.757835707346394,-1.0421312849806745,19.226526260375977
209.22400000000002,5,-35.3550146,149.1655237,100.12,-2.5607824210274086,-12.08,-0.45,85.50000000000001,6.757835707346394,-1.0421312849806745,19.226526260375977
209.324,5,-35.355025399999995,149.1655232,100.119,-2.6957954106812854,-12.15,-0.46,85.60000000000001,6.757835707346394,-1.0421312849806745,19.226526260375977
209.424,5,-35.355036399999996,149.1655227,100.087,-2.933454190729406,-12.22,-0.43,85.7,6.77251002655979,-1.0444034561651578,18.496898651123047
209.524,5,-35.3550474,149.1655222,100.06400000000001,-3.274324599655824,-12.31,-0.38,85.8,6.77251002655979,-1.0444034561651578,18.496898651123047
209.624,5,-35.3550585,149.1655219,100.07300000000001,-3.676955926935025,-12.44,-0.34,85.89999999999999,6.77251002655979,-1.0444034561651578,18.496898651123047
209.72400000000002,5,-35.3550697,149.16552149999998,100.038,-4.050189906583079,-12.57,-0.3,86.00000000000001,6.77251002655979,-1.0444034561651578,18.496898651123047
209.824,5,-35.355081,149.1655212,99.977,-4.304932483849283,-12.69,-0.23,86.10000000000001,6.77251002655979,-1.0444034561651578,18.496898651123047
209.924,5,-35.3550925,149.1655211,99.91,-4.450421489586078,-12.81,-0.12,86.2,6.772401539981791,-1.0471307805470917,18.46109962463379
210.025,5,-35.355104,149.1655211,99.868,-4.481637161640329,-12.93,0.03,86.301,6.772401539981791,-1.0471307805470917,18.46109962463379
210.125,5,-35.3551159,149.1655212,99.855,-4.31515428882903,-13.05,0.09,86.401,6.772401539981791,-1.0471307805470917,18.46109962463379
210.225,5,-35.3551278,149.1655214,99.81700000000001,-3.9246096216164017,-13.15,0.22,86.50099999999999,6.772401539981791,-1.0471307805470917,18.46109962463379
210.32500000000002,5,-35.3551399,149.1655217,99.839,-3.2517077088797963,-13.26,0.3,86.60100000000001,6.772401539981791,-1.0471307805470917,18.46109962463379
210.424,5,-35.355151899999996,149.1655221,99.879,-2.410273012807242,-13.370000000000001,0.34,86.7,6.763778806432429,-1.048092065449867,18.774168014526367
210.524,5,-35.3551642,149.1655226,99.886,-1.4820541465839174,-13.51,0.36,86.8,6.763778806432429,-1.048092065449867,18.774168014526367
210.624,5,-35.3551765,149.165523,99.914,-0.5669335021154144,-13.63,0.35000000000000003,86.89999999999999,6.763778806432429,-1.048092065449867,18.774168014526367
210.72400000000002,5,-35.355188999999996,149.1655235,99.91,0.2516163249778948,-13.74,0.34,87.00000000000001,6.763778806432429,-1.048092065449867,18.774168014526367
210.824,5,-35.3552015,149.16552389999998,99.873,0.9535841610883422,-13.82,0.33,87.10000000000001,6.763778806432429,-1.048092065449867,18.774168014526367
210.924,5,-35.355214,149.1655243,99.893,1.4273221332173127,-13.89,0.32,87.2,6.752553927360964,-1.0454780039279088,19.16239356994629
211.024,5,-35.3552265,149.1655247,99.962,1.6861310209172011,-13.94,0.35000000000000003,87.3,6.752553927360964,-1.0454780039279088,19.16239356994629
211.124,5,-35.355239,149.1655252,99.953,1.7986756764094978,-13.99,0.39,87.39999999999999,6.752553927360964,-1.0454780039279088,19.16239356994629
211.22400000000002,5,-35.355251599999995,149.1655257,99.938,1.986628181659674,-14.01,0.33,87.50000000000001,6.752553927360964,-1.0454780039279088,19.16239356994629
211.324,5,-35.3552641,149.1655261,100.029,2.174616545402993,-14.0,0.31,87.60000000000001,6.752553927360964,-1.0454780039279088,19.16239356994629
211.424,5,-35.355276599999996,149.1655264,100.053,2.3741003309628548,-13.98,0.29,87.7,6.747756661722631,-1.043426974866874,20.29513931274414
211.524,5,-35.355289,149.16552679999998,100.037,2.5461692312981663,-13.93,0.27,87.8,6.747756661722631,-1.043426974866874,20.29513931274414
211.624,5,-35.3553014,149.1655271,100.038,2.6324846797171446,-13.870000000000001,0.21,87.89999999999999,6.747756661722631,-1.043426974866874,20.29513931274414
211.72400000000002,5,-35.3553138,149.1655274,100.038,2.6248658171414068,-13.82,0.22,88.00000000000001,6.747756661722631,-1.043426974866874,20.29513931274414
211.824,5,-35.3553261,149.16552769999998,100.024,2.621392239061632,-13.77,0.17,88.10000000000001,6.747756661722631,-1.043426974866874,20.29513931274414
211.924,5,-35.3553384,149.165528,100.03,2.6044881611960853,-13.700000000000001,0.19,88.2,6.758210771216207,-1.0446989153736885,20.58818244934082
212.024,5,-35.3553506,149.16552819999998,99.98700000000001,2.5701310290104518,-13.63,0.16,88.3,6.758210771216207,-1.0446989153736885,20.58818244934082
212.125,5,-35.3553628,149.1655284,99.991,2.5394464041641696,-13.56,0.13,88.401,6.758210771216207,-1.0446989153736885,20.58818244934082
212.225,5,-35.3553749,149.1655286,100.008,2.4639732407223516,-13.450000000000001,0.12,88.50099999999999,6.758210771216207,-1.0446989153736885,20.58818244934082
212.32500000000002,5,-35.355387,149.1655288,99.976,2.4209673815001898,-13.33,0.08,88.60100000000001,6.758210771216207,-1.0446989153736885,20.58818244934082
212.424,5,-35.355399,149.1655289,100.011,2.3710873637652328,-13.18,0.03,88.7,6.7762686385489115,-1.0472815447316484,21.04945182800293
212.524,5,-35.3554108,149.165529,100.09100000000001,2.3019726795538737,-13.06,0.02,88.8,6.7762686385489115,-1.0472815447316484,21.04945182800293
212.624,5,-35.3554226,149.1655291,100.179,2.19307619885201,-12.92,-0.02,88.89999999999999,6.7762686385489115,-1.0472815447316484,21.04945182800293
212.72400000000002,5,-35.3554342,149.1655291,100.294,2.0659025588180153,-12.82,-0.03,89.00000000000001,6.7762686385489115,-1.0472815447316484,21.04945182800293
212.824,5,-35.3554458,149.1655291,100.352,1.939853552119546,-12.700000000000001,-0.05,89.10000000000001,6.7762686385489115,-1.0472815447316484,21.04945182800293
212.924,5,-35.3554572,149.1655291,100.342,1.7686229507831475,-12.56,-0.1,89.2,6.803575928546671,-1.050832213125548,20.69880485534668
213.024,5,-35.3554685,149.165529,100.333,1.5634746972455238,-12.42,-0.16,89.3,6.803575928546671,-1.050832213125548,20.69880485534668
213.124,5,-35.355479599999995,149.1655289,100.398,1.3236503203436858,-12.290000000000001,-0.19,89.39999999999999,6.803575928546671,-1.050832213125548,20.69880485534668
213.22400000000002,5,-35.355490599999996,149.16552869999998,100.411,1.0541282809306323,-12.16,-0.21,89.50000000000001,6.803575928546671,-1.050832213125548,20.69880485534668
213.324,5,-35.3555014,149.1655285,100.397,0.7653634108306844,-12.030000000000001,-0.25,89.60000000000001,6.803575928546671,-1.050832213125548,20.69880485534668
213.424,5,-35.355512,149.1655283,100.36,0.44581362416144604,-11.88,-0.26,89.7,6.840968764790276,-1.0559473317595682,20.962310791015625
213.524,5,-35.3555226,149.1655281,100.287,0.07263668059502536,-11.73,-0.27,89.8,6.840968764790276,-1.0559473317595682,20.962310791015625
213.624,5,-35.3555329,149.1655278,100.251,-0.2716591949321799,-11.57,-0.26,89.89999999999999,6.840968764790276,-1.0559473317595682,20.962310791015625
213.72400000000002,5,-35.3555432,149.1655276,100.24000000000001,-0.5835978830297761,-11.42,-0.25,90.00000000000001,6.840968764790276,-1.0559473317595682,20.962310791015625
213.824,5,-35.3555533,149.1655274,100.227,-0.8066351490556037,-11.290000000000001,-0.23,90.10000000000001,6.840968764790276,-1.0559473317595682,20.962310791015625
213.924,5,-35.3555633,149.16552719999999,100.208,-1.073206813551476,-11.16,-0.17,90.2,6.889544849867324,-1.064255014744088,20.5625057220459
214.024,5,-35.355573199999995,149.1655271,100.137,-1.338257213492287,-11.05,-0.11,90.3,6.889544849867324,-1.064255014744088,20.5625057220459
214.124,5,-35.3555831,149.1655271,100.128,-1.4994052816749828,-10.950000000000001,-0.02,90.39999999999999,6.889544849867324,-1.064255014744088,20.5625057220459
214.225,5,-35.3555929,149.1655271,100.098,-1.5417783879035667,-10.84,0.02,90.50099999999999,6.889544849867324,-1.064255014744088,20.5625057220459
214.32500000000002,5,-35.3556026,149.16552729999998,100.038,-1.3402196122181962,-10.75,0.06,90.60100000000001,6.889544849867324,-1.064255014744088,20.5625057220459
214.425,5,-35.3556123,149.16552729999998,100.006,-0.9284294281488316,-10.67,0.08,90.70100000000001,6.944012911498051,-1.0729605000636926,20.787490844726562
214.524,5,-35.355621899999996,149.1655275,100.014,-0.4487046351297862,-10.56,0.1,90.8,6.944012911498051,-1.0729605000636926,20.787490844726562
214.624,5,-35.3556314,149.1655276,99.999,0.03082122529462923,-10.450000000000001,0.08,90.89999999999999,6.944012911498051,-1.0729605000636926,20.787490844726562
214.72400000000002,5,-35.3556409,149.1655278,100.01,0.5180156872797831,-10.33,0.08,91.00000000000001,6.944012911498051,-1.0729605000636926,20.787490844726562
214.824,5,-35.3556502,149.1655279,100.059,0.9615368491597642,-10.200000000000001,0.02,91.10000000000001,6.944012911498051,-1.0729605000636926,20.787490844726562
214.924,5,-35.3556594,149.1655278,100.084,1.4732366925305482,-10.09,-0.11,91.2,7.007768785210369,-1.0815793383660177,20.672527313232422
215.024,5,-35.3556685,149.1655276,100.08,1.9214075590488686,-9.97,-0.29,91.3,7.007768785210369,-1.0815793383660177,20.672527313232422
215.124,5,-35.3556774,149.1655274,100.07300000000001,2.074920969843371,-9.85,-0.41000000000000003,91.39999999999999,7.007768785210369,-1.0815793383660177,20.672527313232422
215.22400000000002,5,-35.3556862,149.1655269,100.077,1.844942524073518,-9.75,-0.5,91.50000000000001,7.007768785210369,-1.0815793383660177,20.672527313232422
215.324,5,-35.355694899999996,149.16552629999998,100.048,1.187975656113964,-9.67,-0.52,91.60000000000001,7.007768785210369,-1.0815793383660177,20.672527313232422
215.424,5,-35.3557035,149.1655257,99.986,0.22328714155970167,-9.61,-0.54,91.7,7.075627178639307,-1.0923265594879012,19.922828674316406
215.524,5,-35.3557121,149.1655252,99.94,-0.9013593607556611,-9.57,-0.53,91.8,7.075627178639307,-1.0923265594879012,19.922828674316406
215.624,5,-35.3557207,149.1655246,99.848,-2.004760839802177,-9.52,-0.49,91.89999999999999,7.075627178639307,-1.0923265594879012,19.922828674316406
215.72400000000002,5,-35.3557292,149.1655241,99.743,-2.982599322798352,-9.53,-0.43,92.00000000000001,7.075627178639307,-1.0923265594879012,19.922828674316406
215.824,5,-35.3557377,149.1655237,99.70700000000001,-3.684543840216086,-9.540000000000001,-0.35000000000000003,92.10000000000001,7.075627178639307,-1.0923265594879012,19.922828674316406
215.924,5,-35.3557463,149.1655235,99.645,-4.172550184242919,-9.57,-0.21,92.2,7.138764160389067,-1.1056514658403438,19.512094497680664
216.024,5,-35.3557549,149.1655233,99.578,-4.497738051948165,-9.61,-0.1,92.3,7.138764160389067,-1.1056514658403438,19.512094497680664
216.124,5,-35.3557635,149.1655233,99.502,-4.513207576644597,-9.66,0.03,92.39999999999999,7.138764160389067,-1.1056514658403438,19.512094497680664
216.225,5,-35.3557723,149.16552339999998,99.48100000000001,-4.205254837536232,-9.74,0.16,92.50099999999999,7.138764160389067,-1.1056514658403438,19.512094497680664
216.32500000000002,5,-35.355781199999996,149.1655237,99.52,-3.615185830515545,-9.86,0.25,92.60100000000001,7.138764160389067,-1.1056514658403438,19.512094497680664
216.425,5,-35.3557902,149.165524,99.574,-2.7630309390972445,-10.01,0.28,92.70100000000001,7.184763595084748,-1.1149018103025448,18.063587188720703
216.525,5,-35.355799499999996,149.16552439999998,99.59700000000001,-1.7124382415574457,-10.18,0.29,92.801,7.184763595084748,-1.1149018103025448,18.063587188720703
216.624,5,-35.3558088,149.1655247,99.578,-0.6861013066685078,-10.33,0.3,92.89999999999999,7.184763595084748,-1.1149018103025448,18.063587188720703
216.72400000000002,5,-35.355818299999996,149.1655251,99.56400000000001,0.28393067031273916,-10.52,0.29,93.00000000000001,7.184763595084748,-1.1149018103025448,18.063587188720703
216.824,5,-35.355827999999995,149.1655254,99.643,1.1251560584398295,-10.69,0.26,93.10000000000001,7.184763595084748,-1.1149018103025448,18.063587188720703
216.924,5,-35.355837799999996,149.1655257,99.69200000000001,1.7517593204440918,-10.86,0.25,93.2,7.203442467948677,-1.1170871859977607,17.795846939086914
217.024,5,-35.3558478,149.165526,99.69800000000001,2.1550211595610493,-11.0,0.18,93.3,7.203442467948677,-1.1170871859977607,17.795846939086914
217.124,5,-35.355857799999995,149.1655262,99.757,2.3089565479802117,-11.120000000000001,0.14,93.39999999999999,7.203442467948677,-1.1170871859977607,17.795846939086914
217.22400000000002,5,-35.3558679,149.16552629999998,99.83,2.314427956392215,-11.26,0.11,93.50000000000001,7.203442467948677,-1.1170871859977607,17.795846939086914
217.324,5,-35.3558781,149.1655264,99.897,2.1980421732654323,-11.41,0.07,93.60000000000001,7.203442467948677,-1.1170871859977607,17.795846939086914
217.424,5,-35.3558884,149.1655265,99.93,2.000246511647622,-11.55,0.08,93.7,7.215896443646546,-1.11763903431843,18.86569595336914
217.524,5,-35.3558988,149.1655266,99.901,1.770422705629446,-11.66,0.08,93.8,7.215896443646546,-1.11763903431843,18.86569595336914
217.624,5,-35.3559094,149.1655267,99.895,1.540944677938002,-11.77,0.06,93.89999999999999,7.215896443646546,-1.11763903431843,18.86569595336914
217.72400000000002,5,-35.35592,149.16552679999998,99.858,1.3815818504496182,-11.86,0.06,94.00000000000001,7.215896443646546,-1.11763903431843,18.86569595336914
217.824,5,-35.3559306,149.1655269,99.796,1.276650401282653,-11.92,0.06,94.10000000000001,7.215896443646546,-1.11763903431843,18.86569595336914
217.924,5,-35.3559413,149.165527,99.763,1.0762577736763563,-11.98,0.11,94.2,7.23718196978828,-1.121308873695848,19.68910026550293
218.024,5,-35.355952099999996,149.16552719999999,99.738,0.8555568058726433,-12.030000000000001,0.16,94.3,7.23718196978828,-1.121308873695848,19.68910026550293
218.124,5,-35.3559629,149.1655275,99.751,0.7212084790023734,-12.09,0.2,94.39999999999999,7.23718196978828,-1.121308873695848,19.68910026550293
218.22400000000002,5,-35.3559738,149.16552769999998,99.743,0.8148412478174039,-12.14,0.21,94.50000000000001,7.23718196978828,-1.121308873695848,19.68910026550293
218.32500000000002,5,-35.3559847,149.165528,99.73,1.0931537406922638,-12.19,0.18,94.60100000000001,7.23718196978828,-1.121308873695848,19.68910026550293
218.425,5,-35.3559957,149.16552819999998,99.735,1.3846283282628555,-12.24,0.21,94.70100000000001,7.2548849475800194,-1.1237252779737799,19.460908889770508
218.525,5,-35.3560069,149.1655285,99.732,1.7267466340949762,-12.290000000000001,0.19,94.801,7.2548849475800194,-1.1237252779737799,19.460908889770508
218.625,5,-35.356018,149.16552869999998,99.741,2.165508061257958,-12.35,0.14,94.901,7.2548849475800194,-1.1237252779737799,19.460908889770508
218.72400000000002,5,-35.356029299999996,149.1655289,99.752,2.4357033011910807,-12.43,0.12,95.00000000000001,7.2548849475800194,-1.1237252779737799,19.460908889770508
218.824,5,-35.3560406,149.165529,99.71300000000001,2.6352577365201695,-12.51,0.09,95.10000000000001,7.2548849475800194,-1.1237252779737799,19.460908889770508
218.924,5,-35.356052,149.1655291,99.672,2.745753121818051,-12.6,0.01,95.2,7.259714815287014,-1.1213297276618586,19.168048858642578
219.024,5,-35.3560635,149.1655291,99.643,2.737454655419897,-12.69,-0.07,95.3,7.259714815287014,-1.1213297276618586,19.168048858642578
219.124,5,-35.3560751,149.1655291,99.622,2.593087081367453,-12.790000000000001,-0.12,95.39999999999999,7.259714815287014,-1.1213297276618586,19.168048858642578
219.22400000000002,5,-35.3560867,149.165529,99.666,2.339644161034256,-12.93,-0.15,95.50000000000001,7.259714815287014,-1.1213297276618586,19.168048858642578
219.324,5,-35.3560984,149.1655288,99.703,1.9305467790451687,-13.040000000000001,-0.14,95.60000000000001,7.259714815287014,-1.1213297276618586,19.168048858642578
219.424,5,-35.356110199999996,149.16552869999998,99.738,1.506746987980806,-13.14,-0.17,95.7,7.260373453138783,-1.1182701117393994,19.574647903442383
219.524,5,-35.356122,149.1655285,99.763,1.0569248165089293,-13.200000000000001,-0.2,95.8,7.260373453138783,-1.1182701117393994,19.574647903442383
219.624,5,-35.356133899999996,149.1655283,99.83500000000001,0.6573623252403271,-13.24,-0.21,95.89999999999999,7.260373453138783,-1.1182701117393994,19.574647903442383
219.72400000000002,5,-35.3561457,149.1655281,99.921,0.295998734122079,-13.25,-0.21,96.00000000000001,7.260373453138783,-1.1182701117393994,19.574647903442383
219.824,5,-35.3561575,149.1655279,99.995,0.023061440041460473,-13.27,-0.23,96.10000000000001,7.260373453138783,-1.1182701117393994,19.574647903442383
219.924,5,-35.3561694,149.1655276,100.035,-0.10669230395150645,-13.290000000000001,-0.31,96.2,7.262368774151256,-1.1165777529842786,19.777002334594727
220.024,5,-35.356181299999996,149.16552719999999,100.08200000000001,-0.18034786334173392,-13.32,-0.38,96.3,7.262368774151256,-1.1165777529842786,19.777002334594727
220.124,5,-35.3561932,149.16552679999998,100.162,-0.32658039920270865,-13.39,-0.42,96.39999999999999,7.262368774151256,-1.1165777529842786,19.777002334594727
220.22400000000002,5,-35.3562052,149.1655264,100.194,-0.589480703617567,-13.49,-0.43,96.50000000000001,7.262368774151256,-1.1165777529842786,19.777002334594727
220.324,5,-35.3562173,149.165526,100.156,-0.9677518944176527,-13.58,-0.43,96.60000000000001,7.262368774151256,-1.1165777529842786,19.777002334594727
220.425,5,-35.3562295,149.1655255,100.083,-1.3855097428309044,-13.68,-0.41000000000000003,96.70100000000001,7.255634372163191,-1.1149272087788638,19.119516372680664
220.525,5,-35.356242,149.1655251,100.006,-1.9049771121135797,-13.77,-0.39,96.801,7.255634372163191,-1.1149272087788638,19.119516372680664
220.625,5,-35.3562545,149.1655248,99.921,-2.3859684249759865,-13.88,-0.32,96.901,7.255634372163191,-1.1149272087788638,19.119516372680664
220.725,5,-35.3562671,149.1655245,99.935,-2.788335722755084,-14.01,-0.24,97.00099999999999,7.255634372163191,-1.1149272087788638,19.119516372680664
220.824,5,-35.3562799,149.1655243,99.983,-3.05986839910506,-14.13,-0.22,97.10000000000001,7.255634372163191,-1.1149272087788638,19.119516372680664
220.924,5,-35.3562927,149.1655241,99.998,-3.1657094373704004,-14.21,-0.16,97.2,7.232297717313776,-1.1135021367482936,18.994884490966797
221.024,5,-35.3563056,149.165524,100.047,-3.1268977411854495,-14.27,-0.12,97.3,7.232297717313776,-1.1135021367482936,18.994884490966797
221.124,5,-35.3563186,149.165524,100.121,-2.9024013759981777,-14.290000000000001,-0.08,97.39999999999999,7.232297717313776,-1.1135021367482936,18.994884490966797
221.22400000000002,5,-35.356331499999996,149.165524,100.232,-2.5885398829275172,-14.3,-0.01,97.50000000000001,7.232297717313776,-1.1135021367482936,18.994884490966797
221.324,5,-35.3563444,149.165524,100.301,-2.1633093806754484,-14.31,-0.01,97.60000000000001,7.232297717313776,-1.1135021367482936,18.994884490966797
221.424,5,-35.3563572,149.165524,100.33800000000001,-1.7038523736056224,-14.24,0.0,97.7,7.219956051837135,-1.113556654236334,21.064388275146484
221.524,5,-35.356369799999996,149.1655241,100.44500000000001,-1.3471172495062629,-14.17,0.0,97.8,7.219956051837135,-1.113556654236334,21.064388275146484
221.624,5,-35.3563824,149.1655242,100.499,-1.0728713872302051,-14.09,0.03,97.89999999999999,7.219956051837135,-1.113556654236334,21.064388275146484
221.72400000000002,5,-35.3563949,149.1655242,100.489,-0.8385463264664322,-13.99,0.01,98.00000000000001,7.219956051837135,-1.113556654236334,21.064388275146484
221.824,5,-35.3564073,149.1655242,100.435,-0.5750605734540833,-13.88,0.01,98.10000000000001,7.219956051837135,-1.113556654236334,21.064388275146484
221.924,5,-35.356419599999995,149.1655243,100.414,-0.4505718914549913,-13.8,0.05,98.2,7.2287518041618215,-1.1167226309749438,21.38027000427246
222.024,5,-35.3564319,149.1655245,100.411,-0.40847498100096974,-13.700000000000001,0.09,98.3,7.2287518041618215,-1.1167226309749438,21.38027000427246
222.124,5,-35.356443999999996,149.1655246,100.387,-0.34621287083741115,-13.61,0.11,98.39999999999999,7.2287518041618215,-1.1167226309749438,21.38027000427246
222.22400000000002,5,-35.356456099999996,149.1655248,100.295,-0.26191859812380125,-13.530000000000001,0.12,98.50000000000001,7.2287518041618215,-1.1167226309749438,21.38027000427246
222.324,5,-35.3564681,149.165525,100.258,-0.1192252608514435,-13.450000000000001,0.14,98.60000000000001,7.2287518041618215,-1.1167226309749438,21.38027000427246
222.424,5,-35.3564801,149.1655252,100.268,0.11363373715958314,-13.4,0.15,98.7,7.238209171155653,-1.1193579915136824,20.314910888671875
222.525,5,-35.356491999999996,149.1655255,100.292,0.3951886622397082,-13.39,0.14,98.801,7.238209171155653,-1.1193579915136824,20.314910888671875
222.625,5,-35.356504099999995,149.1655257,100.293,0.67313200473427,-13.370000000000001,0.14,98.901,7.238209171155653,-1.1193579915136824,20.314910888671875
222.725,5,-35.3565161,149.1655259,100.23,0.9184892617506416,-13.36,0.11,99.00099999999999,7.238209171155653,-1.1193579915136824,20.314910888671875
222.82500000000002,5,-35.3565281,149.165526,100.179,1.086875302741141,-13.35,0.08,99.10100000000001,7.238209171155653,-1.1193579915136824,20.314910888671875
222.924,5,-35.3565402,149.1655261,100.185,1.2772796324599403,-13.36,0.0,99.2,7.238538822230177,-1.1192668544386761,19.742847442626953
223.024,5,-35.3565523,149.1655261,100.21600000000001,1.4558206706423678,-13.39,-0.05,99.3,7.238538822230177,-1.1192668544386761,19.742847442626953
223.124,5,-35.3565645,149.1655261,100.21600000000001,1.5400655045257745,-13.450000000000001,-0.1,99.39999999999999,7.238538822230177,-1.1192668544386761,19.742847442626953
223.22400000000002,5,-35.3565767,149.165526,100.196,1.4201704982694863,-13.51,-0.15,99.50000000000001,7.238538822230177,-1.1192668544386761,19.742847442626953
223.324,5,-35.356589,149.1655259,100.149,1.0848367047173038,-13.56,-0.14,99.60000000000001,7.238538822230177,-1.1192668544386761,19.742847442626953
223.424,5,-35.3566013,149.1655257,100.113,0.6565937688761421,-13.63,-0.16,99.7,7.2313936543392865,-1.1186037307807017,19.48554039001465
223.524,5,-35.356613599999996,149.1655256,100.14,0.17496666145154233,-13.71,-0.15,99.8,7.2313936543392865,-1.1186037307807017,19.48554039001465
223.624,5,-35.3566259,149.1655255,100.129,-0.2925211006174847,-13.81,-0.12,99.89999999999999,7.2313936543392865,-1.1186037307807017,19.48554039001465
223.72400000000002,5,-35.3566383,149.1655254,100.13,-0.6517168003653413,-13.89,-0.1,100.00000000000001,7.2313936543392865,-1.1186037307807017,19.48554039001465
223.824,5,-35.3566508,149.16552529999998,100.081,-0.8817583720241642,-13.96,-0.08,100.10000000000001,7.2313936543392865,-1.1186037307807017,19.48554039001465
223.924,5,-35.3566633,149.1655252,100.08800000000001,-0.9067180710463593,-14.040000000000001,-0.12,100.2,7.2185835698079535,-1.1187481689701873,19.45123291015625
224.024,5,-35.3566759,149.1655251,100.116,-0.7631042190409969,-14.11,-0.21,100.3,7.2185835698079535,-1.1187481689701873,19.45123291015625
224.124,5,-35.3566885,149.1655248,100.101,-0.636790168986219,-14.17,-0.28,100.39999999999999,7.2185835698079535,-1.1187481689701873,19.45123291015625
224.22400000000002,5,-35.356701199999996,149.1655245,100.08,-0.5777360332571714,-14.200000000000001,-0.31,100.50000000000001,7.2185835698079535,-1.1187481689701873,19.45123291015625
224.324,5,-35.356713899999995,149.1655242,100.104,-0.6567255168219293,-14.22,-0.32,100.60000000000001,7.2185835698079535,-1.1187481689701873,19.45123291015625
224.424,5,-35.356726699999996,149.16552389999998,100.139,-0.9353493702734065,-14.26,-0.32,100.7,7.203322703276006,-1.1193259254515537,19.513896942138672
224.524,5,-35.356739399999995,149.1655235,100.145,-1.3313208362250217,-14.3,-0.32,100.8,7.203322703276006,-1.1193259254515537,19.513896942138672
224.625,5,-35.3567524,149.1655232,100.14,-1.822226595554525,-14.34,-0.29,100.901,7.203322703276006,-1.1193259254515537,19.513896942138672
224.725,5,-35.3567654,149.16552289999998,100.10900000000001,-2.3058720772397163,-14.39,-0.24,101.00099999999999,7.203322703276006,-1.1193259254515537,19.513896942138672
224.82500000000002,5,-35.356778399999996,149.1655227,100.098,-2.7187130432242053,-14.46,-0.2,101.10100000000001,7.203322703276006,-1.1193259254515537,19.513896942138672
224.924,5,-35.3567916,149.16552249999998,100.036,-3.0241253788481486,-14.51,-0.17,101.2,7.184657612101377,-1.122722557479497,20.062089920043945
225.024,5,-35.3568047,149.1655223,99.94800000000001,-3.148368013954561,-14.58,-0.08,101.3,7.184657612101377,-1.122722557479497,20.062089920043945
225.124,5,-35.356818,149.1655223,99.956,-3.1026522771791964,-14.63,-0.02,101.39999999999999,7.184657612101377,-1.122722557479497,20.062089920043945
225.22400000000002,5,-35.356831299999996,149.1655223,99.962,-2.9018739573282057,-14.65,0.0,101.50000000000001,7.184657612101377,-1.122722557479497,20.062089920043945
225.324,5,-35.356844599999995,149.1655223,99.997,-2.5934853667734297,-14.69,0.05,101.60000000000001,7.184657612101377,-1.122722557479497,20.062089920043945
225.424,5,-35.356857999999995,149.1655224,100.039,-2.2137253548168396,-14.700000000000001,0.07,101.7,7.169743669301317,-1.1266150091700893,20.284875869750977
225.524,5,-35.3568712,149.1655224,100.056,-1.8054640306708443,-14.69,0.1,101.8,7.169743669301317,-1.1266150091700893,20.284875869750977
225.624,5,-35.3568844,149.16552249999998,100.087,-1.3943965659930315,-14.65,0.12,101.89999999999999,7.169743669301317,-1.1266150091700893,20.284875869750977
225.72400000000002,5,-35.356897499999995,149.1655226,100.161,-0.9651887592098997,-14.6,0.1,102.00000000000001,7.169743669301317,-1.1266150091700893,20.284875869750977
225.824,5,-35.3569105,149.1655227,100.24000000000001,-0.6120814794160218,-14.58,0.1,102.10000000000001,7.169743669301317,-1.1266150091700893,20.284875869750977
225.924,5,-35.3569235,149.1655228,100.288,-0.34380328148385114,-14.59,0.12,102.2,7.153506940513298,-1.129655238031356,20.074596405029297
226.024,5,-35.3569366,149.165523,100.294,-0.1658966371412282,-14.6,0.12,102.3,7.153506940513298,-1.129655238031356,20.074596405029297
226.124,5,-35.3569496,149.1655231,100.291,-0.08810996723158679,-14.63,0.16,102.39999999999999,7.153506940513298,-1.129655238031356,20.074596405029297
226.22400000000002,5,-35.3569627,149.1655233,100.256,-0.08493609705217954,-14.67,0.18,102.50000000000001,7.153506940513298,-1.129655238031356,20.074596405029297
226.324,5,-35.3569759,149.1655235,100.2,-0.013060619028800286,-14.72,0.21,102.60000000000001,7.153506940513298,-1.129655238031356,20.074596405029297
226.424,5,-35.3569891,149.1655237,100.131,0.1024805651833746,-14.77,0.23,102.7,7.133380776133267,-1.1320658672363242,19.66900634765625
226.524,5,-35.3570023,149.165524,100.038,0.2443405193253916,-14.83,0.23,102.8,7.133380776133267,-1.1320658672363242,19.66900634765625
226.624,5,-35.3570157,149.1655242,99.967,0.5037346688597856,-14.89,0.22,102.89999999999999,7.133380776133267,-1.1320658672363242,19.66900634765625
226.725,5,-35.3570291,149.1655245,99.926,0.8025240155054908,-14.950000000000001,0.2,103.00099999999999,7.133380776133267,-1.1320658672363242,19.66900634765625
226.82500000000002,5,-35.3570426,149.1655247,99.964,1.052641967734214,-15.030000000000001,0.16,103.10100000000001,7.133380776133267,-1.1320658672363242,19.66900634765625
226.925,5,-35.357056199999995,149.1655248,100.029,1.4177938058817334,-15.11,0.08,103.20100000000001,7.104200777495109,-1.132212774005295,19.462154388427734
227.024,5,-35.3570699,149.1655248,100.028,1.7507911411292425,-15.18,-0.03,103.3,7.104200777495109,-1.132212774005295,19.462154388427734
227.124,5,-35.3570838,149.1655247,100.054,1.8873994068411404,-15.22,-0.16,103.39999999999999,7.104200777495109,-1.132212774005295,19.462154388427734
227.22400000000002,5,-35.357097599999996,149.1655245,100.09,1.7195404643554955,-15.24,-0.25,103.50000000000001,7.104200777495109,-1.132212774005295,19.462154388427734
227.324,5,-35.3571114,149.1655242,100.148,1.2558946303337477,-15.25,-0.33,103.60000000000001,7.104200777495109,-1.132212774005295,19.462154388427734
227.424,5,-35.3571253,149.1655238,100.208,0.571884748933439,-15.26,-0.36,103.7,7.078626633521629,-1.1328830583887577,20.32500457763672
227.524,5,-35.357139,149.16552339999998,100.181,-0.24577443216427117,-15.23,-0.35000000000000003,103.8,7.078626633521629,-1.1328830583887577,20.32500457763672
227.624,5,-35.3571527,149.165523,100.146,-1.1083694811723481,-15.200000000000001,-0.35000000000000003,103.89999999999999,7.078626633521629,-1.1328830583887577,20.32500457763672
227.72400000000002,5,-35.357166299999996,149.1655226,100.127,-1.9609182824066882,-15.15,-0.31,104.00000000000001,7.078626633521629,-1.1328830583887577,20.32500457763672
227.824,5,-35.3571799,149.1655223,100.099,-2.672901256913637,-15.09,-0.23,104.10000000000001,7.078626633521629,-1.1328830583887577,20.32500457763672
227.924,5,-35.3571934,149.1655221,100.087,-3.282090097855306,-15.02,-0.09,104.2,7.062169669359328,-1.1395235743652448,20.80625343322754
228.024,5,-35.3572068,149.1655221,100.069,-3.741622877336236,-14.950000000000001,0.04,104.3,7.062169669359328,-1.1395235743652448,20.80625343322754
228.124,5,-35.3572201,149.1655222,100.056,-3.8310710347067234,-14.89,0.17,104.39999999999999,7.062169669359328,-1.1395235743652448,20.80625343322754
228.22400000000002,5,-35.3572334,149.1655224,100.038,-3.5719223450956266,-14.81,0.23,104.50000000000001,7.062169669359328,-1.1395235743652448,20.80625343322754
228.324,5,-35.357246599999996,149.1655227,100.005,-2.9793342789316744,-14.75,0.29,104.60000000000001,7.062169669359328,-1.1395235743652448,20.80625343322754
228.424,5,-35.3572598,149.1655231,100.038,-2.097901141305879,-14.68,0.31,104.7,7.052475021033738,-1.1464747788259075,20.78707504272461
228.524,5,-35.3572729,149.1655235,100.05,-1.1091012719088915,-14.620000000000001,0.32,104.8,7.052475021033738,-1.1464747788259075,20.78707504272461
228.624,5,-35.357285999999995,149.1655238,100.08200000000001,-0.15171294891690337,-14.55,0.28,104.89999999999999,7.052475021033738,-1.1464747788259075,20.78707504272461
228.725,5,-35.357299,149.1655241,100.06700000000001,0.6864629331685482,-14.49,0.25,105.00099999999999,7.052475021033738,-1.1464747788259075,20.78707504272461
228.82500000000002,5,-35.357312,149.16552439999998,100.06700000000001,1.3100840705481596,-14.41,0.2,105.10100000000001,7.052475021033738,-1.1464747788259075,20.78707504272461
228.925,5,-35.357324999999996,149.1655246,100.113,1.6810143554552155,-14.370000000000001,0.18,105.20100000000001,7.044585807165143,-1.1504230051572348,20.334659576416016
229.025,5,-35.357338,149.16552489999998,100.145,1.7644650731259022,-14.34,0.22,105.301,7.044585807165143,-1.1504230051572348,20.334659576416016
229.124,5,-35.357351,149.1655252,100.138,1.7823563267699276,-14.33,0.19,105.39999999999999,7.044585807165143,-1.1504230051572348,20.334659576416016
229.22400000000002,5,-35.357364,149.1655254,100.096,1.7279188653112796,-14.32,0.2,105.50000000000001,7.044585807165143,-1.1504230051572348,20.334659576416016
229.324,5,-35.357377,149.1655257,100.055,1.6134857692351803,-14.31,0.18,105.60000000000001,7.044585807165143,-1.1504230051572348,20.334659576416016
229.424,5,-35.3573899,149.1655259,100.041,1.5635558057419177,-14.290000000000001,0.17,105.7,7.036029440105489,-1.154031942833394,20.165136337280273
229.524,5,-35.3574029,149.1655262,99.995,1.56352058757901,-14.290000000000001,0.14,105.8,7.036029440105489,-1.154031942833394,20.165136337280273
229.624,5,-35.3574159,149.16552629999998,99.95700000000001,1.6336434717448862,-14.280000000000001,0.11,105.89999999999999,7.036029440105489,-1.154031942833394,20.165136337280273
229.72400000000002,5,-35.3574287,149.1655265,99.922,1.6560128748852068,-14.26,0.09,106.00000000000001,7.036029440105489,-1.154031942833394,20.165136337280273
229.824,5,-35.3574415,149.1655266,99.916,1.6524193416081339,-14.25,0.07,106.10000000000001,7.036029440105489,-1.154031942833394,20.165136337280273
229.924,5,-35.3574543,149.1655267,99.926,1.602575395809731,-14.24,0.07,106.2,7.025449021268501,-1.1567756298793743,19.96782684326172
230.024,5,-35.357467,149.16552679999998,99.941,1.5155153500495155,-14.24,0.08,106.3,7.025449021268501,-1.1567756298793743,19.96782684326172
230.124,5,-35.3574798,149.1655269,99.928,1.366004750273758,-14.24,0.07,106.39999999999999,7.025449021268501,-1.1567756298793743,19.96782684326172
230.22400000000002,5,-35.3574925,149.1655271,99.896,1.2192744643770186,-14.22,0.07,106.50000000000001,7.025449021268501,-1.1567756298793743,19.96782684326172
230.324,5,-35.3575052,149.16552719999999,99.885,1.1097741522638436,-14.200000000000001,0.06,106.60000000000001,7.025449021268501,-1.1567756298793743,19.96782684326172
230.424,5,-35.3575179,149.16552729999998,99.898,1.0735005116857868,-14.200000000000001,0.04,106.7,7.017246042526555,-1.159642453458348,20.321435928344727
230.524,5,-35.3575306,149.16552729999998,99.917,1.1070655553711104,-14.19,0.04,106.8,7.017246042526555,-1.159642453458348,20.321435928344727
230.624,5,-35.357543299999996,149.1655274,99.903,1.1902675047456206,-14.18,0.03,106.89999999999999,7.017246042526555,-1.159642453458348,20.321435928344727
230.72400000000002,5,-35.3575559,149.1655275,99.893,1.2397754906142233,-14.14,0.01,107.00000000000001,7.017246042526555,-1.159642453458348,20.321435928344727
230.82500000000002,5,-35.3575686,149.1655275,99.89,1.2125658312298908,-14.09,0.02,107.10100000000001,7.017246042526555,-1.159642453458348,20.321435928344727
230.925,5,-35.3575814,149.1655276,99.905,1.1107844866524765,-14.05,0.06,107.20100000000001,7.015842419188691,-1.1630155364243706,20.450117111206055
231.025,5,-35.3575941,149.16552769999998,99.947,0.9642802373285823,-14.0,0.09,107.301,7.015842419188691,-1.1630155364243706,20.450117111206055
231.125,5,-35.3576068,149.1655279,100.024,0.8701688750239748,-13.99,0.13,107.401,7.015842419188691,-1.1630155364243706,20.450117111206055
231.22400000000002,5,-35.3576194,149.165528,100.059,0.834387915200658,-13.96,0.16,107.50000000000001,7.015842419188691,-1.1630155364243706,20.450117111206055
231.324,5,-35.3576321,149.1655283,100.052,0.9532770160191032,-13.94,0.16,107.60000000000001,7.015842419188691,-1.1630155364243706,20.450117111206055
231.424,5,-35.3576447,149.1655285,100.06700000000001,1.1593186369558235,-13.92,0.16,107.7,7.01224452114508,-1.1653147622159865,19.812395095825195
231.524,5,-35.3576574,149.16552869999998,100.108,1.4143965338215925,-13.9,0.17,107.8,7.01224452114508,-1.1653147622159865,19.812395095825195
231.624,5,-35.35767,149.1655289,100.10000000000001,1.7085768367988614,-13.89,0.17,107.89999999999999,7.01224452114508,-1.1653147622159865,19.812395095825195
231.72400000000002,5,-35.357682499999996,149.1655291,100.08,2.0245071301360955,-13.91,0.11,108.00000000000001,7.01224452114508,-1.1653147622159865,19.812395095825195
231.824,5,-35.357695,149.16552919999998,100.056,2.3129295836430437,-13.92,0.11,108.10000000000001,7.01224452114508,-1.1653147622159865,19.812395095825195
231.924,5,-35.3577075,149.1655293,100.019,2.4476719270510583,-13.93,0.07,108.2,7.00378871838337,-1.1649541975796611,19.997249603271484
232.024,5,-35.3577199,149.1655294,100.003,2.477419748763991,-13.950000000000001,0.07,108.3,7.00378871838337,-1.1649541975796611,19.997249603271484
232.124,5,-35.357732399999996,149.1655295,99.932,2.471749624535823,-13.98,0.06,108.39999999999999,7.00378871838337,-1.1649541975796611,19.997249603271484
232.22400000000002,5,-35.3577449,149.16552959999999,99.85600000000001,2.474728867674418,-14.02,0.03,108.50000000000001,7.00378871838337,-1.1649541975796611,19.997249603271484
232.324,5,-35.3577575,149.16552959999999,99.82000000000001,2.3960762511739593,-14.07,0.0,108.60000000000001,7.00378871838337,-1.1649541975796611,19.997249603271484
232.424,5,-35.357770099999996,149.16552959999999,99.771,2.259828491384191,-14.120000000000001,0.0,108.7,6.994552535189538,-1.164126226542288,19.44278335571289
232.524,5,-35.357782799999995,149.1655295,99.699,2.08079877451099,-14.18,-0.02,108.8,6.994552535189538,-1.164126226542288,19.44278335571289
232.624,5,-35.3577955,149.1655295,99.638,1.896072039539764,-14.23,-0.04,108.89999999999999,6.994552535189538,-1.164126226542288,19.44278335571289
232.72400000000002,5,-35.357808299999995,149.1655294,99.60000000000001,1.7862847527597427,-14.290000000000001,-0.06,109.00000000000001,6.994552535189538,-1.164126226542288,19.44278335571289
232.824,5,-35.357821099999995,149.1655294,99.543,1.6551038193953604,-14.35,-0.07,109.10000000000001,6.994552535189538,-1.164126226542288,19.44278335571289
232.925,5,-35.357834,149.1655293,99.53,1.5073031147896332,-14.4,-0.1,109.20100000000001,6.978436716141549,-1.1623359831568372,19.586820602416992
233.025,5,-35.3578471,149.16552919999998,99.572,1.3827323104379423,-14.48,-0.11,109.301,6.978436716141549,-1.1623359831568372,19.586820602416992
233.125,5,-35.3578603,149.1655291,99.601,1.1567868779295702,-14.56,-0.1,109.401,6.978436716141549,-1.1623359831568372,19.586820602416992
233.225,5,-35.3578735,149.1655289,99.608,0.9710589866364083,-14.63,-0.11,109.50099999999999,6.978436716141549,-1.1623359831568372,19.586820602416992
233.324,5,-35.357886799999996,149.1655288,99.607,0.881117774985211,-14.67,-0.14,109.60000000000001,6.978436716141549,-1.1623359831568372,19.586820602416992
233.424,5,-35.3579001,149.1655286,99.668,0.8063295514510986,-14.700000000000001,-0.16,109.7,6.9596806733402525,-1.1602596743137992,19.78165054321289
233.524,5,-35.357913499999995,149.1655284,99.757,0.699019595627382,-14.73,-0.19,109.8,6.9596806733402525,-1.1602596743137992,19.78165054321289
233.624,5,-35.357926899999995,149.16552819999998,99.828,0.5701065518717084,-14.73,-0.19,109.89999999999999,6.9596806733402525,-1.1602596743137992,19.78165054321289
233.72400000000002,5,-35.357940299999996,149.165528,99.941,0.38673208763443906,-14.73,-0.17,110.00000000000001,6.9596806733402525,-1.1602596743137992,19.78165054321289
233.824,5,-35.357953699999996,149.1655278,100.005,0.20289259690444028,-14.75,-0.18,110.10000000000001,6.9596806733402525,-1.1602596743137992,19.78165054321289
233.924,5,-35.357966999999995,149.1655276,100.021,-0.027567428895224948,-14.73,-0.2,110.2,6.943153010278971,-1.1583576462607277,20.157222747802734
234.024,5,-35.3579802,149.1655274,100.037,-0.1687193462178682,-14.72,-0.23,110.3,6.943153010278971,-1.1583576462607277,20.157222747802734
234.124,5,-35.3579934,149.1655271,100.075,-0.3019134111390456,-14.73,-0.22,110.39999999999999,6.943153010278971,-1.1583576462607277,20.157222747802734
234.22400000000002,5,-35.358006599999996,149.1655269,100.062,-0.44013997811698685,-14.74,-0.23,110.50000000000001,6.943153010278971,-1.1583576462607277,20.157222747802734
234.324,5,-35.3580198,149.1655267,100.022,-0.5908129640316897,-14.74,-0.22,110.60000000000001,6.943153010278971,-1.1583576462607277,20.157222747802734
234.424,5,-35.358033,149.1655265,99.946,-0.7502280851559063,-14.75,-0.21,110.7,6.927106692190692,-1.1569510232517628,19.771455764770508
234.524,5,-35.3580462,149.16552629999998,99.915,-0.8871560357374725,-14.77,-0.2,110.8,6.927106692190692,-1.1569510232517628,19.771455764770508
234.624,5,-35.3580594,149.1655261,99.868,-0.9860197689613808,-14.780000000000001,-0.18,110.89999999999999,6.927106692190692,-1.1569510232517628,19.771455764770508
234.72400000000002,5,-35.3580726,149.165526,99.833,-1.0761649257923265,-14.81,-0.15,111.00000000000001,6.927106692190692,-1.1569510232517628,19.771455764770508
234.824,5,-35.3580859,149.16552579999998,99.854,-1.1705858877654058,-14.84,-0.14,111.10000000000001,6.927106692190692,-1.1569510232517628,19.771455764770508
234.924,5,-35.3580992,149.1655257,99.848,-1.1581046775525594,-14.89,-0.19,111.2,6.907560043387454,-1.1556360000699704,19.87268829345703
235.025,5,-35.3581126,149.1655255,99.822,-1.0739866290556213,-14.93,-0.22,111.301,6.907560043387454,-1.1556360000699704,19.87268829345703
235.125,5,-35.3581262,149.16552529999998,99.805,-0.9233367750706466,-14.97,-0.24,111.401,6.907560043387454,-1.1556360000699704,19.87268829345703
235.225,5,-35.358139699999995,149.165525,99.779,-0.8754685148505229,-15.0,-0.24,111.50099999999999,6.907560043387454,-1.1556360000699704,19.87268829345703
235.324,5,-35.3581534,149.1655248,99.772,-0.9238574702731542,-15.06,-0.25,111.60000000000001,6.907560043387454,-1.1556360000699704,19.87268829345703
235.424,5,-35.358167,149.1655246,99.769,-1.1048226920024073,-15.1,-0.24,111.7,6.885315505156691,-1.1551625786234367,19.743507385253906
235.524,5,-35.3581808,149.16552439999998,99.767,-1.302536391350178,-15.16,-0.23,111.8,6.885315505156691,-1.1551625786234367,19.743507385253906
235.624,5,-35.3581946,149.1655242,99.741,-1.5968489225209102,-15.21,-0.18,111.89999999999999,6.885315505156691,-1.1551625786234367,19.743507385253906
235.72400000000002,5,-35.358208399999995,149.1655241,99.749,-1.8503629195101579,-15.27,-0.14,112.00000000000001,6.885315505156691,-1.1551625786234367,19.743507385253906
235.824,5,-35.3582223,149.165524,99.735,-2.031004774470893,-15.32,-0.09,112.10000000000001,6.885315505156691,-1.1551625786234367,19.743507385253906
235.924,5,-35.3582361,149.165524,99.764,-2.174335226986553,-15.36,0.01,112.2,6.859150473461763,-1.1558368413818856,19.76133918762207
236.024,5,-35.3582499,149.1655241,99.795,-2.2763073899739044,-15.39,0.12,112.3,6.859150473461763,-1.1558368413818856,19.76133918762207
236.124,5,-35.358263699999995,149.16552439999998,99.818,-2.1614532767684973,-15.42,0.21,112.39999999999999,6.859150473461763,-1.1558368413818856,19.76133918762207
236.22400000000002,5,-35.3582775,149.1655246,99.849,-1.8287507068723565,-15.43,0.28,112.50000000000001,6.859150473461763,-1.1558368413818856,19.76133918762207
236.324,5,-35.3582912,149.1655251,99.897,-1.2409946793810707,-15.44,0.33,112.60000000000001,6.859150473461763,-1.1558368413818856,19.76133918762207
236.424,5,-35.358305,149.1655255,99.93900000000001,-0.43138303527079586,-15.44,0.34,112.7,6.833364799436615,-1.1554390820731169,19.959379196166992
236.524,5,-35.3583188,149.1655259,99.996,0.42837857912921,-15.44,0.32,112.8,6.833364799436615,-1.1554390820731169,19.959379196166992
236.624,5,-35.3583326,149.16552629999998,100.055,1.2881083637804667,-15.450000000000001,0.3,112.89999999999999,6.833364799436615,-1.1554390820731169,19.959379196166992
236.72400000000002,5,-35.358346399999995,149.1655267,100.11200000000001,2.025870606649159,-15.47,0.25,113.00000000000001,6.833364799436615,-1.1554390820731169,19.959379196166992
236.824,5,-35.3583602,149.165527,100.175,2.515763363547385,-15.49,0.25,113.10000000000001,6.833364799436615,-1.1554390820731169,19.959379196166992
236.924,5,-35.3583741,149.1655274,100.211,2.7203469525397193,-15.47,0.29,113.2,6.8064665136510545,-1.1523415379860518,20.048620223999023
237.024,5,-35.3583879,149.16552769999998,100.20700000000001,2.746624184380639,-15.43,0.28,113.3,6.8064665136510545,-1.1523415379860518,20.048620223999023
237.125,5,-35.358401799999996,149.1655281,100.21300000000001,2.7163399793744487,-15.35,0.26,113.401,6.8064665136510545,-1.1523415379860518,20.048620223999023
237.225,5,-35.3584155,149.1655285,100.224,2.719727966646187,-15.27,0.25,113.50099999999999,6.8064665136510545,-1.1523415379860518,20.048620223999023
237.32500000000002,5,-35.358429199999996,149.1655288,100.233,2.7738298950618576,-15.16,0.19,113.60100000000001,6.8064665136510545,-1.1523415379860518,20.048620223999023
237.424,5,-35.3584428,149.165529,100.282,2.9057590543054737,-15.040000000000001,0.16,113.7,6.7894089989040705,-1.1502739403062947,21.39897346496582
237.524,5,-35.3584564,149.16552919999998,100.32900000000001,3.0912193942822417,-14.94,0.13,113.8,6.7894089989040705,-1.1502739403062947,21.39897346496582
237.624,5,-35.358469899999996,149.1655294,100.33500000000001,3.1816867439429415,-14.82,0.1,113.89999999999999,6.7894089989040705,-1.1502739403062947,21.39897346496582
237.72400000000002,5,-35.358483299999996,149.16552959999999,100.337,3.198797435030881,-14.69,0.06,114.00000000000001,6.7894089989040705,-1.1502739403062947,21.39897346496582
237.824,5,-35.3584965,149.16552969999998,100.32300000000001,3.1252427009721906,-14.56,0.03,114.10000000000001,6.7894089989040705,-1.1502739403062947,21.39897346496582
237.924,5,-35.3585095,149.1655298,100.276,2.9672004478711465,-14.43,0.0,114.2,6.794511809573559,-1.1503678513093252,21.549551010131836
238.024,5,-35.3585224,149.1655298,100.224,2.767268858033826,-14.280000000000001,-0.03,114.3,6.794511809573559,-1.1503678513093252,21.549551010131836
238.124,5,-35.3585351,149.1655298,100.187,2.5128934034355104,-14.14,-0.09,114.39999999999999,6.794511809573559,-1.1503678513093252,21.549551010131836
238.22400000000002,5,-35.358547699999995,149.1655298,100.159,2.2206784873919125,-13.98,-0.11,114.50000000000001,6.794511809573559,-1.1503678513093252,21.549551010131836
238.324,5,-35.3585601,149.16552969999998,100.101,1.9560613775765745,-13.83,-0.15,114.60000000000001,6.794511809573559,-1.1503678513093252,21.549551010131836
238.424,5,-35.3585724,149.16552959999999,100.089,1.6433431941399506,-13.67,-0.18,114.7,6.808843054409288,-1.151063340533969,20.68678092956543
238.524,5,-35.3585845,149.1655294,100.11,1.288360653892934,-13.540000000000001,-0.18,114.8,6.808843054409288,-1.151063340533969,20.68678092956543
238.624,5,-35.3585966,149.16552919999998,100.11500000000001,0.9575817427435037,-13.43,-0.18,114.89999999999999,6.808843054409288,-1.151063340533969,20.68678092956543
238.72400000000002,5,-35.358608499999995,149.1655291,100.087,0.6894900409921861,-13.34,-0.19,115.00000000000001,6.808843054409288,-1.151063340533969,20.68678092956543
238.824,5,-35.3586204,149.1655289,100.06400000000001,0.44534060688099625,-13.26,-0.17,115.10000000000001,6.808843054409288,-1.151063340533969,20.68678092956543
238.924,5,-35.358632199999995,149.1655288,100.083,0.14928919225690088,-13.23,-0.11,115.2,6.8198400140222475,-1.1513980762335814,20.262697219848633
239.024,5,-35.3586441,149.16552869999998,100.096,-0.13465564536228078,-13.22,-0.04,115.3,6.8198400140222475,-1.1513980762335814,20.262697219848633
239.124,5,-35.358655899999995,149.16552869999998,100.038,-0.3044808952563092,-13.21,0.0,115.39999999999999,6.8198400140222475,-1.1513980762335814,20.262697219848633
239.225,5,-35.3586679,149.16552869999998,99.986,-0.27417086359731985,-13.23,0.02,115.50099999999999,6.8198400140222475,-1.1513980762335814,20.262697219848633
239.32500000000002,5,-35.3586799,149.1655288,99.977,-0.07307119802011453,-13.290000000000001,0.04,115.60100000000001,6.8198400140222475,-1.1513980762335814,20.262697219848633
239.425,5,-35.3586919,149.1655288,99.97200000000001,0.22580375944394723,-13.31,0.04,115.70100000000001,6.825912277245041,-1.1501592180680453,19.645185470581055
239.524,5,-35.358703999999996,149.1655289,99.964,0.5826240474645205,-13.33,0.04,115.8,6.825912277245041,-1.1501592180680453,19.645185470581055
239.624,5,-35.358716099999995,149.165529,100.014,1.0059959378495524,-13.34,0.03,115.89999999999999,6.825912277245041,-1.1501592180680453,19.645185470581055
239.72400000000002,5,-35.358728299999996,149.165529,100.02,1.3217991256352006,-13.370000000000001,0.03,116.00000000000001,6.825912277245041,-1.1501592180680453,19.645185470581055
239.824,5,-35.358740399999995,149.1655291,100.037,1.516150450920621,-13.34,0.01,116.10000000000001,6.825912277245041,-1.1501592180680453,19.645185470581055
239.924,5,-35.358752599999995,149.16552919999998,100.114,1.4865747713191138,-13.38,0.1,116.2,6.825301696137833,-1.1460246553774411,19.12665557861328
240.024,5,-35.3587647,149.1655293,100.148,1.3839770056924714,-13.43,0.17,116.3,6.825301696137833,-1.1460246553774411,19.12665557861328
240.124,5,-35.358776899999995,149.16552959999999,100.133,1.3429612928397217,-13.51,0.23,116.39999999999999,6.825301696137833,-1.1460246553774411,19.12665557861328
240.22400000000002,5,-35.358789099999996,149.1655299,100.069,1.4593659657084275,-13.6,0.24,116.50000000000001,6.825301696137833,-1.1460246553774411,19.12665557861328
240.324,5,-35.358801299999996,149.1655302,100.016,1.7697791737435837,-13.71,0.24,116.60000000000001,6.825301696137833,-1.1460246553774411,19.12665557861328
240.424,5,-35.3588137,149.1655305,99.95,2.166263864378302,-13.82,0.22,116.7,6.814788604402161,-1.1390015375093998,18.82795524597168
240.524,5,-35.358826199999996,149.1655307,99.854,2.624105958596243,-13.97,0.17,116.8,6.814788604402161,-1.1390015375093998,18.82795524597168
240.624,5,-35.3588387,149.1655309,99.751,3.001091633089338,-14.09,0.14,116.89999999999999,6.814788604402161,-1.1390015375093998,18.82795524597168
240.72400000000002,5,-35.3588514,149.16553109999998,99.617,3.377255763891328,-14.19,0.05,117.00000000000001,6.814788604402161,-1.1390015375093998,18.82795524597168
240.824,5,-35.3588642,149.16553109999998,99.607,3.606663888865485,-14.32,-0.01,117.10000000000001,6.814788604402161,-1.1390015375093998,18.82795524597168
240.924,5,-35.358877,149.1655312,99.677,3.440556036128302,-14.38,0.07,117.2,6.801236788172281,-1.1287822426024274,19.231164932250977
241.024,5,-35.3588899,149.1655314,99.751,3.092641140846662,-14.4,0.17,117.3,6.801236788172281,-1.1287822426024274,19.231164932250977
241.124,5,-35.3589029,149.16553159999998,99.855,2.752760895906484,-14.39,0.23,117.39999999999999,6.801236788172281,-1.1287822426024274,19.231164932250977
241.225,5,-35.3589158,149.16553199999998,100.004,2.550504053543597,-14.36,0.28,117.50099999999999,6.801236788172281,-1.1287822426024274,19.231164932250977
241.32500000000002,5,-35.3589288,149.1655324,100.15,2.6533453581028326,-14.33,0.3,117.60100000000001,6.801236788172281,-1.1287822426024274,19.231164932250977
241.425,5,-35.3589418,149.1655328,100.243,2.9615452646817877,-14.31,0.35000000000000003,117.70100000000001,6.789896533059225,-1.1175208367633283,20.584203720092773
241.525,5,-35.3589548,149.1655332,100.259,3.481721586255969,-14.22,0.32,117.801,6.789896533059225,-1.1175208367633283,20.584203720092773
241.624,5,-35.3589676,149.1655336,100.302,4.009391906010124,-14.14,0.32,117.89999999999999,6.789896533059225,-1.1175208367633283,20.584203720092773
241.72400000000002,5,-35.3589804,149.1655341,100.259,4.505210278900159,-14.07,0.33,118.00000000000001,6.789896533059225,-1.1175208367633283,20.584203720092773
241.824,5,-35.3589931,149.1655345,100.206,4.956313964615059,-14.01,0.31,118.10000000000001,6.789896533059225,-1.1175208367633283,20.584203720092773
241.924,5,-35.3590058,149.16553489999998,100.148,5.187066783082062,-13.96,0.36,118.2,6.794596214764082,-1.102671713465744,20.72601890563965
242.024,5,-35.3590184,149.16553539999998,100.019,5.280525542155816,-13.9,0.45,118.3,6.794596214764082,-1.102671713465744,20.72601890563965
242.124,5,-35.3590309,149.16553589999998,99.851,5.39446419656903,-13.86,0.38,118.39999999999999,6.794596214764082,-1.102671713465744,20.72601890563965
242.22400000000002,5,-35.3590434,149.16553639999998,99.749,5.556709790773982,-13.83,0.26,118.50000000000001,6.794596214764082,-1.102671713465744,20.72601890563965
242.324,5,-35.3590557,149.1655367,99.703,5.8193378214369655,-13.76,0.23,118.60000000000001,6.794596214764082,-1.102671713465744,20.72601890563965
242.424,5,-35.359068,149.1655369,99.672,6.154365003528438,-13.66,0.12,118.7,6.804433193630396,-1.0858912538940215,20.56328010559082
242.524,5,-35.3590801,149.165537,99.69500000000001,6.431294169652959,-13.55,0.03,118.8,6.804433193630396,-1.0858912538940215,20.56328010559082
242.624,5,-35.3590922,149.165537,99.736,6.60209286824606,-13.43,-0.05,118.89999999999999,6.804433193630396,-1.0858912538940215,20.56328010559082
242.72400000000002,5,-35.359104099999996,149.1655369,99.81700000000001,6.522107511083802,-13.33,-0.13,119.00000000000001,6.804433193630396,-1.0858912538940215,20.56328010559082
242.824,5,-35.359116,149.1655367,99.921,6.204712889221541,-13.25,-0.22,119.10000000000001,6.804433193630396,-1.0858912538940215,20.56328010559082
242.924,5,-35.359127799999996,149.16553639999998,99.95700000000001,5.810907233567054,-13.23,-0.3,119.2,6.8147122580169,-1.0661320859253633,19.976795196533203
243.024,5,-35.3591396,149.165536,99.94800000000001,5.31730952593092,-13.15,-0.45,119.3,6.8147122580169,-1.0661320859253633,19.976795196533203
243.124,5,-35.3591513,149.1655356,99.974,4.5515667727970355,-13.13,-0.53,119.39999999999999,6.8147122580169,-1.0661320859253633,19.976795196533203
243.22400000000002,5,-35.359163099999996,149.16553489999998,99.958,3.640303424301444,-13.13,-0.59,119.50000000000001,6.8147122580169,-1.0661320859253633,19.976795196533203
243.32500000000002,5,-35.3591748,149.1655343,99.907,2.639494588239693,-13.13,-0.64,119.60100000000001,6.8147122580169,-1.0661320859253633,19.976795196533203
243.425,5,-35.359186699999995,149.1655336,99.84700000000001,1.5555225427826307,-13.17,-0.63,119.70100000000001,6.822033676089302,-1.0465913900870978,19.93105125427246
243.525,5,-35.3591987,149.1655329,99.785,0.4598135642888417,-13.21,-0.61,119.801,6.822033676089302,-1.0465913900870978,19.93105125427246
243.625,5,-35.3592106,149.1655322,99.774,-0.4422090451878247,-13.26,-0.61,119.901,6.822033676089302,-1.0465913900870978,19.93105125427246
243.72400000000002,5,-35.3592227,149.16553159999998,99.789,-1.1057665387683384,-13.31,-0.6,120.00000000000001,6.822033676089302,-1.0465913900870978,19.93105125427246
243.824,5,-35.359234799999996,149.1655309,99.786,-1.5342364716776975,-13.35,-0.62,120.10000000000001,6.822033676089302,-1.0465913900870978,19.93105125427246
243.924,5,-35.359246999999996,149.1655302,99.83200000000001,-1.6581284192589125,-13.34,-0.7000000000000001,120.2,6.825004740929889,-1.0300012305043722,19.590070724487305
244.024,5,-35.359259099999996,149.1655294,99.891,-1.7267786506067107,-13.33,-0.76,120.3,6.825004740929889,-1.0300012305043722,19.590070724487305
244.124,5,-35.359271199999995,149.1655285,99.976,-1.884513225029987,-13.32,-0.81,120.39999999999999,6.825004740929889,-1.0300012305043722,19.590070724487305
244.22400000000002,5,-35.3592833,149.1655276,100.051,-2.252273234945099,-13.3,-0.8200000000000001,120.50000000000001,6.825004740929889,-1.0300012305043722,19.590070724487305
244.324,5,-35.3592952,149.1655267,100.093,-2.84953037573699,-13.280000000000001,-0.8200000000000001,120.60000000000001,6.825004740929889,-1.0300012305043722,19.590070724487305
244.424,5,-35.359307199999996,149.16552579999998,100.08500000000001,-3.5381131221474753,-13.24,-0.78,120.7,6.831838825948666,-1.0150513813700728,20.349990844726562
244.524,5,-35.359319,149.16552489999998,100.06400000000001,-4.2067527833985805,-13.200000000000001,-0.72,120.8,6.831838825948666,-1.0150513813700728,20.349990844726562
244.624,5,-35.359330799999995,149.1655242,100.08,-4.78222695682342,-13.17,-0.63,120.89999999999999,6.831838825948666,-1.0150513813700728,20.349990844726562
244.72400000000002,5,-35.3593426,149.1655235,100.086,-5.280089263822582,-13.13,-0.62,121.00000000000001,6.831838825948666,-1.0150513813700728,20.349990844726562
244.824,5,-35.3593543,149.16552289999998,100.011,-5.559818380619984,-13.1,-0.6,121.10000000000001,6.831838825948666,-1.0150513813700728,20.349990844726562
244.924,5,-35.359366,149.1655222,99.927,-5.578422962145453,-13.07,-0.5700000000000001,121.2,6.848901189229793,-1.00394044274452,20.512929916381836
245.024,5,-35.359377699999996,149.1655216,99.871,-5.373775126686239,-13.02,-0.5700000000000001,121.3,6.848901189229793,-1.00394044274452,20.512929916381836
245.124,5,-35.3593893,149.16552099999998,99.825,-5.177961287144789,-12.96,-0.54,121.39999999999999,6.848901189229793,-1.00394044274452,20.512929916381836
245.22400000000002,5,-35.359400799999996,149.1655204,99.837,-5.0547702877271465,-12.93,-0.48,121.50000000000001,6.848901189229793,-1.00394044274452,20.512929916381836
245.324,5,-35.3594124,149.1655199,99.84400000000001,-5.030155993505713,-12.870000000000001,-0.46,121.60000000000001,6.848901189229793,-1.00394044274452,20.512929916381836
245.425,5,-35.359423899999996,149.1655195,99.849,-5.093324144270929,-12.81,-0.33,121.70100000000001,6.869711625054527,-0.9941741981351924,20.36610221862793
245.525,5,-35.3594355,149.16551909999998,99.915,-5.163496654029995,-12.75,-0.28,121.801,6.869711625054527,-0.9941741981351924,20.36610221862793
245.625,5,-35.359446999999996,149.1655189,99.97,-5.2270690666167114,-12.68,-0.19,121.901,6.869711625054527,-0.9941741981351924,20.36610221862793
245.725,5,-35.359458499999995,149.1655187,100.049,-5.199703486820232,-12.63,-0.11,122.00099999999999,6.869711625054527,-0.9941741981351924,20.36610221862793
245.824,5,-35.3594699,149.16551859999998,100.09100000000001,-5.047182801332909,-12.6,-0.1,122.10000000000001,6.869711625054527,-0.9941741981351924,20.36610221862793
245.924,5,-35.3594813,149.1655184,100.07300000000001,-4.722300584593021,-12.59,-0.06,122.2,6.886961920378059,-0.9872405690678575,19.920568466186523
246.024,5,-35.3594927,149.1655184,100.078,-4.214388081117009,-12.57,-0.06,122.3,6.886961920378059,-0.9872405690678575,19.920568466186523
246.124,5,-35.359504099999995,149.1655183,100.08,-3.663663951923357,-12.6,-0.05,122.39999999999999,6.886961920378059,-0.9872405690678575,19.920568466186523
246.22400000000002,5,-35.3595156,149.16551819999998,100.056,-3.2031828433648526,-12.65,-0.05,122.50000000000001,6.886961920378059,-0.9872405690678575,19.920568466186523
246.324,5,-35.359527,149.16551819999998,100.018,-2.8560973891805457,-12.71,-0.03,122.60000000000001,6.886961920378059,-0.9872405690678575,19.920568466186523
246.424,5,-35.3595384,149.16551819999998,99.988,-2.590179341771732,-12.790000000000001,-0.01,122.7,6.896690573237768,-0.9804901859966118,19.18880271911621
246.524,5,-35.3595499,149.16551819999998,99.916,-2.4296058632529633,-12.86,0.01,122.8,6.896690573237768,-0.9804901859966118,19.18880271911621
246.624,5,-35.3595615,149.16551819999998,99.866,-2.369012907248253,-12.92,0.05,122.89999999999999,6.896690573237768,-0.9804901859966118,19.18880271911621
246.72400000000002,5,-35.359573,149.1655183,99.848,-2.3743069441852476,-12.97,0.1,123.00000000000001,6.896690573237768,-0.9804901859966118,19.18880271911621
246.824,5,-35.3595847,149.1655184,99.82900000000001,-2.318440479086186,-13.01,0.15,123.10000000000001,6.896690573237768,-0.9804901859966118,19.18880271911621
246.924,5,-35.3595963,149.16551859999998,99.852,-2.2176781133555727,-13.040000000000001,0.22,123.2,6.899579028011972,-0.9744792580058276,19.190458297729492
247.024,5,-35.359608,149.1655189,99.915,-2.0564002715786467,-13.09,0.25,123.3,6.899579028011972,-0.9744792580058276,19.190458297729492
247.124,5,-35.359619699999996,149.1655192,99.929,-1.8002449123713082,-13.15,0.27,123.39999999999999,6.899579028011972,-0.9744792580058276,19.190458297729492
247.22400000000002,5,-35.3596315,149.16551959999998,99.92,-1.3978019489028117,-13.21,0.3,123.50000000000001,6.899579028011972,-0.9744792580058276,19.190458297729492
247.324,5,-35.359643399999996,149.1655199,99.914,-0.9580807734397379,-13.26,0.3,123.60000000000001,6.899579028011972,-0.9744792580058276,19.190458297729492
247.424,5,-35.3596553,149.1655203,99.911,-0.45722604317131754,-13.3,0.29,123.7,6.901105441315676,-0.9683878225509962,19.74688148498535
247.525,5,-35.3596672,149.1655207,99.86200000000001,0.025491916833873893,-13.35,0.28,123.801,6.901105441315676,-0.9683878225509962,19.74688148498535
247.625,5,-35.359679299999996,149.16552099999998,99.816,0.4374724157201267,-13.38,0.26,123.901,6.901105441315676,-0.9683878225509962,19.74688148498535
247.725,5,-35.359691399999996,149.1655213,99.788,0.7100676934141421,-13.4,0.25,124.00099999999999,6.901105441315676,-0.9683878225509962,19.74688148498535
247.824,5,-35.359703599999996,149.1655216,99.761,0.9443411008723167,-13.43,0.21,124.10000000000001,6.901105441315676,-0.9683878225509962,19.74688148498535
247.924,5,-35.3597158,149.1655219,99.792,1.1520533433913398,-13.450000000000001,0.12,124.2,6.9090651622172,-0.9637772928125027,20.391122817993164
248.024,5,-35.359728,149.16552199999998,99.778,1.330660975918175,-13.47,0.06,124.3,6.9090651622172,-0.9637772928125027,20.391122817993164
248.124,5,-35.3597403,149.1655221,99.77,1.3163815049629113,-13.48,0.0,124.39999999999999,6.9090651622172,-0.9637772928125027,20.391122817993164
248.22400000000002,5,-35.3597525,149.1655221,99.83500000000001,1.1530129849697266,-13.49,-0.04,124.50000000000001,6.9090651622172,-0.9637772928125027,20.391122817993164
248.324,5,-35.3597648,149.1655221,99.938,0.8179155266349971,-13.51,-0.05,124.60000000000001,6.9090651622172,-0.9637772928125027,20.391122817993164
248.424,5,-35.359777,149.1655221,99.956,0.4089963432141386,-13.52,-0.05,124.7,6.914714008135172,-0.958575415340576,19.57050895690918
248.524,5,-35.3597892,149.1655221,99.952,-0.05041393975887485,-13.52,-0.05,124.8,6.914714008135172,-0.958575415340576,19.57050895690918
248.624,5,-35.359801399999995,149.1655221,99.994,-0.48857058168529943,-13.51,-0.02,124.89999999999999,6.914714008135172,-0.958575415340576,19.57050895690918
248.72400000000002,5,-35.3598135,149.1655221,100.047,-0.8555068601143375,-13.540000000000001,-0.01,125.00000000000001,6.914714008135172,-0.958575415340576,19.57050895690918
248.824,5,-35.3598256,149.1655221,100.066,-1.1745972365206132,-13.57,0.0,125.10000000000001,6.914714008135172,-0.958575415340576,19.57050895690918
248.924,5,-35.3598378,149.1655221,100.036,-1.36115478235452,-13.61,0.02,125.2,6.910147078729017,-0.9544744695513914,19.435617446899414
249.024,5,-35.35985,149.1655222,100.007,-1.4082051807823874,-13.63,0.08,125.3,6.910147078729017,-0.9544744695513914,19.435617446899414
249.124,5,-35.359862199999995,149.1655224,100.012,-1.2820147678237575,-13.67,0.1,125.39999999999999,6.910147078729017,-0.9544744695513914,19.435617446899414
249.22400000000002,5,-35.359874399999995,149.1655226,99.976,-1.0746531061082263,-13.72,0.11,125.50000000000001,6.910147078729017,-0.9544744695513914,19.435617446899414
249.324,5,-35.3598867,149.1655228,99.884,-0.854111046924422,-13.790000000000001,0.13,125.60000000000001,6.910147078729017,-0.9544744695513914,19.435617446899414
249.424,5,-35.3598991,149.165523,99.84,-0.5891405815412415,-13.85,0.14,125.7,6.904971297504987,-0.9502629324200526,19.92529296875
249.524,5,-35.359911499999995,149.1655232,99.798,-0.2949598783575759,-13.89,0.13,125.8,6.904971297504987,-0.9502629324200526,19.92529296875
249.625,5,-35.3599241,149.16552339999998,99.74000000000001,0.03313930078548165,-13.93,0.13,125.901,6.904971297504987,-0.9502629324200526,19.92529296875
249.725,5,-35.3599367,149.1655236,99.746,0.27406104696207073,-13.94,0.13,126.00099999999999,6.904971297504987,-0.9502629324200526,19.92529296875
249.82500000000002,5,-35.3599493,149.1655238,99.78,0.4141509482425297,-13.93,0.13,126.10100000000001,6.904971297504987,-0.9502629324200526,19.92529296875
249.924,5,-35.3599619,149.165524,99.807,0.5252761250066538,-13.88,0.08,126.2,6.905407061272986,-0.9460377639089401,20.46490478515625
250.024,5,-35.3599744,149.1655241,99.849,0.7083955777279584,-13.780000000000001,0.0,126.3,6.905407061272986,-0.9460377639089401,20.46490478515625
250.124,5,-35.359986899999996,149.1655241,99.941,0.8706641704605065,-13.68,-0.05,126.39999999999999,6.905407061272986,-0.9460377639089401,20.46490478515625
250.22400000000002,5,-35.3599993,149.165524,100.015,0.9024726815903732,-13.59,-0.1,126.50000000000001,6.905407061272986,-0.9460377639089401,20.46490478515625
250.324,5,-35.3600116,149.165524,100.034,0.8106444700984012,-13.48,-0.14,126.60000000000001,6.905407061272986,-0.9460377639089401,20.46490478515625
250.424,5,-35.3600237,149.16552389999998,100.048,0.5095823246455214,-13.36,-0.15,126.7,6.917324930760248,-0.9432548431876374,21.442461013793945
250.524,5,-35.3600357,149.1655237,100.053,0.09869756752800651,-13.23,-0.16,126.8,6.917324930760248,-0.9432548431876374,21.442461013793945
250.624,5,-35.3600475,149.1655236,100.066,-0.3759240603248344,-13.11,-0.15,126.89999999999999,6.917324930760248,-0.9432548431876374,21.442461013793945
250.72400000000002,5,-35.3600591,149.16552339999998,100.065,-0.8133482111535214,-12.98,-0.15,127.00000000000001,6.917324930760248,-0.9432548431876374,21.442461013793945
250.824,5,-35.3600707,149.1655233,100.044,-1.2018412602942072,-12.85,-0.12,127.10000000000001,6.917324930760248,-0.9432548431876374,21.442461013793945
250.924,5,-35.3600821,149.1655232,100.052,-1.5124728209393923,-12.72,-0.08,127.2,6.945738688127658,-0.9440207042643405,21.44003677368164
251.024,5,-35.3600934,149.1655232,100.083,-1.6854214282954603,-12.58,-0.06,127.3,6.945738688127658,-0.9440207042643405,21.44003677368164
251.124,5,-35.3601045,149.1655232,100.126,-1.74466499505227,-12.42,-0.02,127.39999999999999,6.945738688127658,-0.9440207042643405,21.44003677368164
251.22400000000002,5,-35.3601155,149.1655232,100.157,-1.8264100864211579,-12.26,0.08,127.50000000000001,6.945738688127658,-0.9440207042643405,21.44003677368164
251.324,5,-35.3601264,149.1655233,100.18,-1.9008314007307936,-12.1,0.2,127.60000000000001,6.945738688127658,-0.9440207042643405,21.44003677368164
251.424,5,-35.360137099999996,149.1655236,100.243,-1.7649299528762863,-11.950000000000001,0.31,127.7,6.982719139325461,-0.9457780774816591,20.768394470214844
251.524,5,-35.3601477,149.165524,100.35900000000001,-1.406705740816158,-11.85,0.35000000000000003,127.8,6.982719139325461,-0.9457780774816591,20.768394470214844
251.624,5,-35.3601583,149.1655245,100.386,-0.8782285516054428,-11.76,0.37,127.89999999999999,6.982719139325461,-0.9457780774816591,20.768394470214844
251.725,5,-35.3601688,149.16552489999998,100.37,-0.18834241300224872,-11.68,0.39,128.00099999999998,6.982719139325461,-0.9457780774816591,20.768394470214844
251.82500000000002,5,-35.3601793,149.16552529999998,100.342,0.6566431810259188,-11.620000000000001,0.36,128.101,6.982719139325461,-0.9457780774816591,20.768394470214844
251.925,5,-35.3601897,149.1655257,100.298,1.5611082501415259,-11.57,0.29,128.20100000000002,7.012836111596059,-0.944861484150138,19.55211067199707
252.024,5,-35.3602002,149.165526,100.218,2.40175491313859,-11.53,0.2,128.3,7.012836111596059,-0.944861484150138,19.55211067199707
252.124,5,-35.360210599999995,149.1655262,100.145,3.020955957629851,-11.52,0.09,128.39999999999998,7.012836111596059,-0.944861484150138,19.55211067199707
252.22400000000002,5,-35.360220999999996,149.1655262,100.07300000000001,3.307550054873351,-11.52,0.03,128.5,7.012836111596059,-0.944861484150138,19.55211067199707
252.324,5,-35.3602315,149.1655262,99.988,3.282948780700023,-11.55,-0.05,128.60000000000002,7.012836111596059,-0.944861484150138,19.55211067199707
252.424,5,-35.360242,149.1655261,99.933,2.897124414534108,-11.57,-0.09,128.7,7.0369127885668235,-0.9420308312827587,19.61756134033203
252.524,5,-35.3602524,149.165526,99.852,2.27739659170311,-11.61,-0.11,128.8,7.0369127885668235,-0.9420308312827587,19.61756134033203
252.624,5,-35.360262899999995,149.1655259,99.781,1.5753109881903327,-11.63,-0.13,128.89999999999998,7.0369127885668235,-0.9420308312827587,19.61756134033203
252.72400000000002,5,-35.3602734,149.1655257,99.763,0.9371445360863563,-11.68,-0.14,129.0,7.0369127885668235,-0.9420308312827587,19.61756134033203
252.824,5,-35.3602839,149.1655255,99.71300000000001,0.5091641890022697,-11.72,-0.13,129.10000000000002,7.0369127885668235,-0.9420308312827587,19.61756134033203
252.924,5,-35.3602944,149.16552529999998,99.61,0.5184609835971562,-11.74,-0.18,129.2,7.065804093457272,-0.9415584243935916,19.823047637939453
253.024,5,-35.360304899999996,149.1655251,99.583,1.1348550337829535,-11.76,-0.24,129.3,7.065804093457272,-0.9415584243935916,19.823047637939453
253.124,5,-35.3603154,149.1655248,99.57900000000001,2.246423818251218,-11.77,-0.32,129.39999999999998,7.065804093457272,-0.9415584243935916,19.823047637939453
253.22400000000002,5,-35.360326,149.1655243,99.62,3.7352127448001795,-11.81,-0.4,129.5,7.065804093457272,-0.9415584243935916,19.823047637939453
253.324,5,-35.3603366,149.1655238,99.64,5.412298247378756,-11.84,-0.52,129.60000000000002,7.065804093457272,-0.9415584243935916,19.823047637939453
253.424,5,-35.3603473,149.1655231,99.68,7.031839833086799,-11.88,-0.65,129.7,7.088917849628534,-0.9407805336205867,19.449888229370117
253.524,5,-35.360358,149.1655223,99.726,8.533732264115018,-11.92,-0.79,129.8,7.088917849628534,-0.9407805336205867,19.449888229370117
253.624,5,-35.360368699999995,149.1655213,99.747,9.881484827935799,-11.950000000000001,-0.96,129.89999999999998,7.088917849628534,-0.9407805336205867,19.449888229370117
253.725,5,-35.3603794,149.1655202,99.749,10.973792585666333,-11.96,-1.1,130.00099999999998,7.088917849628534,-0.9407805336205867,19.449888229370117
253.82500000000002,5,-35.3603903,149.1655188,99.775,11.746363820422937,-11.98,-1.32,130.101,7.088917849628534,-0.9407805336205867,19.449888229370117
253.925,5,-35.3604012,149.16551719999998,99.83200000000001,12.269313839130378,-12.030000000000001,-1.52,130.20100000000002,7.1060481310180545,-0.94093563612489,19.51140022277832
254.025,5,-35.3604121,149.1655154,99.888,12.636466389096183,-12.1,-1.56,130.301,7.1060481310180545,-0.94093563612489,19.51140022277832
254.124,5,-35.3604232,149.1655137,99.87,12.970645347070104,-12.17,-1.6400000000000001,130.39999999999998,7.1060481310180545,-0.94093563612489,19.51140022277832
254.22400000000002,5,-35.3604343,149.1655117,99.852,13.251914244638522,-12.21,-1.87,130.5,7.1060481310180545,-0.94093563612489,19.51140022277832
254.324,5,-35.3604455,149.16550949999998,99.834,13.541180439951377,-12.27,-1.98,130.60000000000002,7.1060481310180545,-0.94093563612489,19.51140022277832
254.424,5,-35.3604566,149.16550709999999,99.807,13.867429548298915,-12.31,-2.25,130.7,7.119296596809339,-0.9415574775085063,19.607683181762695
254.524,5,-35.360467899999996,149.1655045,99.807,14.285467007581314,-12.36,-2.41,130.8,7.119296596809339,-0.9415574775085063,19.607683181762695
254.624,5,-35.3604791,149.1655016,99.81700000000001,14.926492214018058,-12.39,-2.72,130.89999999999998,7.119296596809339,-0.9415574775085063,19.607683181762695
254.72400000000002,5,-35.360490299999995,149.1654986,99.821,15.81008817373322,-12.450000000000001,-2.79,131.0,7.119296596809339,-0.9415574775085063,19.607683181762695
254.824,5,-35.3605016,149.1654953,99.812,16.905508790177986,-12.48,-3.13,131.10000000000002,7.119296596809339,-0.9415574775085063,19.607683181762695
254.924,5,-35.360512799999995,149.1654917,99.846,18.14319370929766,-12.52,-3.38,131.2,7.12742683402712,-0.9412904811743827,19.216632843017578
255.024,5,-35.360524,149.1654878,99.84700000000001,19.659705733357466,-12.56,-3.63,131.3,7.12742683402712,-0.9412904811743827,19.216632843017578
255.124,5,-35.360535299999995,149.1654836,99.84100000000001,21.262259357939218,-12.57,-4.05,131.39999999999998,7.12742683402712,-0.9412904811743827,19.216632843017578
255.22400000000002,5,-35.3605466,149.1654791,99.84400000000001,22.906277353424827,-12.61,-4.3,131.5,7.12742683402712,-0.9412904811743827,19.216632843017578
255.324,5,-35.360557899999996,149.16547409999998,99.849,24.602078428102885,-12.61,-4.79,131.60000000000002,7.12742683402712,-0.9412904811743827,19.216632843017578
255.424,5,-35.3605693,149.16546879999999,99.86200000000001,26.23880348910221,-12.66,-5.08,131.7,7.130236497469927,-0.9419803266185349,19.670696258544922
255.524,5,-35.3605806,149.16546309999998,99.843,27.749412522171834,-12.67,-5.48,131.8,7.130236497469927,-0.9419803266185349,19.670696258544922
255.624,5,-35.360592,149.1654568,99.84,28.943602796656865,-12.65,-5.97,131.89999999999998,7.130236497469927,-0.9419803266185349,19.670696258544922
255.72400000000002,5,-35.360603399999995,149.1654501,99.85000000000001,30.064723707401097,-12.64,-6.38,132.0,7.130236497469927,-0.9419803266185349,19.670696258544922
255.82500000000002,5,-35.3606147,149.1654429,99.84400000000001,31.315170834984936,-12.6,-6.84,132.101,7.130236497469927,-0.9419803266185349,19.670696258544922
255.925,5,-35.3606262,149.165435,99.86200000000001,32.51969177058961,-12.48,-7.51,132.20100000000002,7.13010270949718,-0.9447873848526382,20.091976165771484
256.025,5,-35.360637499999996,149.1654264,99.915,33.57780077114589,-12.41,-8.01,132.301,7.13010270949718,-0.9447873848526382,20.091976165771484
256.125,5,-35.3606488,149.1654173,99.947,34.63305816772369,-12.38,-8.370000000000001,132.401,7.13010270949718,-0.9447873848526382,20.091976165771484
256.224,5,-35.3606599,149.16540759999998,99.98,35.50645153236614,-12.14,-9.15,132.5,7.13010270949718,-0.9447873848526382,20.091976165771484
256.324,5,-35.360670899999995,149.1653971,100.044,36.168020240279,-12.06,-9.55,132.60000000000002,7.13010270949718,-0.9447873848526382,20.091976165771484
256.424,5,-35.3606817,149.1653861,100.099,36.747613017773354,-11.84,-10.21,132.7,7.1283502101423455,-0.9469312936649773,19.884136199951172
256.524,5,-35.3606925,149.16537449999998,100.154,37.26038263952289,-11.700000000000001,-10.67,132.8,7.1283502101423455,-0.9469312936649773,19.884136199951172
256.624,5,-35.360703,149.1653624,100.19,37.78180611095083,-11.48,-11.21,132.90000000000003,7.1283502101423455,-0.9469312936649773,19.884136199951172
256.724,5,-35.3607132,149.1653498,100.236,38.24562718201347,-11.290000000000001,-11.66,133.0,7.1283502101423455,-0.9469312936649773,19.884136199951172
256.824,5,-35.3607233,149.1653366,100.266,38.68719549676021,-11.1,-12.09,133.10000000000002,7.1283502101423455,-0.9469312936649773,19.884136199951172
256.924,5,-35.3607331,149.1653232,100.276,38.91345575830064,-10.9,-12.51,133.2,7.121287325964085,-0.9553840349934108,19.95456886291504
257.024,5,-35.3607428,149.1653092,100.275,38.464042971292145,-10.65,-12.97,133.3,7.121287325964085,-0.9553840349934108,19.95456886291504
257.124,5,-35.3607522,149.1652947,100.265,37.28069562211451,-10.450000000000001,-13.370000000000001,133.40000000000003,7.121287325964085,-0.9553840349934108,19.95456886291504
257.224,5,-35.3607614,149.16527979999998,100.238,35.3471134643135,-10.17,-13.82,133.5,7.121287325964085,-0.9553840349934108,19.95456886291504
257.324,5,-35.3607703,149.16526439999998,100.242,32.29766622633459,-9.67,-14.47,133.60000000000002,7.121287325964085,-0.9553840349934108,19.95456886291504
257.424,5,-35.3607789,149.1652484,100.295,28.392094049482306,-9.71,-14.530000000000001,133.7,7.112331215876256,-0.970341984669394,20.015989303588867
257.524,5,-35.3607876,149.16523239999998,100.294,24.378029440306246,-9.5,-14.8,133.8,7.112331215876256,-0.970341984669394,20.015989303588867
257.624,5,-35.3607961,149.16521609999998,100.301,20.30461219479007,-9.450000000000001,-14.88,133.90000000000003,7.112331215876256,-0.970341984669394,20.015989303588867
257.724,5,-35.3608045,149.1651997,100.275,16.54003732052165,-9.290000000000001,-15.02,134.0,7.112331215876256,-0.970341984669394,20.015989303588867
257.824,5,-35.3608128,149.1651832,100.279,13.274442769842162,-9.13,-15.14,134.10000000000002,7.112331215876256,-0.970341984669394,20.015989303588867
257.925,5,-35.360821,149.1651667,100.307,10.609203064186575,-9.17,-15.1,134.20100000000002,7.101158078579122,-0.993696688478351,20.21856117248535
258.025,5,-35.3608293,149.1651499,100.31700000000001,8.565473860735361,-9.08,-15.17,134.301,7.101158078579122,-0.993696688478351,20.21856117248535
258.125,5,-35.360837599999996,149.1651331,100.358,7.002291154076855,-9.09,-15.18,134.401,7.101158078579122,-0.993696688478351,20.21856117248535
258.225,5,-35.3608458,149.1651163,100.34,5.8963187491380635,-9.11,-15.17,134.50100000000003,7.101158078579122,-0.993696688478351,20.21856117248535
258.324,5,-35.3608541,149.1650995,100.285,5.1636332578133946,-9.08,-15.200000000000001,134.60000000000002,7.101158078579122,-0.993696688478351,20.21856117248535
258.424,5,-35.3608623,149.1650826,100.252,4.615790187789019,-9.03,-15.26,134.7,7.089679282381733,-1.0152748563664014,19.69916534423828
258.524,5,-35.3608705,149.1650656,100.238,4.185735864435628,-9.040000000000001,-15.280000000000001,134.8,7.089679282381733,-1.0152748563664014,19.69916534423828
258.624,5,-35.3608787,149.1650486,100.184,3.8287402326524567,-9.01,-15.34,134.90000000000003,7.089679282381733,-1.0152748563664014,19.69916534423828
258.724,5,-35.3608869,149.1650315,100.19200000000001,3.4905109725007177,-8.98,-15.41,135.0,7.089679282381733,-1.0152748563664014,19.69916534423828
258.824,5,-35.360895,149.1650144,100.22,3.0983116919616536,-8.98,-15.43,135.10000000000002,7.089679282381733,-1.0152748563664014,19.69916534423828
258.924,5,-35.3609031,149.1649974,100.221,2.680189922531687,-8.950000000000001,-15.47,135.2,7.075038490629267,-1.0381722095689707,20.299423217773438
259.024,5,-35.360911099999996,149.1649804,100.22800000000001,2.276482413571386,-8.9,-15.5,135.3,7.075038490629267,-1.0381722095689707,20.299423217773438
259.124,5,-35.3609191,149.1649634,100.266,1.8089043115784151,-8.84,-15.51,135.40000000000003,7.075038490629267,-1.0381722095689707,20.299423217773438
259.224,5,-35.360926899999995,149.1649464,100.287,1.2842828175150247,-8.790000000000001,-15.5,135.5,7.075038490629267,-1.0381722095689707,20.299423217773438
259.324,5,-35.3609347,149.1649295,100.35000000000001,0.679003566182101,-8.75,-15.46,135.60000000000002,7.075038490629267,-1.0381722095689707,20.299423217773438
259.424,5,-35.3609425,149.1649127,100.366,-0.006697431536837261,-8.72,-15.41,135.7,7.067728557426135,-1.0436128834270038,20.3879337310791
259.524,5,-35.3609503,149.1648959,100.375,-0.6432192446250521,-8.66,-15.370000000000001,135.8,7.067728557426135,-1.0436128834270038,20.3879337310791
259.624,5,-35.360958,149.1648791,100.384,-1.2283232910885218,-8.65,-15.31,135.90000000000003,7.067728557426135,-1.0436128834270038,20.3879337310791
259.724,5,-35.3609657,149.1648624,100.35900000000001,-1.7744710868165594,-8.65,-15.25,136.0,7.067728557426135,-1.0436128834270038,20.3879337310791
259.824,5,-35.3609734,149.1648458,100.331,-2.2166663915847646,-8.65,-15.18,136.10000000000002,7.067728557426135,-1.0436128834270038,20.3879337310791
259.924,5,-35.3609811,149.16482919999999,100.286,-2.6834530454076604,-8.700000000000001,-15.120000000000001,136.2,7.060737105716095,-1.0511706447399558,20.191261291503906
260.025,5,-35.360989,149.1648126,100.218,-3.087050417567595,-8.76,-15.07,136.301,7.060737105716095,-1.0511706447399558,20.191261291503906
260.125,5,-35.360997,149.1647959,100.18900000000001,-3.340908485336282,-8.88,-15.05,136.401,7.060737105716095,-1.0511706447399558,20.191261291503906
260.225,5,-35.361005,149.1647793,100.14,-3.402211994458085,-8.93,-15.06,136.50100000000003,7.060737105716095,-1.0511706447399558,20.191261291503906
260.324,5,-35.3610131,149.1647626,100.038,-3.313860295892797,-9.03,-15.05,136.60000000000002,7.060737105716095,-1.0511706447399558,20.191261291503906
260.424,5,-35.3610213,149.16474599999998,99.985,-3.0288183591381816,-9.120000000000001,-15.06,136.7,7.050884187714818,-1.0640880933463588,19.328678131103516
260.524,5,-35.3610296,149.16472919999998,99.93900000000001,-2.6279370543903853,-9.19,-15.08,136.8,7.050884187714818,-1.0640880933463588,19.328678131103516
260.624,5,-35.361038,149.1647125,99.923,-2.5261469586330967,-9.25,-15.11,136.90000000000003,7.050884187714818,-1.0640880933463588,19.328678131103516
260.724,5,-35.3610464,149.1646958,99.94500000000001,-3.355502892045307,-9.31,-15.14,137.0,7.050884187714818,-1.0640880933463588,19.328678131103516
260.824,5,-35.3610549,149.164679,99.964,-5.874843353727075,-9.370000000000001,-15.18,137.10000000000002,7.050884187714818,-1.0640880933463588,19.328678131103516
260.924,5,-35.3610633,149.1646623,99.97200000000001,-10.157485942106844,-9.46,-15.16,137.2,7.029909978666067,-1.0994785293015394,19.19594383239746
261.024,5,-35.3610719,149.1646457,99.97800000000001,-15.781437237712309,-9.63,-15.09,137.3,7.029909978666067,-1.0994785293015394,19.19594383239746
261.124,5,-35.3610806,149.1646293,100.012,-22.003015571541905,-9.89,-14.93,137.40000000000003,7.029909978666067,-1.0994785293015394,19.19594383239746
261.224,5,-35.3610895,149.164613,99.998,-28.13438588945585,-10.040000000000001,-14.93,137.5,7.029909978666067,-1.0994785293015394,19.19594383239746
261.324,5,-35.3610987,149.1645968,99.926,-33.55240954290637,-10.540000000000001,-14.55,137.60000000000002,7.029909978666067,-1.0994785293015394,19.19594383239746
261.424,5,-35.3611083,149.1645812,99.884,-37.54967530181878,-10.99,-14.27,137.7,7.008810296255858,-1.1409820609484331,19.515750885009766
261.524,5,-35.361118399999995,149.1645658,99.816,-40.442414094575504,-11.48,-13.93,137.8,7.008810296255858,-1.1409820609484331,19.515750885009766
261.624,5,-35.361129,149.164551,99.755,-42.244658544826336,-12.1,-13.4,137.90000000000003,7.008810296255858,-1.1409820609484331,19.515750885009766
261.724,5,-35.3611401,149.16453679999998,99.702,-43.373559041035215,-12.84,-12.57,138.0,7.008810296255858,-1.1409820609484331,19.515750885009766
261.824,5,-35.361151899999996,149.1645236,99.703,-43.85262850941991,-13.450000000000001,-11.82,138.10000000000002,7.008810296255858,-1.1409820609484331,19.515750885009766
261.924,5,-35.3611643,149.1645113,99.727,-44.14156600187896,-14.0,-10.91,138.2,6.987977698557515,-1.180496913207564,20.446273803710938
262.024,5,-35.3611771,149.1645001,99.801,-44.29737969231987,-14.540000000000001,-9.63,138.3,6.987977698557515,-1.180496913207564,20.446273803710938
262.125,5,-35.3611904,149.16449029999998,99.96600000000001,-44.18553534466091,-14.9,-8.51,138.401,6.987977698557515,-1.180496913207564,20.446273803710938
262.225,5,-35.3612039,149.1644816,100.165,-44.14463275681629,-15.11,-7.82,138.50100000000003,6.987977698557515,-1.180496913207564,20.446273803710938
262.325,5,-35.3612177,149.1644737,100.364,-44.098044036487636,-15.31,-6.9,138.601,6.987977698557515,-1.180496913207564,20.446273803710938
262.424,5,-35.361231499999995,149.1644665,100.56700000000001,-43.79741326016952,-15.38,-6.3,138.7,6.967650489962157,-1.2074251492790913,21.47623062133789
262.524,5,-35.361245499999995,149.1644599,100.73400000000001,-43.418160176315396,-15.42,-5.75,138.8,6.967650489962157,-1.2074251492790913,21.47623062133789
262.624,5,-35.361259499999996,149.164454,100.9,-42.668150763934634,-15.4,-5.19,138.90000000000003,6.967650489962157,-1.2074251492790913,21.47623062133789
262.724,5,-35.3612734,149.1644486,101.03,-42.03503662410406,-15.34,-4.86,139.0,6.967650489962157,-1.2074251492790913,21.47623062133789
262.824,5,-35.3612872,149.1644435,101.126,-41.57176196817502,-15.27,-4.37,139.10000000000002,6.967650489962157,-1.2074251492790913,21.47623062133789
262.924,5,-35.361300799999995,149.1644389,101.21000000000001,-41.293578608564154,-15.14,-4.33,139.2,6.961007007617777,-1.213477781392658,22.040401458740234
263.024,5,-35.3613143,149.1644344,101.21000000000001,-41.67041722054668,-15.05,-3.91,139.3,6.961007007617777,-1.213477781392658,22.040401458740234
263.124,5,-35.3613277,149.16443049999998,101.19,-42.262813187640226,-14.96,-3.3000000000000003,139.40000000000003,6.961007007617777,-1.213477781392658,22.040401458740234
263.224,5,-35.361340999999996,149.16442709999998,101.154,-42.896248346361794,-14.84,-2.9,139.5,6.961007007617777,-1.213477781392658,22.040401458740234
263.324,5,-35.3613541,149.1644243,101.09100000000001,-43.57747092361136,-14.75,-2.08,139.60000000000002,6.961007007617777,-1.213477781392658,22.040401458740234
263.424,5,-35.3613672,149.1644224,101.042,-43.98549959443875,-14.66,-1.42,139.7,6.967718498107795,-1.2117226000417285,21.37383270263672
263.524,5,-35.3613802,149.1644211,100.977,-44.30448650415127,-14.56,-0.76,139.8,6.967718498107795,-1.2117226000417285,21.37383270263672
263.624,5,-35.3613931,149.16442089999998,100.937,-44.42649758838979,-14.450000000000001,0.28,139.90000000000003,6.967718498107795,-1.2117226000417285,21.37383270263672
263.724,5,-35.3614059,149.1644217,100.935,-44.37730656598736,-14.31,1.11,140.0,6.967718498107795,-1.2117226000417285,21.37383270263672
263.824,5,-35.3614186,149.16442329999998,100.935,-44.44350475942313,-14.16,1.84,140.10000000000002,6.967718498107795,-1.2117226000417285,21.37383270263672
263.924,5,-35.3614311,149.1644259,100.95400000000001,-44.475927667413174,-13.96,2.69,140.2,6.9722748601101205,-1.2107971858301525,21.02920913696289
264.024,5,-35.3614434,149.1644292,100.95400000000001,-44.68151977652514,-13.73,3.43,140.3,6.9722748601101205,-1.2107971858301525,21.02920913696289
264.125,5,-35.3614555,149.16443329999998,100.955,-44.84669082612898,-13.43,4.29,140.401,6.9722748601101205,-1.2107971858301525,21.02920913696289
264.225,5,-35.361467499999996,149.1644384,100.96300000000001,-44.94762736168342,-13.14,5.03,140.50100000000003,6.9722748601101205,-1.2107971858301525,21.02920913696289
264.325,5,-35.3614791,149.1644446,100.997,-44.7937978411964,-12.76,5.95,140.601,6.9722748601101205,-1.2107971858301525,21.02920913696289
264.425,5,-35.361490499999995,149.1644513,101.029,-44.41860871989843,-12.52,6.47,140.70100000000002,6.9745607711286715,-1.2103197247789463,20.276891708374023
264.524,5,-35.3615018,149.16445869999998,101.048,-43.73834919932184,-12.38,6.8100000000000005,140.8,6.9745607711286715,-1.2103197247789463,20.276891708374023
264.624,5,-35.3615128,149.1644666,101.043,-42.82868069999744,-12.14,7.3500000000000005,140.90000000000003,6.9745607711286715,-1.2103197247789463,20.276891708374023
264.724,5,-35.3615237,149.16447499999998,101.024,-41.63673072756018,-11.9,7.8100000000000005,141.0,6.9745607711286715,-1.2103197247789463,20.276891708374023
264.824,5,-35.3615344,149.1644839,100.999,-40.37066295734452,-11.58,8.42,141.10000000000002,6.9745607711286715,-1.2103197247789463,20.276891708374023
264.924,5,-35.3615448,149.1644933,100.98700000000001,-39.01303650130484,-11.43,8.620000000000001,141.2,6.972036722124487,-1.2054294770039031,20.16339111328125
265.024,5,-35.361554999999996,149.164503,100.95100000000001,-37.93581663145086,-11.26,8.81,141.3,6.972036722124487,-1.2054294770039031,20.16339111328125
265.124,5,-35.3615649,149.1645129,100.921,-37.276997074678945,-10.9,9.31,141.40000000000003,6.972036722124487,-1.2054294770039031,20.16339111328125
265.224,5,-35.3615746,149.1645232,100.882,-37.04407737869776,-10.6,9.63,141.5,6.972036722124487,-1.2054294770039031,20.16339111328125
265.324,5,-35.3615839,149.1645338,100.82600000000001,-37.13755193258397,-10.32,9.9,141.60000000000002,6.972036722124487,-1.2054294770039031,20.16339111328125
265.424,5,-35.3615929,149.16454489999998,100.773,-37.41016527292668,-9.77,10.49,141.7,6.973130632461282,-1.2070224818757278,20.26537322998047
265.524,5,-35.3616014,149.1645566,100.753,-37.542486527717344,-9.32,10.93,141.8,6.973130632461282,-1.2070224818757278,20.26537322998047
265.624,5,-35.3616096,149.1645686,100.72800000000001,-37.54281096170292,-9.1,11.1,141.90000000000003,6.973130632461282,-1.2070224818757278,20.26537322998047
265.724,5,-35.3616175,149.16458079999998,100.658,-37.639598157336586,-8.66,11.5,142.0,6.973130632461282,-1.2070224818757278,20.26537322998047
265.824,5,-35.361625,149.1645936,100.60600000000001,-37.456210993216324,-8.1,12.02,142.10000000000002,6.973130632461282,-1.2070224818757278,20.26537322998047
265.924,5,-35.361632,149.164607,100.584,-37.11961585582351,-7.72,12.39,142.2,6.978090037866186,-1.2193761380972477,20.168298721313477
266.024,5,-35.3616387,149.1646207,100.529,-36.833243099397805,-7.41,12.67,142.3,6.978090037866186,-1.2193761380972477,20.168298721313477
266.124,5,-35.3616451,149.1646348,100.452,-36.36827114146001,-6.92,13.120000000000001,142.40000000000003,6.978090037866186,-1.2193761380972477,20.168298721313477
266.225,5,-35.361651,149.1646494,100.401,-35.48686938001572,-6.41,13.59,142.50100000000003,6.978090037866186,-1.2193761380972477,20.168298721313477
266.325,5,-35.3616567,149.1646647,100.34,-34.516309744240665,-6.19,13.790000000000001,142.601,6.978090037866186,-1.2193761380972477,20.168298721313477
266.425,5,-35.361661999999995,149.1646802,100.286,-33.38488549313347,-5.6000000000000005,14.31,142.70100000000002,6.984221095968016,-1.2339443393858427,19.26681900024414
266.525,5,-35.361666899999996,149.1646963,100.266,-32.08111166360475,-5.37,14.530000000000001,142.801,6.984221095968016,-1.2339443393858427,19.26681900024414
266.624,5,-35.3616716,149.1647126,100.205,-30.977254055987725,-5.12,14.75,142.90000000000003,6.984221095968016,-1.2339443393858427,19.26681900024414
266.724,5,-35.3616759,149.1647293,100.181,-29.980551871164444,-4.53,15.23,143.0,6.984221095968016,-1.2339443393858427,19.26681900024414
266.824,5,-35.36168,149.1647463,100.155,-29.167718378797908,-4.34,15.41,143.10000000000002,6.984221095968016,-1.2339443393858427,19.26681900024414
266.924,5,-35.3616837,149.16476369999998,100.158,-28.312686270191737,-3.9,15.82,143.2,6.980952181425995,-1.2240265578130578,19.14012908935547
267.024,5,-35.3616873,149.1647813,100.163,-27.55603279129585,-3.9,15.89,143.3,6.980952181425995,-1.2240265578130578,19.14012908935547
267.124,5,-35.3616908,149.1647989,100.111,-27.17027907489916,-3.63,16.15,143.40000000000003,6.980952181425995,-1.2240265578130578,19.14012908935547
267.224,5,-35.361694,149.1648167,100.07000000000001,-27.062044482216553,-3.35,16.36,143.5,6.980952181425995,-1.2240265578130578,19.14012908935547
267.324,5,-35.3616969,149.1648348,100.043,-27.29679808398989,-2.98,16.6,143.60000000000002,6.980952181425995,-1.2240265578130578,19.14012908935547
267.424,5,-35.3616995,149.164853,100.006,-27.894342306170334,-2.7800000000000002,16.73,143.7,6.976720951762164,-1.213600191490964,19.001447677612305
267.524,5,-35.3617019,149.16487139999998,99.95,-28.804813352722203,-2.27,17.01,143.8,6.976720951762164,-1.213600191490964,19.001447677612305
267.624,5,-35.3617037,149.1648902,99.937,-29.68715085008279,-1.84,17.25,143.90000000000003,6.976720951762164,-1.213600191490964,19.001447677612305
267.724,5,-35.3617053,149.1649091,99.916,-30.581396782261297,-1.72,17.38,144.0,6.976720951762164,-1.213600191490964,19.001447677612305
267.824,5,-35.3617067,149.16492829999999,99.863,-31.559732588406412,-1.28,17.63,144.10000000000002,6.976720951762164,-1.213600191490964,19.001447677612305
267.924,5,-35.3617077,149.1649478,99.819,-32.431657462377316,-0.8200000000000001,17.89,144.2,6.970227940992691,-1.1966282949546196,19.337074279785156
268.024,5,-35.3617083,149.1649675,99.797,-33.17443370442703,-0.52,18.1,144.3,6.970227940992691,-1.1966282949546196,19.337074279785156
268.124,5,-35.361708799999995,149.1649874,99.71900000000001,-34.0356385964956,-0.37,18.25,144.40000000000003,6.970227940992691,-1.1966282949546196,19.337074279785156
268.224,5,-35.3617087,149.1650077,99.663,-34.78803174489669,0.47000000000000003,18.63,144.5,6.970227940992691,-1.1966282949546196,19.337074279785156
268.325,5,-35.361708199999995,149.1650283,99.651,-35.416436469294545,0.8300000000000001,18.81,144.601,6.970227940992691,-1.1966282949546196,19.337074279785156
268.425,5,-35.3617071,149.1650493,99.62,-36.26459570004839,1.42,19.03,144.70100000000002,6.965000173047428,-1.1804140854108691,19.4781551361084
268.525,5,-35.3617055,149.1650706,99.598,-37.094549061569566,2.22,19.240000000000002,144.801,6.965000173047428,-1.1804140854108691,19.4781551361084
268.625,5,-35.3617031,149.16509209999998,99.614,-37.74627888198301,3.0500000000000003,19.43,144.901,6.965000173047428,-1.1804140854108691,19.4781551361084
268.724,5,-35.3616999,149.1651138,99.664,-38.140377381998164,3.7600000000000002,19.580000000000002,145.0,6.965000173047428,-1.1804140854108691,19.4781551361084
268.824,5,-35.3616963,149.16513569999998,99.69500000000001,-38.489345407072456,4.28,19.69,145.10000000000002,6.965000173047428,-1.1804140854108691,19.4781551361084
268.924,5,-35.3616921,149.16515769999998,99.72500000000001,-38.619863491922224,5.0,19.78,145.2,6.959823311624281,-1.1568299169647382,19.763412475585938
269.024,5,-35.3616873,149.1651798,99.752,-38.46516312231602,5.66,19.85,145.3,6.959823311624281,-1.1568299169647382,19.763412475585938
269.124,5,-35.3616818,149.165202,99.787,-37.97885023831653,6.48,19.87,145.40000000000003,6.959823311624281,-1.1568299169647382,19.763412475585938
269.224,5,-35.3616759,149.1652241,99.81400000000001,-37.40346827244549,6.73,19.92,145.5,6.959823311624281,-1.1568299169647382,19.763412475585938
269.324,5,-35.3616695,149.1652461,99.836,-36.58806321385644,7.51,19.91,145.60000000000002,6.959823311624281,-1.1568299169647382,19.763412475585938
269.424,5,-35.3616628,149.1652681,99.86500000000001,-35.603416312918235,7.65,19.93,145.7,6.958010560008391,-1.1443354937011843,20.260417938232422
269.524,5,-35.361655999999996,149.1652899,99.85300000000001,-34.788967480812985,7.930000000000001,19.92,145.8,6.958010560008391,-1.1443354937011843,20.260417938232422
269.624,5,-35.3616488,149.16531179999998,99.81400000000001,-34.32242457936609,8.42,19.86,145.90000000000003,6.958010560008391,-1.1443354937011843,20.260417938232422
269.724,6,-35.3616411,149.1653335,99.803,-34.106641828012464,8.950000000000001,19.79,146.0,6.958010560008391,-1.1443354937011843,20.260417938232422
269.824,6,-35.361633,149.1653552,99.781,-34.377718375791936,9.31,19.73,146.10000000000002,6.958010560008391,-1.1443354937011843,20.260417938232422
269.924,6,-35.3616245,149.1653767,99.75,-35.19016596247037,9.96,19.61,146.2,6.95825712424199,-1.1423644353483144,20.358474731445312
270.024,6,-35.3616154,149.1653981,99.75,-36.145904087746494,10.51,19.490000000000002,146.3,6.95825712424199,-1.1423644353483144,20.358474731445312
270.124,6,-35.3616059,149.1654194,99.73700000000001,-37.3183709455763,10.96,19.38,146.40000000000003,6.95825712424199,-1.1423644353483144,20.358474731445312
270.224,6,-35.361595799999996,149.1654405,99.73400000000001,-38.41589013764355,11.52,19.23,146.5,6.95825712424199,-1.1423644353483144,20.358474731445312
270.324,6,-35.3615852,149.1654614,99.73700000000001,-39.35193682754254,12.370000000000001,18.97,146.60000000000002,6.95825712424199,-1.1423644353483144,20.358474731445312
270.425,6,-35.361573899999996,149.1654821,99.761,-39.98226083509716,12.76,18.85,146.70100000000002,6.95755904836159,-1.1487471367724316,20.489437103271484
270.525,6,-35.361562,149.165503,99.74000000000001,-40.62950322122591,13.61,18.52,146.801,6.95755904836159,-1.1487471367724316,20.489437103271484
270.625,6,-35.3615494,149.1655233,99.776,-40.741152908493525,14.4,18.18,146.901,6.95755904836159,-1.1487471367724316,20.489437103271484
270.725,6,-35.361536199999996,149.1655434,99.827,-40.49507143798172,14.790000000000001,18.0,147.00100000000003,6.95755904836159,-1.1487471367724316,20.489437103271484
270.824,6,-35.3615226,149.16556319999998,99.851,-40.21941524836376,15.27,17.75,147.10000000000002,6.95755904836159,-1.1487471367724316,20.489437103271484
270.924,6,-35.3615084,149.1655827,99.86500000000001,-39.760938800326656,15.99,17.37,147.2,6.95494680015973,-1.1613875867590975,20.763669967651367
271.024,6,-35.361493599999996,149.1656018,99.912,-38.924397721351,16.59,17.080000000000002,147.3,6.95494680015973,-1.1613875867590975,20.763669967651367
271.124,6,-35.3614785,149.1656207,99.935,-38.129674475568756,16.84,16.98,147.40000000000003,6.95494680015973,-1.1613875867590975,20.763669967651367
271.224,6,-35.3614631,149.1656394,99.936,-37.44502314335585,17.27,16.76,147.5,6.95494680015973,-1.1613875867590975,20.763669967651367
271.324,6,-35.3614475,149.1656577,99.937,-36.839677137595956,17.7,16.53,147.60000000000002,6.95494680015973,-1.1613875867590975,20.763669967651367
271.424,6,-35.3614315,149.1656758,99.921,-36.5221109072308,18.12,16.3,147.7,6.9535679174582805,-1.1702731651719738,19.374319076538086
271.524,6,-35.361415199999996,149.1656935,99.911,-36.447033467874014,18.67,15.97,147.8,6.9535679174582805,-1.1702731651719738,19.374319076538086
271.624,6,-35.3613983,149.1657109,99.926,-36.59463044074341,19.150000000000002,15.700000000000001,147.90000000000003,6.9535679174582805,-1.1702731651719738,19.374319076538086
271.724,6,-35.3613812,149.165728,99.926,-37.15553582066861,19.52,15.52,148.0,6.9535679174582805,-1.1702731651719738,19.374319076538086
271.824,6,-35.3613636,149.1657448,99.912,-38.02615271341345,20.05,15.19,148.10000000000002,6.9535679174582805,-1.1702731651719738,19.374319076538086
271.924,6,-35.3613455,149.1657612,99.911,-38.91815834354419,20.63,14.780000000000001,148.2,6.962110310775509,-1.1508737985518047,19.05181121826172
272.024,6,-35.3613269,149.165777,99.924,-39.75061155430159,21.28,14.25,148.3,6.962110310775509,-1.1508737985518047,19.05181121826172
272.124,6,-35.3613077,149.1657923,99.94800000000001,-40.49700096642225,21.89,13.71,148.40000000000003,6.962110310775509,-1.1508737985518047,19.05181121826172
272.224,6,-35.3612878,149.1658069,100.008,-40.81493944209717,22.55,13.1,148.5,6.962110310775509,-1.1508737985518047,19.05181121826172
272.324,6,-35.3612675,149.1658211,100.072,-40.79296330844265,22.88,12.83,148.60000000000002,6.962110310775509,-1.1508737985518047,19.05181121826172
272.424,6,-35.3612469,149.1658349,100.10000000000001,-40.426014810378305,23.35,12.35,148.7,6.971256369383629,-1.1344264299369988,20.304983139038086
272.525,6,-35.3612257,149.1658482,100.137,-39.524248839923615,23.86,11.71,148.801,6.971256369383629,-1.1344264299369988,20.304983139038086
272.625,6,-35.361204199999996,149.1658608,100.197,-38.29581882712931,24.17,11.28,148.901,6.971256369383629,-1.1344264299369988,20.304983139038086
272.725,6,-35.3611824,149.1658733,100.233,-37.225173014351476,24.26,11.14,149.00100000000003,6.971256369383629,-1.1344264299369988,20.304983139038086
272.824,6,-35.361160399999996,149.16588539999998,100.22800000000001,-36.49572247137245,24.51,10.71,149.10000000000002,6.971256369383629,-1.1344264299369988,20.304983139038086
272.924,6,-35.3611381,149.165897,100.245,-35.97962313240254,24.85,10.1,149.2,6.971971805993012,-1.1357264583355666,20.914243698120117
273.024,6,-35.3611156,149.1659081,100.243,-35.9164029014449,24.89,9.93,149.3,6.971971805993012,-1.1357264583355666,20.914243698120117
273.124,6,-35.361093,149.165919,100.193,-36.361348744736205,25.14,9.4,149.40000000000003,6.971971805993012,-1.1357264583355666,20.914243698120117
273.224,6,-35.3610702,149.1659292,100.16,-36.97794065696452,25.38,8.85,149.5,6.971971805993012,-1.1357264583355666,20.914243698120117
273.324,6,-35.3610471,149.1659388,100.126,-37.77126371396692,25.53,8.44,149.60000000000002,6.971971805993012,-1.1357264583355666,20.914243698120117
273.424,6,-35.361024,149.165948,100.059,-38.76722140817067,25.68,8.01,149.7,6.965648802193556,-1.1447076885486764,20.93463706970215
273.524,6,-35.3610009,149.1659565,99.98700000000001,-39.65691843436194,25.98,7.24,149.8,6.965648802193556,-1.1447076885486764,20.93463706970215
273.624,6,-35.3609775,149.1659641,99.94,-40.30089257497284,26.21,6.57,149.90000000000003,6.965648802193556,-1.1447076885486764,20.93463706970215
273.724,6,-35.360954,149.16597099999998,99.906,-40.78012255280303,26.37,6.05,150.0,6.965648802193556,-1.1447076885486764,20.93463706970215
273.824,6,-35.3609304,149.16597729999998,99.869,-41.1411219561003,26.59,5.4,150.10000000000002,6.965648802193556,-1.1447076885486764,20.93463706970215
273.924,6,-35.3609066,149.1659828,99.84100000000001,-41.409217126307055,26.82,4.66,150.2,6.95468102685586,-1.157751055131134,20.67363166809082
274.024,6,-35.3608826,149.1659875,99.83500000000001,-41.490742264240325,27.02,3.93,150.3,6.95468102685586,-1.157751055131134,20.67363166809082
274.124,6,-35.3608584,149.16599119999998,99.84400000000001,-41.59712929075245,27.26,2.96,150.40000000000003,6.95468102685586,-1.157751055131134,20.67363166809082
274.224,6,-35.360834,149.1659939,99.869,-41.5793503083429,27.41,2.15,150.5,6.95468102685586,-1.157751055131134,20.67363166809082
274.324,6,-35.360809499999995,149.1659957,99.902,-41.326701610944134,27.57,1.07,150.60000000000002,6.95468102685586,-1.157751055131134,20.67363166809082
274.424,6,-35.3607848,149.1659963,99.979,-40.53603208243428,27.61,0.5,150.7,6.941008474509975,-1.1683590243957818,21.08088493347168
274.524,6,-35.3607601,149.16599639999998,100.043,-39.20321628855468,27.650000000000002,-0.42,150.8,6.941008474509975,-1.1683590243957818,21.08088493347168
274.625,6,-35.3607352,149.16599549999998,100.139,-36.496439641235305,27.6,-1.01,150.901,6.941008474509975,-1.1683590243957818,21.08088493347168
274.725,6,-35.3607103,149.16599399999998,100.22200000000001,-32.598095512072184,27.53,-1.53,151.00100000000003,6.941008474509975,-1.1683590243957818,21.08088493347168
274.825,6,-35.360685499999995,149.16599209999998,100.334,-27.30095254655255,27.41,-1.99,151.101,6.941008474509975,-1.1683590243957818,21.08088493347168
274.924,6,-35.3606607,149.1659898,100.433,-20.799864088865817,27.25,-1.9000000000000001,151.2,6.923138612078368,-1.1775609245541732,21.105159759521484
275.024,6,-35.3606361,149.16598779999998,100.458,-13.737422873863245,27.080000000000002,-1.9000000000000001,151.3,6.923138612078368,-1.1775609245541732,21.105159759521484
275.124,7,-35.3606116,149.1659857,100.512,-6.708344144748424,26.88,-1.81,151.40000000000003,6.923138612078368,-1.1775609245541732,21.105159759521484
275.224,7,-35.3605874,149.1659838,100.525,-0.6355170323970991,26.68,-1.67,151.5,6.923138612078368,-1.1775609245541732,21.105159759521484
275.324,7,-35.360563299999995,149.16598209999998,100.461,3.9723142241007094,26.5,-1.51,151.60000000000002,6.923138612078368,-1.1775609245541732,21.105159759521484
275.424,7,-35.3605393,149.1659805,100.377,6.881803202023245,26.36,-1.33,151.7,6.90585313503362,-1.1896780087752146,20.149372100830078
275.524,7,-35.3605157,149.16597919999998,100.308,8.214117830772503,26.22,-1.22,151.8,6.90585313503362,-1.1896780087752146,20.149372100830078
275.624,7,-35.3604923,149.165978,100.194,8.385984173310241,26.1,-1.16,151.90000000000003,6.90585313503362,-1.1896780087752146,20.149372100830078
275.724,7,-35.360469,149.1659769,100.055,7.773399020803784,26.02,-1.02,152.0,6.90585313503362,-1.1896780087752146,20.149372100830078
275.824,7,-35.3604457,149.165976,99.95100000000001,6.827059235825593,25.94,-0.9400000000000001,152.10000000000002,6.90585313503362,-1.1896780087752146,20.149372100830078
275.924,7,-35.3604226,149.1659751,99.827,5.914165606552484,25.88,-0.87,152.2,6.879375144107562,-1.195883586339337,20.06534194946289
276.024,7,-35.3603995,149.1659743,99.743,5.174259751501465,25.85,-0.78,152.3,6.879375144107562,-1.195883586339337,20.06534194946289
276.124,7,-35.3603764,149.1659737,99.682,4.700727005212713,25.82,-0.68,152.40000000000003,6.879375144107562,-1.195883586339337,20.06534194946289
276.224,7,-35.3603533,149.1659731,99.621,4.3694743564113185,25.78,-0.62,152.5,6.879375144107562,-1.195883586339337,20.06534194946289
276.324,7,-35.3603303,149.1659726,99.528,4.133991631944081,25.75,-0.56,152.60000000000002,6.879375144107562,-1.195883586339337,20.06534194946289
276.424,7,-35.360307299999995,149.1659721,99.443,3.850667701209136,25.72,-0.49,152.7,6.854413310661343,-1.199519647463884,19.23640251159668
276.524,7,-35.3602843,149.1659717,99.387,3.5489577550021627,25.71,-0.41000000000000003,152.8,6.854413310661343,-1.199519647463884,19.23640251159668
276.625,7,-35.3602612,149.1659714,99.395,3.1745634969688528,25.740000000000002,-0.36,152.901,6.854413310661343,-1.199519647463884,19.23640251159668
276.725,7,-35.3602377,149.1659712,99.345,2.777661417742823,25.78,-0.37,153.00100000000003,6.854413310661343,-1.199519647463884,19.23640251159668
276.825,7,-35.3602144,149.1659709,99.27,2.383230159449046,25.84,-0.29,153.101,6.854413310661343,-1.199519647463884,19.23640251159668
276.925,7,-35.3601908,149.1659708,99.244,2.0956525149650638,25.91,-0.15,153.20100000000002,6.840986506575977,-1.2030065737786366,19.203208923339844
277.024,7,-35.3601673,149.1659707,99.206,1.8669297567854353,25.98,-0.05,153.3,6.840986506575977,-1.2030065737786366,19.203208923339844
277.124,7,-35.3601436,149.1659708,99.171,1.6136879001459303,26.07,0.04,153.40000000000003,6.840986506575977,-1.2030065737786366,19.203208923339844
277.224,7,-35.3601199,149.16597099999998,99.131,1.2064372305536855,26.13,0.11,153.5,6.840986506575977,-1.2030065737786366,19.203208923339844
277.324,7,-35.3600961,149.1659712,99.127,0.595196931622633,26.22,0.14,153.60000000000002,6.840986506575977,-1.2030065737786366,19.203208923339844
277.424,7,-35.3600723,149.1659714,99.108,-0.1592112960063873,26.25,0.13,153.7,6.827628398000767,-1.2046263021231187,19.420766830444336
277.524,7,-35.3600486,149.1659716,99.086,-0.9603854286760882,26.27,0.12,153.8,6.827628398000767,-1.2046263021231187,19.420766830444336
277.624,7,-35.360025,149.1659717,99.095,-1.6833082317992818,26.27,0.09,153.90000000000003,6.827628398000767,-1.2046263021231187,19.420766830444336
277.724,7,-35.360001499999996,149.1659718,99.135,-2.3130215777534273,26.28,0.06,154.0,6.827628398000767,-1.2046263021231187,19.420766830444336
277.824,7,-35.3599779,149.1659719,99.146,-2.765613817820567,26.3,0.06,154.10000000000002,6.827628398000767,-1.2046263021231187,19.420766830444336
277.924,7,-35.3599544,149.16597199999998,99.128,-3.0077105132819035,26.3,0.02,154.2,6.81628710071216,-1.2026795929564,19.456727981567383
278.024,7,-35.3599308,149.16597199999998,99.117,-3.0599934769442356,26.330000000000002,0.0,154.3,6.81628710071216,-1.2026795929564,19.456727981567383
278.124,7,-35.359907299999996,149.1659721,99.077,-2.9845376024187544,26.37,-0.03,154.40000000000003,6.81628710071216,-1.2026795929564,19.456727981567383
278.224,7,-35.359883599999996,149.16597199999998,99.041,-2.7914259564676915,26.43,-0.04,154.5,6.81628710071216,-1.2026795929564,19.456727981567383
278.324,7,-35.35986,149.16597199999998,98.96000000000001,-2.5844091125835402,26.48,-0.06,154.60000000000002,6.81628710071216,-1.2026795929564,19.456727981567383
278.424,7,-35.3598362,149.16597199999998,98.879,-2.356248137463145,26.55,-0.09,154.7,6.805685243485491,-1.2003455006167791,19.476980209350586
278.524,7,-35.359812399999996,149.1659719,98.837,-2.1309415410855808,26.62,-0.11,154.8,6.805685243485491,-1.2003455006167791,19.476980209350586
278.624,7,-35.3597885,149.1659718,98.813,-1.9552859376623666,26.67,-0.13,154.90000000000003,6.805685243485491,-1.2003455006167791,19.476980209350586
278.725,7,-35.3597646,149.1659716,98.801,-1.7693065033086777,26.71,-0.17,155.00100000000003,6.805685243485491,-1.2003455006167791,19.476980209350586
278.825,7,-35.3597404,149.1659714,98.827,-1.5769551427896018,26.740000000000002,-0.19,155.101,6.805685243485491,-1.2003455006167791,19.476980209350586
278.925,7,-35.3597162,149.1659712,98.888,-1.3964191557610015,26.76,-0.22,155.20100000000002,6.7984191623350405,-1.1978094696370651,19.8004093170166
279.02500000000003,7,-35.359691999999995,149.1659709,98.962,-1.23492136054846,26.8,-0.24,155.30100000000004,6.7984191623350405,-1.1978094696370651,19.8004093170166
279.124,7,-35.3596676,149.16597059999998,99.045,-1.0498271827442283,26.84,-0.26,155.40000000000003,6.7984191623350405,-1.1978094696370651,19.8004093170166
279.224,7,-35.3596432,149.1659703,99.145,-0.823991193345135,26.88,-0.27,155.5,6.7984191623350405,-1.1978094696370651,19.8004093170166
279.324,7,-35.3596188,149.16597,99.203,-0.5956507656764686,26.91,-0.28,155.60000000000002,6.7984191623350405,-1.1978094696370651,19.8004093170166
279.424,7,-35.3595943,149.16596959999998,99.223,-0.29594054411200166,26.93,-0.29,155.7,6.793527182868316,-1.195664208443025,19.615589141845703
279.524,7,-35.359569799999996,149.1659693,99.261,0.03726642258114202,26.96,-0.3,155.8,6.793527182868316,-1.195664208443025,19.615589141845703
279.624,7,-35.3595454,149.1659689,99.31400000000001,0.3394959133972325,26.990000000000002,-0.3,155.90000000000003,6.793527182868316,-1.195664208443025,19.615589141845703
279.724,7,-35.359521099999995,149.1659685,99.298,0.6187382458141397,27.03,-0.26,156.0,6.793527182868316,-1.195664208443025,19.615589141845703
279.824,7,-35.359496799999995,149.16596819999998,99.302,0.8002245896327237,27.060000000000002,-0.26,156.10000000000002,6.793527182868316,-1.195664208443025,19.615589141845703
279.924,7,-35.359472499999995,149.1659679,99.31,0.9426060193797219,27.080000000000002,-0.29,156.2,6.789760397483139,-1.1941232172967728,19.8778018951416
280.024,7,-35.3594483,149.1659675,99.295,0.8565663398484828,27.12,-0.38,156.3,6.789760397483139,-1.1941232172967728,19.8778018951416
280.124,7,-35.3594241,149.1659669,99.257,0.7834341170229812,27.14,-0.46,156.40000000000003,6.789760397483139,-1.1941232172967728,19.8778018951416
280.224,7,-35.3593998,149.16596629999998,99.292,0.8200461187692181,27.17,-0.53,156.5,6.789760397483139,-1.1941232172967728,19.8778018951416
280.324,7,-35.3593755,149.1659657,99.376,0.9935629658477194,27.26,-0.55,156.60000000000002,6.789760397483139,-1.1941232172967728,19.8778018951416
280.424,7,-35.3593511,149.165965,99.383,1.4576561772601029,27.330000000000002,-0.55,156.7,6.791229501740948,-1.1936264597652133,19.288352966308594
280.524,7,-35.3593267,149.16596429999998,99.36200000000001,2.144633509050518,27.39,-0.51,156.8,6.791229501740948,-1.1936264597652133,19.288352966308594
280.624,7,-35.3593021,149.1659637,99.346,2.8650600914754834,27.45,-0.49,156.90000000000003,6.791229501740948,-1.1936264597652133,19.288352966308594
280.724,7,-35.3592776,149.1659632,99.351,3.5655978033676066,27.5,-0.42,157.0,6.791229501740948,-1.1936264597652133,19.288352966308594
280.825,7,-35.3592529,149.1659627,99.38,4.152384477605279,27.57,-0.31,157.101,6.791229501740948,-1.1936264597652133,19.288352966308594
280.925,7,-35.3592277,149.16596239999998,99.429,4.614175274937134,27.67,-0.2,157.20100000000002,6.8048818008006675,-1.197955965716154,19.0740909576416
281.02500000000003,7,-35.3592027,149.1659622,99.456,4.855802608336444,27.77,-0.04,157.30100000000004,6.8048818008006675,-1.197955965716154,19.0740909576416
281.125,7,-35.3591775,149.1659622,99.505,4.824138705117911,27.88,0.06,157.401,6.8048818008006675,-1.197955965716154,19.0740909576416
281.224,7,-35.3591522,149.1659623,99.514,4.479850213398724,27.990000000000002,0.13,157.5,6.8048818008006675,-1.197955965716154,19.0740909576416
281.324,7,-35.3591267,149.16596239999998,99.477,3.8599319990446124,28.080000000000002,0.21,157.60000000000002,6.8048818008006675,-1.197955965716154,19.0740909576416
281.424,7,-35.3591012,149.1659626,99.474,2.944369473353321,28.150000000000002,0.27,157.7,6.8278242496132435,-1.2016161488116686,18.98151969909668
281.524,7,-35.3590756,149.1659628,99.485,1.9726115662657502,28.25,0.31,157.8,6.8278242496132435,-1.2016161488116686,18.98151969909668
281.624,7,-35.359049999999996,149.1659632,99.535,0.9694035195363264,28.36,0.29,157.90000000000003,6.8278242496132435,-1.2016161488116686,18.98151969909668
281.724,7,-35.359024399999996,149.16596339999998,99.574,0.07485565831195308,28.47,0.27,158.0,6.8278242496132435,-1.2016161488116686,18.98151969909668
281.824,7,-35.3589988,149.1659637,99.57000000000001,-0.5960040145226052,28.560000000000002,0.27,158.10000000000002,6.8278242496132435,-1.2016161488116686,18.98151969909668
281.924,7,-35.3589732,149.16596389999998,99.555,-1.0556431955442,28.62,0.27,158.2,6.853819550329199,-1.201016688687714,19.607553482055664
282.024,7,-35.3589476,149.1659642,99.548,-1.327472238071131,28.66,0.26,158.3,6.853819550329199,-1.201016688687714,19.607553482055664
282.124,7,-35.358922,149.1659644,99.542,-1.4670560116619213,28.69,0.25,158.40000000000003,6.853819550329199,-1.201016688687714,19.607553482055664
282.224,7,-35.3588964,149.1659646,99.537,-1.543370248867003,28.7,0.24,158.5,6.853819550329199,-1.201016688687714,19.607553482055664
282.324,7,-35.3588708,149.16596479999998,99.531,-1.5517050006451225,28.7,0.22,158.60000000000002,6.853819550329199,-1.201016688687714,19.607553482055664
282.424,7,-35.3588452,149.165965,99.557,-1.5091032965227547,28.71,0.19,158.7,6.875582399780257,-1.2004786054778565,20.009510040283203
282.524,7,-35.358819499999996,149.1659652,99.60900000000001,-1.4925122334202647,28.73,0.18,158.8,6.875582399780257,-1.2004786054778565,20.009510040283203
282.624,7,-35.358793899999995,149.16596529999998,99.642,-1.4660677686663852,28.75,0.15,158.90000000000003,6.875582399780257,-1.2004786054778565,20.009510040283203
282.724,7,-35.3587682,149.1659654,99.657,-1.4888798534422873,28.76,0.14,159.0,6.875582399780257,-1.2004786054778565,20.009510040283203
282.824,7,-35.3587424,149.1659655,99.697,-1.4410165557814825,28.77,0.15,159.10000000000002,6.875582399780257,-1.2004786054778565,20.009510040283203
282.925,7,-35.358716699999995,149.1659657,99.703,-1.280657374447923,28.77,0.2,159.20100000000002,6.891438901552441,-1.1996919140587947,20.67442512512207
283.02500000000003,7,-35.3586908,149.1659659,99.705,-1.0812784963248445,28.740000000000002,0.26,159.30100000000004,6.891438901552441,-1.1996919140587947,20.67442512512207
283.125,7,-35.3586648,149.16596619999999,99.712,-0.9843335660100339,28.72,0.31,159.401,6.891438901552441,-1.1996919140587947,20.67442512512207
283.224,7,-35.358638899999995,149.1659665,99.73700000000001,-1.0355590242897774,28.68,0.33,159.5,6.891438901552441,-1.1996919140587947,20.67442512512207
283.324,7,-35.3586129,149.1659669,99.73,-1.243888331711629,28.67,0.33,159.60000000000002,6.891438901552441,-1.1996919140587947,20.67442512512207
283.424,7,-35.358587,149.16596719999998,99.759,-1.606086433208235,28.64,0.31,159.7,6.907381765967748,-1.1976216217064972,20.155513763427734
283.524,7,-35.358561,149.1659675,99.819,-2.035798073164361,28.650000000000002,0.3,159.8,6.907381765967748,-1.1976216217064972,20.155513763427734
283.624,7,-35.358534999999996,149.1659678,99.84,-2.4074880031731696,28.67,0.29,159.90000000000003,6.907381765967748,-1.1976216217064972,20.155513763427734
283.724,7,-35.358509,149.165968,99.848,-2.739478739291748,28.7,0.23,160.0,6.907381765967748,-1.1976216217064972,20.155513763427734
283.824,7,-35.358483,149.16596819999998,99.872,-2.979840780147313,28.740000000000002,0.2,160.10000000000002,6.907381765967748,-1.1976216217064972,20.155513763427734
283.924,7,-35.358457099999995,149.1659684,99.868,-3.080542101062219,28.76,0.2,160.2,6.928161711569229,-1.1921760871843134,19.901573181152344
284.024,7,-35.3584313,149.16596859999999,99.821,-3.166863525896721,28.79,0.09,160.3,6.928161711569229,-1.1921760871843134,19.901573181152344
284.124,7,-35.358405499999996,149.1659685,99.849,-3.1937465101396567,28.810000000000002,-0.01,160.40000000000003,6.928161711569229,-1.1921760871843134,19.901573181152344
284.224,7,-35.3583798,149.1659684,99.884,-3.0812786942755226,28.830000000000002,-0.06,160.5,6.928161711569229,-1.1921760871843134,19.901573181152344
284.324,7,-35.358354,149.1659683,99.916,-2.8180096930476157,28.82,-0.15,160.60000000000002,6.928161711569229,-1.1921760871843134,19.901573181152344
284.424,7,-35.3583283,149.1659681,99.95100000000001,-2.406474146968246,28.82,-0.18,160.7,6.949459873639928,-1.1867706354620282,19.877119064331055
284.524,7,-35.3583026,149.1659679,99.985,-1.8512948134450413,28.810000000000002,-0.22,160.8,6.949459873639928,-1.1867706354620282,19.877119064331055
284.624,7,-35.3582768,149.1659676,100.086,-1.2184765061828906,28.82,-0.23,160.90000000000003,6.949459873639928,-1.1867706354620282,19.877119064331055
284.724,7,-35.3582511,149.1659673,100.142,-0.6603998917911316,28.84,-0.22,161.0,6.949459873639928,-1.1867706354620282,19.877119064331055
284.824,7,-35.3582253,149.165967,100.11500000000001,-0.13106696792282088,28.85,-0.22,161.10000000000002,6.949459873639928,-1.1867706354620282,19.877119064331055
284.924,7,-35.3581995,149.16596669999998,100.107,0.38860254561081764,28.830000000000002,-0.19,161.2,6.968559109476104,-1.1836424833504338,20.15987777709961
285.02500000000003,7,-35.3581735,149.1659665,100.153,0.9379998038364887,28.8,-0.08,161.30100000000004,6.968559109476104,-1.1836424833504338,20.15987777709961
285.125,7,-35.3581475,149.1659665,100.166,1.3913475268588555,28.8,0.01,161.401,6.968559109476104,-1.1836424833504338,20.15987777709961
285.225,7,-35.3581216,149.1659665,100.142,1.657474855532707,28.76,0.09,161.50100000000003,6.968559109476104,-1.1836424833504338,20.15987777709961
285.324,7,-35.3580955,149.1659666,100.084,1.6165751491741416,28.71,0.15,161.60000000000002,6.968559109476104,-1.1836424833504338,20.15987777709961
285.424,7,-35.3580696,149.16596669999998,100.053,1.213534650874975,28.64,0.19,161.7,6.985105812519164,-1.1807847592743046,20.70709800720215
285.524,7,-35.358043599999995,149.1659669,100.074,0.5647409046701345,28.57,0.21,161.8,6.985105812519164,-1.1807847592743046,20.70709800720215
285.624,7,-35.3580178,149.1659671,100.086,-0.1307437879172882,28.490000000000002,0.21,161.90000000000003,6.985105812519164,-1.1807847592743046,20.70709800720215
285.724,7,-35.357991999999996,149.1659673,100.114,-0.796775931071249,28.43,0.18,162.0,6.985105812519164,-1.1807847592743046,20.70709800720215
285.824,7,-35.3579663,149.1659675,100.164,-1.3908800857875327,28.37,0.14,162.10000000000002,6.985105812519164,-1.1807847592743046,20.70709800720215
285.924,7,-35.3579408,149.1659676,100.147,-1.8862717852978537,28.310000000000002,0.1,162.2,6.989636901352612,-1.1747452330726744,20.749914169311523
286.024,7,-35.3579155,149.16596769999998,100.07600000000001,-2.205680672635034,28.240000000000002,0.06,162.3,6.989636901352612,-1.1747452330726744,20.749914169311523
286.124,7,-35.3578903,149.16596769999998,99.998,-2.323949240095213,28.18,0.0,162.40000000000003,6.989636901352612,-1.1747452330726744,20.749914169311523
286.224,7,-35.3578651,149.1659676,99.962,-2.2864369873998567,28.14,-0.06,162.5,6.989636901352612,-1.1747452330726744,20.749914169311523
286.324,7,-35.357839999999996,149.1659675,99.93900000000001,-2.113030650647692,28.12,-0.11,162.60000000000002,6.989636901352612,-1.1747452330726744,20.749914169311523
286.424,7,-35.3578149,149.1659675,99.924,-1.7691817456346193,28.11,-0.11,162.7,6.9909665342004095,-1.168158357729044,20.00275230407715
286.524,7,-35.3577899,149.1659673,99.903,-1.3419433812099781,28.12,-0.12,162.8,6.9909665342004095,-1.168158357729044,20.00275230407715
286.624,7,-35.3577647,149.16596719999998,99.9,-0.9142170851465043,28.14,-0.13,162.90000000000003,6.9909665342004095,-1.168158357729044,20.00275230407715
286.724,7,-35.357739599999995,149.165967,99.867,-0.5004705321276071,28.17,-0.14,163.0,6.9909665342004095,-1.168158357729044,20.00275230407715
286.824,7,-35.3577144,149.1659668,99.84700000000001,-0.12342941570835823,28.17,-0.15,163.10000000000002,6.9909665342004095,-1.168158357729044,20.00275230407715
286.924,7,-35.357689199999996,149.1659666,99.867,0.10516667047661435,28.2,-0.19,163.2,7.004887936253689,-1.1624781415458865,19.216096878051758
287.024,7,-35.357664,149.1659664,99.967,0.21316382737417752,28.240000000000002,-0.24,163.3,7.004887936253689,-1.1624781415458865,19.216096878051758
287.125,7,-35.3576385,149.1659661,100.009,0.3895249946747396,28.29,-0.26,163.401,7.004887936253689,-1.1624781415458865,19.216096878051758
287.225,7,-35.3576131,149.16596579999998,100.023,0.6174315452485516,28.310000000000002,-0.26,163.50100000000003,7.004887936253689,-1.1624781415458865,19.216096878051758
287.325,7,-35.3575875,149.1659655,100.048,0.8811134527561268,28.34,-0.28,163.601,7.004887936253689,-1.1624781415458865,19.216096878051758
287.424,7,-35.3575619,149.1659652,100.07900000000001,1.1380583925036893,28.38,-0.27,163.7,7.024649911245237,-1.1581851468836422,19.868175506591797
287.524,7,-35.3575361,149.16596479999998,100.055,1.4492958122725959,28.42,-0.27,163.8,7.024649911245237,-1.1581851468836422,19.868175506591797
287.624,7,-35.3575103,149.1659646,100.016,1.7436012998107464,28.46,-0.23,163.90000000000003,7.024649911245237,-1.1581851468836422,19.868175506591797
287.724,7,-35.3574845,149.16596429999998,99.974,1.9891848068433744,28.5,-0.2,164.0,7.024649911245237,-1.1581851468836422,19.868175506591797
287.824,7,-35.3574586,149.1659641,99.959,2.131020942034682,28.560000000000002,-0.17,164.10000000000002,7.024649911245237,-1.1581851468836422,19.868175506591797
287.924,7,-35.3574328,149.16596389999998,99.933,2.218193579194497,28.61,-0.15,164.2,7.041790711930101,-1.155993734000522,19.923328399658203
288.024,7,-35.357407099999996,149.1659638,99.864,2.318316041577245,28.67,-0.09,164.3,7.041790711930101,-1.155993734000522,19.923328399658203
288.124,7,-35.3573813,149.1659637,99.852,2.269552332884762,28.73,-0.06,164.40000000000003,7.041790711930101,-1.155993734000522,19.923328399658203
288.224,7,-35.3573556,149.1659636,99.812,2.1698719118073613,28.75,-0.04,164.5,7.041790711930101,-1.155993734000522,19.923328399658203
288.324,7,-35.357329899999996,149.1659636,99.802,2.06130626839342,28.75,0.01,164.60000000000002,7.041790711930101,-1.155993734000522,19.923328399658203
288.424,7,-35.3573041,149.1659636,99.812,1.889019869221726,28.76,0.03,164.7,7.056247171159231,-1.1529910676033248,19.929426193237305
288.524,7,-35.3572784,149.1659637,99.833,1.5930821799153538,28.740000000000002,0.06,164.8,7.056247171159231,-1.1529910676033248,19.929426193237305
288.624,7,-35.3572527,149.1659637,99.878,1.2558231267908742,28.740000000000002,0.07,164.90000000000003,7.056247171159231,-1.1529910676033248,19.929426193237305
288.724,7,-35.357227,149.1659638,99.86500000000001,0.9683724811367719,28.75,0.07,165.0,7.056247171159231,-1.1529910676033248,19.929426193237305
288.824,7,-35.3572012,149.1659638,99.894,0.6807533219092408,28.75,0.08,165.10000000000002,7.056247171159231,-1.1529910676033248,19.929426193237305
288.924,7,-35.3571755,149.16596389999998,99.955,0.5293606314911743,28.77,0.13,165.2,7.076968756065789,-1.1496943782540137,19.491491317749023
289.024,7,-35.3571497,149.1659641,99.916,0.5482945562006842,28.79,0.24,165.3,7.076968756065789,-1.1496943782540137,19.491491317749023
289.125,7,-35.3571239,149.1659645,99.86,0.5639347289046615,28.82,0.36,165.401,7.076968756065789,-1.1496943782540137,19.491491317749023
289.225,7,-35.3570978,149.1659649,99.854,0.4204934192171212,28.84,0.43,165.50100000000003,7.076968756065789,-1.1496943782540137,19.491491317749023
289.325,7,-35.3570717,149.1659654,99.837,0.006312311253785025,28.87,0.46,165.601,7.076968756065789,-1.1496943782540137,19.491491317749023
289.425,7,-35.3570456,149.165966,99.812,-0.6040387182249203,28.88,0.46,165.70100000000002,7.09807398778681,-1.1455303034581958,20.47884178161621
289.524,7,-35.3570193,149.1659665,99.824,-1.3635438544601435,28.88,0.45,165.8,7.09807398778681,-1.1455303034581958,20.47884178161621
289.624,7,-35.3569931,149.165967,99.82600000000001,-2.178484780350747,28.830000000000002,0.38,165.90000000000003,7.09807398778681,-1.1455303034581958,20.47884178161621
289.724,7,-35.356966899999996,149.1659674,99.922,-2.8692755988538505,28.78,0.33,166.0,7.09807398778681,-1.1455303034581958,20.47884178161621
289.824,7,-35.3569409,149.16596769999998,100.014,-3.4062257978125254,28.72,0.27,166.10000000000002,7.09807398778681,-1.1455303034581958,20.47884178161621
289.924,7,-35.3569148,149.165968,100.036,-3.8014946080532757,28.67,0.26,166.2,7.110773120581985,-1.1400808888383478,20.757925033569336
290.024,7,-35.3568889,149.1659683,100.075,-3.8772443941564787,28.580000000000002,0.22,166.3,7.110773120581985,-1.1400808888383478,20.757925033569336
290.124,7,-35.3568632,149.1659685,100.136,-3.7337536456387355,28.490000000000002,0.2,166.40000000000003,7.110773120581985,-1.1400808888383478,20.757925033569336
290.224,7,-35.3568377,149.16596869999998,100.16,-3.5261336106735075,28.42,0.18,166.5,7.110773120581985,-1.1400808888383478,20.757925033569336
290.324,7,-35.3568123,149.1659689,100.162,-3.2571654569134596,28.34,0.18,166.60000000000002,7.110773120581985,-1.1400808888383478,20.757925033569336
290.424,7,-35.356787,149.16596909999998,100.101,-2.9822829996624156,28.26,0.18,166.7,7.1132669783364975,-1.1326903337183674,20.673526763916016
290.524,7,-35.3567618,149.1659693,100.023,-2.735616267316106,28.2,0.14,166.8,7.1132669783364975,-1.1326903337183674,20.673526763916016
290.624,7,-35.3567366,149.1659694,99.943,-2.5829576973849124,28.12,0.13,166.90000000000003,7.1132669783364975,-1.1326903337183674,20.673526763916016
290.724,7,-35.356711499999996,149.16596959999998,99.884,-2.483131707900826,28.080000000000002,0.09,167.0,7.1132669783364975,-1.1326903337183674,20.673526763916016
290.824,7,-35.356686499999995,149.16596959999998,99.849,-2.451242835326506,28.01,0.05,167.10000000000002,7.1132669783364975,-1.1326903337183674,20.673526763916016
290.924,7,-35.3566615,149.1659697,99.768,-2.5149255981570007,27.95,-0.02,167.2,7.1082196261777355,-1.1253928335555914,20.543399810791016
291.024,7,-35.3566366,149.16596959999998,99.753,-2.5715850055300185,27.900000000000002,-0.15,167.3,7.1082196261777355,-1.1253928335555914,20.543399810791016
291.124,7,-35.356611699999995,149.1659693,99.802,-2.5349461632747774,27.85,-0.24,167.40000000000003,7.1082196261777355,-1.1253928335555914,20.543399810791016
291.225,7,-35.356586799999995,149.165969,99.83800000000001,-2.3602916094517927,27.810000000000002,-0.3,167.50100000000003,7.1082196261777355,-1.1253928335555914,20.543399810791016
291.325,7,-35.3565614,149.16596869999998,99.82900000000001,-1.9171958936519093,27.78,-0.34,167.601,7.1082196261777355,-1.1253928335555914,20.543399810791016
291.425,7,-35.356536399999996,149.1659683,99.871,-1.2206465853482507,27.740000000000002,-0.37,167.70100000000002,7.105401679282972,-1.1186977739282529,20.281307220458984
291.52500000000003,7,-35.3565113,149.1659679,99.92,-0.4451338068956182,27.71,-0.37,167.80100000000004,7.105401679282972,-1.1186977739282529,20.281307220458984
291.624,7,-35.3564862,149.1659675,99.99000000000001,0.29949952623682785,27.7,-0.35000000000000003,167.90000000000003,7.105401679282972,-1.1186977739282529,20.281307220458984
291.724,7,-35.356460999999996,149.1659671,100.016,0.9435515736929455,27.7,-0.36,168.0,7.105401679282972,-1.1186977739282529,20.281307220458984
291.824,7,-35.356435999999995,149.16596669999998,100.003,1.4637093256903209,27.7,-0.31,168.10000000000002,7.105401679282972,-1.1186977739282529,20.281307220458984
291.924,7,-35.3564108,149.1659664,100.014,1.856580099202162,27.7,-0.28,168.2,7.1083412574911335,-1.114291722963543,19.780960083007812
292.024,7,-35.3563857,149.1659661,100.022,2.115048331217196,27.71,-0.25,168.3,7.1083412574911335,-1.114291722963543,19.780960083007812
292.124,7,-35.3563608,149.1659659,100.02,2.257067387412213,27.76,-0.18,168.40000000000003,7.1083412574911335,-1.114291722963543,19.780960083007812
292.224,7,-35.3563359,149.1659657,100.08,2.267428144052888,27.77,-0.19,168.5,7.1083412574911335,-1.114291722963543,19.780960083007812
292.324,7,-35.3563111,149.1659655,100.033,2.2377703954596346,27.76,-0.16,168.60000000000002,7.1083412574911335,-1.114291722963543,19.780960083007812
292.424,7,-35.3562863,149.16596529999998,99.96300000000001,2.1718165947301107,27.740000000000002,-0.12,168.7,7.109898173104285,-1.1094379966254733,19.86522102355957
292.524,7,-35.356261499999995,149.1659652,99.94500000000001,1.964474249643326,27.7,-0.08,168.8,7.109898173104285,-1.1094379966254733,19.86522102355957
292.624,7,-35.3562368,149.1659651,100.019,1.7875877180656283,27.69,-0.03,168.90000000000003,7.109898173104285,-1.1094379966254733,19.86522102355957
292.724,7,-35.3562121,149.1659651,100.037,1.6112972272147201,27.69,-0.02,169.0,7.109898173104285,-1.1094379966254733,19.86522102355957
292.824,7,-35.356187299999995,149.1659651,100.026,1.3780024044377084,27.67,-0.01,169.10000000000002,7.109898173104285,-1.1094379966254733,19.86522102355957
292.924,7,-35.3561626,149.1659651,100.071,1.0687253556823015,27.66,-0.04,169.2,7.1076546080618375,-1.1046286965700092,20.17542839050293
293.024,7,-35.3561379,149.165965,100.087,0.7691710812104078,27.650000000000002,-0.06,169.3,7.1076546080618375,-1.1046286965700092,20.17542839050293
293.124,7,-35.356113199999996,149.1659649,100.059,0.5458900628085753,27.62,-0.09,169.40000000000003,7.1076546080618375,-1.1046286965700092,20.17542839050293
293.224,7,-35.3560885,149.16596479999998,100.036,0.39862611502207584,27.63,-0.08,169.5,7.1076546080618375,-1.1046286965700092,20.17542839050293
293.325,7,-35.3560638,149.1659646,100.08,0.3750487022135885,27.61,-0.09,169.601,7.1076546080618375,-1.1046286965700092,20.17542839050293
293.425,7,-35.3560388,149.1659645,100.095,0.4321898513665036,27.6,-0.09,169.70100000000002,7.104070197763141,-1.1002780664995995,19.955442428588867
293.52500000000003,7,-35.3560139,149.1659644,100.065,0.5278551617485683,27.59,-0.09,169.80100000000004,7.104070197763141,-1.1002780664995995,19.955442428588867
293.625,7,-35.355989,149.16596429999998,100.072,0.6595223725653436,27.580000000000002,-0.09,169.901,7.104070197763141,-1.1002780664995995,19.955442428588867
293.724,7,-35.3559639,149.1659641,100.06700000000001,0.8422778509090806,27.560000000000002,-0.07,170.0,7.104070197763141,-1.1002780664995995,19.955442428588867
293.824,7,-35.355939,149.165964,100.06,1.0056466377065298,27.55,-0.07,170.10000000000002,7.104070197763141,-1.1002780664995995,19.955442428588867
293.924,7,-35.355914,149.16596389999998,100.09400000000001,1.1278028634649153,27.54,-0.04,170.2,7.106269633356304,-1.0979813656040793,19.790233612060547
294.024,7,-35.355889,149.16596389999998,100.137,1.1748547559966638,27.54,-0.04,170.3,7.106269633356304,-1.0979813656040793,19.790233612060547
294.124,7,-35.355864,149.1659638,100.175,1.185402275622456,27.560000000000002,-0.04,170.40000000000003,7.106269633356304,-1.0979813656040793,19.790233612060547
294.224,7,-35.355838999999996,149.1659637,100.169,1.1597347448866653,27.580000000000002,-0.04,170.5,7.106269633356304,-1.0979813656040793,19.790233612060547
294.324,7,-35.3558142,149.1659636,100.156,1.07524904011331,27.57,-0.03,170.60000000000002,7.106269633356304,-1.0979813656040793,19.790233612060547
294.424,7,-35.3557895,149.1659635,100.127,1.0054557125748866,27.560000000000002,-0.02,170.7,7.105643715314883,-1.095290454799703,20.130605697631836
294.524,7,-35.355764799999996,149.1659635,100.131,0.9940996693060943,27.54,0.0,170.8,7.105643715314883,-1.095290454799703,20.130605697631836
294.624,7,-35.3557402,149.1659635,100.111,1.0286576517420085,27.51,0.01,170.90000000000003,7.105643715314883,-1.095290454799703,20.130605697631836
294.724,7,-35.3557157,149.16596339999998,100.077,1.0050933923837586,27.46,0.02,171.0,7.105643715314883,-1.095290454799703,20.130605697631836
294.824,7,-35.355691199999995,149.1659635,100.08200000000001,0.9175887439972576,27.43,0.03,171.10000000000002,7.105643715314883,-1.095290454799703,20.130605697631836
294.924,7,-35.3556667,149.1659635,100.09100000000001,0.8293059876539042,27.41,0.03,171.2,7.100807691026497,-1.092833657457314,19.96752166748047
295.024,7,-35.3556422,149.1659635,100.078,0.7064091132573953,27.39,0.03,171.3,7.100807691026497,-1.092833657457314,19.96752166748047
295.124,7,-35.3556178,149.1659635,100.061,0.5805707218452854,27.37,0.02,171.40000000000003,7.100807691026497,-1.092833657457314,19.96752166748047
295.224,7,-35.355593299999995,149.1659635,100.047,0.47973434461171277,27.37,0.0,171.5,7.100807691026497,-1.092833657457314,19.96752166748047
295.324,7,-35.3555689,149.16596339999998,100.059,0.37818589347674,27.38,-0.01,171.60000000000002,7.100807691026497,-1.092833657457314,19.96752166748047
295.425,7,-35.3555442,149.16596339999998,100.027,0.294903449255644,27.38,-0.03,171.70100000000002,7.094264895650386,-1.0906624235113265,19.94428825378418
295.52500000000003,7,-35.3555194,149.1659633,99.968,0.2843214318384579,27.39,-0.05,171.80100000000004,7.094264895650386,-1.0906624235113265,19.94428825378418
295.625,7,-35.3554947,149.1659632,99.914,0.3549200280078551,27.39,-0.05,171.901,7.094264895650386,-1.0906624235113265,19.94428825378418
295.724,7,-35.355469899999996,149.1659631,99.875,0.5184951345430062,27.38,-0.03,172.0,7.094264895650386,-1.0906624235113265,19.94428825378418
295.824,7,-35.3554451,149.1659631,99.884,0.732755340681103,27.38,-0.01,172.10000000000002,7.094264895650386,-1.0906624235113265,19.94428825378418
295.924,7,-35.3554202,149.165963,99.883,1.0070946378105725,27.39,0.02,172.2,7.091732849110426,-1.0897724355118097,19.73541259765625
296.024,7,-35.3553954,149.1659631,99.864,1.2382753035960536,27.39,0.08,172.3,7.091732849110426,-1.0897724355118097,19.73541259765625
296.124,7,-35.3553706,149.1659632,99.885,1.3595126554676609,27.42,0.12,172.40000000000003,7.091732849110426,-1.0897724355118097,19.73541259765625
296.224,7,-35.3553457,149.1659633,99.888,1.3166058339884639,27.45,0.17,172.5,7.091732849110426,-1.0897724355118097,19.73541259765625
296.324,7,-35.355320999999996,149.16596339999998,99.871,1.1186101758940186,27.5,0.19,172.60000000000002,7.091732849110426,-1.0897724355118097,19.73541259765625
296.424,7,-35.3552963,149.1659636,99.86,0.8130984823619928,27.55,0.22,172.7,7.093728313594098,-1.0880525549405624,19.37458038330078
296.524,7,-35.355271699999996,149.16596389999998,99.839,0.4166210754836942,27.6,0.23,172.8,7.093728313594098,-1.0880525549405624,19.37458038330078
296.624,7,-35.355247,149.1659641,99.796,-0.02157176177625681,27.64,0.22,172.90000000000003,7.093728313594098,-1.0880525549405624,19.37458038330078
296.724,7,-35.3552223,149.16596429999998,99.776,-0.44565052671458555,27.67,0.22,173.0,7.093728313594098,-1.0880525549405624,19.37458038330078
296.824,7,-35.355197499999996,149.1659645,99.802,-0.865996643297302,27.71,0.19,173.10000000000002,7.093728313594098,-1.0880525549405624,19.37458038330078
296.924,7,-35.3551728,149.1659647,99.793,-1.1620200834942693,27.740000000000002,0.15,173.2,7.093824917059735,-1.084807470306079,19.75511360168457
297.024,7,-35.355148,149.16596479999998,99.779,-1.345542357294046,27.77,0.11,173.3,7.093824917059735,-1.084807470306079,19.75511360168457
297.124,7,-35.3551232,149.1659649,99.794,-1.4538755608327951,27.810000000000002,0.06,173.40000000000003,7.093824917059735,-1.084807470306079,19.75511360168457
297.224,7,-35.3550983,149.1659649,99.84700000000001,-1.4573747521219573,27.86,0.02,173.5,7.093824917059735,-1.084807470306079,19.75511360168457
297.324,7,-35.355073399999995,149.1659649,99.895,-1.344115061200925,27.91,0.0,173.60000000000002,7.093824917059735,-1.084807470306079,19.75511360168457
297.424,7,-35.3550484,149.1659649,99.933,-1.1554749480003987,27.98,-0.01,173.7,7.098628143175646,-1.0815375248170553,19.261898040771484
297.52500000000003,7,-35.3550231,149.1659649,99.962,-0.8321303775974102,28.04,0.0,173.80100000000004,7.098628143175646,-1.0815375248170553,19.261898040771484
297.625,7,-35.354998,149.1659649,99.96600000000001,-0.4607549564555399,28.1,0.01,173.901,7.098628143175646,-1.0815375248170553,19.261898040771484
297.725,7,-35.354972499999995,149.1659649,99.923,-0.1375148932829377,28.17,0.01,174.00100000000003,7.098628143175646,-1.0815375248170553,19.261898040771484
297.824,7,-35.354946999999996,149.1659649,99.933,0.13533126046094346,28.22,0.01,174.10000000000002,7.098628143175646,-1.0815375248170553,19.261898040771484
297.924,7,-35.354921399999995,149.1659649,99.971,0.2862860450397622,28.3,0.02,174.2,7.117025834863869,-1.0790505385153535,19.327756881713867
298.024,7,-35.3548957,149.1659649,99.97800000000001,0.37937698775454026,28.41,0.04,174.3,7.117025834863869,-1.0790505385153535,19.327756881713867
298.124,7,-35.354869799999996,149.165965,99.976,0.4479764729312394,28.52,0.08,174.40000000000003,7.117025834863869,-1.0790505385153535,19.327756881713867
298.224,7,-35.3548439,149.1659651,99.985,0.41099267944248635,28.63,0.12,174.5,7.117025834863869,-1.0790505385153535,19.327756881713867
298.324,7,-35.354818099999996,149.16596529999998,99.956,0.3366694690608902,28.72,0.14,174.60000000000002,7.117025834863869,-1.0790505385153535,19.327756881713867
298.424,7,-35.3547922,149.1659654,99.92,0.1997064203783351,28.830000000000002,0.17,174.7,7.137435815588371,-1.0763180170995426,19.26589584350586
298.524,7,-35.3547663,149.1659656,99.906,-0.03383927511348895,28.93,0.19,174.8,7.137435815588371,-1.0763180170995426,19.26589584350586
298.624,7,-35.354740299999996,149.16596579999998,99.903,-0.3246011384472859,29.03,0.18,174.90000000000003,7.137435815588371,-1.0763180170995426,19.26589584350586
298.724,7,-35.3547143,149.165966,99.879,-0.6295376286655762,29.11,0.17,175.0,7.137435815588371,-1.0763180170995426,19.26589584350586
298.824,7,-35.3546882,149.16596619999999,99.89,-0.9243959880005275,29.19,0.15,175.10000000000002,7.137435815588371,-1.0763180170995426,19.26589584350586
298.924,7,-35.3546621,149.16596629999998,99.95,-1.2334194659829976,29.26,0.09,175.2,7.164718481539394,-1.071993568079655,19.347171783447266
299.024,7,-35.3546359,149.16596629999998,99.992,-1.6162064256806667,29.3,-0.04,175.3,7.164718481539394,-1.071993568079655,19.347171783447266
299.124,7,-35.3546097,149.16596619999999,100.057,-1.9078859189263588,29.32,-0.18,175.40000000000003,7.164718481539394,-1.071993568079655,19.347171783447266
299.224,7,-35.354583399999996,149.1659659,100.117,-1.892791627747454,29.34,-0.26,175.5,7.164718481539394,-1.071993568079655,19.347171783447266
299.324,7,-35.354557199999995,149.1659655,100.129,-1.5564299974468903,29.330000000000002,-0.33,175.60000000000002,7.164718481539394,-1.071993568079655,19.347171783447266
299.424,7,-35.3545309,149.1659652,100.155,-0.8760997737402202,29.32,-0.37,175.7,7.1910887486471236,-1.06856061537829,20.28679656982422
299.52500000000003,7,-35.3545047,149.16596479999998,100.173,0.03644236092479064,29.29,-0.36,175.80100000000004,7.1910887486471236,-1.06856061537829,20.28679656982422
299.625,7,-35.354478199999996,149.1659644,100.139,1.0273700543617552,29.25,-0.33,175.901,7.1910887486471236,-1.06856061537829,20.28679656982422
299.725,7,-35.3544518,149.165964,100.135,1.8219905271413364,29.22,-0.29,176.00100000000003,7.1910887486471236,-1.06856061537829,20.28679656982422
299.825,7,-35.3544254,149.1659637,100.104,2.4224774936369973,29.17,-0.27,176.101,7.1910887486471236,-1.06856061537829,20.28679656982422
299.924,7,-35.3543989,149.16596339999998,100.02,2.7924656393254144,29.150000000000002,-0.24,176.2,7.205396212372982,-1.069380454005084,20.90923500061035
300.024,7,-35.3543726,149.1659631,99.96600000000001,2.9739392832610103,29.12,-0.26,176.3,7.205396212372982,-1.069380454005084,20.90923500061035
300.124,7,-35.3543461,149.1659628,99.905,3.0003189679394806,29.09,-0.28,176.40000000000003,7.205396212372982,-1.069380454005084,20.90923500061035
300.224,7,-35.3543198,149.16596239999998,99.864,2.9246692867963002,29.060000000000002,-0.26,176.5,7.205396212372982,-1.069380454005084,20.90923500061035
300.324,7,-35.354293399999996,149.1659621,99.81700000000001,2.8858183170236216,29.02,-0.26,176.60000000000002,7.205396212372982,-1.069380454005084,20.90923500061035
300.424,7,-35.354267199999995,149.1659618,99.72800000000001,2.9164658027162917,28.97,-0.2,176.7,7.214452301962391,-1.0704515577630833,20.545921325683594
300.524,7,-35.3542412,149.1659616,99.741,2.950482279217071,28.91,-0.15,176.8,7.214452301962391,-1.0704515577630833,20.545921325683594
300.624,7,-35.3542152,149.16596149999998,99.76,3.031986926582833,28.87,-0.14,176.90000000000003,7.214452301962391,-1.0704515577630833,20.545921325683594
300.724,7,-35.354189399999996,149.1659613,99.765,3.0768316007956096,28.830000000000002,-0.08,177.0,7.214452301962391,-1.0704515577630833,20.545921325683594
300.824,7,-35.3541637,149.1659613,99.771,3.074048939039064,28.810000000000002,-0.05,177.10000000000002,7.214452301962391,-1.0704515577630833,20.545921325683594
300.924,7,-35.354138,149.1659612,99.717,3.028956883912286,28.78,-0.02,177.2,7.223614678878169,-1.072235719579639,20.37091636657715
301.024,7,-35.3541123,149.1659612,99.681,2.9257029932384992,28.73,0.02,177.3,7.223614678878169,-1.072235719579639,20.37091636657715
301.124,7,-35.354086699999996,149.1659612,99.682,2.6859753062020992,28.7,0.05,177.40000000000003,7.223614678878169,-1.072235719579639,20.37091636657715
301.224,7,-35.354061099999996,149.1659613,99.73,2.4090320528124156,28.68,0.08,177.5,7.223614678878169,-1.072235719579639,20.37091636657715
301.324,7,-35.3540355,149.1659614,99.767,2.073197200851589,28.68,0.05,177.60000000000002,7.223614678878169,-1.072235719579639,20.37091636657715
301.424,7,-35.3540099,149.16596149999998,99.788,1.717798766117142,28.650000000000002,0.08,177.7,7.2297861216066925,-1.0742675614681612,20.156923294067383
301.524,7,-35.3539843,149.16596149999998,99.797,1.4471152743800693,28.62,0.1,177.8,7.2297861216066925,-1.0742675614681612,20.156923294067383
301.625,7,-35.3539587,149.1659616,99.815,1.2706688631170142,28.580000000000002,0.1,177.901,7.2297861216066925,-1.0742675614681612,20.156923294067383
301.725,7,-35.3539327,149.1659617,99.839,1.243163157720844,28.53,0.1,178.00100000000003,7.2297861216066925,-1.0742675614681612,20.156923294067383
301.825,7,-35.353907,149.1659618,99.86,1.5665399580789785,28.47,0.1,178.101,7.2297861216066925,-1.0742675614681612,20.156923294067383
301.925,7,-35.3538813,149.16596189999999,99.908,2.640491368971692,28.42,0.14,178.20100000000002,7.239543152236709,-1.0770770838931278,20.326332092285156
302.024,7,-35.353855599999996,149.16596199999998,99.985,4.605658029042128,28.39,0.14,178.3,7.239543152236709,-1.0770770838931278,20.326332092285156
302.124,7,-35.3538298,149.1659621,100.01,7.525711602063381,28.36,0.17,178.40000000000003,7.239543152236709,-1.0770770838931278,20.326332092285156
302.224,7,-35.3538042,149.16596239999998,99.99000000000001,11.232363910849152,28.3,0.28,178.5,7.239543152236709,-1.0770770838931278,20.326332092285156
302.324,7,-35.3537786,149.1659628,99.926,15.42419614600584,28.22,0.46,178.60000000000002,7.239543152236709,-1.0770770838931278,20.326332092285156
302.424,7,-35.3537531,149.1659635,99.851,19.69634799070729,28.09,0.88,178.7,7.24080689896918,-1.0802730688775637,21.114830017089844
302.524,7,-35.353727899999996,149.1659647,99.821,23.682664956380176,27.94,1.33,178.8,7.24080689896918,-1.0802730688775637,21.114830017089844
302.624,7,-35.353702999999996,149.1659664,99.806,27.24489889158155,27.79,1.82,178.90000000000003,7.24080689896918,-1.0802730688775637,21.114830017089844
302.724,7,-35.3536782,149.1659688,99.819,30.207505396905628,27.650000000000002,2.3000000000000003,179.0,7.24080689896918,-1.0802730688775637,21.114830017089844
302.824,7,-35.3536535,149.1659714,99.793,32.743216541367445,27.57,2.46,179.10000000000002,7.24080689896918,-1.0802730688775637,21.114830017089844
302.924,7,-35.3536291,149.1659747,99.751,34.78396436724595,27.28,3.4,179.2,7.228783981211703,-1.0834155582591523,21.20647430419922
303.024,7,-35.3536049,149.1659788,99.763,36.283815852372804,27.01,4.09,179.3,7.228783981211703,-1.0834155582591523,21.20647430419922
303.124,7,-35.3535809,149.16598349999998,99.764,37.54908107536099,26.830000000000002,4.49,179.40000000000003,7.228783981211703,-1.0834155582591523,21.20647430419922
303.224,7,-35.353557099999996,149.1659889,99.772,38.40634836337304,26.45,5.3100000000000005,179.5,7.228783981211703,-1.0834155582591523,21.20647430419922
303.324,7,-35.3535336,149.1659951,99.833,38.81504297764451,26.19,5.82,179.60000000000002,7.228783981211703,-1.0834155582591523,21.20647430419922
303.424,7,-35.353510299999996,149.16600169999998,99.869,39.08454858191487,25.97,6.2,179.7,7.208669582422883,-1.0890215529233762,20.831274032592773
303.524,7,-35.3534872,149.16600889999998,99.896,39.138418283898766,25.72,6.640000000000001,179.8,7.208669582422883,-1.0890215529233762,20.831274032592773
303.624,7,-35.3534644,149.16601649999998,99.906,39.068975750607244,25.35,7.23,179.90000000000003,7.208669582422883,-1.0890215529233762,20.831274032592773
303.725,7,-35.353442,149.166025,99.953,38.76843718184293,24.92,7.88,180.00100000000003,7.208669582422883,-1.0890215529233762,20.831274032592773
303.825,7,-35.3534195,149.1660339,99.992,38.57035486572339,24.73,8.17,180.101,7.208669582422883,-1.0890215529233762,20.831274032592773
303.925,7,-35.3533973,149.16604329999998,100.018,38.614272982086575,24.35,8.74,180.20100000000002,7.188968444608539,-1.0975702589520677,20.798128128051758
304.02500000000003,7,-35.3533755,149.16605339999998,100.05,38.834423639414425,23.92,9.38,180.30100000000004,7.188968444608539,-1.0975702589520677,20.798128128051758
304.124,7,-35.3533539,149.1660641,100.07000000000001,39.11429747084487,23.67,9.76,180.40000000000003,7.188968444608539,-1.0975702589520677,20.798128128051758
304.224,7,-35.353332699999996,149.16607539999998,100.075,39.46953560957723,23.26,10.34,180.5,7.188968444608539,-1.0975702589520677,20.798128128051758
304.324,7,-35.3533118,149.1660875,100.099,39.50743632928163,22.76,11.02,180.60000000000002,7.188968444608539,-1.0975702589520677,20.798128128051758
304.424,7,-35.353291299999995,149.1660999,100.111,39.46048902402155,22.52,11.34,180.7,7.170819337165733,-1.1123996663341769,20.247407913208008
304.524,7,-35.353271,149.16611279999998,100.09700000000001,39.397593227049484,22.14,11.83,180.8,7.170819337165733,-1.1123996663341769,20.247407913208008
304.624,7,-35.353251199999995,149.1661264,100.111,39.14045368027143,21.52,12.56,180.90000000000003,7.170819337165733,-1.1123996663341769,20.247407913208008
304.724,7,-35.353232,149.16614049999998,100.181,38.60357007565716,21.240000000000002,12.9,181.0,7.170819337165733,-1.1123996663341769,20.247407913208008
304.824,7,-35.353213,149.1661548,100.21300000000001,38.26033257929651,21.05,13.14,181.10000000000002,7.170819337165733,-1.1123996663341769,20.247407913208008
304.924,7,-35.3531944,149.1661694,100.208,38.10071788858248,20.69,13.5,181.2,7.156443807241805,-1.1296072308620906,20.253082275390625
305.024,7,-35.353176,149.1661844,100.19800000000001,37.89391342089284,20.34,13.84,181.3,7.156443807241805,-1.1296072308620906,20.253082275390625
305.124,7,-35.353158199999996,149.1661998,100.22500000000001,37.51649082773627,19.73,14.39,181.40000000000003,7.156443807241805,-1.1296072308620906,20.253082275390625
305.224,8,-35.3531407,149.16621569999998,100.272,37.16679538751538,19.44,14.66,181.5,7.156443807241805,-1.1296072308620906,20.253082275390625
305.324,8,-35.353123499999995,149.16623189999999,100.3,37.11814053496279,19.18,14.89,181.60000000000002,7.156443807241805,-1.1296072308620906,20.253082275390625
305.424,8,-35.3531066,149.1662484,100.31400000000001,37.38956883748451,18.64,15.290000000000001,181.7,7.145092469783959,-1.1500474920739832,19.968259811401367
305.524,8,-35.3530903,149.1662654,100.345,37.77874618620267,18.19,15.59,181.8,7.145092469783959,-1.1500474920739832,19.968259811401367
305.624,8,-35.353074299999996,149.1662826,100.36500000000001,38.23666597382242,17.6,15.96,181.90000000000003,7.145092469783959,-1.1500474920739832,19.968259811401367
305.724,8,-35.3530588,149.1663003,100.396,38.634152247665895,17.09,16.26,182.0,7.145092469783959,-1.1500474920739832,19.968259811401367
305.825,8,-35.3530438,149.1663184,100.432,38.95059491191258,16.580000000000002,16.54,182.101,7.145092469783959,-1.1500474920739832,19.968259811401367
305.925,8,-35.3530289,149.166337,100.44500000000001,39.28205374704955,16.21,16.78,182.20100000000002,7.140442090571428,-1.1615948101678455,19.742549896240234
306.02500000000003,8,-35.3530146,149.1663558,100.456,39.365655262490506,15.700000000000001,17.09,182.30100000000004,7.140442090571428,-1.1615948101678455,19.742549896240234
306.125,8,-35.3530006,149.166375,100.453,39.35153384638151,15.22,17.39,182.401,7.140442090571428,-1.1615948101678455,19.742549896240234
306.224,8,-35.3529871,149.1663946,100.43900000000001,39.12602832074436,14.82,17.67,182.5,7.140442090571428,-1.1615948101678455,19.742549896240234
306.324,8,-35.3529738,149.16641439999998,100.401,38.79438507049981,14.43,17.95,182.60000000000002,7.140442090571428,-1.1615948101678455,19.742549896240234
306.424,8,-35.352961,149.1664346,100.366,38.38167430499637,13.88,18.28,182.7,7.139050171791887,-1.1589290584710759,19.180633544921875
306.524,8,-35.3529487,149.1664552,100.367,38.02578729829286,13.52,18.56,182.8,7.139050171791887,-1.1589290584710759,19.180633544921875
306.624,8,-35.3529366,149.166476,100.334,38.08794884992914,13.07,18.84,182.90000000000003,7.139050171791887,-1.1589290584710759,19.180633544921875
306.724,8,-35.352925299999995,149.166497,100.325,38.27819352397609,12.39,19.18,183.0,7.139050171791887,-1.1589290584710759,19.180633544921875
306.824,8,-35.3529143,149.16651819999998,100.296,38.8091007130666,11.8,19.42,183.10000000000002,7.139050171791887,-1.1589290584710759,19.180633544921875
306.924,8,-35.352904099999996,149.1665396,100.274,39.40567334083761,10.92,19.68,183.2,7.140108450285157,-1.1347067807600675,19.25560188293457
307.024,8,-35.352894899999995,149.16656129999998,100.31400000000001,39.661272679957825,9.98,19.91,183.3,7.140108450285157,-1.1347067807600675,19.25560188293457
307.124,8,-35.3528862,149.1665831,100.364,39.695707078658444,9.49,20.06,183.40000000000003,7.140108450285157,-1.1347067807600675,19.25560188293457
307.224,8,-35.3528781,149.1666051,100.428,39.36541620586956,8.68,20.19,183.5,7.140108450285157,-1.1347067807600675,19.25560188293457
307.324,8,-35.352870599999996,149.1666272,100.509,38.63295696456114,8.35,20.28,183.60000000000002,7.140108450285157,-1.1347067807600675,19.25560188293457
307.424,8,-35.352863299999996,149.1666495,100.571,37.785258771576274,7.94,20.34,183.7,7.139667740630483,-1.1080617458867201,19.09882354736328
307.524,8,-35.3528565,149.1666717,100.625,36.9521840136044,7.43,20.39,183.8,7.139667740630483,-1.1080617458867201,19.09882354736328
307.624,8,-35.3528502,149.166694,100.686,36.182807599832074,6.86,20.42,183.90000000000003,7.139667740630483,-1.1080617458867201,19.09882354736328
307.724,8,-35.3528442,149.16671639999998,100.738,35.681341941158905,6.69,20.48,184.0,7.139667740630483,-1.1080617458867201,19.09882354736328
307.824,8,-35.3528383,149.16673889999998,100.721,35.73882822830832,6.37,20.51,184.10000000000002,7.139667740630483,-1.1080617458867201,19.09882354736328
307.925,8,-35.352832899999996,149.1667615,100.703,36.04216034444317,5.8,20.51,184.20100000000002,7.136825850420519,-1.0586597652509246,19.31153678894043
308.02500000000003,8,-35.3528279,149.166784,100.675,36.66622789871806,5.14,20.48,184.30100000000004,7.136825850420519,-1.0586597652509246,19.31153678894043
308.125,8,-35.3528235,149.1668067,100.667,37.45124544568973,4.65,20.46,184.401,7.136825850420519,-1.0586597652509246,19.31153678894043
308.224,8,-35.3528194,149.1668293,100.633,38.47049408496322,4.2700000000000005,20.46,184.5,7.136825850420519,-1.0586597652509246,19.31153678894043
308.324,8,-35.3528157,149.1668521,100.57900000000001,39.62140145067788,3.68,20.39,184.60000000000002,7.136825850420519,-1.0586597652509246,19.31153678894043
308.424,8,-35.3528127,149.1668747,100.537,40.62633059835644,3.0500000000000003,20.3,184.7,7.133075879439291,-1.01185250120391,20.06913185119629
308.524,8,-35.3528101,149.1668972,100.47,41.698929845236904,2.35,20.14,184.8,7.133075879439291,-1.01185250120391,20.06913185119629
308.624,8,-35.3528084,149.16691939999998,100.444,42.391924253520976,1.44,19.89,184.90000000000003,7.133075879439291,-1.01185250120391,20.06913185119629
308.724,8,-35.3528075,149.1669413,100.45,42.8419927386898,0.7000000000000001,19.66,185.0,7.133075879439291,-1.01185250120391,20.06913185119629
308.824,8,-35.3528072,149.16696299999998,100.44500000000001,43.207544463068885,0.01,19.42,185.10000000000002,7.133075879439291,-1.01185250120391,20.06913185119629
308.924,8,-35.3528075,149.1669842,100.46900000000001,43.2922490540608,-0.68,19.11,185.2,7.130502801322897,-0.9896260010623467,20.906469345092773
309.024,8,-35.3528084,149.167005,100.49000000000001,43.23127595534009,-1.4000000000000001,18.76,185.3,7.130502801322897,-0.9896260010623467,20.906469345092773
309.124,8,-35.35281,149.16702519999998,100.527,43.0109750338505,-2.0,18.44,185.40000000000003,7.130502801322897,-0.9896260010623467,20.906469345092773
309.224,8,-35.352812199999995,149.1670451,100.556,42.77247165822283,-2.73,18.0,185.5,7.130502801322897,-0.9896260010623467,20.906469345092773
309.324,8,-35.3528149,149.16706449999998,100.59,42.32526502231624,-3.4,17.56,185.60000000000002,7.130502801322897,-0.9896260010623467,20.906469345092773
309.424,8,-35.3528182,149.1670834,100.645,41.54834466460563,-4.01,17.12,185.7,7.1319530278155865,-0.9942764417935811,20.61676025390625
309.524,8,-35.352821999999996,149.16710179999998,100.697,40.75483719249564,-4.51,16.73,185.8,7.1319530278155865,-0.9942764417935811,20.61676025390625
309.624,8,-35.352826199999996,149.1671198,100.755,39.90575930129843,-4.87,16.42,185.90000000000003,7.1319530278155865,-0.9942764417935811,20.61676025390625
309.724,8,-35.3528307,149.1671376,100.8,39.19641683523593,-5.13,16.19,186.0,7.1319530278155865,-0.9942764417935811,20.61676025390625
309.824,8,-35.3528356,149.16715499999998,100.818,38.828942412605485,-5.54,15.82,186.10000000000002,7.1319530278155865,-0.9942764417935811,20.61676025390625
309.924,8,-35.352840799999996,149.167172,100.821,38.69030664792715,-5.95,15.42,186.2,7.129681340135011,-0.990268714492602,20.06854248046875
310.02500000000003,8,-35.3528464,149.1671887,100.822,38.58461288561579,-6.32,15.08,186.30100000000004,7.129681340135011,-0.990268714492602,20.06854248046875
310.125,8,-35.352852299999995,149.1672051,100.809,38.61238101968648,-6.67,14.74,186.401,7.129681340135011,-0.990268714492602,20.06854248046875
310.225,8,-35.352858499999996,149.1672212,100.784,38.82966299756293,-6.99,14.46,186.50100000000003,7.129681340135011,-0.990268714492602,20.06854248046875
310.324,8,-35.352865099999995,149.167237,100.753,39.12758218878054,-7.4,14.09,186.60000000000002,7.129681340135011,-0.990268714492602,20.06854248046875
310.424,8,-35.3528719,149.1672525,100.693,39.510427952138095,-7.67,13.86,186.7,7.123056775008327,-0.9769824034135942,19.577909469604492
310.524,8,-35.3528792,149.1672676,100.616,39.875822582166265,-8.18,13.370000000000001,186.8,7.123056775008327,-0.9769824034135942,19.577909469604492
310.624,8,-35.3528868,149.1672822,100.559,40.1748994904482,-8.58,13.0,186.90000000000003,7.123056775008327,-0.9769824034135942,19.577909469604492
310.724,8,-35.3528948,149.1672965,100.48100000000001,40.6791143002623,-9.02,12.55,187.0,7.123056775008327,-0.9769824034135942,19.577909469604492
310.824,8,-35.3529032,149.16731,100.424,41.11640691658861,-9.53,11.98,187.10000000000002,7.123056775008327,-0.9769824034135942,19.577909469604492
310.924,8,-35.3529121,149.1673228,100.388,41.634545067025776,-10.15,11.19,187.2,7.112684737191926,-0.9583722620915819,19.62113380432129
311.024,8,-35.3529214,149.1673347,100.376,42.17549946438537,-10.67,10.52,187.3,7.112684737191926,-0.9583722620915819,19.62113380432129
311.124,8,-35.3529313,149.1673456,100.386,42.36885528959926,-11.4,9.46,187.40000000000003,7.112684737191926,-0.9583722620915819,19.62113380432129
311.224,8,-35.352941699999995,149.1673557,100.417,41.956817297729074,-11.78,8.97,187.5,7.112684737191926,-0.9583722620915819,19.62113380432129
311.324,8,-35.3529525,149.167365,100.449,41.041414854596454,-12.33,8.1,187.60000000000002,7.112684737191926,-0.9583722620915819,19.62113380432129
311.424,8,-35.3529637,149.1673735,100.514,39.418616549314784,-12.67,7.55,187.7,7.098394909218923,-0.9421575182740215,19.459217071533203
311.524,8,-35.3529751,149.1673816,100.566,37.50556252506425,-12.97,6.99,187.8,7.098394909218923,-0.9421575182740215,19.459217071533203
311.624,8,-35.3529869,149.1673888,100.653,35.28265355402151,-13.26,6.34,187.90000000000003,7.098394909218923,-0.9421575182740215,19.459217071533203
311.724,8,-35.3529988,149.1673955,100.762,33.06722705521451,-13.4,6.05,188.0,7.098394909218923,-0.9421575182740215,19.459217071533203
311.824,8,-35.3530108,149.16740199999998,100.842,31.170398145337344,-13.5,5.8,188.10000000000002,7.098394909218923,-0.9421575182740215,19.459217071533203
311.924,8,-35.3530229,149.16740819999998,100.897,29.451803021851664,-13.6,5.42,188.2,7.07477663531593,-0.9289471415132856,19.419235229492188
312.02500000000003,8,-35.3530351,149.1674141,100.949,27.9885101242573,-13.620000000000001,5.28,188.30100000000004,7.07477663531593,-0.9289471415132856,19.419235229492188
312.125,8,-35.353047499999995,149.16742,100.959,27.167671650183507,-13.620000000000001,5.21,188.401,7.07477663531593,-0.9289471415132856,19.419235229492188
312.225,8,-35.3530598,149.1674256,100.943,27.107825532675857,-13.67,4.94,188.50100000000003,7.07477663531593,-0.9289471415132856,19.419235229492188
312.325,8,-35.3530722,149.1674311,100.877,27.965955132070626,-13.64,4.87,188.601,7.07477663531593,-0.9289471415132856,19.419235229492188
312.424,8,-35.3530845,149.16743639999999,100.762,29.573991691008604,-13.74,4.41,188.7,7.053067388198888,-0.9199428601161377,20.173845291137695
312.524,8,-35.353097,149.16744119999998,100.651,31.613141252621325,-13.790000000000001,4.07,188.8,7.053067388198888,-0.9199428601161377,20.173845291137695
312.624,8,-35.353109499999995,149.16744549999999,100.521,33.95155213762357,-13.870000000000001,3.6,188.90000000000003,7.053067388198888,-0.9199428601161377,20.173845291137695
312.724,8,-35.3531221,149.1674492,100.409,36.228914791824245,-14.02,2.92,189.0,7.053067388198888,-0.9199428601161377,20.173845291137695
312.824,8,-35.3531348,149.16745229999998,100.297,38.318276489120315,-14.1,2.45,189.10000000000002,7.053067388198888,-0.9199428601161377,20.173845291137695
312.924,8,-35.3531475,149.16745459999999,100.181,40.21762573880122,-14.23,1.6500000000000001,189.2,7.045082906630878,-0.9169952675937191,20.70394515991211
313.024,8,-35.3531603,149.167456,100.074,41.77974464349649,-14.32,0.71,189.3,7.045082906630878,-0.9169952675937191,20.70394515991211
313.124,8,-35.3531731,149.1674564,99.983,42.899793214541035,-14.36,-0.24,189.40000000000003,7.045082906630878,-0.9169952675937191,20.70394515991211
313.224,8,-35.3531859,149.1674554,99.95,43.353123115038535,-14.39,-1.46,189.5,7.045082906630878,-0.9169952675937191,20.70394515991211
313.324,8,-35.3531987,149.1674534,99.94500000000001,43.35205760552801,-14.34,-2.13,189.60000000000002,7.045082906630878,-0.9169952675937191,20.70394515991211
313.424,8,-35.3532114,149.1674505,99.95,42.99580176860932,-14.23,-3.13,189.7,7.049183815975853,-0.9201160205521559,21.022544860839844
313.524,8,-35.353224,149.1674466,99.988,41.96006505267941,-14.09,-3.97,189.8,7.049183815975853,-0.9201160205521559,21.022544860839844
313.624,8,-35.3532365,149.16744169999998,100.036,40.4033078464826,-13.89,-4.79,189.90000000000003,7.049183815975853,-0.9201160205521559,21.022544860839844
313.724,8,-35.353248799999996,149.1674361,100.113,38.31451646998222,-13.72,-5.3,190.0,7.049183815975853,-0.9201160205521559,21.022544860839844
313.824,8,-35.353260899999995,149.1674301,100.167,36.20258441257384,-13.52,-5.71,190.10000000000002,7.049183815975853,-0.9201160205521559,21.022544860839844
313.924,8,-35.3532728,149.16742349999998,100.229,34.197664343986645,-13.27,-6.25,190.2,7.059364833322692,-0.9231371481185265,21.199539184570312
314.024,8,-35.353284599999995,149.1674166,100.278,32.441076293242766,-13.15,-6.28,190.3,7.059364833322692,-0.9231371481185265,21.199539184570312
314.125,8,-35.3532963,149.1674097,100.25,31.270542378948072,-12.98,-6.5200000000000005,190.401,7.059364833322692,-0.9231371481185265,21.199539184570312
314.225,8,-35.3533079,149.1674023,100.246,30.43302458292111,-12.76,-6.94,190.50100000000003,7.059364833322692,-0.9231371481185265,21.199539184570312
314.325,8,-35.3533194,149.1673947,100.23100000000001,30.18130479124946,-12.68,-6.98,190.601,7.059364833322692,-0.9231371481185265,21.199539184570312
314.425,8,-35.3533308,149.1673868,100.182,30.449932716211475,-12.540000000000001,-7.32,190.70100000000002,7.068580532366,-0.9254144989790559,20.255725860595703
314.524,8,-35.3533421,149.16737849999998,100.132,30.744402661898235,-12.43,-7.62,190.8,7.068580532366,-0.9254144989790559,20.255725860595703
314.624,8,-35.353353299999995,149.16736989999998,100.051,30.618949162318025,-12.33,-7.86,190.90000000000003,7.068580532366,-0.9254144989790559,20.255725860595703
314.724,8,-35.3533644,149.1673609,99.959,29.92879952782326,-12.18,-8.35,191.0,7.068580532366,-0.9254144989790559,20.255725860595703
314.824,8,-35.3533754,149.1673514,99.875,28.618157943084096,-12.030000000000001,-8.83,191.10000000000002,7.068580532366,-0.9254144989790559,20.255725860595703
314.924,8,-35.3533863,149.1673414,99.818,26.418813124677897,-11.84,-9.39,191.2,7.06448460450496,-0.9303250029592441,19.144176483154297
315.024,8,-35.353397,149.1673308,99.795,23.28673596566746,-11.72,-9.75,191.3,7.06448460450496,-0.9303250029592441,19.144176483154297
315.124,8,-35.353407499999996,149.16732,99.797,19.37184741078728,-11.65,-9.93,191.40000000000003,7.06448460450496,-0.9303250029592441,19.144176483154297
315.224,8,-35.3534179,149.167309,99.8,15.095657216739056,-11.53,-10.16,191.5,7.06448460450496,-0.9303250029592441,19.144176483154297
315.324,8,-35.3534283,149.1672979,99.836,10.749438800677986,-11.51,-10.18,191.60000000000002,7.06448460450496,-0.9303250029592441,19.144176483154297
315.424,8,-35.3534386,149.1672868,99.864,6.7348354603311416,-11.49,-10.19,191.7,7.0519544548353394,-0.9421232620736958,19.274351119995117
315.524,8,-35.3534489,149.1672757,99.89,3.173542170244524,-11.5,-10.16,191.8,7.0519544548353394,-0.9421232620736958,19.274351119995117
315.624,8,-35.353459199999996,149.1672647,99.924,0.2817365254027255,-11.56,-10.1,191.90000000000003,7.0519544548353394,-0.9421232620736958,19.274351119995117
315.724,8,-35.3534696,149.1672537,99.884,-1.8396822111955504,-11.64,-10.06,192.0,7.0519544548353394,-0.9421232620736958,19.274351119995117
315.824,8,-35.35348,149.1672428,99.82900000000001,-3.158598783557594,-11.68,-10.040000000000001,192.10000000000002,7.0519544548353394,-0.9421232620736958,19.274351119995117
315.924,8,-35.3534905,149.1672319,99.72,-3.845063530995141,-11.75,-10.0,192.2,7.039238044427211,-0.9525055263708269,19.159080505371094
316.024,8,-35.353501099999995,149.16722099999998,99.596,-4.148533958460685,-11.84,-9.96,192.3,7.039238044427211,-0.9525055263708269,19.159080505371094
316.124,8,-35.3535119,149.1672102,99.518,-4.173123066359554,-12.01,-9.89,192.40000000000003,7.039238044427211,-0.9525055263708269,19.159080505371094
316.225,8,-35.3535227,149.1671994,99.435,-4.015472908805551,-12.08,-9.86,192.50100000000003,7.039238044427211,-0.9525055263708269,19.159080505371094
316.325,8,-35.3535338,149.16718849999998,99.378,-3.7527629158725273,-12.18,-9.81,192.601,7.039238044427211,-0.9525055263708269,19.159080505371094
316.425,8,-35.3535448,149.1671777,99.35600000000001,-3.400533902356378,-12.24,-9.76,192.70100000000002,7.025119856675854,-0.9584569976407074,19.578533172607422
316.52500000000003,8,-35.353556,149.16716689999998,99.369,-3.028463829631576,-12.280000000000001,-9.73,192.80100000000004,7.025119856675854,-0.9584569976407074,19.578533172607422
316.624,8,-35.3535672,149.1671562,99.392,-2.67298770149532,-12.31,-9.67,192.90000000000003,7.025119856675854,-0.9584569976407074,19.578533172607422
316.724,8,-35.353578399999996,149.1671455,99.46300000000001,-2.246771090681831,-12.34,-9.63,193.0,7.025119856675854,-0.9584569976407074,19.578533172607422
316.824,8,-35.3535896,149.16713489999998,99.56400000000001,-1.7562431261907936,-12.36,-9.64,193.10000000000002,7.025119856675854,-0.9584569976407074,19.578533172607422
316.92400000000004,8,-35.353600899999996,149.1671242,99.586,-1.2722004263166837,-12.35,-9.67,193.20000000000005,7.007939007352816,-0.9632182190981369,19.829330444335938
317.024,8,-35.3536121,149.1671135,99.546,-0.7306596465446727,-12.3,-9.700000000000001,193.3,7.007939007352816,-0.9632182190981369,19.829330444335938
317.124,8,-35.3536231,149.16710279999998,99.557,-0.2684144015091742,-12.24,-9.73,193.40000000000003,7.007939007352816,-0.9632182190981369,19.829330444335938
317.224,8,-35.3536341,149.1670921,99.577,-0.010200800814028096,-12.19,-9.74,193.5,7.007939007352816,-0.9632182190981369,19.829330444335938
317.324,8,-35.353645,149.1670814,99.545,-0.05944731183335967,-12.15,-9.75,193.60000000000002,7.007939007352816,-0.9632182190981369,19.829330444335938
317.42400000000004,8,-35.3536559,149.16707069999998,99.533,-0.34350838273035056,-12.120000000000001,-9.73,193.70000000000005,6.999035979004516,-0.9623990532495837,20.548114776611328
317.524,8,-35.3536667,149.1670601,99.531,-0.8233789842799197,-12.06,-9.700000000000001,193.8,6.999035979004516,-0.9623990532495837,20.548114776611328
317.624,8,-35.353677399999995,149.1670495,99.486,-1.4322839454842096,-11.99,-9.64,193.90000000000003,6.999035979004516,-0.9623990532495837,20.548114776611328
317.724,8,-35.3536881,149.16703909999998,99.505,-1.999076841752257,-11.96,-9.55,194.0,6.999035979004516,-0.9623990532495837,20.548114776611328
317.824,8,-35.3536988,149.16702859999998,99.577,-2.4739666612517266,-11.88,-9.49,194.10000000000002,6.999035979004516,-0.9623990532495837,20.548114776611328
317.92400000000004,8,-35.3537093,149.1670183,99.598,-2.8900765130843014,-11.82,-9.4,194.20000000000005,7.00365002499764,-0.954965442394743,20.5318546295166
318.024,8,-35.3537199,149.16700799999998,99.60600000000001,-3.2086636432869646,-11.76,-9.290000000000001,194.3,7.00365002499764,-0.954965442394743,20.5318546295166
318.124,8,-35.353730299999995,149.16699789999998,99.646,-3.366051692331568,-11.69,-9.19,194.40000000000003,7.00365002499764,-0.954965442394743,20.5318546295166
318.224,8,-35.353740699999996,149.16698789999998,99.66,-3.39616535605192,-11.63,-9.13,194.5,7.00365002499764,-0.954965442394743,20.5318546295166
318.325,8,-35.3537511,149.1669779,99.629,-3.3359704720097745,-11.59,-9.040000000000001,194.601,7.00365002499764,-0.954965442394743,20.5318546295166
318.425,8,-35.3537615,149.1669679,99.646,-3.1873950745417794,-11.55,-8.98,194.70100000000002,7.012104862438578,-0.9450785843215829,20.35913848876953
318.52500000000003,8,-35.3537719,149.166958,99.636,-3.019338483457027,-11.51,-8.96,194.80100000000004,7.012104862438578,-0.9450785843215829,20.35913848876953
318.624,8,-35.3537823,149.16694809999998,99.60000000000001,-2.8447274720900015,-11.53,-8.93,194.90000000000003,7.012104862438578,-0.9450785843215829,20.35913848876953
318.724,8,-35.3537928,149.1669382,99.547,-2.6788115049798136,-11.5,-8.91,195.0,7.012104862438578,-0.9450785843215829,20.35913848876953
318.824,8,-35.3538032,149.1669283,99.48100000000001,-2.606867414904777,-11.540000000000001,-8.86,195.10000000000002,7.012104862438578,-0.9450785843215829,20.35913848876953
318.92400000000004,8,-35.353813699999996,149.16691849999998,99.461,-2.591963942135809,-11.55,-8.8,195.20000000000005,7.016811361699612,-0.9361101506199672,19.891826629638672
319.024,8,-35.3538242,149.1669087,99.47,-2.6027882978663985,-11.58,-8.72,195.3,7.016811361699612,-0.9361101506199672,19.891826629638672
319.124,8,-35.3538347,149.1668991,99.464,-2.6788697750311705,-11.61,-8.61,195.40000000000003,7.016811361699612,-0.9361101506199672,19.891826629638672
319.224,8,-35.353845199999995,149.1668896,99.485,-2.63004630218345,-11.63,-8.5,195.5,7.016811361699612,-0.9361101506199672,19.891826629638672
319.324,8,-35.3538557,149.16688019999998,99.525,-2.3868439698502173,-11.64,-8.45,195.60000000000002,7.016811361699612,-0.9361101506199672,19.891826629638672
319.42400000000004,8,-35.3538661,149.1668709,99.55,-1.9316464395015407,-11.63,-8.4,195.70000000000005,7.019267772490949,-0.9278127886884401,19.7620849609375
319.524,8,-35.3538765,149.1668617,99.57300000000001,-1.324681038578123,-11.63,-8.370000000000001,195.8,7.019267772490949,-0.9278127886884401,19.7620849609375
319.624,8,-35.3538869,149.1668526,99.617,-0.6170651696326039,-11.63,-8.36,195.90000000000003,7.019267772490949,-0.9278127886884401,19.7620849609375
319.724,8,-35.3538973,149.1668434,99.619,0.10496211831716437,-11.63,-8.38,196.0,7.019267772490949,-0.9278127886884401,19.7620849609375
319.824,8,-35.3539076,149.16683419999998,99.584,0.7568230596863768,-11.64,-8.4,196.10000000000002,7.019267772490949,-0.9278127886884401,19.7620849609375
319.92400000000004,8,-35.353918,149.1668249,99.547,1.2656508085111704,-11.620000000000001,-8.44,196.20000000000005,7.023200871045182,-0.9147234153857003,19.738019943237305
320.024,8,-35.3539284,149.1668156,99.518,1.7002381363176278,-11.57,-8.56,196.3,7.023200871045182,-0.9147234153857003,19.738019943237305
320.124,8,-35.3539387,149.1668061,99.485,2.0646334242928623,-11.49,-8.68,196.40000000000003,7.023200871045182,-0.9147234153857003,19.738019943237305
320.224,8,-35.3539489,149.1667965,99.507,2.1755655148108013,-11.44,-8.8,196.5,7.023200871045182,-0.9147234153857003,19.738019943237305
320.324,8,-35.3539591,149.1667867,99.501,1.950370335894073,-11.38,-8.86,196.60000000000002,7.023200871045182,-0.9147234153857003,19.738019943237305
320.425,8,-35.353969299999996,149.1667769,99.518,1.4003857881214865,-11.31,-8.92,196.70100000000002,7.029056215731546,-0.9018988295960595,20.072799682617188
320.52500000000003,8,-35.3539795,149.1667669,99.593,0.5466824714740026,-11.27,-8.92,196.80100000000004,7.029056215731546,-0.9018988295960595,20.072799682617188
320.625,8,-35.3539896,149.166757,99.682,-0.459542384434451,-11.24,-8.89,196.901,7.029056215731546,-0.9018988295960595,20.072799682617188
320.724,8,-35.3539998,149.16674709999998,99.727,-1.515803285211714,-11.23,-8.86,197.0,7.029056215731546,-0.9018988295960595,20.072799682617188
320.824,8,-35.3540099,149.1667373,99.78,-2.488621899333047,-11.21,-8.82,197.10000000000002,7.029056215731546,-0.9018988295960595,20.072799682617188
320.92400000000004,8,-35.3540201,149.16672749999998,99.762,-3.230372759233615,-11.18,-8.790000000000001,197.20000000000005,7.039081648333809,-0.8933451013745257,20.123884201049805
321.024,8,-35.3540302,149.1667177,99.735,-3.7243109091111926,-11.16,-8.76,197.3,7.039081648333809,-0.8933451013745257,20.123884201049805
321.124,8,-35.3540403,149.1667079,99.72200000000001,-3.998092638688807,-11.14,-8.74,197.40000000000003,7.039081648333809,-0.8933451013745257,20.123884201049805
321.224,8,-35.3540503,149.16669819999998,99.683,-4.094392329570463,-11.14,-8.71,197.5,7.039081648333809,-0.8933451013745257,20.123884201049805
321.324,8,-35.3540603,149.1666886,99.699,-4.057768428354032,-11.18,-8.67,197.60000000000002,7.039081648333809,-0.8933451013745257,20.123884201049805
321.42400000000004,8,-35.3540703,149.16667909999998,99.70700000000001,-4.027734805913016,-11.17,-8.69,197.70000000000005,7.049268642092161,-0.8861715114779668,20.004638671875
321.524,8,-35.3540803,149.16666949999998,99.638,-4.054778513044859,-11.19,-8.64,197.8,7.049268642092161,-0.8861715114779668,20.004638671875
321.624,8,-35.354090299999996,149.1666601,99.598,-4.149082934915224,-11.25,-8.55,197.90000000000003,7.049268642092161,-0.8861715114779668,20.004638671875
321.724,8,-35.3541003,149.1666507,99.60900000000001,-4.235697417553802,-11.25,-8.49,198.0,7.049268642092161,-0.8861715114779668,20.004638671875
321.824,8,-35.354110399999996,149.1666415,99.673,-4.2010956792185175,-11.290000000000001,-8.41,198.10000000000002,7.049268642092161,-0.8861715114779668,20.004638671875
321.92400000000004,8,-35.3541205,149.16663219999998,99.747,-4.075435139529093,-11.28,-8.39,198.20000000000005,7.061863976677818,-0.8799481079304874,19.696304321289062
322.024,8,-35.3541305,149.16662309999998,99.777,-3.849004977033061,-11.27,-8.370000000000001,198.3,7.061863976677818,-0.8799481079304874,19.696304321289062
322.124,8,-35.3541406,149.1666139,99.813,-3.5629248515246044,-11.28,-8.3,198.40000000000003,7.061863976677818,-0.8799481079304874,19.696304321289062
322.224,8,-35.3541507,149.1666048,99.846,-3.210653789656377,-11.290000000000001,-8.27,198.5,7.061863976677818,-0.8799481079304874,19.696304321289062
322.324,8,-35.3541607,149.16659579999998,99.889,-2.819084380624835,-11.290000000000001,-8.25,198.60000000000002,7.061863976677818,-0.8799481079304874,19.696304321289062
322.42400000000004,8,-35.3541708,149.16658669999998,99.905,-2.4169228422944844,-11.31,-8.24,198.70000000000005,7.071431617570922,-0.8768069439115831,19.457813262939453
322.52500000000003,8,-35.354181,149.16657759999998,99.894,-1.9689115247263071,-11.32,-8.27,198.80100000000004,7.071431617570922,-0.8768069439115831,19.457813262939453
322.625,8,-35.354191199999995,149.16656849999998,99.84400000000001,-1.629266387703966,-11.36,-8.26,198.901,7.071431617570922,-0.8768069439115831,19.457813262939453
322.725,8,-35.354201499999995,149.1665593,99.785,-1.3709091462629444,-11.43,-8.25,199.00100000000003,7.071431617570922,-0.8768069439115831,19.457813262939453
322.824,8,-35.3542118,149.1665502,99.712,-1.1907685631542646,-11.48,-8.27,199.10000000000002,7.071431617570922,-0.8768069439115831,19.457813262939453
322.92400000000004,8,-35.354222199999995,149.1665409,99.626,-0.9895822462220714,-11.57,-8.31,199.20000000000005,7.074214304009398,-0.8783973291010108,19.40926742553711
323.024,8,-35.3542327,149.1665317,99.59100000000001,-0.7612096953199646,-11.65,-8.35,199.3,7.074214304009398,-0.8783973291010108,19.40926742553711
323.124,8,-35.3542434,149.1665223,99.549,-0.5296705513247636,-11.73,-8.4,199.40000000000003,7.074214304009398,-0.8783973291010108,19.40926742553711
323.224,8,-35.354254,149.1665129,99.521,-0.3342120950635665,-11.81,-8.45,199.5,7.074214304009398,-0.8783973291010108,19.40926742553711
323.324,8,-35.3542647,149.1665036,99.533,-0.1347469457815768,-11.86,-8.49,199.60000000000002,7.074214304009398,-0.8783973291010108,19.40926742553711
323.42400000000004,8,-35.3542754,149.1664942,99.549,-0.2694378093067655,-11.9,-8.53,199.70000000000005,7.073785063528909,-0.8823059352925843,19.739660263061523
323.524,8,-35.354286,149.1664848,99.595,-1.4920600535528687,-11.94,-8.55,199.8,7.073785063528909,-0.8823059352925843,19.739660263061523
323.624,8,-35.3542968,149.1664754,99.638,-4.045888594953264,-11.98,-8.52,199.90000000000003,7.073785063528909,-0.8823059352925843,19.739660263061523
323.724,8,-35.3543075,149.16646609999998,99.678,-7.771415704623542,-12.05,-8.41,200.0,7.073785063528909,-0.8823059352925843,19.739660263061523
323.824,8,-35.354318299999996,149.1664569,99.668,-12.599029268481697,-12.120000000000001,-8.32,200.10000000000002,7.073785063528909,-0.8823059352925843,19.739660263061523
323.92400000000004,8,-35.354329199999995,149.166448,99.669,-18.13090278388622,-12.290000000000001,-7.86,200.20000000000005,7.072524572118944,-0.8886320274796677,19.412670135498047
324.024,8,-35.3543403,149.1664395,99.686,-23.845471052983893,-12.41,-7.67,200.3,7.072524572118944,-0.8886320274796677,19.412670135498047
324.124,8,-35.3543515,149.1664314,99.674,-29.15722720823277,-12.68,-7.07,200.40000000000003,7.072524572118944,-0.8886320274796677,19.412670135498047
324.224,8,-35.3543629,149.16642389999998,99.66,-33.50781865290994,-12.88,-6.67,200.5,7.072524572118944,-0.8886320274796677,19.412670135498047
324.324,8,-35.3543745,149.1664169,99.61,-36.75807686758181,-13.15,-6.09,200.60000000000002,7.072524572118944,-0.8886320274796677,19.412670135498047
324.42400000000004,8,-35.3543865,149.1664106,99.57300000000001,-38.749941029570536,-13.48,-5.28,200.70000000000005,7.0679963132631105,-0.8970759286635142,19.721771240234375
324.52500000000003,8,-35.3543987,149.16640529999998,99.568,-39.78065414136589,-13.73,-4.66,200.80100000000004,7.0679963132631105,-0.8970759286635142,19.721771240234375
324.625,8,-35.3544112,149.1664006,99.543,-40.40817777136082,-13.96,-3.84,200.901,7.0679963132631105,-0.8970759286635142,19.721771240234375
324.725,8,-35.354424,149.1663972,99.568,-40.550204724962065,-14.17,-2.65,201.00100000000003,7.0679963132631105,-0.8970759286635142,19.721771240234375
324.825,8,-35.354436799999995,149.1663948,99.639,-40.28561685689411,-14.290000000000001,-1.9000000000000001,201.101,7.0679963132631105,-0.8970759286635142,19.721771240234375
324.92400000000004,8,-35.3544499,149.1663932,99.718,-39.92705583113053,-14.39,-1.16,201.20000000000005,7.062310132571986,-0.8989955040818451,20.216964721679688
325.024,8,-35.3544629,149.1663925,99.825,-38.85105515004341,-14.44,-0.4,201.3,7.062310132571986,-0.8989955040818451,20.216964721679688
325.124,8,-35.354476,149.1663924,99.927,-36.637216670218436,-14.48,-0.09,201.40000000000003,7.062310132571986,-0.8989955040818451,20.216964721679688
325.224,8,-35.354489199999996,149.1663925,99.997,-33.21866259439745,-14.49,0.26,201.5,7.062310132571986,-0.8989955040818451,20.216964721679688
325.324,8,-35.3545023,149.1663932,100.057,-28.569030099931485,-14.47,0.54,201.60000000000002,7.062310132571986,-0.8989955040818451,20.216964721679688
325.42400000000004,8,-35.354515299999996,149.1663941,100.117,-22.862451444615438,-14.38,0.96,201.70000000000005,7.056671514176061,-0.8955717406315179,20.686279296875
325.524,8,-35.3545282,149.1663953,100.184,-16.63005750623513,-14.3,0.96,201.8,7.056671514176061,-0.8955717406315179,20.686279296875
325.624,8,-35.354541,149.1663963,100.241,-10.543899625532084,-14.21,1.03,201.90000000000003,7.056671514176061,-0.8955717406315179,20.686279296875
325.724,8,-35.354553599999996,149.1663974,100.296,-5.201468663833857,-14.120000000000001,0.9,202.0,7.056671514176061,-0.8955717406315179,20.686279296875
325.824,8,-35.3545662,149.1663984,100.32000000000001,-1.0180854794021807,-14.06,0.8300000000000001,202.10000000000002,7.056671514176061,-0.8955717406315179,20.686279296875
325.92400000000004,8,-35.354578599999996,149.1663992,100.339,2.001725034159518,-13.98,0.71,202.20000000000005,7.0554390463443,-0.8891460739252082,20.441408157348633
326.024,8,-35.354591,149.1663999,100.28,3.8583695932719717,-13.9,0.59,202.3,7.0554390463443,-0.8891460739252082,20.441408157348633
326.124,8,-35.354603399999995,149.1664004,100.171,4.625247438468548,-13.85,0.44,202.40000000000003,7.0554390463443,-0.8891460739252082,20.441408157348633
326.224,8,-35.3546157,149.1664007,100.123,4.56018220266136,-13.83,0.3,202.5,7.0554390463443,-0.8891460739252082,20.441408157348633
326.324,9,-35.354628,149.16640089999999,100.124,3.9937921808326378,-13.83,0.27,202.60000000000002,7.0554390463443,-0.8891460739252082,20.441408157348633
326.42400000000004,9,-35.3546403,149.1664011,100.077,3.162922933632447,-13.83,0.26,202.70000000000005,7.050427583217834,-0.8851251561029699,19.640409469604492
326.524,9,-35.3546526,149.1664013,100.019,2.269450306934035,-13.85,0.23,202.8,7.050427583217834,-0.8851251561029699,19.640409469604492
326.625,9,-35.354665,149.1664015,99.979,1.4711959600725955,-13.88,0.2,202.901,7.050427583217834,-0.8851251561029699,19.640409469604492
326.725,9,-35.354677599999995,149.1664016,99.934,0.8377620820114973,-13.92,0.2,203.00100000000003,7.050427583217834,-0.8851251561029699,19.640409469604492
326.825,9,-35.3546902,149.1664017,99.93,0.3894948991537092,-13.98,0.22,203.101,7.050427583217834,-0.8851251561029699,19.640409469604492
326.925,9,-35.3547029,149.16640189999998,99.936,-0.010994899517718005,-14.030000000000001,0.29,203.20100000000002,7.035884223318496,-0.882342008314566,19.4877986907959
327.024,9,-35.3547156,149.1664022,99.95,-0.29101536407061424,-14.11,0.37,203.3,7.035884223318496,-0.882342008314566,19.4877986907959
327.124,9,-35.3547284,149.1664026,99.997,-0.40346946619555535,-14.16,0.43,203.40000000000003,7.035884223318496,-0.882342008314566,19.4877986907959
327.224,9,-35.3547412,149.166403,100.014,-0.28226570498084275,-14.21,0.46,203.5,7.035884223318496,-0.882342008314566,19.4877986907959
327.324,9,-35.3547541,149.1664035,99.998,0.07188536645643057,-14.25,0.47000000000000003,203.60000000000002,7.035884223318496,-0.882342008314566,19.4877986907959
327.42400000000004,9,-35.354766999999995,149.166404,100.023,0.6088075776477643,-14.280000000000001,0.46,203.70000000000005,7.01906183672129,-0.8769592322982296,19.576744079589844
327.524,9,-35.354779799999996,149.1664044,100.048,1.2133736078209507,-14.31,0.43,203.8,7.01906183672129,-0.8769592322982296,19.576744079589844
327.624,9,-35.3547927,149.1664049,100.06700000000001,1.772444334902064,-14.34,0.41000000000000003,203.90000000000003,7.01906183672129,-0.8769592322982296,19.576744079589844
327.724,9,-35.3548055,149.16640519999999,100.124,2.203153502642129,-14.39,0.36,204.0,7.01906183672129,-0.8769592322982296,19.576744079589844
327.824,9,-35.3548184,149.1664056,100.128,2.498276798611683,-14.42,0.34,204.10000000000002,7.01906183672129,-0.8769592322982296,19.576744079589844
327.92400000000004,9,-35.3548312,149.1664059,100.077,2.6711352261263657,-14.46,0.3,204.20000000000005,7.000728861587449,-0.8675708301680509,19.665071487426758
328.024,9,-35.354844199999995,149.16640619999998,100.044,2.6891820800174204,-14.47,0.27,204.3,7.000728861587449,-0.8675708301680509,19.665071487426758
328.124,9,-35.3548571,149.1664065,99.994,2.6405112192089675,-14.49,0.26,204.40000000000003,7.000728861587449,-0.8675708301680509,19.665071487426758
328.224,9,-35.35487,149.16640669999998,99.919,2.5587705034300163,-14.51,0.22,204.5,7.000728861587449,-0.8675708301680509,19.665071487426758
328.324,9,-35.3548829,149.1664069,99.876,2.4208965182875506,-14.530000000000001,0.17,204.60000000000002,7.000728861587449,-0.8675708301680509,19.665071487426758
328.42400000000004,9,-35.354895899999995,149.1664071,99.86200000000001,2.2782881448332084,-14.57,0.13,204.70000000000005,6.981810336544603,-0.8579908371651684,19.76703453063965
328.524,9,-35.354909,149.16640719999998,99.81400000000001,2.1586336893017513,-14.61,0.11,204.8,6.981810336544603,-0.8579908371651684,19.76703453063965
328.624,9,-35.354921999999995,149.1664073,99.768,2.053901062672657,-14.65,0.08,204.90000000000003,6.981810336544603,-0.8579908371651684,19.76703453063965
328.725,9,-35.3549351,149.1664073,99.756,1.7855841247612876,-14.68,0.07,205.00100000000003,6.981810336544603,-0.8579908371651684,19.76703453063965
328.825,9,-35.3549484,149.1664074,99.726,1.499367075304313,-14.71,0.06,205.101,6.981810336544603,-0.8579908371651684,19.76703453063965
328.925,9,-35.3549617,149.1664075,99.71600000000001,1.2183615669057641,-14.75,0.06,205.20100000000002,6.965314579771312,-0.8497109542480099,20.204526901245117
329.02500000000003,9,-35.354974999999996,149.16640759999999,99.70700000000001,0.9746773860709284,-14.76,0.08,205.30100000000004,6.965314579771312,-0.8497109542480099,20.204526901245117
329.124,9,-35.354988399999996,149.16640769999998,99.72500000000001,0.7838127122742409,-14.77,0.1,205.40000000000003,6.965314579771312,-0.8497109542480099,20.204526901245117
329.224,9,-35.3550018,149.1664078,99.755,0.7083881072085536,-14.76,0.1,205.5,6.965314579771312,-0.8497109542480099,20.204526901245117
329.324,9,-35.3550152,149.1664079,99.799,0.6507546508268687,-14.77,0.12,205.60000000000002,6.965314579771312,-0.8497109542480099,20.204526901245117
329.42400000000004,9,-35.355028499999996,149.16640809999998,99.815,0.6621445782372467,-14.75,0.13,205.70000000000005,6.948271910561957,-0.8409076411959514,19.81033706665039
329.524,9,-35.355041899999996,149.1664083,99.85900000000001,0.7774183211897866,-14.74,0.11,205.8,6.948271910561957,-0.8409076411959514,19.81033706665039
329.624,9,-35.355055199999995,149.1664084,99.875,0.9468341199193714,-14.75,0.11,205.90000000000003,6.948271910561957,-0.8409076411959514,19.81033706665039
329.724,9,-35.3550685,149.16640859999998,99.897,1.1611173245850641,-14.76,0.07,206.0,6.948271910561957,-0.8409076411959514,19.81033706665039
329.824,9,-35.3550817,149.16640859999998,99.888,1.3445190028573077,-14.790000000000001,0.04,206.10000000000002,6.948271910561957,-0.8409076411959514,19.81033706665039
329.92400000000004,9,-35.355095,149.1664087,99.845,1.560598867439831,-14.81,-0.03,206.20000000000005,6.927347612775873,-0.8289593635910201,19.88791847229004
330.024,9,-35.3551082,149.16640859999998,99.774,1.7490357825125493,-14.84,-0.12,206.3,6.927347612775873,-0.8289593635910201,19.88791847229004
330.124,9,-35.355121499999996,149.1664085,99.726,1.7456824797951904,-14.89,-0.18,206.40000000000003,6.927347612775873,-0.8289593635910201,19.88791847229004
330.224,9,-35.3551348,149.1664083,99.711,1.4738960192288661,-14.96,-0.23,206.5,6.927347612775873,-0.8289593635910201,19.88791847229004
330.324,9,-35.355148199999995,149.16640809999998,99.682,1.0052351188090365,-15.030000000000001,-0.24,206.60000000000002,6.927347612775873,-0.8289593635910201,19.88791847229004
330.42400000000004,9,-35.355161599999995,149.1664079,99.661,0.460780783108339,-15.1,-0.24,206.70000000000005,6.905121434756258,-0.8180246006081728,19.55939292907715
330.524,9,-35.3551751,149.16640769999998,99.665,-0.17045217321442838,-15.17,-0.22,206.8,6.905121434756258,-0.8180246006081728,19.55939292907715
330.624,9,-35.3551887,149.1664075,99.618,-0.740982997227471,-15.21,-0.2,206.90000000000003,6.905121434756258,-0.8180246006081728,19.55939292907715
330.724,9,-35.355202299999995,149.1664073,99.599,-1.1742888107909046,-15.23,-0.19,207.0,6.905121434756258,-0.8180246006081728,19.55939292907715
330.825,9,-35.355216,149.16640719999998,99.66,-1.5137297891900863,-15.27,-0.14,207.101,6.905121434756258,-0.8180246006081728,19.55939292907715
330.925,9,-35.3552299,149.1664071,99.69500000000001,-1.7418990886035322,-15.34,-0.06,207.20100000000002,6.872303215888527,-0.8077568838176052,19.58983612060547
331.02500000000003,9,-35.3552438,149.1664071,99.739,-1.861943718691326,-15.43,0.04,207.30100000000004,6.872303215888527,-0.8077568838176052,19.58983612060547
331.124,9,-35.3552578,149.16640719999998,99.742,-1.8385347394149882,-15.540000000000001,0.09,207.40000000000003,6.872303215888527,-0.8077568838176052,19.58983612060547
331.224,9,-35.355272,149.1664074,99.757,-1.5990720423740434,-15.66,0.15,207.5,6.872303215888527,-0.8077568838176052,19.58983612060547
331.324,9,-35.3552862,149.16640759999999,99.781,-1.1361055987313005,-15.780000000000001,0.16,207.60000000000002,6.872303215888527,-0.8077568838176052,19.58983612060547
331.42400000000004,9,-35.3553006,149.1664078,99.794,-0.543901837429867,-15.89,0.17,207.70000000000005,6.835281085767782,-0.7964911192390296,19.223413467407227
331.524,9,-35.3553151,149.166408,99.784,0.03639691415339427,-16.0,0.17,207.8,6.835281085767782,-0.7964911192390296,19.223413467407227
331.624,9,-35.3553296,149.16640809999998,99.756,0.5991344823182924,-16.09,0.15,207.90000000000003,6.835281085767782,-0.7964911192390296,19.223413467407227
331.724,9,-35.355344099999996,149.1664083,99.752,1.0531085550318906,-16.16,0.12,208.0,6.835281085767782,-0.7964911192390296,19.223413467407227
331.824,9,-35.355358599999995,149.1664084,99.803,1.4628087012152313,-16.22,0.08,208.10000000000002,6.835281085767782,-0.7964911192390296,19.223413467407227
331.92400000000004,9,-35.3553731,149.1664085,99.892,1.7722521291099516,-16.25,0.0,208.20000000000005,6.788073196528808,-0.77936635863502,19.473215103149414
332.024,9,-35.3553877,149.1664084,99.97,1.9263334061009172,-16.3,-0.06,208.3,6.788073196528808,-0.77936635863502,19.473215103149414
332.124,9,-35.3554022,149.1664083,100.077,1.8772390735639233,-16.34,-0.09,208.40000000000003,6.788073196528808,-0.77936635863502,19.473215103149414
332.224,9,-35.3554168,149.1664082,100.141,1.6953195463415724,-16.37,-0.12,208.5,6.788073196528808,-0.77936635863502,19.473215103149414
332.324,9,-35.3554314,149.166408,100.169,1.307863512015965,-16.37,-0.15,208.60000000000002,6.788073196528808,-0.77936635863502,19.473215103149414
332.42400000000004,9,-35.355446,149.1664079,100.174,0.7928884328556011,-16.37,-0.16,208.70000000000005,6.747151220274514,-0.7646055667697718,20.10557746887207
332.524,9,-35.3554606,149.1664078,100.13,0.26711450445232976,-16.34,-0.14,208.8,6.747151220274514,-0.7646055667697718,20.10557746887207
332.624,9,-35.3554752,149.16640759999999,100.08500000000001,-0.1915918221390294,-16.330000000000002,-0.13,208.90000000000003,6.747151220274514,-0.7646055667697718,20.10557746887207
332.724,9,-35.3554897,149.1664074,100.056,-0.5381319817676458,-16.31,-0.13,209.0,6.747151220274514,-0.7646055667697718,20.10557746887207
332.824,9,-35.3555043,149.1664073,100.006,-0.7804733901003393,-16.29,-0.1,209.10000000000002,6.747151220274514,-0.7646055667697718,20.10557746887207
332.925,9,-35.355519,149.16640719999998,99.956,-0.9530200301515815,-16.240000000000002,-0.01,209.20100000000002,6.713785378096863,-0.7544379136553107,20.607994079589844
333.02500000000003,9,-35.3555334,149.16640719999998,99.926,-1.0981926060307348,-16.17,0.05,209.30100000000004,6.713785378096863,-0.7544379136553107,20.607994079589844
333.125,9,-35.355548,149.1664073,99.905,-1.0868871488504828,-16.1,0.11,209.401,6.713785378096863,-0.7544379136553107,20.607994079589844
333.224,9,-35.3555625,149.1664075,99.903,-0.9694144051503162,-16.02,0.17,209.5,6.713785378096863,-0.7544379136553107,20.607994079589844
333.324,9,-35.355576899999996,149.16640769999998,99.912,-0.6563874224580136,-15.92,0.22,209.60000000000002,6.713785378096863,-0.7544379136553107,20.607994079589844
333.42400000000004,9,-35.3555913,149.1664079,99.96000000000001,-0.178900570268992,-15.790000000000001,0.24,209.70000000000005,6.69550964414728,-0.7479011754936862,21.75235939025879
333.524,9,-35.355605499999996,149.1664082,100.018,0.3592732330671069,-15.65,0.23,209.8,6.69550964414728,-0.7479011754936862,21.75235939025879
333.624,9,-35.3556196,149.1664084,100.083,0.9272972175721961,-15.48,0.2,209.90000000000003,6.69550964414728,-0.7479011754936862,21.75235939025879
333.724,9,-35.355633399999995,149.16640859999998,100.125,1.4681152245918023,-15.3,0.19,210.0,6.69550964414728,-0.7479011754936862,21.75235939025879
333.824,9,-35.355647,149.1664088,100.172,1.8713621226699504,-15.09,0.15,210.10000000000002,6.69550964414728,-0.7479011754936862,21.75235939025879
333.92400000000004,9,-35.3556604,149.1664089,100.244,2.1602782707878436,-14.89,0.12,210.20000000000005,6.695304850795906,-0.742083789061097,21.59693717956543
334.024,9,-35.355673599999996,149.166409,100.29,2.3668073964765735,-14.71,0.04,210.3,6.695304850795906,-0.742083789061097,21.59693717956543
334.124,9,-35.3556867,149.166409,100.283,2.460071495158982,-14.52,0.03,210.40000000000003,6.695304850795906,-0.742083789061097,21.59693717956543
334.224,9,-35.3556995,149.166409,100.196,2.382836569798124,-14.35,-0.04,210.5,6.695304850795906,-0.742083789061097,21.59693717956543
334.324,9,-35.3557122,149.1664089,100.208,2.1533520320826276,-14.17,-0.06,210.60000000000002,6.695304850795906,-0.742083789061097,21.59693717956543
334.42400000000004,9,-35.3557248,149.1664088,100.182,1.8654969111636135,-13.99,-0.09,210.70000000000005,6.708204692034242,-0.7385732746681997,21.49974822998047
334.524,9,-35.3557372,149.1664087,100.164,1.503308734785645,-13.85,-0.1,210.8,6.708204692034242,-0.7385732746681997,21.49974822998047
334.624,9,-35.3557495,149.16640859999998,100.095,1.093938785559992,-13.69,-0.09,210.90000000000003,6.708204692034242,-0.7385732746681997,21.49974822998047
334.724,9,-35.3557616,149.1664085,100.031,0.6923745152560472,-13.540000000000001,-0.09,211.0,6.708204692034242,-0.7385732746681997,21.49974822998047
334.824,9,-35.3557736,149.1664084,99.97800000000001,0.3189590286668851,-13.39,-0.08,211.10000000000002,6.708204692034242,-0.7385732746681997,21.49974822998047
334.92400000000004,9,-35.355785499999996,149.1664084,99.955,-0.0009736317101224152,-13.26,-0.03,211.20000000000005,6.7302911403459165,-0.7378195750858412,20.986644744873047
335.02500000000003,9,-35.3557974,149.1664083,99.962,-0.22172298821912909,-13.15,0.0,211.30100000000004,6.7302911403459165,-0.7378195750858412,20.986644744873047
335.125,9,-35.355809199999996,149.1664084,99.977,-0.29248606921756193,-13.07,0.01,211.401,6.7302911403459165,-0.7378195750858412,20.986644744873047
335.225,9,-35.3558209,149.1664084,99.98700000000001,-0.25560403487527156,-13.0,0.03,211.50100000000003,6.7302911403459165,-0.7378195750858412,20.986644744873047
335.324,9,-35.3558327,149.1664084,99.932,-0.11978880481882244,-12.94,0.03,211.60000000000002,6.7302911403459165,-0.7378195750858412,20.986644744873047
335.42400000000004,9,-35.355844399999995,149.1664085,99.889,0.10421453276816532,-12.870000000000001,0.02,211.70000000000005,6.749266846821082,-0.7362092049280834,19.99239730834961
335.524,9,-35.355855999999996,149.1664085,99.85900000000001,0.35008230640435556,-12.83,0.03,211.8,6.749266846821082,-0.7362092049280834,19.99239730834961
335.624,9,-35.355867599999996,149.1664084,99.85900000000001,0.5360069391621256,-12.81,0.03,211.90000000000003,6.749266846821082,-0.7362092049280834,19.99239730834961
335.724,9,-35.3558793,149.1664084,99.82000000000001,0.7047052478637416,-12.81,0.02,212.0,6.749266846821082,-0.7362092049280834,19.99239730834961
335.824,9,-35.3558909,149.1664085,99.82300000000001,0.8090382017046847,-12.84,0.0,212.10000000000002,6.749266846821082,-0.7362092049280834,19.99239730834961
335.92400000000004,9,-35.3559024,149.1664085,99.809,0.8598072646096538,-12.86,0.01,212.20000000000005,6.762678595743504,-0.7322599775917932,19.496183395385742
336.024,9,-35.355914,149.1664084,99.802,0.8477633465862471,-12.950000000000001,-0.01,212.3,6.762678595743504,-0.7322599775917932,19.496183395385742
336.124,9,-35.3559257,149.1664084,99.801,0.8328882617910172,-13.0,0.0,212.40000000000003,6.762678595743504,-0.7322599775917932,19.496183395385742
336.224,9,-35.355937399999995,149.1664084,99.772,0.7958870993446482,-13.08,0.0,212.5,6.762678595743504,-0.7322599775917932,19.496183395385742
336.324,9,-35.3559491,149.1664084,99.781,0.7271244366798093,-13.16,-0.02,212.60000000000002,6.762678595743504,-0.7322599775917932,19.496183395385742
336.42400000000004,9,-35.3559609,149.1664084,99.794,0.6541611543145597,-13.24,-0.05,212.70000000000005,6.765170281151512,-0.7258153014281651,18.59870147705078
336.524,9,-35.355972799999996,149.1664083,99.83,0.6086177197331791,-13.370000000000001,-0.07,212.8,6.765170281151512,-0.7258153014281651,18.59870147705078
336.624,9,-35.3559848,149.1664082,99.866,0.5178205466407617,-13.49,-0.08,212.90000000000003,6.765170281151512,-0.7258153014281651,18.59870147705078
336.724,9,-35.355996999999995,149.16640809999998,99.851,0.44573315599528684,-13.61,-0.08,213.0,6.765170281151512,-0.7258153014281651,18.59870147705078
336.824,9,-35.356009199999995,149.166408,99.798,0.35860606232341413,-13.73,-0.1,213.10000000000002,6.765170281151512,-0.7258153014281651,18.59870147705078
336.92400000000004,9,-35.3560216,149.1664079,99.76,0.2431309621924911,-13.83,-0.12,213.20000000000005,6.749733305523781,-0.7162016091643649,18.41093635559082
337.02500000000003,9,-35.356034,149.16640769999998,99.75,0.12117696072634819,-13.94,-0.13,213.30100000000004,6.749733305523781,-0.7162016091643649,18.41093635559082
337.125,9,-35.3560468,149.16640759999999,99.754,-0.019163479763592627,-14.08,-0.14,213.401,6.749733305523781,-0.7162016091643649,18.41093635559082
337.225,9,-35.3560596,149.1664074,99.766,-0.14562058025981067,-14.22,-0.16,213.50100000000003,6.749733305523781,-0.7162016091643649,18.41093635559082
337.325,9,-35.3560726,149.1664071,99.744,-0.28398064275147133,-14.35,-0.18,213.601,6.749733305523781,-0.7162016091643649,18.41093635559082
337.42400000000004,9,-35.3560857,149.1664069,99.706,-0.43963096894126225,-14.49,-0.2,213.70000000000005,6.730380886784395,-0.7071813205429339,19.5123291015625
337.524,9,-35.3560989,149.1664066,99.688,-0.6265751941956418,-14.6,-0.18,213.8,6.730380886784395,-0.7071813205429339,19.5123291015625
337.624,9,-35.3561122,149.1664064,99.662,-0.8537976052745418,-14.69,-0.15,213.90000000000003,6.730380886784395,-0.7071813205429339,19.5123291015625
337.724,9,-35.3561255,149.16640619999998,99.66,-1.0475207132388797,-14.75,-0.14,214.0,6.730380886784395,-0.7071813205429339,19.5123291015625
337.824,9,-35.3561389,149.166406,99.696,-1.203633971507924,-14.8,-0.11,214.10000000000002,6.730380886784395,-0.7071813205429339,19.5123291015625
337.92400000000004,9,-35.3561523,149.1664059,99.72,-1.452913144490058,-14.84,-0.03,214.20000000000005,6.715318001117055,-0.7000191726847758,19.917125701904297
338.024,9,-35.3561656,149.1664059,99.735,-1.6340803904083554,-14.86,0.06,214.3,6.715318001117055,-0.7000191726847758,19.917125701904297
338.124,9,-35.356178899999996,149.166406,99.82300000000001,-1.6445358092020583,-14.870000000000001,0.13,214.40000000000003,6.715318001117055,-0.7000191726847758,19.917125701904297
338.224,9,-35.356192199999995,149.1664061,99.896,-1.4714480367416511,-14.9,0.16,214.5,6.715318001117055,-0.7000191726847758,19.917125701904297
338.324,9,-35.3562055,149.1664063,99.931,-1.1055397551435528,-14.94,0.16,214.60000000000002,6.715318001117055,-0.7000191726847758,19.917125701904297
338.42400000000004,9,-35.3562188,149.1664065,99.916,-0.5990524133265465,-14.99,0.19,214.70000000000005,6.698429481409403,-0.6912735025398535,19.65845489501953
338.524,9,-35.3562322,149.1664066,99.944,-0.04059395200655471,-15.02,0.19,214.8,6.698429481409403,-0.6912735025398535,19.65845489501953
338.624,9,-35.3562456,149.16640669999998,99.961,0.5166807588230158,-15.05,0.17,214.90000000000003,6.698429481409403,-0.6912735025398535,19.65845489501953
338.724,9,-35.356259099999995,149.1664068,99.97800000000001,1.0166719504091055,-15.09,0.14,215.0,6.698429481409403,-0.6912735025398535,19.65845489501953
338.824,9,-35.3562726,149.1664069,99.992,1.3433251071347305,-15.11,0.1,215.10000000000002,6.698429481409403,-0.6912735025398535,19.65845489501953
338.92400000000004,9,-35.356286,149.1664069,99.97800000000001,1.59460851375144,-15.11,0.0,215.20000000000005,6.676737304684447,-0.6796178436577673,19.817916870117188
339.024,9,-35.3562995,149.1664068,99.976,1.860367439096934,-15.1,-0.15,215.3,6.676737304684447,-0.6796178436577673,19.817916870117188
339.125,9,-35.356313,149.1664065,100.024,1.9005227615576736,-15.1,-0.27,215.401,6.676737304684447,-0.6796178436577673,19.817916870117188
339.225,9,-35.356326599999996,149.16640619999998,100.055,1.5762433090120396,-15.1,-0.32,215.50100000000003,6.676737304684447,-0.6796178436577673,19.817916870117188
339.325,9,-35.3563403,149.16640569999998,100.07600000000001,0.9774542848553617,-15.11,-0.38,215.601,6.676737304684447,-0.6796178436577673,19.817916870117188
339.425,9,-35.356353899999995,149.16640519999999,100.093,0.15522620079080224,-15.120000000000001,-0.38,215.70100000000002,6.657106892158076,-0.6700041064006532,19.931161880493164
339.524,9,-35.3563676,149.16640479999998,100.09100000000001,-0.7744214689697377,-15.13,-0.37,215.8,6.657106892158076,-0.6700041064006532,19.931161880493164
339.624,9,-35.3563812,149.16640429999998,100.059,-1.6532434466201782,-15.13,-0.36,215.90000000000003,6.657106892158076,-0.6700041064006532,19.931161880493164
339.724,9,-35.356395,149.1664039,100.041,-2.4450350471446103,-15.16,-0.31,216.0,6.657106892158076,-0.6700041064006532,19.931161880493164
339.824,9,-35.356408699999996,149.1664035,100.042,-3.029381209414473,-15.16,-0.27,216.10000000000002,6.657106892158076,-0.6700041064006532,19.931161880493164
339.92400000000004,9,-35.3564224,149.1664032,100.005,-3.351981075754519,-15.14,-0.31,216.20000000000005,6.641387176212106,-0.6656171142103292,20.04892921447754
340.024,9,-35.356436099999996,149.1664028,99.977,-3.4170761936393252,-15.13,-0.29,216.3,6.641387176212106,-0.6656171142103292,20.04892921447754
340.124,9,-35.3564496,149.16640239999998,100.001,-3.333510963578335,-15.09,-0.31,216.40000000000003,6.641387176212106,-0.6656171142103292,20.04892921447754
340.224,9,-35.3564631,149.1664021,100.016,-3.274186928655366,-15.030000000000001,-0.31,216.5,6.641387176212106,-0.6656171142103292,20.04892921447754
340.324,9,-35.3564765,149.1664017,100.06400000000001,-3.282436516512272,-14.97,-0.28,216.60000000000002,6.641387176212106,-0.6656171142103292,20.04892921447754
340.42400000000004,9,-35.3564898,149.16640139999998,100.125,-3.388339453366966,-14.92,-0.26,216.70000000000005,6.627724530193618,-0.6628126857309851,20.60713768005371
340.524,9,-35.356503,149.1664011,100.15,-3.5863863378801866,-14.85,-0.21,216.8,6.627724530193618,-0.6628126857309851,20.60713768005371
340.624,9,-35.3565162,149.16640089999999,100.18,-3.75318254561966,-14.790000000000001,-0.18,216.90000000000003,6.627724530193618,-0.6628126857309851,20.60713768005371
340.724,9,-35.3565294,149.1664006,100.17,-3.9050342994551452,-14.74,-0.14,217.0,6.627724530193618,-0.6628126857309851,20.60713768005371
340.824,9,-35.356542499999996,149.1664004,100.161,-3.9470433779453087,-14.700000000000001,-0.13,217.10000000000002,6.627724530193618,-0.6628126857309851,20.60713768005371
340.92400000000004,9,-35.3565555,149.1664002,100.131,-3.8283329826231944,-14.66,-0.14,217.20000000000005,6.623839434729142,-0.6634023079331278,20.419706344604492
341.024,9,-35.356568599999996,149.16639999999998,100.06400000000001,-3.588481498408088,-14.64,-0.17,217.3,6.623839434729142,-0.6634023079331278,20.419706344604492
341.124,9,-35.3565816,149.1663998,99.985,-3.3447152485815064,-14.63,-0.17,217.40000000000003,6.623839434729142,-0.6634023079331278,20.419706344604492
341.225,9,-35.356594699999995,149.16639949999998,99.917,-3.1892166006160574,-14.620000000000001,-0.14,217.50100000000003,6.623839434729142,-0.6634023079331278,20.419706344604492
341.325,9,-35.356608,149.1663994,99.866,-3.162622191865555,-14.620000000000001,-0.1,217.601,6.623839434729142,-0.6634023079331278,20.419706344604492
341.425,9,-35.3566211,149.1663992,99.858,-3.1939505620411106,-14.64,-0.06,217.70100000000002,6.616104893037397,-0.6646565265754688,19.910493850708008
341.52500000000003,9,-35.3566344,149.1663992,99.86200000000001,-3.2851749954826244,-14.67,-0.01,217.80100000000004,6.616104893037397,-0.6646565265754688,19.910493850708008
341.624,9,-35.356647599999995,149.1663991,99.893,-3.3370163447264325,-14.71,0.0,217.90000000000003,6.616104893037397,-0.6646565265754688,19.910493850708008
341.724,9,-35.356660999999995,149.1663991,99.885,-3.3794779232491092,-14.73,0.03,218.0,6.616104893037397,-0.6646565265754688,19.910493850708008
341.824,9,-35.3566743,149.1663992,99.878,-3.304846580622496,-14.75,0.11,218.10000000000002,6.616104893037397,-0.6646565265754688,19.910493850708008
341.92400000000004,9,-35.3566877,149.1663992,99.938,-3.1113061268576025,-14.780000000000001,0.12,218.20000000000005,6.59943775595124,-0.6655031245575894,19.59048843383789
342.024,9,-35.356701099999995,149.1663993,99.98700000000001,-2.8171064005298816,-14.83,0.11,218.3,6.59943775595124,-0.6655031245575894,19.59048843383789
342.124,9,-35.3567144,149.1663994,100.011,-2.5093158784143044,-14.9,0.11,218.40000000000003,6.59943775595124,-0.6655031245575894,19.59048843383789
342.224,9,-35.3567278,149.16639949999998,99.97,-2.2079813791682703,-14.94,0.12,218.5,6.59943775595124,-0.6655031245575894,19.59048843383789
342.324,9,-35.3567411,149.1663997,99.929,-1.9496937202794185,-14.96,0.14,218.60000000000002,6.59943775595124,-0.6655031245575894,19.59048843383789
342.42400000000004,9,-35.3567545,149.1663998,99.899,-1.7330024470444731,-14.99,0.16,218.70000000000005,6.58152024626526,-0.6670021357306593,19.603057861328125
342.524,9,-35.3567679,149.16639999999998,99.872,-1.6268001558050622,-15.030000000000001,0.18,218.8,6.58152024626526,-0.6670021357306593,19.603057861328125
342.624,9,-35.3567813,149.1664002,99.86,-1.5310320457399036,-15.06,0.2,218.90000000000003,6.58152024626526,-0.6670021357306593,19.603057861328125
342.724,9,-35.356794799999996,149.1664004,99.833,-1.3872136615854112,-15.1,0.23,219.0,6.58152024626526,-0.6670021357306593,19.603057861328125
342.824,9,-35.3568083,149.1664007,99.833,-1.2154776262504319,-15.14,0.24,219.10000000000002,6.58152024626526,-0.6670021357306593,19.603057861328125
342.92400000000004,9,-35.3568218,149.16640089999999,99.804,-0.914469268537266,-15.18,0.16,219.20000000000005,6.566575569755056,-0.6698375908815543,19.997570037841797
343.024,9,-35.3568354,149.16640099999998,99.786,-0.635829620273333,-15.24,0.15,219.3,6.566575569755056,-0.6698375908815543,19.997570037841797
343.124,9,-35.356849,149.1664012,99.798,-0.42041204391646286,-15.280000000000001,0.12,219.40000000000003,6.566575569755056,-0.6698375908815543,19.997570037841797
343.224,9,-35.3568627,149.1664013,99.802,-0.30882494892929024,-15.33,0.11,219.5,6.566575569755056,-0.6698375908815543,19.997570037841797
343.325,9,-35.3568765,149.16640139999998,99.815,-0.3016793971186933,-15.38,0.11,219.601,6.566575569755056,-0.6698375908815543,19.997570037841797
343.425,9,-35.356890299999996,149.1664016,99.82300000000001,-0.4595929705229914,-15.450000000000001,0.13,219.70100000000002,6.542046571952822,-0.6719339010226982,18.955276489257812
343.52500000000003,9,-35.3569043,149.1664018,99.833,-0.593997593093061,-15.540000000000001,0.16,219.80100000000004,6.542046571952822,-0.6719339010226982,18.955276489257812
343.624,9,-35.3569184,149.16640189999998,99.87,-0.7618235052107666,-15.65,0.18,219.90000000000003,6.542046571952822,-0.6719339010226982,18.955276489257812
343.724,9,-35.3569326,149.1664022,99.86,-0.8865289923551536,-15.75,0.2,220.0,6.542046571952822,-0.6719339010226982,18.955276489257812
343.824,9,-35.3569469,149.16640239999998,99.789,-0.9517585795892448,-15.82,0.28,220.10000000000002,6.542046571952822,-0.6719339010226982,18.955276489257812
343.92400000000004,9,-35.3569613,149.1664028,99.759,-1.0932456280809415,-15.88,0.46,220.20000000000005,6.50578849872932,-0.6740635414427117,19.10103416442871
344.024,9,-35.3569757,149.1664034,99.793,-1.2014288876230677,-15.950000000000001,0.63,220.3,6.50578849872932,-0.6740635414427117,19.10103416442871
344.124,9,-35.3569902,149.1664042,99.776,-1.0262138314013192,-16.05,0.77,220.40000000000003,6.50578849872932,-0.6740635414427117,19.10103416442871
344.224,9,-35.3570048,149.16640519999999,99.771,-0.4248991580360439,-16.15,0.85,220.5,6.50578849872932,-0.6740635414427117,19.10103416442871
344.324,9,-35.3570194,149.1664061,99.764,0.5878687789734439,-16.23,0.88,220.60000000000002,6.50578849872932,-0.6740635414427117,19.10103416442871
344.42400000000004,9,-35.357034,149.1664071,99.779,1.9202513360884323,-16.31,0.85,220.70000000000005,6.469133207825535,-0.6736405699163496,19.775718688964844
344.524,9,-35.3570486,149.166408,99.775,3.3869330747281783,-16.37,0.81,220.8,6.469133207825535,-0.6736405699163496,19.775718688964844
344.624,9,-35.3570633,149.1664088,99.764,4.69774263943224,-16.44,0.7000000000000001,220.90000000000003,6.469133207825535,-0.6736405699163496,19.775718688964844
344.724,9,-35.3570779,149.1664095,99.796,5.781765377699549,-16.48,0.62,221.0,6.469133207825535,-0.6736405699163496,19.775718688964844
344.824,9,-35.357092699999995,149.1664102,99.798,6.463925825299518,-16.52,0.5700000000000001,221.10000000000002,6.469133207825535,-0.6736405699163496,19.775718688964844
344.92400000000004,9,-35.3571074,149.1664107,99.808,6.735768208039672,-16.54,0.45,221.20000000000005,6.433858391042283,-0.6675859139481416,20.04491424560547
345.024,9,-35.3571222,149.1664112,99.82900000000001,6.653575419115031,-16.55,0.41000000000000003,221.3,6.433858391042283,-0.6675859139481416,20.04491424560547
345.124,9,-35.357137,149.1664116,99.857,6.372316766830368,-16.57,0.36,221.40000000000003,6.433858391042283,-0.6675859139481416,20.04491424560547
345.224,9,-35.3571518,149.16641199999998,99.872,5.99926805606355,-16.6,0.32,221.5,6.433858391042283,-0.6675859139481416,20.04491424560547
345.324,9,-35.3571666,149.1664123,99.899,5.563061012928448,-16.64,0.24,221.60000000000002,6.433858391042283,-0.6675859139481416,20.04491424560547
345.425,9,-35.3571816,149.1664125,99.922,5.1852768466326955,-16.67,0.21,221.70100000000002,6.399102573411979,-0.6617886190966321,20.320322036743164
345.52500000000003,9,-35.3571966,149.1664127,99.903,4.827908542652935,-16.68,0.19,221.80100000000004,6.399102573411979,-0.6617886190966321,20.320322036743164
345.625,9,-35.3572117,149.16641289999998,99.881,4.4836580438610065,-16.69,0.11,221.901,6.399102573411979,-0.6617886190966321,20.320322036743164
345.724,9,-35.3572268,149.16641289999998,99.928,4.17236448847486,-16.69,0.04,222.0,6.399102573411979,-0.6617886190966321,20.320322036743164
345.824,9,-35.3572419,149.166413,99.979,3.919445571717049,-16.69,0.01,222.10000000000002,6.399102573411979,-0.6617886190966321,20.320322036743164
345.92400000000004,9,-35.357257,149.16641289999998,99.989,3.670821563286707,-16.69,-0.03,222.20000000000005,6.365651801914698,-0.6559493426858477,20.290542602539062
346.024,9,-35.357272099999996,149.16641289999998,100.025,3.368329773863179,-16.7,-0.08,222.3,6.365651801914698,-0.6559493426858477,20.290542602539062
346.124,9,-35.3572872,149.1664127,100.048,3.052093295952058,-16.71,-0.1,222.40000000000003,6.365651801914698,-0.6559493426858477,20.290542602539062
346.224,9,-35.3573023,149.1664126,100.06700000000001,2.6729966661186055,-16.73,-0.14,222.5,6.365651801914698,-0.6559493426858477,20.290542602539062
346.324,9,-35.3573173,149.1664125,100.107,2.2500043314801856,-16.76,-0.15,222.60000000000002,6.365651801914698,-0.6559493426858477,20.290542602539062
346.42400000000004,9,-35.357332299999996,149.1664123,100.119,1.833522234337845,-16.79,-0.15,222.70000000000005,6.327566432287795,-0.6494039846249149,19.771549224853516
346.524,9,-35.3573473,149.1664122,100.089,1.4481410834160404,-16.830000000000002,-0.15,222.8,6.327566432287795,-0.6494039846249149,19.771549224853516
346.624,9,-35.3573624,149.16641199999998,100.011,1.1367013192929725,-16.86,-0.18,222.90000000000003,6.327566432287795,-0.6494039846249149,19.771549224853516
346.724,9,-35.3573774,149.1664118,100.011,0.8669245351682188,-16.93,-0.19,223.0,6.327566432287795,-0.6494039846249149,19.771549224853516
346.824,9,-35.357392499999996,149.1664116,100.006,0.65225265005007,-16.97,-0.19,223.10000000000002,6.327566432287795,-0.6494039846249149,19.771549224853516
346.92400000000004,9,-35.357407699999996,149.1664114,99.965,0.5432598530087387,-17.02,-0.21,223.20000000000005,6.28807476086072,-0.6430258474466739,19.877864837646484
347.024,9,-35.357422899999996,149.1664111,99.899,0.5018751498582495,-17.07,-0.27,223.3,6.28807476086072,-0.6430258474466739,19.877864837646484
347.124,9,-35.357438099999996,149.1664108,99.872,0.4386770102937083,-17.13,-0.34,223.40000000000003,6.28807476086072,-0.6430258474466739,19.877864837646484
347.224,9,-35.3574534,149.1664104,99.886,0.34122018931711695,-17.18,-0.37,223.5,6.28807476086072,-0.6430258474466739,19.877864837646484
347.324,9,-35.3574687,149.16640999999998,99.872,0.07713668803068612,-17.23,-0.39,223.60000000000002,6.28807476086072,-0.6430258474466739,19.877864837646484
347.425,9,-35.3574842,149.16640959999998,99.91,-0.29831118004295143,-17.28,-0.38,223.70100000000002,6.242573513250007,-0.6367803486837861,19.422807693481445
347.52500000000003,9,-35.3574999,149.1664092,99.919,-0.7188660442821763,-17.35,-0.38,223.80100000000004,6.242573513250007,-0.6367803486837861,19.422807693481445
347.625,9,-35.3575155,149.1664088,99.923,-1.1754329741985876,-17.400000000000002,-0.37,223.901,6.242573513250007,-0.6367803486837861,19.422807693481445
347.725,9,-35.3575313,149.1664084,99.986,-1.593549407543265,-17.47,-0.34,224.00100000000003,6.242573513250007,-0.6367803486837861,19.422807693481445
347.824,9,-35.3575472,149.16640809999998,100.029,-1.9508612557406675,-17.55,-0.34,224.10000000000002,6.242573513250007,-0.6367803486837861,19.422807693481445
347.92400000000004,9,-35.3575631,149.16640769999998,100.057,-2.1402749945864032,-17.6,-0.37,224.20000000000005,6.188128350595672,-0.6322373723225144,19.485797882080078
348.024,9,-35.357579099999995,149.1664073,100.028,-2.1951077532432657,-17.63,-0.4,224.3,6.188128350595672,-0.6322373723225144,19.485797882080078
348.124,9,-35.357594999999996,149.1664069,99.97500000000001,-2.245060768624977,-17.650000000000002,-0.38,224.40000000000003,6.188128350595672,-0.6322373723225144,19.485797882080078
348.224,9,-35.357611,149.1664065,100.0,-2.3193294708953456,-17.650000000000002,-0.36,224.5,6.188128350595672,-0.6322373723225144,19.485797882080078
348.324,9,-35.3576268,149.1664061,99.988,-2.4678028424126133,-17.63,-0.39,224.60000000000002,6.188128350595672,-0.6322373723225144,19.485797882080078
348.42400000000004,9,-35.3576426,149.16640569999998,99.938,-2.6389853122597042,-17.55,-0.34,224.70000000000005,6.14407842679345,-0.6295605148952765,21.204364776611328
348.524,9,-35.357658199999996,149.1664054,99.979,-2.8247735013166326,-17.45,-0.3,224.8,6.14407842679345,-0.6295605148952765,21.204364776611328
348.624,9,-35.3576737,149.1664051,100.03,-3.0224466464162063,-17.35,-0.25,224.90000000000003,6.14407842679345,-0.6295605148952765,21.204364776611328
348.724,9,-35.3576891,149.1664049,100.059,-3.2131506506848395,-17.27,-0.23,225.0,6.14407842679345,-0.6295605148952765,21.204364776611328
348.824,9,-35.3577045,149.1664046,100.10000000000001,-3.2043655333083225,-17.18,-0.22,225.10000000000002,6.14407842679345,-0.6295605148952765,21.204364776611328
348.92400000000004,9,-35.3577197,149.1664044,100.078,-3.1521049812042046,-17.080000000000002,-0.22,225.20000000000005,6.119365385235225,-0.6300354627569821,21.505754470825195
349.024,9,-35.3577349,149.1664042,100.066,-3.0446338756047577,-16.98,-0.16,225.3,6.119365385235225,-0.6300354627569821,21.505754470825195
349.124,9,-35.3577499,149.1664041,100.058,-2.940759504933558,-16.86,-0.16,225.40000000000003,6.119365385235225,-0.6300354627569821,21.505754470825195
349.224,9,-35.3577649,149.166404,100.038,-2.8109536807481694,-16.76,-0.1,225.5,6.119365385235225,-0.6300354627569821,21.505754470825195
349.324,9,-35.357779799999996,149.1664039,100.066,-2.657359161457273,-16.65,-0.08,225.60000000000002,6.119365385235225,-0.6300354627569821,21.505754470825195
349.42400000000004,9,-35.3577946,149.16640379999998,100.09700000000001,-2.533845649044759,-16.56,-0.05,225.70000000000005,6.098588216233961,-0.6312268171242222,20.672073364257812
349.52500000000003,9,-35.3578093,149.16640379999998,100.08200000000001,-2.3856813435874344,-16.490000000000002,-0.04,225.80100000000004,6.098588216233961,-0.6312268171242222,20.672073364257812
349.625,9,-35.357824099999995,149.16640379999998,100.093,-2.1970338665892095,-16.41,0.0,225.901,6.098588216233961,-0.6312268171242222,20.672073364257812
349.725,9,-35.3578389,149.16640379999998,100.156,-2.010076647967151,-16.36,0.0,226.00100000000003,6.098588216233961,-0.6312268171242222,20.672073364257812
349.825,9,-35.3578536,149.1664039,100.159,-1.8259624955871103,-16.3,0.0,226.101,6.098588216233961,-0.6312268171242222,20.672073364257812
349.92400000000004,9,-35.3578683,149.1664039,100.156,-1.5882949643591153,-16.23,0.0,226.20000000000005,6.0743723600018305,-0.6325237176824431,20.642696380615234
350.024,9,-35.3578829,149.1664039,100.148,-1.3896222637631928,-16.15,-0.03,226.3,6.0743723600018305,-0.6325237176824431,20.642696380615234
350.124,9,-35.3578976,149.16640379999998,100.154,-1.2103572255287438,-16.07,-0.03,226.40000000000003,6.0743723600018305,-0.6325237176824431,20.642696380615234
350.224,9,-35.357912,149.16640379999998,100.161,-1.0902621160741153,-15.97,-0.04,226.5,6.0743723600018305,-0.6325237176824431,20.642696380615234
350.324,9,-35.3579265,149.1664037,100.139,-1.0193698751312605,-15.870000000000001,-0.06,226.60000000000002,6.0743723600018305,-0.6325237176824431,20.642696380615234
350.42400000000004,9,-35.3579407,149.1664036,100.10300000000001,-1.0380376359065515,-15.75,-0.05,226.70000000000005,6.061829124405599,-0.6356647672914308,21.214879989624023
350.524,9,-35.3579548,149.1664036,100.124,-1.1150304097169914,-15.620000000000001,-0.04,226.8,6.061829124405599,-0.6356647672914308,21.214879989624023
350.624,9,-35.3579687,149.1664035,100.166,-1.2097281010731622,-15.49,-0.06,226.90000000000003,6.061829124405599,-0.6356647672914308,21.214879989624023
350.724,9,-35.3579825,149.1664034,100.136,-1.3554386610711597,-15.38,-0.06,227.0,6.061829124405599,-0.6356647672914308,21.214879989624023
350.824,9,-35.357996199999995,149.1664034,100.144,-1.4666842999606846,-15.26,-0.05,227.10000000000002,6.061829124405599,-0.6356647672914308,21.214879989624023
350.92400000000004,9,-35.3580097,149.16640329999998,100.148,-1.5907312074586943,-15.14,-0.03,227.20000000000005,6.064154590773587,-0.6410881383244603,21.060527801513672
351.024,9,-35.3580232,149.16640329999998,100.08,-1.7585743551318835,-15.030000000000001,0.0,227.3,6.064154590773587,-0.6410881383244603,21.060527801513672
351.124,9,-35.3580365,149.16640329999998,100.039,-1.794081093532195,-14.93,0.05,227.40000000000003,6.064154590773587,-0.6410881383244603,21.060527801513672
351.224,9,-35.358049799999996,149.1664034,100.025,-1.7696038299809849,-14.85,0.07,227.5,6.064154590773587,-0.6410881383244603,21.060527801513672
351.324,9,-35.358063,149.1664035,99.988,-1.686658439587173,-14.81,0.1,227.60000000000002,6.064154590773587,-0.6410881383244603,21.060527801513672
351.42400000000004,9,-35.3580762,149.1664036,99.979,-1.5302781636102636,-14.8,0.13,227.70000000000005,6.067621295094282,-0.6467050359411866,19.926738739013672
351.524,9,-35.3580894,149.1664036,100.012,-1.2737014671084999,-14.790000000000001,0.12,227.8,6.067621295094282,-0.6467050359411866,19.926738739013672
351.625,9,-35.358102599999995,149.16640379999998,99.98,-0.9809973387656,-14.77,0.13,227.901,6.067621295094282,-0.6467050359411866,19.926738739013672
351.725,9,-35.3581161,149.1664039,99.903,-0.69468087803969,-14.77,0.15,228.00100000000003,6.067621295094282,-0.6467050359411866,19.926738739013672
351.825,9,-35.358129399999996,149.1664041,99.899,-0.4334175778698134,-14.75,0.15,228.101,6.067621295094282,-0.6467050359411866,19.926738739013672
351.925,9,-35.3581427,149.1664042,99.922,-0.18706566121534557,-14.74,0.13,228.20100000000002,6.059972142855941,-0.650437440854199,19.582763671875
352.024,9,-35.358156,149.16640429999998,99.955,-0.01923070443307502,-14.73,0.1,228.3,6.059972142855941,-0.650437440854199,19.582763671875
352.124,9,-35.3581694,149.1664044,100.005,0.10866410085763112,-14.75,0.08,228.40000000000003,6.059972142855941,-0.650437440854199,19.582763671875
352.224,9,-35.3581828,149.1664045,100.03,0.20574636199746268,-14.77,0.07,228.5,6.059972142855941,-0.650437440854199,19.582763671875
352.324,9,-35.3581962,149.1664045,100.042,0.24609262293005857,-14.81,0.06,228.60000000000002,6.059972142855941,-0.650437440854199,19.582763671875
352.42400000000004,9,-35.358209599999995,149.1664046,100.035,0.22745373037618133,-14.85,0.06,228.70000000000005,6.045713577324522,-0.6526368041344873,19.49922752380371
352.524,9,-35.358222999999995,149.1664046,99.974,0.15390538627962458,-14.88,0.05,228.8,6.045713577324522,-0.6526368041344873,19.49922752380371
352.624,9,-35.358236399999996,149.1664047,99.925,0.024574823865560844,-14.93,0.05,228.90000000000003,6.045713577324522,-0.6526368041344873,19.49922752380371
352.724,9,-35.358249799999996,149.1664047,99.861,-0.1330930928472949,-14.97,0.05,229.0,6.045713577324522,-0.6526368041344873,19.49922752380371
352.824,9,-35.358263199999996,149.16640479999998,99.828,-0.2653289702733268,-15.02,0.07,229.10000000000002,6.045713577324522,-0.6526368041344873,19.49922752380371
352.92400000000004,9,-35.358276599999996,149.16640479999998,99.755,-0.42466906603837906,-15.06,0.12,229.20000000000005,6.036938023265727,-0.6571695871482878,19.606918334960938
353.024,9,-35.3582901,149.166405,99.718,-0.5616841815731423,-15.120000000000001,0.2,229.3,6.036938023265727,-0.6571695871482878,19.606918334960938
353.124,9,-35.3583036,149.16640529999998,99.732,-0.6228799551329591,-15.18,0.25,229.40000000000003,6.036938023265727,-0.6571695871482878,19.606918334960938
353.224,9,-35.3583172,149.1664056,99.744,-0.5183393208525653,-15.23,0.29,229.5,6.036938023265727,-0.6571695871482878,19.606918334960938
353.324,9,-35.3583309,149.1664059,99.778,-0.27379453618230803,-15.290000000000001,0.31,229.60000000000002,6.036938023265727,-0.6571695871482878,19.606918334960938
353.42400000000004,9,-35.358344599999995,149.1664063,99.793,0.16627661977466304,-15.33,0.31,229.70000000000005,6.023627714645389,-0.6605046290582479,19.71515464782715
353.524,9,-35.3583583,149.1664066,99.804,0.6980803912556524,-15.36,0.3,229.8,6.023627714645389,-0.6605046290582479,19.71515464782715
353.624,9,-35.358371999999996,149.1664069,99.82900000000001,1.2260142602622344,-15.39,0.28,229.90000000000003,6.023627714645389,-0.6605046290582479,19.71515464782715
353.725,9,-35.3583858,149.16640719999998,99.83800000000001,1.636997308070774,-15.4,0.26,230.00100000000003,6.023627714645389,-0.6605046290582479,19.71515464782715
353.825,9,-35.3583997,149.1664075,99.874,1.9209964670381985,-15.43,0.25,230.101,6.023627714645389,-0.6605046290582479,19.71515464782715
353.925,9,-35.3584137,149.16640769999998,99.922,2.0710200780536474,-15.48,0.26,230.20100000000002,6.0071393375028315,-0.6612548314676282,19.33319854736328
354.02500000000003,9,-35.3584277,149.166408,99.909,2.0981489491067036,-15.530000000000001,0.28,230.30100000000004,6.0071393375028315,-0.6612548314676282,19.33319854736328
354.124,9,-35.3584418,149.1664084,99.879,2.067670510595991,-15.58,0.29,230.40000000000003,6.0071393375028315,-0.6612548314676282,19.33319854736328
354.224,9,-35.358455899999996,149.1664087,99.849,2.0369918621652325,-15.63,0.29,230.5,6.0071393375028315,-0.6612548314676282,19.33319854736328
354.324,9,-35.3584702,149.166409,99.839,2.0741796808750133,-15.71,0.27,230.60000000000002,6.0071393375028315,-0.6612548314676282,19.33319854736328
354.42400000000004,9,-35.3584844,149.1664093,99.831,2.2357729920142293,-15.76,0.26,230.70000000000005,5.984431749547948,-0.6607087099728939,19.57634925842285
354.524,9,-35.3584988,149.16640959999998,99.801,2.489814834560272,-15.83,0.21,230.8,5.984431749547948,-0.6607087099728939,19.57634925842285
354.624,9,-35.358513099999996,149.1664098,99.791,2.736672812203342,-15.870000000000001,0.18,230.90000000000003,5.984431749547948,-0.6607087099728939,19.57634925842285
354.724,9,-35.3585274,149.1664099,99.797,2.8794214179790814,-15.9,0.14,231.0,5.984431749547948,-0.6607087099728939,19.57634925842285
354.824,9,-35.358541699999996,149.1664101,99.805,2.9091745757773033,-15.92,0.14,231.10000000000002,5.984431749547948,-0.6607087099728939,19.57634925842285
354.92400000000004,9,-35.3585559,149.1664102,99.86,2.6724278394267906,-15.93,0.21,231.20000000000005,5.962747220181449,-0.6586537875879985,19.846006393432617
355.024,9,-35.3585701,149.16641049999998,99.94200000000001,2.2963288088653275,-15.94,0.3,231.3,5.962747220181449,-0.6586537875879985,19.846006393432617
355.124,9,-35.3585843,149.1664108,99.97200000000001,1.9830299526275468,-15.94,0.38,231.40000000000003,5.962747220181449,-0.6586537875879985,19.846006393432617
355.224,9,-35.3585986,149.1664113,99.961,1.9082812161245735,-15.92,0.44,231.5,5.962747220181449,-0.6586537875879985,19.846006393432617
355.324,9,-35.3586127,149.1664117,99.977,2.146207867654206,-15.88,0.42,231.60000000000002,5.962747220181449,-0.6586537875879985,19.846006393432617
355.42400000000004,9,-35.3586269,149.1664122,100.01,2.6390457167451764,-15.870000000000001,0.4,231.70000000000005,5.943739982548575,-0.6553349520637348,20.101551055908203
355.524,9,-35.358641,149.1664126,99.983,3.251441331502166,-15.85,0.39,231.8,5.943739982548575,-0.6553349520637348,20.101551055908203
355.624,9,-35.3586552,149.16641289999998,99.949,3.8639131455570834,-15.84,0.34,231.90000000000003,5.943739982548575,-0.6553349520637348,20.101551055908203
355.724,9,-35.358669299999995,149.1664133,99.903,4.429009273424912,-15.83,0.31,232.0,5.943739982548575,-0.6553349520637348,20.101551055908203
355.825,9,-35.3586836,149.1664135,99.846,4.863606526350006,-15.84,0.19,232.101,5.943739982548575,-0.6553349520637348,20.101551055908203
355.925,9,-35.358697899999996,149.1664137,99.816,5.009567242026356,-15.84,0.14,232.20100000000002,5.927239338336085,-0.6481686452589986,20.177648544311523
356.02500000000003,9,-35.3587122,149.1664138,99.781,4.945243508630938,-15.85,0.13,232.30100000000004,5.927239338336085,-0.6481686452589986,20.177648544311523
356.124,9,-35.358726499999996,149.1664138,99.763,4.690406589376823,-15.870000000000001,0.06,232.40000000000003,5.927239338336085,-0.6481686452589986,20.177648544311523
356.224,9,-35.3587409,149.16641389999998,99.743,4.398573523596512,-15.860000000000001,0.03,232.5,5.927239338336085,-0.6481686452589986,20.177648544311523
356.324,9,-35.3587552,149.16641389999998,99.714,4.04716370589394,-15.860000000000001,-0.01,232.60000000000002,5.927239338336085,-0.6481686452589986,20.177648544311523
356.42400000000004,9,-35.358769599999995,149.1664138,99.71900000000001,3.6390248982661824,-15.85,-0.09,232.70000000000005,5.913385718987754,-0.6408613426447939,20.207435607910156
356.524,9,-35.3587839,149.1664136,99.72,3.2908824723078163,-15.83,-0.1,232.8,5.913385718987754,-0.6408613426447939,20.207435607910156
356.624,9,-35.358798199999995,149.16641339999998,99.745,2.9380771615804466,-15.790000000000001,-0.16,232.90000000000003,5.913385718987754,-0.6408613426447939,20.207435607910156
356.724,9,-35.3588123,149.1664133,99.798,2.5707587660838582,-15.75,-0.19,233.0,5.913385718987754,-0.6408613426447939,20.207435607910156
356.824,9,-35.3588264,149.166413,99.839,2.2320133997629603,-15.72,-0.21,233.10000000000002,5.913385718987754,-0.6408613426447939,20.207435607910156
356.92400000000004,9,-35.3588405,149.1664128,99.861,1.8549020071004545,-15.72,-0.22,233.20000000000005,5.897410856007628,-0.6327159347377623,19.7274112701416
357.024,9,-35.3588545,149.1664125,99.891,1.439538139991292,-15.72,-0.21,233.3,5.897410856007628,-0.6327159347377623,19.7274112701416
357.124,9,-35.3588685,149.1664122,99.884,1.045581900009948,-15.74,-0.2,233.40000000000003,5.897410856007628,-0.6327159347377623,19.7274112701416
357.224,9,-35.3588825,149.16641199999998,99.85000000000001,0.7315254797436777,-15.77,-0.21,233.5,5.897410856007628,-0.6327159347377623,19.7274112701416
357.324,9,-35.3588966,149.1664117,99.821,0.513764428129979,-15.780000000000001,-0.22,233.60000000000002,5.897410856007628,-0.6327159347377623,19.7274112701416
357.42400000000004,9,-35.358910699999996,149.1664114,99.777,0.36091453286074626,-15.81,-0.23,233.70000000000005,5.881986515982757,-0.6245590800126056,19.98809242248535
357.524,9,-35.3589248,149.1664112,99.785,0.23431801713119127,-15.85,-0.24,233.8,5.881986515982757,-0.6245590800126056,19.98809242248535
357.624,9,-35.358939,149.1664109,99.797,0.10470329817032452,-15.870000000000001,-0.24,233.90000000000003,5.881986515982757,-0.6245590800126056,19.98809242248535
357.724,9,-35.3589531,149.1664106,99.769,-0.0022980685060716975,-15.88,-0.24,234.0,5.881986515982757,-0.6245590800126056,19.98809242248535
357.824,9,-35.358967299999996,149.1664103,99.755,-0.10813149951482218,-15.870000000000001,-0.24,234.10000000000002,5.881986515982757,-0.6245590800126056,19.98809242248535
357.925,9,-35.3589816,149.16640999999998,99.762,-0.24483682861812825,-15.870000000000001,-0.23,234.20100000000002,5.866330327920561,-0.6162728896520576,19.792142868041992
358.02500000000003,9,-35.358995799999995,149.1664097,99.815,-0.3634790020898216,-15.88,-0.24,234.30100000000004,5.866330327920561,-0.6162728896520576,19.792142868041992
358.125,9,-35.3590101,149.1664094,99.891,-0.4382709875640628,-15.950000000000001,-0.26,234.401,5.866330327920561,-0.6162728896520576,19.792142868041992
358.224,9,-35.3590245,149.16640909999998,99.922,-0.4857782616143807,-16.02,-0.26,234.5,5.866330327920561,-0.6162728896520576,19.792142868041992
358.324,9,-35.3590391,149.1664088,99.962,-0.6326035298292656,-16.11,-0.24,234.60000000000002,5.866330327920561,-0.6162728896520576,19.792142868041992
358.42400000000004,9,-35.3590537,149.1664085,99.95400000000001,-0.7851952386117866,-16.2,-0.25,234.70000000000005,5.840582345716116,-0.6076225983509776,19.265979766845703
358.524,9,-35.3590685,149.1664082,99.91,-0.9254163542295039,-16.28,-0.25,234.8,5.840582345716116,-0.6076225983509776,19.265979766845703
358.624,9,-35.3590833,149.1664079,99.876,-1.063650525128982,-16.38,-0.24,234.90000000000003,5.840582345716116,-0.6076225983509776,19.265979766845703
358.724,9,-35.359097999999996,149.1664075,99.861,-1.191327891614265,-16.46,-0.24,235.0,5.840582345716116,-0.6076225983509776,19.265979766845703
358.824,9,-35.3591129,149.16640719999998,99.858,-1.2375920712356407,-16.55,-0.24,235.10000000000002,5.840582345716116,-0.6076225983509776,19.265979766845703
358.92400000000004,9,-35.3591277,149.1664069,99.874,-1.364981716002137,-16.61,-0.22,235.20000000000005,5.808036964934421,-0.5991464065610838,19.571834564208984
359.024,9,-35.3591426,149.16640669999998,99.913,-1.535469747709708,-16.66,-0.19,235.3,5.808036964934421,-0.5991464065610838,19.571834564208984
359.124,9,-35.359157499999995,149.1664064,99.94,-1.673704025330892,-16.68,-0.17,235.40000000000003,5.808036964934421,-0.5991464065610838,19.571834564208984
359.224,9,-35.3591724,149.16640619999998,99.99000000000001,-1.7339155579591392,-16.68,-0.14,235.5,5.808036964934421,-0.5991464065610838,19.571834564208984
359.324,9,-35.359187299999995,149.166406,100.062,-1.7321804764665445,-16.67,-0.12,235.60000000000002,5.808036964934421,-0.5991464065610838,19.571834564208984
359.42400000000004,9,-35.3592022,149.1664059,100.104,-1.6922385974173677,-16.64,-0.1,235.70000000000005,5.78181114330024,-0.5912578521592319,20.105966567993164
359.524,9,-35.359217099999995,149.16640569999998,100.17,-1.6206286530031326,-16.61,-0.07,235.8,5.78181114330024,-0.5912578521592319,20.105966567993164
359.624,9,-35.3592319,149.1664056,100.239,-1.4867559847755307,-16.59,-0.05,235.90000000000003,5.78181114330024,-0.5912578521592319,20.105966567993164
359.724,9,-35.3592467,149.1664055,100.254,-1.3916498694513344,-16.56,-0.06,236.0,5.78181114330024,-0.5912578521592319,20.105966567993164
359.824,9,-35.359261499999995,149.1664054,100.188,-1.2709499680900425,-16.51,-0.06,236.10000000000002,5.78181114330024,-0.5912578521592319,20.105966567993164
359.925,9,-35.3592762,149.16640519999999,100.142,-1.1244154098017063,-16.47,-0.05,236.20100000000002,5.758884764366863,-0.5834929481155162,20.492877960205078
360.02500000000003,9,-35.3592911,149.1664051,100.161,-0.9876735285141701,-16.41,-0.07,236.30100000000004,5.758884764366863,-0.5834929481155162,20.492877960205078
360.125,9,-35.3593058,149.166405,100.102,-0.8610313092141142,-16.34,-0.1,236.401,5.758884764366863,-0.5834929481155162,20.492877960205078
360.225,9,-35.359320499999995,149.16640479999998,100.016,-0.8206899708201975,-16.25,-0.1,236.50100000000003,5.758884764366863,-0.5834929481155162,20.492877960205078
360.324,9,-35.3593352,149.1664046,100.017,-0.8665634956375601,-16.16,-0.07,236.60000000000002,5.758884764366863,-0.5834929481155162,20.492877960205078
360.42400000000004,9,-35.3593498,149.1664045,100.033,-1.0024506427834927,-16.06,-0.06,236.70000000000005,5.7481924300833365,-0.5769121306201594,21.170568466186523
360.524,9,-35.359364299999996,149.1664044,100.006,-1.1312806036912153,-15.97,-0.05,236.8,5.7481924300833365,-0.5769121306201594,21.170568466186523
360.624,9,-35.3593787,149.16640429999998,99.988,-1.2428980610036828,-15.88,-0.04,236.90000000000003,5.7481924300833365,-0.5769121306201594,21.170568466186523
360.724,9,-35.359393,149.1664042,100.007,-1.2967838779651464,-15.8,-0.03,237.0,5.7481924300833365,-0.5769121306201594,21.170568466186523
360.824,9,-35.3594072,149.1664041,100.01,-1.358085252652834,-15.71,-0.01,237.10000000000002,5.7481924300833365,-0.5769121306201594,21.170568466186523
360.92400000000004,9,-35.3594213,149.1664041,99.958,-1.4998445482159792,-15.620000000000001,0.07,237.20000000000005,5.745884384284734,-0.5717781446102757,20.90079116821289
361.024,9,-35.3594352,149.1664042,99.936,-1.6064041437263463,-15.540000000000001,0.16,237.3,5.745884384284734,-0.5717781446102757,20.90079116821289
361.124,9,-35.3594491,149.1664042,99.976,-1.5501898725881431,-15.46,0.22,237.40000000000003,5.745884384284734,-0.5717781446102757,20.90079116821289
361.224,9,-35.359462799999996,149.1664045,100.012,-1.311016071204749,-15.370000000000001,0.24,237.5,5.745884384284734,-0.5717781446102757,20.90079116821289
361.324,9,-35.3594765,149.1664047,100.006,-0.9524024316402242,-15.290000000000001,0.27,237.60000000000002,5.745884384284734,-0.5717781446102757,20.90079116821289
361.42400000000004,9,-35.35949,149.166405,100.015,-0.4781400824098966,-15.200000000000001,0.29,237.70000000000005,5.748898478073004,-0.5662789139706059,20.212451934814453
361.524,9,-35.359503499999995,149.16640529999998,100.043,0.024970281146334004,-15.14,0.28,237.8,5.748898478073004,-0.5662789139706059,20.212451934814453
361.624,9,-35.359517,149.1664055,100.048,0.5482319105593906,-15.09,0.27,237.90000000000003,5.748898478073004,-0.5662789139706059,20.212451934814453
361.724,9,-35.3595304,149.1664058,100.052,1.027860440599821,-15.040000000000001,0.24,238.0,5.748898478073004,-0.5662789139706059,20.212451934814453
361.824,9,-35.3595438,149.166406,100.02,1.3910732520749973,-14.99,0.21,238.10000000000002,5.748898478073004,-0.5662789139706059,20.212451934814453
361.92400000000004,9,-35.359557099999996,149.16640619999998,99.98700000000001,1.6357239046773897,-14.96,0.18,238.20000000000005,5.746609177947709,-0.5588193730108647,19.759532928466797
362.02500000000003,9,-35.3595705,149.1664063,99.996,1.734072972475167,-14.950000000000001,0.16,238.30100000000004,5.746609177947709,-0.5588193730108647,19.759532928466797
362.125,9,-35.3595841,149.1664064,99.955,1.7392951857041705,-14.97,0.14,238.401,5.746609177947709,-0.5588193730108647,19.759532928466797
362.225,9,-35.3595976,149.1664065,99.901,1.6803759462112309,-14.99,0.1,238.50100000000003,5.746609177947709,-0.5588193730108647,19.759532928466797
362.325,9,-35.359611099999995,149.1664066,99.86,1.5881368027911473,-15.02,0.07,238.601,5.746609177947709,-0.5588193730108647,19.759532928466797
362.42400000000004,9,-35.3596247,149.16640669999998,99.84100000000001,1.4061640214376114,-15.1,0.06,238.70000000000005,5.740299145327996,-0.5509289641757258,19.684200286865234
362.524,9,-35.3596384,149.16640669999998,99.888,1.1774928098418753,-15.15,0.07,238.8,5.740299145327996,-0.5509289641757258,19.684200286865234
362.624,9,-35.3596522,149.1664068,99.888,0.9659039013603412,-15.17,0.05,238.90000000000003,5.740299145327996,-0.5509289641757258,19.684200286865234
362.724,9,-35.359665899999996,149.1664068,99.894,0.7936696357419213,-15.21,0.03,239.0,5.740299145327996,-0.5509289641757258,19.684200286865234
362.824,9,-35.3596797,149.1664068,99.95400000000001,0.683862285281213,-15.21,0.0,239.10000000000002,5.740299145327996,-0.5509289641757258,19.684200286865234
362.92400000000004,9,-35.359693299999996,149.1664068,99.998,0.6253820455250052,-15.21,-0.02,239.20000000000005,5.73489804464377,-0.5446356496937927,20.062416076660156
363.024,9,-35.3597069,149.1664068,100.07300000000001,0.5986667744427052,-15.19,-0.07,239.3,5.73489804464377,-0.5446356496937927,20.062416076660156
363.124,9,-35.3597205,149.1664068,100.11200000000001,0.6068826916014372,-15.16,-0.12,239.40000000000003,5.73489804464377,-0.5446356496937927,20.062416076660156
363.224,9,-35.359733999999996,149.1664066,100.164,0.4895119204911447,-15.13,-0.15,239.5,5.73489804464377,-0.5446356496937927,20.062416076660156
363.324,9,-35.3597475,149.1664064,100.239,0.3021111664598586,-15.120000000000001,-0.19,239.60000000000002,5.73489804464377,-0.5446356496937927,20.062416076660156
363.42400000000004,9,-35.359761,149.16640619999998,100.271,-0.03418956243229011,-15.13,-0.19,239.70000000000005,5.730544884673063,-0.537208792652146,19.49842643737793
363.524,9,-35.3597745,149.166406,100.247,-0.4758587458662594,-15.14,-0.19,239.8,5.730544884673063,-0.537208792652146,19.49842643737793
363.624,9,-35.359788,149.1664059,100.202,-0.8957189051616999,-15.17,-0.18,239.90000000000003,5.730544884673063,-0.537208792652146,19.49842643737793
363.724,9,-35.359801499999996,149.16640569999998,100.132,-1.2402285242552655,-15.200000000000001,-0.15,240.0,5.730544884673063,-0.537208792652146,19.49842643737793
363.824,9,-35.3598151,149.1664056,100.043,-1.48790100195686,-15.24,-0.13,240.10000000000002,5.730544884673063,-0.537208792652146,19.49842643737793
363.92400000000004,9,-35.3598287,149.1664055,99.97500000000001,-1.634254987119014,-15.3,-0.11,240.20000000000005,5.719602995774591,-0.5310158650901264,19.356191635131836
364.024,9,-35.3598424,149.1664054,99.934,-1.7397401084955735,-15.36,-0.09,240.3,5.719602995774591,-0.5310158650901264,19.356191635131836
364.125,9,-35.359856199999996,149.16640529999998,99.895,-1.7252167784425991,-15.42,-0.08,240.401,5.719602995774591,-0.5310158650901264,19.356191635131836
364.225,9,-35.359870099999995,149.16640529999998,99.867,-1.7024261447295592,-15.48,-0.07,240.50100000000003,5.719602995774591,-0.5310158650901264,19.356191635131836
364.325,9,-35.359884099999995,149.16640529999998,99.848,-1.6270663197392812,-15.55,-0.04,240.601,5.719602995774591,-0.5310158650901264,19.356191635131836
364.425,9,-35.359898199999996,149.16640519999999,99.874,-1.550698294794486,-15.610000000000001,-0.02,240.70100000000002,5.7043524557649326,-0.5249177641045419,19.3265380859375
364.524,9,-35.3599124,149.16640529999998,99.884,-1.451698758199971,-15.68,0.0,240.8,5.7043524557649326,-0.5249177641045419,19.3265380859375
364.624,9,-35.3599266,149.16640529999998,99.863,-1.2919103245489307,-15.73,0.01,240.90000000000003,5.7043524557649326,-0.5249177641045419,19.3265380859375
364.724,9,-35.3599409,149.1664054,99.892,-1.1375417527260014,-15.790000000000001,0.04,241.0,5.7043524557649326,-0.5249177641045419,19.3265380859375
364.824,9,-35.3599552,149.1664054,99.912,-0.963333509076595,-15.83,0.04,241.10000000000002,5.7043524557649326,-0.5249177641045419,19.3265380859375
364.92400000000004,9,-35.3599696,149.1664054,99.918,-0.780147301928324,-15.89,0.06,241.20000000000005,5.686201692032298,-0.5189091882490227,20.16194725036621
365.024,9,-35.359984,149.1664055,99.9,-0.6996000549851273,-15.93,0.13,241.3,5.686201692032298,-0.5189091882490227,20.16194725036621
365.124,9,-35.3599983,149.16640569999998,99.897,-0.6695522919180958,-15.94,0.18,241.40000000000003,5.686201692032298,-0.5189091882490227,20.16194725036621
365.224,9,-35.3600127,149.166406,99.912,-0.5509964296259532,-15.950000000000001,0.23,241.5,5.686201692032298,-0.5189091882490227,20.16194725036621
365.324,9,-35.3600269,149.1664063,99.922,-0.32656695226778015,-15.98,0.24,241.60000000000002,5.686201692032298,-0.5189091882490227,20.16194725036621
365.42400000000004,9,-35.3600412,149.1664065,99.953,0.014134602909771983,-16.0,0.23,241.70000000000005,5.673410844059723,-0.5126264171166116,19.737953186035156
365.524,9,-35.3600555,149.1664068,99.96900000000001,0.43857757234434647,-16.01,0.23,241.8,5.673410844059723,-0.5126264171166116,19.737953186035156
365.624,9,-35.3600698,149.166407,99.977,0.8532069006330415,-16.02,0.21,241.90000000000003,5.673410844059723,-0.5126264171166116,19.737953186035156
365.724,9,-35.360084,149.16640719999998,99.97200000000001,1.2782800417299356,-16.01,0.19,242.0,5.673410844059723,-0.5126264171166116,19.737953186035156
365.824,9,-35.3600983,149.1664074,99.97,1.5745997947430053,-15.98,0.17,242.10000000000002,5.673410844059723,-0.5126264171166116,19.737953186035156
365.92400000000004,9,-35.3601125,149.16640759999999,99.99000000000001,1.784750308074017,-15.950000000000001,0.14,242.20000000000005,5.657428521303601,-0.5042520391744812,19.975006103515625
366.024,9,-35.360126799999996,149.16640769999998,100.015,1.9192684291781852,-15.94,0.12,242.3,5.657428521303601,-0.5042520391744812,19.975006103515625
366.124,9,-35.360141,149.1664078,100.017,1.9583287869376071,-15.94,0.1,242.40000000000003,5.657428521303601,-0.5042520391744812,19.975006103515625
366.225,9,-35.3601552,149.1664079,100.013,1.830986953495301,-15.94,0.14,242.50100000000003,5.657428521303601,-0.5042520391744812,19.975006103515625
366.325,9,-35.3601697,149.166408,100.01,1.7057568224452924,-15.950000000000001,0.09,242.601,5.657428521303601,-0.5042520391744812,19.975006103515625
366.425,9,-35.3601841,149.16640809999998,99.993,1.5744060948470118,-15.97,0.08,242.70100000000002,5.642182497092291,-0.495861902614717,20.17299461364746
366.524,9,-35.360198499999996,149.16640809999998,99.968,1.4553228138848973,-15.97,0.08,242.8,5.642182497092291,-0.495861902614717,20.17299461364746
366.624,9,-35.360213,149.1664082,99.912,1.3952545017858087,-15.98,0.07,242.90000000000003,5.642182497092291,-0.495861902614717,20.17299461364746
366.724,9,-35.3602275,149.1664082,99.893,1.3378019386954232,-15.97,0.05,243.0,5.642182497092291,-0.495861902614717,20.17299461364746
366.824,9,-35.3602419,149.1664082,99.921,1.2431388251719258,-15.950000000000001,0.03,243.10000000000002,5.642182497092291,-0.495861902614717,20.17299461364746
366.92400000000004,9,-35.360256299999996,149.1664082,99.95100000000001,1.1748310637779802,-15.92,0.01,243.20000000000005,5.632235945884355,-0.4877225909145932,20.39058494567871
367.024,9,-35.3602707,149.16640809999998,99.96000000000001,1.159943492543174,-15.870000000000001,-0.03,243.3,5.632235945884355,-0.4877225909145932,20.39058494567871
367.124,9,-35.360284899999996,149.166408,100.018,1.2267758263546908,-15.83,-0.1,243.40000000000003,5.632235945884355,-0.4877225909145932,20.39058494567871
367.224,9,-35.360299,149.1664079,100.078,1.4795143834297304,-15.81,-0.12,243.5,5.632235945884355,-0.4877225909145932,20.39058494567871
367.324,9,-35.3603131,149.16640769999998,100.077,2.0799714678477725,-15.790000000000001,-0.15,243.60000000000002,5.632235945884355,-0.4877225909145932,20.39058494567871
367.42400000000004,9,-35.3603272,149.1664075,100.07900000000001,3.144578326182262,-15.77,-0.16,243.70000000000005,5.624781457490652,-0.47983671335686084,20.092384338378906
367.524,9,-35.3603412,149.16640719999998,100.013,4.72328242428621,-15.76,-0.24,243.8,5.624781457490652,-0.47983671335686084,20.092384338378906
367.624,9,-35.3603553,149.1664068,99.995,6.6796355790063915,-15.77,-0.39,243.90000000000003,5.624781457490652,-0.47983671335686084,20.092384338378906
367.724,9,-35.360369299999995,149.16640619999998,99.985,8.895565804264676,-15.77,-0.44,244.0,5.624781457490652,-0.47983671335686084,20.092384338378906
367.824,9,-35.360383399999996,149.1664056,99.911,11.242702255931611,-15.780000000000001,-0.61,244.10000000000002,5.624781457490652,-0.47983671335686084,20.092384338378906
367.92400000000004,9,-35.3603974,149.1664046,99.87,13.530283726904269,-15.8,-0.98,244.20000000000005,5.6124418489573715,-0.47243118940917656,19.42987060546875
368.024,9,-35.3604115,149.16640329999998,99.867,15.573118175574212,-15.790000000000001,-1.28,244.3,5.6124418489573715,-0.47243118940917656,19.42987060546875
368.124,9,-35.3604256,149.1664017,99.845,17.418768478000473,-15.780000000000001,-1.46,244.40000000000003,5.6124418489573715,-0.47243118940917656,19.42987060546875
368.224,9,-35.3604396,149.1663997,99.834,18.801308049037775,-15.700000000000001,-2.05,244.5,5.6124418489573715,-0.47243118940917656,19.42987060546875
368.325,9,-35.3604537,149.166397,99.914,19.60257632359219,-15.610000000000001,-2.52,244.601,5.6124418489573715,-0.47243118940917656,19.42987060546875
368.425,9,-35.3604676,149.166394,100.02,20.010978947276637,-15.58,-2.68,244.70100000000002,5.5988073767893685,-0.46602824773768536,20.657445907592773
368.52500000000003,9,-35.3604816,149.16639089999998,100.072,20.558164184706577,-15.530000000000001,-2.83,244.80100000000004,5.5988073767893685,-0.46602824773768536,20.657445907592773
368.624,9,-35.3604956,149.16638749999998,100.077,21.59634952345393,-15.43,-3.02,244.90000000000003,5.5988073767893685,-0.46602824773768536,20.657445907592773
368.724,9,-35.3605095,149.1663838,100.065,23.206411233480818,-15.22,-3.63,245.0,5.5988073767893685,-0.46602824773768536,20.657445907592773
368.824,9,-35.3605231,149.1663795,100.126,25.36639025660565,-15.13,-3.7800000000000002,245.10000000000002,5.5988073767893685,-0.46602824773768536,20.657445907592773
368.92400000000004,9,-35.3605368,149.16637509999998,100.12,28.274141805158063,-15.07,-3.87,245.20000000000005,5.6003483443444315,-0.46184362769295195,20.879657745361328
369.024,9,-35.3605504,149.1663707,100.051,31.703921296879965,-14.99,-4.17,245.3,5.6003483443444315,-0.46184362769295195,20.879657745361328
369.124,9,-35.3605638,149.1663656,99.983,35.08217042640871,-14.82,-4.96,245.40000000000003,5.6003483443444315,-0.46184362769295195,20.879657745361328
369.224,9,-35.360577,149.1663599,99.93900000000001,37.947796783255065,-14.76,-5.32,245.5,5.6003483443444315,-0.46184362769295195,20.879657745361328
369.324,9,-35.3605902,149.1663537,99.864,40.32756446368174,-14.69,-5.8,245.60000000000002,5.6003483443444315,-0.46184362769295195,20.879657745361328
369.42400000000004,9,-35.3606033,149.1663471,99.769,42.183279049850015,-14.61,-6.3100000000000005,245.70000000000005,5.604403544689318,-0.4571248615598614,19.869827270507812
369.524,9,-35.360616199999996,149.16633969999998,99.644,43.69581419626558,-14.41,-7.07,245.8,5.604403544689318,-0.4571248615598614,19.869827270507812
369.624,9,-35.3606288,149.16633109999998,99.546,44.58495797713409,-13.88,-8.5,245.90000000000003,5.604403544689318,-0.4571248615598614,19.869827270507812
369.724,9,-35.3606409,149.1663208,99.563,44.61614120578978,-13.41,-9.67,246.0,5.604403544689318,-0.4571248615598614,19.869827270507812
369.824,9,-35.360652699999996,149.1663097,99.60300000000001,44.54864527641172,-13.07,-10.47,246.10000000000002,5.604403544689318,-0.4571248615598614,19.869827270507812
369.92400000000004,9,-35.3606641,149.1662976,99.652,44.6159772812497,-12.59,-11.370000000000001,246.20000000000005,5.597621439039877,-0.45727699188254545,19.913965225219727
370.024,9,-35.3606751,149.1662845,99.738,44.600342978239546,-12.0,-12.31,246.3,5.597621439039877,-0.45727699188254545,19.913965225219727
370.124,9,-35.360685499999995,149.16627029999998,99.869,44.376114697977194,-11.52,-13.02,246.40000000000003,5.597621439039877,-0.45727699188254545,19.913965225219727
370.224,9,-35.3606955,149.1662556,99.99000000000001,43.97676719758489,-11.200000000000001,-13.5,246.5,5.597621439039877,-0.45727699188254545,19.913965225219727
370.324,9,-35.3607052,149.1662402,100.099,42.74480939208427,-10.48,-14.280000000000001,246.60000000000002,5.597621439039877,-0.45727699188254545,19.913965225219727
370.425,9,-35.3607144,149.166224,100.245,39.983801042755,-9.93,-14.81,246.70100000000002,5.593186456731526,-0.4607686136049375,20.628585815429688
370.52500000000003,9,-35.360723199999995,149.1662073,100.4,35.89978846628884,-9.86,-14.92,246.80100000000004,5.593186456731526,-0.4607686136049375,20.628585815429688
370.625,9,-35.3607319,149.1661905,100.504,31.104476574562966,-9.46,-15.21,246.901,5.593186456731526,-0.4607686136049375,20.628585815429688
370.724,9,-35.3607404,149.1661734,100.616,25.533280806333035,-9.27,-15.3,247.0,5.593186456731526,-0.4607686136049375,20.628585815429688
370.824,9,-35.360748699999995,149.1661564,100.7,19.851502567893302,-9.17,-15.25,247.10000000000002,5.593186456731526,-0.4607686136049375,20.628585815429688
370.92400000000004,9,-35.360757,149.1661394,100.764,14.500981674010019,-9.06,-15.200000000000001,247.20000000000005,5.59414537821582,-0.458729786001977,20.49091339111328
371.024,9,-35.360765199999996,149.1661226,100.794,9.922342165777168,-9.07,-15.040000000000001,247.3,5.59414537821582,-0.458729786001977,20.49091339111328
371.124,9,-35.3607734,149.1661059,100.746,6.362633266134583,-9.08,-14.9,247.40000000000003,5.59414537821582,-0.458729786001977,20.49091339111328
371.224,9,-35.3607817,149.1660894,100.677,3.818808710712435,-9.05,-14.81,247.5,5.59414537821582,-0.458729786001977,20.49091339111328
371.324,9,-35.3607898,149.1660732,100.583,2.2350336240365754,-9.01,-14.71,247.60000000000002,5.59414537821582,-0.458729786001977,20.49091339111328
371.42400000000004,9,-35.3607979,149.1660571,100.48400000000001,1.4769604262886746,-8.96,-14.67,247.70000000000005,5.596070577804882,-0.4494562721540114,20.534318923950195
371.524,9,-35.360805899999995,149.1660411,100.367,1.2362846236181122,-8.9,-14.6,247.8,5.596070577804882,-0.4494562721540114,20.534318923950195
371.624,9,-35.3608139,149.1660252,100.261,1.2360152580327197,-8.84,-14.55,247.90000000000003,5.596070577804882,-0.4494562721540114,20.534318923950195
371.724,9,-35.3608218,149.1660094,100.205,1.3041627234245816,-8.77,-14.51,248.0,5.596070577804882,-0.4494562721540114,20.534318923950195
371.824,9,-35.360829599999995,149.1659936,100.174,1.2419195296833727,-8.72,-14.48,248.10000000000002,5.596070577804882,-0.4494562721540114,20.534318923950195
371.92400000000004,9,-35.3608374,149.1659778,100.182,0.9879959347873358,-8.67,-14.46,248.20000000000005,5.602016106566178,-0.419921734107566,20.354276657104492
372.024,9,-35.3608451,149.1659621,100.205,0.7043070158186181,-8.57,-14.49,248.3,5.602016106566178,-0.419921734107566,20.354276657104492
372.124,9,-35.360852699999995,149.1659463,100.22200000000001,0.34897872392529605,-8.43,-14.51,248.40000000000003,5.602016106566178,-0.419921734107566,20.354276657104492
372.224,9,-35.3608602,149.16593039999998,100.193,-0.22673383910983258,-8.32,-14.51,248.5,5.602016106566178,-0.419921734107566,20.354276657104492
372.324,9,-35.3608677,149.1659147,100.153,-1.1132068559303039,-8.23,-14.44,248.60000000000002,5.602016106566178,-0.419921734107566,20.354276657104492
372.425,9,-35.360875,149.165899,100.165,-2.2233868708412343,-8.18,-14.34,248.70100000000002,5.611854591729153,-0.3802935865096879,20.463953018188477
372.52500000000003,9,-35.360882499999995,149.1658831,100.23400000000001,-3.523312529102881,-8.16,-14.25,248.80100000000004,5.611854591729153,-0.3802935865096879,20.463953018188477
372.625,9,-35.360889799999995,149.1658675,100.296,-4.862360443713302,-8.14,-14.16,248.901,5.611854591729153,-0.3802935865096879,20.463953018188477
372.725,9,-35.3608973,149.16585179999998,100.298,-6.053857489231231,-8.15,-14.07,249.00100000000003,5.611854591729153,-0.3802935865096879,20.463953018188477
372.824,9,-35.3609047,149.1658364,100.267,-7.057669900980495,-8.2,-13.950000000000001,249.10000000000002,5.611854591729153,-0.3802935865096879,20.463953018188477
372.92400000000004,9,-35.3609122,149.165821,100.253,-7.803852272991932,-8.28,-13.82,249.20000000000005,5.622636615938091,-0.3489485525899252,19.752281188964844
373.024,9,-35.3609197,149.1658058,100.21900000000001,-8.319768050627907,-8.31,-13.77,249.3,5.622636615938091,-0.3489485525899252,19.752281188964844
373.124,9,-35.3609273,149.16579059999998,100.133,-8.572645559363874,-8.46,-13.67,249.40000000000003,5.622636615938091,-0.3489485525899252,19.752281188964844
373.224,9,-35.3609351,149.1657755,100.113,-8.501281181594642,-8.620000000000001,-13.6,249.5,5.622636615938091,-0.3489485525899252,19.752281188964844
373.324,9,-35.3609429,149.1657606,100.077,-8.21994056703994,-8.64,-13.63,249.60000000000002,5.622636615938091,-0.3489485525899252,19.752281188964844
373.42400000000004,9,-35.3609507,149.16574559999998,99.99000000000001,-7.777474936190989,-8.75,-13.6,249.70000000000005,5.629586293160079,-0.3282872209447158,19.122661590576172
373.524,9,-35.3609586,149.1657308,99.897,-7.208579088710518,-8.88,-13.55,249.8,5.629586293160079,-0.3282872209447158,19.122661590576172
373.624,9,-35.3609666,149.165716,99.863,-6.569720759787961,-9.040000000000001,-13.48,249.90000000000003,5.629586293160079,-0.3282872209447158,19.122661590576172
373.724,9,-35.3609748,149.1657013,99.886,-5.912008120548406,-9.16,-13.450000000000001,250.0,5.629586293160079,-0.3282872209447158,19.122661590576172
373.824,9,-35.360983,149.1656866,99.892,-5.28993967726621,-9.23,-13.48,250.10000000000002,5.629586293160079,-0.3282872209447158,19.122661590576172
373.92400000000004,9,-35.360991299999995,149.1656719,99.874,-4.6237123534525875,-9.32,-13.49,250.20000000000005,5.630791747296568,-0.3198914720577918,18.873882293701172
374.024,9,-35.3609997,149.1656571,99.891,-4.21468049859085,-9.39,-13.540000000000001,250.3,5.630791747296568,-0.3198914720577918,18.873882293701172
374.124,9,-35.3610081,149.1656423,99.895,-4.776320977625475,-9.46,-13.59,250.40000000000003,5.630791747296568,-0.3198914720577918,18.873882293701172
374.224,9,-35.3610166,149.1656274,99.897,-6.60127623375342,-9.58,-13.61,250.5,5.630791747296568,-0.3198914720577918,18.873882293701172
374.324,9,-35.3610252,149.16561249999998,99.883,-9.720400792776571,-9.700000000000001,-13.620000000000001,250.60000000000002,5.630791747296568,-0.3198914720577918,18.873882293701172
374.42400000000004,9,-35.361033899999995,149.1655975,99.82900000000001,-14.200351751465554,-9.9,-13.55,250.70000000000005,5.626008725408388,-0.32807408624283724,18.97766876220703
374.52500000000003,9,-35.361042999999995,149.16558279999998,99.795,-19.68677548058552,-10.28,-13.27,250.80100000000004,5.626008725408388,-0.32807408624283724,18.97766876220703
374.625,9,-35.3610524,149.1655683,99.812,-25.433524185957705,-10.59,-13.1,250.901,5.626008725408388,-0.32807408624283724,18.97766876220703
374.725,9,-35.3610621,149.1655538,99.778,-30.868479878360688,-10.9,-12.92,251.00100000000003,5.626008725408388,-0.32807408624283724,18.97766876220703
374.825,9,-35.361072199999995,149.1655398,99.732,-35.5456602332966,-11.44,-12.46,251.101,5.626008725408388,-0.32807408624283724,18.97766876220703
374.92400000000004,9,-35.3610829,149.1655262,99.685,-39.06708037311257,-11.88,-12.09,251.20000000000005,5.617325053344825,-0.34932323410503757,19.09273910522461
375.024,9,-35.361094,149.1655132,99.647,-41.487262282858204,-12.540000000000001,-11.32,251.3,5.617325053344825,-0.34932323410503757,19.09273910522461
375.124,9,-35.361105699999996,149.1655011,99.644,-42.982178956309724,-13.11,-10.59,251.40000000000003,5.617325053344825,-0.34932323410503757,19.09273910522461
375.224,9,-35.361117899999996,149.16548989999998,99.667,-43.79796992058688,-13.69,-9.72,251.5,5.617325053344825,-0.34932323410503757,19.09273910522461
375.324,9,-35.361130599999996,149.1654796,99.709,-44.2647791994114,-14.16,-8.97,251.60000000000002,5.617325053344825,-0.34932323410503757,19.09273910522461
375.42400000000004,9,-35.3611437,149.16547029999998,99.785,-44.342882412570496,-14.64,-7.96,251.70000000000005,5.607288539014313,-0.3689833660584751,20.2945556640625
375.524,9,-35.361157,149.16546209999998,99.889,-44.20692749714139,-14.97,-7.21,251.8,5.607288539014313,-0.3689833660584751,20.2945556640625
375.624,9,-35.3611705,149.16545449999998,99.996,-44.12437783083262,-15.18,-6.76,251.90000000000003,5.607288539014313,-0.3689833660584751,20.2945556640625
375.724,9,-35.3611842,149.1654474,100.063,-44.33277714769346,-15.36,-6.23,252.0,5.607288539014313,-0.3689833660584751,20.2945556640625
375.824,9,-35.361198,149.16544109999998,100.128,-44.46536477986175,-15.55,-5.29,252.10000000000002,5.607288539014313,-0.3689833660584751,20.2945556640625
375.92400000000004,9,-35.3612119,149.1654357,100.212,-44.45768423214007,-15.66,-4.67,252.20000000000005,5.60768994930379,-0.36909227431044095,21.326141357421875
376.024,9,-35.3612259,149.1654311,100.298,-44.505628745018974,-15.76,-3.91,252.3,5.60768994930379,-0.36909227431044095,21.326141357421875
376.124,9,-35.3612399,149.1654273,100.384,-44.573865749921985,-15.82,-3.25,252.40000000000003,5.60768994930379,-0.36909227431044095,21.326141357421875
376.224,9,-35.361253999999995,149.165424,100.428,-44.789836331477794,-15.860000000000001,-2.63,252.5,5.60768994930379,-0.36909227431044095,21.326141357421875
376.324,9,-35.3612682,149.1654217,100.464,-44.900700546990855,-15.9,-1.67,252.60000000000002,5.60768994930379,-0.36909227431044095,21.326141357421875
376.42400000000004,9,-35.3612823,149.1654203,100.511,-44.764383631535736,-15.88,-0.91,252.70000000000005,5.615619622760885,-0.36457975805909415,21.64328956604004
376.524,9,-35.3612964,149.1654197,100.57300000000001,-44.55107682375624,-15.860000000000001,0.01,252.8,5.615619622760885,-0.36457975805909415,21.64328956604004
376.625,9,-35.3613105,149.16541999999998,100.65,-44.346358978858035,-15.8,0.38,252.901,5.615619622760885,-0.36457975805909415,21.64328956604004
376.725,9,-35.3613248,149.1654206,100.688,-44.411512153350785,-15.73,1.11,253.00100000000003,5.615619622760885,-0.36457975805909415,21.64328956604004
376.825,9,-35.3613389,149.1654222,100.72500000000001,-44.52343163309062,-15.620000000000001,1.9000000000000001,253.101,5.615619622760885,-0.36457975805909415,21.64328956604004
376.925,9,-35.361353,149.1654247,100.767,-44.603139940704665,-15.49,2.67,253.20100000000002,5.625572755753855,-0.3590564393019596,21.142471313476562
377.024,9,-35.3613669,149.1654279,100.799,-44.751706800436196,-15.370000000000001,3.34,253.3,5.625572755753855,-0.3590564393019596,21.142471313476562
377.124,9,-35.3613807,149.1654319,100.827,-44.84441295804078,-15.22,4.03,253.40000000000003,5.625572755753855,-0.3590564393019596,21.142471313476562
377.224,9,-35.3613943,149.16543679999998,100.85300000000001,-44.84319376927393,-15.08,4.64,253.5,5.625572755753855,-0.3590564393019596,21.142471313476562
377.324,9,-35.361407899999996,149.16544199999998,100.843,-44.91742085007905,-14.92,5.26,253.60000000000002,5.625572755753855,-0.3590564393019596,21.142471313476562
377.42400000000004,9,-35.361421199999995,149.1654482,100.83800000000001,-44.825940711430476,-14.73,5.94,253.70000000000005,5.632977296613293,-0.356302739767235,21.00849151611328
377.524,9,-35.3614343,149.1654551,100.831,-44.65806149182073,-14.530000000000001,6.58,253.8,5.632977296613293,-0.356302739767235,21.00849151611328
377.624,9,-35.3614472,149.1654625,100.805,-44.52201436883784,-14.36,7.07,253.90000000000003,5.632977296613293,-0.356302739767235,21.00849151611328
377.724,9,-35.3614599,149.1654705,100.761,-44.47748495054394,-14.16,7.640000000000001,254.0,5.632977296613293,-0.356302739767235,21.00849151611328
377.824,9,-35.3614724,149.1654791,100.71000000000001,-44.500915914491664,-13.91,8.32,254.10000000000002,5.632977296613293,-0.356302739767235,21.00849151611328
377.92400000000004,9,-35.3614846,149.1654884,100.643,-44.563183334060085,-13.700000000000001,8.83,254.20000000000005,5.63715009058707,-0.35089065957147936,20.496946334838867
378.024,9,-35.361496599999995,149.1654984,100.586,-44.43691362687406,-13.38,9.58,254.3,5.63715009058707,-0.35089065957147936,20.496946334838867
378.124,9,-35.3615084,149.165509,100.546,-44.24188099021893,-13.22,9.94,254.40000000000003,5.63715009058707,-0.35089065957147936,20.496946334838867
378.224,9,-35.36152,149.1655203,100.508,-44.192829986694484,-12.86,10.71,254.5,5.63715009058707,-0.35089065957147936,20.496946334838867
378.324,9,-35.3615312,149.1655323,100.482,-44.20750464812626,-12.530000000000001,11.34,254.60000000000002,5.63715009058707,-0.35089065957147936,20.496946334838867
378.42400000000004,9,-35.361542199999995,149.16554499999998,100.456,-44.39013707634323,-12.120000000000001,12.02,254.70000000000005,5.633923436881892,-0.338909686161762,20.309568405151367
378.524,9,-35.3615527,149.1655586,100.453,-44.574418995244756,-11.59,12.86,254.8,5.633923436881892,-0.338909686161762,20.309568405151367
378.624,9,-35.3615628,149.165573,100.471,-44.55973408852923,-11.120000000000001,13.540000000000001,254.90000000000003,5.633923436881892,-0.338909686161762,20.309568405151367
378.725,9,-35.361572599999995,149.1655882,100.497,-44.573059787599924,-10.700000000000001,14.08,255.00100000000003,5.633923436881892,-0.338909686161762,20.309568405151367
378.825,9,-35.361582,149.16560379999999,100.496,-44.8234067112484,-10.290000000000001,14.530000000000001,255.101,5.633923436881892,-0.338909686161762,20.309568405151367
378.925,9,-35.361590899999996,149.1656202,100.505,-44.87763158306913,-9.43,15.39,255.20100000000002,5.626780479876027,-0.3227575552378257,20.518096923828125
379.024,9,-35.3615992,149.1656373,100.558,-44.58886143024475,-9.23,15.530000000000001,255.3,5.626780479876027,-0.3227575552378257,20.518096923828125
379.124,9,-35.3616074,149.16565459999998,100.551,-44.774755273790404,-8.75,15.88,255.40000000000003,5.626780479876027,-0.3227575552378257,20.518096923828125
379.224,9,-35.3616151,149.16567229999998,100.526,-45.12629144999262,-8.16,16.26,255.5,5.626780479876027,-0.3227575552378257,20.518096923828125
379.324,9,-35.361622,149.1656907,100.511,-45.176216717730824,-7.3100000000000005,16.8,255.60000000000002,5.626780479876027,-0.3227575552378257,20.518096923828125
379.42400000000004,9,-35.3616283,149.1657094,100.518,-44.84217948618218,-6.8,17.05,255.70000000000005,5.6269767703939015,-0.32077824039353187,21.306058883666992
379.524,9,-35.3616343,149.1657284,100.521,-44.50387338640228,-6.37,17.26,255.8,5.6269767703939015,-0.32077824039353187,21.306058883666992
379.624,9,-35.3616399,149.16574749999998,100.497,-44.375418018681856,-6.11,17.34,255.90000000000003,5.6269767703939015,-0.32077824039353187,21.306058883666992
379.724,9,-35.3616452,149.1657665,100.427,-44.55052016333889,-5.7,17.47,256.0,5.6269767703939015,-0.32077824039353187,21.306058883666992
379.824,9,-35.36165,149.16578579999998,100.331,-44.817406390062544,-4.83,17.86,256.1,5.6269767703939015,-0.32077824039353187,21.306058883666992
379.92400000000004,9,-35.361654,149.1658055,100.257,-44.882125847543,-3.99,18.2,256.20000000000005,5.634522836705266,-0.3383313015435694,21.183847427368164
380.024,9,-35.361657199999996,149.1658254,100.188,-44.84620246760332,-3.42,18.330000000000002,256.3,5.634522836705266,-0.3383313015435694,21.183847427368164
380.124,9,-35.3616598,149.1658455,100.121,-44.89484707487215,-2.34,18.69,256.40000000000003,5.634522836705266,-0.3383313015435694,21.183847427368164
380.224,9,-35.3616615,149.165866,100.09100000000001,-44.75421347986159,-1.53,18.88,256.5,5.634522836705266,-0.3383313015435694,21.183847427368164
380.324,9,-35.3616624,149.1658867,100.074,-44.62129116842397,-0.79,19.03,256.6,5.634522836705266,-0.3383313015435694,21.183847427368164
380.42400000000004,9,-35.3616627,149.1659076,100.083,-44.46148864750777,0.14,19.25,256.70000000000005,5.645360269435968,-0.37206998614289005,21.15561294555664
380.524,9,-35.3616624,149.1659285,100.086,-44.4520288355073,0.48,19.25,256.8,5.645360269435968,-0.37206998614289005,21.15561294555664
380.624,9,-35.3616617,149.1659496,100.066,-44.61817318706786,1.2,19.330000000000002,256.90000000000003,5.645360269435968,-0.37206998614289005,21.15561294555664
380.724,9,-35.361660199999996,149.1659708,100.046,-44.80696644591618,2.04,19.41,257.0,5.645360269435968,-0.37206998614289005,21.15561294555664
380.825,9,-35.361658,149.1659922,100.049,-44.7597220274272,2.79,19.44,257.101,5.645360269435968,-0.37206998614289005,21.15561294555664
380.925,9,-35.3616551,149.16601369999998,100.023,-44.91044381184187,3.48,19.44,257.201,5.655202455299487,-0.42455372854157375,21.165130615234375
381.02500000000003,9,-35.3616514,149.16603519999998,100.013,-45.046924651837074,4.63,19.48,257.30100000000004,5.655202455299487,-0.42455372854157375,21.165130615234375
381.124,9,-35.3616466,149.1660568,100.045,-44.939905832826724,5.36,19.45,257.40000000000003,5.655202455299487,-0.42455372854157375,21.165130615234375
381.224,9,-35.3616415,149.16607829999998,100.044,-44.97532719386241,6.1000000000000005,19.400000000000002,257.5,5.655202455299487,-0.42455372854157375,21.165130615234375
381.324,9,-35.3616357,149.16609979999998,100.016,-44.954314116880866,6.65,19.3,257.6,5.655202455299487,-0.42455372854157375,21.165130615234375
381.42400000000004,9,-35.3616293,149.1661212,99.97800000000001,-44.91870151054842,7.53,19.21,257.70000000000005,5.661051916944344,-0.48581177025312955,21.3105525970459
381.524,9,-35.3616221,149.1661425,99.95400000000001,-44.781681085608795,8.120000000000001,19.09,257.8,5.661051916944344,-0.48581177025312955,21.3105525970459
381.624,9,-35.3616144,149.1661636,99.917,-44.71887749619053,8.66,18.97,257.90000000000003,5.661051916944344,-0.48581177025312955,21.3105525970459
381.724,9,-35.3616065,149.1661844,99.833,-44.89644875423252,9.21,18.82,258.0,5.661051916944344,-0.48581177025312955,21.3105525970459
381.824,9,-35.3615978,149.16620509999998,99.748,-44.91622556697429,10.07,18.63,258.1,5.661051916944344,-0.48581177025312955,21.3105525970459
381.92400000000004,10,-35.361588399999995,149.1662254,99.685,-44.701132664726835,10.75,18.46,258.20000000000005,5.662940649753385,-0.5533337742760975,20.913105010986328
382.024,10,-35.3615786,149.1662455,99.61,-44.51761914210693,11.3,18.31,258.3,5.662940649753385,-0.5533337742760975,20.913105010986328
382.124,10,-35.3615682,149.1662654,99.515,-44.28968206912527,12.06,18.13,258.40000000000003,5.662940649753385,-0.5533337742760975,20.913105010986328
382.224,10,-35.3615571,149.1662852,99.423,-43.697064120883695,12.81,17.94,258.5,5.662940649753385,-0.5533337742760975,20.913105010986328
382.324,10,-35.3615454,149.1663048,99.35900000000001,-42.62495664762348,13.48,17.77,258.6,5.662940649753385,-0.5533337742760975,20.913105010986328
382.42400000000004,10,-35.361533099999995,149.1663242,99.295,-41.33590870594531,13.94,17.62,258.70000000000005,5.661728860281879,-0.6141540822469892,20.63294219970703
382.524,10,-35.361520399999996,149.1663434,99.212,-39.95441073875644,14.59,17.39,258.8,5.661728860281879,-0.6141540822469892,20.63294219970703
382.624,10,-35.361506999999996,149.1663623,99.155,-38.389006513070385,15.43,17.07,258.90000000000003,5.661728860281879,-0.6141540822469892,20.63294219970703
382.724,10,-35.361492999999996,149.1663809,99.13,-36.79456373812802,15.96,16.81,259.0,5.661728860281879,-0.6141540822469892,20.63294219970703
382.825,10,-35.3614785,149.1663992,99.105,-35.2363960978676,16.37,16.56,259.101,5.661728860281879,-0.6141540822469892,20.63294219970703
382.925,10,-35.3614633,149.1664175,99.06400000000001,-33.59951052742277,17.04,16.16,259.201,5.660847453654623,-0.6484924144375231,20.227256774902344
383.02500000000003,10,-35.3614476,149.1664352,99.081,-31.584649118498618,17.73,15.73,259.30100000000004,5.660847453654623,-0.6484924144375231,20.227256774902344
383.125,10,-35.3614314,149.16645259999999,99.111,-29.48822159050617,17.84,15.59,259.401,5.660847453654623,-0.6484924144375231,20.227256774902344
383.224,10,-35.361415,149.1664698,99.119,-27.331471539311462,18.16,15.34,259.5,5.660847453654623,-0.6484924144375231,20.227256774902344
383.324,10,-35.3613985,149.1664868,99.098,-25.176900318461986,18.23,15.21,259.6,5.660847453654623,-0.6484924144375231,20.227256774902344
383.42400000000004,10,-35.361382,149.1665037,99.029,-23.37741355708855,18.28,15.08,259.70000000000005,5.661402716349434,-0.669030048109555,20.635202407836914
383.524,10,-35.361365299999996,149.1665204,98.947,-22.03184067738665,18.55,14.86,259.8,5.661402716349434,-0.669030048109555,20.635202407836914
383.624,10,-35.3613485,149.16653689999998,98.854,-21.26122970692184,18.61,14.72,259.90000000000003,5.661402716349434,-0.669030048109555,20.635202407836914
383.724,10,-35.361331799999995,149.1665531,98.743,-21.169664190908648,18.73,14.56,260.0,5.661402716349434,-0.669030048109555,20.635202407836914
383.824,10,-35.361315,149.1665691,98.61200000000001,-21.793308273455004,18.86,14.39,260.1,5.661402716349434,-0.669030048109555,20.635202407836914
383.92400000000004,10,-35.3612981,149.16658479999998,98.47500000000001,-22.924840100041628,19.12,14.16,260.20000000000005,5.659339227060027,-0.7073912717527018,20.61179542541504
384.024,10,-35.3612809,149.1666003,98.35600000000001,-24.3086842372104,19.27,13.98,260.3,5.659339227060027,-0.7073912717527018,20.61179542541504
384.124,10,-35.361263699999995,149.1666155,98.249,-25.851318319750924,19.61,13.65,260.40000000000003,5.659339227060027,-0.7073912717527018,20.61179542541504
384.224,10,-35.361246,149.16663029999998,98.187,-27.418032234210326,20.07,13.24,260.5,5.659339227060027,-0.7073912717527018,20.61179542541504
384.324,10,-35.3612281,149.1666448,98.143,-28.914994549318266,20.32,12.950000000000001,260.6,5.659339227060027,-0.7073912717527018,20.61179542541504
384.42400000000004,10,-35.3612098,149.1666587,98.148,-30.060458254264425,20.68,12.59,260.70000000000005,5.6529224011315655,-0.747719710863613,20.40681266784668
384.524,10,-35.3611913,149.16667239999998,98.135,-30.997618264998117,21.02,12.23,260.8,5.6529224011315655,-0.747719710863613,20.40681266784668
384.624,10,-35.361172499999995,149.1666857,98.128,-31.6528929535908,21.240000000000002,11.950000000000001,260.90000000000003,5.6529224011315655,-0.747719710863613,20.40681266784668
384.724,10,-35.3611533,149.16669869999998,98.117,-31.988777751309932,21.59,11.55,261.0,5.6529224011315655,-0.747719710863613,20.40681266784668
384.824,10,-35.3611339,149.1667111,98.113,-32.13080812000576,21.87,11.200000000000001,261.1,5.6529224011315655,-0.747719710863613,20.40681266784668
384.925,10,-35.3611143,149.1667233,98.089,-32.226762032560686,22.23,10.73,261.201,5.644031164160571,-0.7762390505907929,20.42943572998047
385.02500000000003,10,-35.361094,149.1667349,98.10600000000001,-32.183178595466835,22.62,10.25,261.30100000000004,5.644031164160571,-0.7762390505907929,20.42943572998047
385.125,10,-35.361073399999995,149.166746,98.119,-32.20225531381868,22.94,9.88,261.401,5.644031164160571,-0.7762390505907929,20.42943572998047
385.225,10,-35.3610525,149.16675669999998,98.146,-32.13127598796391,23.29,9.52,261.50100000000003,5.644031164160571,-0.7762390505907929,20.42943572998047
385.324,10,-35.3610312,149.16676719999998,98.158,-32.019694602588,23.55,9.26,261.6,5.644031164160571,-0.7762390505907929,20.42943572998047
385.42400000000004,10,-35.3610097,149.1667773,98.153,-31.96085593798292,23.89,8.9,261.70000000000005,5.642288916022577,-0.7913478075494236,19.463537216186523
385.524,10,-35.3609878,149.166787,98.138,-31.966883579925458,24.25,8.52,261.8,5.642288916022577,-0.7913478075494236,19.463537216186523
385.624,10,-35.3609657,149.1667963,98.148,-31.964964296768684,24.62,8.120000000000001,261.90000000000003,5.642288916022577,-0.7913478075494236,19.463537216186523
385.724,10,-35.3609431,149.1668052,98.16,-32.192525709346,24.93,7.8100000000000005,262.0,5.642288916022577,-0.7913478075494236,19.463537216186523
385.824,10,-35.3609203,149.1668135,98.186,-32.63225328811142,25.330000000000002,7.33,262.1,5.642288916022577,-0.7913478075494236,19.463537216186523
385.92400000000004,10,-35.3608974,149.1668214,98.229,-33.194791083248255,25.67,6.9,262.20000000000005,5.66009787286788,-0.7917430215952415,19.15178108215332
386.024,10,-35.3608742,149.1668288,98.286,-33.80519825918312,25.97,6.48,262.3,5.66009787286788,-0.7917430215952415,19.15178108215332
386.124,10,-35.360850899999996,149.1668358,98.327,-34.53150691514394,26.18,6.22,262.40000000000003,5.66009787286788,-0.7917430215952415,19.15178108215332
386.224,10,-35.360827199999996,149.16684229999998,98.36500000000001,-35.30104725345635,26.57,5.51,262.5,5.66009787286788,-0.7917430215952415,19.15178108215332
386.324,10,-35.3608034,149.16684809999998,98.415,-35.97883766064798,26.740000000000002,5.24,262.6,5.66009787286788,-0.7917430215952415,19.15178108215332
386.42400000000004,10,-35.3607794,149.1668535,98.456,-36.59037864798508,27.03,4.61,262.70000000000005,5.682911984969698,-0.7925334247192203,19.779050827026367
386.524,10,-35.3607551,149.1668582,98.506,-37.06177439883726,27.23,4.16,262.8,5.682911984969698,-0.7925334247192203,19.779050827026367
386.624,10,-35.3607307,149.16686249999998,98.538,-37.4799732213388,27.42,3.69,262.90000000000003,5.682911984969698,-0.7925334247192203,19.779050827026367
386.724,10,-35.3607061,149.1668664,98.553,-37.83972611511254,27.560000000000002,3.37,263.0,5.682911984969698,-0.7925334247192203,19.779050827026367
386.824,10,-35.3606814,149.1668699,98.541,-38.28621899625086,27.7,2.97,263.1,5.682911984969698,-0.7925334247192203,19.779050827026367
386.92400000000004,10,-35.3606566,149.1668731,98.511,-38.612910359347154,27.79,2.69,263.20000000000005,5.704562401654951,-0.7966787526795788,20.368728637695312
387.02500000000003,10,-35.3606317,149.16687579999999,98.477,-38.61391781224973,27.87,2.41,263.30100000000004,5.704562401654951,-0.7966787526795788,20.368728637695312
387.125,10,-35.3606063,149.16687829999998,98.401,-38.35900832223569,28.01,1.71,263.401,5.704562401654951,-0.7966787526795788,20.368728637695312
387.225,10,-35.360580999999996,149.1668798,98.394,-37.09732553346718,28.12,0.98,263.50100000000003,5.704562401654951,-0.7966787526795788,20.368728637695312
387.325,10,-35.3605555,149.16688059999998,98.392,-35.00420040193843,28.150000000000002,0.38,263.601,5.704562401654951,-0.7966787526795788,20.368728637695312
387.42400000000004,10,-35.36053,149.16688059999998,98.436,-32.015159356979105,28.13,-0.37,263.70000000000005,5.724005422765593,-0.8010104495112398,21.109512329101562
387.524,11,-35.3605045,149.1668799,98.518,-28.346512782056227,28.03,-0.89,263.8,5.724005422765593,-0.8010104495112398,21.109512329101562
387.624,11,-35.3604792,149.1668788,98.593,-24.3175908038881,27.900000000000002,-1.19,263.90000000000003,5.724005422765593,-0.8010104495112398,21.109512329101562
387.724,11,-35.360454,149.1668771,98.727,-19.78569540278752,27.68,-1.72,264.0,5.724005422765593,-0.8010104495112398,21.109512329101562
387.824,11,-35.3604291,149.1668753,98.872,-15.061480657679605,27.54,-1.6500000000000001,264.1,5.724005422765593,-0.8010104495112398,21.109512329101562
387.92400000000004,11,-35.3604044,149.1668736,98.943,-10.481870408810966,27.36,-1.6300000000000001,264.20000000000005,5.733612352515417,-0.8064373063295033,20.997596740722656
388.024,11,-35.36038,149.1668719,98.999,-6.180955783740944,27.2,-1.58,264.3,5.733612352515417,-0.8064373063295033,20.997596740722656
388.124,11,-35.3603557,149.1668703,99.031,-2.3983872029909508,27.060000000000002,-1.49,264.40000000000003,5.733612352515417,-0.8064373063295033,20.997596740722656
388.224,11,-35.360331599999995,149.16686869999998,99.015,0.5857083581224571,26.95,-1.4000000000000001,264.5,5.733612352515417,-0.8064373063295033,20.997596740722656
388.324,11,-35.3603077,149.1668673,99.016,2.6538386258269546,26.85,-1.33,264.6,5.733612352515417,-0.8064373063295033,20.997596740722656
388.42400000000004,11,-35.3602838,149.166866,98.992,3.882060531294984,26.76,-1.27,264.70000000000005,5.7378065298516585,-0.8129308993733637,20.186866760253906
388.524,11,-35.36026,149.1668647,98.933,4.42268323759301,26.7,-1.19,264.8,5.7378065298516585,-0.8129308993733637,20.186866760253906
388.624,11,-35.360236199999996,149.1668635,98.873,4.436696651335761,26.62,-1.12,264.90000000000003,5.7378065298516585,-0.8129308993733637,20.186866760253906
388.724,11,-35.360212499999996,149.16686239999999,98.834,4.233587742873914,26.55,-1.01,265.0,5.7378065298516585,-0.8129308993733637,20.186866760253906
388.824,11,-35.3601889,149.1668614,98.869,3.9438220899780014,26.490000000000002,-0.9500000000000001,265.1,5.7378065298516585,-0.8129308993733637,20.186866760253906
388.92400000000004,11,-35.3601652,149.16686049999998,98.894,3.617990476943482,26.47,-0.9,265.20000000000005,5.744882237236502,-0.8154004615215208,19.689794540405273
389.024,11,-35.3601416,149.16685959999998,98.97800000000001,3.301531590997512,26.47,-0.88,265.3,5.744882237236502,-0.8154004615215208,19.689794540405273
389.125,11,-35.3601179,149.1668587,98.998,3.0724425639236417,26.5,-0.87,265.401,5.744882237236502,-0.8154004615215208,19.689794540405273
389.225,11,-35.360094,149.16685769999998,99.013,2.951663048169837,26.51,-0.87,265.50100000000003,5.744882237236502,-0.8154004615215208,19.689794540405273
389.325,11,-35.3600701,149.1668569,99.026,2.8172133356790745,26.55,-0.8300000000000001,265.601,5.744882237236502,-0.8154004615215208,19.689794540405273
389.425,11,-35.3600461,149.166856,99.022,2.7812835524370456,26.61,-0.79,265.701,5.758611728186628,-0.8171848857211043,18.751781463623047
389.524,11,-35.3600219,149.1668552,99.034,2.854190485741643,26.69,-0.73,265.8,5.758611728186628,-0.8171848857211043,18.751781463623047
389.624,11,-35.3599977,149.1668544,99.021,2.9856573265558133,26.76,-0.7000000000000001,265.90000000000003,5.758611728186628,-0.8171848857211043,18.751781463623047
389.724,11,-35.3599734,149.1668537,98.977,3.1420302387350243,26.85,-0.67,266.0,5.758611728186628,-0.8171848857211043,18.751781463623047
389.824,11,-35.3599491,149.166853,98.94,3.2428839582457862,26.93,-0.62,266.1,5.758611728186628,-0.8171848857211043,18.751781463623047
389.92400000000004,11,-35.3599246,149.16685239999998,98.925,3.2672032736724397,27.02,-0.55,266.20000000000005,5.7894924836801716,-0.8219319803034237,18.69864273071289
390.024,11,-35.3599001,149.1668518,98.929,3.276402471267389,27.11,-0.49,266.3,5.7894924836801716,-0.8219319803034237,18.69864273071289
390.124,11,-35.359875699999996,149.16685139999998,98.95,3.339370625555971,27.22,-0.31,266.40000000000003,5.7894924836801716,-0.8219319803034237,18.69864273071289
390.224,11,-35.3598512,149.1668511,98.983,3.4086803970454986,27.310000000000002,-0.2,266.5,5.7894924836801716,-0.8219319803034237,18.69864273071289
390.324,11,-35.3598268,149.1668509,98.933,3.267808812631044,27.39,-0.12,266.6,5.7894924836801716,-0.8219319803034237,18.69864273071289
390.42400000000004,11,-35.3598023,149.1668508,98.898,2.789062284128044,27.47,-0.02,266.70000000000005,5.820952551358562,-0.8260077371728045,18.910966873168945
390.524,11,-35.359777699999995,149.1668508,98.89,2.0820809290842486,27.53,0.02,266.8,5.820952551358562,-0.8260077371728045,18.910966873168945
390.624,11,-35.3597531,149.1668509,98.874,1.294327357741469,27.6,0.04,266.90000000000003,5.820952551358562,-0.8260077371728045,18.910966873168945
390.724,11,-35.359728499999996,149.1668509,98.89,0.4519628488072938,27.66,0.02,267.0,5.820952551358562,-0.8260077371728045,18.910966873168945
390.824,11,-35.3597038,149.1668508,98.886,-0.3987077304465722,27.72,-0.02,267.1,5.820952551358562,-0.8260077371728045,18.910966873168945
390.92400000000004,11,-35.359679,149.1668508,98.875,-1.207492174615335,27.78,-0.14,267.20000000000005,5.853330181144903,-0.8242279537871026,19.248363494873047
391.024,11,-35.3596542,149.1668506,98.897,-1.8069532253533187,27.86,-0.27,267.3,5.853330181144903,-0.8242279537871026,19.248363494873047
391.124,11,-35.3596293,149.1668502,98.876,-2.150982596770868,27.93,-0.39,267.40000000000003,5.853330181144903,-0.8242279537871026,19.248363494873047
391.225,11,-35.3596041,149.1668497,98.876,-2.0840954080025793,28.01,-0.49,267.50100000000003,5.853330181144903,-0.8242279537871026,19.248363494873047
391.325,11,-35.3595788,149.1668491,98.902,-1.5229690074247035,28.1,-0.53,267.601,5.853330181144903,-0.8242279537871026,19.248363494873047
391.425,11,-35.359553399999996,149.1668484,98.928,-0.5817084819506213,28.19,-0.54,267.701,5.889247752010062,-0.823972752717125,19.108726501464844
391.524,11,-35.359527799999995,149.1668478,98.956,0.5328019262549499,28.27,-0.52,267.8,5.889247752010062,-0.823972752717125,19.108726501464844
391.624,11,-35.3595022,149.1668472,98.968,1.5975809267008652,28.34,-0.48,267.90000000000003,5.889247752010062,-0.823972752717125,19.108726501464844
391.724,11,-35.3594765,149.16684669999998,99.015,2.481846992006629,28.400000000000002,-0.43,268.0,5.889247752010062,-0.823972752717125,19.108726501464844
391.824,11,-35.3594508,149.16684619999998,99.056,3.0908272987352006,28.46,-0.36,268.1,5.889247752010062,-0.823972752717125,19.108726501464844
391.92400000000004,11,-35.359425,149.1668459,99.108,3.6421091555632663,28.5,-0.2,268.20000000000005,5.934402583843288,-0.8299568775316133,19.585111618041992
392.024,11,-35.3593992,149.16684569999998,99.163,4.027403114851447,28.55,-0.03,268.3,5.934402583843288,-0.8299568775316133,19.585111618041992
392.124,11,-35.3593736,149.1668458,99.20700000000001,4.086209336057965,28.59,0.09,268.40000000000003,5.934402583843288,-0.8299568775316133,19.585111618041992
392.224,11,-35.359348,149.1668459,99.255,3.738326884174882,28.62,0.16,268.5,5.934402583843288,-0.8299568775316133,19.585111618041992
392.324,11,-35.359322399999996,149.1668461,99.285,3.0179769279346678,28.650000000000002,0.19,268.6,5.934402583843288,-0.8299568775316133,19.585111618041992
392.42400000000004,11,-35.359296799999996,149.1668463,99.331,2.0395457125845824,28.66,0.23,268.70000000000005,5.9687564514154845,-0.8324294281876785,19.852581024169922
392.524,11,-35.359271299999996,149.1668465,99.355,0.966214995132694,28.67,0.21,268.8,5.9687564514154845,-0.8324294281876785,19.852581024169922
392.624,11,-35.3592458,149.16684669999998,99.377,-0.0029763289273282757,28.67,0.2,268.90000000000003,5.9687564514154845,-0.8324294281876785,19.852581024169922
392.724,11,-35.3592203,149.1668469,99.436,-0.8091897998877472,28.650000000000002,0.18,269.0,5.9687564514154845,-0.8324294281876785,19.852581024169922
392.824,11,-35.3591948,149.166847,99.492,-1.3557069594394944,28.64,0.2,269.1,5.9687564514154845,-0.8324294281876785,19.852581024169922
392.92400000000004,11,-35.3591693,149.1668473,99.536,-1.490193064031928,28.61,0.29,269.20000000000005,6.003353358608569,-0.829569263749378,19.878719329833984
393.024,11,-35.3591438,149.16684759999998,99.601,-1.4187640129089925,28.580000000000002,0.38,269.3,6.003353358608569,-0.829569263749378,19.878719329833984
393.124,11,-35.3591183,149.16684809999998,99.667,-1.392773649013213,28.55,0.46,269.40000000000003,6.003353358608569,-0.829569263749378,19.878719329833984
393.224,11,-35.3590929,149.16684859999998,99.69,-1.514322628265702,28.54,0.51,269.5,6.003353358608569,-0.829569263749378,19.878719329833984
393.325,11,-35.3590672,149.1668492,99.69800000000001,-1.8495347590732938,28.53,0.53,269.601,6.003353358608569,-0.829569263749378,19.878719329833984
393.425,11,-35.3590417,149.1668498,99.7,-2.4289484575453493,28.54,0.52,269.701,6.0381069664926725,-0.8238025856582323,19.629438400268555
393.52500000000003,11,-35.359016,149.1668503,99.671,-3.1214314554153235,28.580000000000002,0.48,269.80100000000004,6.0381069664926725,-0.8238025856582323,19.629438400268555
393.624,11,-35.3589902,149.1668508,99.658,-3.842445007222087,28.62,0.43,269.90000000000003,6.0381069664926725,-0.8238025856582323,19.629438400268555
393.724,11,-35.3589643,149.1668513,99.605,-4.52657809883172,28.66,0.39,270.0,6.0381069664926725,-0.8238025856582323,19.629438400268555
393.824,11,-35.3589384,149.1668517,99.47200000000001,-5.052060837060767,28.69,0.28,270.1,6.0381069664926725,-0.8238025856582323,19.629438400268555
393.92400000000004,11,-35.3589124,149.1668518,99.385,-5.465318017697804,28.7,0.04,270.20000000000005,6.081226434702211,-0.8146240319085145,19.734493255615234
394.024,11,-35.358886399999996,149.1668517,99.351,-5.664583237204225,28.67,-0.19,270.3,6.081226434702211,-0.8146240319085145,19.734493255615234
394.124,11,-35.3588607,149.16685139999998,99.371,-5.48516782808633,28.64,-0.36,270.40000000000003,6.081226434702211,-0.8146240319085145,19.734493255615234
394.224,11,-35.358835,149.16685099999998,99.384,-4.831724057078033,28.62,-0.43,270.5,6.081226434702211,-0.8146240319085145,19.734493255615234
394.324,11,-35.3588095,149.16685049999998,99.395,-3.7565519633145916,28.57,-0.54,270.6,6.081226434702211,-0.8146240319085145,19.734493255615234
394.42400000000004,11,-35.3587839,149.1668499,99.443,-2.3742864536177373,28.53,-0.56,270.70000000000005,6.110255259173627,-0.8051471924276823,20.631816864013672
394.524,11,-35.3587585,149.1668493,99.494,-0.8403977346183288,28.5,-0.5,270.8,6.110255259173627,-0.8051471924276823,20.631816864013672
394.624,11,-35.358733099999995,149.1668488,99.535,0.6385430196428263,28.45,-0.47000000000000003,270.90000000000003,6.110255259173627,-0.8051471924276823,20.631816864013672
394.724,11,-35.3587078,149.1668483,99.531,1.7704906873560287,28.38,-0.45,271.0,6.110255259173627,-0.8051471924276823,20.631816864013672
394.824,11,-35.3586825,149.1668479,99.55,2.568286664491137,28.330000000000002,-0.34,271.1,6.110255259173627,-0.8051471924276823,20.631816864013672
394.92400000000004,11,-35.358657199999996,149.16684759999998,99.557,3.1923230560279436,28.27,-0.17,271.20000000000005,6.127769359383066,-0.8000846160316475,20.414710998535156
395.024,11,-35.358632,149.16684759999998,99.57000000000001,3.6089050446868955,28.22,0.03,271.3,6.127769359383066,-0.8000846160316475,20.414710998535156
395.124,11,-35.3586068,149.1668477,99.628,3.6319202208688997,28.18,0.15,271.40000000000003,6.127769359383066,-0.8000846160316475,20.414710998535156
395.224,11,-35.358581699999995,149.166848,99.662,3.2714973282262623,28.16,0.27,271.5,6.127769359383066,-0.8000846160316475,20.414710998535156
395.325,11,-35.3585565,149.1668483,99.738,2.507495633000496,28.150000000000002,0.34,271.601,6.127769359383066,-0.8000846160316475,20.414710998535156
395.425,11,-35.3585311,149.1668487,99.815,1.38157117827904,28.13,0.33,271.701,6.148009808047046,-0.7927830099029645,19.965591430664062
395.52500000000003,11,-35.358505799999996,149.16684899999998,99.81700000000001,-0.0023890577232061417,28.12,0.31,271.80100000000004,6.148009808047046,-0.7927830099029645,19.965591430664062
395.625,11,-35.3584804,149.1668493,99.833,-1.2784754491732213,28.13,0.27,271.901,6.148009808047046,-0.7927830099029645,19.965591430664062
395.724,11,-35.3584549,149.16684949999998,99.901,-2.2708342740146086,28.13,0.25,272.0,6.148009808047046,-0.7927830099029645,19.965591430664062
395.824,11,-35.3584295,149.1668498,99.901,-2.9848695069237348,28.11,0.19,272.1,6.148009808047046,-0.7927830099029645,19.965591430664062
395.92400000000004,11,-35.358404,149.1668499,99.897,-3.511640162698152,28.09,0.04,272.20000000000005,6.175803719646325,-0.779964544820139,19.736202239990234
396.024,11,-35.3583786,149.1668498,99.915,-3.7740765211775518,28.060000000000002,-0.1,272.3,6.175803719646325,-0.779964544820139,19.736202239990234
396.124,11,-35.358353199999996,149.1668496,99.959,-3.68966434765948,28.05,-0.17,272.40000000000003,6.175803719646325,-0.779964544820139,19.736202239990234
396.224,11,-35.3583278,149.1668494,99.973,-3.285610206598801,28.05,-0.21,272.5,6.175803719646325,-0.779964544820139,19.736202239990234
396.324,11,-35.358302699999996,149.1668492,99.958,-2.5551818793514096,28.04,-0.23,272.6,6.175803719646325,-0.779964544820139,19.736202239990234
396.42400000000004,11,-35.3582775,149.1668489,99.924,-1.69349054974789,28.03,-0.25,272.70000000000005,6.200262771871038,-0.7677454039743226,20.086448669433594
396.524,11,-35.3582525,149.16684859999998,99.91,-0.8645113973179415,28.01,-0.26,272.8,6.200262771871038,-0.7677454039743226,20.086448669433594
396.624,11,-35.3582275,149.1668483,99.89,-0.14472290397184323,28.0,-0.26,272.90000000000003,6.200262771871038,-0.7677454039743226,20.086448669433594
396.724,11,-35.3582026,149.166848,99.83200000000001,0.5053271167926034,28.01,-0.21,273.0,6.200262771871038,-0.7677454039743226,20.086448669433594
396.824,11,-35.3581776,149.1668477,99.819,0.9161460799785041,28.0,-0.23,273.1,6.200262771871038,-0.7677454039743226,20.086448669433594
396.92400000000004,11,-35.3581526,149.1668475,99.763,1.0923108526600018,27.98,-0.28,273.20000000000005,6.214891796843776,-0.758333537760344,20.469314575195312
397.024,11,-35.3581277,149.16684709999998,99.70400000000001,1.0940964135194313,27.96,-0.33,273.3,6.214891796843776,-0.758333537760344,20.469314575195312
397.124,11,-35.3581028,149.16684669999998,99.69800000000001,1.1125244773435372,27.92,-0.37,273.40000000000003,6.214891796843776,-0.758333537760344,20.469314575195312
397.224,11,-35.3580779,149.1668463,99.665,1.2219485901587843,27.87,-0.39,273.5,6.214891796843776,-0.758333537760344,20.469314575195312
397.324,11,-35.358053,149.1668458,99.656,1.413135403424373,27.810000000000002,-0.38,273.6,6.214891796843776,-0.758333537760344,20.469314575195312
397.425,11,-35.3580282,149.1668454,99.68900000000001,1.7799000199896617,27.78,-0.35000000000000003,273.701,6.226474881725319,-0.7499660397343152,20.285608291625977
397.52500000000003,11,-35.358003,149.1668451,99.712,2.2398282033905126,27.76,-0.32,273.80100000000004,6.226474881725319,-0.7499660397343152,20.285608291625977
397.625,11,-35.357977999999996,149.16684469999998,99.705,2.6473055498858376,27.73,-0.27,273.901,6.226474881725319,-0.7499660397343152,20.285608291625977
397.725,11,-35.3579529,149.1668445,99.687,2.9469260985370216,27.71,-0.23,274.00100000000003,6.226474881725319,-0.7499660397343152,20.285608291625977
397.824,11,-35.3579278,149.16684419999999,99.685,3.1469255633792192,27.7,-0.17,274.1,6.226474881725319,-0.7499660397343152,20.285608291625977
397.92400000000004,11,-35.3579027,149.1668441,99.69,3.267266452922262,27.73,-0.09,274.20000000000005,6.242054347807449,-0.7450991965942247,20.014848709106445
398.024,11,-35.3578776,149.166844,99.696,3.2292645610407806,27.75,-0.04,274.3,6.242054347807449,-0.7450991965942247,20.014848709106445
398.124,11,-35.3578524,149.166844,99.657,3.012912556108515,27.77,-0.01,274.40000000000003,6.242054347807449,-0.7450991965942247,20.014848709106445
398.224,11,-35.3578273,149.1668441,99.636,2.6993966279211743,27.830000000000002,0.04,274.5,6.242054347807449,-0.7450991965942247,20.014848709106445
398.324,11,-35.357802299999996,149.16684419999999,99.563,2.3211578271587934,27.82,0.07,274.6,6.242054347807449,-0.7450991965942247,20.014848709106445
398.42400000000004,11,-35.357777399999996,149.16684429999998,99.572,1.8678674136924311,27.8,0.13,274.70000000000005,6.254802276243016,-0.7389213060398093,19.885597229003906
398.524,11,-35.3577525,149.1668445,99.618,1.3799096280417287,27.77,0.13,274.8,6.254802276243016,-0.7389213060398093,19.885597229003906
398.624,11,-35.3577277,149.16684469999998,99.658,0.9165459662100671,27.76,0.15,274.90000000000003,6.254802276243016,-0.7389213060398093,19.885597229003906
398.724,11,-35.357703,149.1668448,99.682,0.5310211145114279,27.740000000000002,0.15,275.0,6.254802276243016,-0.7389213060398093,19.885597229003906
398.824,11,-35.357678299999996,149.1668449,99.729,0.14247397080612398,27.73,0.12,275.1,6.254802276243016,-0.7389213060398093,19.885597229003906
398.92400000000004,11,-35.3576536,149.1668451,99.816,-0.18240656506689773,27.73,0.06,275.20000000000005,6.269119382230634,-0.7311647416243882,19.880922317504883
399.024,11,-35.3576289,149.1668451,99.85300000000001,-0.45636581286186617,27.73,0.01,275.3,6.269119382230634,-0.7311647416243882,19.880922317504883
399.124,11,-35.357604099999996,149.16684519999998,99.885,-0.5995395445525858,27.740000000000002,-0.01,275.40000000000003,6.269119382230634,-0.7311647416243882,19.880922317504883
399.224,11,-35.3575794,149.1668451,99.912,-0.6218243173802219,27.75,-0.04,275.5,6.269119382230634,-0.7311647416243882,19.880922317504883
399.324,11,-35.3575546,149.1668451,99.938,-0.48703309543095896,27.76,-0.05,275.6,6.269119382230634,-0.7311647416243882,19.880922317504883
399.42400000000004,11,-35.3575298,149.1668451,99.929,-0.2401743173750954,27.77,-0.06,275.70000000000005,6.284255146763689,-0.7245343064232945,19.790206909179688
399.52500000000003,11,-35.357504999999996,149.166845,99.906,0.03803042993261819,27.77,-0.06,275.80100000000004,6.284255146763689,-0.7245343064232945,19.790206909179688
399.625,11,-35.3574799,149.166845,99.94,0.3402590536348492,27.78,-0.05,275.901,6.284255146763689,-0.7245343064232945,19.790206909179688
399.725,11,-35.3574548,149.166845,99.967,0.6353451570899381,27.82,-0.03,276.00100000000003,6.284255146763689,-0.7245343064232945,19.790206909179688
399.825,11,-35.3574297,149.166845,99.971,0.8438764887008339,27.85,-0.03,276.101,6.284255146763689,-0.7245343064232945,19.790206909179688
399.92400000000004,11,-35.3574044,149.166845,99.968,0.9082888011120507,27.88,-0.03,276.20000000000005,6.306758103356632,-0.7210807965858639,19.6370792388916
400.024,11,-35.3573792,149.166845,99.967,0.887041523347169,27.900000000000002,-0.04,276.3,6.306758103356632,-0.7210807965858639,19.6370792388916
400.124,11,-35.3573539,149.166845,99.967,0.890433886208844,27.92,-0.04,276.40000000000003,6.306758103356632,-0.7210807965858639,19.6370792388916
400.224,11,-35.357328599999995,149.166845,99.965,0.9130300196130973,27.95,-0.04,276.5,6.306758103356632,-0.7210807965858639,19.6370792388916
400.324,11,-35.3573032,149.166845,99.96000000000001,0.9039367966719889,27.97,-0.04,276.6,6.306758103356632,-0.7210807965858639,19.6370792388916
400.42400000000004,11,-35.3572779,149.166845,99.917,0.8634162725340652,27.98,-0.04,276.70000000000005,6.327555026818789,-0.7180764495397609,20.223257064819336
400.524,11,-35.3572528,149.166845,99.866,0.8194869503917761,27.96,-0.04,276.8,6.327555026818789,-0.7180764495397609,20.223257064819336
400.624,11,-35.357227699999996,149.166845,99.882,0.8230892348487231,27.95,-0.02,276.90000000000003,6.327555026818789,-0.7180764495397609,20.223257064819336
400.724,11,-35.357202799999996,149.166845,99.868,0.8183116776068579,27.94,0.0,277.0,6.327555026818789,-0.7180764495397609,20.223257064819336
400.824,11,-35.357177799999995,149.166845,99.846,0.8225816664160266,27.91,0.0,277.1,6.327555026818789,-0.7180764495397609,20.223257064819336
400.92400000000004,11,-35.357152899999996,149.1668451,99.816,0.7448975493955345,27.89,-0.03,277.20000000000005,6.339053437690403,-0.714686246595165,20.054611206054688
401.024,11,-35.3571281,149.1668451,99.805,0.6134614444326288,27.87,-0.08,277.3,6.339053437690403,-0.714686246595165,20.054611206054688
401.124,11,-35.3571032,149.166845,99.784,0.499581807122712,27.85,-0.13,277.40000000000003,6.339053437690403,-0.714686246595165,20.054611206054688
401.224,11,-35.3570784,149.1668449,99.785,0.4902753008525994,27.830000000000002,-0.15,277.5,6.339053437690403,-0.714686246595165,20.054611206054688
401.324,11,-35.3570536,149.16684469999998,99.811,0.5674608674245334,27.830000000000002,-0.16,277.6,6.339053437690403,-0.714686246595165,20.054611206054688
401.42400000000004,11,-35.3570287,149.1668446,99.83,0.7808136722592235,27.830000000000002,-0.16,277.70000000000005,6.352953840203995,-0.7121861032469623,19.595130920410156
401.524,11,-35.357003899999995,149.1668445,99.82600000000001,1.0662277476018982,27.830000000000002,-0.16,277.8,6.352953840203995,-0.7121861032469623,19.595130920410156
401.625,11,-35.356978999999995,149.1668444,99.83800000000001,1.349432790356603,27.85,-0.13,277.901,6.352953840203995,-0.7121861032469623,19.595130920410156
401.725,11,-35.3569537,149.16684429999998,99.889,1.6119449212471078,27.88,-0.09,278.00100000000003,6.352953840203995,-0.7121861032469623,19.595130920410156
401.825,11,-35.356928599999996,149.16684419999999,99.915,1.8322838356639572,27.900000000000002,-0.09,278.101,6.352953840203995,-0.7121861032469623,19.595130920410156
401.92400000000004,11,-35.3569033,149.16684419999999,99.955,1.9795040809119393,27.900000000000002,-0.06,278.20000000000005,6.3690853059595245,-0.7127991317732496,20.031709671020508
402.024,11,-35.356878099999996,149.16684419999999,99.964,2.026719897983768,27.88,-0.05,278.3,6.3690853059595245,-0.7127991317732496,20.031709671020508
402.124,11,-35.3568528,149.16684419999999,99.974,1.9270264568582618,27.830000000000002,-0.03,278.40000000000003,6.3690853059595245,-0.7127991317732496,20.031709671020508
402.224,11,-35.3568277,149.16684419999999,100.002,1.831453327349566,27.76,0.0,278.5,6.3690853059595245,-0.7127991317732496,20.031709671020508
402.324,11,-35.3568026,149.16684429999998,100.028,1.7276786347515656,27.72,0.01,278.6,6.3690853059595245,-0.7127991317732496,20.031709671020508
402.42400000000004,11,-35.3567776,149.1668444,100.055,1.551043539512689,27.64,0.04,278.70000000000005,6.380110031456314,-0.7136389983461805,20.414398193359375
402.524,11,-35.356752799999995,149.1668444,100.135,1.3272638105797399,27.59,0.03,278.8,6.380110031456314,-0.7136389983461805,20.414398193359375
402.624,11,-35.3567281,149.1668445,100.179,1.110400501955075,27.53,0.04,278.90000000000003,6.380110031456314,-0.7136389983461805,20.414398193359375
402.724,11,-35.356703599999996,149.1668445,100.118,0.9077699201785412,27.47,0.02,279.0,6.380110031456314,-0.7136389983461805,20.414398193359375
402.824,11,-35.3566791,149.1668446,100.06400000000001,0.7218809858313552,27.400000000000002,0.04,279.1,6.380110031456314,-0.7136389983461805,20.414398193359375
402.92400000000004,11,-35.3566547,149.16684469999998,100.077,0.577005683263656,27.37,0.05,279.20000000000005,6.38243800741346,-0.7136481244407743,20.450592041015625
403.024,11,-35.3566303,149.1668448,100.048,0.4773680575902736,27.310000000000002,0.05,279.3,6.38243800741346,-0.7136481244407743,20.450592041015625
403.124,11,-35.356606,149.1668449,100.025,0.4016073325122277,27.28,0.04,279.40000000000003,6.38243800741346,-0.7136481244407743,20.450592041015625
403.224,11,-35.3565817,149.1668451,99.996,0.4391634211482337,27.2,0.07,279.5,6.38243800741346,-0.7136481244407743,20.450592041015625
403.324,11,-35.3565575,149.16684519999998,99.999,0.4675493404932629,27.14,0.07,279.6,6.38243800741346,-0.7136481244407743,20.450592041015625
403.42400000000004,11,-35.356533299999995,149.1668453,100.014,0.429269038361824,27.080000000000002,0.08,279.70000000000005,6.37659359137422,-0.713766665299336,20.330305099487305
403.524,11,-35.3565092,149.1668455,100.059,0.29744334581196313,27.02,0.08,279.8,6.37659359137422,-0.713766665299336,20.330305099487305
403.624,11,-35.3564851,149.1668456,100.058,0.16901740660190256,26.95,0.08,279.90000000000003,6.37659359137422,-0.713766665299336,20.330305099487305
403.725,11,-35.3564609,149.1668458,100.07000000000001,0.053840970499662216,26.88,0.09,280.00100000000003,6.37659359137422,-0.713766665299336,20.330305099487305
403.825,11,-35.3564369,149.1668459,100.108,-0.04918371863569242,26.830000000000002,0.06,280.101,6.37659359137422,-0.713766665299336,20.330305099487305
403.925,11,-35.3564127,149.166846,100.125,-0.1894133786599788,26.810000000000002,0.06,280.201,6.3740110881641145,-0.7142390172234097,19.959476470947266
404.024,11,-35.3563885,149.1668461,100.107,-0.29277251027587936,26.8,0.06,280.3,6.3740110881641145,-0.7142390172234097,19.959476470947266
404.124,11,-35.3563642,149.1668463,100.035,-0.3543622736930148,26.8,0.06,280.40000000000003,6.3740110881641145,-0.7142390172234097,19.959476470947266
404.224,11,-35.356339999999996,149.1668464,99.952,-0.430950812362381,26.810000000000002,0.04,280.5,6.3740110881641145,-0.7142390172234097,19.959476470947266
404.324,11,-35.356315699999996,149.1668465,99.886,-0.442543884539714,26.84,0.03,280.6,6.3740110881641145,-0.7142390172234097,19.959476470947266
404.42400000000004,11,-35.356291399999996,149.1668465,99.84700000000001,-0.38838691440428624,26.92,0.03,280.70000000000005,6.379525696936103,-0.7150909182109658,19.282283782958984
404.524,11,-35.3562671,149.16684659999999,99.804,-0.31636745212454126,26.990000000000002,0.04,280.8,6.379525696936103,-0.7150909182109658,19.282283782958984
404.624,11,-35.3562428,149.16684669999998,99.729,-0.2391354349301659,27.07,0.04,280.90000000000003,6.379525696936103,-0.7150909182109658,19.282283782958984
404.724,11,-35.3562185,149.1668468,99.676,-0.18766111497275317,27.16,0.05,281.0,6.379525696936103,-0.7150909182109658,19.282283782958984
404.824,11,-35.3561942,149.1668469,99.632,-0.16614818020175506,27.23,0.06,281.1,6.379525696936103,-0.7150909182109658,19.282283782958984
404.92400000000004,11,-35.356169799999996,149.166847,99.633,-0.09780601439790829,27.28,0.09,281.20000000000005,6.389773528863308,-0.715919122344572,19.19689178466797
405.024,11,-35.356145399999996,149.1668472,99.613,-0.10515773920386176,27.32,0.11,281.3,6.389773528863308,-0.715919122344572,19.19689178466797
405.124,11,-35.356121,149.1668474,99.59100000000001,-0.18069007983153534,27.3,0.13,281.40000000000003,6.389773528863308,-0.715919122344572,19.19689178466797
405.224,11,-35.3560966,149.1668475,99.672,-0.3028427437529904,27.310000000000002,0.14,281.5,6.389773528863308,-0.715919122344572,19.19689178466797
405.324,11,-35.3560722,149.1668477,99.729,-0.49952631183570567,27.35,0.14,281.6,6.389773528863308,-0.715919122344572,19.19689178466797
405.42400000000004,11,-35.3560477,149.1668479,99.784,-0.771596972304526,27.37,0.12,281.70000000000005,6.398857490846874,-0.7166642726238811,20.22147560119629
405.524,11,-35.3560233,149.16684809999998,99.84100000000001,-0.955632257343994,27.38,0.12,281.8,6.398857490846874,-0.7166642726238811,20.22147560119629
405.624,11,-35.3559988,149.1668482,99.85300000000001,-1.1658297282255496,27.38,0.13,281.90000000000003,6.398857490846874,-0.7166642726238811,20.22147560119629
405.724,11,-35.3559743,149.1668484,99.861,-1.256163035423788,27.37,0.09,282.0,6.398857490846874,-0.7166642726238811,20.22147560119629
405.825,11,-35.355949599999995,149.1668485,99.889,-1.3644329529910089,27.34,0.08,282.101,6.398857490846874,-0.7166642726238811,20.22147560119629
405.925,11,-35.3559249,149.1668487,99.88,-1.4437652800355896,27.32,0.09,282.201,6.399872174634728,-0.7167468521611908,20.616994857788086
406.02500000000003,11,-35.3559002,149.1668488,99.882,-1.479902316830246,27.3,0.06,282.30100000000004,6.399872174634728,-0.7167468521611908,20.616994857788086
406.124,11,-35.355875499999996,149.1668488,99.936,-1.504529524378079,27.29,0.04,282.40000000000003,6.399872174634728,-0.7167468521611908,20.616994857788086
406.224,11,-35.3558508,149.1668489,99.971,-1.4844824922772686,27.29,0.04,282.5,6.399872174634728,-0.7167468521611908,20.616994857788086
406.324,11,-35.355826,149.16684899999998,99.965,-1.3974267153852842,27.29,0.03,282.6,6.399872174634728,-0.7167468521611908,20.616994857788086
406.42400000000004,11,-35.355801299999996,149.16684899999998,99.986,-1.2696894780230579,27.29,0.04,282.70000000000005,6.4023823303659135,-0.716976181114733,19.780406951904297
406.524,11,-35.3557765,149.1668491,100.033,-1.1698116217899615,27.310000000000002,0.03,282.8,6.4023823303659135,-0.716976181114733,19.780406951904297
406.624,11,-35.3557518,149.1668492,100.057,-1.127386008482133,27.330000000000002,0.02,282.90000000000003,6.4023823303659135,-0.716976181114733,19.780406951904297
406.724,11,-35.3557272,149.1668492,100.07000000000001,-1.0902854881276816,27.36,0.01,283.0,6.4023823303659135,-0.716976181114733,19.780406951904297
406.824,11,-35.3557027,149.1668492,100.08500000000001,-1.1294874655906755,27.37,-0.01,283.1,6.4023823303659135,-0.716976181114733,19.780406951904297
406.92400000000004,11,-35.3556782,149.1668492,100.086,-1.1451362827528209,27.39,-0.01,283.20000000000005,6.411409712888575,-0.7164467337245986,19.170583724975586
407.024,11,-35.3556537,149.1668492,100.065,-1.1050379496829685,27.400000000000002,-0.04,283.3,6.411409712888575,-0.7164467337245986,19.170583724975586
407.124,11,-35.3556293,149.1668492,100.049,-1.086780106979584,27.42,-0.08,283.40000000000003,6.411409712888575,-0.7164467337245986,19.170583724975586
407.224,11,-35.3556048,149.1668492,100.05,-1.0646881802742951,27.45,-0.1,283.5,6.411409712888575,-0.7164467337245986,19.170583724975586
407.324,11,-35.3555803,149.16684899999998,100.069,-0.9667775252438681,27.5,-0.12,283.6,6.411409712888575,-0.7164467337245986,19.170583724975586
407.42400000000004,11,-35.3555557,149.1668489,100.077,-0.8038167888884744,27.580000000000002,-0.14,283.70000000000005,6.427150740168398,-0.7155439155874493,19.260644912719727
407.524,11,-35.3555311,149.1668487,100.034,-0.6041144906360251,27.67,-0.15,283.8,6.427150740168398,-0.7155439155874493,19.260644912719727
407.624,11,-35.3555063,149.16684859999998,100.012,-0.3589089385244219,27.76,-0.15,283.90000000000003,6.427150740168398,-0.7155439155874493,19.260644912719727
407.724,11,-35.355481499999996,149.1668484,99.998,-0.09958187692232483,27.84,-0.15,284.0,6.427150740168398,-0.7155439155874493,19.260644912719727
407.825,11,-35.3554566,149.1668482,99.94,0.1623982462648594,27.91,-0.12,284.101,6.427150740168398,-0.7155439155874493,19.260644912719727
407.925,11,-35.3554311,149.16684809999998,99.882,0.4348792650326226,28.0,-0.09,284.201,6.447960766950782,-0.716327426504554,19.406917572021484
408.02500000000003,11,-35.3554059,149.16684809999998,99.86500000000001,0.8025030446903048,28.060000000000002,0.07,284.30100000000004,6.447960766950782,-0.716327426504554,19.406917572021484
408.125,11,-35.3553804,149.1668484,99.866,1.2025775333423934,28.11,0.28,284.401,6.447960766950782,-0.716327426504554,19.406917572021484
408.224,11,-35.355354999999996,149.1668487,99.937,1.3641578244335042,28.16,0.46,284.5,6.447960766950782,-0.716327426504554,19.406917572021484
408.324,11,-35.355329399999995,149.1668493,100.023,0.9865726941190345,28.21,0.56,284.6,6.447960766950782,-0.716327426504554,19.406917572021484
408.42400000000004,11,-35.355303899999996,149.16684999999998,100.08,0.16874900151186223,28.25,0.61,284.70000000000005,6.4712311900408785,-0.7165818449141514,19.846540451049805
408.524,11,-35.3552783,149.1668507,100.093,-1.0105928686043826,28.27,0.62,284.8,6.4712311900408785,-0.7165818449141514,19.846540451049805
408.624,11,-35.3552527,149.16685139999998,100.107,-2.364061446986817,28.26,0.58,284.90000000000003,6.4712311900408785,-0.7165818449141514,19.846540451049805
408.724,11,-35.3552274,149.1668521,100.155,-3.6830753495445334,28.25,0.52,285.0,6.4712311900408785,-0.7165818449141514,19.846540451049805
408.824,11,-35.3552021,149.1668526,100.19,-4.861985210195774,28.23,0.5,285.1,6.4712311900408785,-0.7165818449141514,19.846540451049805
408.92400000000004,11,-35.3551769,149.1668531,100.173,-5.759561713368306,28.21,0.4,285.20000000000005,6.486311026604377,-0.710156814914287,20.500648498535156
409.024,11,-35.3551517,149.1668535,100.178,-6.361502869826945,28.18,0.29,285.3,6.486311026604377,-0.710156814914287,20.500648498535156
409.124,11,-35.3551266,149.16685379999998,100.149,-6.635993231530948,28.150000000000002,0.18,285.40000000000003,6.486311026604377,-0.710156814914287,20.500648498535156
409.224,11,-35.3551016,149.1668539,100.104,-6.567820259651405,28.1,0.08,285.5,6.486311026604377,-0.710156814914287,20.500648498535156
409.324,11,-35.3550766,149.1668539,100.083,-6.250233111831914,28.04,-0.07,285.6,6.486311026604377,-0.710156814914287,20.500648498535156
409.42400000000004,11,-35.355051599999996,149.16685379999998,100.083,-5.694779930411674,27.990000000000002,-0.15,285.70000000000005,6.492202293609646,-0.7028154859765026,20.467544555664062
409.524,11,-35.355026699999996,149.1668535,100.096,-4.950095504262586,27.92,-0.2,285.8,6.492202293609646,-0.7028154859765026,20.467544555664062
409.624,11,-35.3550018,149.16685329999999,100.089,-4.094514419201877,27.87,-0.23,285.90000000000003,6.492202293609646,-0.7028154859765026,20.467544555664062
409.724,11,-35.354977,149.166853,100.102,-3.1965929914762596,27.810000000000002,-0.3,286.0,6.492202293609646,-0.7028154859765026,20.467544555664062
409.824,11,-35.3549522,149.1668526,100.166,-2.362603628485842,27.77,-0.33,286.1,6.492202293609646,-0.7028154859765026,20.467544555664062
409.925,11,-35.3549274,149.1668523,100.197,-1.584828109746805,27.77,-0.31,286.201,6.501365419229096,-0.6972970355584655,19.902040481567383
410.02500000000003,11,-35.3549024,149.166852,100.18,-0.9262562540540039,27.78,-0.33,286.30100000000004,6.501365419229096,-0.6972970355584655,19.902040481567383
410.125,11,-35.3548773,149.1668516,100.17,-0.4242545322526975,27.82,-0.33,286.401,6.501365419229096,-0.6972970355584655,19.902040481567383
410.225,11,-35.354852199999996,149.1668512,100.156,-0.04676472109675711,27.87,-0.33,286.50100000000003,6.501365419229096,-0.6972970355584655,19.902040481567383
410.324,11,-35.3548269,149.1668508,100.127,0.24032124648353,27.94,-0.33,286.6,6.501365419229096,-0.6972970355584655,19.902040481567383
410.42400000000004,11,-35.3548016,149.1668504,100.096,0.47902693978494043,28.02,-0.33,286.70000000000005,6.5185707842890315,-0.6927407755494929,19.32508087158203
410.524,11,-35.354776099999995,149.16684999999998,100.068,0.6628739677354101,28.12,-0.34,286.8,6.5185707842890315,-0.6927407755494929,19.32508087158203
410.624,11,-35.354750599999996,149.1668496,100.08,0.8868152733309124,28.25,-0.33,286.90000000000003,6.5185707842890315,-0.6927407755494929,19.32508087158203
410.724,11,-35.3547249,149.1668492,100.069,1.0721030976702843,28.36,-0.35000000000000003,287.0,6.5185707842890315,-0.6927407755494929,19.32508087158203
410.824,11,-35.3546992,149.1668489,100.07000000000001,1.2477513372958,28.47,-0.34,287.1,6.5185707842890315,-0.6927407755494929,19.32508087158203
410.92400000000004,11,-35.3546736,149.1668485,100.086,1.3996538906632374,28.57,-0.32,287.20000000000005,6.548349095489927,-0.6887564490985592,19.003019332885742
411.024,11,-35.354647899999996,149.16684809999998,100.157,1.4923040193722852,28.650000000000002,-0.32,287.3,6.548349095489927,-0.6887564490985592,19.003019332885742
411.124,11,-35.354622299999996,149.1668478,100.206,1.5717059289690354,28.73,-0.33,287.40000000000003,6.548349095489927,-0.6887564490985592,19.003019332885742
411.224,11,-35.3545966,149.1668474,100.21300000000001,1.6852372266312816,28.810000000000002,-0.32,287.5,6.548349095489927,-0.6887564490985592,19.003019332885742
411.324,11,-35.3545708,149.16684709999998,100.249,1.7515366989658316,28.88,-0.31,287.6,6.548349095489927,-0.6887564490985592,19.003019332885742
411.42400000000004,11,-35.354545,149.1668468,100.288,1.839136436392184,28.97,-0.31,287.70000000000005,6.584679029995183,-0.6846710149134141,19.11490249633789
411.524,11,-35.3545191,149.1668464,100.283,2.0195349658637376,29.060000000000002,-0.3,287.8,6.584679029995183,-0.6846710149134141,19.11490249633789
411.624,11,-35.3544931,149.1668461,100.261,2.1461606966602504,29.150000000000002,-0.3,287.90000000000003,6.584679029995183,-0.6846710149134141,19.11490249633789
411.724,11,-35.3544671,149.1668458,100.193,2.244083197800019,29.23,-0.27,288.0,6.584679029995183,-0.6846710149134141,19.11490249633789
411.824,11,-35.3544409,149.1668456,100.093,2.3555546598189774,29.34,-0.23,288.1,6.584679029995183,-0.6846710149134141,19.11490249633789
411.92400000000004,11,-35.3544147,149.1668454,100.032,2.387278754079571,29.43,-0.22,288.20000000000005,6.6225370669416295,-0.682070763605718,19.618289947509766
412.02500000000003,11,-35.3543883,149.1668451,99.995,2.1894739143950632,29.51,-0.3,288.30100000000004,6.6225370669416295,-0.682070763605718,19.618289947509766
412.125,11,-35.354361499999996,149.1668448,99.986,1.943697881405205,29.59,-0.4,288.401,6.6225370669416295,-0.682070763605718,19.618289947509766
412.225,11,-35.3543348,149.16684429999998,100.011,1.7824197194631617,29.650000000000002,-0.47000000000000003,288.50100000000003,6.6225370669416295,-0.682070763605718,19.618289947509766
412.325,11,-35.354307899999995,149.16684379999998,99.995,1.888869391616574,29.69,-0.5,288.601,6.6225370669416295,-0.682070763605718,19.618289947509766
412.42400000000004,11,-35.354281,149.1668432,100.016,2.2872207516071157,29.68,-0.48,288.70000000000005,6.659427558270948,-0.6811710629988975,20.47456169128418
412.524,11,-35.3542541,149.16684279999998,100.066,2.9207538808545905,29.66,-0.47000000000000003,288.8,6.659427558270948,-0.6811710629988975,20.47456169128418
412.624,11,-35.3542274,149.16684229999998,100.127,3.6453581911740764,29.580000000000002,-0.38,288.90000000000003,6.659427558270948,-0.6811710629988975,20.47456169128418
412.724,11,-35.3542006,149.166842,100.238,4.230791634182441,29.53,-0.34,289.0,6.659427558270948,-0.6811710629988975,20.47456169128418
412.824,11,-35.3541739,149.1668417,100.299,4.661635698158614,29.490000000000002,-0.31,289.1,6.659427558270948,-0.6811710629988975,20.47456169128418
412.92400000000004,11,-35.354147499999996,149.16684139999998,100.346,4.845249112295128,29.44,-0.35000000000000003,289.20000000000005,6.687833426918956,-0.6829967965699858,20.77537727355957
413.024,11,-35.3541212,149.166841,100.318,4.752593327335673,29.37,-0.38,289.3,6.687833426918956,-0.6829967965699858,20.77537727355957
413.124,11,-35.354095,149.1668407,100.297,4.569607436829155,29.27,-0.38,289.40000000000003,6.687833426918956,-0.6829967965699858,20.77537727355957
413.224,11,-35.3540689,149.1668403,100.239,4.472830486479244,29.19,-0.36,289.5,6.687833426918956,-0.6829967965699858,20.77537727355957
413.324,11,-35.354043,149.16683999999998,100.251,4.397567351354404,29.14,-0.28,289.6,6.687833426918956,-0.6829967965699858,20.77537727355957
413.42400000000004,11,-35.354017,149.1668398,100.224,4.416191569673736,29.07,-0.25,289.70000000000005,6.706274314799481,-0.6845209605931939,20.86348533630371
413.524,11,-35.353991199999996,149.1668396,100.187,4.506310366243354,28.97,-0.2,289.8,6.706274314799481,-0.6845209605931939,20.86348533630371
413.624,11,-35.3539654,149.1668394,100.127,4.660221849000421,28.87,-0.14,289.90000000000003,6.706274314799481,-0.6845209605931939,20.86348533630371
413.724,11,-35.3539398,149.1668394,100.095,4.811138720693261,28.73,-0.06,290.0,6.706274314799481,-0.6845209605931939,20.86348533630371
413.824,11,-35.3539142,149.1668394,100.172,5.048230381596859,28.61,0.04,290.1,6.706274314799481,-0.6845209605931939,20.86348533630371
413.92400000000004,11,-35.3538888,149.16683949999998,100.25,5.759723930361094,28.54,0.0,290.20000000000005,6.716415971801276,-0.6874267715218194,20.920724868774414
414.024,11,-35.3538633,149.1668396,100.274,7.250594143616206,28.44,0.04,290.3,6.716415971801276,-0.6874267715218194,20.920724868774414
414.125,11,-35.353837999999996,149.1668397,100.302,9.514739527999257,28.32,0.16,290.401,6.716415971801276,-0.6874267715218194,20.920724868774414
414.225,11,-35.3538126,149.16683999999998,100.31,12.538579533006144,28.21,0.28,290.50100000000003,6.716415971801276,-0.6874267715218194,20.920724868774414
414.325,11,-35.3537872,149.1668405,100.25,16.082344636691804,28.11,0.4,290.601,6.716415971801276,-0.6874267715218194,20.920724868774414
414.42400000000004,11,-35.353761899999995,149.1668412,100.156,19.841778086062497,27.98,0.7000000000000001,290.70000000000005,6.721716652362813,-0.6903190817649739,20.749265670776367
414.524,11,-35.3537367,149.1668424,100.086,23.382273236683012,27.86,1.2,290.8,6.721716652362813,-0.6903190817649739,20.749265670776367
414.624,11,-35.3537116,149.166844,100.03,26.552124756898206,27.77,1.6500000000000001,290.90000000000003,6.721716652362813,-0.6903190817649739,20.749265670776367
414.724,11,-35.3536864,149.1668459,99.934,29.348428108763517,27.75,1.68,291.0,6.721716652362813,-0.6903190817649739,20.749265670776367
414.824,11,-35.3536614,149.1668482,99.824,31.653360821548947,27.63,2.43,291.1,6.721716652362813,-0.6903190817649739,20.749265670776367
414.92400000000004,11,-35.3536364,149.16685139999998,99.744,33.49208531215682,27.53,3.02,291.20000000000005,6.724427847395394,-0.6906409541133317,20.484405517578125
415.024,11,-35.3536116,149.16685529999998,99.706,34.96965672021109,27.400000000000002,3.65,291.3,6.724427847395394,-0.6906409541133317,20.484405517578125
415.124,11,-35.3535871,149.1668598,99.68,36.30325115565608,27.23,4.32,291.40000000000003,6.724427847395394,-0.6906409541133317,20.484405517578125
415.224,11,-35.3535628,149.1668652,99.66,37.52516516798219,26.95,5.22,291.5,6.724427847395394,-0.6906409541133317,20.484405517578125
415.324,11,-35.3535389,149.16687149999998,99.699,38.234869634070705,26.66,5.98,291.6,6.724427847395394,-0.6906409541133317,20.484405517578125
415.42400000000004,11,-35.3535153,149.1668785,99.745,38.739320085411165,26.36,6.69,291.70000000000005,6.72178760045592,-0.6934253325333354,20.853532791137695
415.524,11,-35.353491999999996,149.16688639999998,99.816,38.87592045371684,26.0,7.42,291.8,6.72178760045592,-0.6934253325333354,20.853532791137695
415.624,11,-35.353469,149.16689499999998,99.911,38.640825342484995,25.650000000000002,8.05,291.90000000000003,6.72178760045592,-0.6934253325333354,20.853532791137695
415.724,11,-35.353446399999996,149.16690409999998,100.004,38.20124802788131,25.43,8.4,292.0,6.72178760045592,-0.6934253325333354,20.853532791137695
415.824,11,-35.353424,149.16691369999998,100.08800000000001,37.52478267738867,25.07,8.93,292.1,6.72178760045592,-0.6934253325333354,20.853532791137695
415.92400000000004,11,-35.3534018,149.1669238,100.161,36.75483252772606,24.72,9.4,292.20000000000005,6.711669468612717,-0.7015035630721996,20.959789276123047
416.024,11,-35.35338,149.16693429999998,100.24000000000001,35.91352056161515,24.46,9.700000000000001,292.3,6.711669468612717,-0.7015035630721996,20.959789276123047
416.124,11,-35.3533584,149.1669451,100.278,35.410900600972255,24.2,9.99,292.40000000000003,6.711669468612717,-0.7015035630721996,20.959789276123047
416.225,11,-35.3533368,149.16695629999998,100.295,35.14188335522754,23.85,10.370000000000001,292.50100000000003,6.711669468612717,-0.7015035630721996,20.959789276123047
416.325,11,-35.3533156,149.1669681,100.34100000000001,35.018137402939836,23.56,10.700000000000001,292.601,6.711669468612717,-0.7015035630721996,20.959789276123047
416.425,11,-35.353294399999996,149.16698,100.33,35.416374997592015,23.54,10.68,292.701,6.699611168391705,-0.7139398780567594,20.605224609375
416.524,11,-35.3532733,149.1669921,100.267,36.17158901412033,23.1,11.26,292.8,6.699611168391705,-0.7139398780567594,20.605224609375
416.624,11,-35.3532527,149.1670048,100.245,36.97090214702482,22.86,11.57,292.90000000000003,6.699611168391705,-0.7139398780567594,20.605224609375
416.724,11,-35.3532321,149.1670178,100.183,38.167004874477456,22.61,11.9,293.0,6.699611168391705,-0.7139398780567594,20.605224609375
416.824,11,-35.3532119,149.1670313,100.10900000000001,39.472540892812034,22.2,12.42,293.1,6.699611168391705,-0.7139398780567594,20.605224609375
416.92400000000004,11,-35.3531921,149.1670455,100.048,40.75337894710785,21.67,13.06,293.20000000000005,6.691765316856384,-0.7230525946909281,20.009315490722656
417.024,11,-35.3531729,149.1670604,100.008,41.96655373239093,21.01,13.83,293.3,6.691765316856384,-0.7230525946909281,20.009315490722656
417.124,12,-35.353154499999995,149.1670761,100.019,42.71306608791664,20.25,14.67,293.40000000000003,6.691765316856384,-0.7230525946909281,20.009315490722656
417.224,12,-35.3531366,149.1670924,100.031,43.21604121839638,19.900000000000002,15.06,293.5,6.691765316856384,-0.7230525946909281,20.009315490722656
417.324,12,-35.3531192,149.1671092,100.036,43.294270790055116,19.3,15.63,293.6,6.691765316856384,-0.7230525946909281,20.009315490722656
417.42400000000004,12,-35.3531024,149.16712669999998,100.043,42.80930003822753,18.48,16.29,293.70000000000005,6.684819577510366,-0.7373806281585196,20.233963012695312
417.524,12,-35.353086499999996,149.1671448,100.108,41.58646395036347,17.68,16.85,293.8,6.684819577510366,-0.7373806281585196,20.233963012695312
417.624,12,-35.3530711,149.1671634,100.193,40.00963964838516,17.22,17.16,293.90000000000003,6.684819577510366,-0.7373806281585196,20.233963012695312
417.724,12,-35.3530562,149.1671823,100.277,38.25039806914873,16.68,17.45,294.0,6.684819577510366,-0.7373806281585196,20.233963012695312
417.824,12,-35.3530417,149.1672015,100.35600000000001,36.39006969019611,16.15,17.71,294.1,6.684819577510366,-0.7373806281585196,20.233963012695312
417.92400000000004,12,-35.353027499999996,149.1672209,100.427,34.640373300324775,15.870000000000001,17.78,294.20000000000005,6.677614357294827,-0.7533844318303737,20.75518798828125
418.024,12,-35.3530137,149.1672404,100.486,33.08675115095699,15.5,17.86,294.3,6.677614357294827,-0.7533844318303737,20.75518798828125
418.124,12,-35.353000099999996,149.16726,100.541,31.823275437531354,15.33,17.84,294.40000000000003,6.677614357294827,-0.7533844318303737,20.75518798828125
418.224,12,-35.3529866,149.1672795,100.55,31.11691434904156,15.120000000000001,17.85,294.5,6.677614357294827,-0.7533844318303737,20.75518798828125
418.325,12,-35.3529732,149.1672992,100.518,30.94190782703291,14.86,17.87,294.601,6.677614357294827,-0.7533844318303737,20.75518798828125
418.425,12,-35.3529602,149.1673189,100.46900000000001,31.28182926655152,14.44,17.98,294.701,6.670148177592667,-0.7737848330247583,20.46706771850586
418.52500000000003,12,-35.3529473,149.16733879999998,100.418,32.10135634430467,14.24,18.0,294.80100000000004,6.670148177592667,-0.7737848330247583,20.46706771850586
418.624,12,-35.3529347,149.1673588,100.33500000000001,33.51572801196881,13.77,18.16,294.90000000000003,6.670148177592667,-0.7737848330247583,20.46706771850586
418.724,12,-35.3529225,149.1673791,100.268,35.16789271558695,13.26,18.35,295.0,6.670148177592667,-0.7737848330247583,20.46706771850586
418.824,12,-35.352910699999995,149.1673995,100.18900000000001,37.03085071737003,12.82,18.5,295.1,6.670148177592667,-0.7737848330247583,20.46706771850586
418.92400000000004,12,-35.3528993,149.16742019999998,100.096,38.874434887572356,12.25,18.69,295.20000000000005,6.665778863855212,-0.7906858421060232,20.376283645629883
419.024,12,-35.3528885,149.167441,100.007,40.415796847379966,11.55,18.88,295.3,6.665778863855212,-0.7906858421060232,20.376283645629883
419.124,12,-35.3528786,149.1674619,99.94800000000001,41.45809737510225,10.74,19.06,295.40000000000003,6.665778863855212,-0.7906858421060232,20.376283645629883
419.224,12,-35.3528693,149.167483,99.91,42.08965081670748,9.91,19.21,295.5,6.665778863855212,-0.7906858421060232,20.376283645629883
419.324,12,-35.352861,149.1675041,99.9,42.32602317331411,8.99,19.32,295.6,6.665778863855212,-0.7906858421060232,20.376283645629883
419.42400000000004,12,-35.3528534,149.1675253,99.92,42.11753164889947,8.13,19.400000000000002,295.70000000000005,6.66277448092413,-0.8178138659461998,20.15076446533203
419.524,12,-35.3528465,149.1675465,99.96600000000001,41.48217720702113,7.36,19.45,295.8,6.66277448092413,-0.8178138659461998,20.15076446533203
419.624,12,-35.3528401,149.1675678,100.01,40.57033329244609,6.83,19.47,295.90000000000003,6.66277448092413,-0.8178138659461998,20.15076446533203
419.724,12,-35.3528344,149.167589,100.07000000000001,39.24015053649152,6.03,19.44,296.0,6.66277448092413,-0.8178138659461998,20.15076446533203
419.824,12,-35.352829199999995,149.1676103,100.133,37.71274265315825,5.7,19.41,296.1,6.66277448092413,-0.8178138659461998,20.15076446533203
419.92400000000004,12,-35.3528245,149.1676314,100.168,36.463777676624304,4.91,19.27,296.20000000000005,6.6627715118829745,-0.8385578591212507,20.087860107421875
420.024,12,-35.3528204,149.1676523,100.241,35.25677055216175,4.05,19.05,296.3,6.6627715118829745,-0.8385578591212507,20.087860107421875
420.124,12,-35.352817099999996,149.16767299999998,100.35900000000001,34.06188018328679,3.72,18.94,296.40000000000003,6.6627715118829745,-0.8385578591212507,20.087860107421875
420.224,12,-35.352813999999995,149.1676936,100.465,32.96420731196321,3.38,18.82,296.5,6.6627715118829745,-0.8385578591212507,20.087860107421875
420.325,12,-35.3528112,149.16771409999998,100.549,31.990317958967772,2.99,18.69,296.601,6.6627715118829745,-0.8385578591212507,20.087860107421875
420.425,12,-35.3528085,149.16773469999998,100.574,31.217444488340394,2.93,18.62,296.701,6.6652603514784134,-0.8649813651881457,20.134103775024414
420.52500000000003,12,-35.352806099999995,149.1677552,100.568,30.521065721322575,2.48,18.47,296.80100000000004,6.6652603514784134,-0.8649813651881457,20.134103775024414
420.625,12,-35.3528039,149.1677756,100.547,29.98281266377972,2.24,18.36,296.901,6.6652603514784134,-0.8649813651881457,20.134103775024414
420.724,12,-35.352802,149.1677959,100.513,29.723477211183503,1.95,18.26,297.0,6.6652603514784134,-0.8649813651881457,20.134103775024414
420.824,12,-35.3528003,149.16781609999998,100.477,29.783022800367675,1.72,18.18,297.1,6.6652603514784134,-0.8649813651881457,20.134103775024414
420.92400000000004,12,-35.352798799999995,149.16783619999998,100.399,30.381716201875975,1.5,18.09,297.20000000000005,6.668728200478183,-0.8882825019941117,20.220535278320312
421.024,12,-35.352797699999996,149.1678562,100.294,31.417678314048487,0.9400000000000001,17.900000000000002,297.3,6.668728200478183,-0.8882825019941117,20.220535278320312
421.124,12,-35.352796999999995,149.167876,100.217,32.589021605759825,0.42,17.69,297.40000000000003,6.668728200478183,-0.8882825019941117,20.220535278320312
421.224,12,-35.3527969,149.1678954,100.17,33.74717921727845,-0.22,17.44,297.5,6.668728200478183,-0.8882825019941117,20.220535278320312
421.324,12,-35.3527973,149.1679144,100.152,34.75205030834907,-0.62,17.240000000000002,297.6,6.668728200478183,-0.8882825019941117,20.220535278320312
421.42400000000004,12,-35.352798199999995,149.1679332,100.129,35.60934150202322,-1.18,16.98,297.70000000000005,6.675847149290418,-0.9253112961653944,20.065444946289062
421.524,12,-35.352799499999996,149.16795159999998,100.099,36.19017737394652,-1.6500000000000001,16.73,297.8,6.675847149290418,-0.9253112961653944,20.065444946289062
421.624,12,-35.352801299999996,149.1679697,100.063,36.36314508448792,-2.38,16.32,297.90000000000003,6.675847149290418,-0.9253112961653944,20.065444946289062
421.724,12,-35.3528036,149.1679872,100.059,35.9779907171909,-2.9,15.99,298.0,6.675847149290418,-0.9253112961653944,20.065444946289062
421.824,12,-35.3528064,149.1680045,100.08500000000001,35.10263708825665,-3.36,15.700000000000001,298.1,6.675847149290418,-0.9253112961653944,20.065444946289062
421.92400000000004,12,-35.3528096,149.16802149999998,100.104,33.904594587079735,-3.43,15.64,298.20000000000005,6.686456683864369,-0.9677538128003398,20.246854782104492
422.024,12,-35.3528127,149.1680385,100.072,32.616769249263,-3.52,15.530000000000001,298.3,6.686456683864369,-0.9677538128003398,20.246854782104492
422.124,12,-35.352815899999996,149.1680553,100.01,31.45215710897871,-3.85,15.23,298.40000000000003,6.686456683864369,-0.9677538128003398,20.246854782104492
422.224,12,-35.352819499999995,149.1680718,99.976,30.55784629000309,-4.01,15.06,298.5,6.686456683864369,-0.9677538128003398,20.246854782104492
422.324,12,-35.352823199999996,149.16808799999998,99.92,30.27332792993704,-4.37,14.700000000000001,298.6,6.686456683864369,-0.9677538128003398,20.246854782104492
422.425,12,-35.3528272,149.1681039,99.886,30.359272200263312,-4.66,14.39,298.701,6.699381329766118,-1.0067475237322403,20.12396812438965
422.52500000000003,12,-35.3528316,149.1681197,99.879,30.809989553403284,-4.94,14.11,298.80100000000004,6.699381329766118,-1.0067475237322403,20.12396812438965
422.625,12,-35.3528361,149.1681352,99.849,31.505490641112758,-5.14,13.9,298.901,6.699381329766118,-1.0067475237322403,20.12396812438965
422.725,12,-35.352841,149.16815029999998,99.797,32.205526974431116,-5.61,13.450000000000001,299.00100000000003,6.699381329766118,-1.0067475237322403,20.12396812438965
422.824,12,-35.3528462,149.168165,99.775,32.68451448054577,-5.96,13.08,299.1,6.699381329766118,-1.0067475237322403,20.12396812438965
422.92400000000004,12,-35.352851699999995,149.16817939999999,99.749,32.95340878288542,-6.34,12.68,299.20000000000005,6.718585396391555,-1.043333644995005,20.028919219970703
423.024,12,-35.3528577,149.1681931,99.779,32.78739420491909,-6.7700000000000005,12.21,299.3,6.718585396391555,-1.043333644995005,20.028919219970703
423.124,12,-35.352864,149.1682065,99.803,32.47545263533544,-6.96,11.99,299.40000000000003,6.718585396391555,-1.043333644995005,20.028919219970703
423.224,12,-35.3528704,149.1682196,99.808,32.12602015739758,-7.37,11.48,299.5,6.718585396391555,-1.043333644995005,20.028919219970703
423.324,12,-35.3528772,149.1682319,99.86,31.488456149322744,-7.67,11.09,299.6,6.718585396391555,-1.043333644995005,20.028919219970703
423.42400000000004,12,-35.3528842,149.1682438,99.878,30.780729022998948,-7.9,10.73,299.70000000000005,6.744911873011714,-1.0829142473704814,20.03661346435547
423.524,12,-35.3528915,149.1682552,99.911,29.819967293588274,-8.23,10.19,299.8,6.744911873011714,-1.0829142473704814,20.03661346435547
423.624,12,-35.3528989,149.1682662,99.961,28.621064188575936,-8.43,9.85,299.90000000000003,6.744911873011714,-1.0829142473704814,20.03661346435547
423.724,12,-35.352906499999996,149.1682769,99.997,27.319653604500047,-8.5,9.74,300.0,6.744911873011714,-1.0829142473704814,20.03661346435547
423.824,12,-35.3529141,149.1682874,99.999,26.084929572385576,-8.68,9.46,300.1,6.744911873011714,-1.0829142473704814,20.03661346435547
423.92400000000004,12,-35.3529219,149.1682976,99.992,24.942389188404185,-8.790000000000001,9.3,300.20000000000005,6.766626185187671,-1.1108481115902646,19.130186080932617
424.024,12,-35.3529299,149.16830769999999,99.95700000000001,24.099132325927116,-9.0,9.01,300.3,6.766626185187671,-1.1108481115902646,19.130186080932617
424.124,12,-35.352938,149.1683174,99.933,23.52052138812595,-9.19,8.76,300.40000000000003,6.766626185187671,-1.1108481115902646,19.130186080932617
424.224,12,-35.3529463,149.1683268,99.912,23.196546732772028,-9.5,8.36,300.5,6.766626185187671,-1.1108481115902646,19.130186080932617
424.324,12,-35.3529549,149.1683358,99.919,23.047018523914815,-9.620000000000001,8.28,300.6,6.766626185187671,-1.1108481115902646,19.130186080932617
424.42400000000004,12,-35.352963599999995,149.1683448,99.88,23.135375558565393,-9.94,7.9,300.70000000000005,6.780260134781452,-1.125848165258924,18.99431037902832
424.52500000000003,12,-35.352972699999995,149.16835319999998,99.892,22.994750501291293,-10.21,7.5600000000000005,300.80100000000004,6.780260134781452,-1.125848165258924,18.99431037902832
424.625,12,-35.352982,149.1683615,99.903,22.80086704396402,-10.35,7.42,300.901,6.780260134781452,-1.125848165258924,18.99431037902832
424.725,12,-35.3529915,149.1683696,99.891,22.50019016386901,-10.620000000000001,7.03,301.00100000000003,6.780260134781452,-1.125848165258924,18.99431037902832
424.825,12,-35.3530012,149.16837719999998,99.923,22.019069931186017,-10.82,6.71,301.101,6.780260134781452,-1.125848165258924,18.99431037902832
424.92400000000004,12,-35.353011099999996,149.1683845,99.98400000000001,21.392405197479228,-11.03,6.390000000000001,301.20000000000005,6.790423721599628,-1.1355297090731142,19.236825942993164
425.024,12,-35.3530212,149.16839149999998,100.061,20.577169186072137,-11.14,6.28,301.3,6.790423721599628,-1.1355297090731142,19.236825942993164
425.124,12,-35.3530314,149.1683985,100.086,19.84346514278749,-11.23,6.24,301.40000000000003,6.790423721599628,-1.1355297090731142,19.236825942993164
425.224,12,-35.3530416,149.16840539999998,100.101,19.226150938054445,-11.41,5.91,301.5,6.790423721599628,-1.1355297090731142,19.236825942993164
425.324,12,-35.353052,149.1684119,100.153,18.775296981131074,-11.5,5.8,301.6,6.790423721599628,-1.1355297090731142,19.236825942993164
425.42400000000004,12,-35.3530625,149.16841829999998,100.20700000000001,18.58751288273262,-11.66,5.6000000000000005,301.70000000000005,6.795216912427266,-1.1408913006729635,18.939191818237305
425.524,12,-35.353072999999995,149.1684245,100.224,18.804803398345527,-11.72,5.59,301.8,6.795216912427266,-1.1408913006729635,18.939191818237305
425.624,12,-35.3530836,149.1684307,100.19500000000001,19.49487277811755,-11.83,5.47,301.90000000000003,6.795216912427266,-1.1408913006729635,18.939191818237305
425.724,12,-35.3530942,149.1684366,100.152,20.54333755156577,-12.02,5.11,302.0,6.795216912427266,-1.1408913006729635,18.939191818237305
425.824,12,-35.353105,149.1684421,100.128,21.791576820500403,-12.14,4.92,302.1,6.795216912427266,-1.1408913006729635,18.939191818237305
425.92400000000004,12,-35.3531159,149.16844749999998,100.061,23.31851171323365,-12.27,4.67,302.20000000000005,6.794341515800793,-1.1399536489774615,18.97718048095703
426.024,12,-35.353127,149.16845229999998,100.02,24.827230491450475,-12.48,4.1,302.3,6.794341515800793,-1.1399536489774615,18.97718048095703
426.124,12,-35.3531382,149.1684567,100.003,26.20350336392429,-12.620000000000001,3.7,302.40000000000003,6.794341515800793,-1.1399536489774615,18.97718048095703
426.224,12,-35.3531496,149.1684604,100.023,27.36121359805228,-12.790000000000001,3.19,302.5,6.794341515800793,-1.1399536489774615,18.97718048095703
426.324,12,-35.353161,149.16846379999998,100.014,28.184032826985376,-12.91,2.88,302.6,6.794341515800793,-1.1399536489774615,18.97718048095703
426.42400000000004,12,-35.3531726,149.16846669999998,100.02,28.603607932604675,-13.040000000000001,2.35,302.70000000000005,6.7944395750834286,-1.1389710876139323,19.957157135009766
426.524,12,-35.353184299999995,149.168469,100.037,28.64753287915703,-13.15,1.86,302.8,6.7944395750834286,-1.1389710876139323,19.957157135009766
426.625,12,-35.3531962,149.16847099999998,100.049,28.53411246534709,-13.18,1.6300000000000001,302.901,6.7944395750834286,-1.1389710876139323,19.957157135009766
426.725,12,-35.353208099999996,149.1684726,100.035,28.450405081973997,-13.23,1.21,303.00100000000003,6.7944395750834286,-1.1389710876139323,19.957157135009766
426.825,12,-35.3532201,149.1684736,100.058,28.260464351345114,-13.26,0.74,303.101,6.7944395750834286,-1.1389710876139323,19.957157135009766
426.92400000000004,12,-35.3532321,149.1684742,100.059,28.254228388632892,-13.26,0.37,303.20000000000005,6.810802527709663,-1.1448956406394801,21.11581039428711
427.024,12,-35.3532441,149.16847439999998,100.069,28.246745916397142,-13.23,0.11,303.3,6.810802527709663,-1.1448956406394801,21.11581039428711
427.124,12,-35.353256,149.16847439999998,100.045,28.24705839755167,-13.200000000000001,-0.15,303.40000000000003,6.810802527709663,-1.1448956406394801,21.11581039428711
427.224,12,-35.353268,149.168474,100.023,28.387365851029365,-13.17,-0.62,303.5,6.810802527709663,-1.1448956406394801,21.11581039428711
427.324,12,-35.3532799,149.1684731,100.004,28.73708178181777,-13.14,-0.76,303.6,6.810802527709663,-1.1448956406394801,21.11581039428711
427.42400000000004,12,-35.3532918,149.16847199999998,99.95700000000001,29.25607370590119,-13.120000000000001,-1.42,303.70000000000005,6.833586981429522,-1.1512689853315965,20.026609420776367
427.524,12,-35.353303499999996,149.1684702,99.97200000000001,29.728353966250893,-13.11,-1.84,303.8,6.833586981429522,-1.1512689853315965,20.026609420776367
427.624,12,-35.3533153,149.168468,99.95400000000001,30.392890391358115,-13.11,-1.92,303.90000000000003,6.833586981429522,-1.1512689853315965,20.026609420776367
427.724,12,-35.3533269,149.16846569999998,99.877,31.128320764955483,-13.08,-2.48,304.0,6.833586981429522,-1.1512689853315965,20.026609420776367
427.824,12,-35.3533386,149.1684627,99.822,31.69510352266148,-13.040000000000001,-3.04,304.1,6.833586981429522,-1.1512689853315965,20.026609420776367
427.92400000000004,12,-35.3533502,149.16845899999998,99.79,32.18981753934009,-12.97,-3.72,304.20000000000005,6.844833453267709,-1.1532930521963691,19.61035919189453
428.024,12,-35.3533617,149.1684545,99.801,32.54206405521599,-12.91,-4.38,304.3,6.844833453267709,-1.1532930521963691,19.61035919189453
428.124,12,-35.3533732,149.1684494,99.82300000000001,32.74781667377345,-12.85,-5.01,304.40000000000003,6.844833453267709,-1.1532930521963691,19.61035919189453
428.224,12,-35.3533847,149.16844369999998,99.848,32.742779409260564,-12.81,-5.45,304.5,6.844833453267709,-1.1532930521963691,19.61035919189453
428.324,12,-35.353396,149.1684374,99.88,32.336919323494655,-12.71,-6.11,304.6,6.844833453267709,-1.1532930521963691,19.61035919189453
428.42400000000004,12,-35.3534074,149.1684305,99.921,31.53196103924114,-12.66,-6.42,304.70000000000005,6.85452589356008,-1.1539067954515552,20.184846878051758
428.524,12,-35.3534186,149.16842309999998,99.955,30.55399747840579,-12.530000000000001,-6.96,304.8,6.85452589356008,-1.1539067954515552,20.184846878051758
428.624,12,-35.3534298,149.1684153,99.991,29.526146215872664,-12.44,-7.25,304.90000000000003,6.85452589356008,-1.1539067954515552,20.184846878051758
428.725,12,-35.353440899999995,149.1684072,99.997,28.678359230428587,-12.33,-7.58,305.00100000000003,6.85452589356008,-1.1539067954515552,20.184846878051758
428.825,12,-35.353451899999996,149.1683985,100.034,27.9119795621546,-12.14,-8.11,305.101,6.85452589356008,-1.1539067954515552,20.184846878051758
428.925,12,-35.353462799999996,149.1683894,100.075,27.394662741965128,-12.06,-8.28,305.201,6.867852516550683,-1.1530376497809007,20.316015243530273
429.024,12,-35.3534736,149.16837999999998,100.104,27.18967339704741,-11.92,-8.61,305.3,6.867852516550683,-1.1530376497809007,20.316015243530273
429.124,12,-35.3534843,149.1683702,100.128,27.21858900289866,-11.8,-8.86,305.40000000000003,6.867852516550683,-1.1530376497809007,20.316015243530273
429.224,12,-35.3534949,149.1683602,100.128,27.502666815763245,-11.63,-9.25,305.5,6.867852516550683,-1.1530376497809007,20.316015243530273
429.324,12,-35.353505399999996,149.1683497,100.126,27.982275869092373,-11.53,-9.42,305.6,6.867852516550683,-1.1530376497809007,20.316015243530273
429.42400000000004,12,-35.353515699999996,149.168339,100.11200000000001,28.671733946933674,-11.3,-9.92,305.70000000000005,6.879439895256089,-1.1515925728964127,20.13745880126953
429.524,12,-35.3535258,149.1683278,100.123,29.41332856625698,-11.16,-10.15,305.8,6.879439895256089,-1.1515925728964127,20.13745880126953
429.624,12,-35.3535357,149.16831639999998,100.084,30.073360481606578,-10.94,-10.58,305.90000000000003,6.879439895256089,-1.1515925728964127,20.13745880126953
429.724,12,-35.3535454,149.1683045,100.072,29.722722475280218,-10.72,-10.98,306.0,6.879439895256089,-1.1515925728964127,20.13745880126953
429.824,12,-35.3535549,149.1682922,100.051,28.262948832655706,-10.450000000000001,-11.43,306.1,6.879439895256089,-1.1515925728964127,20.13745880126953
429.92400000000004,12,-35.3535641,149.16827949999998,100.046,25.610308264697853,-10.23,-11.74,306.20000000000005,6.894030179360679,-1.1455224045454038,20.495168685913086
430.024,12,-35.3535731,149.1682664,100.068,21.64375786648299,-10.0,-12.01,306.3,6.894030179360679,-1.1455224045454038,20.495168685913086
430.124,12,-35.353581999999996,149.16825319999998,100.093,16.605554202587708,-9.86,-12.05,306.40000000000003,6.894030179360679,-1.1455224045454038,20.495168685913086
430.224,12,-35.3535907,149.1682399,100.089,11.064931214856397,-9.67,-12.14,306.5,6.894030179360679,-1.1455224045454038,20.495168685913086
430.324,12,-35.3535993,149.1682266,100.129,5.557729196507607,-9.57,-12.06,306.6,6.894030179360679,-1.1455224045454038,20.495168685913086
430.42400000000004,12,-35.3536078,149.1682135,100.131,0.7409612793603444,-9.47,-11.93,306.70000000000005,6.914184984087391,-1.1341551013035251,20.68313217163086
430.524,12,-35.3536162,149.16820049999998,100.135,-3.078844799053471,-9.41,-11.75,306.8,6.914184984087391,-1.1341551013035251,20.68313217163086
430.624,12,-35.353624599999996,149.1681878,100.135,-5.760248147379893,-9.33,-11.61,306.90000000000003,6.914184984087391,-1.1341551013035251,20.68313217163086
430.725,12,-35.3536329,149.16817509999998,100.102,-7.370904510751395,-9.33,-11.42,307.00100000000003,6.914184984087391,-1.1341551013035251,20.68313217163086
430.825,12,-35.3536414,149.1681626,100.081,-8.054568026855591,-9.22,-11.39,307.101,6.914184984087391,-1.1341551013035251,20.68313217163086
430.925,12,-35.3536497,149.16815,99.943,-8.0634600793813,-9.14,-11.26,307.201,6.944519567139482,-1.1122585962597735,20.831335067749023
431.02500000000003,12,-35.3536579,149.1681377,99.85000000000001,-7.680056801832744,-9.07,-11.11,307.30100000000004,6.944519567139482,-1.1122585962597735,20.831335067749023
431.124,12,-35.3536661,149.1681255,99.824,-7.223158127493911,-8.99,-10.97,307.40000000000003,6.944519567139482,-1.1122585962597735,20.831335067749023
431.224,12,-35.3536743,149.16811339999998,99.793,-6.927738358625696,-8.89,-10.870000000000001,307.5,6.944519567139482,-1.1122585962597735,20.831335067749023
431.324,12,-35.353682299999996,149.16810139999998,99.757,-6.862580915264713,-8.82,-10.73,307.6,6.944519567139482,-1.1122585962597735,20.831335067749023
431.42400000000004,12,-35.3536903,149.1680897,99.773,-6.932455031134413,-8.77,-10.540000000000001,307.70000000000005,6.981428141997706,-1.0816183534623667,20.921401977539062
431.524,12,-35.3536983,149.1680781,99.793,-7.079438994525795,-8.700000000000001,-10.41,307.8,6.981428141997706,-1.0816183534623667,20.921401977539062
431.624,12,-35.3537061,149.1680667,99.807,-7.2059981309779,-8.61,-10.3,307.90000000000003,6.981428141997706,-1.0816183534623667,20.921401977539062
431.724,12,-35.353713899999995,149.1680554,99.765,-7.215544174116639,-8.51,-10.19,308.0,6.981428141997706,-1.0816183534623667,20.921401977539062
431.824,12,-35.3537215,149.1680443,99.747,-7.121243167340858,-8.45,-10.01,308.1,6.981428141997706,-1.0816183534623667,20.921401977539062
431.92400000000004,12,-35.353729099999995,149.16803339999998,99.759,-7.037394911316135,-8.370000000000001,-9.9,308.20000000000005,7.0295383675711065,-1.043843238728328,20.47671127319336
432.024,12,-35.3537366,149.1680227,99.736,-6.9271889552843335,-8.36,-9.75,308.3,7.0295383675711065,-1.043843238728328,20.47671127319336
432.124,12,-35.3537441,149.1680122,99.751,-6.784397874269693,-8.38,-9.61,308.40000000000003,7.0295383675711065,-1.043843238728328,20.47671127319336
432.224,12,-35.353751599999995,149.1680017,99.744,-6.610227623547544,-8.36,-9.53,308.5,7.0295383675711065,-1.043843238728328,20.47671127319336
432.324,12,-35.3537591,149.16799129999998,99.667,-6.36482618374498,-8.33,-9.44,308.6,7.0295383675711065,-1.043843238728328,20.47671127319336
432.42400000000004,12,-35.3537666,149.1679811,99.602,-6.040520691103135,-8.34,-9.290000000000001,308.70000000000005,7.0801692352084435,-1.0055420279931213,19.948453903198242
432.524,12,-35.353774099999995,149.167971,99.552,-5.598201055547694,-8.31,-9.17,308.8,7.0801692352084435,-1.0055420279931213,19.948453903198242
432.624,12,-35.3537816,149.16796109999999,99.568,-5.0448310818243085,-8.290000000000001,-9.05,308.90000000000003,7.0801692352084435,-1.0055420279931213,19.948453903198242
432.724,12,-35.353789,149.1679512,99.586,-4.444678154267744,-8.27,-8.98,309.0,7.0801692352084435,-1.0055420279931213,19.948453903198242
432.825,12,-35.3537965,149.1679414,99.629,-3.811819292757396,-8.26,-8.91,309.101,7.0801692352084435,-1.0055420279931213,19.948453903198242
432.925,12,-35.353804,149.1679314,99.651,-3.158523224589901,-8.27,-8.92,309.201,7.124877796474103,-0.9727630690597476,19.067054748535156
433.02500000000003,12,-35.3538115,149.1679216,99.657,-2.423526354561417,-8.290000000000001,-8.950000000000001,309.30100000000004,7.124877796474103,-0.9727630690597476,19.067054748535156
433.125,12,-35.353819099999996,149.1679115,99.669,-1.7667903256514685,-8.34,-9.0,309.401,7.124877796474103,-0.9727630690597476,19.067054748535156
433.224,12,-35.3538268,149.1679015,99.667,-1.2310018991819305,-8.42,-9.07,309.5,7.124877796474103,-0.9727630690597476,19.067054748535156
433.324,12,-35.3538345,149.16789129999998,99.61200000000001,-0.8784469042154716,-8.51,-9.120000000000001,309.6,7.124877796474103,-0.9727630690597476,19.067054748535156
433.42400000000004,12,-35.3538423,149.1678811,99.535,-0.7009465093861189,-8.63,-9.18,309.70000000000005,7.156210847155809,-0.9537802060824409,18.432161331176758
433.524,12,-35.3538502,149.1678708,99.44500000000001,-0.5315159297002835,-8.73,-9.22,309.8,7.156210847155809,-0.9537802060824409,18.432161331176758
433.624,12,-35.3538582,149.1678605,99.392,-0.35121003466934814,-8.88,-9.28,309.90000000000003,7.156210847155809,-0.9537802060824409,18.432161331176758
433.724,12,-35.3538663,149.1678503,99.434,-0.14975316487278573,-9.03,-9.32,310.0,7.156210847155809,-0.9537802060824409,18.432161331176758
433.824,12,-35.353874499999996,149.1678399,99.433,0.21106981410461326,-9.17,-9.39,310.1,7.156210847155809,-0.9537802060824409,18.432161331176758
433.92400000000004,12,-35.3538828,149.16782949999998,99.374,0.7461540373985525,-9.28,-9.44,310.20000000000005,7.175339353959185,-0.9482577557211113,18.185667037963867
434.024,12,-35.3538912,149.1678191,99.34400000000001,1.429789432333274,-9.370000000000001,-9.56,310.3,7.175339353959185,-0.9482577557211113,18.185667037963867
434.124,12,-35.3538996,149.16780839999998,99.368,2.2644232877049055,-9.44,-9.69,310.40000000000003,7.175339353959185,-0.9482577557211113,18.185667037963867
434.224,12,-35.3539081,149.1677977,99.402,3.1114516952642886,-9.53,-9.83,310.5,7.175339353959185,-0.9482577557211113,18.185667037963867
434.324,12,-35.3539167,149.1677868,99.432,3.904776459813977,-9.61,-9.98,310.6,7.175339353959185,-0.9482577557211113,18.185667037963867
434.42400000000004,12,-35.3539254,149.1677757,99.464,4.513780885648055,-9.71,-10.09,310.70000000000005,7.188091258835782,-0.9489262846577593,18.844886779785156
434.524,12,-35.3539341,149.1677645,99.45,4.92275767210961,-9.81,-10.200000000000001,310.8,7.188091258835782,-0.9489262846577593,18.844886779785156
434.624,12,-35.3539429,149.1677532,99.411,5.146679874519777,-9.9,-10.27,310.90000000000003,7.188091258835782,-0.9489262846577593,18.844886779785156
434.724,12,-35.3539518,149.1677418,99.369,5.26035215155536,-9.950000000000001,-10.42,311.0,7.188091258835782,-0.9489262846577593,18.844886779785156
434.824,12,-35.353960799999996,149.1677303,99.316,5.326677130377592,-10.01,-10.52,311.1,7.188091258835782,-0.9489262846577593,18.844886779785156
434.925,12,-35.3539697,149.1677186,99.302,5.390789981682386,-10.040000000000001,-10.67,311.201,7.1990413987290784,-0.9540724512020514,19.249298095703125
435.02500000000003,12,-35.3539789,149.1677067,99.312,5.395463538621968,-10.15,-10.67,311.30100000000004,7.1990413987290784,-0.9540724512020514,19.249298095703125
435.125,12,-35.353988099999995,149.1676948,99.305,5.321802936631142,-10.25,-10.71,311.401,7.1990413987290784,-0.9540724512020514,19.249298095703125
435.225,12,-35.3539974,149.1676829,99.311,5.316611992861932,-10.35,-10.75,311.50100000000003,7.1990413987290784,-0.9540724512020514,19.249298095703125
435.324,12,-35.3540068,149.1676708,99.33800000000001,5.460377656493769,-10.43,-10.84,311.6,7.1990413987290784,-0.9540724512020514,19.249298095703125
435.42400000000004,12,-35.3540163,149.1676587,99.378,5.785621446372844,-10.51,-10.89,311.70000000000005,7.206038461996879,-0.9597962249871137,19.523832321166992
435.524,12,-35.354025899999996,149.1676464,99.378,6.316072720336252,-10.53,-11.01,311.8,7.206038461996879,-0.9597962249871137,19.523832321166992
435.624,12,-35.3540354,149.1676341,99.417,6.877185994144316,-10.52,-11.15,311.90000000000003,7.206038461996879,-0.9597962249871137,19.523832321166992
435.724,12,-35.3540449,149.1676215,99.486,7.431337170754022,-10.52,-11.27,312.0,7.206038461996879,-0.9597962249871137,19.523832321166992
435.824,12,-35.354054399999995,149.1676089,99.561,7.87278510341664,-10.52,-11.38,312.1,7.206038461996879,-0.9597962249871137,19.523832321166992
435.92400000000004,12,-35.3540638,149.1675962,99.629,8.156099642641477,-10.5,-11.52,312.20000000000005,7.205433035240902,-0.9692789713953474,19.451263427734375
436.024,12,-35.354073199999995,149.16758339999998,99.71300000000001,8.128013051000737,-10.540000000000001,-11.55,312.3,7.205433035240902,-0.9692789713953474,19.451263427734375
436.124,12,-35.3540826,149.1675707,99.749,7.862864253647197,-10.53,-11.6,312.40000000000003,7.205433035240902,-0.9692789713953474,19.451263427734375
436.224,12,-35.354092,149.1675578,99.803,7.419362141591697,-10.5,-11.700000000000001,312.5,7.205433035240902,-0.9692789713953474,19.451263427734375
436.324,12,-35.354101299999996,149.167545,99.83200000000001,6.911482081514243,-10.51,-11.72,312.6,7.205433035240902,-0.9692789713953474,19.451263427734375
436.42400000000004,12,-35.3541107,149.1675321,99.84400000000001,6.449806543624632,-10.5,-11.78,312.70000000000005,7.201921957031593,-0.9796189326787968,19.875289916992188
436.524,12,-35.35412,149.1675191,99.84,6.094513336492086,-10.47,-11.82,312.8,7.201921957031593,-0.9796189326787968,19.875289916992188
436.624,12,-35.3541293,149.1675061,99.85300000000001,5.455247330653443,-10.42,-11.91,312.90000000000003,7.201921957031593,-0.9796189326787968,19.875289916992188
436.724,12,-35.3541385,149.167493,99.893,3.7230917203443457,-10.38,-11.950000000000001,313.0,7.201921957031593,-0.9796189326787968,19.875289916992188
436.824,12,-35.3541477,149.1674799,99.895,0.7225201954881332,-10.35,-11.94,313.1,7.201921957031593,-0.9796189326787968,19.875289916992188
436.92400000000004,12,-35.3541569,149.1674668,99.893,-3.531723053292105,-10.38,-11.83,313.20000000000005,7.208063000684734,-0.978774835866219,20.612951278686523
437.02500000000003,12,-35.3541661,149.167454,99.86200000000001,-8.949876907223677,-10.49,-11.58,313.30100000000004,7.208063000684734,-0.978774835866219,20.612951278686523
437.125,12,-35.3541757,149.1674413,99.825,-14.993281218817028,-10.67,-11.200000000000001,313.401,7.208063000684734,-0.978774835866219,20.612951278686523
437.225,12,-35.3541854,149.1674292,99.82600000000001,-20.780551728987607,-10.9,-10.790000000000001,313.50100000000003,7.208063000684734,-0.978774835866219,20.612951278686523
437.325,12,-35.3541954,149.1674174,99.836,-25.67825327901385,-11.21,-10.32,313.601,7.208063000684734,-0.978774835866219,20.612951278686523
437.42400000000004,12,-35.3542055,149.1674061,99.84100000000001,-29.329252352668707,-11.32,-10.22,313.70000000000005,7.214529186828406,-0.9774496361090302,20.328113555908203
437.524,12,-35.3542159,149.167395,99.79,-31.81579638039019,-11.65,-9.77,313.8,7.214529186828406,-0.9774496361090302,20.328113555908203
437.624,12,-35.3542266,149.1673845,99.744,-33.269827541470015,-11.97,-9.27,313.90000000000003,7.214529186828406,-0.9774496361090302,20.328113555908203
437.724,12,-35.3542376,149.1673746,99.73,-33.91833009750063,-12.39,-8.57,314.0,7.214529186828406,-0.9774496361090302,20.328113555908203
437.824,12,-35.354248999999996,149.1673655,99.762,-34.030164199875834,-12.71,-8.02,314.1,7.214529186828406,-0.9774496361090302,20.328113555908203
437.92400000000004,12,-35.354260499999995,149.16735699999998,99.799,-33.990648140432725,-12.950000000000001,-7.58,314.20000000000005,7.2147505951353565,-0.9750417280154762,19.89210319519043
438.024,12,-35.3542722,149.1673491,99.86,-33.826013260678735,-13.3,-6.74,314.3,7.2147505951353565,-0.9750417280154762,19.89210319519043
438.124,12,-35.354284199999995,149.1673423,99.999,-33.3274333569299,-13.58,-6.01,314.40000000000003,7.2147505951353565,-0.9750417280154762,19.89210319519043
438.224,12,-35.354296399999996,149.16733589999998,100.158,-32.64156283595015,-13.71,-5.8,314.5,7.2147505951353565,-0.9750417280154762,19.89210319519043
438.324,12,-35.3543087,149.1673298,100.255,-31.87451551668479,-13.8,-5.61,314.6,7.2147505951353565,-0.9750417280154762,19.89210319519043
438.42400000000004,12,-35.354321,149.16732399999998,100.319,-31.018361549507446,-13.950000000000001,-4.94,314.70000000000005,7.206871230147023,-0.9745123667080527,20.390302658081055
438.524,12,-35.354333499999996,149.16731919999998,100.455,-29.900235676714264,-14.05,-4.3,314.8,7.206871230147023,-0.9745123667080527,20.390302658081055
438.624,12,-35.354346,149.1673145,100.566,-28.99399593235322,-14.05,-4.33,314.90000000000003,7.206871230147023,-0.9745123667080527,20.390302658081055
438.724,12,-35.3543586,149.16731,100.60600000000001,-28.42036420245699,-14.1,-3.95,315.0,7.206871230147023,-0.9745123667080527,20.390302658081055
438.824,12,-35.3543711,149.16730579999998,100.64,-28.008736021937,-14.15,-3.5700000000000003,315.1,7.206871230147023,-0.9745123667080527,20.390302658081055
438.92400000000004,12,-35.3543838,149.1673021,100.68900000000001,-27.73560870985924,-14.16,-3.54,315.20000000000005,7.195363545174275,-0.9725718996073716,19.92926025390625
439.024,12,-35.3543964,149.1672982,100.649,-27.995002219063398,-14.19,-3.43,315.3,7.195363545174275,-0.9725718996073716,19.92926025390625
439.125,12,-35.3544092,149.16729469999999,100.604,-28.606001913908766,-14.25,-3.15,315.401,7.195363545174275,-0.9725718996073716,19.92926025390625
439.225,12,-35.354422,149.16729139999998,100.538,-29.609921901137458,-14.34,-2.74,315.50100000000003,7.195363545174275,-0.9725718996073716,19.92926025390625
439.325,12,-35.354434999999995,149.16728849999998,100.456,-30.741626190000627,-14.4,-2.48,315.601,7.195363545174275,-0.9725718996073716,19.92926025390625
439.42400000000004,12,-35.354448,149.16728609999998,100.35900000000001,-31.439592976000473,-14.5,-1.94,315.70000000000005,7.178406179837628,-0.9698866114527736,20.097938537597656
439.524,12,-35.354461199999996,149.1672844,100.288,-31.302142249143138,-14.59,-1.34,315.8,7.178406179837628,-0.9698866114527736,20.097938537597656
439.624,12,-35.3544744,149.1672834,100.257,-30.062421933650803,-14.67,-0.58,315.90000000000003,7.178406179837628,-0.9698866114527736,20.097938537597656
439.724,12,-35.3544877,149.1672831,100.274,-27.45433298210165,-14.71,-0.24,316.0,7.178406179837628,-0.9698866114527736,20.097938537597656
439.824,12,-35.3545011,149.1672831,100.287,-23.71145591127907,-14.72,0.13,316.1,7.178406179837628,-0.9698866114527736,20.097938537597656
439.92400000000004,12,-35.3545144,149.1672835,100.31400000000001,-19.16862879241189,-14.67,0.47000000000000003,316.20000000000005,7.162890821305391,-0.9665063982129549,20.398666381835938
440.024,12,-35.3545276,149.1672841,100.386,-14.167788824597517,-14.59,0.79,316.3,7.162890821305391,-0.9665063982129549,20.398666381835938
440.124,12,-35.3545406,149.167285,100.498,-9.194246561574747,-14.5,0.8200000000000001,316.40000000000003,7.162890821305391,-0.9665063982129549,20.398666381835938
440.224,12,-35.354553599999996,149.1672859,100.602,-4.797831804642784,-14.41,0.81,316.5,7.162890821305391,-0.9665063982129549,20.398666381835938
440.324,12,-35.354566399999996,149.1672868,100.69200000000001,-1.1608633269253041,-14.32,0.73,316.6,7.162890821305391,-0.9665063982129549,20.398666381835938
440.42400000000004,12,-35.354579099999995,149.1672875,100.69200000000001,1.6513811528542919,-14.21,0.65,316.70000000000005,7.153522082452497,-0.960684143629297,20.825197219848633
440.524,12,-35.3545917,149.16728809999998,100.709,3.587755363921951,-14.09,0.5700000000000001,316.8,7.153522082452497,-0.960684143629297,20.825197219848633
440.624,13,-35.354604099999996,149.1672887,100.70700000000001,4.766111125476775,-13.99,0.5,316.90000000000003,7.153522082452497,-0.960684143629297,20.825197219848633
440.724,13,-35.3546165,149.1672891,100.671,5.254415863392973,-13.88,0.47000000000000003,317.0,7.153522082452497,-0.960684143629297,20.825197219848633
440.824,13,-35.3546288,149.1672896,100.592,5.255289700719912,-13.81,0.4,317.1,7.153522082452497,-0.960684143629297,20.825197219848633
440.92400000000004,13,-35.354641099999995,149.1672898,100.507,5.1093652704235275,-13.74,0.28,317.20000000000005,7.154311835812229,-0.9575278729328585,20.440095901489258
441.024,13,-35.354653299999995,149.16728999999998,100.411,4.8759068432715535,-13.700000000000001,0.11,317.3,7.154311835812229,-0.9575278729328585,20.440095901489258
441.124,13,-35.354665499999996,149.1672899,100.321,4.478791107190549,-13.65,0.0,317.40000000000003,7.154311835812229,-0.9575278729328585,20.440095901489258
441.225,13,-35.354677699999996,149.1672898,100.296,3.958772520297513,-13.65,-0.12,317.50100000000003,7.154311835812229,-0.9575278729328585,20.440095901489258
441.325,13,-35.35469,149.16728949999998,100.304,3.3363322585923734,-13.63,-0.14,317.601,7.154311835812229,-0.9575278729328585,20.440095901489258
441.425,13,-35.3547023,149.1672893,100.29,2.6421391521089577,-13.620000000000001,-0.2,317.701,7.151886299534512,-0.9562648872733728,19.6319580078125
441.524,13,-35.3547146,149.1672889,100.25,1.8649500691431895,-13.620000000000001,-0.25,317.8,7.151886299534512,-0.9562648872733728,19.6319580078125
441.624,13,-35.354726899999996,149.1672886,100.249,1.0493973077133407,-13.620000000000001,-0.27,317.90000000000003,7.151886299534512,-0.9562648872733728,19.6319580078125
441.724,13,-35.3547392,149.1672882,100.32900000000001,0.2594272332631862,-13.66,-0.27,318.0,7.151886299534512,-0.9562648872733728,19.6319580078125
441.824,13,-35.3547515,149.1672878,100.343,-0.5368488666990354,-13.66,-0.2,318.1,7.151886299534512,-0.9562648872733728,19.6319580078125
441.92400000000004,13,-35.3547639,149.16728759999998,100.268,-1.4444020884539874,-13.67,-0.01,318.20000000000005,7.139852192983904,-0.9545764767565041,19.449649810791016
442.024,13,-35.354776199999996,149.1672877,100.256,-2.3030509956690897,-13.65,0.21,318.3,7.139852192983904,-0.9545764767565041,19.449649810791016
442.124,13,-35.3547885,149.1672879,100.19200000000001,-2.7607172125159027,-13.64,0.37,318.40000000000003,7.139852192983904,-0.9545764767565041,19.449649810791016
442.224,13,-35.3548007,149.1672884,100.169,-2.606877019858297,-13.66,0.51,318.5,7.139852192983904,-0.9545764767565041,19.449649810791016
442.324,13,-35.3548128,149.1672889,100.184,-1.9384610473025095,-13.65,0.55,318.6,7.139852192983904,-0.9545764767565041,19.449649810791016
442.42400000000004,13,-35.354825,149.16728949999998,100.131,-0.7583251143343978,-13.65,0.5700000000000001,318.70000000000005,7.133379074696177,-0.951228294397965,20.18902587890625
442.524,13,-35.3548372,149.1672901,100.081,0.7196672041274776,-13.68,0.56,318.8,7.133379074696177,-0.951228294397965,20.18902587890625
442.624,13,-35.3548494,149.1672907,100.06400000000001,2.1722242716461957,-13.67,0.53,318.90000000000003,7.133379074696177,-0.951228294397965,20.18902587890625
442.724,13,-35.3548615,149.1672912,99.973,3.468107311692841,-13.64,0.49,319.0,7.133379074696177,-0.951228294397965,20.18902587890625
442.824,13,-35.3548736,149.1672917,99.901,4.482068744218509,-13.6,0.35000000000000003,319.1,7.133379074696177,-0.951228294397965,20.18902587890625
442.92400000000004,13,-35.3548857,149.16729189999998,99.925,5.14874515297006,-13.56,0.17,319.20000000000005,7.134506848185659,-0.9424265608232995,20.119997024536133
443.024,13,-35.354897799999996,149.167292,99.961,5.438504829450449,-13.5,0.1,319.3,7.134506848185659,-0.9424265608232995,20.119997024536133
443.124,13,-35.3549098,149.167292,99.956,5.379569261536525,-13.44,0.0,319.40000000000003,7.134506848185659,-0.9424265608232995,20.119997024536133
443.225,13,-35.3549217,149.16729189999998,99.96600000000001,4.993841585236048,-13.370000000000001,-0.07,319.50100000000003,7.134506848185659,-0.9424265608232995,20.119997024536133
443.325,13,-35.3549338,149.1672918,99.973,4.355494666727595,-13.3,-0.15,319.601,7.134506848185659,-0.9424265608232995,20.119997024536133
443.425,13,-35.3549457,149.1672916,100.011,3.5068161281534187,-13.24,-0.2,319.701,7.139135838662425,-0.935169836932669,20.472965240478516
443.52500000000003,13,-35.3549577,149.16729139999998,100.061,2.537632988939531,-13.18,-0.19,319.80100000000004,7.139135838662425,-0.935169836932669,20.472965240478516
443.624,13,-35.354969499999996,149.1672911,100.072,1.6326993048138376,-13.120000000000001,-0.19,319.90000000000003,7.139135838662425,-0.935169836932669,20.472965240478516
443.724,13,-35.3549814,149.16729089999998,100.037,0.7837058838467537,-13.05,-0.18,320.0,7.139135838662425,-0.935169836932669,20.472965240478516
443.824,13,-35.3549931,149.1672907,100.012,0.1489786587735033,-12.99,-0.18,320.1,7.139135838662425,-0.935169836932669,20.472965240478516
443.92400000000004,13,-35.355004799999996,149.16729039999998,100.01,-0.24330091650894808,-12.93,-0.18,320.20000000000005,7.151296068257667,-0.9317613691135382,20.464326858520508
444.024,13,-35.3550165,149.1672902,99.95700000000001,-0.4567548134794396,-12.88,-0.18,320.3,7.151296068257667,-0.9317613691135382,20.464326858520508
444.124,13,-35.355028,149.16728999999998,99.941,-0.5260560472325045,-12.83,-0.17,320.40000000000003,7.151296068257667,-0.9317613691135382,20.464326858520508
444.224,13,-35.355039399999995,149.1672898,99.929,-0.5532918534347535,-12.780000000000001,-0.17,320.5,7.151296068257667,-0.9317613691135382,20.464326858520508
444.324,13,-35.3550508,149.1672896,99.936,-0.533743371782501,-12.74,-0.17,320.6,7.151296068257667,-0.9317613691135382,20.464326858520508
444.42400000000004,13,-35.3550621,149.1672894,99.95,-0.5148187318613939,-12.700000000000001,-0.17,320.70000000000005,7.16941139652902,-0.9288600340687795,20.281700134277344
444.524,13,-35.355073399999995,149.1672892,99.885,-0.5166099489712298,-12.65,-0.15,320.8,7.16941139652902,-0.9288600340687795,20.281700134277344
444.624,13,-35.3550846,149.1672891,99.871,-0.5750343732753139,-12.59,-0.14,320.90000000000003,7.16941139652902,-0.9288600340687795,20.281700134277344
444.724,13,-35.3550958,149.1672889,99.909,-0.6450019773592783,-12.530000000000001,-0.13,321.0,7.16941139652902,-0.9288600340687795,20.281700134277344
444.824,13,-35.355106899999996,149.1672888,99.956,-0.7487475882924532,-12.48,-0.1,321.1,7.16941139652902,-0.9288600340687795,20.281700134277344
444.92400000000004,13,-35.355118,149.1672887,100.015,-0.9394301948590775,-12.43,-0.01,321.20000000000005,7.188345031258468,-0.9264627763446986,19.97629737854004
445.024,13,-35.355129,149.1672887,100.034,-1.1310211632244607,-12.370000000000001,0.08,321.3,7.188345031258468,-0.9264627763446986,19.97629737854004
445.124,13,-35.35514,149.1672888,100.009,-1.1174778585956775,-12.33,0.16,321.40000000000003,7.188345031258468,-0.9264627763446986,19.97629737854004
445.224,13,-35.355151,149.16728899999998,100.013,-0.8676557922962332,-12.27,0.19,321.5,7.188345031258468,-0.9264627763446986,19.97629737854004
445.325,13,-35.3551619,149.1672892,100.018,-0.4713959642955966,-12.22,0.24,321.601,7.188345031258468,-0.9264627763446986,19.97629737854004
445.425,13,-35.3551729,149.16728949999998,100.014,0.07400285850126674,-12.18,0.25,321.701,7.206259480442756,-0.9218561287790284,20.21870231628418
445.52500000000003,13,-35.3551838,149.1672898,99.98,0.6925496989360874,-12.15,0.27,321.80100000000004,7.206259480442756,-0.9218561287790284,20.21870231628418
445.625,13,-35.3551948,149.1672901,99.944,1.3207833484395728,-12.120000000000001,0.24,321.901,7.206259480442756,-0.9218561287790284,20.21870231628418
445.724,13,-35.3552057,149.1672903,99.879,1.8827365220721373,-12.08,0.22,322.0,7.206259480442756,-0.9218561287790284,20.21870231628418
445.824,13,-35.3552166,149.1672905,99.798,2.3313503903911563,-12.06,0.15,322.1,7.206259480442756,-0.9218561287790284,20.21870231628418
445.92400000000004,13,-35.3552276,149.1672906,99.71600000000001,2.770807536354127,-12.06,0.03,322.20000000000005,7.2324320663108175,-0.9198408244789718,19.923742294311523
446.024,13,-35.3552385,149.1672906,99.632,3.108265838903301,-12.08,-0.11,322.3,7.2324320663108175,-0.9198408244789718,19.923742294311523
446.124,13,-35.3552495,149.1672905,99.613,3.1791397237127614,-12.16,-0.23,322.40000000000003,7.2324320663108175,-0.9198408244789718,19.923742294311523
446.224,13,-35.3552605,149.1672901,99.618,2.961229154989263,-12.26,-0.33,322.5,7.2324320663108175,-0.9198408244789718,19.923742294311523
446.324,13,-35.3552716,149.1672897,99.604,2.4106224196719706,-12.38,-0.37,322.6,7.2324320663108175,-0.9198408244789718,19.923742294311523
446.42400000000004,13,-35.3552827,149.1672893,99.572,1.5870615816053992,-12.49,-0.39,322.70000000000005,7.241023316954454,-0.9106219721731489,18.484243392944336
446.524,13,-35.355294,149.1672888,99.519,0.6021605229248725,-12.59,-0.4,322.8,7.241023316954454,-0.9106219721731489,18.484243392944336
446.624,13,-35.3553053,149.1672884,99.474,-0.4306441742212444,-12.68,-0.4,322.90000000000003,7.241023316954454,-0.9106219721731489,18.484243392944336
446.724,13,-35.3553166,149.1672879,99.494,-1.357329876419313,-12.790000000000001,-0.36,323.0,7.241023316954454,-0.9106219721731489,18.484243392944336
446.824,13,-35.3553281,149.16728759999998,99.542,-2.092477330774654,-12.93,-0.36,323.1,7.241023316954454,-0.9106219721731489,18.484243392944336
446.92400000000004,13,-35.3553397,149.16728709999998,99.553,-2.4708587117359593,-13.06,-0.4,323.20000000000005,7.229124691746615,-0.9008483908270131,18.589941024780273
447.024,13,-35.3553515,149.16728659999998,99.549,-2.592073225162529,-13.19,-0.48,323.3,7.229124691746615,-0.9008483908270131,18.589941024780273
447.124,13,-35.3553633,149.16728609999998,99.56400000000001,-2.540290999743724,-13.34,-0.54,323.40000000000003,7.229124691746615,-0.9008483908270131,18.589941024780273
447.224,13,-35.3553753,149.1672854,99.537,-2.6436861899559654,-13.47,-0.59,323.5,7.229124691746615,-0.9008483908270131,18.589941024780273
447.324,13,-35.3553874,149.16728469999998,99.464,-2.9412709153476624,-13.59,-0.59,323.6,7.229124691746615,-0.9008483908270131,18.589941024780273
447.425,13,-35.3553996,149.1672841,99.411,-3.4148538208381325,-13.71,-0.53,323.701,7.21651211171115,-0.8930318558052421,19.241382598876953
447.52500000000003,13,-35.355412199999996,149.1672835,99.386,-4.0061245142659185,-13.82,-0.46,323.80100000000004,7.21651211171115,-0.8930318558052421,19.241382598876953
447.625,13,-35.3554247,149.1672831,99.387,-4.628281750007326,-13.94,-0.41000000000000003,323.901,7.21651211171115,-0.8930318558052421,19.241382598876953
447.725,13,-35.3554374,149.1672826,99.311,-5.112305666861218,-14.01,-0.34,324.00100000000003,7.21651211171115,-0.8930318558052421,19.241382598876953
447.824,13,-35.3554501,149.1672824,99.3,-5.424132830776273,-14.030000000000001,-0.21,324.1,7.21651211171115,-0.8930318558052421,19.241382598876953
447.92400000000004,13,-35.3554628,149.1672821,99.35600000000001,-5.427968835768882,-14.05,-0.19,324.20000000000005,7.204690490779784,-0.8913858275117607,20.040639877319336
448.024,13,-35.3554755,149.167282,99.438,-5.170408805470047,-14.06,-0.19,324.3,7.204690490779784,-0.8913858275117607,20.040639877319336
448.124,13,-35.3554883,149.16728179999998,99.506,-4.755349308665774,-14.08,-0.18,324.40000000000003,7.204690490779784,-0.8913858275117607,20.040639877319336
448.224,13,-35.355501,149.1672816,99.56700000000001,-4.303601023847953,-14.09,-0.19,324.5,7.204690490779784,-0.8913858275117607,20.040639877319336
448.324,13,-35.355513699999996,149.1672814,99.601,-3.9242924447068193,-14.06,-0.15,324.6,7.204690490779784,-0.8913858275117607,20.040639877319336
448.42400000000004,13,-35.3555262,149.1672812,99.60000000000001,-3.6911870529575697,-14.01,-0.14,324.70000000000005,7.201265247824999,-0.8916065664000334,20.680896759033203
448.524,13,-35.3555387,149.167281,99.616,-3.5663209496459816,-13.92,-0.09,324.8,7.201265247824999,-0.8916065664000334,20.680896759033203
448.624,13,-35.3555511,149.16728089999998,99.667,-3.4080462566697456,-13.85,-0.05,324.90000000000003,7.201265247824999,-0.8916065664000334,20.680896759033203
448.724,13,-35.3555634,149.1672808,99.711,-3.317308687650007,-13.8,-0.07,325.0,7.201265247824999,-0.8916065664000334,20.680896759033203
448.824,13,-35.355575699999996,149.1672807,99.726,-3.314724101379392,-13.74,-0.04,325.1,7.201265247824999,-0.8916065664000334,20.680896759033203
448.92400000000004,13,-35.355587799999995,149.1672807,99.71000000000001,-3.3440456765994333,-13.66,0.07,325.20000000000005,7.20585467727071,-0.8957835508693676,20.849803924560547
449.024,13,-35.3555999,149.1672807,99.71000000000001,-3.3684341476914335,-13.56,0.16,325.3,7.20585467727071,-0.8957835508693676,20.849803924560547
449.124,13,-35.3556119,149.167281,99.69,-3.247776508125631,-13.450000000000001,0.25,325.40000000000003,7.20585467727071,-0.8957835508693676,20.849803924560547
449.224,13,-35.3556239,149.16728129999998,99.69800000000001,-2.954389787752553,-13.35,0.32,325.5,7.20585467727071,-0.8957835508693676,20.849803924560547
449.324,13,-35.3556357,149.1672816,99.742,-2.4854753165597865,-13.26,0.34,325.6,7.20585467727071,-0.8957835508693676,20.849803924560547
449.42400000000004,13,-35.355647499999996,149.167282,99.784,-1.9599902304532129,-13.18,0.38,325.70000000000005,7.2184603493734185,-0.9017060620211153,20.86334800720215
449.52500000000003,13,-35.3556592,149.1672825,99.805,-1.3026626431281174,-13.1,0.39,325.80100000000004,7.2184603493734185,-0.9017060620211153,20.86334800720215
449.625,13,-35.3556709,149.1672829,99.82900000000001,-0.6381999627195919,-13.0,0.4,325.901,7.2184603493734185,-0.9017060620211153,20.86334800720215
449.725,13,-35.3556826,149.16728329999998,99.882,0.02484536505724347,-12.91,0.39,326.00100000000003,7.2184603493734185,-0.9017060620211153,20.86334800720215
449.824,13,-35.3556941,149.1672838,99.919,0.6101567534522534,-12.83,0.34,326.1,7.2184603493734185,-0.9017060620211153,20.86334800720215
449.92400000000004,13,-35.3557057,149.1672841,99.961,1.1307033459846436,-12.74,0.27,326.20000000000005,7.235029969310302,-0.9067367792110853,20.47369956970215
450.024,13,-35.3557171,149.1672843,100.003,1.5351570531117682,-12.67,0.19,326.3,7.235029969310302,-0.9067367792110853,20.47369956970215
450.124,13,-35.3557286,149.1672845,100.032,1.7304615099515228,-12.6,0.14,326.40000000000003,7.235029969310302,-0.9067367792110853,20.47369956970215
450.224,13,-35.355739899999996,149.1672846,100.036,1.7099111782862468,-12.530000000000001,0.1,326.5,7.235029969310302,-0.9067367792110853,20.47369956970215
450.324,13,-35.3557512,149.16728469999998,100.009,1.4777496333029285,-12.48,0.07,326.6,7.235029969310302,-0.9067367792110853,20.47369956970215
450.42400000000004,13,-35.3557625,149.16728469999998,100.025,1.0778463262669131,-12.44,0.05,326.70000000000005,7.254135859880968,-0.9126889931711051,20.428985595703125
450.524,13,-35.3557736,149.1672848,100.013,0.666299521047583,-12.39,0.05,326.8,7.254135859880968,-0.9126889931711051,20.428985595703125
450.624,13,-35.3557847,149.1672848,99.986,0.25721161060988396,-12.36,0.06,326.90000000000003,7.254135859880968,-0.9126889931711051,20.428985595703125
450.724,13,-35.3557956,149.1672849,99.956,-0.09783359528874619,-12.3,0.05,327.0,7.254135859880968,-0.9126889931711051,20.428985595703125
450.824,13,-35.3558066,149.1672849,99.897,-0.35449810374404817,-12.25,0.04,327.1,7.254135859880968,-0.9126889931711051,20.428985595703125
450.92400000000004,13,-35.3558175,149.1672849,99.901,-0.5283949067755579,-12.19,0.02,327.20000000000005,7.276002518191907,-0.9208970622450844,20.209238052368164
451.024,13,-35.3558283,149.1672849,99.896,-0.59706034596643,-12.14,0.02,327.3,7.276002518191907,-0.9208970622450844,20.209238052368164
451.124,13,-35.3558391,149.1672849,99.936,-0.600988345069422,-12.09,0.01,327.40000000000003,7.276002518191907,-0.9208970622450844,20.209238052368164
451.224,13,-35.3558498,149.1672849,99.96600000000001,-0.607181672460184,-12.05,0.0,327.5,7.276002518191907,-0.9208970622450844,20.209238052368164
451.324,13,-35.3558605,149.1672849,99.96600000000001,-0.6510346885828392,-12.01,0.0,327.6,7.276002518191907,-0.9208970622450844,20.209238052368164
451.42400000000004,13,-35.355871199999996,149.1672849,99.932,-0.6443485203547785,-11.98,-0.02,327.70000000000005,7.299274529228872,-0.9296299967474417,20.184497833251953
451.524,13,-35.3558819,149.1672849,99.903,-0.7109055655262322,-11.93,-0.01,327.8,7.299274529228872,-0.9296299967474417,20.184497833251953
451.625,13,-35.3558926,149.1672849,99.876,-0.8125930483634118,-11.9,-0.01,327.901,7.299274529228872,-0.9296299967474417,20.184497833251953
451.725,13,-35.3559033,149.1672849,99.811,-0.9522635867010025,-11.870000000000001,-0.01,328.00100000000003,7.299274529228872,-0.9296299967474417,20.184497833251953
451.825,13,-35.355914,149.1672848,99.753,-1.0479678771861038,-11.870000000000001,0.0,328.101,7.299274529228872,-0.9296299967474417,20.184497833251953
451.92400000000004,13,-35.3559248,149.1672849,99.756,-1.109072670491742,-11.91,0.01,328.20000000000005,7.322771409606347,-0.9393000055886906,19.776453018188477
452.024,13,-35.355935599999995,149.1672849,99.73700000000001,-1.1508858079300908,-11.99,0.03,328.3,7.322771409606347,-0.9393000055886906,19.776453018188477
452.124,13,-35.3559465,149.1672849,99.708,-1.1697968941945636,-12.1,0.06,328.40000000000003,7.322771409606347,-0.9393000055886906,19.776453018188477
452.224,13,-35.355957499999995,149.1672849,99.628,-1.1797112339399545,-12.21,0.07,328.5,7.322771409606347,-0.9393000055886906,19.776453018188477
452.324,13,-35.3559686,149.167285,99.535,-1.132855069016609,-12.35,0.12,328.6,7.322771409606347,-0.9393000055886906,19.776453018188477
452.42400000000004,13,-35.3559799,149.16728519999998,99.53,-0.9987751472363796,-12.52,0.17,328.70000000000005,7.329523173461035,-0.9457994316229081,18.52164649963379
452.524,13,-35.3559912,149.1672854,99.562,-0.8047489496276224,-12.67,0.19,328.8,7.329523173461035,-0.9457994316229081,18.52164649963379
452.624,13,-35.3560026,149.16728559999999,99.572,-0.608386773961868,-12.82,0.21,328.90000000000003,7.329523173461035,-0.9457994316229081,18.52164649963379
452.724,13,-35.356014099999996,149.1672859,99.575,-0.36157361943522603,-12.94,0.24,329.0,7.329523173461035,-0.9457994316229081,18.52164649963379
452.824,13,-35.3560258,149.1672862,99.61500000000001,-0.05120670193995251,-13.07,0.25,329.1,7.329523173461035,-0.9457994316229081,18.52164649963379
452.92400000000004,13,-35.3560375,149.1672864,99.70100000000001,0.35312702330944745,-13.19,0.22,329.20000000000005,7.314250257690997,-0.9471062647064814,18.242752075195312
453.024,13,-35.356049399999996,149.1672867,99.762,0.7524283665640025,-13.36,0.18,329.3,7.314250257690997,-0.9471062647064814,18.242752075195312
453.124,13,-35.3560614,149.1672868,99.833,1.0338298124910006,-13.530000000000001,0.16,329.40000000000003,7.314250257690997,-0.9471062647064814,18.242752075195312
453.224,13,-35.3560735,149.167287,99.858,1.2331324913161512,-13.71,0.16,329.5,7.314250257690997,-0.9471062647064814,18.242752075195312
453.324,13,-35.3560859,149.1672872,99.822,1.2977671050405108,-13.870000000000001,0.15,329.6,7.314250257690997,-0.9471062647064814,18.242752075195312
453.42400000000004,13,-35.3560983,149.1672874,99.792,1.2482192052539458,-14.040000000000001,0.16,329.70000000000005,7.287731980783891,-0.9463169261421092,18.736818313598633
453.524,13,-35.356111,149.16728759999998,99.782,1.1162985837467925,-14.21,0.18,329.8,7.287731980783891,-0.9463169261421092,18.736818313598633
453.624,13,-35.3561238,149.1672878,99.72200000000001,1.0186751168266233,-14.370000000000001,0.2,329.90000000000003,7.287731980783891,-0.9463169261421092,18.736818313598633
453.725,13,-35.3561368,149.16728799999999,99.666,0.8871904001267341,-14.56,0.22,330.00100000000003,7.287731980783891,-0.9463169261421092,18.736818313598633
453.825,13,-35.3561499,149.1672882,99.643,0.8211239012759048,-14.69,0.24,330.101,7.287731980783891,-0.9463169261421092,18.736818313598633
453.925,13,-35.3561633,149.16728849999998,99.629,0.7582131099041801,-14.780000000000001,0.33,330.201,7.259341337045741,-0.9465820695721524,19.401012420654297
454.024,13,-35.3561766,149.1672889,99.587,0.805602723273874,-14.83,0.42,330.3,7.259341337045741,-0.9465820695721524,19.401012420654297
454.124,13,-35.3561901,149.1672894,99.602,1.141790343833161,-14.82,0.42,330.40000000000003,7.259341337045741,-0.9465820695721524,19.401012420654297
454.224,13,-35.3562035,149.1672899,99.71600000000001,1.599265208661508,-14.83,0.44,330.5,7.259341337045741,-0.9465820695721524,19.401012420654297
454.324,13,-35.356217,149.16729039999998,99.82900000000001,2.0926015548401837,-14.86,0.45,330.6,7.259341337045741,-0.9465820695721524,19.401012420654297
454.42400000000004,13,-35.3562304,149.16729089999998,99.919,2.6011678354858128,-14.870000000000001,0.45,330.70000000000005,7.234460375619146,-0.945808642512098,20.345521926879883
454.524,13,-35.3562438,149.1672913,99.968,3.1560822857352675,-14.870000000000001,0.45,330.8,7.234460375619146,-0.945808642512098,20.345521926879883
454.624,13,-35.3562571,149.1672918,99.992,3.631354168941435,-14.85,0.38,330.90000000000003,7.234460375619146,-0.945808642512098,20.345521926879883
454.724,13,-35.3562704,149.1672921,100.025,4.035163490409051,-14.82,0.33,331.0,7.234460375619146,-0.945808642512098,20.345521926879883
454.824,13,-35.3562836,149.16729239999998,100.023,4.296988546957735,-14.780000000000001,0.28,331.1,7.234460375619146,-0.945808642512098,20.345521926879883
454.92400000000004,13,-35.3562967,149.1672927,100.043,4.249365906743467,-14.73,0.35000000000000003,331.20000000000005,7.2201149658280945,-0.9438725460528526,21.00058937072754
455.024,13,-35.3563099,149.1672932,100.06400000000001,3.9202728783802665,-14.66,0.49,331.3,7.2201149658280945,-0.9438725460528526,21.00058937072754
455.124,13,-35.356322899999995,149.1672937,100.03,3.7231805128035558,-14.58,0.55,331.40000000000003,7.2201149658280945,-0.9438725460528526,21.00058937072754
455.224,13,-35.3563358,149.16729429999998,100.032,3.7285003763933493,-14.49,0.56,331.5,7.2201149658280945,-0.9438725460528526,21.00058937072754
455.324,13,-35.3563487,149.1672949,100.066,4.005873931700744,-14.38,0.52,331.6,7.2201149658280945,-0.9438725460528526,21.00058937072754
455.42400000000004,13,-35.3563615,149.1672954,100.145,4.481118067263408,-14.280000000000001,0.48,331.70000000000005,7.2190203084375835,-0.942298129065847,21.11808967590332
455.524,13,-35.3563741,149.1672959,100.221,5.077155378958217,-14.17,0.45,331.8,7.2190203084375835,-0.942298129065847,21.11808967590332
455.624,13,-35.3563867,149.1672964,100.258,5.659942550550024,-14.05,0.43,331.90000000000003,7.2190203084375835,-0.942298129065847,21.11808967590332
455.725,13,-35.3563992,149.1672968,100.257,6.165916134075399,-13.91,0.3,332.00100000000003,7.2190203084375835,-0.942298129065847,21.11808967590332
455.825,13,-35.356411699999995,149.167297,100.34,6.438231080528753,-13.77,0.15,332.101,7.2190203084375835,-0.942298129065847,21.11808967590332
455.925,13,-35.356424,149.1672972,100.437,6.52507480139135,-13.69,0.22,332.201,7.221853100673029,-0.9367025259780499,20.929443359375
456.02500000000003,13,-35.3564363,149.1672973,100.444,6.432874504672171,-13.6,0.15,332.30100000000004,7.221853100673029,-0.9367025259780499,20.929443359375
456.124,13,-35.3564485,149.1672974,100.45100000000001,6.113609691637795,-13.51,0.1,332.40000000000003,7.221853100673029,-0.9367025259780499,20.929443359375
456.224,13,-35.3564607,149.1672975,100.407,5.696539131009776,-13.41,0.07,332.5,7.221853100673029,-0.9367025259780499,20.929443359375
456.324,13,-35.3564728,149.1672975,100.349,5.272699852914274,-13.32,0.02,332.6,7.221853100673029,-0.9367025259780499,20.929443359375
456.42400000000004,13,-35.3564848,149.1672975,100.292,4.831099948542623,-13.24,-0.02,332.70000000000005,7.232206911523249,-0.9330596659203647,20.683034896850586
456.524,13,-35.3564967,149.1672974,100.246,4.415199057809969,-13.18,-0.09,332.8,7.232206911523249,-0.9330596659203647,20.683034896850586
456.624,13,-35.3565086,149.1672973,100.221,4.060932086600217,-13.11,-0.12,332.90000000000003,7.232206911523249,-0.9330596659203647,20.683034896850586
456.724,13,-35.3565203,149.16729709999998,100.21000000000001,3.773798190968874,-13.07,-0.19,333.0,7.232206911523249,-0.9330596659203647,20.683034896850586
456.824,13,-35.3565319,149.1672969,100.177,3.4820280909949735,-13.0,-0.2,333.1,7.232206911523249,-0.9330596659203647,20.683034896850586
456.92400000000004,13,-35.3565435,149.16729669999998,100.154,3.0725484318557768,-12.94,-0.25,333.20000000000005,7.243904143087894,-0.927524732036256,20.424972534179688
457.024,13,-35.356555,149.1672964,100.141,2.597149976706553,-12.86,-0.23,333.3,7.243904143087894,-0.927524732036256,20.424972534179688
457.124,13,-35.3565664,149.1672961,100.111,2.089316874179642,-12.780000000000001,-0.24,333.40000000000003,7.243904143087894,-0.927524732036256,20.424972534179688
457.224,13,-35.356577699999995,149.1672958,100.162,1.6494155524772092,-12.71,-0.23,333.5,7.243904143087894,-0.927524732036256,20.424972534179688
457.324,13,-35.356589,149.1672956,100.177,1.2835822962382752,-12.65,-0.2,333.6,7.243904143087894,-0.927524732036256,20.424972534179688
457.42400000000004,13,-35.3566003,149.1672953,100.133,1.039414025746015,-12.58,-0.2,333.70000000000005,7.259434396924373,-0.9215305645694697,20.409404754638672
457.524,13,-35.3566114,149.167295,100.114,0.9027058685175057,-12.5,-0.22,333.8,7.259434396924373,-0.9215305645694697,20.409404754638672
457.624,13,-35.3566225,149.16729479999998,100.107,0.8278681794727636,-12.44,-0.22,333.90000000000003,7.259434396924373,-0.9215305645694697,20.409404754638672
457.724,13,-35.356633599999995,149.1672945,100.057,0.7814645679427845,-12.39,-0.23,334.0,7.259434396924373,-0.9215305645694697,20.409404754638672
457.825,13,-35.356644599999996,149.1672942,100.0,0.7617971449494386,-12.34,-0.25,334.101,7.259434396924373,-0.9215305645694697,20.409404754638672
457.925,13,-35.3566558,149.16729379999998,99.914,0.853322373518697,-12.33,-0.33,334.201,7.282701040570267,-0.9153550096202365,20.23967742919922
458.02500000000003,13,-35.3566669,149.1672934,99.876,0.908093820555588,-12.31,-0.4,334.30100000000004,7.282701040570267,-0.9153550096202365,20.23967742919922
458.125,13,-35.356677999999995,149.16729279999998,99.83,0.8599839423935751,-12.31,-0.45,334.401,7.282701040570267,-0.9153550096202365,20.23967742919922
458.224,13,-35.3566892,149.16729229999999,99.81700000000001,0.6376838565504328,-12.32,-0.5,334.5,7.282701040570267,-0.9153550096202365,20.23967742919922
458.324,13,-35.3567003,149.1672916,99.83500000000001,0.24577926132145778,-12.32,-0.52,334.6,7.282701040570267,-0.9153550096202365,20.23967742919922
458.42400000000004,13,-35.356711499999996,149.167291,99.836,-0.33126289408514903,-12.32,-0.52,334.70000000000005,7.299551787335676,-0.9087539771216232,19.72342872619629
458.524,13,-35.3567226,149.16729039999998,99.811,-0.9998642422438793,-12.3,-0.51,334.8,7.299551787335676,-0.9087539771216232,19.72342872619629
458.624,13,-35.3567337,149.1672898,99.857,-1.6489747918323319,-12.290000000000001,-0.47000000000000003,334.90000000000003,7.299551787335676,-0.9087539771216232,19.72342872619629
458.724,13,-35.3567448,149.1672892,99.944,-2.2455762344639014,-12.290000000000001,-0.45,335.0,7.299551787335676,-0.9087539771216232,19.72342872619629
458.824,13,-35.356755799999995,149.1672887,99.976,-2.6920012405973432,-12.32,-0.46,335.1,7.299551787335676,-0.9087539771216232,19.72342872619629
458.92400000000004,13,-35.356766799999995,149.1672882,99.98400000000001,-2.8924559802364045,-12.35,-0.46,335.20000000000005,7.3096552626337745,-0.9033525375535242,19.401819229125977
459.024,13,-35.356777799999996,149.16728759999998,99.973,-2.947020013638109,-12.38,-0.49,335.3,7.3096552626337745,-0.9033525375535242,19.401819229125977
459.124,13,-35.3567889,149.167287,99.95100000000001,-2.9738419530653375,-12.4,-0.52,335.40000000000003,7.3096552626337745,-0.9033525375535242,19.401819229125977
459.224,13,-35.3568,149.1672864,99.906,-3.028397662173991,-12.43,-0.53,335.5,7.3096552626337745,-0.9033525375535242,19.401819229125977
459.324,13,-35.3568111,149.16728569999998,99.834,-3.171653409495604,-12.47,-0.53,335.6,7.3096552626337745,-0.9033525375535242,19.401819229125977
459.42400000000004,13,-35.356822199999996,149.1672851,99.781,-3.467034545106326,-12.51,-0.46,335.70000000000005,7.318346372742973,-0.8986966703602313,19.55280113220215
459.524,13,-35.3568334,149.1672846,99.771,-3.827860418909994,-12.56,-0.42,335.8,7.318346372742973,-0.8986966703602313,19.55280113220215
459.624,13,-35.356844699999996,149.1672841,99.729,-4.204520165313633,-12.58,-0.4,335.90000000000003,7.318346372742973,-0.8986966703602313,19.55280113220215
459.724,13,-35.3568559,149.1672838,99.718,-4.500725405936399,-12.64,-0.26,336.0,7.318346372742973,-0.8986966703602313,19.55280113220215
459.824,13,-35.356867199999996,149.1672834,99.745,-4.643039654369608,-12.66,-0.25,336.1,7.318346372742973,-0.8986966703602313,19.55280113220215
459.925,13,-35.3568786,149.1672831,99.72,-4.675353279332938,-12.66,-0.2,336.201,7.329183050083097,-0.8966375814264802,19.89853286743164
460.02500000000003,13,-35.35689,149.1672829,99.694,-4.537097443927187,-12.64,-0.16,336.30100000000004,7.329183050083097,-0.8966375814264802,19.89853286743164
460.125,13,-35.3569014,149.1672827,99.708,-4.314016208558577,-12.620000000000001,-0.08,336.401,7.329183050083097,-0.8966375814264802,19.89853286743164
460.225,13,-35.356912799999996,149.1672826,99.73100000000001,-3.99262208405045,-12.6,-0.04,336.50100000000003,7.329183050083097,-0.8966375814264802,19.89853286743164
460.324,13,-35.3569242,149.1672826,99.769,-3.6007207705139277,-12.58,0.01,336.6,7.329183050083097,-0.8966375814264802,19.89853286743164
460.42400000000004,13,-35.3569356,149.1672826,99.82900000000001,-3.2350937006105633,-12.59,0.02,336.70000000000005,7.338464990786631,-0.8951786752825412,20.033756256103516
460.524,13,-35.356947,149.1672826,99.83200000000001,-2.869393633060445,-12.59,0.02,336.8,7.338464990786631,-0.8951786752825412,20.033756256103516
460.624,13,-35.356958399999996,149.1672826,99.808,-2.4769721579299437,-12.58,0.04,336.90000000000003,7.338464990786631,-0.8951786752825412,20.033756256103516
460.724,13,-35.3569698,149.1672827,99.827,-2.1362170084457697,-12.59,0.07,337.0,7.338464990786631,-0.8951786752825412,20.033756256103516
460.824,13,-35.3569812,149.16728279999998,99.827,-1.864621152845971,-12.59,0.07,337.1,7.338464990786631,-0.8951786752825412,20.033756256103516
460.92400000000004,13,-35.3569926,149.16728279999998,99.77,-1.6238880406194038,-12.6,0.06,337.20000000000005,7.351187311495748,-0.8944815451513811,20.27954864501953
461.024,13,-35.357003899999995,149.1672829,99.752,-1.4283115501516126,-12.61,0.07,337.3,7.351187311495748,-0.8944815451513811,20.27954864501953
461.124,13,-35.3570152,149.16728279999998,99.761,-1.2740833173717858,-12.620000000000001,0.06,337.40000000000003,7.351187311495748,-0.8944815451513811,20.27954864501953
461.224,13,-35.357026399999995,149.1672829,99.744,-1.1834911033153217,-12.63,0.09,337.5,7.351187311495748,-0.8944815451513811,20.27954864501953
461.324,13,-35.3570377,149.167283,99.767,-1.1704217497819138,-12.64,0.1,337.6,7.351187311495748,-0.8944815451513811,20.27954864501953
461.42400000000004,13,-35.357048999999996,149.1672831,99.794,-1.100411457015637,-12.66,0.11,337.70000000000005,7.363315170271069,-0.894271758762079,19.63320541381836
461.524,13,-35.3570603,149.16728329999998,99.81400000000001,-1.031300187898863,-12.700000000000001,0.12,337.8,7.363315170271069,-0.894271758762079,19.63320541381836
461.624,13,-35.3570717,149.1672834,99.8,-0.9745669291054445,-12.73,0.12,337.90000000000003,7.363315170271069,-0.894271758762079,19.63320541381836
461.724,13,-35.3570831,149.1672835,99.776,-0.9136138940654276,-12.77,0.14,338.0,7.363315170271069,-0.894271758762079,19.63320541381836
461.824,13,-35.357094499999995,149.16728369999998,99.788,-0.8311267133153886,-12.82,0.17,338.1,7.363315170271069,-0.894271758762079,19.63320541381836
461.92400000000004,13,-35.357106,149.1672839,99.778,-0.7486037274330598,-12.89,0.19,338.20000000000005,7.365210894811427,-0.8932401021856753,19.228557586669922
462.02500000000003,13,-35.357117699999996,149.1672841,99.748,-0.6418576891026924,-12.99,0.23,338.30100000000004,7.365210894811427,-0.8932401021856753,19.228557586669922
462.125,13,-35.3571294,149.1672843,99.729,-0.5134783605976319,-13.09,0.26,338.401,7.365210894811427,-0.8932401021856753,19.228557586669922
462.225,13,-35.357141299999995,149.1672846,99.75,-0.2978342140593877,-13.22,0.28,338.50100000000003,7.365210894811427,-0.8932401021856753,19.228557586669922
462.324,13,-35.3571534,149.1672849,99.746,-0.0327946697170869,-13.36,0.27,338.6,7.365210894811427,-0.8932401021856753,19.228557586669922
462.42400000000004,13,-35.3571655,149.16728519999998,99.747,0.25726435781296647,-13.5,0.27,338.70000000000005,7.355926629940134,-0.8901681125551563,18.850187301635742
462.524,13,-35.357177799999995,149.1672855,99.73700000000001,0.6116097694764678,-13.63,0.25,338.8,7.355926629940134,-0.8901681125551563,18.850187301635742
462.624,13,-35.3571903,149.1672858,99.77,0.8811357575926352,-13.76,0.23,338.90000000000003,7.355926629940134,-0.8901681125551563,18.850187301635742
462.724,13,-35.357202799999996,149.167286,99.875,1.1008317270930044,-13.91,0.22,339.0,7.355926629940134,-0.8901681125551563,18.850187301635742
462.824,13,-35.357215499999995,149.1672863,99.906,1.2092322720281015,-14.01,0.22,339.1,7.355926629940134,-0.8901681125551563,18.850187301635742
462.92400000000004,13,-35.3572281,149.1672865,99.956,1.1604840379829569,-14.06,0.24,339.20000000000005,7.333929401713561,-0.8843295710025678,19.132400512695312
463.024,13,-35.3572407,149.1672868,100.047,1.1180077318648822,-14.120000000000001,0.28,339.3,7.333929401713561,-0.8843295710025678,19.132400512695312
463.124,13,-35.3572534,149.16728709999998,100.11500000000001,1.1097375467187605,-14.16,0.32,339.40000000000003,7.333929401713561,-0.8843295710025678,19.132400512695312
463.224,13,-35.357265999999996,149.1672875,100.159,1.159005835636178,-14.22,0.33,339.5,7.333929401713561,-0.8843295710025678,19.132400512695312
463.324,13,-35.3572787,149.1672878,100.182,1.3142303155394746,-14.26,0.33,339.6,7.333929401713561,-0.8843295710025678,19.132400512695312
463.42400000000004,13,-35.357291499999995,149.1672882,100.19800000000001,1.526680574908371,-14.32,0.31,339.70000000000005,7.312774166159034,-0.8781670624036076,19.64689826965332
463.524,13,-35.357304299999996,149.16728849999998,100.169,1.8048546497308322,-14.370000000000001,0.31,339.8,7.312774166159034,-0.8781670624036076,19.64689826965332
463.624,13,-35.357317099999996,149.1672888,100.129,2.065483355957706,-14.42,0.29,339.90000000000003,7.312774166159034,-0.8781670624036076,19.64689826965332
463.724,13,-35.35733,149.1672891,100.054,2.3390554841051654,-14.44,0.29,340.0,7.312774166159034,-0.8781670624036076,19.64689826965332
463.824,13,-35.3573429,149.1672894,100.003,2.5081165398847327,-14.5,0.22,340.1,7.312774166159034,-0.8781670624036076,19.64689826965332
463.92400000000004,13,-35.3573558,149.1672896,99.979,2.7152247375490326,-14.49,0.17,340.20000000000005,7.296653631375663,-0.8710413636679849,20.29959487915039
464.024,13,-35.357368799999996,149.1672897,99.96900000000001,2.9033112852616703,-14.48,0.06,340.3,7.296653631375663,-0.8710413636679849,20.29959487915039
464.125,13,-35.3573818,149.1672897,100.077,2.908861667735952,-14.47,0.0,340.401,7.296653631375663,-0.8710413636679849,20.29959487915039
464.225,13,-35.3573947,149.1672896,100.167,2.780457312990886,-14.42,-0.03,340.50100000000003,7.296653631375663,-0.8710413636679849,20.29959487915039
464.325,13,-35.357407699999996,149.16728949999998,100.181,2.5082586931968334,-14.34,-0.08,340.601,7.296653631375663,-0.8710413636679849,20.29959487915039
464.42400000000004,13,-35.357420499999996,149.16728949999998,100.22200000000001,2.052168969387824,-14.22,-0.13,340.70000000000005,7.290848746870273,-0.8654234738317702,21.037691116333008
464.524,13,-35.3574333,149.1672892,100.301,1.5004828507382582,-14.08,-0.18,340.8,7.290848746870273,-0.8654234738317702,21.037691116333008
464.624,13,-35.357445999999996,149.16728899999998,100.408,0.9193707830403963,-13.98,-0.18,340.90000000000003,7.290848746870273,-0.8654234738317702,21.037691116333008
464.724,13,-35.3574586,149.1672888,100.47,0.38521290415264015,-13.88,-0.17,341.0,7.290848746870273,-0.8654234738317702,21.037691116333008
464.824,13,-35.357471,149.1672886,100.488,-0.07309412984664432,-13.77,-0.15,341.1,7.290848746870273,-0.8654234738317702,21.037691116333008
464.92400000000004,13,-35.3574833,149.1672884,100.43,-0.4074867113250071,-13.64,-0.17,341.20000000000005,7.294002479716858,-0.8623310261382664,20.62779998779297
465.024,13,-35.3574955,149.1672882,100.36,-0.6023523551910147,-13.52,-0.18,341.3,7.294002479716858,-0.8623310261382664,20.62779998779297
465.124,13,-35.3575075,149.1672879,100.33500000000001,-0.7478760988430418,-13.44,-0.18,341.40000000000003,7.294002479716858,-0.8623310261382664,20.62779998779297
465.224,13,-35.3575194,149.1672877,100.31,-0.8303755525892458,-13.34,-0.2,341.5,7.294002479716858,-0.8623310261382664,20.62779998779297
465.324,13,-35.3575313,149.1672874,100.263,-0.954856817429786,-13.26,-0.18,341.6,7.294002479716858,-0.8623310261382664,20.62779998779297
465.42400000000004,13,-35.357543,149.1672872,100.191,-1.0974633766151303,-13.16,-0.18,341.70000000000005,7.302545236373902,-0.8601623396896189,20.71488380432129
465.524,13,-35.3575547,149.167287,100.09400000000001,-1.2221259616337932,-13.06,-0.16,341.8,7.302545236373902,-0.8601623396896189,20.71488380432129
465.624,13,-35.357566299999995,149.1672868,100.019,-1.3415037945038644,-12.96,-0.15,341.90000000000003,7.302545236373902,-0.8601623396896189,20.71488380432129
465.724,13,-35.3575778,149.16728659999998,99.98100000000001,-1.3994972231991503,-12.870000000000001,-0.14,342.0,7.302545236373902,-0.8601623396896189,20.71488380432129
465.824,13,-35.3575892,149.1672864,100.004,-1.4692271580443392,-12.82,-0.14,342.1,7.302545236373902,-0.8601623396896189,20.71488380432129
465.92400000000004,13,-35.3576006,149.1672862,100.018,-1.4032079369091712,-12.77,-0.23,342.20000000000005,7.3153707549391855,-0.8592238583221218,20.51970100402832
466.024,13,-35.357611999999996,149.1672859,99.956,-1.2950302268957457,-12.73,-0.3,342.3,7.3153707549391855,-0.8592238583221218,20.51970100402832
466.125,13,-35.3576233,149.1672855,99.903,-1.2689732686555586,-12.67,-0.35000000000000003,342.401,7.3153707549391855,-0.8592238583221218,20.51970100402832
466.225,13,-35.3576347,149.167285,99.842,-1.388799759576735,-12.620000000000001,-0.39,342.50100000000003,7.3153707549391855,-0.8592238583221218,20.51970100402832
466.325,13,-35.3576461,149.1672846,99.81700000000001,-1.68898241145227,-12.58,-0.39,342.601,7.3153707549391855,-0.8592238583221218,20.51970100402832
466.425,13,-35.3576574,149.1672841,99.781,-2.180293072933508,-12.55,-0.36,342.701,7.331186895573592,-0.8603214761605013,20.54784393310547
466.524,13,-35.3576687,149.16728369999998,99.784,-2.754875693228249,-12.55,-0.32,342.8,7.331186895573592,-0.8603214761605013,20.54784393310547
466.624,13,-35.357680099999996,149.16728329999998,99.818,-3.2381993022488036,-12.55,-0.32,342.90000000000003,7.331186895573592,-0.8603214761605013,20.54784393310547
466.724,13,-35.3576914,149.1672829,99.758,-3.710536978876216,-12.540000000000001,-0.26,343.0,7.331186895573592,-0.8603214761605013,20.54784393310547
466.824,13,-35.3577028,149.1672826,99.751,-4.0475415007324065,-12.540000000000001,-0.13,343.1,7.331186895573592,-0.8603214761605013,20.54784393310547
466.92400000000004,13,-35.357714099999995,149.1672825,99.849,-4.27071878563622,-12.530000000000001,-0.02,343.20000000000005,7.347283107945017,-0.863670378455857,20.09438133239746
467.024,13,-35.3577255,149.1672825,99.894,-4.426396299180558,-12.52,0.08,343.3,7.347283107945017,-0.863670378455857,20.09438133239746
467.124,13,-35.3577367,149.1672826,99.912,-4.338468712674046,-12.49,0.2,343.40000000000003,7.347283107945017,-0.863670378455857,20.09438133239746
467.224,13,-35.3577479,149.16728279999998,99.961,-3.9502467366660445,-12.450000000000001,0.3,343.5,7.347283107945017,-0.863670378455857,20.09438133239746
467.324,13,-35.357759,149.16728319999999,100.048,-3.286320119385659,-12.43,0.36,343.6,7.347283107945017,-0.863670378455857,20.09438133239746
467.42400000000004,13,-35.357770099999996,149.1672836,100.142,-2.3576109736459743,-12.42,0.36,343.70000000000005,7.358398395270754,-0.8664014997756617,19.61176109313965
467.524,13,-35.3577812,149.1672839,100.148,-1.3645515208061318,-12.450000000000001,0.34,343.8,7.358398395270754,-0.8664014997756617,19.61176109313965
467.624,13,-35.3577923,149.16728419999998,100.16,-0.4589096848017257,-12.46,0.35000000000000003,343.90000000000003,7.358398395270754,-0.8664014997756617,19.61176109313965
467.724,13,-35.3578034,149.1672846,100.178,0.283112088148969,-12.47,0.34,344.0,7.358398395270754,-0.8664014997756617,19.61176109313965
467.824,13,-35.357814499999996,149.1672849,100.167,0.8630243904304357,-12.51,0.32,344.1,7.358398395270754,-0.8664014997756617,19.61176109313965
467.92400000000004,13,-35.3578257,149.16728519999998,100.104,1.268183954919599,-12.57,0.29,344.20000000000005,7.362722328259882,-0.866141268745385,19.27066993713379
468.024,13,-35.357836999999996,149.1672854,100.06,1.5561907273825284,-12.65,0.22,344.3,7.362722328259882,-0.866141268745385,19.27066993713379
468.124,13,-35.3578483,149.16728559999999,100.029,1.7273779997063794,-12.73,0.16,344.40000000000003,7.362722328259882,-0.866141268745385,19.27066993713379
468.225,13,-35.3578598,149.16728569999998,99.97800000000001,1.7040081872960633,-12.81,0.14,344.50100000000003,7.362722328259882,-0.866141268745385,19.27066993713379
468.325,13,-35.3578715,149.1672858,99.936,1.5586711532683009,-12.88,0.11,344.601,7.362722328259882,-0.866141268745385,19.27066993713379
468.425,13,-35.357883099999995,149.1672859,99.874,1.3268766242311647,-12.93,0.11,344.701,7.363641355692997,-0.8658099938819467,19.4091796875
468.52500000000003,13,-35.3578949,149.1672859,99.849,1.0809814898176549,-12.97,0.07,344.80100000000004,7.363641355692997,-0.8658099938819467,19.4091796875
468.624,13,-35.3579066,149.1672859,99.891,0.7920887137533278,-13.02,0.05,344.90000000000003,7.363641355692997,-0.8658099938819467,19.4091796875
468.724,13,-35.3579185,149.1672859,99.912,0.528192669143102,-13.08,0.05,345.0,7.363641355692997,-0.8658099938819467,19.4091796875
468.824,13,-35.3579303,149.167286,99.907,0.3229351058983317,-13.120000000000001,0.03,345.1,7.363641355692997,-0.8658099938819467,19.4091796875
468.92400000000004,13,-35.3579423,149.1672859,99.932,0.2014239061296892,-13.16,0.0,345.20000000000005,7.359460111837194,-0.8657515445661104,19.603330612182617
469.024,13,-35.3579542,149.1672859,99.96600000000001,0.11455740018290836,-13.19,0.0,345.3,7.359460111837194,-0.8657515445661104,19.603330612182617
469.124,13,-35.3579661,149.1672858,99.965,-0.014492705925994984,-13.200000000000001,-0.02,345.40000000000003,7.359460111837194,-0.8657515445661104,19.603330612182617
469.224,13,-35.3579779,149.1672858,99.901,-0.12555540546901728,-13.200000000000001,-0.04,345.5,7.359460111837194,-0.8657515445661104,19.603330612182617
469.324,13,-35.3579897,149.16728569999998,99.871,-0.2592745945434923,-13.18,-0.04,345.6,7.359460111837194,-0.8657515445661104,19.603330612182617
469.42400000000004,13,-35.3580015,149.16728559999999,99.846,-0.4432362416059712,-13.16,-0.05,345.70000000000005,7.360855369221978,-0.8665715425507172,20.322778701782227
469.524,13,-35.358013199999995,149.1672855,99.815,-0.6885730347352591,-13.13,-0.04,345.8,7.360855369221978,-0.8665715425507172,20.322778701782227
469.624,13,-35.3580249,149.1672855,99.82300000000001,-0.9044785160505355,-13.11,-0.04,345.90000000000003,7.360855369221978,-0.8665715425507172,20.322778701782227
469.724,13,-35.3580365,149.1672854,99.81400000000001,-1.080890989811152,-13.07,-0.04,346.0,7.360855369221978,-0.8665715425507172,20.322778701782227
469.824,13,-35.3580482,149.1672853,99.797,-1.1799953271207446,-13.040000000000001,-0.04,346.1,7.360855369221978,-0.8665715425507172,20.322778701782227
469.92400000000004,13,-35.3580598,149.16728519999998,99.827,-1.1271279553975535,-13.01,-0.09,346.20000000000005,7.372048364244662,-0.8693622689641449,20.748531341552734
470.024,13,-35.3580714,149.1672851,99.899,-1.0080791455464062,-12.97,-0.14,346.3,7.372048364244662,-0.8693622689641449,20.748531341552734
470.124,13,-35.3580829,149.1672849,99.888,-0.9727108251984936,-12.9,-0.18,346.40000000000003,7.372048364244662,-0.8693622689641449,20.748531341552734
470.224,13,-35.3580944,149.1672846,99.887,-1.0680276091699024,-12.81,-0.2,346.5,7.372048364244662,-0.8693622689641449,20.748531341552734
470.325,13,-35.358105699999996,149.1672844,99.953,-1.276501951389911,-12.700000000000001,-0.21,346.601,7.372048364244662,-0.8693622689641449,20.748531341552734
470.425,13,-35.3581171,149.1672841,100.022,-1.6134078623899597,-12.61,-0.22,346.701,7.390173777699778,-0.8735691346072532,20.832672119140625
470.52500000000003,13,-35.3581284,149.1672839,100.084,-1.9922227469201492,-12.52,-0.2,346.80100000000004,7.390173777699778,-0.8735691346072532,20.832672119140625
470.625,13,-35.358139699999995,149.16728369999998,100.121,-2.38435329868069,-12.43,-0.19,346.901,7.390173777699778,-0.8735691346072532,20.832672119140625
470.724,13,-35.3581509,149.1672835,100.141,-2.6866305774755976,-12.34,-0.15,347.0,7.390173777699778,-0.8735691346072532,20.832672119140625
470.824,13,-35.358162,149.16728329999998,100.175,-2.935583715646569,-12.26,-0.11,347.1,7.390173777699778,-0.8735691346072532,20.832672119140625
470.92400000000004,13,-35.358173,149.16728329999998,100.171,-3.1678942441311584,-12.19,-0.03,347.20000000000005,7.408705067057555,-0.8800853098153871,20.226150512695312
471.024,13,-35.358184,149.16728329999998,100.164,-3.362980881969413,-12.120000000000001,0.06,347.3,7.408705067057555,-0.8800853098153871,20.226150512695312
471.124,13,-35.3581949,149.1672835,100.142,-3.348149766516965,-12.08,0.11,347.40000000000003,7.408705067057555,-0.8800853098153871,20.226150512695312
471.224,13,-35.3582058,149.1672835,100.10000000000001,-3.124581453283169,-12.030000000000001,0.17,347.5,7.408705067057555,-0.8800853098153871,20.226150512695312
471.324,13,-35.3582166,149.1672838,100.054,-2.6956692656250514,-11.99,0.24,347.6,7.408705067057555,-0.8800853098153871,20.226150512695312
471.42400000000004,13,-35.358227299999996,149.1672841,100.044,-2.1633042580335706,-11.950000000000001,0.29,347.70000000000005,7.42809660874402,-0.8861244920810796,20.131641387939453
471.524,13,-35.3582379,149.1672845,100.03,-1.5219000828195965,-11.92,0.31,347.8,7.42809660874402,-0.8861244920810796,20.131641387939453
471.624,13,-35.358248499999995,149.1672849,99.995,-0.8876334019274329,-11.870000000000001,0.34,347.90000000000003,7.42809660874402,-0.8861244920810796,20.131641387939453
471.724,13,-35.3582591,149.1672853,100.019,-0.31619146803170767,-11.84,0.33,348.0,7.42809660874402,-0.8861244920810796,20.131641387939453
471.824,13,-35.3582696,149.16728559999999,100.034,0.27131157565602326,-11.82,0.33,348.1,7.42809660874402,-0.8861244920810796,20.131641387939453
471.92400000000004,13,-35.3582801,149.167286,99.983,0.700954780318317,-11.81,0.36,348.20000000000005,7.4485939011139095,-0.8903844832456674,19.871891021728516
472.024,13,-35.3582907,149.1672865,99.994,1.0007509928972174,-11.84,0.36,348.3,7.4485939011139095,-0.8903844832456674,19.871891021728516
472.124,13,-35.3583012,149.1672869,100.008,1.2595308522931332,-11.870000000000001,0.37,348.40000000000003,7.4485939011139095,-0.8903844832456674,19.871891021728516
472.224,13,-35.358311799999996,149.1672873,99.971,1.5250199851664115,-11.91,0.36,348.5,7.4485939011139095,-0.8903844832456674,19.871891021728516
472.324,13,-35.3583225,149.16728759999998,99.98,1.7571900678861925,-12.0,0.33,348.6,7.4485939011139095,-0.8903844832456674,19.871891021728516
472.425,13,-35.3583333,149.16728799999999,100.013,1.9712865095667675,-12.08,0.33,348.701,7.462312395167731,-0.8929415254377211,18.949888229370117
472.52500000000003,13,-35.3583443,149.1672884,100.002,2.1336255919859846,-12.17,0.33,348.80100000000004,7.462312395167731,-0.8929415254377211,18.949888229370117
472.625,13,-35.3583553,149.1672888,99.98700000000001,2.323615201156117,-12.26,0.31,348.901,7.462312395167731,-0.8929415254377211,18.949888229370117
472.725,13,-35.3583664,149.1672891,100.021,2.422433097407392,-12.35,0.26,349.00100000000003,7.462312395167731,-0.8929415254377211,18.949888229370117
472.824,13,-35.3583776,149.1672893,100.06,2.5372936139151463,-12.42,0.18,349.1,7.462312395167731,-0.8929415254377211,18.949888229370117
472.92400000000004,13,-35.3583889,149.1672894,100.133,2.7987013885942242,-12.49,0.0,349.20000000000005,7.463531362922904,-0.8925390076951578,19.446727752685547
473.024,13,-35.3584003,149.1672893,100.208,3.0095032244956204,-12.57,-0.11,349.3,7.463531362922904,-0.8925390076951578,19.446727752685547
473.124,13,-35.3584117,149.1672892,100.24000000000001,3.005843523760963,-12.63,-0.24,349.40000000000003,7.463531362922904,-0.8925390076951578,19.446727752685547
473.224,13,-35.3584232,149.1672888,100.296,2.616752833067901,-12.68,-0.33,349.5,7.463531362922904,-0.8925390076951578,19.446727752685547
473.324,13,-35.358434599999995,149.1672884,100.303,1.9293521362706512,-12.76,-0.34,349.6,7.463531362922904,-0.8925390076951578,19.446727752685547
473.42400000000004,13,-35.358446,149.16728799999999,100.256,0.9989684202455498,-12.81,-0.36,349.70000000000005,7.4632004075263945,-0.8933945441395726,19.13460350036621
473.524,13,-35.3584575,149.1672875,100.252,-0.08059877351676938,-12.88,-0.34,349.8,7.4632004075263945,-0.8933945441395726,19.13460350036621
473.624,13,-35.358469,149.16728709999998,100.22800000000001,-1.1413447807115233,-12.96,-0.31,349.90000000000003,7.4632004075263945,-0.8933945441395726,19.13460350036621
473.724,13,-35.3584806,149.1672868,100.153,-1.9818829077338076,-13.040000000000001,-0.27,350.0,7.4632004075263945,-0.8933945441395726,19.13460350036621
473.824,13,-35.3584923,149.1672865,100.047,-2.5806608328330842,-13.120000000000001,-0.24,350.1,7.4632004075263945,-0.8933945441395726,19.13460350036621
473.92400000000004,13,-35.358503999999996,149.1672862,99.95,-2.8117805605245643,-13.19,-0.27,350.20000000000005,7.457347624039342,-0.8976821511139605,19.39225959777832
474.024,13,-35.3585158,149.1672858,99.905,-2.7861233817942344,-13.280000000000001,-0.27,350.3,7.457347624039342,-0.8976821511139605,19.39225959777832
474.124,13,-35.358527699999996,149.1672855,99.908,-2.692793329097653,-13.33,-0.29,350.40000000000003,7.457347624039342,-0.8976821511139605,19.39225959777832
474.224,13,-35.3585396,149.16728519999998,99.895,-2.6469860250987276,-13.370000000000001,-0.28,350.5,7.457347624039342,-0.8976821511139605,19.39225959777832
474.324,13,-35.3585516,149.1672848,99.895,-2.6991396420536526,-13.36,-0.25,350.6,7.457347624039342,-0.8976821511139605,19.39225959777832
474.42400000000004,13,-35.358563499999995,149.1672845,99.937,-2.758581924626627,-13.35,-0.23,350.70000000000005,7.453356730745249,-0.9027741799956275,19.84119415283203
474.52500000000003,13,-35.3585755,149.1672843,99.991,-2.8906382961435346,-13.35,-0.19,350.80100000000004,7.453356730745249,-0.9027741799956275,19.84119415283203
474.625,13,-35.3585875,149.167284,100.03,-3.014810068037309,-13.36,-0.18,350.901,7.453356730745249,-0.9027741799956275,19.84119415283203
474.725,13,-35.3585995,149.1672838,100.028,-3.13760619714356,-13.36,-0.14,351.00100000000003,7.453356730745249,-0.9027741799956275,19.84119415283203
474.824,13,-35.358611499999995,149.16728369999998,100.03,-3.2699086689139993,-13.36,-0.02,351.1,7.453356730745249,-0.9027741799956275,19.84119415283203
474.92400000000004,13,-35.3586236,149.16728369999998,100.051,-3.579003757161049,-13.35,0.17,351.20000000000005,7.449414134873256,-0.9104282276969012,20.164762496948242
475.024,13,-35.3586357,149.167284,100.015,-3.8959569780481984,-13.34,0.39,351.3,7.449414134873256,-0.9104282276969012,20.164762496948242
475.124,13,-35.3586478,149.1672845,99.944,-3.7778314176737666,-13.370000000000001,0.59,351.40000000000003,7.449414134873256,-0.9104282276969012,20.164762496948242
475.224,13,-35.3586599,149.16728519999998,99.937,-3.163100091664044,-13.4,0.71,351.5,7.449414134873256,-0.9104282276969012,20.164762496948242
475.324,13,-35.3586721,149.16728609999998,99.926,-2.056439331722963,-13.41,0.76,351.6,7.449414134873256,-0.9104282276969012,20.164762496948242
475.42400000000004,13,-35.3586842,149.1672869,99.94,-0.5890486941525637,-13.44,0.8,351.70000000000005,7.4483967478254245,-0.9161167065417263,20.02869987487793
475.524,13,-35.3586963,149.1672878,99.927,1.0344295884774923,-13.42,0.77,351.8,7.4483967478254245,-0.9161167065417263,20.02869987487793
475.624,13,-35.358708299999996,149.1672886,99.947,2.5941737217757197,-13.38,0.6900000000000001,351.90000000000003,7.4483967478254245,-0.9161167065417263,20.02869987487793
475.724,13,-35.3587202,149.1672893,100.059,3.9410422029858063,-13.36,0.58,352.0,7.4483967478254245,-0.9161167065417263,20.02869987487793
475.824,13,-35.3587321,149.1672899,100.143,5.00815979617051,-13.370000000000001,0.54,352.1,7.4483967478254245,-0.9161167065417263,20.02869987487793
475.92400000000004,13,-35.358744,149.1672903,100.149,5.798739251560677,-13.35,0.35000000000000003,352.20000000000005,7.44456045540065,-0.9152342937385535,20.067371368408203
476.024,13,-35.3587559,149.1672905,100.149,6.278322264793592,-13.31,0.08,352.3,7.44456045540065,-0.9152342937385535,20.067371368408203
476.124,13,-35.358767799999995,149.1672905,100.173,6.307966566451916,-13.280000000000001,-0.07,352.40000000000003,7.44456045540065,-0.9152342937385535,20.067371368408203
476.224,13,-35.3587796,149.1672902,100.217,5.799895687964525,-13.280000000000001,-0.23,352.5,7.44456045540065,-0.9152342937385535,20.067371368408203
476.324,13,-35.3587914,149.16728999999998,100.261,4.821319117651165,-13.24,-0.23,352.6,7.44456045540065,-0.9152342937385535,20.067371368408203
476.42400000000004,13,-35.3588032,149.1672896,100.20100000000001,3.5710636622509093,-13.200000000000001,-0.29,352.70000000000005,7.447690444227782,-0.9171634250921027,20.66849136352539
476.524,13,-35.3588149,149.1672892,100.15,2.1599271563758227,-13.14,-0.35000000000000003,352.8,7.447690444227782,-0.9171634250921027,20.66849136352539
476.625,13,-35.3588267,149.1672888,100.133,0.780752840886928,-13.06,-0.36,352.901,7.447690444227782,-0.9171634250921027,20.66849136352539
476.725,13,-35.358838399999996,149.1672884,100.116,-0.42692729733271456,-12.96,-0.34,353.00100000000003,7.447690444227782,-0.9171634250921027,20.66849136352539
476.825,13,-35.35885,149.1672879,100.138,-1.405235008988784,-12.870000000000001,-0.34,353.101,7.447690444227782,-0.9171634250921027,20.66849136352539
476.92400000000004,13,-35.3588616,149.1672875,100.141,-2.018529007065042,-12.77,-0.35000000000000003,353.20000000000005,7.4617266225028445,-0.9242705739707778,20.928300857543945
477.024,13,-35.3588731,149.16728709999998,100.145,-2.3248997036069023,-12.68,-0.35000000000000003,353.3,7.4617266225028445,-0.9242705739707778,20.928300857543945
477.124,13,-35.358884499999995,149.1672867,100.186,-2.489942687163798,-12.59,-0.38,353.40000000000003,7.4617266225028445,-0.9242705739707778,20.928300857543945
477.224,13,-35.3588958,149.1672862,100.19,-2.639179759207638,-12.51,-0.37,353.5,7.4617266225028445,-0.9242705739707778,20.928300857543945
477.324,13,-35.358907099999996,149.1672858,100.176,-2.833315293203968,-12.42,-0.39,353.6,7.4617266225028445,-0.9242705739707778,20.928300857543945
477.42400000000004,13,-35.3589182,149.1672854,100.114,-3.017918017553076,-12.31,-0.36,353.70000000000005,7.482551067846534,-0.9314169865326053,20.845401763916016
477.524,13,-35.3589292,149.167285,100.07900000000001,-3.2001707299408766,-12.22,-0.31,353.8,7.482551067846534,-0.9314169865326053,20.845401763916016
477.624,13,-35.3589401,149.1672846,100.06700000000001,-3.404075141997618,-12.120000000000001,-0.27,353.90000000000003,7.482551067846534,-0.9314169865326053,20.845401763916016
477.724,13,-35.358950799999995,149.1672843,100.056,-3.5702124499255965,-12.030000000000001,-0.24,354.0,7.482551067846534,-0.9314169865326053,20.845401763916016
477.824,13,-35.3589615,149.1672841,100.072,-3.7635780935364194,-11.97,-0.09,354.1,7.482551067846534,-0.9314169865326053,20.845401763916016
477.92400000000004,13,-35.358972099999995,149.1672841,100.104,-4.118368854878146,-11.9,0.1,354.20000000000005,7.506258282778216,-0.9411327761887962,20.034374237060547
478.024,13,-35.3589827,149.1672843,100.105,-4.4474486497498305,-11.85,0.33,354.3,7.506258282778216,-0.9411327761887962,20.034374237060547
478.124,13,-35.3589932,149.1672846,100.063,-4.445049972690686,-11.8,0.52,354.40000000000003,7.506258282778216,-0.9411327761887962,20.034374237060547
478.224,13,-35.359003699999995,149.1672853,100.07300000000001,-3.865513971143805,-11.78,0.7000000000000001,354.5,7.506258282778216,-0.9411327761887962,20.034374237060547
478.324,13,-35.3590142,149.16728609999998,100.10300000000001,-2.7584724281564954,-11.77,0.78,354.6,7.506258282778216,-0.9411327761887962,20.034374237060547
478.42400000000004,13,-35.3590247,149.167287,100.156,-1.2479829233973458,-11.81,0.81,354.70000000000005,7.522756705187197,-0.9488284335056459,19.434040069580078
478.524,13,-35.359035299999995,149.1672878,100.167,0.482835037051487,-11.85,0.78,354.8,7.522756705187197,-0.9488284335056459,19.434040069580078
478.625,13,-35.3590459,149.1672886,100.158,2.2388835028509355,-11.91,0.73,354.901,7.522756705187197,-0.9488284335056459,19.434040069580078
478.725,13,-35.3590568,149.1672893,100.167,3.8010950419868297,-11.98,0.67,355.00100000000003,7.522756705187197,-0.9488284335056459,19.434040069580078
478.825,13,-35.359067599999996,149.16728999999998,100.135,5.061603038218098,-12.05,0.5700000000000001,355.101,7.522756705187197,-0.9488284335056459,19.434040069580078
478.925,13,-35.3590786,149.16729039999998,100.116,5.968164655243782,-12.15,0.37,355.201,7.52952591417349,-0.9489101547973798,19.055517196655273
479.024,13,-35.3590896,149.1672907,100.08800000000001,6.4259171032288664,-12.24,0.28,355.3,7.52952591417349,-0.9489101547973798,19.055517196655273
479.124,13,-35.3591008,149.16729089999998,100.066,6.43827291543742,-12.38,0.09,355.40000000000003,7.52952591417349,-0.9489101547973798,19.055517196655273
479.224,13,-35.3591121,149.16729089999998,100.046,6.0453513423936265,-12.5,0.04,355.5,7.52952591417349,-0.9489101547973798,19.055517196655273
479.324,13,-35.359123499999995,149.1672908,100.039,5.312383678878871,-12.68,-0.07,355.6,7.52952591417349,-0.9489101547973798,19.055517196655273
479.42400000000004,13,-35.359135099999996,149.1672906,100.09,4.245209736633514,-12.82,-0.09,355.70000000000005,7.52467225575028,-0.9476857112259298,18.496788024902344
479.524,13,-35.359146599999995,149.1672905,100.051,3.1363400508261687,-12.94,-0.06,355.8,7.52467225575028,-0.9476857112259298,18.496788024902344
479.624,13,-35.3591583,149.1672903,100.012,2.068703149821132,-13.06,-0.08,355.90000000000003,7.52467225575028,-0.9476857112259298,18.496788024902344
479.724,13,-35.3591701,149.1672903,100.006,1.217108547358184,-13.15,-0.09,356.0,7.52467225575028,-0.9476857112259298,18.496788024902344
479.824,13,-35.359181899999996,149.1672901,100.026,0.5953602691933314,-13.23,-0.1,356.1,7.52467225575028,-0.9476857112259298,18.496788024902344
479.92400000000004,13,-35.3591937,149.1672899,100.07000000000001,0.2570883203592799,-13.32,-0.13,356.20000000000005,7.509803491516293,-0.9477778052971298,18.835405349731445
480.024,13,-35.3592057,149.1672896,100.124,0.09781393181445595,-13.43,-0.17,356.3,7.509803491516293,-0.9477778052971298,18.835405349731445
480.124,13,-35.359217699999995,149.1672893,100.13,0.08692909155711505,-13.540000000000001,-0.22,356.40000000000003,7.509803491516293,-0.9477778052971298,18.835405349731445
480.224,13,-35.359229899999995,149.16728899999998,100.121,0.04129981603869983,-13.65,-0.25,356.5,7.509803491516293,-0.9477778052971298,18.835405349731445
480.324,13,-35.359242099999996,149.1672886,100.075,-0.142746311259065,-13.73,-0.25,356.6,7.509803491516293,-0.9477778052971298,18.835405349731445
480.42400000000004,13,-35.3592544,149.1672883,100.038,-0.42506719136179677,-13.82,-0.24,356.70000000000005,7.4954392119384625,-0.94801933949496,19.59103775024414
480.524,13,-35.3592668,149.1672879,99.995,-0.7804181616175974,-13.89,-0.23,356.8,7.4954392119384625,-0.94801933949496,19.59103775024414
480.624,13,-35.3592793,149.16728759999998,99.938,-1.1532022025540771,-13.950000000000001,-0.2,356.90000000000003,7.4954392119384625,-0.94801933949496,19.59103775024414
480.725,13,-35.3592918,149.1672873,99.909,-1.5329467398633287,-14.030000000000001,-0.16,357.00100000000003,7.4954392119384625,-0.94801933949496,19.59103775024414
480.825,13,-35.3593045,149.16728709999998,99.898,-1.8051570990450168,-14.09,-0.14,357.101,7.4954392119384625,-0.94801933949496,19.59103775024414
480.925,13,-35.3593173,149.1672869,99.887,-1.9799418533490547,-14.14,-0.1,357.201,7.479123814405467,-0.9497463576966289,19.78900146484375
481.02500000000003,13,-35.3593301,149.1672867,99.88,-2.0043044977882554,-14.18,-0.08,357.30100000000004,7.479123814405467,-0.9497463576966289,19.78900146484375
481.124,13,-35.3593429,149.16728659999998,99.89,-1.92819249821563,-14.22,-0.05,357.40000000000003,7.479123814405467,-0.9497463576966289,19.78900146484375
481.224,13,-35.359355799999996,149.1672864,99.898,-1.7786001496132438,-14.280000000000001,-0.05,357.5,7.479123814405467,-0.9497463576966289,19.78900146484375
481.324,13,-35.3593688,149.1672863,99.914,-1.579922539818855,-14.34,-0.04,357.6,7.479123814405467,-0.9497463576966289,19.78900146484375
481.42400000000004,13,-35.3593818,149.1672862,99.91,-1.3883357335999973,-14.4,-0.03,357.70000000000005,7.458505998907263,-0.9515426374154637,19.520343780517578
481.524,13,-35.3593949,149.16728609999998,99.87,-1.2160842324260936,-14.46,0.0,357.8,7.458505998907263,-0.9515426374154637,19.520343780517578
481.624,13,-35.359408099999996,149.16728609999998,99.83800000000001,-1.1030448151057943,-14.530000000000001,0.0,357.90000000000003,7.458505998907263,-0.9515426374154637,19.520343780517578
481.724,13,-35.3594212,149.167286,99.831,-0.9979956518973518,-14.61,0.02,358.0,7.458505998907263,-0.9515426374154637,19.520343780517578
481.824,13,-35.3594343,149.167286,99.83200000000001,-0.9724966347349902,-14.68,0.05,358.1,7.458505998907263,-0.9515426374154637,19.520343780517578
481.92400000000004,13,-35.3594474,149.16728609999998,99.796,-1.0822517982815714,-14.75,0.16,358.20000000000005,7.433276422308577,-0.9531989397033591,19.88188934326172
482.024,13,-35.3594607,149.1672863,99.754,-1.2309741515384274,-14.8,0.29,358.3,7.433276422308577,-0.9531989397033591,19.88188934326172
482.124,13,-35.3594739,149.16728659999998,99.73400000000001,-1.1848955609634055,-14.84,0.37,358.40000000000003,7.433276422308577,-0.9531989397033591,19.88188934326172
482.224,13,-35.359487099999996,149.167287,99.756,-0.889838112286319,-14.9,0.44,358.5,7.433276422308577,-0.9531989397033591,19.88188934326172
482.324,13,-35.3595004,149.1672875,99.791,-0.369024101839667,-14.97,0.46,358.6,7.433276422308577,-0.9531989397033591,19.88188934326172
482.42400000000004,13,-35.359513799999995,149.16728799999999,99.833,0.35748641822763455,-15.06,0.47000000000000003,358.70000000000005,7.406679442136936,-0.9533232490473175,19.53284454345703
482.524,13,-35.359527299999996,149.16728849999998,99.86500000000001,1.192414532022532,-15.15,0.44,358.8,7.406679442136936,-0.9533232490473175,19.53284454345703
482.624,13,-35.3595409,149.1672889,99.867,1.9502183641850401,-15.23,0.42,358.90000000000003,7.406679442136936,-0.9533232490473175,19.53284454345703
482.724,13,-35.3595545,149.1672894,99.88,2.6231279608844615,-15.3,0.41000000000000003,359.0,7.406679442136936,-0.9533232490473175,19.53284454345703
482.825,13,-35.3595682,149.1672898,99.915,3.142763203410331,-15.38,0.34,359.101,7.406679442136936,-0.9533232490473175,19.53284454345703
482.925,13,-35.3595822,149.1672901,99.95400000000001,3.585080917975068,-15.450000000000001,0.26,359.201,7.369059614161595,-0.9487624504842572,19.588438034057617
483.02500000000003,13,-35.3595962,149.1672903,99.997,3.847962946297811,-15.52,0.17,359.30100000000004,7.369059614161595,-0.9487624504842572,19.588438034057617
483.125,13,-35.3596103,149.16729039999998,100.036,3.852619427764467,-15.58,0.13,359.401,7.369059614161595,-0.9487624504842572,19.588438034057617
483.224,13,-35.3596244,149.1672905,100.055,3.6482460805325228,-15.63,0.08,359.5,7.369059614161595,-0.9487624504842572,19.588438034057617
483.324,13,-35.359638499999996,149.1672905,100.087,3.3297443276944847,-15.66,0.0,359.6,7.369059614161595,-0.9487624504842572,19.588438034057617
483.42400000000004,13,-35.3596527,149.16729039999998,100.161,2.884486430135469,-15.700000000000001,-0.01,359.70000000000005,7.333142453190887,-0.9449461664588966,20.263696670532227
483.524,13,-35.3596669,149.16729039999998,100.148,2.3904927849708852,-15.72,-0.03,359.8,7.333142453190887,-0.9449461664588966,20.263696670532227
483.624,13,-35.359681099999996,149.1672903,100.125,1.9132930808714819,-15.71,-0.04,359.90000000000003,7.333142453190887,-0.9449461664588966,20.263696670532227
483.724,13,-35.3596952,149.1672902,100.108,1.4296778014290266,-15.700000000000001,-0.06,360.0,7.333142453190887,-0.9449461664588966,20.263696670532227
483.824,13,-35.3597092,149.1672901,100.114,1.0343919157153516,-15.66,-0.06,360.1,7.333142453190887,-0.9449461664588966,20.263696670532227
483.92400000000004,13,-35.3597232,149.1672901,100.09700000000001,0.6224730786296673,-15.620000000000001,-0.03,360.20000000000005,7.304191322321194,-0.943436378856097,20.681428909301758
484.024,13,-35.3597371,149.1672901,100.111,0.2453422626167092,-15.57,0.0,360.3,7.304191322321194,-0.943436378856097,20.681428909301758
484.124,13,-35.3597509,149.1672901,100.126,0.06139345550945712,-15.51,0.01,360.40000000000003,7.304191322321194,-0.943436378856097,20.681428909301758
484.224,13,-35.3597647,149.1672901,100.113,0.04215917589923842,-15.450000000000001,0.02,360.5,7.304191322321194,-0.943436378856097,20.681428909301758
484.324,13,-35.359778399999996,149.1672901,100.123,0.12384266883357045,-15.36,0.02,360.6,7.304191322321194,-0.943436378856097,20.681428909301758
484.42400000000004,13,-35.359792,149.1672901,100.123,0.24041577523442592,-15.27,0.02,360.70000000000005,7.283960285325689,-0.9423557026673893,21.220001220703125
484.524,13,-35.3598055,149.1672901,100.159,0.36101871992601536,-15.18,0.02,360.8,7.283960285325689,-0.9423557026673893,21.220001220703125
484.624,13,-35.359819,149.1672902,100.141,0.47178405777867083,-15.08,0.03,360.90000000000003,7.283960285325689,-0.9423557026673893,21.220001220703125
484.724,13,-35.3598323,149.1672902,100.08500000000001,0.5855574002696293,-14.97,0.01,361.0,7.283960285325689,-0.9423557026673893,21.220001220703125
484.824,13,-35.3598456,149.1672902,100.098,0.7212130680357219,-14.870000000000001,-0.01,361.1,7.283960285325689,-0.9423557026673893,21.220001220703125
484.925,13,-35.3598588,149.1672902,100.081,0.7804976159275517,-14.780000000000001,0.01,361.201,7.274653670495457,-0.9414491068558843,21.127098083496094
485.02500000000003,13,-35.3598721,149.1672902,100.05,0.6504865659019456,-14.67,0.08,361.30100000000004,7.274653670495457,-0.9414491068558843,21.127098083496094
485.125,13,-35.3598852,149.16729039999998,100.023,0.48532704224233675,-14.59,0.17,361.401,7.274653670495457,-0.9414491068558843,21.127098083496094
485.224,13,-35.3598983,149.1672906,100.0,0.3968583766875119,-14.49,0.21,361.5,7.274653670495457,-0.9414491068558843,21.127098083496094
485.324,13,-35.3599113,149.1672908,99.916,0.4908787053770877,-14.4,0.23,361.6,7.274653670495457,-0.9414491068558843,21.127098083496094
485.42400000000004,13,-35.359924299999996,149.1672911,99.912,0.784537299295644,-14.3,0.23,361.70000000000005,7.270157384508212,-0.9402057824556371,21.071083068847656
485.524,13,-35.3599372,149.1672913,99.971,1.1565107888767137,-14.22,0.22,361.8,7.270157384508212,-0.9402057824556371,21.071083068847656
485.624,13,-35.35995,149.1672916,100.006,1.5950457525800268,-14.13,0.21,361.90000000000003,7.270157384508212,-0.9402057824556371,21.071083068847656
485.724,13,-35.3599627,149.1672918,100.024,2.0636710079501253,-14.040000000000001,0.19,362.0,7.270157384508212,-0.9402057824556371,21.071083068847656
485.824,13,-35.359975299999995,149.167292,99.979,2.4957186793241015,-13.94,0.16,362.1,7.270157384508212,-0.9402057824556371,21.071083068847656
485.92400000000004,13,-35.3599877,149.1672921,99.96300000000001,2.789477218120122,-13.81,0.06,362.20000000000005,7.271664495190865,-0.9371757299951692,20.664804458618164
486.024,13,-35.3600001,149.1672921,99.99000000000001,2.972663531990099,-13.71,0.0,362.3,7.271664495190865,-0.9371757299951692,20.664804458618164
486.124,13,-35.3600122,149.167292,99.98700000000001,3.0166984018994056,-13.63,-0.04,362.40000000000003,7.271664495190865,-0.9371757299951692,20.664804458618164
486.224,13,-35.3600243,149.167292,99.98,2.8430638941402804,-13.56,-0.09,362.5,7.271664495190865,-0.9371757299951692,20.664804458618164
486.324,13,-35.3600364,149.16729189999998,99.982,2.5483440062185805,-13.52,-0.13,362.6,7.271664495190865,-0.9371757299951692,20.664804458618164
486.42400000000004,13,-35.3600484,149.1672917,99.95,2.118985935273708,-13.48,-0.14,362.70000000000005,7.275295468238238,-0.9340157128735862,20.38161849975586
486.524,13,-35.3600604,149.1672915,99.887,1.6018148969343324,-13.44,-0.14,362.8,7.275295468238238,-0.9340157128735862,20.38161849975586
486.624,13,-35.3600723,149.1672913,99.836,1.065054982777066,-13.4,-0.15,362.90000000000003,7.275295468238238,-0.9340157128735862,20.38161849975586
486.724,13,-35.3600843,149.1672911,99.81400000000001,0.6361064563781301,-13.39,-0.15,363.0,7.275295468238238,-0.9340157128735862,20.38161849975586
486.824,13,-35.3600962,149.16729089999998,99.833,0.314405773770146,-13.370000000000001,-0.14,363.1,7.275295468238238,-0.9340157128735862,20.38161849975586
486.92400000000004,13,-35.3601081,149.1672908,99.843,-0.08435972646978698,-13.35,-0.04,363.20000000000005,7.27840509707804,-0.9312645881474118,20.2127685546875
487.02500000000003,13,-35.360120099999996,149.1672908,99.84700000000001,-0.47193650973537965,-13.33,0.06,363.30100000000004,7.27840509707804,-0.9312645881474118,20.2127685546875
487.125,13,-35.3601321,149.16729089999998,99.804,-0.7238187852040818,-13.290000000000001,0.16,363.401,7.27840509707804,-0.9312645881474118,20.2127685546875
487.225,13,-35.3601441,149.167291,99.811,-0.5855031856430923,-13.25,0.21,363.50100000000003,7.27840509707804,-0.9312645881474118,20.2127685546875
487.324,13,-35.3601561,149.1672913,99.83500000000001,-0.17311066426629715,-13.22,0.21,363.6,7.27840509707804,-0.9312645881474118,20.2127685546875
487.42400000000004,13,-35.360168,149.1672915,99.837,0.383929682362324,-13.19,0.22,363.70000000000005,7.282784834940805,-0.9282532416103096,20.282812118530273
487.524,13,-35.3601799,149.1672917,99.863,1.053567778531868,-13.18,0.21,363.8,7.282784834940805,-0.9282532416103096,20.282812118530273
487.624,13,-35.3601919,149.16729189999998,99.9,1.6906823815036627,-13.17,0.2,363.90000000000003,7.282784834940805,-0.9282532416103096,20.282812118530273
487.724,13,-35.3602038,149.1672921,99.84400000000001,2.2455482733769867,-13.15,0.19,364.0,7.282784834940805,-0.9282532416103096,20.282812118530273
487.824,13,-35.3602157,149.16729229999999,99.78,2.628689869302968,-13.15,0.15,364.1,7.282784834940805,-0.9282532416103096,20.282812118530273
487.92400000000004,13,-35.3602275,149.16729239999998,99.753,2.8723594292641113,-13.14,0.12,364.20000000000005,7.2883940845199815,-0.9209705963412332,20.167146682739258
488.024,13,-35.360239299999996,149.1672925,99.72500000000001,3.0527161238269986,-13.14,0.04,364.3,7.2883940845199815,-0.9209705963412332,20.167146682739258
488.124,13,-35.3602511,149.16729239999998,99.72,3.1302229760941875,-13.16,-0.02,364.40000000000003,7.2883940845199815,-0.9209705963412332,20.167146682739258
488.224,13,-35.3602628,149.16729239999998,99.733,3.0127232318024584,-13.19,-0.06,364.5,7.2883940845199815,-0.9209705963412332,20.167146682739258
488.324,13,-35.3602746,149.16729229999999,99.72,2.8192956896022823,-13.23,-0.09,364.6,7.2883940845199815,-0.9209705963412332,20.167146682739258
488.42400000000004,13,-35.3602865,149.1672922,99.708,2.6500175618731556,-13.290000000000001,-0.12,364.70000000000005,7.28931012842795,-0.9125871495054604,19.379226684570312
488.524,13,-35.3602984,149.167292,99.717,2.7715432757937846,-13.370000000000001,-0.16,364.8,7.28931012842795,-0.9125871495054604,19.379226684570312
488.624,13,-35.3603103,149.1672918,99.75,3.2743894864529395,-13.44,-0.18,364.90000000000003,7.28931012842795,-0.9125871495054604,19.379226684570312
488.724,13,-35.3603224,149.1672915,99.705,4.24698729336501,-13.51,-0.2,365.0,7.28931012842795,-0.9125871495054604,19.379226684570312
488.824,13,-35.3603345,149.1672912,99.669,5.668714647878437,-13.56,-0.36,365.1,7.28931012842795,-0.9125871495054604,19.379226684570312
488.92400000000004,13,-35.3603466,149.1672906,99.7,7.447244681330981,-13.6,-0.54,365.20000000000005,7.2790389328134415,-0.903582156606204,19.154972076416016
489.024,13,-35.3603588,149.1672899,99.73400000000001,9.486588049561403,-13.63,-0.81,365.3,7.2790389328134415,-0.903582156606204,19.154972076416016
489.125,13,-35.3603711,149.1672887,99.8,11.445015874241975,-13.65,-1.12,365.401,7.2790389328134415,-0.903582156606204,19.154972076416016
489.225,13,-35.360383399999996,149.1672873,99.834,13.14325959532196,-13.72,-1.27,365.50100000000003,7.2790389328134415,-0.903582156606204,19.154972076416016
489.325,13,-35.3603958,149.16728569999998,99.836,14.325531189705316,-13.76,-1.55,365.601,7.2790389328134415,-0.903582156606204,19.154972076416016
489.42400000000004,13,-35.360408199999995,149.16728369999998,99.851,14.94131713961157,-13.81,-1.87,365.70000000000005,7.263867544226329,-0.8949228146911709,19.715755462646484
489.524,13,-35.3604208,149.1672815,99.86500000000001,15.03736325972029,-13.86,-2.0300000000000002,365.8,7.263867544226329,-0.8949228146911709,19.715755462646484
489.624,13,-35.3604334,149.1672791,99.852,14.811248139699725,-13.92,-2.09,365.90000000000003,7.263867544226329,-0.8949228146911709,19.715755462646484
489.724,13,-35.360445999999996,149.1672767,99.764,14.537774195521585,-13.96,-2.27,366.0,7.263867544226329,-0.8949228146911709,19.715755462646484
489.824,13,-35.360458699999995,149.167274,99.697,14.222324470025486,-13.97,-2.5500000000000003,366.1,7.263867544226329,-0.8949228146911709,19.715755462646484
489.92400000000004,13,-35.3604713,149.167271,99.674,14.08707391785454,-13.98,-2.7600000000000002,366.20000000000005,7.250670168132505,-0.8921893342744653,19.544647216796875
490.024,13,-35.3604838,149.1672678,99.694,14.330051067388572,-14.01,-2.94,366.3,7.250670168132505,-0.8921893342744653,19.544647216796875
490.124,13,-35.360496399999995,149.1672645,99.673,15.344696159161476,-14.030000000000001,-3.0,366.40000000000003,7.250670168132505,-0.8921893342744653,19.544647216796875
490.224,13,-35.3605089,149.167261,99.659,16.98889686220738,-14.01,-3.31,366.5,7.250670168132505,-0.8921893342744653,19.544647216796875
490.324,13,-35.360521399999996,149.1672572,99.669,19.2203760131112,-13.96,-3.67,366.6,7.250670168132505,-0.8921893342744653,19.544647216796875
490.42400000000004,13,-35.3605339,149.1672529,99.709,22.00569300569655,-13.94,-3.84,366.70000000000005,7.239608655314162,-0.8901745204396302,20.385103225708008
490.524,13,-35.360546299999996,149.1672485,99.71000000000001,25.231526463896458,-13.81,-4.36,366.8,7.239608655314162,-0.8901745204396302,20.385103225708008
490.624,13,-35.3605586,149.1672434,99.748,28.398837153740402,-13.700000000000001,-4.74,366.90000000000003,7.239608655314162,-0.8901745204396302,20.385103225708008
490.724,13,-35.3605707,149.1672379,99.766,31.35185236592249,-13.540000000000001,-5.23,367.0,7.239608655314162,-0.8901745204396302,20.385103225708008
490.824,13,-35.3605827,149.1672319,99.772,33.83533988399039,-13.34,-5.78,367.1,7.239608655314162,-0.8901745204396302,20.385103225708008
490.92400000000004,13,-35.3605945,149.1672251,99.796,35.71773318905674,-13.09,-6.5,367.20000000000005,7.241494295007721,-0.8846709123261017,20.936803817749023
491.024,13,-35.3606062,149.1672179,99.816,37.1157021574291,-13.05,-6.63,367.3,7.241494295007721,-0.8846709123261017,20.936803817749023
491.125,13,-35.3606177,149.1672103,99.789,38.28276975072,-12.780000000000001,-7.37,367.401,7.241494295007721,-0.8846709123261017,20.936803817749023
491.225,13,-35.3606291,149.16720189999998,99.767,39.10847473457743,-12.55,-7.96,367.50100000000003,7.241494295007721,-0.8846709123261017,20.936803817749023
491.325,13,-35.3606403,149.1671926,99.767,39.61788731834991,-12.24,-8.73,367.601,7.241494295007721,-0.8846709123261017,20.936803817749023
491.425,13,-35.3606513,149.16718269999998,99.78,40.02595014012315,-12.13,-9.07,367.701,7.243044048118068,-0.8806024827384766,20.35904312133789
491.524,13,-35.3606621,149.1671723,99.778,40.4727537948687,-11.9,-9.66,367.8,7.243044048118068,-0.8806024827384766,20.35904312133789
491.624,13,-35.360672699999995,149.16716119999998,99.763,40.967771754965376,-11.64,-10.24,367.90000000000003,7.243044048118068,-0.8806024827384766,20.35904312133789
491.724,13,-35.360683099999996,149.1671493,99.758,41.27268847498767,-11.23,-11.03,368.0,7.243044048118068,-0.8806024827384766,20.35904312133789
491.824,13,-35.360693,149.1671367,99.772,41.44439943072179,-10.88,-11.66,368.1,7.243044048118068,-0.8806024827384766,20.35904312133789
491.92400000000004,13,-35.360702599999996,149.1671233,99.815,41.39131861558704,-10.450000000000001,-12.39,368.20000000000005,7.243119832627603,-0.8772704756970874,20.491024017333984
492.024,13,-35.360712,149.1671093,99.854,41.316814912120535,-10.28,-12.73,368.3,7.243119832627603,-0.8772704756970874,20.491024017333984
492.124,13,-35.3607209,149.1670949,99.888,40.88871573041706,-9.75,-13.450000000000001,368.40000000000003,7.243119832627603,-0.8772704756970874,20.491024017333984
492.224,13,-35.3607295,149.1670799,99.943,39.571274692359154,-9.43,-13.88,368.5,7.243119832627603,-0.8772704756970874,20.491024017333984
492.324,13,-35.3607376,149.1670644,99.995,37.38908389405344,-9.040000000000001,-14.35,368.6,7.243119832627603,-0.8772704756970874,20.491024017333984
492.42400000000004,13,-35.3607455,149.1670485,100.038,34.394486490204315,-8.71,-14.68,368.70000000000005,7.2436283443978455,-0.8744235175817422,20.12299156188965
492.524,13,-35.360752999999995,149.1670322,100.09,30.287312742262642,-8.23,-15.08,368.8,7.2436283443978455,-0.8744235175817422,20.12299156188965
492.624,13,-35.3607602,149.16701559999998,100.155,25.158359769959986,-7.96,-15.25,368.90000000000003,7.2436283443978455,-0.8744235175817422,20.12299156188965
492.724,13,-35.3607672,149.166999,100.229,19.41546499882698,-7.8500000000000005,-15.290000000000001,369.0,7.2436283443978455,-0.8744235175817422,20.12299156188965
492.824,13,-35.3607741,149.1669823,100.292,13.553494417251265,-7.76,-15.290000000000001,369.1,7.2436283443978455,-0.8744235175817422,20.12299156188965
492.92400000000004,13,-35.360780999999996,149.1669657,100.32000000000001,8.214484953440392,-7.78,-15.24,369.20000000000005,7.240901966362492,-0.8773951433160547,19.88633155822754
493.024,13,-35.3607879,149.16694909999998,100.34400000000001,3.6958110910256683,-7.7700000000000005,-15.24,369.3,7.240901966362492,-0.8773951433160547,19.88633155822754
493.124,13,-35.3607949,149.1669325,100.31400000000001,0.15056806513770643,-7.8100000000000005,-15.19,369.40000000000003,7.240901966362492,-0.8773951433160547,19.88633155822754
493.225,13,-35.3608019,149.1669159,100.22500000000001,-2.303431565271906,-7.88,-15.17,369.50100000000003,7.240901966362492,-0.8773951433160547,19.88633155822754
493.325,13,-35.3608091,149.1668991,100.177,-3.785652411160254,-7.96,-15.17,369.601,7.240901966362492,-0.8773951433160547,19.88633155822754
493.425,13,-35.360816299999996,149.1668824,100.096,-4.491147773172749,-8.03,-15.16,369.701,7.2348284974334245,-0.8861348253484114,19.558866500854492
493.52500000000003,13,-35.360823599999996,149.1668657,99.962,-4.69164754937165,-8.1,-15.15,369.80100000000004,7.2348284974334245,-0.8861348253484114,19.558866500854492
493.624,13,-35.360831,149.1668489,99.889,-4.540632066822668,-8.26,-15.120000000000001,369.90000000000003,7.2348284974334245,-0.8861348253484114,19.558866500854492
493.724,13,-35.3608386,149.1668322,99.91,-4.305823823535969,-8.33,-15.13,370.0,7.2348284974334245,-0.8861348253484114,19.558866500854492
493.824,13,-35.3608462,149.1668156,99.913,-4.020312097832504,-8.41,-15.120000000000001,370.1,7.2348284974334245,-0.8861348253484114,19.558866500854492
493.92400000000004,13,-35.360853899999995,149.16679879999998,99.934,-3.7081703183288064,-8.45,-15.120000000000001,370.20000000000005,7.223751001153422,-0.9051688651784192,19.49711799621582
494.024,13,-35.3608616,149.1667821,99.97,-3.3280436105911515,-8.49,-15.120000000000001,370.3,7.223751001153422,-0.9051688651784192,19.49711799621582
494.124,13,-35.3608693,149.1667656,100.02,-2.961248151452892,-8.51,-15.13,370.40000000000003,7.223751001153422,-0.9051688651784192,19.49711799621582
494.224,13,-35.3608769,149.16674899999998,100.044,-2.6757221250408523,-8.53,-15.16,370.5,7.223751001153422,-0.9051688651784192,19.49711799621582
494.324,13,-35.3608846,149.1667325,100.014,-2.4490896181906594,-8.56,-15.13,370.6,7.223751001153422,-0.9051688651784192,19.49711799621582
494.42400000000004,13,-35.360892299999996,149.16671589999999,100.039,-2.2197916300168687,-8.61,-15.13,370.70000000000005,7.21158883028359,-0.9266978789846456,19.622108459472656
494.524,13,-35.3609,149.1666994,100.044,-2.0512125294606105,-8.63,-15.16,370.8,7.21158883028359,-0.9266978789846456,19.622108459472656
494.624,13,-35.3609077,149.16668289999998,99.989,-1.9418328128749685,-8.66,-15.18,370.90000000000003,7.21158883028359,-0.9266978789846456,19.622108459472656
494.724,13,-35.3609155,149.1666663,99.928,-1.9015312816773082,-8.71,-15.200000000000001,371.0,7.21158883028359,-0.9266978789846456,19.622108459472656
494.824,13,-35.360923299999996,149.1666497,99.858,-1.8441002763714909,-8.77,-15.21,371.1,7.21158883028359,-0.9266978789846456,19.622108459472656
494.92400000000004,13,-35.3609311,149.16663309999998,99.833,-1.8392777359306387,-8.83,-15.18,371.20000000000005,7.200950869349172,-0.9472057233554073,19.921716690063477
495.024,13,-35.360939,149.1666165,99.787,-1.8154986457786508,-8.86,-15.15,371.3,7.200950869349172,-0.9472057233554073,19.921716690063477
495.124,13,-35.360946999999996,149.1666,99.712,-1.7634403313069889,-8.88,-15.1,371.40000000000003,7.200950869349172,-0.9472057233554073,19.921716690063477
495.224,13,-35.360954899999996,149.1665835,99.691,-1.596391513289931,-8.9,-15.05,371.5,7.200950869349172,-0.9472057233554073,19.921716690063477
495.325,13,-35.3609629,149.16656709999998,99.736,-1.2883863738240273,-8.91,-15.0,371.601,7.200950869349172,-0.9472057233554073,19.921716690063477
495.425,13,-35.3609709,149.1665505,99.778,-0.8812827667423492,-8.89,-14.98,371.701,7.192961021601779,-0.961078370159231,20.56342124938965
495.52500000000003,13,-35.3609789,149.1665339,99.806,-0.4499340691803885,-8.86,-14.96,371.80100000000004,7.192961021601779,-0.961078370159231,20.56342124938965
495.625,13,-35.3609869,149.1665174,99.84400000000001,-0.07740558003850909,-8.84,-14.93,371.901,7.192961021601779,-0.961078370159231,20.56342124938965
495.724,13,-35.3609949,149.1665008,99.896,0.16917503456134175,-8.81,-14.9,372.0,7.192961021601779,-0.961078370159231,20.56342124938965
495.824,13,-35.361002899999995,149.16648429999998,99.896,0.31234359024933106,-8.790000000000001,-14.88,372.1,7.192961021601779,-0.961078370159231,20.56342124938965
495.92400000000004,13,-35.361010799999995,149.1664678,99.902,0.02252898544099699,-8.72,-14.870000000000001,372.20000000000005,7.189266778845433,-0.9606432326134244,20.351409912109375
496.024,13,-35.361018699999995,149.1664513,99.89,-1.3863327806258912,-8.64,-14.85,372.3,7.189266778845433,-0.9606432326134244,20.351409912109375
496.124,13,-35.3610265,149.1664348,99.866,-4.538554835541338,-8.58,-14.77,372.40000000000003,7.189266778845433,-0.9606432326134244,20.351409912109375
496.224,13,-35.3610342,149.1664185,99.87,-9.640773593658917,-8.56,-14.620000000000001,372.5,7.189266778845433,-0.9606432326134244,20.351409912109375
496.324,13,-35.361042,149.1664026,99.88,-16.123692894379772,-8.71,-14.25,372.6,7.189266778845433,-0.9606432326134244,20.351409912109375
496.42400000000004,13,-35.3610499,149.16638709999998,99.915,-22.890489371158342,-8.870000000000001,-13.870000000000001,372.70000000000005,7.19222359882859,-0.9464747391395665,21.440898895263672
496.524,13,-35.3610579,149.16637219999998,99.91,-29.203539305900037,-9.08,-13.4,372.8,7.19222359882859,-0.9464747391395665,21.440898895263672
496.624,13,-35.361066199999996,149.1663578,99.917,-34.238655724290474,-9.43,-12.81,372.90000000000003,7.19222359882859,-0.9464747391395665,21.440898895263672
496.724,13,-35.361074699999996,149.1663441,99.929,-37.79596509310027,-9.6,-12.46,373.0,7.19222359882859,-0.9464747391395665,21.440898895263672
496.824,13,-35.3610834,149.1663307,99.891,-40.21709639914054,-9.83,-12.02,373.1,7.19222359882859,-0.9464747391395665,21.440898895263672
496.92400000000004,13,-35.361092299999996,149.166318,99.833,-41.690521882368614,-10.16,-11.44,373.20000000000005,7.209984655609846,-0.9031864431576296,21.44754409790039
497.024,13,-35.3611015,149.16630569999998,99.762,-42.3418555518102,-10.35,-11.01,373.3,7.209984655609846,-0.9031864431576296,21.44754409790039
497.124,13,-35.3611109,149.1662941,99.688,-42.57571098370768,-10.700000000000001,-10.22,373.40000000000003,7.209984655609846,-0.9031864431576296,21.44754409790039
497.224,13,-35.3611206,149.1662834,99.659,-42.60254338186208,-10.94,-9.61,373.5,7.209984655609846,-0.9031864431576296,21.44754409790039
497.324,13,-35.3611305,149.1662734,99.651,-42.7936828106903,-11.3,-8.59,373.6,7.209984655609846,-0.9031864431576296,21.44754409790039
497.425,13,-35.3611408,149.16626449999998,99.687,-43.06532967926546,-11.52,-7.78,373.701,7.23534284817789,-0.8522055854128581,22.22764778137207
497.52500000000003,13,-35.3611514,149.16625639999998,99.749,-43.30371352658266,-11.67,-7.05,373.80100000000004,7.23534284817789,-0.8522055854128581,22.22764778137207
497.625,13,-35.361162,149.166249,99.778,-43.635233833422156,-11.8,-6.25,373.901,7.23534284817789,-0.8522055854128581,22.22764778137207
497.724,13,-35.3611728,149.1662426,99.822,-43.48347044515906,-11.89,-5.43,374.0,7.23534284817789,-0.8522055854128581,22.22764778137207
497.824,13,-35.3611836,149.1662371,99.86500000000001,-42.950667878573874,-11.950000000000001,-4.51,374.1,7.23534284817789,-0.8522055854128581,22.22764778137207
497.92400000000004,13,-35.361194399999995,149.1662325,99.944,-41.743489999382064,-11.950000000000001,-3.71,374.20000000000005,7.271610521522385,-0.8086707177519946,21.971237182617188
498.024,13,-35.3612052,149.16622859999998,100.031,-40.20895822874447,-11.85,-3.4,374.3,7.271610521522385,-0.8086707177519946,21.971237182617188
498.124,13,-35.3612159,149.166225,100.087,-38.6421674746569,-11.75,-3.06,374.40000000000003,7.271610521522385,-0.8086707177519946,21.971237182617188
498.224,13,-35.3612265,149.1662218,100.11500000000001,-37.13207412086962,-11.64,-2.57,374.5,7.271610521522385,-0.8086707177519946,21.971237182617188
498.324,13,-35.3612369,149.1662192,100.139,-35.63744431536323,-11.5,-2.06,374.6,7.271610521522385,-0.8086707177519946,21.971237182617188
498.42400000000004,13,-35.3612472,149.16621709999998,100.167,-34.37422473403147,-11.34,-1.86,374.70000000000005,7.316571073162895,-0.7815579910012359,21.499420166015625
498.524,13,-35.3612572,149.1662151,100.15,-33.627408435087695,-11.19,-1.59,374.8,7.316571073162895,-0.7815579910012359,21.499420166015625
498.624,13,-35.3612672,149.1662136,100.111,-33.275243881481835,-11.06,-1.08,374.90000000000003,7.316571073162895,-0.7815579910012359,21.499420166015625
498.724,13,-35.3612769,149.1662126,100.086,-33.1349688714027,-10.92,-0.75,375.0,7.316571073162895,-0.7815579910012359,21.499420166015625
498.824,13,-35.3612866,149.16621189999998,100.027,-33.249726294742665,-10.8,-0.41000000000000003,375.1,7.316571073162895,-0.7815579910012359,21.499420166015625
498.92400000000004,13,-35.3612962,149.16621139999998,99.919,-33.51250416268057,-10.68,-0.2,375.20000000000005,7.368652991482956,-0.7688324087554117,21.036575317382812
499.024,13,-35.3613056,149.1662116,99.827,-33.896442756305326,-10.6,0.6900000000000001,375.3,7.368652991482956,-0.7688324087554117,21.036575317382812
499.124,13,-35.361315,149.1662127,99.765,-34.19763360813538,-10.51,1.28,375.40000000000003,7.368652991482956,-0.7688324087554117,21.036575317382812
499.224,13,-35.3613244,149.1662144,99.712,-34.288983973189715,-10.450000000000001,1.92,375.5,7.368652991482956,-0.7688324087554117,21.036575317382812
499.324,13,-35.361333699999996,149.1662167,99.659,-33.99451402750295,-10.4,2.39,375.6,7.368652991482956,-0.7688324087554117,21.036575317382812
499.42400000000004,13,-35.3613429,149.1662196,99.596,-33.33905833889727,-10.34,2.99,375.70000000000005,7.419276144380394,-0.7689474809703071,20.414119720458984
499.52500000000003,13,-35.3613522,149.1662231,99.539,-32.181242236837136,-10.28,3.5,375.80100000000004,7.419276144380394,-0.7689474809703071,20.414119720458984
499.625,13,-35.3613614,149.1662273,99.499,-30.67256956239721,-10.19,4.22,375.901,7.419276144380394,-0.7689474809703071,20.414119720458984
499.725,13,-35.3613706,149.1662321,99.493,-28.904558020266485,-10.13,4.41,376.00100000000003,7.419276144380394,-0.7689474809703071,20.414119720458984
499.824,13,-35.3613797,149.1662371,99.453,-27.181772575725,-10.02,4.88,376.1,7.419276144380394,-0.7689474809703071,20.414119720458984
499.92400000000004,13,-35.3613887,149.1662427,99.433,-25.378520672571593,-9.93,5.22,376.20000000000005,7.4643602024323314,-0.7762864252174343,19.89161491394043
500.024,13,-35.3613977,149.16624869999998,99.424,-23.526603671581846,-9.870000000000001,5.54,376.3,7.4643602024323314,-0.7762864252174343,19.89161491394043
500.124,13,-35.361406699999996,149.1662548,99.4,-21.781497168832757,-9.86,5.63,376.40000000000003,7.4643602024323314,-0.7762864252174343,19.89161491394043
500.224,13,-35.3614156,149.166261,99.352,-20.278618202356295,-9.870000000000001,5.67,376.5,7.4643602024323314,-0.7762864252174343,19.89161491394043
500.324,13,-35.3614245,149.1662672,99.253,-19.23534266512999,-9.870000000000001,5.79,376.6,7.4643602024323314,-0.7762864252174343,19.89161491394043
500.42400000000004,13,-35.361433399999996,149.1662738,99.19,-18.680758625281634,-9.870000000000001,6.24,376.70000000000005,7.497222689151057,-0.7808403720200049,19.211103439331055
500.524,13,-35.3614423,149.1662805,99.124,-18.699343570013237,-9.92,6.2,376.8,7.497222689151057,-0.7808403720200049,19.211103439331055
500.624,13,-35.3614512,149.1662873,98.995,-19.384594251325815,-9.94,6.55,376.90000000000003,7.497222689151057,-0.7808403720200049,19.211103439331055
500.724,13,-35.361460099999995,149.1662946,98.923,-20.443951468952918,-9.94,6.86,377.0,7.497222689151057,-0.7808403720200049,19.211103439331055
500.824,13,-35.361469,149.16630229999998,98.86,-21.882904987439936,-9.93,7.23,377.1,7.497222689151057,-0.7808403720200049,19.211103439331055
500.92400000000004,13,-35.361477799999996,149.1663104,98.833,-23.484555319503954,-9.92,7.72,377.20000000000005,7.516589632109539,-0.7804596787499284,18.99765968322754
501.024,13,-35.3614867,149.166319,98.797,-25.121557003164664,-9.9,8.14,377.3,7.516589632109539,-0.7804596787499284,18.99765968322754
501.124,13,-35.3614955,149.1663281,98.785,-26.546223473455314,-9.84,8.68,377.40000000000003,7.516589632109539,-0.7804596787499284,18.99765968322754
501.224,13,-35.3615043,149.16633769999999,98.758,-27.80164297875492,-9.8,9.08,377.5,7.516589632109539,-0.7804596787499284,18.99765968322754
501.324,13,-35.361512999999995,149.166348,98.763,-28.710068383650373,-9.66,9.700000000000001,377.6,7.516589632109539,-0.7804596787499284,18.99765968322754
501.42400000000004,13,-35.361521599999996,149.1663589,98.82000000000001,-29.226953194374843,-9.61,10.18,377.70000000000005,7.52321265535254,-0.7725536133673518,18.733795166015625
501.524,13,-35.3615303,149.1663701,98.84400000000001,-29.70786681383544,-9.65,10.44,377.8,7.52321265535254,-0.7725536133673518,18.733795166015625
501.625,13,-35.361539,149.1663817,98.836,-30.159636016107594,-9.66,10.74,377.901,7.52321265535254,-0.7725536133673518,18.733795166015625
501.725,13,-35.361547699999996,149.1663939,98.788,-30.73377147245511,-9.47,11.34,378.00100000000003,7.52321265535254,-0.7725536133673518,18.733795166015625
501.825,13,-35.361556199999995,149.1664066,98.77,-31.34417181820081,-9.3,11.870000000000001,378.101,7.52321265535254,-0.7725536133673518,18.733795166015625
501.92400000000004,13,-35.3615645,149.1664202,98.82000000000001,-32.0958375514553,-9.14,12.450000000000001,378.20000000000005,7.514903112916825,-0.7464970238567931,19.430561065673828
502.024,13,-35.3615728,149.1664341,98.84,-33.25400540825768,-9.21,12.66,378.3,7.514903112916825,-0.7464970238567931,19.430561065673828
502.124,13,-35.361581199999996,149.1664484,98.816,-34.69600860620911,-9.08,13.18,378.40000000000003,7.514903112916825,-0.7464970238567931,19.430561065673828
502.224,13,-35.3615893,149.1664633,98.796,-36.16213944740362,-8.89,13.75,378.5,7.514903112916825,-0.7464970238567931,19.430561065673828
502.324,13,-35.3615973,149.1664788,98.783,-37.652479894111224,-8.72,14.27,378.6,7.514903112916825,-0.7464970238567931,19.430561065673828
502.42400000000004,13,-35.3616052,149.16649479999998,98.745,-39.35700824300127,-8.5,14.82,378.70000000000005,7.498569671689607,-0.7046542472636507,19.175912857055664
502.524,13,-35.3616126,149.1665116,98.736,-40.9509797348909,-7.99,15.66,378.8,7.498569671689607,-0.7046542472636507,19.175912857055664
502.624,13,-35.361619499999996,149.1665291,98.749,-42.387126045629046,-7.57,16.34,378.90000000000003,7.498569671689607,-0.7046542472636507,19.175912857055664
502.724,13,-35.361626,149.16654739999998,98.79,-43.45594136770932,-6.97,17.150000000000002,379.0,7.498569671689607,-0.7046542472636507,19.175912857055664
502.824,13,-35.361632,149.1665665,98.852,-44.21415725237785,-6.53,17.75,379.1,7.498569671689607,-0.7046542472636507,19.175912857055664
502.92400000000004,13,-35.3616375,149.1665863,98.929,-44.763461555997786,-5.75,18.53,379.20000000000005,7.476193086798875,-0.6485251296942549,20.114959716796875
503.024,13,-35.3616423,149.1666069,99.039,-45.06697125705106,-5.01,19.2,379.3,7.476193086798875,-0.6485251296942549,20.114959716796875
503.124,13,-35.3616464,149.1666282,99.156,-45.283235536741174,-4.26,19.77,379.40000000000003,7.476193086798875,-0.6485251296942549,20.114959716796875
503.224,13,-35.3616496,149.1666503,99.32600000000001,-45.10945503368854,-3.37,20.37,379.5,7.476193086798875,-0.6485251296942549,20.114959716796875
503.324,13,-35.3616522,149.1666728,99.523,-44.865951959588415,-2.73,20.76,379.6,7.476193086798875,-0.6485251296942549,20.114959716796875
503.42400000000004,13,-35.3616543,149.1666957,99.69800000000001,-44.89415039557681,-2.21,21.02,379.70000000000005,7.459737235189707,-0.5910141619918236,21.02886390686035
503.524,13,-35.3616558,149.1667189,99.857,-44.973827967339595,-1.36,21.37,379.8,7.459737235189707,-0.5910141619918236,21.02886390686035
503.625,13,-35.3616567,149.1667424,100.024,-44.89298584832332,-0.72,21.59,379.901,7.459737235189707,-0.5910141619918236,21.02886390686035
503.725,13,-35.361657,149.1667665,100.17,-44.758222800904385,-0.25,21.72,380.00100000000003,7.459737235189707,-0.5910141619918236,21.02886390686035
503.825,13,-35.361657,149.16679059999998,100.277,-44.81917882415217,0.23,21.86,380.101,7.459737235189707,-0.5910141619918236,21.02886390686035
503.925,13,-35.3616563,149.16681499999999,100.385,-44.776298896542826,1.04,22.09,380.201,7.450560525246423,-0.5380286338130754,21.72769546508789
504.024,13,-35.3616551,149.16683949999998,100.485,-44.67871939896544,1.33,22.13,380.3,7.450560525246423,-0.5380286338130754,21.72769546508789
504.124,13,-35.3616538,149.166864,100.507,-44.868103469176965,1.56,22.14,380.40000000000003,7.450560525246423,-0.5380286338130754,21.72769546508789
504.224,13,-35.3616521,149.1668887,100.491,-45.09223271169635,2.31,22.32,380.5,7.450560525246423,-0.5380286338130754,21.72769546508789
504.324,13,-35.3616495,149.1669136,100.48400000000001,-45.03020093365429,3.2800000000000002,22.56,380.6,7.450560525246423,-0.5380286338130754,21.72769546508789
504.42400000000004,13,-35.3616463,149.16693859999998,100.499,-44.71742266589732,3.7800000000000002,22.64,380.70000000000005,7.447314059515003,-0.49668042824445546,21.283327102661133
504.524,13,-35.361642599999996,149.16696349999998,100.497,-44.51491780229019,4.38,22.740000000000002,380.8,7.447314059515003,-0.49668042824445546,21.283327102661133
504.624,13,-35.3616382,149.1669886,100.509,-44.36616652745107,5.19,22.89,380.90000000000003,7.447314059515003,-0.49668042824445546,21.283327102661133
504.724,13,-35.3616332,149.16701369999998,100.522,-44.415272172488876,5.95,22.97,381.0,7.447314059515003,-0.49668042824445546,21.283327102661133
504.824,13,-35.3616275,149.1670388,100.532,-44.60756590328683,6.82,23.03,381.1,7.447314059515003,-0.49668042824445546,21.283327102661133
504.92400000000004,13,-35.3616211,149.1670639,100.551,-44.734429836930644,7.57,23.01,381.20000000000005,7.446728020366708,-0.4427507198884776,20.768627166748047
505.024,13,-35.3616139,149.167089,100.575,-44.86793271444772,8.34,22.95,381.3,7.446728020366708,-0.4427507198884776,20.768627166748047
505.124,14,-35.3616059,149.167114,100.628,-44.869397790024685,9.3,22.85,381.40000000000003,7.446728020366708,-0.4427507198884776,20.768627166748047
505.224,14,-35.3615973,149.1671389,100.691,-44.82370723957188,9.78,22.76,381.5,7.446728020366708,-0.4427507198884776,20.768627166748047
505.324,14,-35.3615882,149.1671637,100.721,-44.902169037662404,10.41,22.64,381.6,7.446728020366708,-0.4427507198884776,20.768627166748047
505.42400000000004,14,-35.3615785,149.1671884,100.745,-44.88110814935667,11.17,22.48,381.70000000000005,7.450277593779582,-0.38841918345905774,20.940776824951172
505.524,14,-35.3615683,149.16721289999998,100.763,-44.83078331555202,11.620000000000001,22.35,381.8,7.450277593779582,-0.38841918345905774,20.940776824951172
505.624,14,-35.361557499999996,149.16723729999998,100.772,-44.80435731365324,12.11,22.21,381.90000000000003,7.450277593779582,-0.38841918345905774,20.940776824951172
505.725,14,-35.361546499999996,149.1672615,100.73400000000001,-44.92228735986268,12.61,22.05,382.00100000000003,7.450277593779582,-0.38841918345905774,20.940776824951172
505.825,14,-35.3615347,149.1672858,100.688,-44.96146532494187,13.290000000000001,21.830000000000002,382.101,7.450277593779582,-0.38841918345905774,20.940776824951172
505.925,14,-35.361522199999996,149.1673099,100.638,-44.854784600295446,14.09,21.62,382.201,7.4570404524386955,-0.3381732770396203,20.786224365234375
506.02500000000003,14,-35.3615092,149.1673337,100.599,-44.6276398292575,14.58,21.46,382.30100000000004,7.4570404524386955,-0.3381732770396203,20.786224365234375
506.124,14,-35.3614956,149.16735749999998,100.531,-44.5776667501951,14.950000000000001,21.34,382.40000000000003,7.4570404524386955,-0.3381732770396203,20.786224365234375
506.224,14,-35.3614817,149.167381,100.44500000000001,-44.641457301948435,15.870000000000001,21.03,382.5,7.4570404524386955,-0.3381732770396203,20.786224365234375
506.324,14,-35.361466899999996,149.1674043,100.373,-44.6762468704859,16.39,20.85,382.6,7.4570404524386955,-0.3381732770396203,20.786224365234375
506.42400000000004,14,-35.361451599999995,149.16742729999999,100.296,-44.77504214173555,17.28,20.48,382.70000000000005,7.467886737607646,-0.2847577105210185,20.297569274902344
506.524,14,-35.3614353,149.16744979999999,100.258,-44.61231629985458,18.06,20.16,382.8,7.467886737607646,-0.2847577105210185,20.297569274902344
506.624,14,-35.3614187,149.1674721,100.20700000000001,-44.61811513045991,18.5,19.95,382.90000000000003,7.467886737607646,-0.2847577105210185,20.297569274902344
506.724,14,-35.3614017,149.16749389999998,100.131,-44.85024593959197,19.37,19.46,383.0,7.467886737607646,-0.2847577105210185,20.297569274902344
506.824,14,-35.3613839,149.1675151,100.07600000000001,-44.98235887361294,20.06,19.03,383.1,7.467886737607646,-0.2847577105210185,20.297569274902344
506.92400000000004,14,-35.3613656,149.1675357,100.028,-45.06196472838944,20.82,18.490000000000002,383.20000000000005,7.485581511159609,-0.225758041573265,19.88221549987793
507.024,14,-35.3613466,149.1675556,100.01,-44.929015096195144,21.490000000000002,18.0,383.3,7.485581511159609,-0.225758041573265,19.88221549987793
507.124,14,-35.3613271,149.1675752,99.98100000000001,-44.870323280657225,22.0,17.62,383.40000000000003,7.485581511159609,-0.225758041573265,19.88221549987793
507.224,14,-35.3613071,149.1675942,99.97500000000001,-44.687806965656144,22.6,17.150000000000002,383.5,7.485581511159609,-0.225758041573265,19.88221549987793
507.324,14,-35.3612867,149.1676128,99.96600000000001,-44.636382471395116,22.94,16.9,383.6,7.485581511159609,-0.225758041573265,19.88221549987793
507.42400000000004,14,-35.361266,149.1676311,99.931,-44.76038797087128,23.31,16.61,383.70000000000005,7.510030058732347,-0.17350049872193132,19.94896125793457
507.524,14,-35.3612447,149.1676489,99.889,-44.84869207155579,24.07,15.870000000000001,383.8,7.510030058732347,-0.17350049872193132,19.94896125793457
507.624,14,-35.3612229,149.1676659,99.875,-44.68683366369942,24.51,15.450000000000001,383.90000000000003,7.510030058732347,-0.17350049872193132,19.94896125793457
507.724,14,-35.3612007,149.1676826,99.842,-44.70730374064194,25.0,14.9,384.0,7.510030058732347,-0.17350049872193132,19.94896125793457
507.825,14,-35.361177999999995,149.1676987,99.81,-44.84959365652623,25.51,14.27,384.101,7.510030058732347,-0.17350049872193132,19.94896125793457
507.925,14,-35.3611544,149.16771409999998,99.79,-44.991931383734716,26.060000000000002,13.530000000000001,384.201,7.538023730159837,-0.1256910057671428,20.196632385253906
508.02500000000003,14,-35.361130599999996,149.1677287,99.777,-45.1431517719588,26.55,12.76,384.30100000000004,7.538023730159837,-0.1256910057671428,20.196632385253906
508.125,14,-35.3611062,149.1677425,99.785,-45.20063805910821,27.04,11.950000000000001,384.401,7.538023730159837,-0.1256910057671428,20.196632385253906
508.224,14,-35.3610815,149.1677554,99.802,-45.20603049345793,27.36,11.39,384.5,7.538023730159837,-0.1256910057671428,20.196632385253906
508.324,14,-35.3610563,149.1677676,99.822,-45.149995621507145,27.76,10.59,384.6,7.538023730159837,-0.1256910057671428,20.196632385253906
508.42400000000004,14,-35.361031,149.1677791,99.837,-45.116329619088155,28.03,10.02,384.70000000000005,7.568648558137396,-0.08794689982658836,20.42447280883789
508.524,14,-35.361005299999995,149.1677899,99.836,-45.09458571186542,28.29,9.4,384.8,7.568648558137396,-0.08794689982658836,20.42447280883789
508.624,14,-35.3609795,149.1677999,99.836,-45.01403729098346,28.47,8.94,384.90000000000003,7.568648558137396,-0.08794689982658836,20.42447280883789
508.724,14,-35.3609538,149.1678095,99.788,-45.16964949084386,28.650000000000002,8.32,385.0,7.568648558137396,-0.08794689982658836,20.42447280883789
508.824,14,-35.3609279,149.1678181,99.77,-45.05527114300283,28.93,7.24,385.1,7.568648558137396,-0.08794689982658836,20.42447280883789
508.92400000000004,14,-35.3609019,149.1678255,99.807,-44.697939551289856,29.080000000000002,6.65,385.20000000000005,7.595452387383061,-0.06733037281948122,20.387027740478516
509.024,14,-35.360875799999995,149.16783239999998,99.83,-44.6155230736699,29.2,6.13,385.3,7.595452387383061,-0.06733037281948122,20.387027740478516
509.124,14,-35.3608496,149.16783859999998,99.84100000000001,-44.73294085569159,29.38,5.25,385.40000000000003,7.595452387383061,-0.06733037281948122,20.387027740478516
509.224,14,-35.3608233,149.167844,99.834,-44.971488627548865,29.47,4.63,385.5,7.595452387383061,-0.06733037281948122,20.387027740478516
509.324,14,-35.360797,149.1678484,99.815,-45.302810858902426,29.57,3.49,385.6,7.595452387383061,-0.06733037281948122,20.387027740478516
509.42400000000004,14,-35.3607705,149.16785149999998,99.82300000000001,-45.54175819682615,29.61,2.29,385.70000000000005,7.618198201284823,-0.05745809038629388,20.61952781677246
509.524,14,-35.360744,149.1678533,99.864,-45.467500380169774,29.580000000000002,1.04,385.8,7.618198201284823,-0.05745809038629388,20.61952781677246
509.624,14,-35.3607176,149.167854,99.943,-45.1896380394499,29.52,0.27,385.90000000000003,7.618198201284823,-0.05745809038629388,20.61952781677246
509.724,14,-35.3606912,149.16785389999998,100.006,-45.081635673199074,29.43,-0.36,386.0,7.618198201284823,-0.05745809038629388,20.61952781677246
509.824,14,-35.360664899999996,149.1678531,100.06400000000001,-44.720424534037534,29.310000000000002,-0.93,386.1,7.618198201284823,-0.05745809038629388,20.61952781677246
509.925,14,-35.3606386,149.1678516,100.108,-43.95851010193344,29.16,-1.73,386.201,7.6246401360522675,-0.057941242552470074,21.518451690673828
510.02500000000003,14,-35.360612499999995,149.1678493,100.171,-42.429445897726445,29.02,-2.02,386.30100000000004,7.6246401360522675,-0.057941242552470074,21.518451690673828
510.125,14,-35.3605863,149.1678471,100.146,-40.46106051100964,28.89,-2.0300000000000002,386.401,7.6246401360522675,-0.057941242552470074,21.518451690673828
510.224,14,-35.360560299999996,149.1678446,100.09400000000001,-37.47784220231775,28.650000000000002,-2.69,386.5,7.6246401360522675,-0.057941242552470074,21.518451690673828
510.324,14,-35.3605344,149.1678413,100.093,-33.45498030949072,28.39,-3.18,386.6,7.6246401360522675,-0.057941242552470074,21.518451690673828
510.42400000000004,14,-35.3605088,149.1678377,100.09100000000001,-29.109692506704064,28.18,-3.15,386.70000000000005,7.61286466912929,-0.05833025929030177,21.593395233154297
510.524,14,-35.3604833,149.1678342,100.042,-24.883424165299463,27.94,-3.25,386.8,7.61286466912929,-0.05833025929030177,21.593395233154297
510.624,14,-35.360458099999995,149.16783049999998,99.993,-20.857825074162545,27.68,-3.43,386.90000000000003,7.61286466912929,-0.05833025929030177,21.593395233154297
510.724,14,-35.360433,149.16782659999998,99.95400000000001,-17.149141637872344,27.44,-3.5300000000000002,387.0,7.61286466912929,-0.05833025929030177,21.593395233154297
510.824,14,-35.360408299999996,149.1678226,99.916,-13.900274220470214,27.21,-3.67,387.1,7.61286466912929,-0.05833025929030177,21.593395233154297
510.92400000000004,14,-35.360383899999995,149.1678186,99.893,-11.01008138072661,27.02,-3.62,387.20000000000005,7.5933705607593325,-0.05353354216943608,20.650657653808594
511.024,14,-35.3603598,149.16781469999998,99.793,-8.508231752848776,26.84,-3.59,387.3,7.5933705607593325,-0.05353354216943608,20.650657653808594
511.124,14,-35.360335899999995,149.16781079999998,99.718,-6.282616746234237,26.7,-3.65,387.40000000000003,7.5933705607593325,-0.05353354216943608,20.650657653808594
511.224,14,-35.3603121,149.1678069,99.635,-4.287915494419019,26.560000000000002,-3.62,387.5,7.5933705607593325,-0.05353354216943608,20.650657653808594
511.324,14,-35.3602884,149.167803,99.533,-2.471688579720116,26.490000000000002,-3.61,387.6,7.5933705607593325,-0.05353354216943608,20.650657653808594
511.42400000000004,14,-35.360264799999996,149.1677991,99.467,-0.8488558033274789,26.43,-3.5700000000000003,387.70000000000005,7.574643737991582,-0.044305359265513884,19.576507568359375
511.524,14,-35.3602412,149.1677953,99.325,0.6582202610331042,26.39,-3.5100000000000002,387.8,7.574643737991582,-0.044305359265513884,19.576507568359375
511.624,14,-35.3602176,149.1677916,99.178,2.005053257276018,26.38,-3.44,387.90000000000003,7.574643737991582,-0.044305359265513884,19.576507568359375
511.724,14,-35.3601941,149.16778789999998,99.10300000000001,3.1890825581535958,26.42,-3.38,388.0,7.574643737991582,-0.044305359265513884,19.576507568359375
511.824,14,-35.360170499999995,149.1677843,99.019,4.283482274760858,26.43,-3.31,388.1,7.574643737991582,-0.044305359265513884,19.576507568359375
511.92400000000004,14,-35.360146799999995,149.1677809,98.958,5.383260551896093,26.490000000000002,-3.15,388.20000000000005,7.559244757388367,-0.032524630305908984,19.313125610351562
512.025,14,-35.3601229,149.1677775,98.885,6.464458153167956,26.53,-2.95,388.301,7.559244757388367,-0.032524630305908984,19.313125610351562
512.125,14,-35.3600989,149.1677745,98.84400000000001,7.295811703468983,26.57,-2.7800000000000002,388.401,7.559244757388367,-0.032524630305908984,19.313125610351562
512.225,14,-35.3600749,149.1677715,98.81400000000001,7.799042966042597,26.59,-2.64,388.50100000000003,7.559244757388367,-0.032524630305908984,19.313125610351562
512.324,14,-35.360050799999996,149.16776869999998,98.796,8.07215405642108,26.59,-2.49,388.59999999999997,7.559244757388367,-0.032524630305908984,19.313125610351562
512.424,15,-35.3600268,149.1677661,98.779,8.088883751019381,26.57,-2.37,388.7,7.541498280045347,-0.01712986477453565,20.1264591217041
512.524,15,-35.3600026,149.1677636,98.772,7.917815686840887,26.55,-2.24,388.8,7.541498280045347,-0.01712986477453565,20.1264591217041
512.624,15,-35.3599786,149.1677612,98.758,7.648812101474521,26.52,-2.2,388.90000000000003,7.541498280045347,-0.01712986477453565,20.1264591217041
512.724,15,-35.3599546,149.1677589,98.71600000000001,7.3929002811997755,26.51,-2.08,389.00000000000006,7.541498280045347,-0.01712986477453565,20.1264591217041
512.824,15,-35.3599306,149.1677566,98.666,7.141049435273426,26.490000000000002,-1.99,389.09999999999997,7.541498280045347,-0.01712986477453565,20.1264591217041
512.924,15,-35.3599068,149.1677545,98.61,6.923007598851816,26.44,-1.95,389.2,7.514048185846223,0.004494498258151023,20.140182495117188
513.024,15,-35.3598831,149.16775239999998,98.55,6.792222282850766,26.43,-1.86,389.3,7.514048185846223,0.004494498258151023,20.140182495117188
513.124,15,-35.3598595,149.16775049999998,98.46000000000001,6.75405603954238,26.39,-1.79,389.40000000000003,7.514048185846223,0.004494498258151023,20.140182495117188
513.224,15,-35.3598359,149.16774859999998,98.432,6.745206675698983,26.41,-1.6300000000000001,389.50000000000006,7.514048185846223,0.004494498258151023,20.140182495117188
513.324,15,-35.359812399999996,149.167747,98.434,6.804900394610779,26.36,-1.57,389.59999999999997,7.514048185846223,0.004494498258151023,20.140182495117188
513.424,15,-35.3597889,149.1677454,98.429,6.896907311599082,26.34,-1.44,389.7,7.4816727888628645,0.026970461277457145,20.165258407592773
513.524,15,-35.3597654,149.1677439,98.452,6.930160941346935,26.310000000000002,-1.3,389.8,7.4816727888628645,0.026970461277457145,20.165258407592773
513.624,15,-35.359742,149.1677426,98.479,6.849031527498701,26.27,-1.16,389.90000000000003,7.4816727888628645,0.026970461277457145,20.165258407592773
513.724,15,-35.3597186,149.1677415,98.555,6.682869673578392,26.22,-1.02,390.00000000000006,7.4816727888628645,0.026970461277457145,20.165258407592773
513.824,15,-35.3596952,149.16774039999999,98.635,6.3495265600041515,26.16,-1.0,390.09999999999997,7.4816727888628645,0.026970461277457145,20.165258407592773
513.924,15,-35.359671899999995,149.1677393,98.646,5.800360567714908,26.11,-1.03,390.2,7.446745693509112,0.04821793190433671,19.838361740112305
514.025,15,-35.3596486,149.1677382,98.656,5.164305177672995,26.060000000000002,-1.01,390.301,7.446745693509112,0.04821793190433671,19.838361740112305
514.125,15,-35.3596249,149.16773709999998,98.70400000000001,4.526952905462425,26.04,-1.03,390.401,7.446745693509112,0.04821793190433671,19.838361740112305
514.225,15,-35.3596015,149.1677359,98.709,4.150539899642553,26.04,-1.07,390.50100000000003,7.446745693509112,0.04821793190433671,19.838361740112305
514.325,15,-35.3595779,149.16773469999998,98.682,4.073352785605885,26.05,-1.01,390.60100000000006,7.446745693509112,0.04821793190433671,19.838361740112305
514.424,15,-35.3595543,149.1677336,98.664,4.250651689854722,26.09,-0.98,390.7,7.421618352557407,0.06501653975739398,19.499208450317383
514.524,15,-35.3595307,149.1677325,98.68,4.583771114733645,26.14,-0.93,390.8,7.421618352557407,0.06501653975739398,19.499208450317383
514.624,15,-35.359507,149.1677315,98.69500000000001,5.03707284070082,26.18,-0.89,390.90000000000003,7.421618352557407,0.06501653975739398,19.499208450317383
514.724,15,-35.3594833,149.1677305,98.659,5.51876382106633,26.23,-0.85,391.00000000000006,7.421618352557407,0.06501653975739398,19.499208450317383
514.824,15,-35.3594596,149.1677296,98.65,5.868897247167755,26.28,-0.75,391.09999999999997,7.421618352557407,0.06501653975739398,19.499208450317383
514.924,15,-35.359435999999995,149.1677288,98.632,6.1754032668325465,26.3,-0.65,391.2,7.397471922303674,0.07619696487031577,19.59839630126953
515.024,15,-35.3594124,149.1677282,98.639,6.333390238089996,26.32,-0.47000000000000003,391.3,7.397471922303674,0.07619696487031577,19.59839630126953
515.124,15,-35.3593889,149.1677278,98.742,6.281362125861071,26.35,-0.3,391.40000000000003,7.397471922303674,0.07619696487031577,19.59839630126953
515.224,15,-35.3593654,149.16772749999998,98.852,6.007214554276037,26.39,-0.28,391.50000000000006,7.397471922303674,0.07619696487031577,19.59839630126953
515.324,15,-35.3593419,149.1677272,98.883,5.545363139015299,26.43,-0.23,391.59999999999997,7.397471922303674,0.07619696487031577,19.59839630126953
515.424,15,-35.3593183,149.16772699999999,98.921,4.882036938051639,26.46,-0.16,391.7,7.373499634588117,0.08603083655488683,19.28706169128418
515.524,15,-35.3592947,149.1677268,98.94200000000001,4.15203357663667,26.490000000000002,-0.15,391.8,7.373499634588117,0.08603083655488683,19.28706169128418
515.624,15,-35.3592711,149.1677267,98.994,3.40562410083533,26.54,-0.07,391.90000000000003,7.373499634588117,0.08603083655488683,19.28706169128418
515.724,15,-35.3592474,149.1677267,99.07600000000001,2.7336227058521083,26.57,-0.05,392.00000000000006,7.373499634588117,0.08603083655488683,19.28706169128418
515.824,15,-35.3592237,149.16772659999998,99.111,2.1472334632467653,26.6,-0.05,392.09999999999997,7.373499634588117,0.08603083655488683,19.28706169128418
515.924,15,-35.3592,149.16772659999998,99.158,1.70226851677012,26.650000000000002,-0.02,392.2,7.357612072905081,0.09599109371140305,19.175764083862305
516.024,15,-35.3591762,149.1677265,99.186,1.3857017351796053,26.69,-0.03,392.3,7.357612072905081,0.09599109371140305,19.175764083862305
516.125,15,-35.3591523,149.1677265,99.21600000000001,1.1290060439758953,26.73,-0.03,392.401,7.357612072905081,0.09599109371140305,19.175764083862305
516.225,15,-35.3591282,149.1677264,99.257,0.9175932263089005,26.79,-0.03,392.50100000000003,7.357612072905081,0.09599109371140305,19.175764083862305
516.325,15,-35.359103999999995,149.1677264,99.244,0.7763486495327392,26.87,-0.04,392.60100000000006,7.357612072905081,0.09599109371140305,19.175764083862305
516.425,15,-35.359079699999995,149.1677263,99.268,0.7373075550412107,26.95,-0.02,392.70099999999996,7.3522001048449415,0.10451578712318972,18.86139488220215
516.524,15,-35.3590552,149.1677263,99.293,0.7444456896932559,27.04,-0.01,392.8,7.3522001048449415,0.10451578712318972,18.86139488220215
516.624,15,-35.3590307,149.1677263,99.262,0.7673162579639262,27.13,-0.02,392.90000000000003,7.3522001048449415,0.10451578712318972,18.86139488220215
516.724,15,-35.359006099999995,149.1677262,99.217,0.7487097020869008,27.22,-0.02,393.00000000000006,7.3522001048449415,0.10451578712318972,18.86139488220215
516.824,15,-35.3589814,149.1677262,99.22500000000001,0.6829155036683728,27.310000000000002,-0.04,393.09999999999997,7.3522001048449415,0.10451578712318972,18.86139488220215
516.924,15,-35.3589566,149.16772609999998,99.24000000000001,0.5909922564974025,27.43,-0.11,393.2,7.357935351103563,0.11186289182469662,18.827190399169922
517.024,15,-35.3589317,149.1677259,99.23100000000001,0.44682331821984433,27.560000000000002,-0.2,393.3,7.357935351103563,0.11186289182469662,18.827190399169922
517.124,15,-35.3589069,149.16772559999998,99.272,0.4051849909355657,27.7,-0.27,393.40000000000003,7.357935351103563,0.11186289182469662,18.827190399169922
517.224,15,-35.358882,149.1677253,99.299,0.4983857236051664,27.8,-0.32,393.50000000000006,7.357935351103563,0.11186289182469662,18.827190399169922
517.324,15,-35.3588571,149.1677249,99.28,0.8505140451919111,27.89,-0.34,393.59999999999997,7.357935351103563,0.11186289182469662,18.827190399169922
517.424,15,-35.3588322,149.1677245,99.293,1.3489191387866768,27.98,-0.34,393.7,7.367133805737113,0.11640845430012625,18.91244888305664
517.524,15,-35.3588072,149.16772419999998,99.333,2.011001498269453,28.05,-0.32,393.8,7.367133805737113,0.11640845430012625,18.91244888305664
517.624,15,-35.3587822,149.1677239,99.388,2.6629370781316464,28.1,-0.26,393.90000000000003,7.367133805737113,0.11640845430012625,18.91244888305664
517.724,15,-35.3587571,149.1677236,99.465,3.2024603374167118,28.17,-0.23,394.00000000000006,7.367133805737113,0.11640845430012625,18.91244888305664
517.824,15,-35.358731899999995,149.1677234,99.511,3.5766639904834965,28.23,-0.21,394.09999999999997,7.367133805737113,0.11640845430012625,18.91244888305664
517.924,15,-35.3587068,149.16772319999998,99.517,3.6738627050146553,28.25,-0.23,394.2,7.381779150706098,0.11665952991367792,19.22964096069336
518.024,15,-35.358681499999996,149.167723,99.562,3.5610207228500514,28.27,-0.27,394.3,7.381779150706098,0.11665952991367792,19.22964096069336
518.124,15,-35.3586563,149.16772269999998,99.56,3.38285267702933,28.29,-0.31,394.40000000000003,7.381779150706098,0.11665952991367792,19.22964096069336
518.225,15,-35.358630999999995,149.1677224,99.543,3.2789025339470252,28.29,-0.29,394.50100000000003,7.381779150706098,0.11665952991367792,19.22964096069336
518.325,15,-35.3586053,149.1677221,99.543,3.275892128070342,28.29,-0.28,394.60100000000006,7.381779150706098,0.11665952991367792,19.22964096069336
518.425,15,-35.3585798,149.16772179999998,99.496,3.389263023008799,28.28,-0.27,394.70099999999996,7.389017601703481,0.11525439709258692,20.50733184814453
518.525,15,-35.3585542,149.1677216,99.43900000000001,3.6638214731610903,28.26,-0.21,394.801,7.389017601703481,0.11525439709258692,20.50733184814453
518.624,15,-35.3585287,149.1677215,99.42,3.941721379921399,28.22,-0.15,394.90000000000003,7.389017601703481,0.11525439709258692,20.50733184814453
518.724,15,-35.3585031,149.1677214,99.416,4.133525898420051,28.17,-0.11,395.00000000000006,7.389017601703481,0.11525439709258692,20.50733184814453
518.824,15,-35.3584777,149.16772129999998,99.36500000000001,4.2895137586848024,28.1,-0.05,395.09999999999997,7.389017601703481,0.11525439709258692,20.50733184814453
518.924,15,-35.358452299999996,149.1677214,99.385,4.184104302997642,28.04,0.04,395.2,7.3820068156660135,0.1124058271767631,20.85643768310547
519.024,15,-35.3584269,149.1677215,99.419,3.9285459450124445,27.98,0.08,395.3,7.3820068156660135,0.1124058271767631,20.85643768310547
519.124,15,-35.3584019,149.1677217,99.443,3.580233831541886,27.93,0.13,395.40000000000003,7.3820068156660135,0.1124058271767631,20.85643768310547
519.224,15,-35.358376899999996,149.1677219,99.443,3.1706408339511496,27.87,0.16,395.50000000000006,7.3820068156660135,0.1124058271767631,20.85643768310547
519.324,15,-35.358352,149.167722,99.476,2.7142341466759694,27.8,0.21,395.59999999999997,7.3820068156660135,0.1124058271767631,20.85643768310547
519.424,15,-35.3583272,149.16772229999998,99.526,2.235940118205483,27.75,0.22,395.7,7.366258503082618,0.10877731760598146,20.14297103881836
519.524,15,-35.3583025,149.1677226,99.552,1.745101059942093,27.71,0.22,395.8,7.366258503082618,0.10877731760598146,20.14297103881836
519.624,15,-35.3582779,149.1677229,99.592,1.2687342120346081,27.67,0.24,395.90000000000003,7.366258503082618,0.10877731760598146,20.14297103881836
519.724,15,-35.3582532,149.16772319999998,99.60300000000001,0.8578286975453187,27.64,0.25,396.00000000000006,7.366258503082618,0.10877731760598146,20.14297103881836
519.824,15,-35.3582286,149.1677236,99.64,0.5062197371397595,27.61,0.24,396.09999999999997,7.366258503082618,0.10877731760598146,20.14297103881836
519.924,15,-35.3582041,149.1677238,99.669,0.18186686006054772,27.580000000000002,0.19,396.2,7.36057861463181,0.104742727543245,19.675430297851562
520.024,15,-35.3581795,149.1677241,99.751,-0.0713178671158311,27.57,0.15,396.3,7.36057861463181,0.104742727543245,19.675430297851562
520.124,15,-35.358154899999995,149.1677243,99.808,-0.2671757093505954,27.580000000000002,0.13,396.40000000000003,7.36057861463181,0.104742727543245,19.675430297851562
520.224,15,-35.3581302,149.1677244,99.811,-0.3281310122268602,27.6,0.11,396.50000000000006,7.36057861463181,0.104742727543245,19.675430297851562
520.325,15,-35.3581056,149.16772459999999,99.848,-0.3145980862839642,27.61,0.11,396.60100000000006,7.36057861463181,0.104742727543245,19.675430297851562
520.425,15,-35.358080699999995,149.16772469999998,99.872,-0.28367635248786194,27.64,0.11,396.70099999999996,7.3594720087513394,0.10016922276584926,19.5333309173584
520.525,15,-35.3580557,149.1677249,99.896,-0.17661640560015165,27.69,0.11,396.801,7.3594720087513394,0.10016922276584926,19.5333309173584
520.625,15,-35.3580307,149.16772509999998,99.902,-0.03244045370549166,27.740000000000002,0.11,396.901,7.3594720087513394,0.10016922276584926,19.5333309173584
520.724,15,-35.3580055,149.1677252,99.916,0.09747531718222464,27.810000000000002,0.11,397.00000000000006,7.3594720087513394,0.10016922276584926,19.5333309173584
520.824,15,-35.3579803,149.1677254,99.922,0.18946736650289098,27.86,0.09,397.09999999999997,7.3594720087513394,0.10016922276584926,19.5333309173584
520.924,15,-35.357955,149.1677255,99.902,0.16415419185093447,27.97,0.06,397.2,7.3640188728276605,0.09339921932996695,19.64852523803711
521.024,15,-35.3579296,149.16772559999998,99.922,0.07747647660168103,28.04,0.03,397.3,7.3640188728276605,0.09339921932996695,19.64852523803711
521.124,15,-35.3579041,149.1677257,99.953,-0.016810299501644727,28.12,0.01,397.40000000000003,7.3640188728276605,0.09339921932996695,19.64852523803711
521.224,15,-35.3578787,149.1677257,99.973,-0.0258211449585764,28.21,0.0,397.50000000000006,7.3640188728276605,0.09339921932996695,19.64852523803711
521.324,15,-35.357853299999995,149.1677258,100.001,0.07571272032076407,28.29,0.0,397.59999999999997,7.3640188728276605,0.09339921932996695,19.64852523803711
521.424,15,-35.3578279,149.1677258,100.002,0.2746989492779529,28.38,0.0,397.7,7.376136809448064,0.08659402697975738,18.824247360229492
521.524,15,-35.3578024,149.1677259,100.016,0.425557124032613,28.5,0.02,397.8,7.376136809448064,0.08659402697975738,18.824247360229492
521.624,15,-35.3577769,149.1677259,100.034,0.5696170727681418,28.61,0.04,397.90000000000003,7.376136809448064,0.08659402697975738,18.824247360229492
521.724,15,-35.3577513,149.16772609999998,99.996,0.6513386853617577,28.72,0.05,398.00000000000006,7.376136809448064,0.08659402697975738,18.824247360229492
521.824,15,-35.357725599999995,149.1677262,99.93900000000001,0.6845305766028165,28.87,0.07,398.09999999999997,7.376136809448064,0.08659402697975738,18.824247360229492
521.924,15,-35.3576998,149.1677263,99.936,0.6143924312330133,29.0,0.06,398.2,7.404910041493911,0.07798155835488285,18.677114486694336
522.024,15,-35.3576738,149.1677264,99.906,0.5331943953279612,29.13,0.07,398.3,7.404910041493911,0.07798155835488285,18.677114486694336
522.124,15,-35.3576477,149.1677265,99.92,0.43314236927102945,29.26,0.07,398.40000000000003,7.404910041493911,0.07798155835488285,18.677114486694336
522.224,15,-35.3576215,149.1677267,99.923,0.28786093725197903,29.37,0.07,398.50000000000006,7.404910041493911,0.07798155835488285,18.677114486694336
522.324,15,-35.3575952,149.1677268,99.941,0.20556709621217628,29.46,0.08,398.59999999999997,7.404910041493911,0.07798155835488285,18.677114486694336
522.425,15,-35.3575686,149.1677269,99.97,0.10881777344384978,29.55,0.09,398.70099999999996,7.436554874481244,0.06944933276721484,19.313159942626953
522.525,15,-35.3575419,149.16772709999998,99.986,0.05190303772480333,29.64,0.11,398.801,7.436554874481244,0.06944933276721484,19.313159942626953
522.625,15,-35.3575151,149.1677273,100.001,-0.04295909843976336,29.72,0.12,398.901,7.436554874481244,0.06944933276721484,19.313159942626953
522.724,15,-35.3574881,149.16772749999998,100.046,-0.09065780788488005,29.8,0.13,399.00000000000006,7.436554874481244,0.06944933276721484,19.313159942626953
522.824,15,-35.357461199999996,149.1677277,100.04,-0.17550803398454518,29.85,0.14,399.09999999999997,7.436554874481244,0.06944933276721484,19.313159942626953
522.924,15,-35.357434,149.1677279,100.037,-0.25521001833752643,29.91,0.15,399.2,7.4702553744480165,0.05932463709398959,19.908113479614258
523.024,15,-35.357406999999995,149.1677281,100.05,-0.3385549747977839,29.94,0.16,399.3,7.4702553744480165,0.05932463709398959,19.908113479614258
523.124,15,-35.3573798,149.1677284,100.034,-0.46060405196356485,29.98,0.16,399.40000000000003,7.4702553744480165,0.05932463709398959,19.908113479614258
523.224,15,-35.3573527,149.1677286,100.026,-0.6617710522670117,30.01,0.13,399.50000000000006,7.4702553744480165,0.05932463709398959,19.908113479614258
523.324,15,-35.3573257,149.1677288,100.058,-0.8765470444091502,30.03,0.13,399.59999999999997,7.4702553744480165,0.05932463709398959,19.908113479614258
523.424,15,-35.357298799999995,149.16772899999998,100.06,-1.0552890929244172,30.04,0.12,399.7,7.499543555757953,0.05040533852606416,20.130552291870117
523.524,15,-35.357272,149.1677292,100.046,-1.2050010765589845,30.05,0.11,399.8,7.499543555757953,0.05040533852606416,20.130552291870117
523.624,15,-35.3572451,149.1677293,100.086,-1.2797697700209387,30.04,0.1,399.90000000000003,7.499543555757953,0.05040533852606416,20.130552291870117
523.724,15,-35.3572184,149.1677295,100.093,-1.34815682564228,30.02,0.09,400.00000000000006,7.499543555757953,0.05040533852606416,20.130552291870117
523.824,15,-35.3571916,149.1677296,100.08200000000001,-1.4107701302591389,30.0,0.04,400.09999999999997,7.499543555757953,0.05040533852606416,20.130552291870117
523.924,15,-35.3571649,149.1677297,100.135,-1.4317072213861668,29.97,-0.01,400.2,7.526076905718601,0.04208505157231955,20.14072036743164
524.024,15,-35.3571382,149.1677297,100.143,-1.438119061469516,29.94,-0.07,400.3,7.526076905718601,0.04208505157231955,20.14072036743164
524.124,15,-35.357111499999995,149.1677296,100.129,-1.2914381877225536,29.88,-0.11,400.40000000000003,7.526076905718601,0.04208505157231955,20.14072036743164
524.224,15,-35.3570849,149.1677295,100.123,-1.0369274100013073,29.830000000000002,-0.15,400.50000000000006,7.526076905718601,0.04208505157231955,20.14072036743164
524.324,15,-35.3570583,149.1677295,100.102,-0.6913916617066529,29.78,-0.15,400.59999999999997,7.526076905718601,0.04208505157231955,20.14072036743164
524.424,15,-35.3570318,149.1677293,100.09100000000001,-0.3003404932783857,29.740000000000002,-0.16,400.7,7.548491361582842,0.033214140613040066,20.54620933532715
524.525,15,-35.357005,149.1677292,100.098,0.06240058824691666,29.71,-0.15,400.801,7.548491361582842,0.033214140613040066,20.54620933532715
524.625,15,-35.3569785,149.16772899999998,100.026,0.4137249952343295,29.66,-0.15,400.901,7.548491361582842,0.033214140613040066,20.54620933532715
524.725,15,-35.356951699999996,149.1677289,99.98,0.663479506694014,29.64,-0.14,401.00100000000003,7.548491361582842,0.033214140613040066,20.54620933532715
524.824,15,-35.356925,149.1677288,99.924,0.8754861239319768,29.580000000000002,-0.09,401.09999999999997,7.548491361582842,0.033214140613040066,20.54620933532715
524.924,15,-35.356898199999996,149.1677288,99.881,1.12596938455959,29.51,0.01,401.2,7.563866649051938,0.02213607990664181,21.03765296936035
525.024,15,-35.3568716,149.1677289,99.863,1.3334981724663748,29.42,0.12,401.3,7.563866649051938,0.02213607990664181,21.03765296936035
525.124,15,-35.356845,149.1677292,99.855,1.3450345754179378,29.32,0.2,401.40000000000003,7.563866649051938,0.02213607990664181,21.03765296936035
525.224,15,-35.356818499999996,149.1677295,99.869,1.105776037000153,29.21,0.25,401.50000000000006,7.563866649051938,0.02213607990664181,21.03765296936035
525.324,15,-35.356792299999995,149.1677297,99.896,0.6219859474036279,29.09,0.27,401.59999999999997,7.563866649051938,0.02213607990664181,21.03765296936035
525.424,15,-35.3567663,149.16773,99.915,-0.05116912922941083,28.96,0.27,401.7,7.564665171117992,0.013511884216956647,21.291994094848633
525.524,15,-35.3567405,149.1677303,99.955,-0.809642086476849,28.82,0.25,401.8,7.564665171117992,0.013511884216956647,21.291994094848633
525.624,15,-35.3567148,149.1677306,99.993,-1.4826633140805179,28.69,0.2,401.90000000000003,7.564665171117992,0.013511884216956647,21.291994094848633
525.724,15,-35.3566892,149.1677308,99.983,-2.1025702159338175,28.57,0.17,402.00000000000006,7.564665171117992,0.013511884216956647,21.291994094848633
525.824,15,-35.3566638,149.167731,99.986,-2.501566175027279,28.46,0.12,402.09999999999997,7.564665171117992,0.013511884216956647,21.291994094848633
525.924,15,-35.3566384,149.1677311,100.007,-2.696196897738435,28.35,0.1,402.2,7.5552513816771585,0.00780488107534677,20.914962768554688
526.024,15,-35.3566132,149.1677312,100.009,-2.715071271736119,28.26,0.12,402.3,7.5552513816771585,0.00780488107534677,20.914962768554688
526.124,15,-35.356587999999995,149.16773139999998,99.974,-2.579545591007668,28.17,0.1,402.40000000000003,7.5552513816771585,0.00780488107534677,20.914962768554688
526.224,15,-35.3565629,149.1677315,99.938,-2.386126373100543,28.080000000000002,0.07,402.50000000000006,7.5552513816771585,0.00780488107534677,20.914962768554688
526.324,15,-35.3565378,149.1677315,99.904,-2.172830237491623,28.01,0.02,402.59999999999997,7.5552513816771585,0.00780488107534677,20.914962768554688
526.424,15,-35.3565128,149.1677315,99.927,-1.9899905557220243,27.95,0.02,402.7,7.542774769580073,0.0024085062327406153,20.291189193725586
526.525,15,-35.3564879,149.1677316,99.898,-1.8506920492507877,27.900000000000002,0.0,402.801,7.542774769580073,0.0024085062327406153,20.291189193725586
526.625,15,-35.3564627,149.1677315,99.88,-1.6838509116731806,27.84,-0.01,402.901,7.542774769580073,0.0024085062327406153,20.291189193725586
526.725,15,-35.3564376,149.1677315,99.857,-1.5581681738689528,27.810000000000002,-0.03,403.00100000000003,7.542774769580073,0.0024085062327406153,20.291189193725586
526.825,15,-35.3564125,149.1677315,99.863,-1.4715593474807813,27.79,-0.06,403.10100000000006,7.542774769580073,0.0024085062327406153,20.291189193725586
526.924,15,-35.3563873,149.16773139999998,99.85300000000001,-1.3890435119527398,27.810000000000002,-0.1,403.2,7.5380882302706915,-0.002926956035636913,19.79918098449707
527.024,15,-35.3563621,149.16773129999999,99.899,-1.2806551332921017,27.830000000000002,-0.12,403.3,7.5380882302706915,-0.002926956035636913,19.79918098449707
527.124,15,-35.3563368,149.1677312,99.91,-1.10800716098122,27.87,-0.13,403.40000000000003,7.5380882302706915,-0.002926956035636913,19.79918098449707
527.224,15,-35.3563116,149.167731,99.88,-0.9151733116303061,27.89,-0.13,403.50000000000006,7.5380882302706915,-0.002926956035636913,19.79918098449707
527.324,15,-35.3562862,149.1677308,99.83800000000001,-0.6815860713794534,27.95,-0.16,403.59999999999997,7.5380882302706915,-0.002926956035636913,19.79918098449707
527.424,15,-35.356260899999995,149.1677306,99.831,-0.4957609032514717,28.0,-0.17,403.7,7.5408731130748805,-0.00842463736626099,19.987293243408203
527.524,15,-35.3562357,149.1677305,99.827,-0.29787314080157146,28.02,-0.16,403.8,7.5408731130748805,-0.00842463736626099,19.987293243408203
527.624,15,-35.3562106,149.1677303,99.81700000000001,-0.06649748778952104,28.03,-0.17,403.90000000000003,7.5408731130748805,-0.00842463736626099,19.987293243408203
527.724,15,-35.356185499999995,149.1677301,99.803,0.1578138019496057,28.03,-0.17,404.00000000000006,7.5408731130748805,-0.00842463736626099,19.987293243408203
527.824,15,-35.3561604,149.16772989999998,99.825,0.33606454375209444,28.03,-0.15,404.09999999999997,7.5408731130748805,-0.00842463736626099,19.987293243408203
527.924,15,-35.3561354,149.1677298,99.846,0.47555517597416413,28.05,-0.11,404.2,7.538726586572168,-0.013529799235706894,19.679203033447266
528.024,15,-35.3561104,149.1677297,99.87,0.6550211178197466,28.080000000000002,-0.05,404.3,7.538726586572168,-0.013529799235706894,19.679203033447266
528.124,15,-35.3560853,149.1677297,99.881,0.8263516640336092,28.14,0.02,404.40000000000003,7.538726586572168,-0.013529799235706894,19.679203033447266
528.224,15,-35.3560601,149.1677298,99.875,0.9174344244106977,28.18,0.08,404.50000000000006,7.538726586572168,-0.013529799235706894,19.679203033447266
528.324,15,-35.356035,149.16772989999998,99.86500000000001,0.8489888319337355,28.25,0.13,404.59999999999997,7.538726586572168,-0.013529799235706894,19.679203033447266
528.424,15,-35.3560097,149.1677301,99.83200000000001,0.5409461264273968,28.330000000000002,0.15,404.7,7.542499204345934,-0.018132470898293306,19.4145450592041
528.524,15,-35.3559844,149.1677303,99.793,0.09582841449903176,28.38,0.18,404.8,7.542499204345934,-0.018132470898293306,19.4145450592041
528.625,15,-35.355959,149.1677305,99.796,-0.3689160727929897,28.47,0.2,404.901,7.542499204345934,-0.018132470898293306,19.4145450592041
528.725,15,-35.355933,149.1677307,99.825,-0.8930202333876045,28.54,0.19,405.00100000000003,7.542499204345934,-0.018132470898293306,19.4145450592041
528.825,15,-35.3559072,149.16773089999998,99.82900000000001,-1.3963200112963305,28.63,0.15,405.10100000000006,7.542499204345934,-0.018132470898293306,19.4145450592041
528.925,15,-35.3558813,149.1677311,99.855,-1.838885000053363,28.72,0.13,405.20099999999996,7.559295071404486,-0.02083627998868029,19.04270362854004
529.024,15,-35.3558553,149.16773129999999,99.839,-2.141329831926347,28.78,0.11,405.3,7.559295071404486,-0.02083627998868029,19.04270362854004
529.124,15,-35.3558291,149.16773139999998,99.877,-2.2796102133244287,28.86,0.09,405.40000000000003,7.559295071404486,-0.02083627998868029,19.04270362854004
529.224,15,-35.3558029,149.1677315,99.917,-2.332216330311867,28.96,0.08,405.50000000000006,7.559295071404486,-0.02083627998868029,19.04270362854004
529.324,15,-35.3557766,149.1677316,99.905,-2.3373029002528223,29.09,0.05,405.59999999999997,7.559295071404486,-0.02083627998868029,19.04270362854004
529.424,15,-35.3557503,149.1677317,99.897,-2.2757291717719808,29.19,0.04,405.7,7.585313631736867,-0.022558425069715306,19.13035774230957
529.524,15,-35.355723999999995,149.1677317,99.861,-2.1659906568115015,29.29,0.01,405.8,7.585313631736867,-0.022558425069715306,19.13035774230957
529.624,15,-35.3556977,149.1677317,99.81,-2.0439018791711696,29.39,-0.01,405.90000000000003,7.585313631736867,-0.022558425069715306,19.13035774230957
529.724,15,-35.3556714,149.1677317,99.753,-1.880784368629983,29.48,-0.02,406.00000000000006,7.585313631736867,-0.022558425069715306,19.13035774230957
529.824,15,-35.355644999999996,149.1677317,99.71000000000001,-1.7196991595319924,29.560000000000002,-0.05,406.09999999999997,7.585313631736867,-0.022558425069715306,19.13035774230957
529.924,15,-35.3556186,149.1677317,99.685,-1.6581300200844993,29.62,-0.12,406.2,7.611279046918033,-0.02378294138632074,19.55523681640625
530.024,15,-35.355592099999996,149.1677315,99.69,-1.6334245855263285,29.67,-0.22,406.3,7.611279046918033,-0.02378294138632074,19.55523681640625
530.124,15,-35.3555657,149.16773129999999,99.655,-1.5415963206735035,29.68,-0.33,406.40000000000003,7.611279046918033,-0.02378294138632074,19.55523681640625
530.224,15,-35.355539199999996,149.16773089999998,99.68,-1.2267861783601517,29.66,-0.38,406.50000000000006,7.611279046918033,-0.02378294138632074,19.55523681640625
530.324,15,-35.3555128,149.1677305,99.753,-0.7016626120319125,29.63,-0.37,406.59999999999997,7.611279046918033,-0.02378294138632074,19.55523681640625
530.424,15,-35.355486299999995,149.1677301,99.821,-0.04140109493748643,29.62,-0.37,406.7,7.63120552411069,-0.025603174764340136,20.944425582885742
530.524,15,-35.3554599,149.1677298,99.85600000000001,0.6194264407338714,29.57,-0.35000000000000003,406.8,7.63120552411069,-0.025603174764340136,20.944425582885742
530.624,15,-35.3554335,149.16772939999998,99.866,1.2072380702338694,29.52,-0.35000000000000003,406.90000000000003,7.63120552411069,-0.025603174764340136,20.944425582885742
530.725,15,-35.3554072,149.1677291,99.855,1.6726346738389617,29.44,-0.29,407.00100000000003,7.63120552411069,-0.025603174764340136,20.944425582885742
530.825,15,-35.3553807,149.1677288,99.879,2.052826375095438,29.36,-0.26,407.10100000000006,7.63120552411069,-0.025603174764340136,20.944425582885742
530.925,15,-35.3553542,149.1677286,99.888,2.316739548539441,29.310000000000002,-0.19,407.20099999999996,7.635213922226731,-0.029787141524494912,21.10243034362793
531.025,15,-35.3553278,149.1677284,99.893,2.4450980129510214,29.25,-0.12,407.301,7.635213922226731,-0.029787141524494912,21.10243034362793
531.124,15,-35.3553014,149.1677283,99.885,2.431536245467138,29.19,-0.06,407.40000000000003,7.635213922226731,-0.029787141524494912,21.10243034362793
531.224,15,-35.355275,149.1677283,99.86200000000001,2.306081251783048,29.12,-0.02,407.50000000000006,7.635213922226731,-0.029787141524494912,21.10243034362793
531.324,15,-35.355248599999996,149.1677283,99.852,2.0135487319430445,29.05,0.03,407.59999999999997,7.635213922226731,-0.029787141524494912,21.10243034362793
531.424,15,-35.355222399999995,149.1677283,99.884,1.5954340061456598,28.98,0.05,407.7,7.640303777233044,-0.033677133199967034,20.47498321533203
531.524,15,-35.3551962,149.1677284,99.914,1.1454918794764848,28.92,0.06,407.8,7.640303777233044,-0.033677133199967034,20.47498321533203
531.624,15,-35.355170099999995,149.16772849999998,99.95100000000001,0.664964005621434,28.88,0.06,407.90000000000003,7.640303777233044,-0.033677133199967034,20.47498321533203
531.724,15,-35.3551442,149.1677286,99.99000000000001,0.20858668015555662,28.830000000000002,0.05,408.00000000000006,7.640303777233044,-0.033677133199967034,20.47498321533203
531.824,15,-35.3551183,149.1677286,100.014,-0.20347314964367813,28.8,0.0,408.09999999999997,7.640303777233044,-0.033677133199967034,20.47498321533203
531.924,15,-35.3550926,149.1677286,100.029,-0.5848690986281919,28.77,-0.06,408.2,7.644807379743809,-0.03571056587008071,19.91376495361328
532.024,15,-35.355067,149.16772849999998,100.017,-0.875110516888479,28.77,-0.15,408.3,7.644807379743809,-0.03571056587008071,19.91376495361328
532.124,15,-35.355041299999996,149.1677283,99.991,-0.9477743381473059,28.76,-0.19,408.40000000000003,7.644807379743809,-0.03571056587008071,19.91376495361328
532.224,15,-35.355015699999996,149.1677281,99.94500000000001,-0.798320514319024,28.78,-0.24,408.50000000000006,7.644807379743809,-0.03571056587008071,19.91376495361328
532.324,15,-35.35499,149.1677279,99.909,-0.43950831902089293,28.810000000000002,-0.26,408.59999999999997,7.644807379743809,-0.03571056587008071,19.91376495361328
532.424,15,-35.3549643,149.1677276,99.869,0.02823662568380087,28.84,-0.27,408.7,7.656020566875264,-0.03832389063323185,19.354793548583984
532.524,15,-35.354938499999996,149.1677273,99.86500000000001,0.6023131883249929,28.91,-0.26,408.8,7.656020566875264,-0.03832389063323185,19.354793548583984
532.624,15,-35.3549127,149.16772699999999,99.85300000000001,1.1495920206909023,28.96,-0.24,408.90000000000003,7.656020566875264,-0.03832389063323185,19.354793548583984
532.724,15,-35.354886799999996,149.1677268,99.83,1.6308807669473218,29.04,-0.18,409.00000000000006,7.656020566875264,-0.03832389063323185,19.354793548583984
532.825,15,-35.3548609,149.1677267,99.843,2.0352226297267877,29.080000000000002,-0.14,409.10100000000006,7.656020566875264,-0.03832389063323185,19.354793548583984
532.925,15,-35.3548344,149.16772659999998,99.85600000000001,2.3399455431313827,29.150000000000002,-0.06,409.20099999999996,7.672400881353471,-0.04346111445262806,19.83280372619629
533.025,15,-35.3548081,149.16772659999998,99.846,2.463165784296409,29.19,0.01,409.301,7.672400881353471,-0.04346111445262806,19.83280372619629
533.124,15,-35.354781599999995,149.1677267,99.889,2.4024417740369994,29.22,0.07,409.40000000000003,7.672400881353471,-0.04346111445262806,19.83280372619629
533.224,15,-35.3547552,149.1677269,99.927,2.138679291641559,29.26,0.09,409.50000000000006,7.672400881353471,-0.04346111445262806,19.83280372619629
533.324,15,-35.3547286,149.1677269,99.898,1.7176598144562147,29.28,0.12,409.59999999999997,7.672400881353471,-0.04346111445262806,19.83280372619629
533.424,15,-35.3547021,149.16772709999998,99.897,1.1799379108430341,29.3,0.15,409.7,7.691032806185973,-0.04838430366869644,19.75007438659668
533.524,15,-35.3546756,149.1677273,99.907,0.6474393943976209,29.34,0.17,409.8,7.691032806185973,-0.04838430366869644,19.75007438659668
533.624,15,-35.354648999999995,149.1677276,99.895,0.18330277393141067,29.400000000000002,0.17,409.90000000000003,7.691032806185973,-0.04838430366869644,19.75007438659668
533.724,15,-35.3546226,149.1677278,99.84700000000001,-0.18754823008846283,29.44,0.19,410.00000000000006,7.691032806185973,-0.04838430366869644,19.75007438659668
533.824,15,-35.354596199999996,149.16772799999998,99.785,-0.533481156551396,29.5,0.17,410.09999999999997,7.691032806185973,-0.04838430366869644,19.75007438659668
533.924,15,-35.3545698,149.1677282,99.755,-0.87853751094368,29.57,0.13,410.2,7.710413722880198,-0.05176717790092383,19.779909133911133
534.024,15,-35.354543299999996,149.1677284,99.744,-1.1551381342969527,29.650000000000002,0.1,410.3,7.710413722880198,-0.05176717790092383,19.779909133911133
534.124,15,-35.3545169,149.16772849999998,99.699,-1.3560564730259286,29.72,0.08,410.40000000000003,7.710413722880198,-0.05176717790092383,19.779909133911133
534.224,15,-35.3544903,149.1677286,99.664,-1.431072760845296,29.78,0.06,410.50000000000006,7.710413722880198,-0.05176717790092383,19.779909133911133
534.324,15,-35.3544638,149.1677287,99.65,-1.3672833830307254,29.830000000000002,0.04,410.59999999999997,7.710413722880198,-0.05176717790092383,19.779909133911133
534.424,15,-35.3544371,149.1677288,99.645,-1.2605878240671926,29.86,0.02,410.7,7.732531896439941,-0.054802950810681254,19.65218162536621
534.524,15,-35.3544105,149.1677288,99.733,-1.0614211086952077,29.89,0.0,410.8,7.732531896439941,-0.054802950810681254,19.65218162536621
534.624,15,-35.3543838,149.1677289,99.821,-0.8853592157380832,29.95,0.01,410.90000000000003,7.732531896439941,-0.054802950810681254,19.65218162536621
534.724,15,-35.354357,149.1677289,99.85900000000001,-0.7749130291465671,30.01,0.0,411.00000000000006,7.732531896439941,-0.054802950810681254,19.65218162536621
534.824,15,-35.3543302,149.16772899999998,99.886,-0.7002629568605888,30.060000000000002,0.0,411.09999999999997,7.732531896439941,-0.054802950810681254,19.65218162536621
534.925,15,-35.354303099999996,149.16772899999998,99.883,-0.6724225721950879,30.080000000000002,-0.04,411.20099999999996,7.762376094677394,-0.05832016852692156,19.208498001098633
535.025,15,-35.3542761,149.16772899999998,99.914,-0.639857724336348,30.1,-0.08,411.301,7.762376094677394,-0.05832016852692156,19.208498001098633
535.125,15,-35.3542489,149.1677289,99.98,-0.5665963148859979,30.14,-0.1,411.401,7.762376094677394,-0.05832016852692156,19.208498001098633
535.224,15,-35.3542217,149.1677288,100.043,-0.4583086815156175,30.19,-0.13,411.50000000000006,7.762376094677394,-0.05832016852692156,19.208498001098633
535.324,15,-35.3541944,149.1677289,100.062,-0.34025795973736495,30.21,-0.11,411.59999999999997,7.762376094677394,-0.05832016852692156,19.208498001098633
535.424,15,-35.354167,149.1677288,100.044,-0.10934281755586807,30.2,-0.1,411.7,7.795976331503311,-0.06227676614953169,20.314008712768555
535.524,15,-35.354139599999996,149.1677287,100.10600000000001,0.16187356233859812,30.19,-0.09,411.8,7.795976331503311,-0.06227676614953169,20.314008712768555
535.624,15,-35.3541123,149.1677287,100.156,0.3804468728549993,30.17,-0.08,411.90000000000003,7.795976331503311,-0.06227676614953169,20.314008712768555
535.724,15,-35.3540852,149.1677287,100.14,0.5307766150834825,30.11,-0.07,412.00000000000006,7.795976331503311,-0.06227676614953169,20.314008712768555
535.824,15,-35.3540582,149.1677287,100.123,0.5718799464566788,30.02,-0.03,412.09999999999997,7.795976331503311,-0.06227676614953169,20.314008712768555
535.924,15,-35.3540314,149.1677287,100.164,0.7108217889871938,29.93,0.06,412.2,7.812607899467324,-0.06651081232637476,21.08156967163086
536.024,15,-35.3540047,149.1677289,100.178,0.8389900219582186,29.82,0.13,412.3,7.812607899467324,-0.06651081232637476,21.08156967163086
536.124,15,-35.3539781,149.16772899999998,100.128,0.8154330730368149,29.72,0.2,412.40000000000003,7.812607899467324,-0.06651081232637476,21.08156967163086
536.224,15,-35.353951699999996,149.1677293,100.07600000000001,0.5676922400826676,29.57,0.23,412.50000000000006,7.812607899467324,-0.06651081232637476,21.08156967163086
536.324,15,-35.3539254,149.1677296,100.017,0.2967125422511982,29.41,0.23,412.59999999999997,7.812607899467324,-0.06651081232637476,21.08156967163086
536.424,15,-35.3538992,149.16772989999998,99.98100000000001,0.4064519109853237,29.26,0.24,412.7,7.810638533072711,-0.0694105659584369,21.566171646118164
536.524,15,-35.353873199999995,149.1677302,99.97500000000001,1.1987618054738836,29.11,0.21,412.8,7.810638533072711,-0.0694105659584369,21.566171646118164
536.624,15,-35.3538472,149.16773039999998,99.96600000000001,3.0223873091477915,28.96,0.23,412.90000000000003,7.810638533072711,-0.0694105659584369,21.566171646118164
536.724,15,-35.3538214,149.1677308,99.958,5.935746443008785,28.82,0.32,413.00000000000006,7.810638533072711,-0.0694105659584369,21.566171646118164
536.824,15,-35.3537958,149.1677312,99.93,9.743085558557476,28.67,0.48,413.09999999999997,7.810638533072711,-0.0694105659584369,21.566171646118164
536.924,15,-35.3537702,149.1677319,99.93,14.084116445943923,28.52,0.79,413.2,7.800944889280365,-0.07111746445129767,21.041732788085938
537.025,15,-35.3537446,149.1677329,99.915,18.5649459377149,28.39,1.03,413.301,7.800944889280365,-0.07111746445129767,21.041732788085938
537.125,15,-35.353719,149.1677345,99.927,22.66937053451564,28.28,1.59,413.401,7.800944889280365,-0.07111746445129767,21.041732788085938
537.225,15,-35.3536936,149.1677363,99.907,26.231502016879464,28.2,1.62,413.50100000000003,7.800944889280365,-0.07111746445129767,21.041732788085938
537.324,15,-35.3536681,149.1677383,99.796,29.273470197717213,28.07,2.15,413.59999999999997,7.800944889280365,-0.07111746445129767,21.041732788085938
537.424,15,-35.353642799999996,149.167741,99.732,31.518717302440486,27.91,2.86,413.7,7.789326090049499,-0.07360064447273011,20.712932586669922
537.524,15,-35.3536175,149.16774479999998,99.747,33.075494999204814,27.78,3.62,413.8,7.789326090049499,-0.07360064447273011,20.712932586669922
537.624,15,-35.3535924,149.1677489,99.769,34.323319334147364,27.75,3.77,413.90000000000003,7.789326090049499,-0.07360064447273011,20.712932586669922
537.724,15,-35.3535673,149.1677535,99.754,35.52444225063996,27.64,4.3500000000000005,414.00000000000006,7.789326090049499,-0.07360064447273011,20.712932586669922
537.824,15,-35.353542399999995,149.16775859999998,99.72800000000001,36.57646555264576,27.52,4.8500000000000005,414.09999999999997,7.789326090049499,-0.07360064447273011,20.712932586669922
537.924,15,-35.3535178,149.1677642,99.699,37.33850975834408,27.34,5.44,414.2,7.774425974983354,-0.07516606532260994,20.83131217956543
538.024,15,-35.3534934,149.1677705,99.706,37.802675753959804,27.150000000000002,5.97,414.3,7.774425974983354,-0.07516606532260994,20.83131217956543
538.124,15,-35.3534692,149.1677774,99.738,38.355671774826135,26.95,6.46,414.40000000000003,7.774425974983354,-0.07516606532260994,20.83131217956543
538.224,15,-35.3534453,149.1677848,99.755,39.14489330323194,26.740000000000002,6.94,414.50000000000006,7.774425974983354,-0.07516606532260994,20.83131217956543
538.324,15,-35.3534216,149.1677928,99.781,39.922298604373616,26.36,7.67,414.59999999999997,7.774425974983354,-0.07516606532260994,20.83131217956543
538.424,15,-35.353398299999995,149.1678014,99.815,40.625265088845914,26.17,8.03,414.7,7.756606287490283,-0.08438548429208764,20.605192184448242
538.524,15,-35.3533751,149.1678105,99.83,41.360309556755176,25.740000000000002,8.75,414.8,7.756606287490283,-0.08438548429208764,20.605192184448242
538.624,15,-35.3533524,149.16782039999998,99.86,41.85849672462674,25.45,9.21,414.90000000000003,7.756606287490283,-0.08438548429208764,20.605192184448242
538.724,15,-35.3533299,149.1678308,99.882,42.250839866025196,25.11,9.72,415.00000000000006,7.756606287490283,-0.08438548429208764,20.605192184448242
538.824,15,-35.353307699999995,149.1678417,99.888,42.56192424686801,24.77,10.18,415.09999999999997,7.756606287490283,-0.08438548429208764,20.605192184448242
538.924,15,-35.3532858,149.1678532,99.889,42.75212452468536,24.43,10.63,415.2,7.738373675916873,-0.10037538011091524,20.343795776367188
539.025,15,-35.3532642,149.1678652,99.874,42.84662019185248,24.0,11.13,415.301,7.738373675916873,-0.10037538011091524,20.343795776367188
539.125,15,-35.3532428,149.167878,99.888,42.74699846771326,23.41,11.77,415.401,7.738373675916873,-0.10037538011091524,20.343795776367188
539.225,15,-35.3532219,149.16789129999998,99.93,42.59280694720022,23.17,12.040000000000001,415.50100000000003,7.738373675916873,-0.10037538011091524,20.343795776367188
539.325,15,-35.3532012,149.1679049,99.938,42.808196962676575,22.71,12.52,415.60100000000006,7.738373675916873,-0.10037538011091524,20.343795776367188
539.424,15,-35.3531809,149.1679191,99.955,42.975318031288445,22.14,13.02,415.7,7.7217776970479415,-0.12128609908937063,20.906635284423828
539.524,15,-35.3531613,149.167934,99.997,42.91962125370158,21.38,13.63,415.8,7.7217776970479415,-0.12128609908937063,20.906635284423828
539.624,15,-35.3531423,149.1679494,100.06700000000001,42.66053510301007,20.94,13.950000000000001,415.90000000000003,7.7217776970479415,-0.12128609908937063,20.906635284423828
539.724,16,-35.353123599999996,149.1679651,100.10900000000001,42.616634062119815,20.39,14.290000000000001,416.00000000000006,7.7217776970479415,-0.12128609908937063,20.906635284423828
539.824,16,-35.3531058,149.16798129999998,100.19800000000001,42.27677067920915,19.22,14.99,416.09999999999997,7.7217776970479415,-0.12128609908937063,20.906635284423828
539.924,16,-35.3530888,149.1679979,100.319,41.757590924923555,19.12,15.0,416.2,7.70033574022083,-0.1661671966254891,20.976089477539062
540.024,16,-35.3530722,149.1680146,100.402,41.443774468412734,18.31,15.33,416.3,7.70033574022083,-0.1661671966254891,20.976089477539062
540.124,16,-35.3530565,149.16803149999998,100.508,40.892789938256975,17.580000000000002,15.56,416.40000000000003,7.70033574022083,-0.1661671966254891,20.976089477539062
540.224,16,-35.3530413,149.16804869999999,100.614,40.094842843186484,17.13,15.66,416.50000000000006,7.70033574022083,-0.1661671966254891,20.976089477539062
540.324,16,-35.3530265,149.1680659,100.694,39.1971066843421,16.490000000000002,15.8,416.59999999999997,7.70033574022083,-0.1661671966254891,20.976089477539062
540.424,16,-35.3530121,149.16808319999998,100.768,38.219665632978256,15.97,15.89,416.7,7.676621754977884,-0.24748973029407065,20.704082489013672
540.524,16,-35.3529982,149.16810049999998,100.846,37.203903805276056,15.68,15.89,416.8,7.676621754977884,-0.24748973029407065,20.704082489013672
540.624,16,-35.3529844,149.1681179,100.879,36.46954918647296,15.35,15.91,416.90000000000003,7.676621754977884,-0.24748973029407065,20.704082489013672
540.724,16,-35.352971,149.1681352,100.873,36.036706438390915,14.97,15.94,417.00000000000006,7.676621754977884,-0.24748973029407065,20.704082489013672
540.824,16,-35.3529578,149.1681527,100.852,35.846929632302114,14.47,16.01,417.09999999999997,7.676621754977884,-0.24748973029407065,20.704082489013672
540.924,16,-35.3529452,149.1681702,100.824,35.915624259879515,14.06,16.05,417.2,7.659423262980021,-0.3336430767379911,20.1380558013916
541.024,16,-35.352933,149.1681878,100.798,36.299149627059485,13.4,16.21,417.3,7.659423262980021,-0.3336430767379911,20.1380558013916
541.125,16,-35.3529212,149.1682056,100.755,37.04605130336789,13.040000000000001,16.29,417.401,7.659423262980021,-0.3336430767379911,20.1380558013916
541.225,16,-35.3529099,149.1682238,100.71600000000001,37.720665672595466,12.22,16.54,417.50100000000003,7.659423262980021,-0.3336430767379911,20.1380558013916
541.325,16,-35.352899,149.16824219999998,100.663,38.26333444743673,12.05,16.64,417.60100000000006,7.659423262980021,-0.3336430767379911,20.1380558013916
541.425,16,-35.3528885,149.16826079999998,100.592,38.46346923540186,11.28,16.89,417.70099999999996,7.648280853862272,-0.4164048116232132,19.004236221313477
541.524,16,-35.3528787,149.1682797,100.543,38.22781404865808,10.620000000000001,17.1,417.8,7.648280853862272,-0.4164048116232132,19.004236221313477
541.624,16,-35.352869399999996,149.1682988,100.49000000000001,37.74718046695345,10.120000000000001,17.26,417.90000000000003,7.648280853862272,-0.4164048116232132,19.004236221313477
541.724,16,-35.3528606,149.1683182,100.44500000000001,37.02595347173513,9.49,17.44,418.00000000000006,7.648280853862272,-0.4164048116232132,19.004236221313477
541.824,16,-35.3528525,149.1683378,100.422,36.087181536357306,8.46,17.64,418.09999999999997,7.648280853862272,-0.4164048116232132,19.004236221313477
541.924,16,-35.3528452,149.16835749999998,100.458,34.86119673128587,7.94,17.77,418.2,7.644014774873942,-0.46844748168437583,18.918115615844727
542.024,16,-35.3528382,149.1683773,100.46300000000001,33.604079923977515,7.62,17.87,418.3,7.644014774873942,-0.46844748168437583,18.918115615844727
542.124,16,-35.3528318,149.1683971,100.47200000000001,32.07917530497505,6.79,17.93,418.40000000000003,7.644014774873942,-0.46844748168437583,18.918115615844727
542.224,16,-35.3528259,149.16841689999998,100.508,30.174607790768263,6.44,17.990000000000002,418.50000000000006,7.644014774873942,-0.46844748168437583,18.918115615844727
542.324,16,-35.3528204,149.1684366,100.552,28.014679994062206,6.07,18.03,418.59999999999997,7.644014774873942,-0.46844748168437583,18.918115615844727
542.424,16,-35.3528149,149.1684565,100.55,25.986673886080357,5.98,18.09,418.7,7.642357081000726,-0.5113729035142179,18.83902359008789
542.524,16,-35.352809799999996,149.16847629999998,100.533,24.10099013738136,5.7700000000000005,18.13,418.8,7.642357081000726,-0.5113729035142179,18.83902359008789
542.624,16,-35.3528048,149.1684962,100.501,22.567836357408815,5.4,18.16,418.90000000000003,7.642357081000726,-0.5113729035142179,18.83902359008789
542.724,16,-35.352799999999995,149.1685161,100.47,21.46264174026176,5.26,18.2,419.00000000000006,7.642357081000726,-0.5113729035142179,18.83902359008789
542.824,16,-35.3527954,149.16853609999998,100.416,20.87522327352586,5.1000000000000005,18.240000000000002,419.09999999999997,7.642357081000726,-0.5113729035142179,18.83902359008789
542.924,16,-35.352790999999996,149.1685561,100.339,20.728509102606694,4.96,18.27,419.2,7.641339659828284,-0.5408890192054033,19.015466690063477
543.024,16,-35.352786699999996,149.1685761,100.239,21.111629781078342,4.58,18.3,419.3,7.641339659828284,-0.5408890192054033,19.015466690063477
543.124,16,-35.3527828,149.1685962,100.176,21.786776905061178,4.25,18.32,419.40000000000003,7.641339659828284,-0.5408890192054033,19.015466690063477
543.225,16,-35.3527792,149.1686163,100.119,22.78562035418926,4.0200000000000005,18.35,419.50100000000003,7.641339659828284,-0.5408890192054033,19.015466690063477
543.325,16,-35.352775699999995,149.1686368,100.034,23.993465884372434,3.46,18.35,419.60100000000006,7.641339659828284,-0.5408890192054033,19.015466690063477
543.425,16,-35.3527729,149.1686571,100.001,25.047814865790624,3.0500000000000003,18.34,419.70099999999996,7.6421831689554685,-0.5707426639068555,19.419349670410156
543.525,16,-35.352770299999996,149.1686776,99.95700000000001,26.141401576443243,2.79,18.35,419.801,7.6421831689554685,-0.5707426639068555,19.419349670410156
543.624,16,-35.3527681,149.16869789999998,99.909,27.058516689510242,2.14,18.26,419.90000000000003,7.6421831689554685,-0.5707426639068555,19.419349670410156
543.724,16,-35.352766599999995,149.1687182,99.903,27.51161265602867,1.48,18.16,420.00000000000006,7.6421831689554685,-0.5707426639068555,19.419349670410156
543.824,16,-35.3527655,149.1687383,99.938,27.577455679627594,1.09,18.13,420.09999999999997,7.6421831689554685,-0.5707426639068555,19.419349670410156
543.924,16,-35.3527647,149.1687585,99.95700000000001,27.402693336881768,0.78,18.11,420.2,7.641684211733303,-0.5846805051946288,19.386350631713867
544.024,16,-35.3527643,149.1687785,99.995,27.057782444174464,0.31,18.05,420.3,7.641684211733303,-0.5846805051946288,19.386350631713867
544.124,16,-35.352764199999996,149.1687984,100.029,26.818246002434826,0.1,18.04,420.40000000000003,7.641684211733303,-0.5846805051946288,19.386350631713867
544.224,16,-35.3527644,149.1688182,100.009,26.84136107013344,-0.38,17.91,420.50000000000006,7.641684211733303,-0.5846805051946288,19.386350631713867
544.324,16,-35.3527651,149.16883769999998,100.016,26.886542771493076,-0.97,17.72,420.59999999999997,7.641684211733303,-0.5846805051946288,19.386350631713867
544.424,16,-35.3527662,149.168857,100.04,26.88007799744366,-1.52,17.53,420.7,7.6403400063269045,-0.5996556166954274,19.982206344604492
544.524,16,-35.3527677,149.1688761,100.07600000000001,26.891229988811,-1.87,17.41,420.8,7.6403400063269045,-0.5996556166954274,19.982206344604492
544.624,16,-35.3527694,149.1688951,100.08800000000001,26.98622938242941,-1.9100000000000001,17.400000000000002,420.90000000000003,7.6403400063269045,-0.5996556166954274,19.982206344604492
544.724,16,-35.3527714,149.1689141,100.063,27.278414629838803,-2.45,17.21,421.00000000000006,7.6403400063269045,-0.5996556166954274,19.982206344604492
544.824,16,-35.3527737,149.1689328,100.06400000000001,27.589953218261424,-2.77,17.080000000000002,421.09999999999997,7.6403400063269045,-0.5996556166954274,19.982206344604492
544.924,16,-35.352776299999995,149.1689515,100.06,28.078511526950557,-3.16,16.91,421.2,7.637774186011338,-0.618026525125855,20.113750457763672
545.024,16,-35.3527793,149.16896989999998,100.063,28.635841302845257,-3.44,16.81,421.3,7.637774186011338,-0.618026525125855,20.113750457763672
545.124,16,-35.352782499999996,149.1689883,100.03,29.366773996874173,-3.79,16.64,421.40000000000003,7.637774186011338,-0.618026525125855,20.113750457763672
545.224,16,-35.3527862,149.1690064,100.034,30.080545840613432,-4.34,16.39,421.50000000000006,7.637774186011338,-0.618026525125855,20.113750457763672
545.325,16,-35.3527902,149.16902439999998,100.038,30.939544581580083,-4.66,16.22,421.60100000000006,7.637774186011338,-0.618026525125855,20.113750457763672
545.425,16,-35.352794599999996,149.16904209999998,100.043,31.870823799438398,-5.04,16.01,421.70099999999996,7.634412860065115,-0.6341415028246555,20.132795333862305
545.525,16,-35.352799399999995,149.1690596,100.041,32.860729946037516,-5.61,15.68,421.801,7.634412860065115,-0.6341415028246555,20.132795333862305
545.624,16,-35.3528047,149.1690768,100.072,33.740113386582074,-6.16,15.36,421.90000000000003,7.634412860065115,-0.6341415028246555,20.132795333862305
545.724,16,-35.3528105,149.16909379999998,100.102,34.63134037514743,-6.53,15.15,422.00000000000006,7.634412860065115,-0.6341415028246555,20.132795333862305
545.824,16,-35.3528166,149.1691104,100.143,35.36811971110588,-7.11,14.790000000000001,422.09999999999997,7.634412860065115,-0.6341415028246555,20.132795333862305
545.924,16,-35.3528231,149.16912689999998,100.167,36.11498382137385,-7.25,14.75,422.2,7.624495923399782,-0.6307662564219673,19.856658935546875
546.024,16,-35.35283,149.169143,100.167,36.865590875306985,-7.87,14.31,422.3,7.624495923399782,-0.6307662564219673,19.856658935546875
546.124,16,-35.3528374,149.1691586,100.187,37.440457161895694,-8.45,13.870000000000001,422.40000000000003,7.624495923399782,-0.6307662564219673,19.856658935546875
546.224,16,-35.3528453,149.1691737,100.235,37.79615633839703,-8.96,13.47,422.50000000000006,7.624495923399782,-0.6307662564219673,19.856658935546875
546.324,16,-35.3528535,149.1691884,100.279,38.234032935897375,-9.19,13.3,422.59999999999997,7.624495923399782,-0.6307662564219673,19.856658935546875
546.424,16,-35.3528619,149.1692029,100.284,38.85546062205806,-9.63,12.92,422.7,7.611264008057075,-0.6241248269415616,20.205421447753906
546.524,16,-35.3528707,149.1692167,100.288,39.495565460504146,-10.15,12.41,422.8,7.611264008057075,-0.6241248269415616,20.205421447753906
546.624,16,-35.3528799,149.1692301,100.292,40.1759240188237,-10.56,11.97,422.90000000000003,7.611264008057075,-0.6241248269415616,20.205421447753906
546.724,16,-35.352889499999996,149.1692429,100.306,40.80896985676258,-10.94,11.57,423.00000000000006,7.611264008057075,-0.6241248269415616,20.205421447753906
546.824,16,-35.3528994,149.1692553,100.306,41.40158780500415,-11.27,11.21,423.09999999999997,7.611264008057075,-0.6241248269415616,20.205421447753906
546.924,16,-35.352909499999996,149.1692674,100.286,41.83108376039289,-11.52,10.88,423.2,7.596509517106867,-0.6188071613485738,20.76117515563965
547.024,16,-35.352919799999995,149.1692792,100.251,42.297804246758204,-11.78,10.49,423.3,7.596509517106867,-0.6188071613485738,20.76117515563965
547.124,16,-35.3529305,149.1692903,100.226,42.80239813207123,-12.09,10.0,423.40000000000003,7.596509517106867,-0.6188071613485738,20.76117515563965
547.224,16,-35.3529414,149.1693009,100.18900000000001,43.424341497514256,-12.540000000000001,9.19,423.50000000000006,7.596509517106867,-0.6188071613485738,20.76117515563965
547.324,16,-35.352952699999996,149.1693106,100.183,43.85429849067197,-12.83,8.59,423.59999999999997,7.596509517106867,-0.6188071613485738,20.76117515563965
547.4250000000001,16,-35.3529643,149.1693197,100.183,44.200688119334586,-13.18,7.86,423.7010000000001,7.582362166785895,-0.6147195929939124,20.691015243530273
547.525,16,-35.3529763,149.1693281,100.178,44.607446374976355,-13.46,7.22,423.801,7.582362166785895,-0.6147195929939124,20.691015243530273
547.625,16,-35.352988499999995,149.16933559999998,100.181,44.91394769888609,-13.700000000000001,6.58,423.901,7.582362166785895,-0.6147195929939124,20.691015243530273
547.724,16,-35.3530009,149.1693424,100.181,45.170865264516124,-14.0,5.64,424.00000000000006,7.582362166785895,-0.6147195929939124,20.691015243530273
547.824,16,-35.3530137,149.16934809999998,100.21600000000001,45.03136548090778,-14.22,4.78,424.09999999999997,7.582362166785895,-0.6147195929939124,20.691015243530273
547.924,16,-35.3530266,149.169353,100.266,44.90133575458366,-14.36,4.13,424.2,7.5655495961274974,-0.6069097635311572,20.824996948242188
548.024,16,-35.353039599999995,149.1693572,100.296,44.92613958655456,-14.46,3.58,424.3,7.5655495961274974,-0.6069097635311572,20.824996948242188
548.124,16,-35.3530527,149.1693606,100.33,44.91982166157231,-14.61,2.59,424.40000000000003,7.5655495961274974,-0.6069097635311572,20.824996948242188
548.224,16,-35.3530659,149.16936289999998,100.396,44.685221739055294,-14.69,1.77,424.50000000000006,7.5655495961274974,-0.6069097635311572,20.824996948242188
548.324,16,-35.353079099999995,149.16936479999998,100.44500000000001,44.62331290441829,-14.700000000000001,1.57,424.59999999999997,7.5655495961274974,-0.6069097635311572,20.824996948242188
548.424,16,-35.3530922,149.1693661,100.449,44.908121547524075,-14.700000000000001,0.9400000000000001,424.7,7.55124569594204,-0.6050093949819394,20.709758758544922
548.524,16,-35.3531052,149.1693664,100.46300000000001,45.09649816483302,-14.66,-0.21,424.8,7.55124569594204,-0.6050093949819394,20.709758758544922
548.624,16,-35.3531183,149.16936579999998,100.495,45.038366424807045,-14.6,-0.98,424.90000000000003,7.55124569594204,-0.6050093949819394,20.709758758544922
548.724,16,-35.3531312,149.16936429999998,100.533,44.868014676717756,-14.540000000000001,-1.52,425.00000000000006,7.55124569594204,-0.6050093949819394,20.709758758544922
548.824,16,-35.353144,149.1693623,100.57300000000001,44.68689513540195,-14.46,-2.35,425.09999999999997,7.55124569594204,-0.6050093949819394,20.709758758544922
548.924,16,-35.3531568,149.1693594,100.616,44.65107079320523,-14.4,-2.86,425.2,7.533919320882914,-0.6063049019204068,20.163219451904297
549.024,16,-35.3531696,149.1693559,100.627,44.90523237750516,-14.280000000000001,-3.61,425.3,7.533919320882914,-0.6063049019204068,20.163219451904297
549.124,16,-35.3531822,149.1693515,100.624,45.25783406321789,-14.1,-4.54,425.40000000000003,7.533919320882914,-0.6063049019204068,20.163219451904297
549.224,16,-35.3531946,149.1693459,100.65,45.21791502261375,-13.91,-5.42,425.50000000000006,7.533919320882914,-0.6063049019204068,20.163219451904297
549.324,16,-35.353206899999996,149.1693396,100.673,45.07150308756536,-13.790000000000001,-5.91,425.59999999999997,7.533919320882914,-0.6063049019204068,20.163219451904297
549.4250000000001,16,-35.3532191,149.1693325,100.7,44.796895331985,-13.52,-6.96,425.7010000000001,7.51546550167068,-0.612050226818019,19.929101943969727
549.525,16,-35.353231199999996,149.1693244,100.756,44.21572819588695,-13.41,-7.4,425.801,7.51546550167068,-0.612050226818019,19.929101943969727
549.625,16,-35.3532432,149.1693159,100.784,43.793465410829256,-13.290000000000001,-7.8500000000000005,425.901,7.51546550167068,-0.612050226818019,19.929101943969727
549.725,16,-35.3532552,149.1693068,100.777,43.5104975037048,-13.13,-8.38,426.00100000000003,7.51546550167068,-0.612050226818019,19.929101943969727
549.824,16,-35.3532669,149.1692971,100.751,43.0878249072969,-12.82,-9.14,426.09999999999997,7.51546550167068,-0.612050226818019,19.929101943969727
549.924,16,-35.3532783,149.16928629999998,100.74000000000001,41.91528633248081,-12.44,-9.97,426.2,7.491034383961531,-0.625707242953772,19.798450469970703
550.024,16,-35.3532894,149.1692749,100.748,39.98873585443033,-12.06,-10.72,426.3,7.491034383961531,-0.625707242953772,19.798450469970703
550.124,16,-35.3533003,149.1692629,100.749,37.22037139136496,-11.92,-10.96,426.40000000000003,7.491034383961531,-0.625707242953772,19.798450469970703
550.224,16,-35.3533109,149.16925039999998,100.739,33.24755770968119,-11.59,-11.46,426.50000000000006,7.491034383961531,-0.625707242953772,19.798450469970703
550.324,16,-35.353321099999995,149.1692376,100.763,27.795651195305528,-11.28,-11.85,426.59999999999997,7.491034383961531,-0.625707242953772,19.798450469970703
550.424,16,-35.3533311,149.1692246,100.802,21.439629125400696,-11.19,-11.870000000000001,426.7,7.468919379108326,-0.645890154486496,19.714704513549805
550.524,16,-35.3533411,149.1692117,100.788,14.926779081963199,-11.11,-11.870000000000001,426.8,7.468919379108326,-0.645890154486496,19.714704513549805
550.624,16,-35.3533511,149.1691988,100.765,8.590108645524303,-11.1,-11.71,426.90000000000003,7.468919379108326,-0.645890154486496,19.714704513549805
550.724,16,-35.353361,149.16918619999998,100.71900000000001,3.025568469753725,-11.08,-11.63,427.00000000000006,7.468919379108326,-0.645890154486496,19.714704513549805
550.824,16,-35.3533709,149.1691736,100.665,-1.331382628092669,-11.06,-11.540000000000001,427.09999999999997,7.468919379108326,-0.645890154486496,19.714704513549805
550.924,16,-35.3533808,149.1691612,100.556,-4.293458619817308,-11.06,-11.44,427.2,7.450696441453278,-0.6688020053514999,19.539676666259766
551.024,16,-35.3533907,149.16914889999998,100.455,-5.971960959761839,-11.06,-11.39,427.3,7.450696441453278,-0.6688020053514999,19.539676666259766
551.124,16,-35.3534006,149.1691366,100.33,-6.775583942032615,-11.07,-11.33,427.40000000000003,7.450696441453278,-0.6688020053514999,19.539676666259766
551.224,16,-35.3534106,149.1691244,100.217,-7.081092327191762,-11.11,-11.24,427.50000000000006,7.450696441453278,-0.6688020053514999,19.539676666259766
551.324,16,-35.3534206,149.1691123,100.124,-7.202471192045235,-11.15,-11.120000000000001,427.59999999999997,7.450696441453278,-0.6688020053514999,19.539676666259766
551.424,16,-35.3534307,149.1691003,100.07600000000001,-7.291541127690432,-11.200000000000001,-11.02,427.7,7.429932337149036,-0.68881532243464,19.165313720703125
551.525,16,-35.3534408,149.1690885,100.034,-7.438529359950046,-11.26,-10.91,427.801,7.429932337149036,-0.68881532243464,19.165313720703125
551.625,16,-35.353451,149.16907659999998,100.039,-7.636487878890879,-11.32,-10.84,427.901,7.429932337149036,-0.68881532243464,19.165313720703125
551.725,16,-35.3534614,149.1690648,100.026,-7.8279543030256145,-11.39,-10.77,428.00100000000003,7.429932337149036,-0.68881532243464,19.165313720703125
551.825,16,-35.3534718,149.16905309999999,99.98100000000001,-7.948907561716432,-11.47,-10.700000000000001,428.10100000000006,7.429932337149036,-0.68881532243464,19.165313720703125
551.924,16,-35.353482299999996,149.1690413,99.906,-7.891205269834518,-11.5,-10.69,428.2,7.405315424451436,-0.711456464280771,19.04412078857422
552.024,16,-35.3534928,149.1690296,99.842,-7.665304446999163,-11.6,-10.61,428.3,7.405315424451436,-0.711456464280771,19.04412078857422
552.124,16,-35.3535034,149.1690179,99.81700000000001,-7.421383023812375,-11.67,-10.58,428.40000000000003,7.405315424451436,-0.711456464280771,19.04412078857422
552.224,16,-35.3535141,149.1690063,99.774,-7.245929978186734,-11.72,-10.540000000000001,428.50000000000006,7.405315424451436,-0.711456464280771,19.04412078857422
552.324,16,-35.353524799999995,149.16899469999998,99.682,-7.112165845933911,-11.78,-10.47,428.59999999999997,7.405315424451436,-0.711456464280771,19.04412078857422
552.424,16,-35.3535356,149.16898319999999,99.59700000000001,-6.9512026197456285,-11.870000000000001,-10.35,428.7,7.382253840656792,-0.7333242064432602,19.5010929107666
552.524,16,-35.3535463,149.1689719,99.59,-6.731180028464715,-11.93,-10.26,428.8,7.382253840656792,-0.7333242064432602,19.5010929107666
552.624,16,-35.353557099999996,149.16896069999999,99.562,-6.480276871285705,-11.97,-10.200000000000001,428.90000000000003,7.382253840656792,-0.7333242064432602,19.5010929107666
552.724,16,-35.3535679,149.1689496,99.572,-6.156169881016614,-12.040000000000001,-10.120000000000001,429.00000000000006,7.382253840656792,-0.7333242064432602,19.5010929107666
552.824,16,-35.3535787,149.1689386,99.56700000000001,-5.762802638129478,-12.06,-10.09,429.09999999999997,7.382253840656792,-0.7333242064432602,19.5010929107666
552.924,16,-35.3535895,149.1689276,99.5,-5.3604468662946045,-12.08,-10.06,429.2,7.363211837531198,-0.7528279529047062,19.663843154907227
553.024,16,-35.3536003,149.1689166,99.433,-4.866412026551589,-12.08,-10.01,429.3,7.363211837531198,-0.7528279529047062,19.663843154907227
553.124,16,-35.353611199999996,149.16890569999998,99.411,-4.26560297394788,-12.07,-10.01,429.40000000000003,7.363211837531198,-0.7528279529047062,19.663843154907227
553.224,16,-35.353622,149.1688948,99.427,-3.695485376379623,-12.05,-10.0,429.50000000000006,7.363211837531198,-0.7528279529047062,19.663843154907227
553.324,16,-35.3536327,149.1688838,99.411,-3.223658683279493,-12.02,-10.040000000000001,429.59999999999997,7.363211837531198,-0.7528279529047062,19.663843154907227
553.424,16,-35.3536435,149.1688728,99.431,-2.9843307757529502,-12.01,-10.03,429.7,7.351117429082494,-0.7669493448721025,20.17966651916504
553.524,16,-35.353654299999995,149.1688619,99.44,-3.0257048600937138,-11.97,-10.02,429.8,7.351117429082494,-0.7669493448721025,20.17966651916504
553.625,16,-35.353665,149.1688509,99.391,-3.220300791528785,-11.950000000000001,-9.950000000000001,429.901,7.351117429082494,-0.7669493448721025,20.17966651916504
553.725,16,-35.3536759,149.1688398,99.396,-3.54586410619497,-11.91,-9.9,430.00100000000003,7.351117429082494,-0.7669493448721025,20.17966651916504
553.825,16,-35.353686599999996,149.1688289,99.393,-3.9254228410144565,-11.870000000000001,-9.81,430.10100000000006,7.351117429082494,-0.7669493448721025,20.17966651916504
553.9250000000001,16,-35.3536974,149.168818,99.43,-4.170557476552568,-11.83,-9.8,430.2010000000001,7.3438057799438425,-0.7817949119735651,20.358003616333008
554.024,16,-35.3537081,149.16880709999998,99.46000000000001,-4.318008027241626,-11.8,-9.83,430.3,7.3438057799438425,-0.7817949119735651,20.358003616333008
554.124,16,-35.353718799999996,149.16879609999998,99.456,-4.386380782154393,-11.790000000000001,-9.82,430.40000000000003,7.3438057799438425,-0.7817949119735651,20.358003616333008
554.224,16,-35.3537294,149.1687852,99.441,-4.474650305006229,-11.78,-9.82,430.50000000000006,7.3438057799438425,-0.7817949119735651,20.358003616333008
554.324,16,-35.353740099999996,149.1687742,99.392,-4.6364194935165735,-11.78,-9.790000000000001,430.59999999999997,7.3438057799438425,-0.7817949119735651,20.358003616333008
554.424,16,-35.3537508,149.1687633,99.351,-4.851787310878122,-11.81,-9.74,430.7,7.338571861991426,-0.7982894886765113,19.58172607421875
554.524,16,-35.353761399999996,149.1687526,99.345,-5.092894269240042,-11.85,-9.69,430.8,7.338571861991426,-0.7982894886765113,19.58172607421875
554.624,16,-35.3537721,149.1687419,99.313,-5.346265259143543,-11.88,-9.69,430.90000000000003,7.338571861991426,-0.7982894886765113,19.58172607421875
554.724,16,-35.3537827,149.1687312,99.251,-5.58063765098383,-11.94,-9.620000000000001,431.00000000000006,7.338571861991426,-0.7982894886765113,19.58172607421875
554.824,16,-35.3537934,149.1687206,99.214,-5.757446489159718,-12.0,-9.53,431.09999999999997,7.338571861991426,-0.7982894886765113,19.58172607421875
554.924,16,-35.3538041,149.1687102,99.187,-5.783785833033403,-12.06,-9.47,431.2,7.327624807579906,-0.8226650391199329,19.205467224121094
555.024,16,-35.353814899999996,149.16869979999998,99.183,-5.752491186916874,-12.14,-9.31,431.3,7.327624807579906,-0.8226650391199329,19.205467224121094
555.124,16,-35.353825799999996,149.1686897,99.211,-5.734558952137829,-12.24,-9.09,431.40000000000003,7.327624807579906,-0.8226650391199329,19.205467224121094
555.224,16,-35.353836699999995,149.1686798,99.257,-5.392885995983934,-12.34,-8.99,431.50000000000006,7.327624807579906,-0.8226650391199329,19.205467224121094
555.324,16,-35.3538478,149.1686699,99.243,-4.688915046816821,-12.42,-8.89,431.59999999999997,7.327624807579906,-0.8226650391199329,19.205467224121094
555.424,16,-35.3538589,149.1686602,99.23700000000001,-3.6427166155125743,-12.47,-8.84,431.7,7.313006908961976,-0.8486432897330276,19.548465728759766
555.524,16,-35.3538701,149.1686504,99.22500000000001,-2.3028546277304516,-12.51,-8.82,431.8,7.313006908961976,-0.8486432897330276,19.548465728759766
555.624,16,-35.3538813,149.1686407,99.241,-0.8088518656063902,-12.540000000000001,-8.83,431.90000000000003,7.313006908961976,-0.8486432897330276,19.548465728759766
555.725,16,-35.3538925,149.16863089999998,99.279,0.6684205082282836,-12.58,-8.86,432.00100000000003,7.313006908961976,-0.8486432897330276,19.548465728759766
555.825,16,-35.3539039,149.168621,99.266,1.944907038331709,-12.620000000000001,-8.88,432.10100000000006,7.313006908961976,-0.8486432897330276,19.548465728759766
555.9250000000001,16,-35.3539153,149.1686111,99.172,2.8301749002896432,-12.68,-8.9,432.2010000000001,7.300469414120742,-0.8656683696407524,19.83676528930664
556.025,16,-35.353926799999996,149.16860119999998,99.132,3.3760244088500215,-12.73,-8.93,432.301,7.300469414120742,-0.8656683696407524,19.83676528930664
556.124,16,-35.3539384,149.1685911,99.156,3.7962584142808145,-12.790000000000001,-8.99,432.40000000000003,7.300469414120742,-0.8656683696407524,19.83676528930664
556.224,16,-35.35395,149.16858109999998,99.199,4.148821680179472,-12.870000000000001,-9.040000000000001,432.50000000000006,7.300469414120742,-0.8656683696407524,19.83676528930664
556.324,16,-35.3539617,149.1685709,99.271,4.4328277760577715,-12.94,-9.1,432.59999999999997,7.300469414120742,-0.8656683696407524,19.83676528930664
556.424,16,-35.3539734,149.1685607,99.28,4.715206152479493,-13.01,-9.120000000000001,432.7,7.281921176393402,-0.8834084605746509,19.387989044189453
556.524,16,-35.3539852,149.1685504,99.278,5.036038493928387,-13.02,-9.27,432.8,7.281921176393402,-0.8834084605746509,19.387989044189453
556.624,16,-35.353997,149.16854,99.32600000000001,5.351322160450291,-13.02,-9.370000000000001,432.90000000000003,7.281921176393402,-0.8834084605746509,19.387989044189453
556.724,16,-35.3540087,149.1685296,99.381,5.670087515901609,-13.030000000000001,-9.450000000000001,433.00000000000006,7.281921176393402,-0.8834084605746509,19.387989044189453
556.824,16,-35.354020399999996,149.1685191,99.45100000000001,5.900915466449482,-13.02,-9.56,433.09999999999997,7.281921176393402,-0.8834084605746509,19.387989044189453
556.924,16,-35.354032,149.1685085,99.559,5.904787756822056,-13.05,-9.61,433.2,7.252085738518852,-0.9046491491507805,19.31951141357422
557.024,16,-35.3540437,149.1684979,99.634,5.828968815053507,-13.120000000000001,-9.64,433.3,7.252085738518852,-0.9046491491507805,19.31951141357422
557.124,16,-35.3540554,149.16848729999998,99.65,5.548269811393962,-13.16,-9.68,433.40000000000003,7.252085738518852,-0.9046491491507805,19.31951141357422
557.224,16,-35.3540671,149.1684766,99.664,5.230748831032056,-13.18,-9.77,433.50000000000006,7.252085738518852,-0.9046491491507805,19.31951141357422
557.324,16,-35.3540789,149.1684658,99.669,4.884512454738946,-13.24,-9.790000000000001,433.59999999999997,7.252085738518852,-0.9046491491507805,19.31951141357422
557.424,16,-35.3540907,149.168455,99.66,4.638713156417228,-13.290000000000001,-9.86,433.7,7.220980457055574,-0.9258424556589935,19.728496551513672
557.524,16,-35.3541026,149.1684441,99.645,4.519431159638948,-13.33,-9.91,433.8,7.220980457055574,-0.9258424556589935,19.728496551513672
557.624,16,-35.3541145,149.1684331,99.599,4.452010789228575,-13.36,-9.99,433.90000000000003,7.220980457055574,-0.9258424556589935,19.728496551513672
557.724,16,-35.3541264,149.1684221,99.562,4.4040210263464195,-13.38,-10.05,434.00000000000006,7.220980457055574,-0.9258424556589935,19.728496551513672
557.825,16,-35.3541384,149.1684109,99.53,4.395619466780481,-13.39,-10.13,434.10100000000006,7.220980457055574,-0.9258424556589935,19.728496551513672
557.9250000000001,16,-35.3541504,149.1683995,99.523,4.382604541317022,-13.38,-10.25,434.2010000000001,7.190412473594414,-0.9454318531724534,19.727373123168945
558.025,16,-35.3541625,149.1683881,99.531,4.402879530981381,-13.370000000000001,-10.38,434.301,7.190412473594414,-0.9454318531724534,19.727373123168945
558.124,16,-35.3541746,149.1683763,99.58,4.338148120669878,-13.36,-10.55,434.40000000000003,7.190412473594414,-0.9454318531724534,19.727373123168945
558.224,16,-35.3541866,149.1683645,99.653,4.104886915230187,-13.39,-10.67,434.50000000000006,7.190412473594414,-0.9454318531724534,19.727373123168945
558.324,16,-35.3541988,149.1683525,99.729,3.6356917659512162,-13.450000000000001,-10.75,434.59999999999997,7.190412473594414,-0.9454318531724534,19.727373123168945
558.424,16,-35.3542109,149.1683405,99.743,2.8571782666167,-13.5,-10.81,434.7,7.155038511794481,-0.9691936438134188,19.58796501159668
558.524,16,-35.3542232,149.1683284,99.727,1.9290360265781266,-13.530000000000001,-10.86,434.8,7.155038511794481,-0.9691936438134188,19.58796501159668
558.624,16,-35.3542354,149.1683163,99.753,1.0143882126270882,-13.56,-10.9,434.90000000000003,7.155038511794481,-0.9691936438134188,19.58796501159668
558.724,16,-35.3542476,149.1683043,99.789,0.2109779667365751,-13.6,-10.91,435.00000000000006,7.155038511794481,-0.9691936438134188,19.58796501159668
558.824,16,-35.3542597,149.1682922,99.836,-0.4223433065847104,-13.63,-10.91,435.09999999999997,7.155038511794481,-0.9691936438134188,19.58796501159668
558.924,16,-35.3542719,149.1682802,99.924,-0.883133534564011,-13.66,-10.92,435.2,7.115800609041893,-0.9989378090202033,19.33590316772461
559.024,16,-35.3542841,149.1682682,99.967,-1.0891324668184188,-13.66,-10.950000000000001,435.3,7.115800609041893,-0.9989378090202033,19.33590316772461
559.124,16,-35.3542962,149.1682562,99.961,-1.252116895392496,-13.66,-10.96,435.40000000000003,7.115800609041893,-0.9989378090202033,19.33590316772461
559.224,16,-35.3543084,149.1682442,99.986,-1.7886419150753377,-13.66,-10.92,435.50000000000006,7.115800609041893,-0.9989378090202033,19.33590316772461
559.324,16,-35.3543205,149.1682323,100.033,-3.401664725550838,-13.66,-10.9,435.59999999999997,7.115800609041893,-0.9989378090202033,19.33590316772461
559.424,16,-35.3543327,149.1682204,100.08500000000001,-6.692183063398527,-13.67,-10.84,435.7,7.081073479546279,-1.026021341036072,20.66562843322754
559.524,16,-35.3543449,149.1682085,100.09,-11.936407857663019,-13.67,-10.74,435.8,7.081073479546279,-1.026021341036072,20.66562843322754
559.624,16,-35.3543571,149.168197,100.096,-18.602433430974514,-13.8,-10.32,435.90000000000003,7.081073479546279,-1.026021341036072,20.66562843322754
559.724,16,-35.354369399999996,149.1681858,100.122,-25.822860336574067,-13.85,-10.02,436.00000000000006,7.081073479546279,-1.026021341036072,20.66562843322754
559.824,16,-35.3543819,149.1681753,100.13,-32.675874291245705,-14.05,-9.35,436.09999999999997,7.081073479546279,-1.026021341036072,20.66562843322754
559.9250000000001,16,-35.3543946,149.1681653,100.142,-38.19613221619298,-14.23,-8.69,436.2010000000001,7.062527145292372,-1.044630334496315,20.883913040161133
560.025,16,-35.3544074,149.1681562,100.151,-41.91908050256475,-14.370000000000001,-8.14,436.301,7.062527145292372,-1.044630334496315,20.883913040161133
560.125,16,-35.354420499999996,149.1681477,100.131,-44.15914690880257,-14.61,-7.15,436.401,7.062527145292372,-1.044630334496315,20.883913040161133
560.224,16,-35.3544337,149.1681404,100.13,-45.063849860600364,-14.780000000000001,-6.23,436.50000000000006,7.062527145292372,-1.044630334496315,20.883913040161133
560.324,16,-35.354447199999996,149.1681341,100.141,-45.153786376496505,-14.9,-5.42,436.59999999999997,7.062527145292372,-1.044630334496315,20.883913040161133
560.424,16,-35.3544608,149.1681289,100.178,-44.817382484400454,-15.01,-4.19,436.7,7.0490155427518095,-1.0554055427895328,21.001386642456055
560.524,16,-35.3544744,149.16812489999998,100.263,-44.2527751419451,-15.05,-3.42,436.8,7.0490155427518095,-1.0554055427895328,21.001386642456055
560.624,16,-35.354487999999996,149.16812149999998,100.34,-43.88934419130331,-15.040000000000001,-2.69,436.90000000000003,7.0490155427518095,-1.0554055427895328,21.001386642456055
560.724,16,-35.3545015,149.16811909999998,100.433,-43.36793779534829,-14.99,-1.93,437.00000000000006,7.0490155427518095,-1.0554055427895328,21.001386642456055
560.824,16,-35.354515,149.1681174,100.519,-42.376658780726004,-14.94,-1.56,437.09999999999997,7.0490155427518095,-1.0554055427895328,21.001386642456055
560.924,16,-35.3545283,149.168116,100.556,-40.88702867369207,-14.82,-0.97,437.2,7.042298378595716,-1.058221745741481,21.33903694152832
561.024,16,-35.354541399999995,149.1681155,100.593,-38.48458476522096,-14.63,-0.15,437.3,7.042298378595716,-1.058221745741481,21.33903694152832
561.124,16,-35.3545544,149.1681157,100.676,-35.13890539274942,-14.450000000000001,0.42,437.40000000000003,7.042298378595716,-1.058221745741481,21.33903694152832
561.224,16,-35.3545672,149.1681164,100.769,-31.372605895715573,-14.32,0.61,437.50000000000006,7.042298378595716,-1.058221745741481,21.33903694152832
561.324,16,-35.35458,149.168117,100.786,-27.632249164696727,-14.25,0.62,437.59999999999997,7.042298378595716,-1.058221745741481,21.33903694152832
561.424,16,-35.3545926,149.1681178,100.806,-23.79351721906219,-14.1,0.93,437.7,7.040229574821504,-1.05904400268943,20.378210067749023
561.524,16,-35.3546051,149.1681188,100.834,-20.05380081827803,-13.99,1.07,437.8,7.040229574821504,-1.05904400268943,20.378210067749023
561.624,16,-35.3546176,149.16812,100.843,-16.71269425745582,-13.92,1.06,437.90000000000003,7.040229574821504,-1.05904400268943,20.378210067749023
561.724,17,-35.3546299,149.16812109999998,100.804,-13.941333902665745,-13.85,1.12,438.00000000000006,7.040229574821504,-1.05904400268943,20.378210067749023
561.824,17,-35.3546423,149.1681224,100.76,-11.69165059007655,-13.790000000000001,1.27,438.09999999999997,7.040229574821504,-1.05904400268943,20.378210067749023
561.9250000000001,17,-35.354654599999996,149.1681237,100.72500000000001,-10.020871913422834,-13.75,1.35,438.2010000000001,7.033627130777508,-1.0606829313141688,19.758018493652344
562.025,17,-35.354667,149.1681252,100.611,-8.84716366871138,-13.700000000000001,1.46,438.301,7.033627130777508,-1.0606829313141688,19.758018493652344
562.125,17,-35.354679399999995,149.16812679999998,100.488,-7.865326536842986,-13.68,1.6500000000000001,438.401,7.033627130777508,-1.0606829313141688,19.758018493652344
562.225,17,-35.3546917,149.1681286,100.406,-6.838251781441128,-13.69,1.81,438.50100000000003,7.033627130777508,-1.0606829313141688,19.758018493652344
562.324,17,-35.3547042,149.16813059999998,100.355,-5.642904643665427,-13.72,1.87,438.59999999999997,7.033627130777508,-1.0606829313141688,19.758018493652344
562.424,17,-35.354716599999996,149.1681326,100.289,-4.294253909968791,-13.780000000000001,1.94,438.7,7.014657664347847,-1.060701751324499,19.015539169311523
562.524,17,-35.3547292,149.1681346,100.243,-2.7798688495052066,-13.86,1.98,438.8,7.014657664347847,-1.060701751324499,19.015539169311523
562.624,17,-35.3547418,149.16813679999998,100.205,-1.1267294565481654,-13.950000000000001,2.0,438.90000000000003,7.014657664347847,-1.060701751324499,19.015539169311523
562.724,17,-35.3547545,149.1681389,100.171,0.5348444196210482,-14.06,1.98,439.00000000000006,7.014657664347847,-1.060701751324499,19.015539169311523
562.824,17,-35.3547673,149.1681409,100.126,2.0597852706426227,-14.16,1.97,439.09999999999997,7.014657664347847,-1.060701751324499,19.015539169311523
562.924,17,-35.3547801,149.168143,100.092,3.281255961002918,-14.23,2.0,439.2,6.987610197389768,-1.0542954433576075,19.0134334564209
563.024,17,-35.3547929,149.1681451,100.023,4.276655073798607,-14.3,1.99,439.3,6.987610197389768,-1.0542954433576075,19.0134334564209
563.124,17,-35.3548057,149.1681471,100.025,5.08774259905856,-14.38,1.96,439.40000000000003,6.987610197389768,-1.0542954433576075,19.0134334564209
563.224,17,-35.3548186,149.1681492,100.031,5.833330317725383,-14.44,1.96,439.50000000000006,6.987610197389768,-1.0542954433576075,19.0134334564209
563.324,17,-35.354831499999996,149.16815119999998,99.998,6.597527740559552,-14.51,1.8900000000000001,439.59999999999997,6.987610197389768,-1.0542954433576075,19.0134334564209
563.424,17,-35.3548445,149.16815309999998,99.982,7.305628392853584,-14.58,1.8,439.7,6.959537380482774,-1.0459940202263187,19.402576446533203
563.524,17,-35.354857599999995,149.1681549,99.96000000000001,7.969568030182074,-14.64,1.76,439.8,6.959537380482774,-1.0459940202263187,19.402576446533203
563.624,17,-35.3548707,149.1681567,99.894,8.529163721333926,-14.71,1.6,439.90000000000003,6.959537380482774,-1.0459940202263187,19.402576446533203
563.724,17,-35.3548839,149.1681582,99.849,8.925630589443779,-14.75,1.5,440.00000000000006,6.959537380482774,-1.0459940202263187,19.402576446533203
563.824,17,-35.354897099999995,149.1681597,99.801,9.084228435745121,-14.8,1.36,440.09999999999997,6.959537380482774,-1.0459940202263187,19.402576446533203
563.924,17,-35.3549103,149.1681611,99.77,9.010488859692018,-14.83,1.33,440.2,6.93531646572039,-1.0358933141220537,20.049867630004883
564.025,17,-35.3549236,149.1681624,99.732,8.794843565895436,-14.870000000000001,1.27,440.301,6.93531646572039,-1.0358933141220537,20.049867630004883
564.125,17,-35.3549371,149.16816369999998,99.66,8.552528944710893,-14.89,1.25,440.401,6.93531646572039,-1.0358933141220537,20.049867630004883
564.225,17,-35.354950599999995,149.1681649,99.602,8.330699768394512,-14.93,1.1,440.50100000000003,6.93531646572039,-1.0358933141220537,20.049867630004883
564.325,17,-35.3549641,149.16816599999999,99.581,8.183965106907836,-14.950000000000001,0.99,440.60100000000006,6.93531646572039,-1.0358933141220537,20.049867630004883
564.424,17,-35.3549776,149.1681669,99.56,8.048877625503323,-15.0,0.89,440.7,6.913303131720951,-1.0262480765947475,20.1073055267334
564.524,17,-35.3549912,149.1681678,99.525,7.89988046385408,-15.030000000000001,0.88,440.8,6.913303131720951,-1.0262480765947475,20.1073055267334
564.624,17,-35.355004799999996,149.1681687,99.458,7.768270402510751,-15.05,0.7000000000000001,440.90000000000003,6.913303131720951,-1.0262480765947475,20.1073055267334
564.724,17,-35.3550185,149.1681693,99.46000000000001,7.53069080996832,-15.08,0.56,441.00000000000006,6.913303131720951,-1.0262480765947475,20.1073055267334
564.824,17,-35.355032099999995,149.1681698,99.47,7.240200303246739,-15.1,0.47000000000000003,441.09999999999997,6.913303131720951,-1.0262480765947475,20.1073055267334
564.924,17,-35.3550457,149.1681702,99.499,6.935221257748268,-15.11,0.27,441.2,6.887771092575756,-1.0132247585009757,19.993240356445312
565.024,17,-35.3550592,149.16817039999998,99.502,6.521958100695708,-15.1,0.09,441.3,6.887771092575756,-1.0132247585009757,19.993240356445312
565.124,17,-35.3550726,149.16817029999999,99.519,5.904266954897843,-15.06,-0.06,441.40000000000003,6.887771092575756,-1.0132247585009757,19.993240356445312
565.224,17,-35.3550861,149.1681702,99.54,5.078504768206118,-15.0,-0.15,441.50000000000006,6.887771092575756,-1.0132247585009757,19.993240356445312
565.324,17,-35.3550994,149.16816989999998,99.583,3.9790543401510425,-14.93,-0.24,441.59999999999997,6.887771092575756,-1.0132247585009757,19.993240356445312
565.424,17,-35.3551126,149.1681696,99.605,2.7584248302757173,-14.85,-0.28,441.7,6.875033771911993,-1.005227628674681,20.97298240661621
565.524,17,-35.355125799999996,149.16816939999998,99.632,1.4603655212047766,-14.75,-0.29,441.8,6.875033771911993,-1.005227628674681,20.97298240661621
565.624,17,-35.3551389,149.168169,99.672,0.28646253606069827,-14.66,-0.29,441.90000000000003,6.875033771911993,-1.005227628674681,20.97298240661621
565.724,17,-35.355151899999996,149.1681687,99.68,-0.7131121968758224,-14.56,-0.28,442.00000000000006,6.875033771911993,-1.005227628674681,20.97298240661621
565.824,17,-35.3551648,149.16816839999998,99.64,-1.4265468000248105,-14.46,-0.3,442.09999999999997,6.875033771911993,-1.005227628674681,20.97298240661621
565.924,17,-35.3551776,149.16816799999998,99.618,-1.7256633020595888,-14.34,-0.42,442.2,6.876281837314166,-1.0057224748219185,21.06661605834961
566.024,17,-35.3551903,149.16816749999998,99.589,-1.7684453658647272,-14.22,-0.56,442.3,6.876281837314166,-1.0057224748219185,21.06661605834961
566.125,17,-35.3552029,149.1681668,99.555,-1.854493903297546,-14.1,-0.64,442.401,6.876281837314166,-1.0057224748219185,21.06661605834961
566.225,17,-35.3552156,149.16816599999999,99.509,-2.1666606556803973,-13.98,-0.6900000000000001,442.50100000000003,6.876281837314166,-1.0057224748219185,21.06661605834961
566.325,17,-35.3552281,149.1681652,99.47500000000001,-2.7468246077440965,-13.86,-0.71,442.60100000000006,6.876281837314166,-1.0057224748219185,21.06661605834961
566.4250000000001,17,-35.3552405,149.1681644,99.474,-3.5734254135998524,-13.74,-0.6900000000000001,442.7010000000001,6.88691687890506,-1.0115045603363932,20.95210838317871
566.524,17,-35.355252899999996,149.16816359999999,99.496,-4.543267239181824,-13.65,-0.6900000000000001,442.8,6.88691687890506,-1.0115045603363932,20.95210838317871
566.624,17,-35.3552651,149.1681629,99.453,-5.471161244532749,-13.56,-0.64,442.90000000000003,6.88691687890506,-1.0115045603363932,20.95210838317871
566.724,17,-35.3552774,149.16816219999998,99.409,-6.252612152097194,-13.46,-0.54,443.00000000000006,6.88691687890506,-1.0115045603363932,20.95210838317871
566.824,17,-35.3552895,149.16816169999998,99.399,-6.88997210827058,-13.370000000000001,-0.44,443.09999999999997,6.88691687890506,-1.0115045603363932,20.95210838317871
566.924,17,-35.355301499999996,149.16816129999998,99.363,-7.368940831365017,-13.26,-0.3,443.2,6.901232723674175,-1.0245727416815589,20.772268295288086
567.024,17,-35.3553135,149.1681611,99.37,-7.642262803834124,-13.16,-0.09,443.3,6.901232723674175,-1.0245727416815589,20.772268295288086
567.124,17,-35.355325199999996,149.1681611,99.409,-7.6061985512428105,-13.05,0.05,443.40000000000003,6.901232723674175,-1.0245727416815589,20.772268295288086
567.224,17,-35.3553369,149.16816129999998,99.47,-7.219758400834537,-12.950000000000001,0.15,443.50000000000006,6.901232723674175,-1.0245727416815589,20.772268295288086
567.324,17,-35.3553484,149.1681616,99.526,-6.507457182200948,-12.85,0.3,443.59999999999997,6.901232723674175,-1.0245727416815589,20.772268295288086
567.424,17,-35.355359799999995,149.168162,99.55,-5.509993004398388,-12.75,0.32,443.7,6.924052546776581,-1.0385923173880875,20.835277557373047
567.524,17,-35.3553711,149.1681623,99.58800000000001,-4.2898825888999825,-12.620000000000001,0.4,443.8,6.924052546776581,-1.0385923173880875,20.835277557373047
567.624,17,-35.355382299999995,149.1681628,99.654,-2.980310569096163,-12.5,0.41000000000000003,443.90000000000003,6.924052546776581,-1.0385923173880875,20.835277557373047
567.724,17,-35.355393299999996,149.16816319999998,99.711,-1.768199799219724,-12.39,0.39,444.00000000000006,6.924052546776581,-1.0385923173880875,20.835277557373047
567.824,17,-35.3554043,149.16816369999998,99.72200000000001,-0.7532141051228184,-12.27,0.37,444.09999999999997,6.924052546776581,-1.0385923173880875,20.835277557373047
567.924,17,-35.355415199999996,149.16816409999998,99.744,0.022500569119306025,-12.16,0.35000000000000003,444.2,6.955569621768886,-1.0531861184211215,20.612945556640625
568.024,17,-35.355426,149.16816459999998,99.764,0.5450465344460788,-12.07,0.36,444.3,6.955569621768886,-1.0531861184211215,20.612945556640625
568.124,17,-35.3554367,149.168165,99.742,0.8664893240520419,-11.99,0.33,444.40000000000003,6.955569621768886,-1.0531861184211215,20.612945556640625
568.225,17,-35.355447399999996,149.1681654,99.70100000000001,1.0502254681502048,-11.92,0.31,444.50100000000003,6.955569621768886,-1.0531861184211215,20.612945556640625
568.325,17,-35.3554582,149.1681658,99.647,1.1165493797553787,-11.870000000000001,0.29,444.60100000000006,6.955569621768886,-1.0531861184211215,20.612945556640625
568.4250000000001,17,-35.3554688,149.16816609999998,99.613,1.1536794620223316,-11.84,0.26,444.7010000000001,6.986267588891259,-1.067618834310423,20.08697509765625
568.524,17,-35.355479599999995,149.1681664,99.627,1.1406082942199256,-11.84,0.25,444.8,6.986267588891259,-1.067618834310423,20.08697509765625
568.624,17,-35.3554902,149.1681667,99.592,1.099939640354377,-11.81,0.24,444.90000000000003,6.986267588891259,-1.067618834310423,20.08697509765625
568.724,17,-35.355500899999996,149.16816699999998,99.523,1.0751438125114094,-11.81,0.21,445.00000000000006,6.986267588891259,-1.067618834310423,20.08697509765625
568.824,17,-35.3555116,149.1681673,99.542,1.0641732480438997,-11.790000000000001,0.18,445.09999999999997,6.986267588891259,-1.067618834310423,20.08697509765625
568.924,17,-35.3555223,149.16816749999998,99.541,1.0990708189476104,-11.77,0.14,445.2,7.015962991367341,-1.0820654657697835,19.79047393798828
569.024,17,-35.3555329,149.1681676,99.534,1.1340102247599875,-11.76,0.08,445.3,7.015962991367341,-1.0820654657697835,19.79047393798828
569.124,17,-35.355543499999996,149.1681677,99.568,1.1402295388861072,-11.76,0.03,445.40000000000003,7.015962991367341,-1.0820654657697835,19.79047393798828
569.224,17,-35.3555541,149.1681678,99.592,1.0424607170026639,-11.76,0.0,445.50000000000006,7.015962991367341,-1.0820654657697835,19.79047393798828
569.324,17,-35.3555646,149.1681678,99.608,0.8473293627696868,-11.77,0.01,445.59999999999997,7.015962991367341,-1.0820654657697835,19.79047393798828
569.424,17,-35.355575099999996,149.1681679,99.60900000000001,0.5065822174134462,-11.790000000000001,0.01,445.7,7.041761596855555,-1.0951409025967827,19.61086654663086
569.524,17,-35.3555857,149.1681679,99.622,0.17051423188634027,-11.82,0.0,445.8,7.041761596855555,-1.0951409025967827,19.61086654663086
569.624,17,-35.355596299999995,149.1681679,99.633,-0.08149066015219818,-11.86,0.01,445.90000000000003,7.041761596855555,-1.0951409025967827,19.61086654663086
569.724,17,-35.3556069,149.16816799999998,99.631,-0.26290542705673586,-11.89,0.02,446.00000000000006,7.041761596855555,-1.0951409025967827,19.61086654663086
569.824,17,-35.3556175,149.1681681,99.634,-0.3975807759139465,-11.93,0.05,446.09999999999997,7.041761596855555,-1.0951409025967827,19.61086654663086
569.924,17,-35.3556282,149.1681681,99.658,-0.4165023209055859,-11.96,0.02,446.2,7.064009172073982,-1.1084178625149064,19.53668975830078
570.024,17,-35.355638899999995,149.1681682,99.666,-0.3395004490697282,-11.99,-0.02,446.3,7.064009172073982,-1.1084178625149064,19.53668975830078
570.124,17,-35.3556496,149.1681681,99.705,-0.2791637318805992,-12.030000000000001,-0.04,446.40000000000003,7.064009172073982,-1.1084178625149064,19.53668975830078
570.224,17,-35.3556604,149.1681681,99.81400000000001,-0.2451349290228023,-12.05,-0.06,446.50000000000006,7.064009172073982,-1.1084178625149064,19.53668975830078
570.325,17,-35.3556713,149.16816799999998,99.857,-0.2786188908921584,-12.08,-0.07,446.60100000000006,7.064009172073982,-1.1084178625149064,19.53668975830078
570.4250000000001,17,-35.355682099999996,149.1681679,99.897,-0.39281586519421635,-12.09,-0.05,446.7010000000001,7.082892928879994,-1.1216711451467178,19.59181785583496
570.525,17,-35.355693099999996,149.16816799999998,99.932,-0.6149704893523785,-12.1,-0.03,446.801,7.082892928879994,-1.1216711451467178,19.59181785583496
570.624,17,-35.355703999999996,149.1681679,99.932,-0.8165503959354937,-12.11,-0.02,446.90000000000003,7.082892928879994,-1.1216711451467178,19.59181785583496
570.724,17,-35.355715,149.1681679,99.94800000000001,-0.9650775551924754,-12.11,-0.01,447.00000000000006,7.082892928879994,-1.1216711451467178,19.59181785583496
570.824,17,-35.355726,149.1681679,99.965,-1.0760584175299566,-12.13,0.0,447.09999999999997,7.082892928879994,-1.1216711451467178,19.59181785583496
570.924,17,-35.355737,149.1681679,99.965,-1.139113443287045,-12.15,0.0,447.2,7.100543873867975,-1.134724849760835,19.590526580810547
571.024,17,-35.355748,149.1681679,99.94500000000001,-1.0824807163404726,-12.18,0.0,447.3,7.100543873867975,-1.134724849760835,19.590526580810547
571.124,17,-35.355759,149.1681679,99.944,-0.9847658956401545,-12.24,0.01,447.40000000000003,7.100543873867975,-1.134724849760835,19.590526580810547
571.224,17,-35.35577,149.1681679,99.941,-0.9017591402655184,-12.3,0.03,447.50000000000006,7.100543873867975,-1.134724849760835,19.590526580810547
571.324,17,-35.3557811,149.1681679,99.913,-0.7993649996535069,-12.34,0.03,447.59999999999997,7.100543873867975,-1.134724849760835,19.590526580810547
571.424,17,-35.355792099999995,149.1681679,99.84,-0.6787763023096394,-12.39,0.03,447.7,7.113133769517284,-1.1484116810465412,19.157882690429688
571.524,17,-35.3558032,149.1681679,99.839,-0.5927062604531055,-12.48,0.06,447.8,7.113133769517284,-1.1484116810465412,19.157882690429688
571.624,17,-35.3558144,149.1681679,99.898,-0.5458324864483063,-12.530000000000001,0.1,447.90000000000003,7.113133769517284,-1.1484116810465412,19.157882690429688
571.724,17,-35.355825599999996,149.16816799999998,99.905,-0.4723504832321059,-12.58,0.1,448.00000000000006,7.113133769517284,-1.1484116810465412,19.157882690429688
571.824,17,-35.3558369,149.1681682,99.905,-0.41191278062888115,-12.61,0.14,448.09999999999997,7.113133769517284,-1.1484116810465412,19.157882690429688
571.924,17,-35.3558482,149.1681683,99.914,-0.3838667965971923,-12.61,0.21,448.2,7.117559271667741,-1.160549693784357,19.34334945678711
572.024,17,-35.3558595,149.1681686,99.933,-0.3263414759838904,-12.620000000000001,0.27,448.3,7.117559271667741,-1.160549693784357,19.34334945678711
572.124,17,-35.3558707,149.16816889999998,99.992,-0.13822636687474296,-12.63,0.31,448.40000000000003,7.117559271667741,-1.160549693784357,19.34334945678711
572.224,17,-35.355882099999995,149.1681692,99.994,0.1666327901274954,-12.68,0.33,448.50000000000006,7.117559271667741,-1.160549693784357,19.34334945678711
572.324,17,-35.3558934,149.1681696,99.985,0.557281164157717,-12.73,0.35000000000000003,448.59999999999997,7.117559271667741,-1.160549693784357,19.34334945678711
572.4250000000001,17,-35.355905,149.16817,99.946,1.020289069183156,-12.76,0.35000000000000003,448.7010000000001,7.124345888109206,-1.1720305728111278,19.802270889282227
572.525,17,-35.3559165,149.16817029999999,99.875,1.5205932755323028,-12.81,0.33,448.801,7.124345888109206,-1.1720305728111278,19.802270889282227
572.625,17,-35.3559281,149.1681707,99.767,1.9805777012721006,-12.88,0.32,448.901,7.124345888109206,-1.1720305728111278,19.802270889282227
572.724,17,-35.3559398,149.168171,99.708,2.296166378429128,-12.92,0.29,449.00000000000006,7.124345888109206,-1.1720305728111278,19.802270889282227
572.824,17,-35.355951499999996,149.16817129999998,99.664,2.517338575924719,-12.96,0.26,449.09999999999997,7.124345888109206,-1.1720305728111278,19.802270889282227
572.924,17,-35.3559633,149.1681716,99.676,2.653410671786771,-13.01,0.22,449.2,7.133406740728163,-1.1815828639006252,19.902503967285156
573.024,17,-35.355975099999995,149.16817179999998,99.682,2.646694461398533,-13.030000000000001,0.23,449.3,7.133406740728163,-1.1815828639006252,19.902503967285156
573.124,17,-35.3559869,149.1681721,99.69,2.613913822250703,-13.040000000000001,0.2,449.40000000000003,7.133406740728163,-1.1815828639006252,19.902503967285156
573.224,17,-35.3559987,149.16817229999998,99.751,2.5841122127980563,-13.06,0.2,449.50000000000006,7.133406740728163,-1.1815828639006252,19.902503967285156
573.324,17,-35.356010399999995,149.1681725,99.786,2.5664376042167674,-13.06,0.2,449.59999999999997,7.133406740728163,-1.1815828639006252,19.902503967285156
573.424,17,-35.3560222,149.16817269999999,99.84,2.5512235712839755,-13.09,0.19,449.7,7.1374085725212755,-1.1889043708925289,19.732839584350586
573.524,17,-35.3560339,149.1681729,99.875,2.5479559660963593,-13.11,0.15,449.8,7.1374085725212755,-1.1889043708925289,19.732839584350586
573.624,17,-35.3560456,149.1681731,99.946,2.5579779880428837,-13.15,0.12,449.90000000000003,7.1374085725212755,-1.1889043708925289,19.732839584350586
573.724,17,-35.356057299999996,149.16817319999998,99.96000000000001,2.54967546621991,-13.19,0.11,450.00000000000006,7.1374085725212755,-1.1889043708925289,19.732839584350586
573.824,17,-35.3560691,149.1681733,99.976,2.5066410055805983,-13.25,0.1,450.09999999999997,7.1374085725212755,-1.1889043708925289,19.732839584350586
573.924,17,-35.356080899999995,149.1681734,99.96300000000001,2.377396324124209,-13.290000000000001,0.12,450.2,7.137651951255879,-1.1937024779516454,19.53369140625
574.024,17,-35.3560928,149.1681735,99.946,2.2279505044238603,-13.33,0.11,450.3,7.137651951255879,-1.1937024779516454,19.53369140625
574.124,17,-35.356104699999996,149.1681736,99.94,2.141301657396021,-13.36,0.11,450.40000000000003,7.137651951255879,-1.1937024779516454,19.53369140625
574.224,17,-35.3561166,149.16817369999998,99.959,2.102920476572192,-13.39,0.06,450.50000000000006,7.137651951255879,-1.1937024779516454,19.53369140625
574.324,17,-35.3561286,149.16817369999998,99.993,2.0808899148477273,-13.41,0.04,450.59999999999997,7.137651951255879,-1.1937024779516454,19.53369140625
574.4250000000001,17,-35.356140499999995,149.1681738,100.05,2.052875040193274,-13.43,0.02,450.7010000000001,7.134112419340348,-1.196759162106073,19.61638832092285
574.525,17,-35.3561528,149.1681738,100.102,2.021943247876402,-13.44,0.01,450.801,7.134112419340348,-1.196759162106073,19.61638832092285
574.625,17,-35.356164899999996,149.1681738,100.16,1.9919025818028049,-13.46,-0.01,450.901,7.134112419340348,-1.196759162106073,19.61638832092285
574.725,17,-35.3561771,149.16817369999998,100.199,1.9446131267539868,-13.5,-0.04,451.00100000000003,7.134112419340348,-1.196759162106073,19.61638832092285
574.824,17,-35.3561893,149.16817369999998,100.238,1.8420369189119123,-13.540000000000001,-0.04,451.09999999999997,7.134112419340348,-1.196759162106073,19.61638832092285
574.924,17,-35.3562015,149.16817369999998,100.26,1.6540474879515357,-13.57,-0.01,451.2,7.129893636363392,-1.1987320430971318,19.911970138549805
575.024,17,-35.3562138,149.16817369999998,100.21000000000001,1.3941054291796597,-13.58,0.04,451.3,7.129893636363392,-1.1987320430971318,19.911970138549805
575.124,17,-35.3562261,149.16817369999998,100.128,1.1993720401875418,-13.6,0.05,451.40000000000003,7.129893636363392,-1.1987320430971318,19.911970138549805
575.224,17,-35.356238399999995,149.1681738,100.11200000000001,1.0851183432988611,-13.63,0.06,451.50000000000006,7.129893636363392,-1.1987320430971318,19.911970138549805
575.324,17,-35.356250599999996,149.1681739,100.123,1.0308450198237051,-13.66,0.07,451.59999999999997,7.129893636363392,-1.1987320430971318,19.911970138549805
575.424,17,-35.3562629,149.168174,100.084,1.0531652242576606,-13.67,0.08,451.7,7.127367271842597,-1.200056162827989,19.710668563842773
575.524,17,-35.3562751,149.1681741,100.068,1.224024540779645,-13.700000000000001,0.06,451.8,7.127367271842597,-1.200056162827989,19.710668563842773
575.624,17,-35.3562873,149.16817419999998,100.04,1.4967014872590096,-13.700000000000001,0.03,451.90000000000003,7.127367271842597,-1.200056162827989,19.710668563842773
575.724,17,-35.3562995,149.16817419999998,100.013,1.7417337766812768,-13.68,0.0,452.00000000000006,7.127367271842597,-1.200056162827989,19.710668563842773
575.824,17,-35.3563117,149.16817419999998,100.032,1.89138717009937,-13.67,-0.01,452.09999999999997,7.127367271842597,-1.200056162827989,19.710668563842773
575.924,17,-35.3563238,149.16817419999998,100.026,1.9609601173153546,-13.69,-0.01,452.2,7.123528942043831,-1.1989728962012849,20.017559051513672
576.024,17,-35.356336,149.16817419999998,100.043,1.9544163692036591,-13.71,-0.02,452.3,7.123528942043831,-1.1989728962012849,20.017559051513672
576.124,17,-35.3563483,149.16817419999998,100.07900000000001,1.850133254399316,-13.73,0.0,452.40000000000003,7.123528942043831,-1.1989728962012849,20.017559051513672
576.224,17,-35.3563605,149.16817419999998,100.102,1.698184703976687,-13.77,-0.01,452.50000000000006,7.123528942043831,-1.1989728962012849,20.017559051513672
576.324,17,-35.356372799999995,149.1681741,100.11500000000001,1.6148706968111062,-13.82,-0.01,452.59999999999997,7.123528942043831,-1.1989728962012849,20.017559051513672
576.424,17,-35.3563851,149.1681741,100.095,1.5363198928179629,-13.83,-0.02,452.7,7.1208602171376585,-1.1974414276229446,19.733612060546875
576.525,17,-35.3563975,149.1681741,100.062,1.4950179523503073,-13.85,-0.06,452.801,7.1208602171376585,-1.1974414276229446,19.733612060546875
576.625,17,-35.35641,149.1681741,100.043,1.4425093790019534,-13.85,-0.07,452.901,7.1208602171376585,-1.1974414276229446,19.733612060546875
576.725,17,-35.3564225,149.168174,100.062,1.3928626549158347,-13.86,-0.1,453.00100000000003,7.1208602171376585,-1.1974414276229446,19.733612060546875
576.825,17,-35.356434899999996,149.1681739,100.142,1.3143434405476029,-13.870000000000001,-0.12,453.10100000000006,7.1208602171376585,-1.1974414276229446,19.733612060546875
576.924,17,-35.3564475,149.16817369999998,100.191,1.221872604304268,-13.88,-0.12,453.2,7.11032583774234,-1.1938553105001513,19.801969528198242
577.024,17,-35.35646,149.1681735,100.22800000000001,1.108278661000728,-13.870000000000001,-0.15,453.3,7.11032583774234,-1.1938553105001513,19.801969528198242
577.124,17,-35.3564726,149.1681733,100.263,0.9924118655291606,-13.84,-0.18,453.40000000000003,7.11032583774234,-1.1938553105001513,19.801969528198242
577.224,17,-35.3564851,149.1681731,100.254,0.8014572253344994,-13.81,-0.16,453.50000000000006,7.11032583774234,-1.1938553105001513,19.801969528198242
577.324,17,-35.3564976,149.1681729,100.22500000000001,0.5768737218744573,-13.76,-0.18,453.59999999999997,7.11032583774234,-1.1938553105001513,19.801969528198242
577.424,17,-35.35651,149.16817269999999,100.233,0.3904256991911086,-13.72,-0.2,453.7,7.109167159479284,-1.1918017812995743,20.60369300842285
577.524,17,-35.3565223,149.1681724,100.263,0.2108527955159067,-13.68,-0.19,453.8,7.109167159479284,-1.1918017812995743,20.60369300842285
577.624,17,-35.356534499999995,149.1681722,100.255,-0.010823225147518647,-13.63,-0.19,453.90000000000003,7.109167159479284,-1.1918017812995743,20.60369300842285
577.724,17,-35.3565466,149.168172,100.186,-0.24386771548835334,-13.540000000000001,-0.17,454.00000000000006,7.109167159479284,-1.1918017812995743,20.60369300842285
577.824,17,-35.3565587,149.16817179999998,100.104,-0.4274535420639229,-13.46,-0.17,454.09999999999997,7.109167159479284,-1.1918017812995743,20.60369300842285
577.924,17,-35.3565706,149.1681716,100.131,-0.5205455253153324,-13.34,-0.19,454.2,7.119807145687551,-1.1915504126824452,20.80178451538086
578.024,17,-35.3565824,149.16817129999998,100.171,-0.516293946000411,-13.200000000000001,-0.22,454.3,7.119807145687551,-1.1915504126824452,20.80178451538086
578.124,17,-35.356594099999995,149.1681711,100.209,-0.5491808799671992,-13.06,-0.22,454.40000000000003,7.119807145687551,-1.1915504126824452,20.80178451538086
578.224,17,-35.356605699999996,149.16817079999998,100.249,-0.6098202599139244,-12.91,-0.21,454.50000000000006,7.119807145687551,-1.1915504126824452,20.80178451538086
578.324,17,-35.3566171,149.1681706,100.269,-0.708580846609195,-12.74,-0.21,454.59999999999997,7.119807145687551,-1.1915504126824452,20.80178451538086
578.424,17,-35.3566283,149.16817029999999,100.303,-0.8210526645372958,-12.59,-0.22,454.7,7.141773960475598,-1.1930134947777595,21.138412475585938
578.524,17,-35.3566395,149.1681701,100.295,-0.9317699242614966,-12.43,-0.2,454.8,7.141773960475598,-1.1930134947777595,21.138412475585938
578.625,17,-35.3566505,149.1681698,100.28,-1.028188609845099,-12.280000000000001,-0.2,454.901,7.141773960475598,-1.1930134947777595,21.138412475585938
578.725,17,-35.3566615,149.1681696,100.284,-1.1648299592857891,-12.16,-0.16,455.00100000000003,7.141773960475598,-1.1930134947777595,21.138412475585938
578.825,17,-35.3566724,149.16816939999998,100.238,-1.3184214903689238,-12.02,-0.19,455.10100000000006,7.141773960475598,-1.1930134947777595,21.138412475585938
578.9250000000001,17,-35.3566832,149.1681692,100.143,-1.329274127351545,-11.92,-0.2,455.2010000000001,7.176698876284072,-1.1969773809870181,21.498075485229492
579.024,17,-35.356693899999996,149.16816889999998,100.035,-1.345833387385712,-11.8,-0.2,455.3,7.176698876284072,-1.1969773809870181,21.498075485229492
579.124,17,-35.3567045,149.1681687,99.921,-1.3932183583612043,-11.73,-0.17,455.40000000000003,7.176698876284072,-1.1969773809870181,21.498075485229492
579.224,17,-35.356715,149.1681685,99.895,-1.4230391777208915,-11.65,-0.17,455.50000000000006,7.176698876284072,-1.1969773809870181,21.498075485229492
579.324,17,-35.356725499999996,149.1681683,99.845,-1.4820961949359952,-11.56,-0.16,455.59999999999997,7.176698876284072,-1.1969773809870181,21.498075485229492
579.424,17,-35.3567359,149.1681681,99.803,-1.6064285829969704,-11.49,-0.12,455.7,7.217974969045936,-1.201996664462025,20.42418670654297
579.524,17,-35.356746199999996,149.1681679,99.811,-1.6726191991916235,-11.44,-0.09,455.8,7.217974969045936,-1.201996664462025,20.42418670654297
579.624,17,-35.3567564,149.1681678,99.84,-1.7137555075719062,-11.370000000000001,-0.08,455.90000000000003,7.217974969045936,-1.201996664462025,20.42418670654297
579.724,17,-35.3567665,149.1681677,99.842,-1.7029657296739902,-11.31,-0.06,456.00000000000006,7.217974969045936,-1.201996664462025,20.42418670654297
579.824,17,-35.356776599999996,149.1681676,99.821,-1.695103968495894,-11.26,-0.03,456.09999999999997,7.217974969045936,-1.201996664462025,20.42418670654297
579.924,17,-35.3567866,149.1681676,99.839,-1.6391422009135697,-11.24,0.02,456.2,7.249565650476289,-1.2060411130851059,19.5310001373291
580.024,17,-35.356796599999996,149.1681676,99.887,-1.5045172513819143,-11.27,0.03,456.3,7.249565650476289,-1.2060411130851059,19.5310001373291
580.124,17,-35.3568067,149.1681676,99.895,-1.3433104862610385,-11.34,0.06,456.40000000000003,7.249565650476289,-1.2060411130851059,19.5310001373291
580.224,17,-35.3568169,149.1681677,99.9,-1.1340453362011895,-11.41,0.09,456.50000000000006,7.249565650476289,-1.2060411130851059,19.5310001373291
580.324,17,-35.3568271,149.1681678,99.854,-0.8691969604494232,-11.51,0.1,456.59999999999997,7.249565650476289,-1.2060411130851059,19.5310001373291
580.424,17,-35.356837399999996,149.1681679,99.798,-0.6290309140065258,-11.61,0.12,456.7,7.269432354658585,-1.2082499339284234,18.46714210510254
580.524,17,-35.3568479,149.16816799999998,99.782,-0.40438826004105427,-11.75,0.14,456.8,7.269432354658585,-1.2082499339284234,18.46714210510254
580.624,17,-35.3568584,149.16816799999998,99.73700000000001,-0.10801141758549822,-11.86,0.14,456.90000000000003,7.269432354658585,-1.2082499339284234,18.46714210510254
580.725,17,-35.3568691,149.1681681,99.683,0.1232809391351898,-12.0,0.13,457.00100000000003,7.269432354658585,-1.2082499339284234,18.46714210510254
580.825,17,-35.35688,149.1681682,99.699,0.2503075966998969,-12.13,0.14,457.10100000000006,7.269432354658585,-1.2082499339284234,18.46714210510254
580.9250000000001,17,-35.3568911,149.1681683,99.71000000000001,0.3866635722993274,-12.27,0.16,457.2010000000001,7.271408798902918,-1.20685915226632,18.506467819213867
581.024,17,-35.3569022,149.16816839999998,99.69800000000001,0.4970274764556859,-12.41,0.18,457.3,7.271408798902918,-1.20685915226632,18.506467819213867
581.124,17,-35.3569136,149.1681686,99.73100000000001,0.6316913260490986,-12.56,0.19,457.40000000000003,7.271408798902918,-1.20685915226632,18.506467819213867
581.224,17,-35.3569251,149.1681688,99.796,0.7098213263563456,-12.73,0.21,457.50000000000006,7.271408798902918,-1.20685915226632,18.506467819213867
581.324,17,-35.3569368,149.168169,99.804,0.7968732612669217,-12.89,0.22,457.59999999999997,7.271408798902918,-1.20685915226632,18.506467819213867
581.424,17,-35.3569485,149.1681692,99.782,0.8736956538740814,-13.05,0.23,457.7,7.264281567032573,-1.203917010784974,18.748315811157227
581.524,17,-35.3569605,149.16816939999998,99.736,0.9835792569935706,-13.200000000000001,0.23,457.8,7.264281567032573,-1.203917010784974,18.748315811157227
581.624,17,-35.3569725,149.1681696,99.726,1.199373000682894,-13.34,0.19,457.90000000000003,7.264281567032573,-1.203917010784974,18.748315811157227
581.724,17,-35.3569846,149.1681697,99.712,1.4530463331788732,-13.47,0.18,458.00000000000006,7.264281567032573,-1.203917010784974,18.748315811157227
581.824,17,-35.3569968,149.1681698,99.699,1.6390774208381602,-13.58,0.12,458.09999999999997,7.264281567032573,-1.203917010784974,18.748315811157227
581.924,17,-35.357009,149.16816989999998,99.763,1.7414236434042758,-13.67,0.07,458.2,7.253445889352242,-1.198961674779231,19.14798355102539
582.024,17,-35.3570213,149.16816989999998,99.786,1.7820603874797956,-13.74,0.03,458.3,7.253445889352242,-1.198961674779231,19.14798355102539
582.124,17,-35.3570336,149.1681698,99.8,1.721083340055978,-13.790000000000001,-0.01,458.40000000000003,7.253445889352242,-1.198961674779231,19.14798355102539
582.224,17,-35.357045899999996,149.1681697,99.812,1.5280353002415605,-13.84,-0.07,458.50000000000006,7.253445889352242,-1.198961674779231,19.14798355102539
582.324,17,-35.3570583,149.1681695,99.866,1.2262199129892752,-13.9,-0.1,458.59999999999997,7.253445889352242,-1.198961674779231,19.14798355102539
582.424,17,-35.357070799999995,149.16816939999998,99.866,0.8397570842185228,-13.98,-0.11,458.7,7.239014381859288,-1.193565991899056,19.592798233032227
582.524,17,-35.3570833,149.1681692,99.873,0.4493892015115213,-14.030000000000001,-0.1,458.8,7.239014381859288,-1.193565991899056,19.592798233032227
582.624,17,-35.3570959,149.1681691,99.833,0.021429418366117496,-14.08,-0.09,458.90000000000003,7.239014381859288,-1.193565991899056,19.592798233032227
582.724,17,-35.357108499999995,149.168169,99.791,-0.3241376727595035,-14.13,-0.09,459.00000000000006,7.239014381859288,-1.193565991899056,19.592798233032227
582.825,17,-35.3571212,149.1681688,99.714,-0.6121515955767202,-14.17,-0.08,459.10100000000006,7.239014381859288,-1.193565991899056,19.592798233032227
582.9250000000001,17,-35.357134099999996,149.1681687,99.674,-0.797853660217083,-14.22,-0.07,459.2010000000001,7.22831242124887,-1.1904015376310753,20.2498722076416
583.025,17,-35.3571469,149.1681686,99.658,-0.8847997805563768,-14.26,-0.04,459.301,7.22831242124887,-1.1904015376310753,20.2498722076416
583.124,17,-35.3571598,149.1681686,99.637,-0.9433581939620695,-14.3,-0.01,459.40000000000003,7.22831242124887,-1.1904015376310753,20.2498722076416
583.224,17,-35.3571728,149.1681685,99.67,-0.9333476979597696,-14.35,0.0,459.50000000000006,7.22831242124887,-1.1904015376310753,20.2498722076416
583.324,17,-35.357185799999996,149.1681685,99.712,-0.8869235958622805,-14.38,0.0,459.59999999999997,7.22831242124887,-1.1904015376310753,20.2498722076416
583.424,17,-35.3571988,149.1681685,99.772,-0.7858220685506939,-14.38,0.01,459.7,7.218880012668557,-1.18737314078214,20.03700828552246
583.524,17,-35.3572118,149.1681685,99.86,-0.7002145585670169,-14.38,0.02,459.8,7.218880012668557,-1.18737314078214,20.03700828552246
583.624,17,-35.3572248,149.1681685,99.929,-0.5954073334655811,-14.370000000000001,0.04,459.90000000000003,7.218880012668557,-1.18737314078214,20.03700828552246
583.724,17,-35.3572377,149.1681685,99.962,-0.49074919858712196,-14.34,0.05,460.00000000000006,7.218880012668557,-1.18737314078214,20.03700828552246
583.824,17,-35.3572505,149.1681685,100.029,-0.32020596507723553,-14.33,0.04,460.09999999999997,7.218880012668557,-1.18737314078214,20.03700828552246
583.924,17,-35.3572633,149.1681685,100.077,-0.13594807189972058,-14.31,0.02,460.2,7.20506440310647,-1.1833153099255656,20.064863204956055
584.024,17,-35.3572761,149.1681685,100.142,-0.010387626331395113,-14.31,0.0,460.3,7.20506440310647,-1.1833153099255656,20.064863204956055
584.124,17,-35.3572888,149.1681685,100.152,0.037292559393898556,-14.33,0.0,460.40000000000003,7.20506440310647,-1.1833153099255656,20.064863204956055
584.224,17,-35.3573016,149.1681685,100.144,0.06312909729100728,-14.36,0.0,460.50000000000006,7.20506440310647,-1.1833153099255656,20.064863204956055
584.324,17,-35.3573144,149.1681685,100.116,0.052589595133361915,-14.370000000000001,0.0,460.59999999999997,7.20506440310647,-1.1833153099255656,20.064863204956055
584.424,17,-35.3573272,149.1681685,100.042,0.0010308667485297547,-14.4,-0.01,460.7,7.1932670499267894,-1.1794734672369969,19.94150733947754
584.524,17,-35.35734,149.16816839999998,99.998,-0.06242367348589851,-14.42,-0.01,460.8,7.1932670499267894,-1.1794734672369969,19.94150733947754
584.624,17,-35.357352899999995,149.16816839999998,100.003,-0.16745134561083913,-14.450000000000001,-0.01,460.90000000000003,7.1932670499267894,-1.1794734672369969,19.94150733947754
584.724,17,-35.357365699999995,149.1681683,100.031,-0.22650083894568523,-14.47,0.0,461.00000000000006,7.1932670499267894,-1.1794734672369969,19.94150733947754
584.824,17,-35.3573786,149.1681683,100.069,-0.30655359086514367,-14.48,0.0,461.09999999999997,7.1932670499267894,-1.1794734672369969,19.94150733947754
584.9250000000001,17,-35.3573917,149.1681682,100.153,-0.4081001743702653,-14.47,0.02,461.2010000000001,7.177346707211576,-1.1756990927569564,19.897470474243164
585.025,17,-35.357404599999995,149.1681683,100.20700000000001,-0.508615639434553,-14.47,0.04,461.301,7.177346707211576,-1.1756990927569564,19.897470474243164
585.125,17,-35.3574176,149.1681683,100.267,-0.537268549807021,-14.47,0.05,461.401,7.177346707211576,-1.1756990927569564,19.897470474243164
585.224,17,-35.3574306,149.1681683,100.318,-0.4947722867299652,-14.47,0.05,461.50000000000006,7.177346707211576,-1.1756990927569564,19.897470474243164
585.324,17,-35.3574437,149.1681683,100.321,-0.3999268658525666,-14.47,0.04,461.59999999999997,7.177346707211576,-1.1756990927569564,19.897470474243164
585.424,17,-35.3574568,149.16816839999998,100.337,-0.2577888949968823,-14.47,0.04,461.7,7.160050249916575,-1.1718026431953694,20.141340255737305
585.524,17,-35.3574699,149.16816839999998,100.345,-0.18325245464713472,-14.48,0.04,461.8,7.160050249916575,-1.1718026431953694,20.141340255737305
585.624,17,-35.357482999999995,149.1681683,100.306,-0.14237286533010926,-14.48,0.04,461.90000000000003,7.160050249916575,-1.1718026431953694,20.141340255737305
585.724,17,-35.357496,149.1681683,100.214,-0.08370588259910372,-14.5,0.04,462.00000000000006,7.160050249916575,-1.1718026431953694,20.141340255737305
585.824,17,-35.357509,149.1681683,100.185,-0.02940218679349297,-14.5,0.02,462.09999999999997,7.160050249916575,-1.1718026431953694,20.141340255737305
585.924,17,-35.3575219,149.1681683,100.162,0.13665090103335753,-14.5,-0.07,462.2,7.147188713234801,-1.168142101605763,20.148408889770508
586.024,17,-35.3575349,149.1681682,100.155,0.3591338545193563,-14.52,-0.19,462.3,7.147188713234801,-1.168142101605763,20.148408889770508
586.124,17,-35.3575479,149.1681679,100.19,0.4536193297635806,-14.530000000000001,-0.29,462.40000000000003,7.147188713234801,-1.168142101605763,20.148408889770508
586.224,17,-35.3575608,149.16816749999998,100.212,0.26865914106095756,-14.530000000000001,-0.33,462.50000000000006,7.147188713234801,-1.168142101605763,20.148408889770508
586.324,17,-35.3575738,149.1681671,100.243,-0.21574501189042086,-14.52,-0.36,462.59999999999997,7.147188713234801,-1.168142101605763,20.148408889770508
586.424,17,-35.3575867,149.1681667,100.287,-0.9054112637590654,-14.49,-0.36,462.7,7.134930319437995,-1.1659044727436167,20.404003143310547
586.524,17,-35.3575996,149.1681662,100.301,-1.717761733685236,-14.44,-0.36,462.8,7.134930319437995,-1.1659044727436167,20.404003143310547
586.624,17,-35.3576125,149.1681658,100.32900000000001,-2.4987892762428454,-14.39,-0.32,462.90000000000003,7.134930319437995,-1.1659044727436167,20.404003143310547
586.724,17,-35.357625299999995,149.1681655,100.4,-3.1511534504754573,-14.35,-0.27,463.00000000000006,7.134930319437995,-1.1659044727436167,20.404003143310547
586.824,17,-35.357638099999996,149.1681652,100.436,-3.5973564754608733,-14.31,-0.24,463.09999999999997,7.134930319437995,-1.1659044727436167,20.404003143310547
586.9250000000001,17,-35.3576508,149.168165,100.44800000000001,-3.880262483995978,-14.280000000000001,-0.18,463.2010000000001,7.1262395438843225,-1.1675690325912624,20.282407760620117
587.025,17,-35.357663699999996,149.1681648,100.419,-4.003660523522837,-14.25,-0.12,463.301,7.1262395438843225,-1.1675690325912624,20.282407760620117
587.125,17,-35.3576765,149.16816459999998,100.363,-4.00706153084268,-14.21,-0.1,463.401,7.1262395438843225,-1.1675690325912624,20.282407760620117
587.225,17,-35.3576893,149.16816459999998,100.271,-3.856259491705261,-14.19,0.0,463.50100000000003,7.1262395438843225,-1.1675690325912624,20.282407760620117
587.324,17,-35.3577021,149.16816459999998,100.212,-3.5803298810770894,-14.15,0.02,463.59999999999997,7.1262395438843225,-1.1675690325912624,20.282407760620117
587.424,17,-35.3577149,149.1681647,100.174,-3.22853245013912,-14.16,0.1,463.7,7.117102050769115,-1.1693769643726408,20.03474998474121
587.524,17,-35.3577277,149.1681648,100.162,-2.7686532520012226,-14.15,0.09,463.8,7.117102050769115,-1.1693769643726408,20.03474998474121
587.624,17,-35.3577405,149.1681648,100.10000000000001,-2.33139051775253,-14.15,0.12,463.90000000000003,7.117102050769115,-1.1693769643726408,20.03474998474121
587.724,17,-35.3577534,149.168165,100.113,-1.9551457053409698,-14.17,0.17,464.00000000000006,7.117102050769115,-1.1693769643726408,20.03474998474121
587.824,17,-35.3577662,149.1681652,100.12,-1.5911963006524898,-14.17,0.17,464.09999999999997,7.117102050769115,-1.1693769643726408,20.03474998474121
587.924,17,-35.3577789,149.1681654,100.089,-1.3001224530871074,-14.14,0.22,464.2,7.107911916523725,-1.1701221945330844,20.239906311035156
588.024,17,-35.3577915,149.16816559999998,100.08200000000001,-1.0978930382026064,-14.1,0.3,464.3,7.107911916523725,-1.1701221945330844,20.239906311035156
588.124,17,-35.357804099999996,149.16816599999999,100.063,-0.8323011856875134,-14.040000000000001,0.32,464.40000000000003,7.107911916523725,-1.1701221945330844,20.239906311035156
588.224,17,-35.3578166,149.1681664,100.034,-0.4907585367363778,-13.97,0.34,464.50000000000006,7.107911916523725,-1.1701221945330844,20.239906311035156
588.324,17,-35.357828999999995,149.1681667,100.016,-0.10591915188386612,-13.88,0.34,464.59999999999997,7.107911916523725,-1.1701221945330844,20.239906311035156
588.424,17,-35.3578413,149.1681671,100.007,0.3561153911538867,-13.790000000000001,0.34,464.7,7.107529553669525,-1.171352144409353,20.581645965576172
588.524,17,-35.3578535,149.16816749999998,100.0,0.8388661714186593,-13.72,0.32,464.8,7.107529553669525,-1.171352144409353,20.581645965576172
588.624,17,-35.3578657,149.1681678,99.946,1.2395795495624087,-13.66,0.3,464.90000000000003,7.107529553669525,-1.171352144409353,20.581645965576172
588.724,17,-35.3578778,149.1681681,99.897,1.5248305541386495,-13.6,0.26,465.00000000000006,7.107529553669525,-1.171352144409353,20.581645965576172
588.824,17,-35.35789,149.16816839999998,99.867,1.7331687194620806,-13.59,0.19,465.09999999999997,7.107529553669525,-1.171352144409353,20.581645965576172
588.924,17,-35.3579021,149.1681685,99.81400000000001,2.0457722837866954,-13.56,0.1,465.2,7.112610469797023,-1.1723062410644542,20.696470260620117
589.025,17,-35.357914199999996,149.1681685,99.742,2.2568827588612113,-13.540000000000001,-0.02,465.301,7.112610469797023,-1.1723062410644542,20.696470260620117
589.125,17,-35.3579265,149.16816839999998,99.688,2.2888230712977182,-13.540000000000001,-0.15,465.401,7.112610469797023,-1.1723062410644542,20.696470260620117
589.225,17,-35.3579386,149.1681681,99.666,1.9428961879513749,-13.48,-0.21,465.50100000000003,7.112610469797023,-1.1723062410644542,20.696470260620117
589.325,17,-35.3579508,149.1681678,99.647,1.3820950751327212,-13.43,-0.29,465.60100000000006,7.112610469797023,-1.1723062410644542,20.696470260620117
589.424,17,-35.3579629,149.1681674,99.718,0.6146607296013479,-13.36,-0.32,465.7,7.123267974971533,-1.1755808122384408,20.41025733947754
589.524,17,-35.357974999999996,149.16816699999998,99.805,-0.2125787122820175,-13.3,-0.34,465.8,7.123267974971533,-1.1755808122384408,20.41025733947754
589.624,17,-35.357987,149.1681667,99.872,-1.125301840289927,-13.24,-0.33,465.90000000000003,7.123267974971533,-1.1755808122384408,20.41025733947754
589.724,17,-35.3579989,149.1681664,99.94,-1.9781205407181885,-13.16,-0.29,466.00000000000006,7.123267974971533,-1.1755808122384408,20.41025733947754
589.8240000000001,17,-35.358010799999995,149.16816609999998,99.986,-2.6645464414548305,-13.1,-0.3,466.1000000000001,7.123267974971533,-1.1755808122384408,20.41025733947754
589.924,17,-35.3580225,149.1681657,99.994,-3.1337917499355195,-13.040000000000001,-0.3,466.2,7.131931615576415,-1.1813814552308313,20.27153205871582
590.024,17,-35.3580341,149.1681653,99.996,-3.3539590558494723,-13.0,-0.34,466.3,7.131931615576415,-1.1813814552308313,20.27153205871582
590.124,17,-35.3580457,149.1681649,99.98700000000001,-3.4312554529128603,-12.98,-0.32,466.40000000000003,7.131931615576415,-1.1813814552308313,20.27153205871582
590.224,17,-35.3580573,149.1681645,99.94500000000001,-3.449359082751391,-12.97,-0.34,466.50000000000006,7.131931615576415,-1.1813814552308313,20.27153205871582
590.3240000000001,17,-35.3580688,149.16816409999998,99.857,-3.5124166698294177,-12.97,-0.35000000000000003,466.6000000000001,7.131931615576415,-1.1813814552308313,20.27153205871582
590.424,17,-35.3580804,149.16816369999998,99.8,-3.643214792435162,-13.01,-0.28,466.7,7.141072789186179,-1.1883205345719092,19.645645141601562
590.524,17,-35.358092,149.1681635,99.809,-3.8544260127999355,-13.040000000000001,-0.21,466.8,7.141072789186179,-1.1883205345719092,19.645645141601562
590.624,17,-35.3581037,149.16816319999998,99.784,-4.105117434114676,-13.06,-0.18,466.90000000000003,7.141072789186179,-1.1883205345719092,19.645645141601562
590.724,17,-35.3581153,149.168163,99.72500000000001,-4.2818246732266605,-13.07,-0.11,467.00000000000006,7.141072789186179,-1.1883205345719092,19.645645141601562
590.8240000000001,17,-35.358126899999995,149.1681629,99.70100000000001,-4.3702751960915025,-13.040000000000001,0.01,467.1000000000001,7.141072789186179,-1.1883205345719092,19.645645141601562
590.924,17,-35.3581386,149.168163,99.754,-4.371407299946432,-12.99,0.11,467.2,7.144264754013065,-1.1965628703905613,19.805789947509766
591.024,17,-35.358150099999996,149.16816319999998,99.82000000000001,-4.272237648952902,-12.93,0.21,467.3,7.144264754013065,-1.1965628703905613,19.805789947509766
591.125,17,-35.3581617,149.1681634,99.917,-3.938843308959885,-12.88,0.28,467.401,7.144264754013065,-1.1965628703905613,19.805789947509766
591.225,17,-35.3581733,149.1681638,100.007,-3.3723557434920783,-12.86,0.3,467.50100000000003,7.144264754013065,-1.1965628703905613,19.805789947509766
591.325,17,-35.3581849,149.168164,100.008,-2.591302054116553,-12.84,0.3,467.60100000000006,7.144264754013065,-1.1965628703905613,19.805789947509766
591.4250000000001,17,-35.3581964,149.1681643,99.996,-1.744239175446202,-12.81,0.31,467.7010000000001,7.152566993785697,-1.2053569174274237,20.499338150024414
591.524,17,-35.358208,149.16816459999998,99.97500000000001,-0.9318445227338379,-12.77,0.31,467.8,7.152566993785697,-1.2053569174274237,20.499338150024414
591.624,17,-35.3582196,149.1681649,99.955,-0.2476369927344219,-12.74,0.28,467.90000000000003,7.152566993785697,-1.2053569174274237,20.499338150024414
591.724,17,-35.3582311,149.1681652,99.904,0.2786514143319953,-12.69,0.26,468.00000000000006,7.152566993785697,-1.2053569174274237,20.499338150024414
591.8240000000001,17,-35.3582426,149.1681654,99.851,0.6046297430315379,-12.700000000000001,0.25,468.1000000000001,7.152566993785697,-1.2053569174274237,20.499338150024414
591.924,17,-35.358254099999996,149.1681657,99.813,0.6815449835227275,-12.66,0.28,468.2,7.167703364980834,-1.2132224313043347,20.2653751373291
592.024,17,-35.358265599999996,149.1681659,99.73400000000001,0.6619490107114022,-12.620000000000001,0.29,468.3,7.167703364980834,-1.2132224313043347,20.2653751373291
592.124,17,-35.3582769,149.1681662,99.729,0.611578446655821,-12.59,0.29,468.40000000000003,7.167703364980834,-1.2132224313043347,20.2653751373291
592.224,17,-35.3582882,149.16816649999998,99.775,0.5868741326755609,-12.55,0.31,468.50000000000006,7.167703364980834,-1.2132224313043347,20.2653751373291
592.3240000000001,17,-35.3582994,149.1681668,99.785,0.5720645750076807,-12.51,0.31,468.6000000000001,7.167703364980834,-1.2132224313043347,20.2653751373291
592.424,17,-35.3583105,149.1681671,99.8,0.634965814786738,-12.47,0.29,468.7,7.184118090142833,-1.222234565229859,20.119277954101562
592.524,17,-35.3583217,149.1681673,99.849,0.8075653888040477,-12.450000000000001,0.28,468.8,7.184118090142833,-1.222234565229859,20.119277954101562
592.624,17,-35.3583328,149.1681676,99.872,1.0370413887830818,-12.43,0.27,468.90000000000003,7.184118090142833,-1.222234565229859,20.119277954101562
592.724,17,-35.3583438,149.1681678,99.891,1.2021473381463885,-12.41,0.25,469.00000000000006,7.184118090142833,-1.222234565229859,20.119277954101562
592.8240000000001,17,-35.3583549,149.1681681,99.897,1.313879094405748,-12.39,0.21,469.1000000000001,7.184118090142833,-1.222234565229859,20.119277954101562
592.924,17,-35.358366,149.1681682,99.905,1.4182689309158725,-12.370000000000001,0.19,469.2,7.199732423864132,-1.230068545724964,19.8004150390625
593.024,17,-35.358377,149.16816839999998,99.915,1.4884343970423555,-12.38,0.16,469.3,7.199732423864132,-1.230068545724964,19.8004150390625
593.124,17,-35.3583881,149.1681685,99.953,1.4909995599625185,-12.36,0.15,469.40000000000003,7.199732423864132,-1.230068545724964,19.8004150390625
593.225,17,-35.3583992,149.1681686,99.95700000000001,1.3703509917417074,-12.35,0.12,469.50100000000003,7.199732423864132,-1.230068545724964,19.8004150390625
593.325,17,-35.358410299999996,149.1681687,99.94800000000001,1.2223476226167012,-12.33,0.1,469.60100000000006,7.199732423864132,-1.230068545724964,19.8004150390625
593.4250000000001,17,-35.3584215,149.1681687,99.95100000000001,1.1060757115499873,-12.33,0.05,469.7010000000001,7.21179463976091,-1.2371823452522428,19.62268829345703
593.524,17,-35.3584326,149.1681687,99.974,1.0166127198623969,-12.33,0.04,469.8,7.21179463976091,-1.2371823452522428,19.62268829345703
593.624,17,-35.358443799999996,149.1681687,100.017,0.8909722972145113,-12.35,0.02,469.90000000000003,7.21179463976091,-1.2371823452522428,19.62268829345703
593.724,17,-35.358455,149.1681687,100.059,0.6845246001872927,-12.370000000000001,0.05,470.00000000000006,7.21179463976091,-1.2371823452522428,19.62268829345703
593.8240000000001,17,-35.358466199999995,149.1681687,100.096,0.4046186722038364,-12.38,0.08,470.1000000000001,7.21179463976091,-1.2371823452522428,19.62268829345703
593.924,17,-35.3584774,149.16816889999998,100.122,-0.05190595923149909,-12.39,0.21,470.2,7.223667546219809,-1.2445213063990164,19.874526977539062
594.024,17,-35.3584886,149.1681691,100.089,-0.39261274710768784,-12.38,0.31,470.3,7.223667546219809,-1.2445213063990164,19.874526977539062
594.124,17,-35.3584998,149.1681695,100.048,-0.5116574748535888,-12.370000000000001,0.41000000000000003,470.40000000000003,7.223667546219809,-1.2445213063990164,19.874526977539062
594.224,17,-35.3585108,149.16816989999998,100.003,-0.31010299471687597,-12.35,0.46,470.50000000000006,7.223667546219809,-1.2445213063990164,19.874526977539062
594.3240000000001,17,-35.3585219,149.16817039999998,99.95400000000001,0.22112458627459927,-12.33,0.49,470.6000000000001,7.223667546219809,-1.2445213063990164,19.874526977539062
594.424,17,-35.3585329,149.1681709,99.964,0.9419827646179583,-12.34,0.5,470.7,7.237637070328621,-1.2504988197293128,19.788185119628906
594.524,17,-35.3585439,149.1681715,99.965,1.7962372988758033,-12.370000000000001,0.47000000000000003,470.8,7.237637070328621,-1.2504988197293128,19.788185119628906
594.624,17,-35.3585549,149.1681719,99.935,2.6677613261197908,-12.42,0.41000000000000003,470.90000000000003,7.237637070328621,-1.2504988197293128,19.788185119628906
594.724,17,-35.358565999999996,149.16817229999998,99.914,3.4263221353414073,-12.46,0.37,471.00000000000006,7.237637070328621,-1.2504988197293128,19.788185119628906
594.8240000000001,17,-35.3585772,149.16817269999999,99.85000000000001,3.9698946295872326,-12.5,0.34,471.1000000000001,7.237637070328621,-1.2504988197293128,19.788185119628906
594.924,17,-35.3585883,149.168173,99.762,4.234548665112771,-12.52,0.31,471.2,7.244897287226669,-1.2509425267139467,19.55164909362793
595.024,17,-35.3585995,149.1681733,99.723,4.233427660315242,-12.540000000000001,0.24,471.3,7.244897287226669,-1.2509425267139467,19.55164909362793
595.124,17,-35.3586107,149.1681735,99.71000000000001,4.069089893790151,-12.56,0.23,471.40000000000003,7.244897287226669,-1.2509425267139467,19.55164909362793
595.224,17,-35.358622,149.16817369999998,99.742,3.827972690144476,-12.59,0.19,471.50000000000006,7.244897287226669,-1.2509425267139467,19.55164909362793
595.325,17,-35.358633399999995,149.1681739,99.79,3.5869365949951955,-12.63,0.15,471.60100000000006,7.244897287226669,-1.2509425267139467,19.55164909362793
595.4250000000001,17,-35.3586447,149.168174,99.807,3.3963730364913705,-12.65,0.14,471.7010000000001,7.253156045117627,-1.250713559512752,19.88517189025879
595.525,17,-35.3586561,149.16817419999998,99.758,3.25612620094256,-12.66,0.1,471.801,7.253156045117627,-1.250713559512752,19.88517189025879
595.624,17,-35.358667499999996,149.16817419999998,99.732,3.1525547064723676,-12.66,0.04,471.90000000000003,7.253156045117627,-1.250713559512752,19.88517189025879
595.724,17,-35.358678999999995,149.16817419999998,99.745,2.9796621280118347,-12.66,0.0,472.00000000000006,7.253156045117627,-1.250713559512752,19.88517189025879
595.8240000000001,17,-35.3586904,149.16817419999998,99.754,2.736070688339323,-12.67,0.0,472.1000000000001,7.253156045117627,-1.250713559512752,19.88517189025879
595.924,17,-35.3587019,149.16817419999998,99.72,2.3878595336024335,-12.68,0.02,472.2,7.2649975122393595,-1.2498229774403922,20.05963706970215
596.024,17,-35.3587134,149.16817419999998,99.742,1.9911122008497875,-12.68,0.06,472.3,7.2649975122393595,-1.2498229774403922,20.05963706970215
596.124,17,-35.3587248,149.1681744,99.721,1.6743135129926097,-12.68,0.14,472.40000000000003,7.2649975122393595,-1.2498229774403922,20.05963706970215
596.224,17,-35.358736199999996,149.1681745,99.674,1.5044277118707636,-12.67,0.12,472.50000000000006,7.2649975122393595,-1.2498229774403922,20.05963706970215
596.3240000000001,17,-35.3587475,149.1681746,99.697,1.5288805361513496,-12.64,0.13,472.6000000000001,7.2649975122393595,-1.2498229774403922,20.05963706970215
596.424,17,-35.3587588,149.1681748,99.682,1.7008886051143657,-12.61,0.12,472.7,7.278958031004591,-1.2478341718246426,20.330488204956055
596.524,17,-35.35877,149.1681749,99.68,1.947447228372719,-12.58,0.11,472.8,7.278958031004591,-1.2478341718246426,20.330488204956055
596.624,17,-35.358781199999996,149.168175,99.668,2.1826029575334416,-12.55,0.07,472.90000000000003,7.278958031004591,-1.2478341718246426,20.330488204956055
596.724,17,-35.3587924,149.16817509999998,99.726,2.3576890939346065,-12.55,0.04,473.00000000000006,7.278958031004591,-1.2478341718246426,20.330488204956055
596.8240000000001,17,-35.3588036,149.16817509999998,99.762,2.469563323671184,-12.540000000000001,0.03,473.1000000000001,7.278958031004591,-1.2478341718246426,20.330488204956055
596.924,17,-35.3588148,149.16817509999998,99.71900000000001,2.6120282631529563,-12.5,0.0,473.2,7.296925213071179,-1.2442039798469158,20.420875549316406
597.024,17,-35.3588259,149.16817509999998,99.64,2.706672273491119,-12.43,-0.08,473.3,7.296925213071179,-1.2442039798469158,20.420875549316406
597.124,17,-35.358837,149.1681749,99.631,2.687295026815793,-12.34,-0.17,473.40000000000003,7.296925213071179,-1.2442039798469158,20.420875549316406
597.224,17,-35.3588479,149.16817469999998,99.649,2.5090488607064394,-12.25,-0.21,473.50000000000006,7.296925213071179,-1.2442039798469158,20.420875549316406
597.325,17,-35.3588588,149.1681745,99.675,2.173178790582705,-12.17,-0.26,473.60100000000006,7.296925213071179,-1.2442039798469158,20.420875549316406
597.4250000000001,17,-35.3588698,149.1681741,99.709,1.6775251960063966,-12.13,-0.26,473.7010000000001,7.3184511457484644,-1.2406891721495008,20.596418380737305
597.525,17,-35.3588807,149.1681738,99.69,1.1555381272502214,-12.09,-0.29,473.801,7.3184511457484644,-1.2406891721495008,20.596418380737305
597.625,17,-35.3588916,149.1681735,99.709,0.6115643060298049,-12.040000000000001,-0.29,473.901,7.3184511457484644,-1.2406891721495008,20.596418380737305
597.724,17,-35.3589025,149.1681731,99.73,0.12515381169016168,-12.01,-0.28,474.00000000000006,7.3184511457484644,-1.2406891721495008,20.596418380737305
597.8240000000001,17,-35.3589133,149.16817279999998,99.69,-0.2634658494142207,-11.97,-0.28,474.1000000000001,7.3184511457484644,-1.2406891721495008,20.596418380737305
597.924,17,-35.3589242,149.1681725,99.642,-0.6047028473999981,-11.94,-0.27,474.2,7.34455896409107,-1.2387596019228642,20.651554107666016
598.024,17,-35.3589349,149.1681722,99.678,-0.8706689729372666,-11.89,-0.23,474.3,7.34455896409107,-1.2387596019228642,20.651554107666016
598.124,17,-35.3589457,149.1681719,99.721,-1.0381713582038958,-11.84,-0.2,474.40000000000003,7.34455896409107,-1.2387596019228642,20.651554107666016
598.224,17,-35.358956299999996,149.1681717,99.757,-1.1207913541167798,-11.76,-0.18,474.50000000000006,7.34455896409107,-1.2387596019228642,20.651554107666016
598.3240000000001,17,-35.3589669,149.1681715,99.85300000000001,-1.0933524565084287,-11.69,-0.18,474.6000000000001,7.34455896409107,-1.2387596019228642,20.651554107666016
598.424,17,-35.3589773,149.16817129999998,99.955,-1.073020797618299,-11.59,-0.15,474.7,7.37732110967847,-1.2369457744408672,20.781509399414062
598.524,17,-35.3589876,149.1681711,99.991,-1.043636470035258,-11.47,-0.15,474.8,7.37732110967847,-1.2369457744408672,20.781509399414062
598.624,17,-35.3589978,149.1681709,100.07000000000001,-1.0519300272349459,-11.34,-0.13,474.90000000000003,7.37732110967847,-1.2369457744408672,20.781509399414062
598.724,17,-35.3590078,149.16817079999998,100.153,-1.1097864252600085,-11.24,-0.1,475.00000000000006,7.37732110967847,-1.2369457744408672,20.781509399414062
598.8240000000001,17,-35.359017699999995,149.1681707,100.20400000000001,-1.0576499904997143,-11.13,-0.09,475.1000000000001,7.37732110967847,-1.2369457744408672,20.781509399414062
598.924,17,-35.3590276,149.1681705,100.258,-0.9190139056562632,-11.02,-0.1,475.2,7.411884227235515,-1.234835772238831,20.550687789916992
599.024,17,-35.3590374,149.16817039999998,100.282,-0.7261398222222697,-10.91,-0.15,475.3,7.411884227235515,-1.234835772238831,20.550687789916992
599.124,17,-35.359047,149.1681702,100.238,-0.5388428550498561,-10.8,-0.17,475.40000000000003,7.411884227235515,-1.234835772238831,20.550687789916992
599.224,17,-35.359056599999995,149.16816989999998,100.151,-0.43763457935206157,-10.68,-0.18,475.50000000000006,7.411884227235515,-1.234835772238831,20.550687789916992
599.3240000000001,17,-35.3590661,149.1681697,100.107,-0.4319843053611685,-10.58,-0.19,475.6000000000001,7.411884227235515,-1.234835772238831,20.550687789916992
599.4250000000001,17,-35.3590754,149.1681695,100.043,-0.5314182259786406,-10.47,-0.19,475.7010000000001,7.457818891729209,-1.2339066635303872,20.916940689086914
599.525,17,-35.3590849,149.1681692,99.996,-0.7110274417142346,-10.36,-0.18,475.801,7.457818891729209,-1.2339066635303872,20.916940689086914
599.625,17,-35.3590941,149.168169,99.94800000000001,-0.9231183157389119,-10.24,-0.18,475.901,7.457818891729209,-1.2339066635303872,20.916940689086914
599.725,17,-35.3591033,149.1681688,99.898,-1.1512498356685112,-10.11,-0.16,476.00100000000003,7.457818891729209,-1.2339066635303872,20.916940689086914
599.8240000000001,17,-35.3591124,149.1681686,99.866,-1.3453685076353281,-9.98,-0.11,476.1000000000001,7.457818891729209,-1.2339066635303872,20.916940689086914
599.924,17,-35.3591214,149.1681685,99.895,-1.5945820467684064,-9.870000000000001,0.01,476.2,7.515524459093478,-1.2348645092834294,20.9294376373291
600.024,17,-35.359130199999996,149.1681686,99.937,-1.8392286439459793,-9.790000000000001,0.11,476.3,7.515524459093478,-1.2348645092834294,20.9294376373291
600.124,17,-35.359139,149.1681688,99.94,-1.9699847181996455,-9.71,0.19,476.40000000000003,7.515524459093478,-1.2348645092834294,20.9294376373291
600.224,17,-35.359147799999995,149.168169,99.934,-1.7908147690050478,-9.64,0.25,476.50000000000006,7.515524459093478,-1.2348645092834294,20.9294376373291
600.3240000000001,17,-35.359156399999996,149.1681693,99.94200000000001,-1.3401134241209436,-9.58,0.27,476.6000000000001,7.515524459093478,-1.2348645092834294,20.9294376373291
600.424,17,-35.359165,149.1681695,99.95100000000001,-0.6552295986719906,-9.53,0.29,476.7,7.573691607430876,-1.2347356739195061,19.68630027770996
600.524,17,-35.359173399999996,149.16816989999998,99.964,0.1160348954983864,-9.49,0.29,476.8,7.573691607430876,-1.2347356739195061,19.68630027770996
600.624,17,-35.359181899999996,149.1681702,100.0,0.8873989343398311,-9.46,0.28,476.90000000000003,7.573691607430876,-1.2347356739195061,19.68630027770996
600.724,17,-35.3591903,149.1681705,100.027,1.5540541588327836,-9.43,0.26,477.00000000000006,7.573691607430876,-1.2347356739195061,19.68630027770996
600.8240000000001,17,-35.3591987,149.1681707,100.03,2.014917117654574,-9.41,0.23,477.1000000000001,7.573691607430876,-1.2347356739195061,19.68630027770996
600.924,17,-35.3592071,149.1681709,100.03,2.311812207383512,-9.38,0.18,477.2,7.62187429175209,-1.231059927795136,19.46126365661621
601.024,17,-35.3592155,149.1681711,100.028,2.4385365490361663,-9.35,0.15,477.3,7.62187429175209,-1.231059927795136,19.46126365661621
601.124,17,-35.359223799999995,149.1681712,100.016,2.4694937411190145,-9.34,0.11,477.40000000000003,7.62187429175209,-1.231059927795136,19.46126365661621
601.224,17,-35.3592321,149.16817129999998,100.005,2.42709662250663,-9.34,0.09,477.50000000000006,7.62187429175209,-1.231059927795136,19.46126365661621
601.3240000000001,17,-35.3592405,149.1681714,99.989,2.332142052004643,-9.36,0.04,477.6000000000001,7.62187429175209,-1.231059927795136,19.46126365661621
601.424,17,-35.3592489,149.1681714,99.925,2.2069303838097345,-9.4,0.02,477.7,7.6685709179672825,-1.2269181700075387,19.36897850036621
601.525,17,-35.359257299999996,149.1681714,99.867,1.9508068276707191,-9.450000000000001,0.0,477.801,7.6685709179672825,-1.2269181700075387,19.36897850036621
601.625,17,-35.3592659,149.1681714,99.758,1.6325752941917198,-9.48,0.01,477.901,7.6685709179672825,-1.2269181700075387,19.36897850036621
601.725,17,-35.3592745,149.16817129999998,99.613,1.376678308234078,-9.52,-0.01,478.00100000000003,7.6685709179672825,-1.2269181700075387,19.36897850036621
601.825,17,-35.3592831,149.16817129999998,99.516,1.1546905434629051,-9.56,-0.06,478.10100000000006,7.6685709179672825,-1.2269181700075387,19.36897850036621
601.924,17,-35.3592918,149.1681712,99.425,1.1010079246292495,-9.64,-0.16,478.2,7.71390384348268,-1.2245906883208075,19.349632263183594
602.024,17,-35.3593006,149.1681709,99.381,1.1146246537916105,-9.73,-0.27,478.3,7.71390384348268,-1.2245906883208075,19.349632263183594
602.124,17,-35.3593095,149.1681705,99.348,1.0235128117496963,-9.86,-0.36,478.40000000000003,7.71390384348268,-1.2245906883208075,19.349632263183594
602.224,17,-35.3593185,149.1681701,99.334,0.709270802437072,-10.02,-0.41000000000000003,478.50000000000006,7.71390384348268,-1.2245906883208075,19.349632263183594
602.3240000000001,17,-35.3593277,149.1681696,99.33800000000001,0.1410065873722687,-10.18,-0.42,478.6000000000001,7.71390384348268,-1.2245906883208075,19.349632263183594
602.424,17,-35.359337,149.1681691,99.309,-0.5929293088181887,-10.34,-0.41000000000000003,478.7,7.747734285429028,-1.219452351775521,18.46750259399414
602.524,17,-35.3593464,149.1681686,99.266,-1.3465758502928336,-10.48,-0.39,478.8,7.747734285429028,-1.219452351775521,18.46750259399414
602.624,17,-35.3593559,149.1681681,99.301,-2.058441430923423,-10.64,-0.34,478.90000000000003,7.747734285429028,-1.219452351775521,18.46750259399414
602.724,17,-35.359365499999996,149.1681678,99.361,-2.648622282291769,-10.8,-0.31,479.00000000000006,7.747734285429028,-1.219452351775521,18.46750259399414
602.8240000000001,17,-35.359375299999996,149.1681674,99.41,-3.140335498047215,-10.94,-0.27,479.1000000000001,7.747734285429028,-1.219452351775521,18.46750259399414
602.924,17,-35.3593851,149.1681671,99.509,-3.352377653613203,-11.08,-0.28,479.2,7.762246892675583,-1.2156129404038636,18.379619598388672
603.024,17,-35.3593951,149.1681667,99.607,-3.329098661374507,-11.23,-0.31,479.3,7.762246892675583,-1.2156129404038636,18.379619598388672
603.124,17,-35.3594052,149.1681663,99.697,-3.159894171622369,-11.370000000000001,-0.33,479.40000000000003,7.762246892675583,-1.2156129404038636,18.379619598388672
603.224,17,-35.3594155,149.1681659,99.774,-3.028536613834919,-11.540000000000001,-0.34,479.50000000000006,7.762246892675583,-1.2156129404038636,18.379619598388672
603.3240000000001,17,-35.3594259,149.1681655,99.812,-2.9852844409158132,-11.69,-0.33,479.6000000000001,7.762246892675583,-1.2156129404038636,18.379619598388672
603.424,17,-35.3594364,149.16816509999998,99.813,-3.1123562684424924,-11.84,-0.31,479.7,7.7646325773563,-1.2113515624409812,18.608552932739258
603.524,17,-35.3594471,149.1681647,99.825,-3.3355600203293387,-11.98,-0.26,479.8,7.7646325773563,-1.2113515624409812,18.608552932739258
603.625,17,-35.359457899999995,149.1681644,99.848,-3.577516270025867,-12.14,-0.22,479.901,7.7646325773563,-1.2113515624409812,18.608552932739258
603.725,17,-35.359469,149.16816409999998,99.872,-3.790813899738668,-12.31,-0.15,480.00100000000003,7.7646325773563,-1.2113515624409812,18.608552932739258
603.825,17,-35.3594802,149.1681639,99.848,-3.89551472329944,-12.46,-0.17,480.10100000000006,7.7646325773563,-1.2113515624409812,18.608552932739258
603.9250000000001,17,-35.3594916,149.16816369999998,99.786,-3.8642623389784,-12.64,-0.1,480.2010000000001,7.759125164681745,-1.2095038900122617,18.856611251831055
604.024,17,-35.3595031,149.1681635,99.775,-3.750853451112685,-12.8,-0.06,480.3,7.759125164681745,-1.2095038900122617,18.856611251831055
604.124,17,-35.3595148,149.1681634,99.799,-3.5954167017365894,-12.96,-0.01,480.40000000000003,7.759125164681745,-1.2095038900122617,18.856611251831055
604.224,17,-35.359526599999995,149.1681634,99.81700000000001,-3.4091757992037364,-13.1,0.01,480.50000000000006,7.759125164681745,-1.2095038900122617,18.856611251831055
604.3240000000001,17,-35.3595386,149.1681634,99.827,-3.2010225825964245,-13.23,0.05,480.6000000000001,7.759125164681745,-1.2095038900122617,18.856611251831055
604.424,17,-35.3595506,149.1681634,99.842,-2.931625834465958,-13.34,0.1,480.7,7.746212012033658,-1.208177725242267,19.1400203704834
604.524,17,-35.3595626,149.1681635,99.912,-2.6078895954027517,-13.43,0.16,480.8,7.746212012033658,-1.208177725242267,19.1400203704834
604.624,17,-35.359574699999996,149.16816369999998,99.98400000000001,-2.343816766286899,-13.530000000000001,0.19,480.90000000000003,7.746212012033658,-1.208177725242267,19.1400203704834
604.724,17,-35.359586799999995,149.1681638,100.027,-2.0830258430672375,-13.64,0.2,481.00000000000006,7.746212012033658,-1.208177725242267,19.1400203704834
604.8240000000001,17,-35.359598999999996,149.168164,100.024,-1.7766833210557031,-13.72,0.28,481.1000000000001,7.746212012033658,-1.208177725242267,19.1400203704834
604.924,17,-35.3596113,149.1681643,100.058,-1.5930465348656229,-13.790000000000001,0.43,481.2,7.729143433797215,-1.2070653091051917,19.297164916992188
605.024,17,-35.3596236,149.1681648,100.077,-1.4582833807249804,-13.89,0.58,481.3,7.729143433797215,-1.2070653091051917,19.297164916992188
605.124,17,-35.359636,149.1681655,100.074,-1.1920840148997267,-13.98,0.68,481.40000000000003,7.729143433797215,-1.2070653091051917,19.297164916992188
605.224,17,-35.3596485,149.1681663,100.018,-0.66138023738044,-14.08,0.76,481.50000000000006,7.729143433797215,-1.2070653091051917,19.297164916992188
605.3240000000001,17,-35.3596611,149.1681671,99.982,0.2455116566442108,-14.17,0.78,481.6000000000001,7.729143433797215,-1.2070653091051917,19.297164916992188
605.424,17,-35.3596737,149.1681679,99.983,1.3762394685799046,-14.280000000000001,0.76,481.7,7.706924192998182,-1.2036878277316978,19.391366958618164
605.524,17,-35.359686499999995,149.1681687,99.98700000000001,2.5370413238026788,-14.39,0.73,481.8,7.706924192998182,-1.2036878277316978,19.391366958618164
605.624,17,-35.3596994,149.16816939999998,99.961,3.5734493192619476,-14.49,0.68,481.90000000000003,7.706924192998182,-1.2036878277316978,19.391366958618164
605.725,17,-35.3597125,149.1681701,99.955,4.509661000918069,-14.61,0.56,482.00100000000003,7.706924192998182,-1.2036878277316978,19.391366958618164
605.825,17,-35.3597256,149.1681706,99.98700000000001,5.099659144726116,-14.700000000000001,0.48,482.10100000000006,7.706924192998182,-1.2036878277316978,19.391366958618164
605.9250000000001,17,-35.359738899999996,149.1681711,100.033,5.349359761724381,-14.790000000000001,0.47000000000000003,482.2010000000001,7.676239094946564,-1.1936416154866782,19.497386932373047
606.024,17,-35.359752199999996,149.1681715,100.09400000000001,5.309205933367522,-14.870000000000001,0.39,482.3,7.676239094946564,-1.1936416154866782,19.497386932373047
606.124,17,-35.3597657,149.1681719,100.148,5.087170997602395,-14.96,0.44,482.40000000000003,7.676239094946564,-1.1936416154866782,19.497386932373047
606.224,17,-35.3597793,149.1681724,100.168,4.858036080195038,-14.98,0.35000000000000003,482.50000000000006,7.676239094946564,-1.1936416154866782,19.497386932373047
606.3240000000001,17,-35.3597928,149.16817269999999,100.259,4.628437136810944,-15.0,0.28,482.6000000000001,7.676239094946564,-1.1936416154866782,19.497386932373047
606.424,17,-35.3598064,149.1681729,100.36500000000001,4.404577686763776,-15.030000000000001,0.27,482.7,7.643782996567208,-1.1835018918191686,20.231897354125977
606.524,17,-35.35982,149.16817319999998,100.416,4.141829700903494,-15.07,0.27,482.8,7.643782996567208,-1.1835018918191686,20.231897354125977
606.624,17,-35.3598336,149.1681735,100.426,3.8769784436656716,-15.1,0.27,482.90000000000003,7.643782996567208,-1.1835018918191686,20.231897354125977
606.724,17,-35.359847099999996,149.1681738,100.428,3.668547964066739,-15.120000000000001,0.2,483.00000000000006,7.643782996567208,-1.1835018918191686,20.231897354125977
606.8240000000001,17,-35.3598606,149.168174,100.44800000000001,3.4952686261444543,-15.120000000000001,0.17,483.1000000000001,7.643782996567208,-1.1835018918191686,20.231897354125977
606.924,17,-35.3598741,149.1681741,100.45,3.466949594628524,-15.14,0.09,483.2,7.619156388542473,-1.173346339304103,20.89230728149414
607.024,17,-35.3598876,149.16817419999998,100.464,3.477851216874099,-15.15,0.01,483.3,7.619156388542473,-1.173346339304103,20.89230728149414
607.124,17,-35.3599011,149.1681741,100.436,3.3971757971622587,-15.14,-0.06,483.40000000000003,7.619156388542473,-1.173346339304103,20.89230728149414
607.224,17,-35.359914499999995,149.168174,100.428,3.255067948508031,-15.11,-0.16,483.50000000000006,7.619156388542473,-1.173346339304103,20.89230728149414
607.3240000000001,17,-35.359927899999995,149.16817369999998,100.446,2.9631200501722987,-15.09,-0.24,483.6000000000001,7.619156388542473,-1.173346339304103,20.89230728149414
607.424,17,-35.3599414,149.1681733,100.464,2.5251388654002853,-15.06,-0.31,483.7,7.5954963437663965,-1.1632965360161176,19.912389755249023
607.524,17,-35.359954699999996,149.168173,100.511,1.8718316981753889,-15.05,-0.33,483.8,7.5954963437663965,-1.1632965360161176,19.912389755249023
607.624,17,-35.359968099999996,149.16817269999999,100.527,1.096167454941826,-15.07,-0.33,483.90000000000003,7.5954963437663965,-1.1632965360161176,19.912389755249023
607.724,17,-35.359981499999996,149.16817229999998,100.486,0.26562568329582564,-15.1,-0.32,484.00000000000006,7.5954963437663965,-1.1632965360161176,19.912389755249023
607.825,17,-35.3599951,149.1681719,100.501,-0.497754037828646,-15.14,-0.3,484.10100000000006,7.5954963437663965,-1.1632965360161176,19.912389755249023
607.9250000000001,17,-35.360008799999996,149.1681715,100.474,-1.1043629348939008,-15.200000000000001,-0.31,484.2010000000001,7.560894985916993,-1.1551698397163355,19.747882843017578
608.025,17,-35.3600224,149.1681711,100.391,-1.3651044459637856,-15.22,-0.37,484.301,7.560894985916993,-1.1551698397163355,19.747882843017578
608.124,17,-35.360036199999996,149.1681706,100.31400000000001,-1.3566313828549732,-15.27,-0.48,484.40000000000003,7.560894985916993,-1.1551698397163355,19.747882843017578
608.224,17,-35.36005,149.16817,100.263,-1.3094185539909065,-15.280000000000001,-0.55,484.50000000000006,7.560894985916993,-1.1551698397163355,19.747882843017578
608.3240000000001,17,-35.3600638,149.16816939999998,100.194,-1.4662781171484804,-15.27,-0.6,484.6000000000001,7.560894985916993,-1.1551698397163355,19.747882843017578
608.424,17,-35.360077499999996,149.1681687,100.11,-1.8529737593203952,-15.22,-0.61,484.7,7.531047376238311,-1.148850764365319,20.927549362182617
608.524,17,-35.3600913,149.16816799999998,100.061,-2.4936572428552273,-15.15,-0.58,484.8,7.531047376238311,-1.148850764365319,20.927549362182617
608.624,17,-35.360104899999996,149.1681673,100.092,-3.220955209028637,-15.08,-0.52,484.90000000000003,7.531047376238311,-1.148850764365319,20.927549362182617
608.724,17,-35.3601184,149.1681668,100.143,-3.982888637596359,-15.01,-0.47000000000000003,485.00000000000006,7.531047376238311,-1.148850764365319,20.927549362182617
608.8240000000001,17,-35.3601318,149.1681663,100.197,-4.605622597435809,-14.950000000000001,-0.39,485.1000000000001,7.531047376238311,-1.148850764365319,20.927549362182617
608.924,17,-35.360144999999996,149.1681659,100.233,-5.091991403609131,-14.85,-0.3,485.2,7.518699269551175,-1.1471391901124697,21.16569709777832
609.024,17,-35.3601582,149.16816559999998,100.199,-5.417885342119827,-14.75,-0.17,485.3,7.518699269551175,-1.1471391901124697,21.16569709777832
609.124,17,-35.3601713,149.1681655,100.19,-5.514188021209245,-14.65,0.0,485.40000000000003,7.518699269551175,-1.1471391901124697,21.16569709777832
609.224,17,-35.3601843,149.16816559999998,100.165,-5.244154784825498,-14.530000000000001,0.09,485.50000000000006,7.518699269551175,-1.1471391901124697,21.16569709777832
609.3240000000001,17,-35.3601971,149.1681657,100.136,-4.720719395800163,-14.41,0.16,485.6000000000001,7.518699269551175,-1.1471391901124697,21.16569709777832
609.424,17,-35.3602099,149.16816599999999,100.126,-3.9394243019261594,-14.3,0.25,485.7,7.512329967970691,-1.1455696333912064,21.066591262817383
609.524,17,-35.3602226,149.1681663,100.177,-2.9666397320289706,-14.21,0.3,485.8,7.512329967970691,-1.1455696333912064,21.066591262817383
609.624,17,-35.3602352,149.1681666,100.186,-1.9689988230816364,-14.13,0.29,485.90000000000003,7.512329967970691,-1.1455696333912064,21.066591262817383
609.724,17,-35.360247699999995,149.1681668,100.152,-1.0343271356399422,-14.05,0.3,486.00000000000006,7.512329967970691,-1.1455696333912064,21.066591262817383
609.825,17,-35.3602602,149.1681671,100.138,-0.17859458579830337,-13.98,0.3,486.10100000000006,7.512329967970691,-1.1455696333912064,21.066591262817383
609.9250000000001,17,-35.3602729,149.1681674,100.122,0.5231809111178994,-13.92,0.28,486.2010000000001,7.5087711775321075,-1.141867800166659,20.747241973876953
610.025,17,-35.360285399999995,149.1681677,100.10900000000001,1.2187308240077679,-13.870000000000001,0.27,486.301,7.5087711775321075,-1.141867800166659,20.747241973876953
610.125,17,-35.3602979,149.16816799999998,100.061,2.0738716820321277,-13.82,0.23,486.401,7.5087711775321075,-1.141867800166659,20.747241973876953
610.224,17,-35.3603103,149.1681682,100.024,3.221023084033514,-13.77,0.18,486.50000000000006,7.5087711775321075,-1.141867800166659,20.747241973876953
610.3240000000001,17,-35.3603228,149.1681683,99.97800000000001,4.7144356217637515,-13.72,0.08,486.6000000000001,7.5087711775321075,-1.141867800166659,20.747241973876953
610.424,17,-35.3603352,149.1681683,99.95700000000001,6.503655755041013,-13.700000000000001,-0.02,486.7,7.504248523354336,-1.137847362683794,20.394451141357422
610.524,17,-35.3603476,149.1681682,99.958,8.454191296135635,-13.69,-0.1,486.8,7.504248523354336,-1.137847362683794,20.394451141357422
610.624,17,-35.36036,149.1681679,99.919,10.488388116826451,-13.69,-0.25,486.90000000000003,7.504248523354336,-1.137847362683794,20.394451141357422
610.724,17,-35.3603723,149.1681676,99.896,12.424631487082822,-13.71,-0.42,487.00000000000006,7.504248523354336,-1.137847362683794,20.394451141357422
610.8240000000001,17,-35.360384599999996,149.16816699999998,99.82000000000001,14.22379210692339,-13.72,-0.58,487.1000000000001,7.504248523354336,-1.137847362683794,20.394451141357422
610.924,17,-35.3603968,149.1681662,99.768,15.740024093227229,-13.72,-0.88,487.2,7.496927233648465,-1.1337860817357355,20.03194236755371
611.024,17,-35.3604091,149.168165,99.74000000000001,17.00473436334535,-13.700000000000001,-1.16,487.3,7.496927233648465,-1.1337860817357355,20.03194236755371
611.124,17,-35.3604213,149.1681635,99.732,18.010563388447057,-13.69,-1.3900000000000001,487.40000000000003,7.496927233648465,-1.1337860817357355,20.03194236755371
611.224,17,-35.3604336,149.1681618,99.714,18.79755998273073,-13.66,-1.6600000000000001,487.50000000000006,7.496927233648465,-1.1337860817357355,20.03194236755371
611.3240000000001,17,-35.3604457,149.16815979999998,99.706,19.266799101352483,-13.620000000000001,-1.9000000000000001,487.6000000000001,7.496927233648465,-1.1337860817357355,20.03194236755371
611.424,17,-35.3604579,149.1681575,99.705,19.600540927219523,-13.55,-2.2600000000000002,487.7,7.492197369041749,-1.1304850437466847,20.299036026000977
611.524,17,-35.3604699,149.1681548,99.739,19.882434787096997,-13.5,-2.5500000000000003,487.8,7.492197369041749,-1.1304850437466847,20.299036026000977
611.624,17,-35.360482,149.1681519,99.772,20.35797646277538,-13.46,-2.75,487.90000000000003,7.492197369041749,-1.1304850437466847,20.299036026000977
611.724,17,-35.360493999999996,149.1681486,99.804,21.20306381595001,-13.42,-2.99,488.00000000000006,7.492197369041749,-1.1304850437466847,20.299036026000977
611.8240000000001,17,-35.360506,149.1681452,99.819,22.46634828407889,-13.35,-3.22,488.1000000000001,7.492197369041749,-1.1304850437466847,20.299036026000977
611.9250000000001,17,-35.3605179,149.1681415,99.811,24.117609695179294,-13.290000000000001,-3.47,488.2010000000001,7.496682966759882,-1.1264045878994404,21.006389617919922
612.025,17,-35.360529899999996,149.1681375,99.807,25.83260530897238,-13.22,-3.67,488.301,7.496682966759882,-1.1264045878994404,21.006389617919922
612.125,17,-35.3605418,149.1681331,99.808,27.75155037138205,-13.15,-3.94,488.401,7.496682966759882,-1.1264045878994404,21.006389617919922
612.225,17,-35.360553599999996,149.1681285,99.785,29.970391964774052,-13.05,-4.28,488.50100000000003,7.496682966759882,-1.1264045878994404,21.006389617919922
612.3240000000001,17,-35.3605654,149.16812339999998,99.744,32.40837334749674,-12.88,-4.83,488.6000000000001,7.496682966759882,-1.1264045878994404,21.006389617919922
612.424,17,-35.360577,149.1681176,99.726,34.711523380908794,-12.700000000000001,-5.42,488.7,7.502037897328525,-1.1218529519912668,20.258527755737305
612.524,17,-35.3605884,149.1681113,99.70100000000001,36.811789475214795,-12.530000000000001,-5.98,488.8,7.502037897328525,-1.1218529519912668,20.258527755737305
612.624,17,-35.3605997,149.1681042,99.68900000000001,38.53952680690454,-12.290000000000001,-6.66,488.90000000000003,7.502037897328525,-1.1218529519912668,20.258527755737305
612.724,17,-35.360610799999996,149.1680964,99.7,39.80719284138598,-12.14,-7.22,489.00000000000006,7.502037897328525,-1.1218529519912668,20.258527755737305
612.8240000000001,17,-35.360621699999996,149.1680879,99.717,40.7194294918383,-11.92,-7.890000000000001,489.1000000000001,7.502037897328525,-1.1218529519912668,20.258527755737305
612.924,17,-35.3606322,149.1680788,99.741,41.40827797529618,-11.68,-8.56,489.2,7.5019634163916225,-1.1159455887351877,20.158554077148438
613.024,17,-35.3606425,149.1680688,99.768,41.916618219368964,-11.32,-9.370000000000001,489.3,7.5019634163916225,-1.1159455887351877,20.158554077148438
613.124,17,-35.3606525,149.168058,99.815,42.06036638064105,-10.9,-10.200000000000001,489.40000000000003,7.5019634163916225,-1.1159455887351877,20.158554077148438
613.224,17,-35.3606621,149.16804639999998,99.861,42.02061126457699,-10.57,-10.8,489.50000000000006,7.5019634163916225,-1.1159455887351877,20.158554077148438
613.3240000000001,17,-35.3606712,149.1680341,99.909,41.64301791669118,-9.97,-11.66,489.6000000000001,7.5019634163916225,-1.1159455887351877,20.158554077148438
613.424,17,-35.3606799,149.1680209,100.003,40.74703028627432,-9.51,-12.290000000000001,489.7,7.506988631161064,-1.1048886293038955,20.374683380126953
613.524,17,-35.3606882,149.1680072,100.104,39.61850203537521,-9.15,-12.75,489.8,7.506988631161064,-1.1048886293038955,20.374683380126953
613.624,17,-35.3606961,149.1679929,100.212,38.046598884693886,-8.77,-13.18,489.90000000000003,7.506988631161064,-1.1048886293038955,20.374683380126953
613.724,17,-35.360703799999996,149.1679783,100.298,35.620129785817255,-8.41,-13.56,490.00000000000006,7.506988631161064,-1.1048886293038955,20.374683380126953
613.8240000000001,17,-35.360711099999996,149.1679633,100.41,31.646404273879288,-8.040000000000001,-13.91,490.1000000000001,7.506988631161064,-1.1048886293038955,20.374683380126953
613.924,17,-35.3607181,149.167948,100.521,26.141492076449744,-7.94,-13.96,490.2,7.516612465246356,-1.0868260402795968,20.686494827270508
614.025,17,-35.360725099999996,149.1679327,100.577,19.690475735568373,-7.82,-13.96,490.301,7.516612465246356,-1.0868260402795968,20.686494827270508
614.125,17,-35.3607322,149.1679172,100.60600000000001,12.749228543424863,-7.7,-13.89,490.401,7.516612465246356,-1.0868260402795968,20.686494827270508
614.225,17,-35.360739099999996,149.1679019,100.668,6.294505117371467,-7.62,-13.75,490.50100000000003,7.516612465246356,-1.0868260402795968,20.686494827270508
614.325,17,-35.360746,149.16788689999998,100.74000000000001,0.9521411769044713,-7.640000000000001,-13.540000000000001,490.60100000000006,7.516612465246356,-1.0868260402795968,20.686494827270508
614.424,17,-35.360752999999995,149.167872,100.741,-2.8522690681507537,-7.66,-13.33,490.7,7.532221611061614,-1.0531092612416688,20.737863540649414
614.524,17,-35.36076,149.1678574,100.703,-5.009945463751645,-7.73,-13.17,490.8,7.532221611061614,-1.0531092612416688,20.737863540649414
614.624,17,-35.360766999999996,149.167843,100.666,-5.833907468710249,-7.65,-13.06,490.90000000000003,7.532221611061614,-1.0531092612416688,20.737863540649414
614.724,17,-35.3607739,149.1678286,100.552,-5.694581001152097,-7.61,-12.94,491.00000000000006,7.532221611061614,-1.0531092612416688,20.737863540649414
614.8240000000001,17,-35.3607808,149.1678145,100.43,-4.9545201861842845,-7.59,-12.83,491.1000000000001,7.532221611061614,-1.0531092612416688,20.737863540649414
614.924,17,-35.360787699999996,149.1678005,100.34100000000001,-3.9973195466521263,-7.55,-12.75,491.2,7.549243673560716,-1.0052531004921204,20.459117889404297
615.024,17,-35.360794399999996,149.1677866,100.322,-3.115708183777676,-7.47,-12.68,491.3,7.549243673560716,-1.0052531004921204,20.459117889404297
615.124,17,-35.360801099999996,149.1677729,100.25,-2.563035316236455,-7.38,-12.620000000000001,491.40000000000003,7.549243673560716,-1.0052531004921204,20.459117889404297
615.224,17,-35.360807699999995,149.1677592,100.19200000000001,-2.3883363661838652,-7.3500000000000005,-12.540000000000001,491.50000000000006,7.549243673560716,-1.0052531004921204,20.459117889404297
615.3240000000001,17,-35.3608143,149.16774569999998,100.19500000000001,-2.546385662917491,-7.32,-12.44,491.6000000000001,7.549243673560716,-1.0052531004921204,20.459117889404297
615.424,17,-35.3608209,149.16773229999998,100.19,-2.9397033869331444,-7.2700000000000005,-12.370000000000001,491.7,7.569976563046128,-0.9406167948175682,20.331554412841797
615.524,17,-35.3608274,149.16771889999998,100.133,-3.4035351301663637,-7.24,-12.280000000000001,491.8,7.569976563046128,-0.9406167948175682,20.331554412841797
615.624,17,-35.360833899999996,149.1677057,100.11,-3.8099670308318534,-7.24,-12.16,491.90000000000003,7.569976563046128,-0.9406167948175682,20.331554412841797
615.724,17,-35.3608404,149.1676925,100.07900000000001,-4.162266480673819,-7.23,-12.06,492.00000000000006,7.569976563046128,-0.9406167948175682,20.331554412841797
615.8240000000001,17,-35.3608469,149.1676795,100.07600000000001,-4.33546897896794,-7.24,-11.950000000000001,492.1000000000001,7.569976563046128,-0.9406167948175682,20.331554412841797
615.924,17,-35.360853399999996,149.1676666,100.043,-4.373365002917287,-7.23,-11.870000000000001,492.2,7.594089892630847,-0.8721830006481855,20.320627212524414
616.024,17,-35.360859999999995,149.1676537,100.051,-4.292794383920524,-7.2700000000000005,-11.78,492.3,7.594089892630847,-0.8721830006481855,20.320627212524414
616.125,17,-35.3608665,149.16764089999998,100.09,-4.063832355676533,-7.25,-11.73,492.401,7.594089892630847,-0.8721830006481855,20.320627212524414
616.225,17,-35.3608731,149.16762799999998,100.087,-3.784298326157299,-7.22,-11.700000000000001,492.50100000000003,7.594089892630847,-0.8721830006481855,20.320627212524414
616.325,17,-35.3608796,149.1676152,100.034,-3.466607231396377,-7.23,-11.64,492.60100000000006,7.594089892630847,-0.8721830006481855,20.320627212524414
616.424,17,-35.360886199999996,149.1676024,100.015,-3.1460752048275524,-7.24,-11.57,492.7,7.617191468425152,-0.8049946205653452,20.00093650817871
616.524,17,-35.360892799999995,149.16758959999999,100.047,-2.8667998687231324,-7.2700000000000005,-11.53,492.8,7.617191468425152,-0.8049946205653452,20.00093650817871
616.624,17,-35.3608994,149.1675768,100.099,-2.655030493837122,-7.26,-11.51,492.90000000000003,7.617191468425152,-0.8049946205653452,20.00093650817871
616.724,17,-35.3609061,149.1675641,100.07000000000001,-2.4354074686226546,-7.25,-11.49,493.00000000000006,7.617191468425152,-0.8049946205653452,20.00093650817871
616.8240000000001,17,-35.3609127,149.16755129999999,100.075,-2.207455668045591,-7.29,-11.47,493.1000000000001,7.617191468425152,-0.8049946205653452,20.00093650817871
616.924,17,-35.3609193,149.1675386,100.111,-1.9448833461130255,-7.24,-11.47,493.2,7.636993416308799,-0.745492299183757,19.67522621154785
617.024,17,-35.3609259,149.1675259,100.127,-1.7078656433515338,-7.2,-11.450000000000001,493.3,7.636993416308799,-0.745492299183757,19.67522621154785
617.124,17,-35.360932399999996,149.1675133,100.133,-1.5419260907443681,-7.16,-11.42,493.40000000000003,7.636993416308799,-0.745492299183757,19.67522621154785
617.224,17,-35.3609388,149.1675008,100.116,-1.4781274281413948,-7.11,-11.370000000000001,493.50000000000006,7.636993416308799,-0.745492299183757,19.67522621154785
617.3240000000001,17,-35.360945199999996,149.1674884,100.08800000000001,-1.501911214048437,-7.07,-11.31,493.6000000000001,7.636993416308799,-0.745492299183757,19.67522621154785
617.424,17,-35.3609515,149.167476,100.069,-1.6436200302447477,-7.04,-11.25,493.7,7.659379523606181,-0.6836685884610577,20.18243980407715
617.524,17,-35.3609578,149.16746369999998,100.045,-1.7523871642392042,-7.0,-11.21,493.8,7.659379523606181,-0.6836685884610577,20.18243980407715
617.624,17,-35.360963999999996,149.1674515,99.985,-1.8962082164363412,-6.99,-11.16,493.90000000000003,7.659379523606181,-0.6836685884610577,20.18243980407715
617.724,17,-35.3609703,149.16743929999998,99.938,-2.006703174847399,-6.96,-11.120000000000001,494.00000000000006,7.659379523606181,-0.6836685884610577,20.18243980407715
617.8240000000001,17,-35.3609765,149.1674272,99.85600000000001,-2.134667409277823,-6.93,-11.07,494.1000000000001,7.659379523606181,-0.6836685884610577,20.18243980407715
617.924,17,-35.3609827,149.1674151,99.771,-2.580142805673221,-6.94,-11.040000000000001,494.2,7.691056943356382,-0.6055940239093602,20.422378540039062
618.024,17,-35.360988899999995,149.167403,99.72,-4.002162150773665,-6.96,-11.01,494.3,7.691056943356382,-0.6055940239093602,20.422378540039062
618.124,17,-35.3609952,149.1673909,99.669,-6.602410045155642,-7.04,-10.92,494.40000000000003,7.691056943356382,-0.6055940239093602,20.422378540039062
618.225,17,-35.3610016,149.1673789,99.636,-10.262950039307364,-7.11,-10.82,494.50100000000003,7.691056943356382,-0.6055940239093602,20.422378540039062
618.325,17,-35.3610081,149.16736699999998,99.548,-14.894381787182535,-7.24,-10.63,494.60100000000006,7.691056943356382,-0.6055940239093602,20.422378540039062
618.4250000000001,17,-35.3610148,149.16735549999999,99.525,-19.973522189868287,-7.63,-10.07,494.7010000000001,7.721328096122178,-0.5323985179160073,19.712142944335938
618.524,17,-35.3610219,149.1673446,99.61,-24.710705756662765,-7.92,-9.68,494.8,7.721328096122178,-0.5323985179160073,19.712142944335938
618.624,17,-35.3610292,149.16733399999998,99.667,-28.736818819534726,-8.05,-9.56,494.90000000000003,7.721328096122178,-0.5323985179160073,19.712142944335938
618.724,17,-35.3610367,149.1673236,99.653,-31.648221104198512,-8.42,-9.09,495.00000000000006,7.721328096122178,-0.5323985179160073,19.712142944335938
618.8240000000001,17,-35.3610445,149.16731389999998,99.684,-33.05600505440818,-8.870000000000001,-8.49,495.1000000000001,7.721328096122178,-0.5323985179160073,19.712142944335938
618.924,17,-35.3610527,149.1673046,99.71300000000001,-33.41450802356381,-9.07,-8.32,495.2,7.743563563978377,-0.480354683925001,19.435514450073242
619.024,17,-35.3610612,149.1672956,99.73100000000001,-33.00077614477946,-9.46,-7.8100000000000005,495.3,7.743563563978377,-0.480354683925001,19.435514450073242
619.124,17,-35.3610699,149.1672873,99.772,-32.09909213659481,-9.700000000000001,-7.55,495.40000000000003,7.743563563978377,-0.480354683925001,19.435514450073242
619.224,17,-35.3610787,149.1672792,99.796,-31.129099406520865,-10.0,-7.11,495.50000000000006,7.743563563978377,-0.480354683925001,19.435514450073242
619.3240000000001,17,-35.3610878,149.1672717,99.833,-30.060690480696206,-10.23,-6.76,495.6000000000001,7.743563563978377,-0.480354683925001,19.435514450073242
619.424,17,-35.361097099999995,149.1672645,99.872,-28.958175005251086,-10.41,-6.49,495.7,7.761902493061237,-0.44270215039394123,19.61237144470215
619.524,17,-35.3611065,149.1672577,99.909,-27.94399095124716,-10.68,-6.0,495.8,7.761902493061237,-0.44270215039394123,19.61237144470215
619.624,17,-35.3611161,149.16725119999998,99.95100000000001,-27.013722601386007,-10.78,-5.86,495.90000000000003,7.761902493061237,-0.44270215039394123,19.61237144470215
619.724,17,-35.361125799999996,149.1672449,99.959,-26.345468845823007,-10.950000000000001,-5.51,496.00000000000006,7.761902493061237,-0.44270215039394123,19.61237144470215
619.8240000000001,17,-35.3611357,149.167239,99.989,-25.82321892150549,-11.15,-5.09,496.1000000000001,7.761902493061237,-0.44270215039394123,19.61237144470215
619.924,17,-35.3611457,149.16723349999998,100.013,-25.54683873183551,-11.21,-4.99,496.2,7.77710470870358,-0.4136641507737951,20.12651252746582
620.024,17,-35.3611558,149.16722819999998,100.004,-25.54715292053733,-11.33,-4.69,496.3,7.77710470870358,-0.4136641507737951,20.12651252746582
620.124,17,-35.361165899999996,149.1672232,99.979,-25.635742181619687,-11.44,-4.3500000000000005,496.40000000000003,7.77710470870358,-0.4136641507737951,20.12651252746582
620.224,17,-35.361176199999996,149.1672185,99.953,-25.8497063951068,-11.59,-3.87,496.50000000000006,7.77710470870358,-0.4136641507737951,20.12651252746582
620.325,17,-35.3611867,149.1672145,99.991,-26.073029675304124,-11.76,-3.41,496.60100000000006,7.77710470870358,-0.4136641507737951,20.12651252746582
620.4250000000001,17,-35.3611973,149.1672107,100.021,-26.43399492765554,-11.790000000000001,-3.41,496.7010000000001,7.792554034254264,-0.38926239497712606,19.80949592590332
620.525,17,-35.3612079,149.1672068,99.965,-27.136515742284494,-11.88,-3.23,496.801,7.792554034254264,-0.38926239497712606,19.80949592590332
620.624,17,-35.361218699999995,149.1672034,99.905,-27.98826423744718,-12.02,-2.7600000000000002,496.90000000000003,7.792554034254264,-0.38926239497712606,19.80949592590332
620.724,17,-35.3612296,149.1672006,99.85600000000001,-28.95311041998152,-12.15,-2.22,497.00000000000006,7.792554034254264,-0.38926239497712606,19.80949592590332
620.8240000000001,17,-35.361240699999996,149.1671984,99.858,-29.828071313038496,-12.3,-1.62,497.1000000000001,7.792554034254264,-0.38926239497712606,19.80949592590332
620.924,17,-35.3612519,149.1671968,99.893,-30.59280319817522,-12.41,-1.32,497.2,7.798904934242889,-0.3727950691572019,19.63922119140625
621.024,17,-35.361263199999996,149.1671954,99.882,-31.42456997492103,-12.5,-1.07,497.3,7.798904934242889,-0.3727950691572019,19.63922119140625
621.124,17,-35.3612745,149.1671946,99.873,-32.136333743044304,-12.63,-0.48,497.40000000000003,7.798904934242889,-0.3727950691572019,19.63922119140625
621.224,17,-35.3612858,149.16719419999998,99.881,-32.75893280664764,-12.73,-0.02,497.50000000000006,7.798904934242889,-0.3727950691572019,19.63922119140625
621.3240000000001,17,-35.3612973,149.1671943,99.867,-33.45850810219703,-12.82,0.2,497.6000000000001,7.798904934242889,-0.3727950691572019,19.63922119140625
621.424,17,-35.361308799999996,149.1671948,99.848,-34.22681559136426,-12.93,0.88,497.7,7.798514404217501,-0.3614178066446914,19.46588897705078
621.524,17,-35.361320299999996,149.1671959,99.833,-34.99656766554094,-13.02,1.2,497.8,7.798514404217501,-0.3614178066446914,19.46588897705078
621.624,17,-35.361332,149.1671975,99.803,-35.87686635143427,-13.09,1.87,497.90000000000003,7.798514404217501,-0.3614178066446914,19.46588897705078
621.724,17,-35.3613437,149.16719999999998,99.827,-36.48256411193642,-13.14,2.5300000000000002,498.00000000000006,7.798514404217501,-0.3614178066446914,19.46588897705078
621.8240000000001,17,-35.3613554,149.167203,99.843,-37.13203996992377,-13.19,3.02,498.1000000000001,7.798514404217501,-0.3614178066446914,19.46588897705078
621.924,17,-35.3613672,149.16720669999998,99.854,-37.84518343625938,-13.200000000000001,3.7600000000000002,498.2,7.791950731558842,-0.35289135989020703,19.733707427978516
622.024,17,-35.3613789,149.1672113,99.89,-38.45365766865914,-13.15,4.5600000000000005,498.3,7.791950731558842,-0.35289135989020703,19.733707427978516
622.124,17,-35.3613906,149.16721669999998,99.956,-38.97445959287261,-13.08,5.19,498.40000000000003,7.791950731558842,-0.35289135989020703,19.733707427978516
622.224,17,-35.3614023,149.1672227,100.012,-39.53903961457128,-13.0,5.72,498.50000000000006,7.791950731558842,-0.35289135989020703,19.733707427978516
622.325,17,-35.3614138,149.1672295,100.068,-40.020513309543816,-12.77,6.66,498.60100000000006,7.791950731558842,-0.35289135989020703,19.733707427978516
622.4250000000001,17,-35.3614252,149.16723729999998,100.173,-40.139252733169904,-12.55,7.43,498.7010000000001,7.785261366849357,-0.3439564332271204,20.652742385864258
622.525,17,-35.361436399999995,149.16724589999998,100.31,-40.095057994145336,-12.4,7.91,498.801,7.785261366849357,-0.3439564332271204,20.652742385864258
622.625,17,-35.3614475,149.1672548,100.409,-40.22164189003318,-12.31,8.15,498.901,7.785261366849357,-0.3439564332271204,20.652742385864258
622.724,17,-35.3614586,149.1672643,100.462,-40.455528057781926,-11.99,8.89,499.00000000000006,7.785261366849357,-0.3439564332271204,20.652742385864258
622.8240000000001,17,-35.3614692,149.16727459999998,100.542,-40.426506583998545,-11.68,9.5,499.1000000000001,7.785261366849357,-0.3439564332271204,20.652742385864258
622.924,17,-35.3614797,149.1672854,100.613,-40.45510800114798,-11.4,9.99,499.2,7.778852467202212,-0.33462586738863104,20.837480545043945
623.024,17,-35.3614898,149.16729669999998,100.673,-40.559404989774066,-11.15,10.36,499.3,7.778852467202212,-0.33462586738863104,20.837480545043945
623.124,17,-35.3614998,149.1673084,100.702,-40.83968180236554,-10.99,10.55,499.40000000000003,7.778852467202212,-0.33462586738863104,20.837480545043945
623.224,17,-35.3615096,149.1673204,100.703,-41.2777837961085,-10.55,11.22,499.50000000000006,7.778852467202212,-0.33462586738863104,20.837480545043945
623.3240000000001,17,-35.3615188,149.16733299999999,100.726,-41.659403540510034,-10.290000000000001,11.540000000000001,499.6000000000001,7.778852467202212,-0.33462586738863104,20.837480545043945
623.424,17,-35.3615279,149.1673459,100.73100000000001,-42.24165667668611,-10.01,11.91,499.7,7.778270759045605,-0.32845397679936855,21.16005516052246
623.524,17,-35.361536699999995,149.1673591,100.697,-43.0256667707552,-9.76,12.200000000000001,499.8,7.778270759045605,-0.32845397679936855,21.16005516052246
623.624,17,-35.3615451,149.16737279999998,100.638,-43.78760510852138,-9.25,12.86,499.90000000000003,7.778270759045605,-0.32845397679936855,21.16005516052246
623.724,17,-35.361553,149.1673873,100.608,-44.227551253340245,-8.72,13.51,500.00000000000006,7.778270759045605,-0.32845397679936855,21.16005516052246
623.8240000000001,17,-35.361560499999996,149.16740249999998,100.598,-44.37074958438415,-8.18,14.15,500.1000000000001,7.778270759045605,-0.32845397679936855,21.16005516052246
623.924,17,-35.3615676,149.1674182,100.58500000000001,-44.45493508099914,-7.7,14.61,500.2,7.782511446752755,-0.32908153156171294,20.904457092285156
624.024,17,-35.3615741,149.1674344,100.577,-44.53020376565268,-7.13,15.11,500.3,7.782511446752755,-0.32908153156171294,20.904457092285156
624.124,17,-35.3615801,149.1674514,100.58800000000001,-44.67145549278313,-6.26,15.77,500.40000000000003,7.782511446752755,-0.32908153156171294,20.904457092285156
624.224,17,-35.3615852,149.16746899999998,100.646,-44.71527457140335,-5.43,16.330000000000002,500.50000000000006,7.782511446752755,-0.32908153156171294,20.904457092285156
624.3240000000001,17,-35.361589599999995,149.1674871,100.712,-44.82386774901738,-4.73,16.69,500.6000000000001,7.782511446752755,-0.32908153156171294,20.904457092285156
624.4250000000001,17,-35.3615934,149.1675057,100.786,-44.823789201841926,-3.84,17.14,500.7010000000001,7.792624011981285,-0.3456333075045789,22.07250213623047
624.525,17,-35.3615965,149.16752499999998,100.879,-44.49438625364513,-3.31,17.3,500.801,7.792624011981285,-0.3456333075045789,22.07250213623047
624.625,17,-35.361599,149.1675443,100.94200000000001,-44.05363414650421,-2.63,17.53,500.901,7.792624011981285,-0.3456333075045789,22.07250213623047
624.725,17,-35.361601199999996,149.16756379999998,100.968,-43.34238264256869,-2.3000000000000003,17.53,501.00100000000003,7.792624011981285,-0.3456333075045789,22.07250213623047
624.8240000000001,17,-35.3616029,149.16758339999998,100.97500000000001,-42.36827130842523,-1.6,17.740000000000002,501.1000000000001,7.792624011981285,-0.3456333075045789,22.07250213623047
624.924,17,-35.3616041,149.16760309999998,100.986,-41.193550488169315,-1.19,17.79,501.2,7.8091350329637415,-0.38898776963733883,21.81037139892578
625.024,17,-35.361605,149.1676229,100.97,-40.24381609917363,-1.09,17.66,501.3,7.8091350329637415,-0.38898776963733883,21.81037139892578
625.124,17,-35.3616058,149.1676425,100.891,-39.78951631181398,-0.65,17.72,501.40000000000003,7.8091350329637415,-0.38898776963733883,21.81037139892578
625.224,17,-35.361606,149.1676623,100.83,-39.60230765685311,-0.06,17.87,501.50000000000006,7.8091350329637415,-0.38898776963733883,21.81037139892578
625.3240000000001,17,-35.361606,149.16768199999999,100.71600000000001,-40.01213266743221,0.3,17.89,501.6000000000001,7.8091350329637415,-0.38898776963733883,21.81037139892578
625.424,17,-35.3616053,149.1677018,100.61,-40.62444205105093,1.17,18.150000000000002,501.7,7.825566374642068,-0.4416289755034603,20.607402801513672
625.524,17,-35.3616039,149.16772179999998,100.548,-41.10508587803931,1.8900000000000001,18.34,501.8,7.825566374642068,-0.4416289755034603,20.607402801513672
625.624,17,-35.361602,149.16774189999998,100.47200000000001,-41.576331364729754,2.2600000000000002,18.39,501.90000000000003,7.825566374642068,-0.4416289755034603,20.607402801513672
625.724,17,-35.3615998,149.1677622,100.374,-41.95586790143444,3.11,18.64,502.00000000000006,7.825566374642068,-0.4416289755034603,20.607402801513672
625.8240000000001,17,-35.3615967,149.1677827,100.31,-41.97742739354958,3.89,18.85,502.1000000000001,7.825566374642068,-0.4416289755034603,20.607402801513672
625.924,17,-35.3615931,149.1678033,100.247,-41.85947344167805,4.32,18.95,502.2,7.834256715851331,-0.47314314164461946,19.754920959472656
626.024,17,-35.3615888,149.16782419999998,100.184,-41.60482008375788,5.25,19.17,502.3,7.834256715851331,-0.47314314164461946,19.754920959472656
626.124,17,-35.3615838,149.16784529999998,100.147,-41.03856666571256,5.91,19.31,502.40000000000003,7.834256715851331,-0.47314314164461946,19.754920959472656
626.224,17,-35.3615783,149.1678665,100.096,-40.37647886342279,6.5200000000000005,19.39,502.50000000000006,7.834256715851331,-0.47314314164461946,19.754920959472656
626.3240000000001,17,-35.3615721,149.1678878,100.054,-39.51296878250934,7.37,19.490000000000002,502.6000000000001,7.834256715851331,-0.47314314164461946,19.754920959472656
626.424,17,-35.361565299999995,149.1679092,100.025,-38.51822686197785,7.9,19.52,502.7,7.8393665916427775,-0.49884631795935563,20.191776275634766
626.525,17,-35.361557999999995,149.1679307,100.002,-37.562089170635275,8.49,19.54,502.801,7.8393665916427775,-0.49884631795935563,20.191776275634766
626.625,17,-35.3615504,149.1679523,99.947,-36.819265117261374,8.85,19.53,502.901,7.8393665916427775,-0.49884631795935563,20.191776275634766
626.725,18,-35.361542199999995,149.1679739,99.891,-36.17784205230547,9.52,19.52,503.00100000000003,7.8393665916427775,-0.49884631795935563,20.191776275634766
626.825,18,-35.3615334,149.16799559999998,99.874,-35.52704113761915,10.040000000000001,19.51,503.10100000000006,7.8393665916427775,-0.49884631795935563,20.191776275634766
626.924,18,-35.3615245,149.1680173,99.802,-35.2825408559002,9.96,19.490000000000002,503.2,7.8431168533324005,-0.5231593527814693,20.14015007019043
627.024,18,-35.3615153,149.1680389,99.688,-35.38937867489754,10.51,19.43,503.3,7.8431168533324005,-0.5231593527814693,20.14015007019043
627.124,18,-35.3615056,149.1680605,99.601,-35.63394725850819,11.15,19.34,503.40000000000003,7.8431168533324005,-0.5231593527814693,20.14015007019043
627.224,18,-35.3614953,149.168082,99.559,-36.02847947553563,11.71,19.26,503.50000000000006,7.8431168533324005,-0.5231593527814693,20.14015007019043
627.3240000000001,18,-35.3614846,149.1681034,99.501,-36.92876671003501,12.1,19.17,503.6000000000001,7.8431168533324005,-0.5231593527814693,20.14015007019043
627.424,18,-35.361473499999995,149.1681246,99.444,-38.08714630270167,12.84,19.0,503.7,7.845054368442439,-0.543916887955148,20.399816513061523
627.524,18,-35.3614616,149.1681454,99.422,-39.10041169626223,13.59,18.8,503.8,7.845054368442439,-0.543916887955148,20.399816513061523
627.624,18,-35.3614493,149.16816599999999,99.403,-39.94619402118491,14.21,18.6,503.90000000000003,7.845054368442439,-0.543916887955148,20.399816513061523
627.724,18,-35.3614363,149.1681863,99.397,-40.46617632269798,14.84,18.36,504.00000000000006,7.845054368442439,-0.543916887955148,20.399816513061523
627.8240000000001,18,-35.3614228,149.1682062,99.399,-40.6564278269341,15.57,18.06,504.1000000000001,7.845054368442439,-0.543916887955148,20.399816513061523
627.924,18,-35.3614087,149.1682258,99.407,-40.57025133017605,16.1,17.8,504.2,7.841858690281898,-0.580606762652011,20.756345748901367
628.024,18,-35.3613942,149.1682452,99.385,-40.329060275109974,16.580000000000002,17.52,504.3,7.841858690281898,-0.580606762652011,20.756345748901367
628.124,18,-35.3613791,149.1682641,99.374,-39.67571511495782,17.44,17.0,504.40000000000003,7.841858690281898,-0.580606762652011,20.756345748901367
628.224,18,-35.3613634,149.1682825,99.395,-38.70480030934592,17.79,16.73,504.50000000000006,7.841858690281898,-0.580606762652011,20.756345748901367
628.3240000000001,18,-35.3613474,149.1683007,99.413,-37.78229788457107,18.23,16.4,504.6000000000001,7.841858690281898,-0.580606762652011,20.756345748901367
628.424,18,-35.361331199999995,149.1683186,99.399,-37.079249437828736,18.29,16.29,504.7,7.834653220009105,-0.6212090158907324,20.636322021484375
628.524,18,-35.3613147,149.1683363,99.369,-36.52742137931048,18.89,15.84,504.8,7.834653220009105,-0.6212090158907324,20.636322021484375
628.625,18,-35.3612976,149.1683536,99.366,-35.99484079387332,19.25,15.52,504.901,7.834653220009105,-0.6212090158907324,20.636322021484375
628.725,18,-35.361280199999996,149.1683708,99.32900000000001,-35.813748573314186,19.39,15.38,505.00100000000003,7.834653220009105,-0.6212090158907324,20.636322021484375
628.825,18,-35.361262499999995,149.1683876,99.299,-35.91299463704906,20.03,14.91,505.10100000000006,7.834653220009105,-0.6212090158907324,20.636322021484375
628.924,18,-35.361244299999996,149.1684041,99.281,-36.32052811916162,20.23,14.72,505.2,7.826812150080458,-0.6500473163025733,19.84061622619629
629.024,18,-35.3612258,149.16842019999999,99.241,-37.11596511971214,20.69,14.31,505.3,7.826812150080458,-0.6500473163025733,19.84061622619629
629.124,18,-35.3612067,149.1684359,99.197,-38.02451688310724,21.19,13.870000000000001,505.40000000000003,7.826812150080458,-0.6500473163025733,19.84061622619629
629.224,18,-35.3611873,149.16845089999998,99.171,-38.86048764128719,21.86,13.26,505.50000000000006,7.826812150080458,-0.6500473163025733,19.84061622619629
629.3240000000001,18,-35.3611673,149.1684655,99.16,-39.504123687534175,22.25,12.89,505.6000000000001,7.826812150080458,-0.6500473163025733,19.84061622619629
629.424,18,-35.361146999999995,149.16847959999998,99.139,-39.978073929135945,22.62,12.55,505.7,7.818949842399028,-0.670743341899825,20.324365615844727
629.524,18,-35.361126399999996,149.1684931,99.123,-40.166925244592214,23.21,11.91,505.8,7.818949842399028,-0.670743341899825,20.324365615844727
629.624,18,-35.3611054,149.16850599999998,99.121,-40.06229357669679,23.580000000000002,11.49,505.90000000000003,7.818949842399028,-0.670743341899825,20.324365615844727
629.724,18,-35.3610842,149.16851839999998,99.102,-39.88295329965976,23.830000000000002,11.19,506.00000000000006,7.818949842399028,-0.670743341899825,20.324365615844727
629.8240000000001,18,-35.3610628,149.16853039999998,99.066,-39.7058772303326,24.32,10.55,506.1000000000001,7.818949842399028,-0.670743341899825,20.324365615844727
629.924,18,-35.3610409,149.1685416,99.084,-39.303722522191414,24.77,9.9,506.2,7.807392212965774,-0.6949079500497418,20.448284149169922
630.024,18,-35.361018699999995,149.1685522,99.107,-39.05207786260063,25.09,9.36,506.3,7.807392212965774,-0.6949079500497418,20.448284149169922
630.124,18,-35.360996199999995,149.1685622,99.119,-38.966707328164645,25.34,8.86,506.40000000000003,7.807392212965774,-0.6949079500497418,20.448284149169922
630.224,18,-35.3609735,149.1685717,99.129,-38.91218192802043,25.740000000000002,8.06,506.50000000000006,7.807392212965774,-0.6949079500497418,20.448284149169922
630.3240000000001,18,-35.3609505,149.16858019999998,99.177,-38.635630983621205,25.96,7.5,506.6000000000001,7.807392212965774,-0.6949079500497418,20.448284149169922
630.424,18,-35.3609272,149.1685881,99.224,-38.38537968262111,26.17,6.86,506.7,7.788247366046492,-0.7213290623445112,21.200275421142578
630.524,18,-35.360903799999996,149.1685954,99.269,-38.106776266376286,26.27,6.46,506.8,7.788247366046492,-0.7213290623445112,21.200275421142578
630.624,18,-35.3608803,149.16860219999998,99.292,-37.66484253650895,26.45,5.78,506.90000000000003,7.788247366046492,-0.7213290623445112,21.200275421142578
630.725,18,-35.3608565,149.16860839999998,99.33800000000001,-36.96079005195862,26.53,5.26,507.00100000000003,7.788247366046492,-0.7213290623445112,21.200275421142578
630.825,18,-35.3608328,149.168614,99.376,-36.30235981596939,26.57,4.8500000000000005,507.10100000000006,7.788247366046492,-0.7213290623445112,21.200275421142578
630.9250000000001,18,-35.3608088,149.16861939999998,99.379,-35.60624059614003,26.52,4.75,507.2010000000001,7.758531707897333,-0.7478603416140389,21.045122146606445
631.024,18,-35.3607849,149.16862469999998,99.33800000000001,-35.06878325563548,26.54,4.42,507.3,7.758531707897333,-0.7478603416140389,21.045122146606445
631.124,18,-35.360760899999995,149.16862949999998,99.29,-34.72502324980333,26.6,4.0200000000000005,507.40000000000003,7.758531707897333,-0.7478603416140389,21.045122146606445
631.224,18,-35.3607368,149.16863379999998,99.248,-34.74791121371204,26.67,3.5700000000000003,507.50000000000006,7.758531707897333,-0.7478603416140389,21.045122146606445
631.3240000000001,18,-35.3607126,149.1686377,99.224,-35.280980157674854,26.76,3.13,507.6000000000001,7.758531707897333,-0.7478603416140389,21.045122146606445
631.424,18,-35.3606884,149.1686411,99.18,-36.38240963304194,26.810000000000002,2.82,507.7,7.733535436244242,-0.7640949431956201,19.96369171142578
631.524,18,-35.360664199999995,149.1686439,99.135,-37.724138823788415,26.97,1.98,507.8,7.733535436244242,-0.7640949431956201,19.96369171142578
631.624,18,-35.360639899999995,149.1686458,99.121,-38.778436578787826,27.09,1.28,507.90000000000003,7.733535436244242,-0.7640949431956201,19.96369171142578
631.724,18,-35.3606157,149.1686471,99.104,-39.064949354091524,27.16,0.81,508.00000000000006,7.733535436244242,-0.7640949431956201,19.96369171142578
631.8240000000001,18,-35.360591299999996,149.1686475,99.087,-38.43506930883295,27.25,-0.07,508.1000000000001,7.733535436244242,-0.7640949431956201,19.96369171142578
631.924,18,-35.360566999999996,149.1686471,99.09700000000001,-36.592154497169275,27.3,-0.75,508.2,7.715935575497808,-0.7699821634204398,19.633258819580078
632.024,18,-35.3605425,149.1686459,99.129,-33.28916380701032,27.34,-1.48,508.3,7.715935575497808,-0.7699821634204398,19.633258819580078
632.124,19,-35.3605181,149.1686442,99.194,-28.498084925022564,27.37,-1.79,508.40000000000003,7.715935575497808,-0.7699821634204398,19.633258819580078
632.224,19,-35.3604936,149.1686421,99.229,-22.725598359310478,27.400000000000002,-1.92,508.50000000000006,7.715935575497808,-0.7699821634204398,19.633258819580078
632.3240000000001,19,-35.360469099999996,149.1686401,99.212,-16.487808571485857,27.400000000000002,-2.0100000000000002,508.6000000000001,7.715935575497808,-0.7699821634204398,19.633258819580078
632.424,19,-35.3604446,149.1686379,99.203,-10.144760445909464,27.39,-2.11,508.7,7.708675339719472,-0.7747006807188364,18.82785415649414
632.524,19,-35.36042,149.16863569999998,99.196,-4.336045276179161,27.42,-2.0,508.8,7.708675339719472,-0.7747006807188364,18.82785415649414
632.624,19,-35.3603954,149.1686336,99.168,0.43713557533625397,27.48,-1.8800000000000001,508.90000000000003,7.708675339719472,-0.7747006807188364,18.82785415649414
632.725,19,-35.3603708,149.1686317,99.104,4.021862550774098,27.57,-1.76,509.00100000000003,7.708675339719472,-0.7747006807188364,18.82785415649414
632.825,19,-35.3603458,149.16862989999998,99.004,6.262792975941921,27.69,-1.6500000000000001,509.10100000000006,7.708675339719472,-0.7747006807188364,18.82785415649414
632.9250000000001,19,-35.3603206,149.1686282,98.879,7.217703367668009,27.87,-1.6300000000000001,509.2010000000001,7.718734088619473,-0.781365965133596,18.358421325683594
633.025,19,-35.3602953,149.1686264,98.723,7.118226358161828,28.060000000000002,-1.67,509.301,7.718734088619473,-0.781365965133596,18.358421325683594
633.124,19,-35.360269599999995,149.1686246,98.572,6.559010596282558,28.28,-1.6500000000000001,509.40000000000003,7.718734088619473,-0.781365965133596,18.358421325683594
633.224,19,-35.3602438,149.16862279999998,98.44800000000001,6.0466614580538,28.490000000000002,-1.6300000000000001,509.50000000000006,7.718734088619473,-0.781365965133596,18.358421325683594
633.3240000000001,19,-35.3602177,149.1686211,98.395,5.795862461259632,28.7,-1.59,509.6000000000001,7.718734088619473,-0.781365965133596,18.358421325683594
633.424,19,-35.3601916,149.16861939999998,98.37,6.049490010143831,28.88,-1.53,509.7,7.746850395080859,-0.7862193609551923,18.03214454650879
633.524,19,-35.3601652,149.1686178,98.38,6.680269932825556,29.060000000000002,-1.35,509.8,7.746850395080859,-0.7862193609551923,18.03214454650879
633.624,19,-35.3601387,149.1686164,98.422,7.442274864936151,29.240000000000002,-1.26,509.90000000000003,7.746850395080859,-0.7862193609551923,18.03214454650879
633.724,19,-35.360112199999996,149.1686152,98.497,8.09667358176778,29.400000000000002,-1.12,510.00000000000006,7.746850395080859,-0.7862193609551923,18.03214454650879
633.8240000000001,19,-35.3600857,149.168614,98.527,8.564555200291993,29.580000000000002,-1.05,510.1000000000001,7.746850395080859,-0.7862193609551923,18.03214454650879
633.924,19,-35.360059,149.1686129,98.518,8.774080644592244,29.740000000000002,-0.92,510.2,7.789012429438712,-0.7989009353493761,18.62454605102539
634.024,19,-35.3600323,149.168612,98.515,8.582737163862568,29.86,-0.75,510.3,7.789012429438712,-0.7989009353493761,18.62454605102539
634.124,19,-35.3600055,149.16861129999998,98.529,8.18769268264737,30.0,-0.63,510.40000000000003,7.789012429438712,-0.7989009353493761,18.62454605102539
634.224,19,-35.3599785,149.1686107,98.518,7.606978900355485,30.17,-0.51,510.50000000000006,7.789012429438712,-0.7989009353493761,18.62454605102539
634.3240000000001,19,-35.3599515,149.16861029999998,98.53,6.827873308997294,30.32,-0.44,510.6000000000001,7.789012429438712,-0.7989009353493761,18.62454605102539
634.424,19,-35.3599242,149.16860979999998,98.491,6.040579174597903,30.47,-0.43,510.7,7.8319821905695814,-0.8106733428136367,19.06686782836914
634.524,19,-35.359896899999995,149.1686095,98.45400000000001,5.283853124942081,30.6,-0.32,510.8,7.8319821905695814,-0.8106733428136367,19.06686782836914
634.624,19,-35.3598694,149.1686092,98.45100000000001,4.5988235710038845,30.71,-0.25,510.90000000000003,7.8319821905695814,-0.8106733428136367,19.06686782836914
634.724,19,-35.3598419,149.168609,98.48400000000001,4.028935211659646,30.8,-0.14,511.00000000000006,7.8319821905695814,-0.8106733428136367,19.06686782836914
634.825,19,-35.359814199999995,149.16860889999998,98.53,3.548638230215053,30.88,-0.07,511.10100000000006,7.8319821905695814,-0.8106733428136367,19.06686782836914
634.9250000000001,19,-35.359786,149.16860889999998,98.558,3.134065811275966,30.88,0.03,511.2010000000001,7.878944793291292,-0.8196234149184095,19.78937339782715
635.025,19,-35.3597582,149.1686091,98.667,2.7182460290397055,30.84,0.15,511.301,7.878944793291292,-0.8196234149184095,19.78937339782715
635.125,19,-35.3597302,149.16860929999999,98.83500000000001,2.1582765984742065,30.86,0.21,511.401,7.878944793291292,-0.8196234149184095,19.78937339782715
635.224,19,-35.3597022,149.1686095,98.961,1.437806580314988,30.87,0.22,511.50000000000006,7.878944793291292,-0.8196234149184095,19.78937339782715
635.3240000000001,19,-35.3596742,149.16860979999998,99.012,0.7285196629003431,30.87,0.24,511.6000000000001,7.878944793291292,-0.8196234149184095,19.78937339782715
635.424,19,-35.3596462,149.1686101,99.077,-0.012845408872748708,30.830000000000002,0.25,511.7,7.922283651546153,-0.8262645513697114,20.658098220825195
635.524,19,-35.3596182,149.16861029999998,99.165,-0.7417813289475691,30.810000000000002,0.23,511.8,7.922283651546153,-0.8262645513697114,20.658098220825195
635.624,19,-35.3595904,149.1686106,99.218,-1.401641475711711,30.78,0.2,511.90000000000003,7.922283651546153,-0.8262645513697114,20.658098220825195
635.724,19,-35.3595628,149.16861079999998,99.21900000000001,-1.9091576147724507,30.71,0.17,512.0,7.922283651546153,-0.8262645513697114,20.658098220825195
635.8240000000001,19,-35.359535199999996,149.1686109,99.21900000000001,-2.274173169301687,30.63,0.13,512.1,7.922283651546153,-0.8262645513697114,20.658098220825195
635.924,19,-35.3595079,149.168611,99.271,-2.403327137308162,30.54,0.1,512.1999999999999,7.9453770278083224,-0.8296378047399782,21.136608123779297
636.024,19,-35.3594807,149.1686111,99.284,-2.371110629097093,30.44,0.06,512.3,7.9453770278083224,-0.8296378047399782,21.136608123779297
636.124,19,-35.3594536,149.1686111,99.28,-2.2189493823148414,30.310000000000002,0.04,512.4,7.9453770278083224,-0.8296378047399782,21.136608123779297
636.224,19,-35.3594266,149.168611,99.301,-1.9869259352188042,30.14,-0.02,512.5,7.9453770278083224,-0.8296378047399782,21.136608123779297
636.3240000000001,19,-35.3593999,149.1686109,99.371,-1.778556607157285,29.990000000000002,-0.04,512.6,7.9453770278083224,-0.8296378047399782,21.136608123779297
636.424,19,-35.3593732,149.16861079999998,99.443,-1.5380843227796477,29.85,-0.06,512.6999999999999,7.9537078210858345,-0.832873890971902,21.4582576751709
636.524,19,-35.359346599999995,149.1686106,99.501,-1.2810963208238022,29.72,-0.08,512.8,7.9537078210858345,-0.832873890971902,21.4582576751709
636.624,19,-35.3593202,149.1686105,99.53,-0.9894806471581674,29.6,-0.07,512.9,7.9537078210858345,-0.832873890971902,21.4582576751709
636.724,19,-35.359293799999996,149.1686104,99.545,-0.7242682436679804,29.48,-0.1,513.0,7.9537078210858345,-0.832873890971902,21.4582576751709
636.8240000000001,19,-35.3592675,149.16861029999998,99.494,-0.50350345628421,29.37,-0.11,513.1,7.9537078210858345,-0.832873890971902,21.4582576751709
636.9250000000001,19,-35.3592413,149.1686101,99.462,-0.2701551659326019,29.27,-0.1,513.201,7.954945666326085,-0.8358778623382256,20.662166595458984
637.025,19,-35.359215,149.1686099,99.406,-0.04367381036832842,29.18,-0.12,513.3009999999999,7.954945666326085,-0.8358778623382256,20.662166595458984
637.125,19,-35.359188599999996,149.1686097,99.386,0.10454044751740864,29.14,-0.13,513.401,7.954945666326085,-0.8358778623382256,20.662166595458984
637.225,19,-35.3591623,149.1686095,99.35600000000001,0.21496711737697988,29.11,-0.13,513.501,7.954945666326085,-0.8358778623382256,20.662166595458984
637.3240000000001,19,-35.3591359,149.1686092,99.32900000000001,0.3457301418817352,29.11,-0.13,513.6,7.954945666326085,-0.8358778623382256,20.662166595458984
637.424,19,-35.3591096,149.168609,99.287,0.4722474434251739,29.1,-0.13,513.6999999999999,7.963003717951953,-0.8390166758042065,19.97588539123535
637.524,19,-35.3590831,149.1686088,99.25,0.5969745950758345,29.12,-0.14,513.8,7.963003717951953,-0.8390166758042065,19.97588539123535
637.624,19,-35.3590567,149.1686086,99.243,0.7171531075435311,29.13,-0.13,513.9,7.963003717951953,-0.8390166758042065,19.97588539123535
637.724,19,-35.3590303,149.1686083,99.288,0.8471348091000472,29.17,-0.12,514.0,7.963003717951953,-0.8390166758042065,19.97588539123535
637.8240000000001,19,-35.359003799999996,149.1686082,99.309,0.9509330871950252,29.17,-0.1,514.1,7.963003717951953,-0.8390166758042065,19.97588539123535
637.924,19,-35.358977599999996,149.168608,99.311,1.0978778837203853,29.150000000000002,-0.07,514.1999999999999,7.973695284232323,-0.8425608946195827,19.873058319091797
638.024,19,-35.358951499999996,149.1686078,99.387,1.198515918663763,29.12,-0.05,514.3,7.973695284232323,-0.8425608946195827,19.873058319091797
638.124,19,-35.3589254,149.1686077,99.433,1.2638768803176712,29.1,-0.04,514.4,7.973695284232323,-0.8425608946195827,19.873058319091797
638.224,19,-35.3588994,149.1686076,99.467,1.22592077204797,29.02,-0.04,514.5,7.973695284232323,-0.8425608946195827,19.873058319091797
638.3240000000001,19,-35.3588735,149.1686075,99.514,1.1688583835139215,28.95,-0.02,514.6,7.973695284232323,-0.8425608946195827,19.873058319091797
638.424,19,-35.3588477,149.16860739999998,99.583,1.0620760598035883,28.88,-0.03,514.6999999999999,7.978222447026934,-0.8460515190842552,20.348438262939453
638.524,19,-35.358821899999995,149.1686073,99.655,0.9481886318091495,28.84,-0.03,514.8,7.978222447026934,-0.8460515190842552,20.348438262939453
638.624,19,-35.3587962,149.1686072,99.674,0.8955815543263592,28.8,-0.02,514.9,7.978222447026934,-0.8460515190842552,20.348438262939453
638.724,19,-35.3587705,149.1686072,99.639,0.906720632367298,28.76,-0.02,515.0,7.978222447026934,-0.8460515190842552,20.348438262939453
638.8240000000001,19,-35.3587448,149.1686071,99.608,0.9073527450306416,28.72,0.0,515.1,7.978222447026934,-0.8460515190842552,20.348438262939453
638.924,19,-35.3587191,149.1686071,99.604,0.9761215441935629,28.66,0.06,515.1999999999999,7.97698825909005,-0.8491646967468237,20.193023681640625
639.025,19,-35.3586935,149.1686071,99.619,0.9694240101038365,28.62,0.11,515.3009999999999,7.97698825909005,-0.8491646967468237,20.193023681640625
639.125,19,-35.3586674,149.1686071,99.626,0.9843201190751054,28.57,0.16,515.401,7.97698825909005,-0.8491646967468237,20.193023681640625
639.225,19,-35.3586417,149.1686073,99.671,0.8583411751764812,28.5,0.19,515.501,7.97698825909005,-0.8491646967468237,20.193023681640625
639.325,19,-35.3586159,149.1686075,99.721,0.568866445650528,28.42,0.18,515.601,7.97698825909005,-0.8491646967468237,20.193023681640625
639.424,19,-35.3585902,149.1686077,99.789,0.28708370974919917,28.330000000000002,0.2,515.6999999999999,7.974662117735287,-0.8512196375385024,20.492244720458984
639.524,19,-35.3585645,149.1686078,99.875,-0.053898586880570976,28.25,0.2,515.8,7.974662117735287,-0.8512196375385024,20.492244720458984
639.624,19,-35.3585389,149.168608,99.941,-0.39646598765577995,28.16,0.19,515.9,7.974662117735287,-0.8512196375385024,20.492244720458984
639.724,19,-35.3585134,149.1686082,99.967,-0.6858341822389369,28.09,0.19,516.0,7.974662117735287,-0.8512196375385024,20.492244720458984
639.8240000000001,19,-35.358488,149.16860839999998,99.968,-0.9462686016004355,28.01,0.14,516.1,7.974662117735287,-0.8512196375385024,20.492244720458984
639.924,19,-35.3584629,149.1686085,99.999,-1.1967233141717522,27.93,0.07,516.1999999999999,7.96402920850976,-0.8517879344997772,20.531888961791992
640.024,19,-35.3584378,149.1686085,99.967,-1.4011255829859635,27.84,0.0,516.3,7.96402920850976,-0.8517879344997772,20.531888961791992
640.124,19,-35.358413,149.16860839999998,99.91,-1.4965745951508356,27.78,-0.08,516.4,7.96402920850976,-0.8517879344997772,20.531888961791992
640.224,19,-35.3583882,149.1686082,99.874,-1.3883096935037866,27.68,-0.11,516.5,7.96402920850976,-0.8517879344997772,20.531888961791992
640.3240000000001,19,-35.358363499999996,149.1686081,99.851,-1.0252833248486106,27.61,-0.14,516.6,7.96402920850976,-0.8517879344997772,20.531888961791992
640.424,19,-35.3583389,149.168608,99.806,-0.5440002882034504,27.490000000000002,-0.16,516.6999999999999,7.939429480124243,-0.8535647684601589,20.653371810913086
640.524,19,-35.3583144,149.1686077,99.755,-0.003208391524615068,27.39,-0.17,516.8,7.939429480124243,-0.8535647684601589,20.653371810913086
640.624,19,-35.35829,149.1686075,99.755,0.5054971778307662,27.27,-0.17,516.9,7.939429480124243,-0.8535647684601589,20.653371810913086
640.724,19,-35.3582658,149.1686073,99.766,1.0303693611810372,27.150000000000002,-0.15,517.0,7.939429480124243,-0.8535647684601589,20.653371810913086
640.8240000000001,19,-35.3582416,149.1686071,99.789,1.460576723460518,27.05,-0.13,517.1,7.939429480124243,-0.8535647684601589,20.653371810913086
640.924,19,-35.3582174,149.16860699999998,99.768,1.7258635119796348,26.96,-0.1,517.1999999999999,7.911276087209166,-0.8574609624325333,20.484865188598633
641.024,19,-35.358193299999996,149.1686069,99.766,1.906898102817646,26.88,-0.06,517.3,7.911276087209166,-0.8574609624325333,20.484865188598633
641.125,19,-35.3581691,149.1686069,99.789,2.022356260877776,26.85,0.0,517.401,7.911276087209166,-0.8574609624325333,20.484865188598633
641.225,19,-35.3581451,149.1686068,99.795,2.053107906955289,26.82,0.0,517.501,7.911276087209166,-0.8574609624325333,20.484865188598633
641.325,19,-35.3581208,149.1686068,99.686,1.939332963638744,26.8,0.0,517.601,7.911276087209166,-0.8574609624325333,20.484865188598633
641.424,19,-35.358096599999996,149.1686069,99.529,1.7631343601765135,26.8,0.03,517.6999999999999,7.883484367450274,-0.8614336763312272,19.5822811126709
641.524,19,-35.358072299999996,149.1686069,99.492,1.4847926255542694,26.87,0.08,517.8,7.883484367450274,-0.8614336763312272,19.5822811126709
641.624,19,-35.358047899999995,149.16860699999998,99.521,1.1904115790484255,26.91,0.09,517.9,7.883484367450274,-0.8614336763312272,19.5822811126709
641.724,19,-35.3580234,149.1686071,99.5,0.9514994592876074,26.95,0.08,518.0,7.883484367450274,-0.8614336763312272,19.5822811126709
641.8240000000001,19,-35.357999,149.1686071,99.456,0.766391461022477,26.98,0.1,518.1,7.883484367450274,-0.8614336763312272,19.5822811126709
641.924,19,-35.3579745,149.1686073,99.48,0.5218411268235191,26.98,0.08,518.1999999999999,7.8682292515221475,-0.8644150758013358,19.247896194458008
642.024,19,-35.357949999999995,149.1686073,99.525,0.28916569014643656,26.98,0.06,518.3,7.8682292515221475,-0.8644150758013358,19.247896194458008
642.124,19,-35.357925699999996,149.16860739999998,99.57000000000001,0.10478575402825391,26.95,0.05,518.4,7.8682292515221475,-0.8644150758013358,19.247896194458008
642.224,19,-35.3579015,149.1686075,99.628,-0.0006654949836270463,26.94,0.03,518.5,7.8682292515221475,-0.8644150758013358,19.247896194458008
642.3240000000001,19,-35.3578774,149.1686075,99.679,-0.0638296719286096,26.93,0.03,518.6,7.8682292515221475,-0.8644150758013358,19.247896194458008
642.424,19,-35.357853299999995,149.1686075,99.745,-0.049531247865409786,26.96,0.02,518.6999999999999,7.852257365615425,-0.8676110323006283,19.5754451751709
642.524,19,-35.3578292,149.1686076,99.779,-0.028368010108777753,26.990000000000002,0.02,518.8,7.852257365615425,-0.8676110323006283,19.5754451751709
642.624,19,-35.357805,149.1686076,99.743,0.021035131689054624,27.02,0.02,518.9,7.852257365615425,-0.8676110323006283,19.5754451751709
642.724,19,-35.3577809,149.1686076,99.652,0.1370786016094899,27.04,0.04,519.0,7.852257365615425,-0.8676110323006283,19.5754451751709
642.8240000000001,19,-35.357756699999996,149.1686077,99.544,0.23872394271309907,27.05,0.04,519.1,7.852257365615425,-0.8676110323006283,19.5754451751709
642.924,19,-35.3577326,149.1686077,99.46900000000001,0.21102174931637194,27.060000000000002,-0.01,519.1999999999999,7.831634643392263,-0.8719641358040571,19.793594360351562
643.024,19,-35.3577083,149.1686077,99.455,0.1211983717685706,27.080000000000002,-0.07,519.3,7.831634643392263,-0.8719641358040571,19.793594360351562
643.124,19,-35.3576841,149.1686076,99.507,0.053588947191459325,27.09,-0.11,519.4,7.831634643392263,-0.8719641358040571,19.793594360351562
643.225,19,-35.3576597,149.1686075,99.57900000000001,0.15766172351886712,27.11,-0.13,519.501,7.831634643392263,-0.8719641358040571,19.793594360351562
643.325,19,-35.357635099999996,149.16860739999998,99.661,0.3242995429067475,27.14,-0.14,519.601,7.831634643392263,-0.8719641358040571,19.793594360351562
643.4250000000001,19,-35.3576106,149.1686072,99.717,0.5717702899039884,27.150000000000002,-0.14,519.701,7.815355151109369,-0.8776117158967172,19.8814754486084
643.524,19,-35.357586,149.1686071,99.752,0.910240954554205,27.13,-0.11,519.8,7.815355151109369,-0.8776117158967172,19.8814754486084
643.624,19,-35.357561499999996,149.16860699999998,99.82600000000001,1.267162841638682,27.1,-0.09,519.9,7.815355151109369,-0.8776117158967172,19.8814754486084
643.724,19,-35.3575368,149.1686069,99.929,1.5385957331937523,27.1,-0.1,520.0,7.815355151109369,-0.8776117158967172,19.8814754486084
643.8240000000001,19,-35.357512299999996,149.1686068,99.98400000000001,1.6855537632106294,27.11,-0.09,520.1,7.815355151109369,-0.8776117158967172,19.8814754486084
643.924,19,-35.3574877,149.1686067,100.007,1.7350975008506688,27.13,-0.08,520.1999999999999,7.800117455704476,-0.8843492638776875,19.812557220458984
644.024,19,-35.3574631,149.1686066,99.995,1.7648614375411746,27.150000000000002,-0.1,520.3,7.800117455704476,-0.8843492638776875,19.812557220458984
644.124,19,-35.357438699999996,149.16860649999998,99.962,1.7118254455228488,27.16,-0.09,520.4,7.800117455704476,-0.8843492638776875,19.812557220458984
644.224,19,-35.357414299999995,149.1686064,99.918,1.6458951235685966,27.18,-0.1,520.5,7.800117455704476,-0.8843492638776875,19.812557220458984
644.3240000000001,19,-35.357389999999995,149.1686063,99.824,1.5769431899585542,27.19,-0.11,520.6,7.800117455704476,-0.8843492638776875,19.812557220458984
644.424,19,-35.357365699999995,149.1686062,99.755,1.555238236158429,27.240000000000002,-0.07,520.6999999999999,7.786838583014672,-0.8923893627015745,19.198936462402344
644.524,19,-35.3573413,149.1686061,99.759,1.5828282517021666,27.28,-0.04,520.8,7.786838583014672,-0.8923893627015745,19.198936462402344
644.624,19,-35.357317,149.1686061,99.774,1.6664296604214168,27.34,-0.01,520.9,7.786838583014672,-0.8923893627015745,19.198936462402344
644.724,19,-35.3572925,149.1686061,99.791,1.77092856651485,27.39,0.02,521.0,7.786838583014672,-0.8923893627015745,19.198936462402344
644.8240000000001,19,-35.357268,149.1686062,99.774,1.8405863574869308,27.44,0.05,521.1,7.786838583014672,-0.8923893627015745,19.198936462402344
644.924,19,-35.357243499999996,149.1686062,99.775,1.8461077116572397,27.47,0.1,521.1999999999999,7.778648749232022,-0.9013752911352428,19.391122817993164
645.024,19,-35.357219,149.1686063,99.84,1.665779191624679,27.5,0.14,521.3,7.778648749232022,-0.9013752911352428,19.391122817993164
645.124,19,-35.3571944,149.16860649999998,99.883,1.4038509351865043,27.53,0.15,521.4,7.778648749232022,-0.9013752911352428,19.391122817993164
645.225,19,-35.3571698,149.1686067,99.923,1.0712629844023729,27.55,0.18,521.501,7.778648749232022,-0.9013752911352428,19.391122817993164
645.325,19,-35.3571447,149.1686069,99.949,0.7181656297271327,27.560000000000002,0.18,521.601,7.778648749232022,-0.9013752911352428,19.391122817993164
645.4250000000001,19,-35.3571198,149.1686072,99.965,0.39624435335329833,27.580000000000002,0.19,521.701,7.771187154400482,-0.9107138601015273,19.657424926757812
645.525,19,-35.3570948,149.16860739999998,100.009,0.13892287274731235,27.61,0.18,521.8009999999999,7.771187154400482,-0.9107138601015273,19.657424926757812
645.624,19,-35.3570698,149.1686076,100.057,-0.1421846616019637,27.66,0.18,521.9,7.771187154400482,-0.9107138601015273,19.657424926757812
645.724,19,-35.357044699999996,149.1686078,100.009,-0.3664422369725493,27.71,0.18,522.0,7.771187154400482,-0.9107138601015273,19.657424926757812
645.8240000000001,19,-35.3570196,149.168608,99.991,-0.5519234143623709,27.76,0.14,522.1,7.771187154400482,-0.9107138601015273,19.657424926757812
645.924,19,-35.3569944,149.1686082,100.009,-0.6440403080684817,27.8,0.15,522.1999999999999,7.768277746080076,-0.9197446388586729,19.769912719726562
646.024,19,-35.3569692,149.16860839999998,100.005,-0.5403507260308421,27.85,0.24,522.3,7.768277746080076,-0.9197446388586729,19.769912719726562
646.124,19,-35.3569442,149.1686087,100.002,-0.3812477125351833,27.88,0.33,522.4,7.768277746080076,-0.9197446388586729,19.769912719726562
646.224,19,-35.3569192,149.1686092,99.998,-0.3712776640593745,27.900000000000002,0.4,522.5,7.768277746080076,-0.9197446388586729,19.769912719726562
646.3240000000001,19,-35.3568942,149.1686097,99.965,-0.5782115318172806,27.91,0.42,522.6,7.768277746080076,-0.9197446388586729,19.769912719726562
646.424,19,-35.3568693,149.1686102,99.999,-0.9625112183335489,27.93,0.43,522.6999999999999,7.7643809260579975,-0.9275455517964167,19.42163848876953
646.524,19,-35.3568444,149.1686107,100.032,-1.4803597260612253,27.97,0.43,522.8,7.7643809260579975,-0.9275455517964167,19.42163848876953
646.624,19,-35.3568194,149.1686112,100.037,-2.074701550016284,28.01,0.41000000000000003,522.9,7.7643809260579975,-0.9275455517964167,19.42163848876953
646.724,19,-35.3567944,149.1686116,100.022,-2.698484157336743,28.05,0.39,523.0,7.7643809260579975,-0.9275455517964167,19.42163848876953
646.8240000000001,19,-35.356769299999996,149.168612,100.017,-3.239589886075136,28.1,0.31,523.1,7.7643809260579975,-0.9275455517964167,19.42163848876953
646.924,19,-35.3567442,149.1686123,100.087,-3.6223963758449633,28.16,0.26,523.1999999999999,7.76620857948459,-0.9315506020233433,19.518400192260742
647.024,19,-35.3567191,149.1686126,100.065,-3.8869885127811483,28.22,0.23,523.3,7.76620857948459,-0.9315506020233433,19.518400192260742
647.124,19,-35.356693799999995,149.1686129,100.034,-4.005535837336828,28.27,0.14,523.4,7.76620857948459,-0.9315506020233433,19.518400192260742
647.224,19,-35.3566685,149.168613,99.999,-3.9378469551147095,28.3,0.1,523.5,7.76620857948459,-0.9315506020233433,19.518400192260742
647.325,19,-35.3566432,149.1686131,100.005,-3.6782758609921298,28.34,0.0,523.601,7.76620857948459,-0.9315506020233433,19.518400192260742
647.4250000000001,19,-35.3566176,149.1686131,100.04,-3.3388178071200234,28.37,0.0,523.701,7.766801419793211,-0.935245477445782,20.01936912536621
647.525,19,-35.356592,149.1686131,100.014,-2.928315113709206,28.39,-0.06,523.8009999999999,7.766801419793211,-0.935245477445782,20.01936912536621
647.625,19,-35.3565664,149.168613,100.046,-2.443855985739137,28.39,-0.09,523.901,7.766801419793211,-0.935245477445782,20.01936912536621
647.724,19,-35.356540599999995,149.1686129,100.089,-1.9931791868473625,28.39,-0.12,524.0,7.766801419793211,-0.935245477445782,20.01936912536621
647.8240000000001,19,-35.356515,149.1686128,100.163,-1.5203493097128864,28.39,-0.11,524.1,7.766801419793211,-0.935245477445782,20.01936912536621
647.924,19,-35.3564892,149.16861269999998,100.193,-1.0538327685273234,28.39,-0.08,524.1999999999999,7.768757633051419,-0.9402984701649694,20.373197555541992
648.024,19,-35.3564635,149.16861269999998,100.2,-0.6384458495297124,28.37,-0.03,524.3,7.768757633051419,-0.9402984701649694,20.373197555541992
648.124,19,-35.3564377,149.16861269999998,100.23100000000001,-0.2787272934648059,28.36,0.02,524.4,7.768757633051419,-0.9402984701649694,20.373197555541992
648.224,19,-35.3564121,149.1686128,100.199,-0.07975100296646799,28.36,0.08,524.5,7.768757633051419,-0.9402984701649694,20.373197555541992
648.3240000000001,19,-35.3563866,149.1686129,100.18,-0.085220803882778,28.330000000000002,0.11,524.6,7.768757633051419,-0.9402984701649694,20.373197555541992
648.424,19,-35.356361199999995,149.168613,100.149,-0.26440977622143114,28.3,0.12,524.6999999999999,7.7640640387856,-0.9444490909027484,20.16197967529297
648.524,19,-35.3563359,149.168613,100.104,-0.5907672337807623,28.27,0.12,524.8,7.7640640387856,-0.9444490909027484,20.16197967529297
648.624,19,-35.3563107,149.16861319999998,100.065,-0.9994148371408336,28.240000000000002,0.12,524.9,7.7640640387856,-0.9444490909027484,20.16197967529297
648.724,19,-35.3562855,149.1686133,100.03,-1.4551151334454466,28.23,0.07,525.0,7.7640640387856,-0.9444490909027484,20.16197967529297
648.8240000000001,19,-35.356260299999995,149.1686133,100.015,-1.8368201484899034,28.240000000000002,0.04,525.1,7.7640640387856,-0.9444490909027484,20.16197967529297
648.924,19,-35.3562351,149.1686134,100.031,-2.076372385041999,28.23,0.03,525.1999999999999,7.758998607643992,-0.9458103716545204,20.090774536132812
649.024,19,-35.356209899999996,149.1686134,100.033,-2.1879386159356913,28.21,0.03,525.3,7.758998607643992,-0.9458103716545204,20.090774536132812
649.124,19,-35.3561847,149.1686134,100.016,-2.1730488035450635,28.19,0.02,525.4,7.758998607643992,-0.9458103716545204,20.090774536132812
649.224,19,-35.3561595,149.1686134,99.98100000000001,-2.0776137719236485,28.16,-0.01,525.5,7.758998607643992,-0.9458103716545204,20.090774536132812
649.3240000000001,19,-35.356134399999995,149.1686134,100.045,-1.9172876743188816,28.11,-0.03,525.6,7.758998607643992,-0.9458103716545204,20.090774536132812
649.4250000000001,19,-35.3561093,149.1686133,100.092,-1.7117297161527627,28.09,-0.04,525.701,7.753195376549481,-0.9463330379369338,20.05355453491211
649.525,19,-35.3560837,149.1686133,100.163,-1.51263023545542,28.080000000000002,-0.04,525.8009999999999,7.753195376549481,-0.9463330379369338,20.05355453491211
649.625,19,-35.356058399999995,149.16861319999998,100.20700000000001,-1.389312450651309,28.07,-0.06,525.901,7.753195376549481,-0.9463330379369338,20.05355453491211
649.725,19,-35.356033,149.1686131,100.22,-1.2821381381156407,28.060000000000002,-0.06,526.001,7.753195376549481,-0.9463330379369338,20.05355453491211
649.8240000000001,19,-35.3560076,149.1686131,100.272,-1.1823004092439182,28.04,-0.05,526.1,7.753195376549481,-0.9463330379369338,20.05355453491211
649.924,19,-35.3559822,149.1686131,100.282,-1.0383361365176222,28.0,-0.02,526.1999999999999,7.747645510377486,-0.9470607833373449,20.40067481994629
650.024,19,-35.355956899999995,149.168613,100.266,-0.9004728235457347,27.93,0.0,526.3,7.747645510377486,-0.9470607833373449,20.40067481994629
650.124,19,-35.3559316,149.168613,100.284,-0.7989648999785324,27.87,0.0,526.4,7.747645510377486,-0.9470607833373449,20.40067481994629
650.224,19,-35.355906399999995,149.1686131,100.33,-0.7658870942409539,27.8,0.01,526.5,7.747645510377486,-0.9470607833373449,20.40067481994629
650.3240000000001,19,-35.355881499999995,149.1686131,100.31400000000001,-0.817047345558465,27.73,0.0,526.6,7.747645510377486,-0.9470607833373449,20.40067481994629
650.424,19,-35.355856599999996,149.168613,100.34400000000001,-0.9177537357543958,27.67,0.0,526.6999999999999,7.733396632827168,-0.946389274039362,20.644899368286133
650.524,19,-35.3558319,149.168613,100.336,-1.0287293687282937,27.59,0.0,526.8,7.733396632827168,-0.946389274039362,20.644899368286133
650.624,19,-35.355807299999995,149.168613,100.313,-1.126717930603941,27.5,-0.02,526.9,7.733396632827168,-0.946389274039362,20.644899368286133
650.724,19,-35.3557828,149.168613,100.288,-1.199264998316643,27.41,-0.02,527.0,7.733396632827168,-0.946389274039362,20.644899368286133
650.8240000000001,19,-35.3557584,149.1686129,100.254,-1.2160480537678338,27.32,-0.02,527.1,7.733396632827168,-0.946389274039362,20.644899368286133
650.924,19,-35.3557341,149.1686129,100.239,-1.2598765238981593,27.23,-0.04,527.1999999999999,7.70843454896385,-0.9446597036947161,20.634946823120117
651.024,19,-35.3557098,149.1686128,100.206,-1.1710823571407012,27.150000000000002,0.03,527.3,7.70843454896385,-0.9446597036947161,20.634946823120117
651.124,19,-35.3556856,149.1686129,100.154,-0.9054362366382183,27.1,0.13,527.4,7.70843454896385,-0.9446597036947161,20.634946823120117
651.224,19,-35.3556615,149.168613,100.132,-0.6851156783547633,27.060000000000002,0.21,527.5,7.70843454896385,-0.9446597036947161,20.634946823120117
651.3240000000001,19,-35.3556373,149.16861319999998,100.07600000000001,-0.6619748373642014,27.02,0.27,527.6,7.70843454896385,-0.9446597036947161,20.634946823120117
651.424,19,-35.3556131,149.1686135,100.006,-0.8953756881559068,27.01,0.3,527.6999999999999,7.683655623672115,-0.9422067211121747,19.730905532836914
651.525,19,-35.355589,149.1686138,99.956,-1.384621284630274,27.01,0.27,527.8009999999999,7.683655623672115,-0.9422067211121747,19.730905532836914
651.625,19,-35.3555646,149.16861409999999,99.921,-2.07905750315946,27.01,0.23,527.901,7.683655623672115,-0.9422067211121747,19.730905532836914
651.725,19,-35.3555402,149.1686143,99.93,-2.7125776123588294,27.03,0.18,528.001,7.683655623672115,-0.9422067211121747,19.730905532836914
651.8240000000001,19,-35.3555158,149.1686144,99.924,-3.1583324061799636,27.07,0.19,528.1,7.683655623672115,-0.9422067211121747,19.730905532836914
651.924,19,-35.355491199999996,149.16861459999998,99.925,-3.4190635652443877,27.13,0.15,528.1999999999999,7.670076863308937,-0.9362500209098686,19.589113235473633
652.024,19,-35.3554666,149.1686148,99.93900000000001,-3.4874013154376575,27.2,0.18,528.3,7.670076863308937,-0.9362500209098686,19.589113235473633
652.124,19,-35.355441899999995,149.1686149,99.94800000000001,-3.4749684501575304,27.28,0.14,528.4,7.670076863308937,-0.9362500209098686,19.589113235473633
652.224,19,-35.3554171,149.168615,99.965,-3.4228929534912376,27.37,0.11,528.5,7.670076863308937,-0.9362500209098686,19.589113235473633
652.3240000000001,19,-35.3553922,149.16861509999998,99.928,-3.377535588203887,27.46,0.1,528.6,7.670076863308937,-0.9362500209098686,19.589113235473633
652.424,19,-35.3553673,149.1686152,99.881,-3.297931227531269,27.53,0.06,528.6999999999999,7.664241900999258,-0.9279817506200583,18.84389877319336
652.524,19,-35.3553425,149.1686152,99.86200000000001,-3.197984429076238,27.6,0.0,528.8,7.664241900999258,-0.9279817506200583,18.84389877319336
652.624,19,-35.3553176,149.16861509999998,99.85900000000001,-3.1370792053604113,27.69,-0.03,528.9,7.664241900999258,-0.9279817506200583,18.84389877319336
652.724,19,-35.3552928,149.168615,99.855,-3.0554306971352556,27.79,-0.08,529.0,7.664241900999258,-0.9279817506200583,18.84389877319336
652.8240000000001,19,-35.3552679,149.168615,99.868,-2.8342832590754057,27.900000000000002,-0.13,529.1,7.664241900999258,-0.9279817506200583,18.84389877319336
652.924,19,-35.3552429,149.1686147,99.857,-2.589705497398062,28.01,-0.23,529.1999999999999,7.670200465551762,-0.9175563818435063,18.68870735168457
653.024,19,-35.3552178,149.1686144,99.86500000000001,-2.422866387532865,28.12,-0.35000000000000003,529.3,7.670200465551762,-0.9175563818435063,18.68870735168457
653.124,19,-35.355192699999996,149.1686139,99.876,-2.117560133284468,28.22,-0.42,529.4,7.670200465551762,-0.9175563818435063,18.68870735168457
653.224,19,-35.3551674,149.1686133,99.896,-1.6584746244724675,28.310000000000002,-0.49,529.5,7.670200465551762,-0.9175563818435063,18.68870735168457
653.3240000000001,19,-35.3551421,149.16861269999998,99.949,-0.9354954722886213,28.400000000000002,-0.52,529.6,7.670200465551762,-0.9175563818435063,18.68870735168457
653.424,19,-35.355116599999995,149.1686121,99.98,-0.0956405242658969,28.46,-0.52,529.6999999999999,7.679661865033425,-0.9082220344525215,19.506393432617188
653.524,19,-35.355091099999996,149.1686115,99.992,0.8056149962700389,28.52,-0.52,529.8,7.679661865033425,-0.9082220344525215,19.506393432617188
653.625,19,-35.3550654,149.1686109,99.982,1.5787370751110346,28.55,-0.51,529.901,7.679661865033425,-0.9082220344525215,19.506393432617188
653.725,19,-35.3550396,149.16861029999998,100.039,2.1938384052747013,28.57,-0.48,530.001,7.679661865033425,-0.9082220344525215,19.506393432617188
653.825,19,-35.3550138,149.16860979999998,100.11500000000001,2.686933453676605,28.62,-0.42,530.101,7.679661865033425,-0.9082220344525215,19.506393432617188
653.924,19,-35.354987799999996,149.1686092,100.135,3.0272837010090448,28.67,-0.45,530.1999999999999,7.6866485526293795,-0.9020331509120902,20.05881118774414
654.024,19,-35.3549618,149.1686087,100.098,3.226027905147841,28.7,-0.46,530.3,7.6866485526293795,-0.9020331509120902,20.05881118774414
654.124,19,-35.3549357,149.1686082,100.078,3.2939699312560733,28.740000000000002,-0.41000000000000003,530.4,7.6866485526293795,-0.9020331509120902,20.05881118774414
654.224,19,-35.3549097,149.1686077,100.042,3.3336917501479286,28.76,-0.43,530.5,7.6866485526293795,-0.9020331509120902,20.05881118774414
654.3240000000001,19,-35.3548836,149.1686073,99.985,3.335288093423008,28.79,-0.38,530.6,7.6866485526293795,-0.9020331509120902,20.05881118774414
654.424,19,-35.3548575,149.1686069,99.95400000000001,3.398675237128488,28.8,-0.31,530.6999999999999,7.69294708560465,-0.8977277111194517,19.94219207763672
654.524,19,-35.3548316,149.1686066,99.95400000000001,3.4666682762120837,28.82,-0.28,530.8,7.69294708560465,-0.8977277111194517,19.94219207763672
654.624,19,-35.3548058,149.1686063,99.937,3.540914566924238,28.830000000000002,-0.22,530.9,7.69294708560465,-0.8977277111194517,19.94219207763672
654.724,19,-35.35478,149.1686061,99.933,3.553309439277107,28.830000000000002,-0.16,531.0,7.69294708560465,-0.8977277111194517,19.94219207763672
654.8240000000001,19,-35.354754199999995,149.1686059,99.94500000000001,3.4899152519390455,28.84,-0.15,531.1,7.69294708560465,-0.8977277111194517,19.94219207763672
654.924,19,-35.3547285,149.1686058,99.932,3.3434360822160096,28.830000000000002,-0.15,531.1999999999999,7.699301320305484,-0.8923136502828217,19.971586227416992
655.024,19,-35.3547027,149.1686056,99.94200000000001,3.071297013133784,28.810000000000002,-0.14,531.3,7.699301320305484,-0.8923136502828217,19.971586227416992
655.124,19,-35.354677099999996,149.1686054,99.989,2.805399883179303,28.79,-0.16,531.4,7.699301320305484,-0.8923136502828217,19.971586227416992
655.224,19,-35.3546513,149.1686053,100.017,2.5918064208980756,28.8,-0.15,531.5,7.699301320305484,-0.8923136502828217,19.971586227416992
655.3240000000001,19,-35.3546256,149.16860509999998,100.042,2.426541669636566,28.79,-0.14,531.6,7.699301320305484,-0.8923136502828217,19.971586227416992
655.424,19,-35.3545999,149.16860499999999,100.078,2.3217529073902305,28.78,-0.12,531.6999999999999,7.7014927412514105,-0.8875731666759616,20.5886173248291
655.524,19,-35.3545742,149.1686049,100.09400000000001,2.2935282178622107,28.740000000000002,-0.12,531.8,7.7014927412514105,-0.8875731666759616,20.5886173248291
655.624,19,-35.3545486,149.1686048,100.071,2.3563838874728993,28.68,-0.08,531.9,7.7014927412514105,-0.8875731666759616,20.5886173248291
655.725,19,-35.3545227,149.1686047,100.101,2.402326728038167,28.6,-0.04,532.001,7.7014927412514105,-0.8875731666759616,20.5886173248291
655.825,19,-35.3544972,149.1686047,100.13,2.4369515182619,28.51,0.0,532.101,7.7014927412514105,-0.8875731666759616,20.5886173248291
655.9250000000001,19,-35.354471499999995,149.1686047,100.17,2.4545100136272993,28.43,0.06,532.201,7.697901305115704,-0.8848223785149237,20.416933059692383
656.024,19,-35.3544459,149.1686048,100.223,2.416821883560815,28.38,0.1,532.3,7.697901305115704,-0.8848223785149237,20.416933059692383
656.124,19,-35.3544201,149.1686049,100.255,2.244311795693803,28.35,0.15,532.4,7.697901305115704,-0.8848223785149237,20.416933059692383
656.224,19,-35.3543945,149.16860509999998,100.292,1.9425139108012657,28.330000000000002,0.17,532.5,7.697901305115704,-0.8848223785149237,20.416933059692383
656.3240000000001,19,-35.354368799999996,149.1686054,100.275,1.5713337903809754,28.310000000000002,0.2,532.6,7.697901305115704,-0.8848223785149237,20.416933059692383
656.424,19,-35.354343199999995,149.1686056,100.255,1.1253420743730067,28.26,0.21,532.6999999999999,7.692895264214093,-0.8823933199667983,20.633811950683594
656.524,19,-35.3543178,149.1686059,100.21600000000001,0.6551359503751674,28.22,0.22,532.8,7.692895264214093,-0.8823933199667983,20.633811950683594
656.624,19,-35.3542925,149.1686062,100.196,0.2788984217200265,28.150000000000002,0.22,532.9,7.692895264214093,-0.8823933199667983,20.633811950683594
656.724,19,-35.3542673,149.1686064,100.223,-0.021106381767876967,28.09,0.22,533.0,7.692895264214093,-0.8823933199667983,20.633811950683594
656.8240000000001,19,-35.3542422,149.1686067,100.273,-0.3070786082967355,28.04,0.2,533.1,7.692895264214093,-0.8823933199667983,20.633811950683594
656.924,19,-35.3542171,149.1686069,100.33500000000001,-0.5039615592062769,27.990000000000002,0.18,533.1999999999999,7.680857940115028,-0.8790086117463485,20.326393127441406
657.024,19,-35.3541922,149.1686072,100.34,-0.6246316852116558,27.92,0.18,533.3,7.680857940115028,-0.8790086117463485,20.326393127441406
657.124,19,-35.3541673,149.16860739999998,100.337,-0.6588782537100997,27.830000000000002,0.2,533.4,7.680857940115028,-0.8790086117463485,20.326393127441406
657.224,19,-35.3541424,149.1686077,100.339,-0.595654927822994,27.75,0.27,533.5,7.680857940115028,-0.8790086117463485,20.326393127441406
657.3240000000001,19,-35.354117599999995,149.1686081,100.346,-0.502935109840071,27.69,0.36,533.6,7.680857940115028,-0.8790086117463485,20.326393127441406
657.424,19,-35.3540929,149.1686086,100.32300000000001,-0.45613540069908404,27.650000000000002,0.44,533.6999999999999,7.671388588643071,-0.8751370575644369,19.725378036499023
657.524,19,-35.3540682,149.1686091,100.318,-0.6222268182935766,27.650000000000002,0.48,533.8,7.671388588643071,-0.8751370575644369,19.725378036499023
657.624,19,-35.3540434,149.1686097,100.277,-1.0635887332613345,27.650000000000002,0.49,533.9,7.671388588643071,-0.8751370575644369,19.725378036499023
657.725,19,-35.3540187,149.16861029999998,100.151,-1.6171129198495744,27.66,0.51,534.001,7.671388588643071,-0.8751370575644369,19.725378036499023
657.825,19,-35.353993599999995,149.1686109,100.047,-2.238134743363173,27.7,0.47000000000000003,534.101,7.671388588643071,-0.8751370575644369,19.725378036499023
657.9250000000001,19,-35.3539685,149.1686114,100.006,-2.8884880672154503,27.77,0.42,534.201,7.6647337835828315,-0.8690723119406436,19.942264556884766
658.025,19,-35.3539435,149.1686119,99.964,-3.475473030382465,27.8,0.38,534.3009999999999,7.6647337835828315,-0.8690723119406436,19.942264556884766
658.124,19,-35.353918199999995,149.1686123,99.95400000000001,-3.9644249287225217,27.86,0.28,534.4,7.6647337835828315,-0.8690723119406436,19.942264556884766
658.224,19,-35.3538929,149.1686126,99.944,-4.3291139148320665,27.85,0.21,534.5,7.6647337835828315,-0.8690723119406436,19.942264556884766
658.3240000000001,19,-35.3538676,149.1686128,99.94500000000001,-4.47767821324266,27.830000000000002,0.11,534.6,7.6647337835828315,-0.8690723119406436,19.942264556884766
658.424,19,-35.3538424,149.168613,99.96600000000001,-4.383057468236358,27.8,0.05,534.6999999999999,7.657332693430501,-0.8613227045111077,20.060094833374023
658.524,19,-35.3538172,149.1686131,100.036,-4.084979902007363,27.77,0.01,534.8,7.657332693430501,-0.8613227045111077,20.060094833374023
658.624,19,-35.353792,149.1686131,100.08500000000001,-3.629678211273843,27.75,-0.01,534.9,7.657332693430501,-0.8613227045111077,20.060094833374023
658.724,19,-35.3537671,149.1686131,100.12,-3.081075923034538,27.75,-0.01,535.0,7.657332693430501,-0.8613227045111077,20.060094833374023
658.8240000000001,19,-35.3537421,149.1686131,100.093,-2.5450151427718457,27.75,-0.03,535.1,7.657332693430501,-0.8613227045111077,20.060094833374023
658.924,19,-35.3537173,149.16861319999998,100.086,-2.0464764336014416,27.76,-0.06,535.1999999999999,7.650743792210186,-0.8533380900071612,19.761444091796875
659.024,19,-35.3536925,149.16861319999998,100.023,-1.658482628600401,27.77,-0.04,535.3,7.650743792210186,-0.8533380900071612,19.761444091796875
659.124,19,-35.3536676,149.16861319999998,99.905,-1.3191470912465317,27.8,-0.05,535.4,7.650743792210186,-0.8533380900071612,19.761444091796875
659.224,19,-35.353642799999996,149.1686131,99.815,-1.043782465328767,27.86,-0.05,535.5,7.650743792210186,-0.8533380900071612,19.761444091796875
659.3240000000001,19,-35.353617799999995,149.1686131,99.779,-0.9315675799073351,27.94,-0.11,535.6,7.650743792210186,-0.8533380900071612,19.761444091796875
659.424,19,-35.353592899999995,149.1686129,99.724,-1.124017658004259,27.97,-0.21,535.6999999999999,7.645064320485002,-0.844746725943167,19.68828010559082
659.524,19,-35.3535678,149.1686126,99.673,-1.3669380315908166,28.03,-0.35000000000000003,535.8,7.645064320485002,-0.844746725943167,19.68828010559082
659.624,19,-35.3535428,149.16861219999998,99.69500000000001,-1.399396264465481,28.060000000000002,-0.45,535.9,7.645064320485002,-0.844746725943167,19.68828010559082
659.724,19,-35.353517599999996,149.16861169999999,99.765,-1.163225398439365,28.09,-0.51,536.0,7.645064320485002,-0.844746725943167,19.68828010559082
659.825,19,-35.3534925,149.1686111,99.812,-0.542321609132361,28.080000000000002,-0.51,536.101,7.645064320485002,-0.844746725943167,19.68828010559082
659.9250000000001,20,-35.3534669,149.1686105,99.896,0.3193755634845501,28.080000000000002,-0.51,536.201,7.644531393447517,-0.837408076724178,19.74656867980957
660.025,20,-35.3534416,149.16861,99.989,1.240839719464276,28.09,-0.47000000000000003,536.3009999999999,7.644531393447517,-0.837408076724178,19.74656867980957
660.125,20,-35.3534161,149.1686095,100.08800000000001,1.7534310092434524,28.14,-0.43,536.401,7.644531393447517,-0.837408076724178,19.74656867980957
660.224,20,-35.3533906,149.168609,100.164,0.6672645520721118,28.2,-0.37,536.5,7.644531393447517,-0.837408076724178,19.74656867980957
660.3240000000001,20,-35.353364899999995,149.1686086,100.221,-3.1433783473224555,28.27,-0.34,536.6,7.644531393447517,-0.837408076724178,19.74656867980957
660.424,20,-35.3533393,149.1686082,100.205,-9.638063716105714,28.34,-0.39,536.6999999999999,7.650805127262866,-0.832821164345729,19.351272583007812
660.524,20,-35.3533135,149.1686076,100.146,-17.74278582203671,28.41,-0.71,536.8,7.650805127262866,-0.832821164345729,19.351272583007812
660.624,20,-35.3532878,149.1686066,100.089,-26.45461356121252,28.46,-1.22,536.9,7.650805127262866,-0.832821164345729,19.351272583007812
660.724,20,-35.353262199999996,149.1686049,100.011,-34.508854592761594,28.5,-1.62,537.0,7.650805127262866,-0.832821164345729,19.351272583007812
660.8240000000001,20,-35.353236599999995,149.1686028,99.876,-40.74337613506836,28.53,-2.23,537.1,7.650805127262866,-0.832821164345729,19.351272583007812
660.924,20,-35.353211099999996,149.1685996,99.762,-44.30300776819596,28.53,-3.2,537.1999999999999,7.662020660109145,-0.8268926868831438,19.374677658081055
661.024,20,-35.353185499999995,149.16859549999998,99.664,-45.66433618676579,28.490000000000002,-4.12,537.3,7.662020660109145,-0.8268926868831438,19.374677658081055
