time_s,seq,latitude_deg,longitude_deg,altitude_m,roll_deg,vn_mps,ve_mps
76.224,1,-35.360622299999996,149.1655917,99.968,33.71616332825742,-15.36,13.61
76.324,1,-35.3606361,149.1656064,99.977,34.07459116533218,-15.77,13.32
76.424,1,-35.3606504,149.1656209,99.986,34.416923661627806,-16.18,13.02
76.524,1,-35.3606651,149.16563499999998,99.997,35.05111014115808,-16.580000000000002,12.71
76.624,1,-35.360680099999996,149.1656487,100.008,36.27038087027539,-16.990000000000002,12.370000000000001
76.72500000000001,1,-35.3606955,149.1656621,100.02,38.05431358336142,-17.43,12.01
76.825,1,-35.3607114,149.16567519999998,100.029,40.0826987668422,-17.900000000000002,11.59
76.925,1,-35.3607279,149.1656878,100.032,41.9935261494233,-18.41,11.14
77.025,1,-35.3607447,149.1656999,100.032,43.58319462213583,-18.95,10.65
77.124,1,-35.360762199999996,149.1657114,100.03,44.61506203590092,-19.51,10.120000000000001
77.224,1,-35.3607802,149.1657224,100.031,45.11018927902431,-20.09,9.53
77.324,1,-35.3607987,149.16573259999998,100.041,45.21387496571969,-20.67,8.88
77.424,1,-35.3608177,149.1657421,100.063,45.085214692324165,-21.21,8.2
77.524,1,-35.3608373,149.16575079999998,100.10000000000001,44.892449678473476,-21.72,7.51
77.624,1,-35.3608572,149.1657588,100.148,44.749572366320564,-22.16,6.8100000000000005
77.724,1,-35.3608773,149.1657659,100.209,44.70023449485098,-22.55,6.1000000000000005
77.824,1,-35.360897699999995,149.1657722,100.275,44.67747288944191,-22.88,5.41
77.924,1,-35.3609183,149.1657778,100.34700000000001,44.68800845623666,-23.17,4.74
78.024,1,-35.3609392,149.1657826,100.419,44.77269938685023,-23.42,4.08
78.124,1,-35.3609602,149.16578669999998,100.489,44.87252601666455,-23.63,3.45
78.224,1,-35.3609813,149.16579009999998,100.55,44.928185228210985,-23.81,2.82
78.324,1,-35.3610027,149.16579289999999,100.602,44.92565805821808,-23.97,2.21
78.424,1,-35.3610241,149.165795,100.644,44.8863400742609,-24.11,1.58
78.524,1,-35.3610457,149.1657964,100.678,44.87514197911666,-24.23,0.96
78.624,1,-35.361067399999996,149.1657971,100.702,44.859330091188085,-24.330000000000002,0.31
78.724,1,-35.361089199999995,149.1657971,100.72,44.820517541229485,-24.42,-0.34
78.825,1,-35.361111099999995,149.16579629999998,100.732,44.81954765436735,-24.490000000000002,-1.03
78.925,1,-35.3611334,149.16579489999998,100.736,44.80847933281734,-24.560000000000002,-1.72
79.025,1,-35.3611556,149.1657926,100.73700000000001,44.85931301571516,-24.59,-2.43
79.125,1,-35.3611779,149.1657895,100.735,44.89804360340372,-24.61,-3.16
79.224,1,-35.3612002,149.1657855,100.73400000000001,44.927362190416,-24.6,-3.91
79.324,1,-35.3612225,149.1657808,100.73400000000001,44.94552024832448,-24.57,-4.65
79.424,1,-35.3612448,149.16577519999998,100.735,44.9228064542396,-24.51,-5.39
79.524,1,-35.361267,149.1657688,100.738,44.921406265459744,-24.43,-6.12
79.624,1,-35.3612891,149.1657616,100.741,44.92820913387308,-24.32,-6.8500000000000005
79.724,1,-35.3613108,149.16575369999998,100.746,44.89462509372413,-24.18,-7.5600000000000005
79.824,1,-35.361332499999996,149.165745,100.752,44.81916174867924,-24.01,-8.26
79.924,1,-35.361353799999996,149.16573549999998,100.761,44.79536536961091,-23.81,-8.96
80.024,1,-35.361374999999995,149.16572539999999,100.77,44.76465683910254,-23.59,-9.64
80.124,1,-35.3613959,149.16571439999998,100.78,44.77945444393937,-23.35,-10.31
80.224,1,-35.3614167,149.1657028,100.788,44.83839214628741,-23.09,-10.97
80.324,1,-35.361437099999996,149.1656904,100.796,44.877153469827235,-22.8,-11.63
80.424,1,-35.3614573,149.1656773,100.802,44.88689673467826,-22.490000000000002,-12.27
80.524,1,-35.361477199999996,149.1656636,100.806,44.85998920444299,-22.16,-12.9
80.624,1,-35.3614969,149.1656491,100.808,44.84346014665156,-21.81,-13.530000000000001
80.724,1,-35.3615162,149.1656339,100.808,44.854193788932236,-21.44,-14.13
80.824,1,-35.3615352,149.1656181,100.806,44.85507829842975,-21.05,-14.73
80.925,1,-35.361553799999996,149.1656016,100.801,44.83192395714341,-20.650000000000002,-15.3
81.025,1,-35.3615723,149.1655844,100.792,44.78339204799588,-20.23,-15.88
81.125,1,-35.3615904,149.1655664,100.777,44.77349851898312,-19.8,-16.44
81.224,1,-35.361608,149.1655479,100.762,44.77528461345108,-19.34,-16.990000000000002
81.324,1,-35.3616254,149.16552869999998,100.745,44.79127408629808,-18.88,-17.53
81.424,1,-35.3616423,149.1655089,100.727,44.8329962968431,-18.39,-18.06
81.524,1,-35.3616588,149.16548849999998,100.705,44.862618827273444,-17.88,-18.580000000000002
81.624,1,-35.361674799999996,149.1654676,100.684,44.91486977442405,-17.35,-19.080000000000002
81.724,1,-35.3616903,149.165446,100.663,44.88234782869103,-16.79,-19.57
81.824,1,-35.361705199999996,149.165424,100.644,44.88818081024222,-16.21,-20.04
81.924,1,-35.3617195,149.1654017,100.631,44.89807433925498,-15.610000000000001,-20.48
82.024,1,-35.3617333,149.1653789,100.62,44.861123015845216,-15.0,-20.900000000000002
82.124,1,-35.3617464,149.1653558,100.613,44.83906833501524,-14.36,-21.29
82.224,1,-35.361759,149.1653323,100.60600000000001,44.805996559054044,-13.73,-21.64
82.324,1,-35.361771,149.1653084,100.601,44.799839143517275,-13.09,-21.97
82.424,1,-35.361782399999996,149.1652842,100.595,44.79323093549529,-12.44,-22.28
82.524,1,-35.3617932,149.16525959999998,100.59,44.79569663378566,-11.790000000000001,-22.57
82.624,1,-35.3618034,149.1652348,100.583,44.8350931649183,-11.13,-22.830000000000002
82.724,1,-35.3618131,149.1652097,100.574,44.87916154544322,-10.46,-23.07
82.824,1,-35.3618221,149.1651842,100.563,44.93025819062408,-9.78,-23.29
82.924,1,-35.361830499999996,149.16515859999998,100.55,44.92414175622233,-9.09,-23.490000000000002
83.025,1,-35.361838399999996,149.1651325,100.534,44.89779430149901,-8.39,-23.67
83.125,1,-35.361845699999996,149.1651062,100.513,44.85552909091497,-7.69,-23.830000000000002
83.22500000000001,1,-35.361852299999995,149.1650797,100.49000000000001,44.86257101594926,-6.98,-23.97
83.324,1,-35.3618583,149.165053,100.465,44.87967039453638,-6.26,-24.09
83.424,1,-35.3618636,149.1650262,100.44200000000001,44.88411343259148,-5.5200000000000005,-24.19
83.524,1,-35.3618683,149.16499919999998,100.419,44.86594512939924,-4.78,-24.26
83.624,1,-35.3618723,149.1649722,100.4,44.860965921494305,-4.05,-24.310000000000002
83.724,1,-35.3618757,149.16494509999998,100.381,44.848162731895115,-3.3200000000000003,-24.330000000000002
83.824,1,-35.3618783,149.1649181,100.364,44.8354346743768,-2.59,-24.32
83.924,1,-35.3618804,149.1648913,100.35000000000001,44.85112361890032,-1.87,-24.28
84.024,1,-35.3618817,149.1648646,100.33800000000001,44.84464518447256,-1.1300000000000001,-24.21
84.124,1,-35.3618824,149.1648381,100.32900000000001,44.82993295700035,-0.4,-24.1
84.224,1,-35.3618824,149.1648118,100.32000000000001,44.87919569638907,0.32,-23.97
84.324,1,-35.3618818,149.16478569999998,100.311,44.96623621207713,1.05,-23.81
84.424,1,-35.3618806,149.1647597,100.303,45.017503611987244,1.77,-23.62
84.524,1,-35.3618787,149.16473399999998,100.298,45.021253385841575,2.5,-23.41
84.624,1,-35.3618762,149.1647085,100.294,44.99561285569735,3.22,-23.17
84.724,1,-35.361872999999996,149.1646833,100.292,44.94903438065245,3.92,-22.900000000000002
84.824,1,-35.3618692,149.16465829999999,100.289,44.91864003884589,4.6000000000000005,-22.62
84.924,1,-35.3618648,149.1646337,100.285,44.88360458349831,5.25,-22.31
85.024,1,-35.3618598,149.1646094,100.279,44.81455820117865,5.89,-21.990000000000002
85.125,1,-35.361854199999996,149.1645852,100.271,44.81225642742836,6.5200000000000005,-21.650000000000002
85.22500000000001,1,-35.361848099999996,149.16456159999998,100.263,44.850625015090905,7.13,-21.3
85.325,1,-35.3618413,149.16453819999998,100.248,44.840188486039125,7.74,-20.92
85.424,1,-35.361834099999996,149.16451519999998,100.232,44.81583203145886,8.35,-20.52
85.524,1,-35.361826199999996,149.1644926,100.21300000000001,44.87488243192821,8.94,-20.11
85.624,1,-35.3618178,149.1644705,100.193,44.90482939634413,9.52,-19.67
85.724,1,-35.3618089,149.1644488,100.17,44.87734813021858,10.08,-19.22
85.824,1,-35.3617995,149.1644277,100.149,44.844990109025645,10.64,-18.740000000000002
85.924,1,-35.361789699999996,149.1644072,100.135,44.86448346891686,11.18,-18.22
86.024,1,-35.361779399999996,149.16438739999998,100.125,44.837138806574714,11.700000000000001,-17.68
86.124,1,-35.3617687,149.1643683,100.119,44.85178273215522,12.200000000000001,-17.12
86.224,1,-35.361757499999996,149.1643498,100.11500000000001,44.8587802609599,12.67,-16.54
86.324,1,-35.361746,149.16433189999998,100.11200000000001,44.88994641414267,13.13,-15.94
86.424,1,-35.361734,149.1643148,100.111,44.92711630360588,13.55,-15.34
86.524,1,-35.3617218,149.16429829999998,100.11,44.94448205957063,13.950000000000001,-14.72
86.624,1,-35.3617091,149.1642824,100.11,44.919999246490725,14.32,-14.1
86.724,1,-35.361696099999996,149.1642673,100.11,44.91454192534388,14.68,-13.47
86.824,1,-35.3616828,149.16425289999998,100.107,44.900198528086854,15.0,-12.83
86.924,1,-35.361669299999996,149.1642391,100.101,44.87420965829496,15.3,-12.200000000000001
87.024,1,-35.3616554,149.16422599999999,100.09400000000001,44.85098018492774,15.58,-11.55
87.125,1,-35.361641299999995,149.1642137,100.08500000000001,44.84242878808689,15.84,-10.88
87.22500000000001,1,-35.3616269,149.164202,100.07600000000001,44.889522942414125,16.080000000000002,-10.200000000000001
87.325,1,-35.361612199999996,149.164191,100.06400000000001,44.94759321073757,16.31,-9.49
87.425,1,-35.3615974,149.1641809,100.054,44.988451402352595,16.52,-8.790000000000001
87.524,1,-35.3615822,149.16417149999998,100.042,44.99308910079903,16.7,-8.09
87.624,1,-35.361567,149.16416289999998,100.03,44.94773322961556,16.86,-7.37
87.724,1,-35.3615516,149.164155,100.016,44.89896226384708,16.990000000000002,-6.65
87.824,1,-35.361536099999995,149.16414799999998,100.003,44.881186696532126,17.1,-5.93
87.924,1,-35.3615205,149.16414179999998,99.989,44.89170860294853,17.18,-5.19
88.024,1,-35.3615049,149.1641364,99.979,44.90714483047276,17.240000000000002,-4.45
88.124,1,-35.361489299999995,149.1641319,99.973,44.90849720792842,17.26,-3.71
88.224,1,-35.3614738,149.1641282,99.96900000000001,44.89582037682888,17.25,-2.96
88.324,1,-35.3614584,149.1641253,99.967,44.87338320540539,17.21,-2.23
88.424,1,-35.361443,149.1641233,99.96600000000001,44.87500196023868,17.150000000000002,-1.51
88.524,1,-35.3614278,149.164122,99.965,44.88150088523395,17.06,-0.79
88.624,1,-35.3614125,149.1641215,99.962,44.866194431303946,16.95,-0.08
88.724,1,-35.361397499999995,149.1641218,99.958,44.85369177002824,16.81,0.62
88.824,1,-35.3613825,149.1641229,99.95400000000001,44.88288058344629,16.65,1.33
88.924,1,-35.361367699999995,149.16412459999998,99.95,44.874291620564996,16.46,2.0300000000000002
89.024,1,-35.361353099999995,149.1641272,99.946,44.88081445122236,16.25,2.72
89.124,1,-35.361338599999996,149.1641306,99.93900000000001,44.91837707656285,16.02,3.41
89.22500000000001,1,-35.3613244,149.1641347,99.931,44.93229017190216,15.76,4.1
89.325,1,-35.3613101,149.1641397,99.919,44.884417376009544,15.47,4.8
89.425,1,-35.3612963,149.1641454,99.91,44.628838527456836,15.16,5.49
89.525,1,-35.3612827,149.1641519,99.899,43.92770936387127,14.83,6.16
89.624,1,-35.3612694,149.1641591,99.891,42.573112096728494,14.49,6.79
89.724,1,-35.361256399999995,149.1641671,99.887,40.451214793321064,14.13,7.38
89.824,1,-35.361243699999996,149.1641756,99.891,37.62609828844205,13.77,7.88
89.924,1,-35.3612313,149.1641846,99.905,34.159254775189076,13.44,8.28
90.024,1,-35.3612193,149.1641939,99.924,30.13715786354908,13.15,8.56
90.124,1,-35.3612076,149.1642034,99.946,25.85422968788464,12.91,8.73
90.224,1,-35.361196,149.16421309999998,99.96000000000001,21.48200020391687,12.71,8.82
90.324,1,-35.361184699999995,149.16422269999998,99.962,17.26563051416691,12.56,8.83
90.424,1,-35.3611735,149.16423229999998,99.944,13.424525931569438,12.450000000000001,8.81
90.524,1,-35.3611624,149.16424189999998,99.903,10.122502566951685,12.370000000000001,8.77
90.624,1,-35.361151299999996,149.16425139999998,99.83800000000001,7.54416335810617,12.3,8.72
90.724,1,-35.361140299999995,149.1642608,99.752,5.71190236088725,12.25,8.69
90.824,1,-35.3611293,149.1642703,99.651,4.548585822111148,12.200000000000001,8.67
90.924,1,-35.361118399999995,149.16427969999998,99.546,3.9087990143482916,12.15,8.68
91.024,1,-35.361107499999996,149.1642891,99.44500000000001,3.675506646170513,12.11,8.71
91.124,1,-35.361096599999996,149.1642986,99.358,3.6583248784265225,12.07,8.75
91.224,1,-35.3610858,149.1643082,99.29,3.6616601451756043,12.030000000000001,8.790000000000001
91.325,1,-35.361075,149.1643178,99.245,3.6398231766254274,11.99,8.83
91.425,1,-35.3610641,149.16432749999998,99.217,3.5527877835792476,11.950000000000001,8.870000000000001
91.525,1,-35.3610533,149.1643373,99.203,3.3225352764689475,11.92,8.91
91.625,1,-35.361042499999996,149.16434719999998,99.19500000000001,2.9198973324439885,11.9,8.94
91.724,1,-35.3610316,149.1643571,99.184,2.4447332381606603,11.9,8.97
91.824,1,-35.3610208,149.1643671,99.169,1.882681026785131,11.9,8.99
91.924,1,-35.3610099,149.1643771,99.143,1.3462121427195304,11.92,9.01
92.024,1,-35.3609991,149.1643871,99.10900000000001,0.8755310537701109,11.93,9.03
92.124,1,-35.3609882,149.1643971,99.07000000000001,0.5457742163969496,11.96,9.05
92.224,1,-35.3609773,149.1644071,99.032,0.34429409460874,11.98,9.07
92.324,1,-35.360966499999996,149.16441709999998,98.998,0.2119872605885767,12.0,9.08
92.424,1,-35.3609557,149.16442709999998,98.96900000000001,0.12397170871607345,12.030000000000001,9.09
92.524,1,-35.3609449,149.164437,98.94800000000001,0.048329711535709426,12.05,9.1
92.624,1,-35.360934,149.164447,98.933,-0.0030768142918689532,12.07,9.11
92.724,1,-35.360923199999995,149.164457,98.926,-0.04993475262980953,12.1,9.120000000000001
92.824,1,-35.360912299999995,149.164467,98.922,-0.0903045857191699,12.120000000000001,9.13
92.924,1,-35.3609015,149.16447689999998,98.92,-0.08841585832078286,12.14,9.14
93.024,1,-35.3608906,149.16448689999999,98.922,-0.05449178614194394,12.15,9.15
93.124,1,-35.3608797,149.16449699999998,98.924,0.025320368361936824,12.17,9.16
93.224,1,-35.3608688,149.164507,98.927,0.160652105735503,12.18,9.18
93.324,1,-35.3608579,149.16451709999998,98.931,0.22800099928342862,12.19,9.19
93.425,1,-35.3608469,149.16452719999998,98.933,0.25887481503363496,12.200000000000001,9.21
93.525,1,-35.3608358,149.1645374,98.934,0.2752895738781739,12.22,9.22
93.625,1,-35.360824799999996,149.1645476,98.934,0.2709098751554619,12.23,9.24
93.724,1,-35.3608137,149.1645579,98.935,0.2454523193757963,12.25,9.26
93.824,1,-35.3608026,149.1645682,98.93900000000001,0.1531647910023542,12.27,9.27
93.924,1,-35.3607914,149.1645785,98.94200000000001,0.07436719306459139,12.290000000000001,9.290000000000001
94.024,1,-35.3607802,149.16458889999998,98.947,0.015386730330592712,12.31,9.3
94.124,1,-35.3607691,149.1645992,98.955,-0.07367907818613906,12.33,9.32
94.224,1,-35.360757899999996,149.1646096,98.968,-0.11807860282388793,12.34,9.33
94.324,1,-35.3607468,149.1646199,98.98400000000001,-0.1150600060562861,12.35,9.34
94.424,1,-35.3607357,149.16463009999998,99.004,-0.12260034813699505,12.36,9.35
94.524,1,-35.3607246,149.1646404,99.026,-0.1619404635079099,12.370000000000001,9.35
94.624,1,-35.3607136,149.1646506,99.045,-0.19454155672597576,12.38,9.35
94.724,1,-35.360702499999995,149.1646609,99.062,-0.17729790373284554,12.38,9.35
94.824,1,-35.3606915,149.1646711,99.078,-0.14133384948304753,12.39,9.35
94.924,1,-35.3606804,149.16468129999998,99.09100000000001,-0.1108678774015916,12.39,9.36
95.024,1,-35.3606694,149.1646916,99.102,-0.09013376428885346,12.39,9.36
95.124,1,-35.3606583,149.1647018,99.11200000000001,-0.08364939346621228,12.39,9.370000000000001
95.224,1,-35.360647199999995,149.1647121,99.122,-0.06392740233067896,12.4,9.370000000000001
95.324,1,-35.3606361,149.1647224,99.132,-0.04809457360239314,12.4,9.370000000000001
95.424,1,-35.360625,149.16473259999998,99.144,-0.03501972056608425,12.4,9.38
95.525,1,-35.3606139,149.164743,99.158,-0.026104502760112717,12.4,9.38
95.625,1,-35.360602799999995,149.1647533,99.175,-0.024260451735808444,12.4,9.38
95.72500000000001,1,-35.3605915,149.16476369999998,99.193,-0.08845415807294518,12.41,9.39
95.824,2,-35.360580299999995,149.1647741,99.21000000000001,-0.21409332007068105,12.42,9.39
95.924,2,-35.3605691,149.1647845,99.226,-0.33409232662925326,12.43,9.39
96.024,2,-35.360557799999995,149.164795,99.239,-0.3538469412562226,12.43,9.4
96.124,2,-35.3605465,149.1648054,99.25,-0.37487992183589514,12.44,9.4
96.224,2,-35.3605352,149.16481589999998,99.262,-0.395534013679617,12.450000000000001,9.41
96.324,2,-35.360524,149.1648263,99.274,-0.38812579307066547,12.46,9.4
96.424,2,-35.360512799999995,149.1648366,99.288,-0.37226054428919525,12.46,9.4
96.524,2,-35.3605017,149.1648469,99.302,-0.3660725529837224,12.46,9.39
96.624,2,-35.3604905,149.1648572,99.318,-0.37701208811527626,12.46,9.39
96.724,2,-35.360479399999996,149.16486749999999,99.336,-0.3776756836818253,12.450000000000001,9.38
96.824,2,-35.3604682,149.1648778,99.355,-0.4804671492044611,12.450000000000001,9.370000000000001
96.924,2,-35.3604571,149.164888,99.37,-0.955020421804749,12.46,9.370000000000001
97.024,2,-35.360445899999995,149.1648983,99.383,-2.0674113902943536,12.47,9.35
97.124,2,-35.3604348,149.1649085,99.396,-3.930247089002601,12.5,9.31
97.224,2,-35.360423499999996,149.1649187,99.409,-6.5368521819545675,12.56,9.23
97.324,2,-35.3604122,149.1649287,99.422,-9.723317283552166,12.66,9.11
97.424,2,-35.3604008,149.1649386,99.434,-13.217146020442218,12.790000000000001,8.94
97.525,2,-35.3603893,149.1649483,99.44500000000001,-16.676972368096653,12.96,8.73
97.625,2,-35.3603775,149.1649578,99.45100000000001,-19.86723932374101,13.16,8.49
97.72500000000001,2,-35.3603654,149.164967,99.453,-22.563721168433883,13.38,8.22
97.825,2,-35.3603532,149.1649759,99.452,-24.690418387280538,13.620000000000001,7.930000000000001
97.924,2,-35.3603406,149.1649845,99.45100000000001,-26.233779884967664,13.88,7.62
98.024,2,-35.3603279,149.1649927,99.453,-27.299434537009517,14.14,7.28
98.124,2,-35.3603149,149.16500059999998,99.462,-27.980670774637417,14.41,6.93
98.224,2,-35.3603017,149.165008,99.479,-28.335548620891064,14.66,6.57
98.324,2,-35.3602882,149.1650151,99.503,-28.469165904076732,14.91,6.2
98.424,2,-35.3602746,149.16502169999998,99.533,-28.47158549859021,15.14,5.83
98.524,2,-35.3602608,149.1650278,99.566,-28.327931252419205,15.35,5.47
98.624,2,-35.360247,149.1650336,99.601,-28.026817240217316,15.530000000000001,5.12
98.724,2,-35.360233,149.16503889999998,99.637,-27.573253405740743,15.69,4.78
98.824,2,-35.3602189,149.1650439,99.673,-26.984813825723926,15.84,4.45
98.924,2,-35.3602047,149.16504849999998,99.70400000000001,-26.265321698554782,15.97,4.14
99.024,2,-35.3601903,149.16505279999998,99.73,-25.41792574144069,16.080000000000002,3.84
99.124,2,-35.3601759,149.1650568,99.752,-24.508714864790687,16.17,3.5500000000000003
99.224,2,-35.3601615,149.1650604,99.768,-23.550338578947642,16.25,3.2800000000000002
99.324,2,-35.3601469,149.16506379999998,99.781,-22.58052172624482,16.330000000000002,3.0100000000000002
99.424,2,-35.3601323,149.1650669,99.792,-21.54030440621939,16.4,2.74
99.524,2,-35.360117599999995,149.1650697,99.802,-20.52871582410007,16.45,2.48
99.625,2,-35.3601029,149.1650722,99.811,-19.55578269758843,16.490000000000002,2.24
99.72500000000001,2,-35.360087899999996,149.1650745,99.819,-18.54309787010732,16.54,2.0100000000000002
99.825,2,-35.360073,149.1650765,99.824,-17.543697760561884,16.57,1.79
99.925,2,-35.3600579,149.1650783,99.827,-16.52693701769357,16.61,1.59
100.024,2,-35.360042899999996,149.1650799,99.82900000000001,-15.482747942665775,16.63,1.4000000000000001
100.124,2,-35.3600278,149.1650813,99.82900000000001,-14.409865242934757,16.66,1.23
100.224,2,-35.3600128,149.16508249999998,99.825,-13.304865286179046,16.67,1.07
100.324,2,-35.3599976,149.1650836,99.81700000000001,-12.242019549433362,16.69,0.92
100.424,2,-35.3599825,149.1650845,99.81,-11.190825261638073,16.7,0.79
100.524,2,-35.3599676,149.1650852,99.806,-10.194481661746218,16.71,0.67
100.624,2,-35.3599526,149.16508589999998,99.804,-9.196013019248843,16.71,0.56
100.724,2,-35.359937699999996,149.1650864,99.804,-8.259862168965018,16.7,0.46
100.824,2,-35.3599228,149.1650869,99.801,-7.392109686803346,16.69,0.37
100.924,2,-35.359907899999996,149.1650872,99.797,-6.623117898058651,16.69,0.3
101.024,2,-35.3598931,149.1650875,99.793,-5.912083679516099,16.68,0.23
101.124,2,-35.3598782,149.1650877,99.787,-5.250077412609546,16.68,0.17
101.224,2,-35.3598633,149.16508779999998,99.781,-4.640158595200332,16.67,0.12
101.324,2,-35.3598485,149.1650879,99.772,-4.029683117373763,16.67,0.08
101.424,2,-35.3598336,149.165088,99.762,-3.4743842555400826,16.66,0.05
101.524,2,-35.3598187,149.165088,99.754,-2.9604274615354327,16.66,0.02
101.624,2,-35.3598038,149.165088,99.748,-2.542201318277212,16.65,0.0
101.72500000000001,2,-35.3597889,149.1650881,99.744,-2.1958159584828314,16.65,-0.03
101.825,2,-35.3597739,149.1650881,99.741,-1.8878886191404425,16.64,-0.05
101.925,2,-35.3597588,149.165088,99.739,-1.6082883154419179,16.64,-0.07
102.025,2,-35.3597438,149.1650879,99.736,-1.3614370612663118,16.65,-0.09
102.124,2,-35.3597287,149.16508779999998,99.733,-1.143085305011113,16.66,-0.1
102.224,2,-35.3597136,149.1650877,99.729,-0.9397353122159067,16.67,-0.11
102.324,2,-35.3596984,149.1650875,99.72500000000001,-0.7462861588703098,16.67,-0.11
102.424,2,-35.3596833,149.1650874,99.72,-0.5436899948438908,16.68,-0.12
102.524,2,-35.3596681,149.16508729999998,99.715,-0.3759482594716203,16.69,-0.12
102.624,2,-35.3596529,149.1650871,99.709,-0.22967199439170166,16.7,-0.13
102.724,2,-35.359637899999996,149.165087,99.703,-0.1032771693458604,16.71,-0.13
102.824,2,-35.3596228,149.16508679999998,99.699,-0.004030237246485659,16.71,-0.13
102.924,2,-35.3596079,149.1650867,99.7,0.11314838018190232,16.71,-0.13
103.024,2,-35.359592899999996,149.1650865,99.70400000000001,0.20207390801896433,16.71,-0.12
103.124,2,-35.3595779,149.1650864,99.711,0.2910660835612869,16.71,-0.12
103.224,2,-35.359563,149.16508629999998,99.72,0.36236520100743347,16.71,-0.12
103.324,2,-35.359548,149.1650861,99.729,0.41460403524442485,16.71,-0.12
103.424,2,-35.359533,149.165086,99.738,0.4600978175521906,16.7,-0.12
103.524,2,-35.359518099999995,149.16508579999999,99.745,0.4717530551231413,16.7,-0.11
103.624,2,-35.3595031,149.1650857,99.75,0.5106040248958201,16.7,-0.11
103.724,2,-35.3594881,149.1650856,99.752,0.5542231070394025,16.7,-0.1
103.825,2,-35.3594732,149.1650855,99.752,0.6039391468734261,16.7,-0.09
103.925,2,-35.359457899999995,149.16508539999998,99.75,0.6446738081140004,16.7,-0.08
104.025,2,-35.3594428,149.1650853,99.746,0.6573287612638589,16.71,-0.07
104.125,2,-35.359427499999995,149.1650852,99.744,0.6463774600642426,16.72,-0.06
104.224,2,-35.3594124,149.1650851,99.745,0.6631434400425082,16.72,-0.05
104.324,2,-35.359397099999995,149.165085,99.75,0.6649548809155896,16.73,-0.04
104.424,2,-35.359381899999995,149.165085,99.757,0.6425736850267801,16.73,-0.04
104.524,2,-35.359366699999995,149.16508489999998,99.768,0.5685444129033325,16.740000000000002,-0.03
104.624,2,-35.359351499999995,149.16508489999998,99.78,0.5282586765181279,16.740000000000002,-0.03
104.724,2,-35.3593364,149.1650848,99.791,0.4768520581428203,16.740000000000002,-0.03
104.824,2,-35.3593213,149.1650848,99.801,0.44034576424615995,16.73,-0.02
104.924,2,-35.3593063,149.1650847,99.809,0.4046849997439796,16.73,-0.02
105.024,2,-35.359291299999995,149.1650847,99.81400000000001,0.37774638681190553,16.72,-0.01
105.124,2,-35.3592763,149.1650847,99.81700000000001,0.38140896903261906,16.72,0.0
105.224,2,-35.3592613,149.1650846,99.819,0.3717649286875462,16.72,0.0
105.324,2,-35.359246399999996,149.1650846,99.82300000000001,0.3634802560698645,16.71,0.0
105.424,2,-35.3592314,149.1650846,99.828,0.32774990901551465,16.7,0.0
105.524,2,-35.3592164,149.1650845,99.836,0.31195178818698094,16.7,0.0
105.624,2,-35.3592015,149.1650845,99.845,0.32925399137594547,16.69,0.0
105.724,2,-35.3591865,149.1650845,99.85300000000001,0.3206859993098405,16.68,0.0
105.824,2,-35.359171499999995,149.1650845,99.86,0.23862154323640175,16.68,0.0
105.925,2,-35.3591565,149.16508439999998,99.867,0.16722967128771785,16.67,0.0
106.025,2,-35.3591415,149.16508439999998,99.872,0.10664390565793455,16.67,-0.01
106.125,2,-35.3591264,149.1650843,99.877,0.08468400037280392,16.68,-0.01
106.224,2,-35.359111299999995,149.1650843,99.879,0.08648393531198079,16.69,-0.01
106.324,2,-35.359096,149.1650842,99.882,0.12575856357618548,16.7,-0.01
106.424,2,-35.359080899999995,149.1650842,99.884,0.1457510608853417,16.7,-0.01
106.524,2,-35.3590656,149.1650841,99.886,0.1764902205232783,16.72,-0.01
106.624,2,-35.359050499999995,149.1650841,99.89,0.19609275671950913,16.72,-0.01
106.724,2,-35.3590352,149.165084,99.898,0.24017076887837815,16.73,-0.01
106.824,2,-35.35902,149.165084,99.909,0.3015944199604648,16.740000000000002,-0.01
106.924,2,-35.359004899999995,149.16508389999998,99.922,0.35268674291224605,16.740000000000002,0.0
107.024,2,-35.3589899,149.16508389999998,99.935,0.3846528019602727,16.73,0.0
107.124,2,-35.3589749,149.16508389999998,99.94500000000001,0.393024559489872,16.73,0.0
107.224,2,-35.358959899999995,149.1650838,99.95100000000001,0.4144588670441356,16.72,0.0
107.324,2,-35.3589449,149.1650838,99.955,0.40466901816853884,16.71,0.0
107.424,2,-35.3589299,149.1650838,99.956,0.3993264495358401,16.71,0.0
107.524,2,-35.358914999999996,149.1650837,99.955,0.3674306667310706,16.71,0.01
107.624,2,-35.3589,149.1650837,99.955,0.36334026387230567,16.71,0.01
107.724,2,-35.358885099999995,149.1650836,99.953,0.37514491183135046,16.7,0.01
107.824,2,-35.3588701,149.1650836,99.95100000000001,0.3871778641994882,16.7,0.01
107.924,2,-35.3588552,149.1650836,99.95,0.36247154918724467,16.7,0.01
108.025,2,-35.3588401,149.1650836,99.95,0.31691706890931576,16.69,0.02
108.125,2,-35.358824999999996,149.1650836,99.95100000000001,0.31757164649172626,16.7,0.02
108.22500000000001,2,-35.3588099,149.1650836,99.952,0.3551459845394209,16.71,0.03
108.324,2,-35.3587947,149.1650836,99.95400000000001,0.38283183617495026,16.71,0.04
108.424,2,-35.3587796,149.1650836,99.956,0.4106093350753194,16.72,0.05
108.524,2,-35.3587643,149.1650836,99.95700000000001,0.4017325437535358,16.740000000000002,0.05
108.624,2,-35.3587492,149.1650836,99.955,0.35657514826239317,16.75,0.06
108.724,2,-35.3587339,149.1650837,99.95400000000001,0.28926923688147105,16.76,0.06
108.824,2,-35.3587187,149.1650837,99.952,0.21198605996938666,16.77,0.06
108.924,2,-35.3587037,149.1650837,99.952,0.12232163106213358,16.76,0.06
109.024,2,-35.3586886,149.1650838,99.95400000000001,0.027545474239313722,16.76,0.06
109.124,2,-35.358673599999996,149.1650838,99.958,-0.03831880532185289,16.76,0.06
109.224,2,-35.3586586,149.16508389999998,99.965,-0.07304783930676162,16.75,0.06
109.324,2,-35.3586436,149.16508389999998,99.976,-0.0934615605185306,16.740000000000002,0.06
109.424,2,-35.3586287,149.16508389999998,99.986,-0.07487847007656387,16.740000000000002,0.06
109.524,2,-35.3586137,149.16508389999998,99.996,-0.09321536688350603,16.73,0.05
109.624,2,-35.3585987,149.165084,100.003,-0.08301698731817785,16.73,0.05
109.724,2,-35.3585838,149.165084,100.008,-0.07301793721882298,16.73,0.04
109.824,2,-35.3585688,149.165084,100.011,-0.06715199867086545,16.73,0.04
109.924,2,-35.3585539,149.165084,100.008,-0.046645502946239314,16.72,0.03
110.025,2,-35.3585389,149.165084,100.002,-0.035705691005261046,16.72,0.04
110.125,2,-35.3585236,149.165084,99.993,-0.0012190547393925544,16.73,0.04
110.22500000000001,2,-35.3585085,149.1650841,99.986,0.024556122554149296,16.740000000000002,0.04
110.325,2,-35.3584933,149.1650841,99.98,0.046083199618690084,16.75,0.03
110.424,2,-35.3584782,149.1650841,99.977,0.06639124633141562,16.76,0.04
110.524,2,-35.3584629,149.1650841,99.977,0.058745696659125976,16.77,0.04
110.624,2,-35.3584477,149.1650841,99.97800000000001,0.07384235572587806,16.78,0.04
110.724,2,-35.3584325,149.1650841,99.98100000000001,0.037678551793390226,16.79,0.04
110.824,2,-35.3584173,149.1650841,99.98400000000001,0.007710749964415489,16.8,0.04
110.924,2,-35.3584022,149.1650841,99.988,-0.0013687497534421392,16.8,0.03
111.024,2,-35.3583871,149.1650842,99.991,-0.021411250663234856,16.8,0.03
111.124,2,-35.3583721,149.1650842,99.993,-0.032748149058526105,16.8,0.02
111.224,2,-35.358357,149.1650842,99.993,-0.021980060679783454,16.8,0.02
111.324,2,-35.358342,149.1650842,99.992,-0.004207148901019909,16.8,0.01
111.424,2,-35.358326999999996,149.1650842,99.992,0.008225039363286312,16.79,0.01
111.524,2,-35.358312,149.1650842,99.992,0.05735307178017062,16.79,0.02
111.624,2,-35.358297,149.1650842,99.994,0.07837285221885926,16.78,0.02
111.724,2,-35.358281999999996,149.1650842,99.995,0.07873110364495435,16.78,0.01
111.824,2,-35.358267,149.1650842,99.996,0.09375886051041128,16.77,0.01
111.924,2,-35.3582521,149.1650842,99.996,0.10033772006330872,16.77,0.01
112.024,2,-35.358236999999995,149.1650842,99.994,0.1453703311999664,16.77,0.02
112.125,2,-35.358222,149.1650842,99.989,0.1647421350682977,16.77,0.02
112.22500000000001,2,-35.3582069,149.1650842,99.983,0.1343081194676167,16.77,0.02
112.325,2,-35.3581917,149.1650842,99.977,0.14922918797782525,16.78,0.01
112.425,2,-35.3581765,149.1650842,99.973,0.1443197093674009,16.79,0.02
112.524,2,-35.3581613,149.1650842,99.971,0.15328326543598483,16.79,0.02
112.62400000000001,2,-35.3581461,149.1650842,99.97200000000001,0.16485728778883588,16.8,0.02
112.724,2,-35.3581308,149.1650842,99.97800000000001,0.1854558843455514,16.8,0.03
112.824,2,-35.3581156,149.1650842,99.986,0.20379107360520107,16.81,0.03
112.924,2,-35.3581003,149.1650843,99.993,0.180383214906774,16.81,0.03
113.024,2,-35.3580851,149.1650843,100.001,0.13441630859685266,16.81,0.03
113.12400000000001,2,-35.3580699,149.1650843,100.008,0.05327483853091807,16.81,0.02
113.224,2,-35.3580548,149.1650843,100.014,0.04018327687754778,16.81,0.02
113.324,2,-35.3580398,149.1650843,100.02,0.050383630794432914,16.8,0.01
113.424,2,-35.358024799999995,149.1650843,100.024,0.018785886695851288,16.79,0.01
113.524,2,-35.3580098,149.1650843,100.025,0.012312158862071822,16.79,0.02
113.62400000000001,2,-35.3579948,149.1650843,100.025,0.021335274813878383,16.78,0.02
113.724,2,-35.357979799999995,149.1650843,100.024,0.05901332134669279,16.77,0.03
113.824,2,-35.3579648,149.1650843,100.022,0.09244749754030189,16.76,0.03
113.924,2,-35.3579499,149.16508439999998,100.019,0.10748952843390709,16.76,0.03
114.024,2,-35.3579349,149.16508439999998,100.016,0.10868953397414015,16.76,0.03
114.12400000000001,2,-35.3579199,149.16508439999998,100.013,0.09777374442212262,16.75,0.02
114.22500000000001,2,-35.3579049,149.16508439999998,100.009,0.09028601614236392,16.75,0.02
114.325,2,-35.3578896,149.16508439999998,100.002,0.09752763749848399,16.76,0.02
114.425,2,-35.3578745,149.16508439999998,99.995,0.15567584601768591,16.77,0.03
114.525,2,-35.3578593,149.16508439999998,99.99000000000001,0.1819646571636832,16.78,0.03
114.62400000000001,2,-35.3578441,149.1650845,99.988,0.15825477603789465,16.79,0.03
114.724,2,-35.3578288,149.1650845,99.99000000000001,0.11135192036826996,16.8,0.04
114.824,2,-35.3578136,149.1650845,99.991,0.06048331279223309,16.8,0.04
114.924,2,-35.3577984,149.1650845,99.994,-0.02326514676489747,16.81,0.04
115.024,2,-35.3577831,149.1650846,99.998,-0.10089864267878941,16.81,0.04
115.12400000000001,2,-35.357768,149.1650846,100.003,-0.1335634420851002,16.81,0.04
115.224,2,-35.3577529,149.1650846,100.009,-0.13515751752393126,16.81,0.04
115.324,2,-35.3577379,149.1650846,100.012,-0.15214824007435945,16.81,0.03
115.424,2,-35.3577229,149.1650847,100.015,-0.16517846676238515,16.81,0.02
115.524,2,-35.3577078,149.1650847,100.014,-0.15025610425149402,16.81,0.01
115.62400000000001,2,-35.357692799999995,149.1650847,100.012,-0.09178908464658986,16.81,0.01
115.724,2,-35.3576778,149.1650847,100.009,-0.08004270006879514,16.8,0.01
115.824,2,-35.3576628,149.1650847,100.005,-0.05360906089794582,16.8,0.01
115.924,2,-35.357647799999995,149.1650847,100.002,-0.0008517095609166314,16.8,0.01
116.024,2,-35.3576328,149.1650847,99.998,0.039392665805852274,16.8,0.01
116.12400000000001,2,-35.3576178,149.1650847,99.994,0.07833165097032099,16.79,0.01
116.224,2,-35.357602799999995,149.1650847,99.989,0.11407353730910849,16.79,0.01
116.325,2,-35.357587699999996,149.1650847,99.986,0.1344564492984397,16.79,0.02
116.425,2,-35.3575726,149.1650847,99.983,0.12970965458826597,16.79,0.02
116.525,2,-35.3575574,149.1650847,99.982,0.15675332169946865,16.8,0.02
116.62400000000001,2,-35.3575422,149.1650847,99.98400000000001,0.13484536987473375,16.8,0.03
116.724,2,-35.357526899999996,149.1650847,99.99000000000001,0.08461321053133776,16.81,0.03
116.824,2,-35.357511699999996,149.1650848,99.999,0.028772031806439877,16.81,0.03
116.924,2,-35.357496399999995,149.1650848,100.007,-0.003691138614643358,16.82,0.03
117.024,2,-35.357481199999995,149.1650848,100.014,-0.0858256691606142,16.830000000000002,0.03
117.12400000000001,2,-35.3574659,149.1650848,100.018,-0.1520845672366476,16.84,0.03
117.224,2,-35.3574506,149.1650848,100.02,-0.17825949298236285,16.84,0.02
117.324,2,-35.3574355,149.16508489999998,100.02,-0.2102624243797369,16.84,0.02
117.424,2,-35.357420399999995,149.16508489999998,100.018,-0.23919682659141667,16.84,0.02
117.524,2,-35.357405299999996,149.16508489999998,100.014,-0.25361074021553853,16.84,0.01
117.62400000000001,2,-35.3573902,149.16508489999998,100.01,-0.2579504716594354,16.84,0.01
117.724,2,-35.3573752,149.16508489999998,100.004,-0.24140404491038858,16.830000000000002,0.01
117.824,2,-35.3573601,149.16508489999998,100.0,-0.20526369974285286,16.830000000000002,0.01
117.924,2,-35.357345099999996,149.16508489999998,99.998,-0.15077694619634716,16.82,0.01
118.024,2,-35.3573301,149.16508489999998,99.998,-0.12005009957521509,16.82,0.01
118.12400000000001,2,-35.3573151,149.16508489999998,100.0,-0.13206489591315676,16.82,0.0
118.224,2,-35.357299999999995,149.16508489999998,100.004,-0.13980240634529695,16.81,0.0
118.324,2,-35.357285,149.16508489999998,100.009,-0.18472856258043763,16.81,0.0
118.425,2,-35.3572698,149.16508489999998,100.012,-0.17130681397453942,16.81,0.0
118.525,2,-35.3572546,149.16508489999998,100.011,-0.15292026489398244,16.81,0.0
118.625,2,-35.3572395,149.16508489999998,100.007,-0.09922336536207188,16.81,0.0
118.724,2,-35.3572242,149.16508489999998,100.002,-0.03284938460161973,16.82,0.0
118.824,2,-35.357209,149.16508489999998,99.995,0.01923970740947368,16.82,0.0
118.924,2,-35.357193699999996,149.16508489999998,99.99000000000001,0.05576815773277024,16.830000000000002,0.0
119.024,2,-35.357178399999995,149.16508489999998,99.985,0.09022377070746689,16.830000000000002,0.0
119.12400000000001,2,-35.3571631,149.1650848,99.985,0.1077317400152847,16.84,0.0
119.224,2,-35.3571479,149.1650848,99.989,0.07218949663748125,16.84,0.0
119.324,2,-35.357132799999995,149.1650848,99.996,0.08899923918522393,16.830000000000002,0.0
119.424,2,-35.357117599999995,149.1650848,100.007,0.45760074308031623,16.830000000000002,-0.01
119.524,2,-35.3571026,149.1650848,100.019,1.8467742954315507,16.82,-0.01
119.62400000000001,2,-35.3570876,149.1650848,100.03,4.454907216323484,16.8,0.04
119.724,2,-35.357072599999995,149.1650848,100.036,7.851090715065387,16.77,0.17
119.824,2,-35.3570576,149.1650851,100.036,11.364114844844112,16.72,0.36
119.924,2,-35.3570427,149.1650856,100.029,14.64994297716612,16.67,0.6
120.024,2,-35.3570278,149.1650865,100.015,17.830352262290855,16.62,0.86
120.12400000000001,2,-35.357012999999995,149.1650876,99.997,20.854495356942166,16.56,1.17
120.224,2,-35.3569982,149.1650891,99.98,23.48510002709026,16.5,1.52
120.324,2,-35.3569835,149.165091,99.965,25.72649661266894,16.42,1.9100000000000001
120.424,2,-35.3569689,149.1650934,99.953,27.568878669577348,16.330000000000002,2.34
120.525,2,-35.3569542,149.1650962,99.949,29.133724527298753,16.21,2.81
120.625,2,-35.3569397,149.1650996,99.956,30.459091999888464,16.080000000000002,3.31
120.72500000000001,2,-35.3569253,149.16510359999998,99.973,31.614777082927546,15.94,3.8000000000000003
120.824,2,-35.356910899999995,149.1651082,99.994,32.723453389004014,15.790000000000001,4.29
120.924,2,-35.3568966,149.1651133,100.019,33.73595721647212,15.63,4.79
121.024,2,-35.3568826,149.16511889999998,100.045,34.65774247138412,15.450000000000001,5.29
121.12400000000001,2,-35.3568686,149.1651252,100.071,35.52900140191094,15.25,5.8
121.224,2,-35.3568549,149.165132,100.098,36.29999315542198,15.030000000000001,6.3100000000000005
121.324,2,-35.3568414,149.1651392,100.125,36.98973980875572,14.790000000000001,6.82
121.424,2,-35.356828199999995,149.16514709999998,100.152,37.57845430388663,14.530000000000001,7.32
121.524,2,-35.3568153,149.1651554,100.178,38.10402028504618,14.25,7.83
121.62400000000001,2,-35.3568026,149.1651643,100.20400000000001,38.66707034437077,13.950000000000001,8.33
121.724,2,-35.3567903,149.1651738,100.22800000000001,39.22952276214298,13.620000000000001,8.83
121.824,2,-35.3567782,149.1651838,100.252,39.74662613892089,13.27,9.33
121.924,2,-35.3567665,149.1651943,100.278,40.2718369502436,12.9,9.84
122.024,2,-35.3567551,149.1652054,100.305,40.761250740126286,12.5,10.35
122.12400000000001,2,-35.3567441,149.1652171,100.334,41.18571284609673,12.08,10.85
122.224,3,-35.3567335,149.1652293,100.361,41.51541973771158,11.64,11.33
122.324,3,-35.3567232,149.165242,100.389,41.79688158812405,11.18,11.8
122.424,3,-35.3567134,149.16525529999998,100.417,42.04407979456516,10.700000000000001,12.26
122.525,3,-35.356704,149.165269,100.447,42.240929261539506,10.19,12.72
122.625,3,-35.356694999999995,149.1652834,100.479,42.42184389718022,9.66,13.16
122.72500000000001,3,-35.356686499999995,149.1652983,100.51,42.48136216560771,9.13,13.59
122.825,3,-35.3566784,149.1653136,100.542,42.447638106580776,8.59,13.98
122.924,3,-35.3566709,149.1653294,100.574,42.39804068792272,8.05,14.36
123.024,3,-35.3566638,149.1653456,100.605,42.280940509697444,7.49,14.71
123.12400000000001,3,-35.3566572,149.1653622,100.634,42.074573174114676,6.92,15.040000000000001
123.224,3,-35.3566512,149.1653791,100.662,41.78976111591432,6.36,15.34
123.324,3,-35.3566456,149.1653964,100.686,41.46395767741012,5.8,15.620000000000001
123.424,3,-35.3566406,149.1654139,100.706,41.15391831551032,5.25,15.860000000000001
123.524,3,-35.356636099999996,149.16543149999998,100.726,40.88162599405859,4.68,16.09
123.62400000000001,3,-35.3566321,149.1654493,100.745,40.65147593978584,4.11,16.28
123.724,3,-35.3566287,149.1654672,100.762,40.23719764586789,3.5300000000000002,16.46
123.824,3,-35.356625799999996,149.1654853,100.775,39.183968815473584,2.97,16.61
123.924,3,-35.3566234,149.1655035,100.788,37.449353483289634,2.43,16.73
124.024,3,-35.3566214,149.1655218,100.799,35.319639028377125,1.92,16.81
124.12400000000001,3,-35.3566199,149.16554019999998,100.81400000000001,33.25577101215813,1.47,16.85
124.224,3,-35.3566187,149.1655586,100.82900000000001,31.261048416001756,1.06,16.87
124.324,3,-35.356617899999996,149.1655771,100.84,28.987322837534116,0.7000000000000001,16.87
124.424,3,-35.3566174,149.1655955,100.846,26.30226448422809,0.39,16.85
124.524,3,-35.3566171,149.16561389999998,100.84400000000001,23.486628281917053,0.15,16.8
124.625,3,-35.3566171,149.1656322,100.83,20.91471201221229,-0.05,16.75
124.72500000000001,3,-35.3566171,149.1656509,100.803,18.814638870750347,-0.22,16.71
124.825,3,-35.356617299999996,149.1656693,100.763,17.14437075073709,-0.38,16.67
124.925,3,-35.3566176,149.1656878,100.709,15.742733970780431,-0.54,16.64
125.024,3,-35.3566181,149.1657062,100.645,14.520565533907737,-0.6900000000000001,16.62
125.12400000000001,3,-35.3566188,149.1657247,100.574,13.324856396106027,-0.84,16.61
125.224,3,-35.3566195,149.1657431,100.501,12.093491963289557,-0.99,16.6
125.324,3,-35.3566204,149.1657615,100.431,10.755147985050469,-1.1300000000000001,16.6
125.424,3,-35.356621499999996,149.1657799,100.369,9.304836715747363,-1.24,16.59
125.524,3,-35.3566226,149.1657981,100.318,7.84624298830197,-1.34,16.580000000000002
125.62400000000001,3,-35.3566237,149.1658163,100.275,6.346601958378916,-1.41,16.57
125.724,3,-35.356625,149.1658344,100.243,4.810216218268486,-1.46,16.55
125.824,3,-35.3566262,149.1658525,100.214,3.3232955619009346,-1.49,16.54
125.924,3,-35.3566275,149.1658706,100.188,1.9354252416598503,-1.49,16.52
126.024,3,-35.356628799999996,149.1658886,100.16,0.6893643228227756,-1.47,16.51
126.12400000000001,3,-35.356629999999996,149.1659066,100.129,-0.4559116052820603,-1.44,16.5
126.224,3,-35.3566313,149.1659247,100.09400000000001,-1.3662003711604553,-1.41,16.490000000000002
126.324,3,-35.356632399999995,149.1659427,100.056,-2.105782539277839,-1.37,16.490000000000002
126.424,3,-35.356633599999995,149.1659607,100.017,-2.7137067280059974,-1.32,16.5
126.524,3,-35.3566347,149.1659788,99.979,-3.157984493419116,-1.27,16.5
126.62400000000001,3,-35.3566358,149.16599689999998,99.944,-3.439619446438364,-1.22,16.51
126.72500000000001,3,-35.3566368,149.166015,99.913,-3.690052387781701,-1.16,16.52
126.825,3,-35.3566378,149.16603329999998,99.886,-3.85412889957104,-1.1,16.53
126.925,3,-35.3566387,149.1660516,99.86500000000001,-3.9021054289616792,-1.04,16.55
127.025,3,-35.3566396,149.1660699,99.849,-3.9207330623755965,-0.99,16.56
127.12400000000001,3,-35.356640399999996,149.16608829999998,99.837,-3.8900582559262458,-0.9400000000000001,16.580000000000002
127.224,3,-35.3566412,149.1661067,99.82600000000001,-3.87234714852158,-0.89,16.59
127.324,3,-35.356642,149.16612519999998,99.812,-3.849071571377469,-0.84,16.61
127.424,3,-35.3566427,149.1661437,99.799,-3.82893873502521,-0.78,16.62
127.524,3,-35.356643399999996,149.1661622,99.785,-3.7813280476419897,-0.73,16.64
127.62400000000001,3,-35.356643999999996,149.16618069999998,99.769,-3.7015642447409345,-0.68,16.65
127.724,3,-35.356644599999996,149.166199,99.753,-3.575915444439145,-0.63,16.66
127.824,3,-35.3566451,149.1662174,99.736,-3.462393004678479,-0.59,16.67
127.924,3,-35.3566456,149.1662356,99.72,-3.3634899445059903,-0.54,16.67
128.024,3,-35.3566461,149.1662539,99.706,-3.217375549573316,-0.5,16.67
128.124,3,-35.3566465,149.16627219999998,99.694,-3.0008512958079185,-0.46,16.68
128.224,3,-35.3566469,149.16629039999998,99.684,-2.8089135886204515,-0.43,16.68
128.324,3,-35.3566473,149.1663087,99.675,-2.6631381418253386,-0.39,16.68
128.424,3,-35.356647599999995,149.166327,99.668,-2.573220622392825,-0.36,16.69
128.524,3,-35.3566479,149.1663452,99.661,-2.440876742600542,-0.33,16.69
128.624,3,-35.356648199999995,149.1663635,99.654,-2.3045843731377573,-0.3,16.69
128.724,3,-35.3566485,149.16638179999998,99.65,-2.1947158711396364,-0.27,16.7
128.825,3,-35.3566487,149.1664003,99.648,-2.1078219910753226,-0.24,16.7
128.925,3,-35.356648899999996,149.1664188,99.648,-2.000262946790312,-0.22,16.71
129.025,3,-35.3566491,149.16643729999998,99.65,-1.8503718841334433,-0.2,16.73
129.124,3,-35.3566493,149.1664559,99.651,-1.654084840548559,-0.18,16.740000000000002
129.224,3,-35.356649499999996,149.1664745,99.652,-1.4430008324570769,-0.16,16.75
129.324,4,-35.3566496,149.1664931,99.656,-1.296497010020006,-0.15,16.77
129.424,4,-35.3566498,149.1665117,99.661,-1.2164510349288646,-0.14,16.78
129.524,4,-35.3566499,149.1665304,99.666,-1.5555568004501865,-0.14,16.79
129.624,4,-35.356650099999996,149.166549,99.67,-3.4082575656471925,-0.14,16.8
129.724,4,-35.3566502,149.16656759999998,99.674,-7.790920163572159,-0.08,16.79
129.824,4,-35.3566502,149.166586,99.679,-14.63340196654364,0.14,16.76
129.924,4,-35.35665,149.1666043,99.685,-22.92086492994468,0.54,16.68
130.024,4,-35.3566492,149.16662259999998,99.686,-31.210228393482275,1.09,16.580000000000002
130.124,4,-35.356648,149.1666406,99.672,-38.148624835420954,1.74,16.47
130.224,4,-35.3566461,149.1666586,99.642,-42.89967710132514,2.46,16.35
130.324,4,-35.3566435,149.1666764,99.60300000000001,-45.36654335404782,3.2800000000000002,16.22
130.424,4,-35.3566401,149.166694,99.569,-46.04119528931583,4.18,16.05
130.524,4,-35.3566358,149.1667114,99.558,-45.614960749255765,5.15,15.81
130.624,4,-35.3566307,149.1667286,99.57600000000001,-44.82442782452932,6.12,15.49
130.724,4,-35.3566247,149.1667453,99.631,-44.17347323058667,7.04,15.1
130.824,4,-35.356618,149.1667615,99.71300000000001,-43.80351944928751,7.87,14.67
130.925,4,-35.356610499999995,149.1667774,99.82000000000001,-43.70927649911968,8.620000000000001,14.200000000000001
131.025,4,-35.3566024,149.1667927,99.941,-43.81490537463392,9.28,13.75
131.125,4,-35.3565936,149.1668076,100.068,-44.07655284626419,9.86,13.33
131.224,4,-35.356584399999996,149.166822,100.18900000000001,-44.3683453577963,10.370000000000001,12.93
131.324,4,-35.356574699999996,149.16683609999998,100.296,-44.620775489141636,10.83,12.540000000000001
131.424,4,-35.3565646,149.1668497,100.388,-44.73887287498574,11.26,12.15
131.524,4,-35.3565542,149.166863,100.459,-44.75891948019973,11.66,11.78
131.624,4,-35.3565434,149.16687579999999,100.512,-44.73219294997747,12.05,11.39
131.724,4,-35.3565324,149.166888,100.547,-44.64630673625914,12.43,10.97
131.824,4,-35.3565211,149.16689979999998,100.568,-44.57292318381653,12.83,10.5
131.924,4,-35.3565094,149.1669109,100.58200000000001,-44.5463264271885,13.24,9.99
132.024,4,-35.356497399999995,149.1669215,100.59,-44.570228674188954,13.65,9.43
132.124,4,-35.356485,149.16693139999998,100.596,-44.6335376976058,14.06,8.82
132.224,4,-35.3564723,149.1669407,100.604,-44.66067062408368,14.48,8.18
132.324,4,-35.356459199999996,149.16694909999998,100.617,-44.69362970192358,14.870000000000001,7.5
132.424,4,-35.356445799999996,149.1669569,100.636,-44.70733106139862,15.23,6.8100000000000005
132.524,4,-35.3564321,149.16696389999998,100.662,-44.73618519554734,15.57,6.12
132.624,4,-35.3564181,149.1669701,100.691,-44.767033744933705,15.860000000000001,5.45
132.724,4,-35.356403799999995,149.1669756,100.71900000000001,-44.77866897218482,16.13,4.7700000000000005
132.824,4,-35.3563893,149.1669804,100.745,-44.756658687584455,16.37,4.11
132.925,4,-35.356374599999995,149.16698449999998,100.768,-44.69947634385311,16.580000000000002,3.45
133.025,4,-35.3563596,149.1669878,100.789,-44.68286190869705,16.77,2.7800000000000002
133.125,4,-35.3563444,149.1669905,100.802,-44.68145830482261,16.94,2.12
133.225,4,-35.356328999999995,149.1669924,100.809,-44.68458653146248,17.09,1.47
133.324,4,-35.3563135,149.16699359999998,100.809,-44.72076262840145,17.23,0.79
133.424,4,-35.3562979,149.166994,100.807,-44.79144484102733,17.34,0.09
133.524,4,-35.356282199999995,149.1669937,100.803,-44.833235353464055,17.44,-0.59
133.624,4,-35.356266399999996,149.1669926,100.797,-44.82705744735978,17.52,-1.3
133.724,4,-35.3562505,149.1669906,100.789,-44.789901218274906,17.580000000000002,-2.0300000000000002
133.824,4,-35.3562346,149.166988,100.778,-44.756067876221245,17.61,-2.7600000000000002
133.924,4,-35.3562188,149.1669846,100.771,-44.731940232978175,17.6,-3.49
134.024,4,-35.3562031,149.1669803,100.764,-44.679624399030466,17.580000000000002,-4.23
134.124,4,-35.3561875,149.1669752,100.76,-44.66209471852563,17.51,-4.97
134.224,4,-35.3561719,149.1669693,100.759,-44.66674949244499,17.43,-5.7
134.324,4,-35.3561565,149.1669627,100.757,-44.69912458911085,17.32,-6.41
134.424,4,-35.356141099999995,149.1669552,100.755,-44.748127781311105,17.19,-7.11
134.524,4,-35.356125899999995,149.166947,100.751,-44.81841042787054,17.04,-7.8
134.624,4,-35.3561109,149.16693809999998,100.745,-44.86414195945836,16.86,-8.49
134.724,4,-35.356096,149.1669284,100.738,-44.78477857639739,16.67,-9.17
134.824,4,-35.3560812,149.16691799999998,100.72800000000001,-44.46813442157019,16.45,-9.85
134.924,4,-35.3560667,149.1669068,100.718,-43.7620909368768,16.21,-10.52
135.025,4,-35.356052399999996,149.1668949,100.709,-42.44115625705843,15.950000000000001,-11.17
135.125,4,-35.356038,149.16688209999998,100.70100000000001,-40.4601350203771,15.67,-11.78
135.225,4,-35.3560241,149.1668688,100.69800000000001,-37.897478779639584,15.38,-12.32
135.325,4,-35.3560103,149.16685479999998,100.703,-34.73899781684517,15.1,-12.77
135.424,4,-35.3559968,149.1668405,100.71300000000001,-31.111515084502667,14.83,-13.120000000000001
135.524,4,-35.3559835,149.1668257,100.723,-27.187757528985223,14.6,-13.36
135.624,4,-35.3559704,149.1668109,100.72500000000001,-23.081391450912903,14.41,-13.5
135.724,4,-35.3559574,149.16679589999998,100.711,-19.015053696471448,14.25,-13.56
135.824,4,-35.3559446,149.1667809,100.678,-15.150614626348272,14.13,-13.58
135.924,4,-35.355931999999996,149.166766,100.625,-11.660522002934217,14.02,-13.56
136.024,4,-35.3559194,149.1667512,100.549,-8.739364500588362,13.94,-13.530000000000001
136.124,4,-35.355906999999995,149.16673649999998,100.456,-6.4539473458089525,13.86,-13.51
136.224,4,-35.3558946,149.1667218,100.351,-4.831673257546082,13.81,-13.49
136.324,4,-35.3558823,149.1667072,100.243,-3.772978141381649,13.76,-13.49
136.424,4,-35.355869999999996,149.16669249999998,100.138,-3.1066167751055658,13.71,-13.49
136.524,4,-35.355857799999995,149.1666778,100.045,-2.703516726094573,13.68,-13.51
136.624,4,-35.3558455,149.1666631,99.967,-2.4779650966805344,13.65,-13.530000000000001
136.724,4,-35.3558333,149.16664839999999,99.909,-2.3042750936344025,13.620000000000001,-13.55
136.824,4,-35.3558211,149.1666337,99.864,-2.0759837045895426,13.6,-13.57
136.924,4,-35.3558089,149.1666189,99.83,-1.774224239511087,13.58,-13.58
137.024,4,-35.3557967,149.1666041,99.802,-1.433119256275361,13.57,-13.59
137.125,4,-35.3557845,149.1665893,99.774,-1.1086996781300358,13.57,-13.59
137.225,4,-35.3557722,149.16657429999998,99.742,-0.7597346412635063,13.57,-13.59
137.32500000000002,4,-35.3557598,149.1665593,99.703,-0.4612672740041437,13.59,-13.59
137.425,4,-35.3557475,149.1665443,99.66,-0.2129153792431183,13.61,-13.6
137.524,4,-35.355734999999996,149.16652919999999,99.611,-0.03423861773136321,13.64,-13.61
137.624,4,-35.3557226,149.1665141,99.56,0.03991017269739974,13.67,-13.63
137.724,4,-35.355710099999996,149.166499,99.511,0.09029928298441388,13.700000000000001,-13.64
137.824,4,-35.3556976,149.16648379999998,99.467,0.0617064636024075,13.73,-13.66
137.924,4,-35.355685,149.1664686,99.432,-0.00198214786938131,13.76,-13.68
138.024,4,-35.3556725,149.1664534,99.407,-0.07441220961411132,13.790000000000001,-13.69
138.124,4,-35.35566,149.16643829999998,99.391,-0.15575445989420716,13.81,-13.700000000000001
138.224,4,-35.3556476,149.1664233,99.38,-0.26159341708628514,13.83,-13.71
138.324,4,-35.3556351,149.1664082,99.372,-0.3173045220621553,13.84,-13.72
138.424,4,-35.3556227,149.1663932,99.36500000000001,-0.32976606880071135,13.85,-13.72
138.524,4,-35.3556102,149.1663781,99.357,-0.1504647718667232,13.86,-13.73
138.624,4,-35.3555978,149.16636309999998,99.35000000000001,0.6679060562455641,13.88,-13.75
138.724,4,-35.3555853,149.166348,99.34,2.539107882913431,13.9,-13.73
138.824,4,-35.3555728,149.1663329,99.328,5.737950994834386,13.950000000000001,-13.68
138.924,4,-35.3555602,149.166318,99.316,10.155173923072795,14.05,-13.540000000000001
139.024,4,-35.3555475,149.16630329999998,99.302,15.318676553518312,14.19,-13.32
139.124,4,-35.3555347,149.1662888,99.288,20.745376254762043,14.39,-13.02
139.225,4,-35.355521599999996,149.1662747,99.273,25.873565953424947,14.63,-12.63
139.32500000000002,4,-35.3555081,149.1662609,99.256,30.273201571437397,14.91,-12.19
139.425,4,-35.3554945,149.1662476,99.236,33.63464502051332,15.21,-11.71
139.525,4,-35.3554804,149.1662349,99.21900000000001,35.945052129918516,15.530000000000001,-11.18
139.624,4,-35.3554661,149.16622279999999,99.208,37.33502294677279,15.860000000000001,-10.6
139.724,4,-35.3554515,149.16621139999998,99.211,37.986370276592716,16.19,-9.98
139.824,4,-35.3554366,149.1662007,99.229,38.08241639670143,16.48,-9.33
139.924,4,-35.3554215,149.1661907,99.266,37.83983881323385,16.75,-8.67
140.024,4,-35.355406099999996,149.1661814,99.319,37.389275139350204,16.97,-8.02
140.124,4,-35.355390799999995,149.1661729,99.387,36.60800395113829,17.13,-7.4
140.224,4,-35.3553753,149.1661651,99.467,35.502520758498804,17.25,-6.83
140.324,4,-35.355359799999995,149.1661579,99.553,34.11423016818035,17.330000000000002,-6.33
140.424,4,-35.3553442,149.1661512,99.64,32.485359824726544,17.38,-5.89
140.524,4,-35.3553287,149.1661449,99.72200000000001,30.695266281009165,17.400000000000002,-5.5200000000000005
140.624,4,-35.3553132,149.166139,99.793,28.79700644650088,17.39,-5.2
140.724,4,-35.3552977,149.1661334,99.85000000000001,26.992986147065846,17.37,-4.93
140.824,4,-35.3552822,149.16612809999998,99.891,25.348672745898636,17.34,-4.69
140.924,4,-35.3552667,149.166123,99.913,23.934036408404154,17.3,-4.48
141.024,4,-35.3552513,149.1661182,99.92,22.820539696320946,17.27,-4.26
141.124,4,-35.3552359,149.1661136,99.914,22.028222384673835,17.23,-4.03
141.224,4,-35.3552205,149.1661092,99.897,21.492897770737624,17.19,-3.79
141.32500000000002,4,-35.355205,149.16610509999998,99.873,21.159961907192645,17.16,-3.54
141.425,4,-35.3551897,149.16610129999998,99.845,20.906061577628467,17.13,-3.2600000000000002
141.525,4,-35.3551742,149.1660977,99.82000000000001,20.70304786492818,17.11,-2.97
141.624,4,-35.3551588,149.16609449999999,99.802,20.422554193830557,17.080000000000002,-2.68
141.724,4,-35.3551433,149.1660916,99.796,19.975615642848897,17.05,-2.39
141.824,4,-35.3551279,149.166089,99.799,19.33281458722795,17.02,-2.12
141.924,4,-35.3551125,149.1660867,99.81,18.4990516876972,16.990000000000002,-1.87
142.024,4,-35.3550971,149.1660847,99.822,17.47736296334272,16.95,-1.6400000000000001
142.124,4,-35.3550818,149.1660829,99.834,16.28536005693939,16.92,-1.45
142.224,4,-35.3550665,149.1660813,99.84400000000001,14.975650793021932,16.89,-1.28
142.324,4,-35.3550514,149.1660799,99.851,13.652784023442093,16.85,-1.1400000000000001
142.424,4,-35.3550363,149.1660786,99.852,12.356805147303657,16.82,-1.02
142.524,4,-35.3550213,149.1660774,99.84700000000001,11.165807132481962,16.78,-0.92
142.624,4,-35.3550063,149.16607639999998,99.839,10.135785577340068,16.75,-0.8200000000000001
142.724,4,-35.354991399999996,149.16607539999998,99.828,9.27518857210763,16.73,-0.73
142.824,4,-35.3549765,149.1660746,99.815,8.59027598515897,16.7,-0.64
142.924,4,-35.354961599999996,149.1660738,99.801,8.019433533765044,16.68,-0.55
143.024,4,-35.3549468,149.1660732,99.79,7.526653314395197,16.66,-0.46
143.124,4,-35.354932,149.1660726,99.78,7.092917945965992,16.63,-0.38
143.224,4,-35.3549171,149.16607209999998,99.771,6.657224874565933,16.61,-0.3
143.324,4,-35.3549023,149.1660717,99.763,6.189956265519728,16.6,-0.23
143.425,4,-35.3548873,149.1660714,99.758,5.688309606833557,16.580000000000002,-0.16
143.525,4,-35.3548724,149.1660712,99.759,5.200020236842992,16.57,-0.11
143.625,4,-35.3548574,149.166071,99.758,4.692672504633975,16.57,-0.06
143.724,4,-35.354842399999995,149.1660709,99.756,4.20660508055778,16.57,-0.01
143.824,4,-35.3548274,149.1660708,99.753,3.752549045574141,16.57,0.01
143.924,4,-35.3548124,149.1660708,99.748,3.3143251756431806,16.57,0.04
144.024,4,-35.354797399999995,149.1660708,99.741,2.8729086191620627,16.580000000000002,0.06
144.124,4,-35.3547823,149.1660708,99.735,2.497815760842707,16.59,0.09
144.224,4,-35.3547673,149.1660708,99.729,2.2300996661348873,16.59,0.11
144.324,4,-35.354752399999995,149.1660709,99.724,2.021187231312646,16.59,0.13
144.424,4,-35.3547375,149.1660709,99.718,1.7954838436329863,16.59,0.15
144.524,4,-35.354722699999996,149.166071,99.714,1.556863287572363,16.580000000000002,0.17
144.624,4,-35.3547079,149.16607109999998,99.712,1.3356680381883232,16.580000000000002,0.18
144.724,4,-35.3546931,149.1660713,99.714,1.0992206562225275,16.57,0.2
144.824,4,-35.354678299999996,149.1660714,99.718,0.9188224469160913,16.57,0.2
144.924,4,-35.3546635,149.16607159999998,99.72200000000001,0.7643394694245642,16.57,0.21
145.024,4,-35.3546487,149.1660718,99.727,0.6105374831376287,16.56,0.22
145.124,4,-35.354634,149.16607199999999,99.733,0.4533581817495334,16.56,0.22
145.224,4,-35.3546191,149.1660722,99.73700000000001,0.2825713292657744,16.56,0.22
145.324,4,-35.3546043,149.1660724,99.73700000000001,0.1129467428590415,16.57,0.21
145.425,4,-35.354589499999996,149.1660726,99.736,-0.002626119148516471,16.57,0.21
145.525,4,-35.3545744,149.1660728,99.733,-0.07663785076754379,16.580000000000002,0.21
145.625,4,-35.3545594,149.16607299999998,99.729,-0.18025035972328934,16.6,0.21
145.725,4,-35.3545444,149.1660732,99.721,-0.2610058874155318,16.62,0.21
145.824,4,-35.354529299999996,149.1660734,99.71300000000001,-0.3082001200223663,16.63,0.21
145.924,4,-35.3545142,149.1660736,99.708,-0.33691247438495453,16.65,0.21
146.024,4,-35.3544991,149.1660738,99.706,-0.3597925675678659,16.66,0.2
146.124,4,-35.354484,149.16607399999998,99.71000000000001,-0.380844758054579,16.67,0.2
146.224,4,-35.3544689,149.1660742,99.718,-0.447865802522344,16.68,0.19
146.324,4,-35.354453899999996,149.16607439999999,99.72800000000001,-0.5044534395482236,16.68,0.18
146.424,4,-35.3544389,149.1660746,99.739,-0.5735652422735266,16.69,0.16
146.524,4,-35.354424,149.1660748,99.751,-0.613607866612961,16.68,0.15
146.624,4,-35.354409,149.16607489999998,99.761,-0.6347493831674131,16.68,0.14
146.724,4,-35.3543941,149.1660751,99.771,-0.637358515430358,16.68,0.13
146.824,4,-35.3543792,149.1660753,99.779,-0.6116778579247564,16.68,0.13
146.924,4,-35.3543643,149.16607539999998,99.787,-0.6167927624785968,16.68,0.12
147.024,4,-35.3543494,149.1660755,99.793,-0.6572062447456217,16.68,0.11
147.124,4,-35.3543345,149.1660757,99.795,-0.7128879212111227,16.68,0.1
147.224,4,-35.3543196,149.1660758,99.795,-0.7529182191935393,16.68,0.1
147.324,4,-35.3543047,149.16607589999998,99.793,-0.7227055710910755,16.68,0.08
147.424,4,-35.3542898,149.166076,99.793,-0.6824249573477484,16.69,0.07
147.525,4,-35.3542748,149.1660761,99.796,-0.6516327570220385,16.69,0.06
147.625,4,-35.3542597,149.1660762,99.799,-0.58511365141699,16.69,0.05
147.725,4,-35.3542446,149.1660762,99.801,-0.517404385349067,16.7,0.05
147.82500000000002,4,-35.354229499999995,149.1660763,99.801,-0.4846186769202124,16.71,0.04
147.924,4,-35.354214299999995,149.16607639999998,99.8,-0.4737515791464576,16.73,0.03
148.024,4,-35.3541992,149.16607639999998,99.799,-0.4047701103043403,16.740000000000002,0.03
148.124,4,-35.354183899999995,149.1660765,99.8,-0.31861263669034495,16.75,0.03
148.224,4,-35.354168699999995,149.1660765,99.804,-0.250695263296148,16.76,0.03
148.324,4,-35.354153499999995,149.1660766,99.812,-0.21520055776816358,16.77,0.03
148.424,4,-35.354138299999995,149.1660766,99.82000000000001,-0.21083053070003802,16.78,0.02
148.524,4,-35.3541232,149.1660766,99.827,-0.23683387462328315,16.78,0.02
148.624,4,-35.3541081,149.1660767,99.83500000000001,-0.21228150567162937,16.78,0.02
148.724,4,-35.3540931,149.1660767,99.84400000000001,-0.22391900075899396,16.77,0.01
148.824,4,-35.354078099999995,149.16607679999998,99.85300000000001,-0.1933240888466342,16.76,0.01
148.924,4,-35.3540631,149.16607679999998,99.86,-0.17025565853344504,16.76,0.01
149.024,4,-35.3540482,149.16607679999998,99.86500000000001,-0.1501696863502375,16.75,0.02
149.124,4,-35.354033199999996,149.1660769,99.86500000000001,-0.13809160404076742,16.75,0.02
149.224,4,-35.3540182,149.1660769,99.864,-0.11717956583417179,16.740000000000002,0.02
149.324,4,-35.354003299999995,149.1660769,99.861,-0.11135171359496501,16.740000000000002,0.02
149.424,4,-35.3539883,149.166077,99.858,-0.10164339343247863,16.740000000000002,0.02
149.524,4,-35.3539733,149.166077,99.85600000000001,-0.09441591270237461,16.740000000000002,0.02
149.625,4,-35.353958299999995,149.1660771,99.858,-0.11441377944735297,16.740000000000002,0.02
149.725,4,-35.353943099999995,149.1660771,99.864,-0.2018299822201876,16.740000000000002,0.01
149.82500000000002,4,-35.353927999999996,149.1660771,99.872,-0.2692710032806291,16.75,0.01
149.925,4,-35.353912799999996,149.1660771,99.88,-0.33740235369491783,16.76,0.0
150.024,4,-35.353897599999996,149.1660771,99.888,-0.369352511208783,16.76,0.0
150.124,4,-35.353882399999996,149.1660771,99.894,-0.37413137579154404,16.77,0.0
150.224,4,-35.353867199999996,149.1660771,99.899,-0.37244624005725496,16.78,-0.01
150.324,4,-35.353851899999995,149.1660771,99.901,-0.35674982501433095,16.79,-0.01
150.424,4,-35.353836699999995,149.1660771,99.902,-0.3496180936646327,16.8,-0.02
150.524,4,-35.353821599999996,149.1660771,99.902,-0.3702078323197684,16.8,-0.03
150.624,4,-35.3538065,149.1660771,99.902,-0.33795266417077985,16.8,-0.04
150.724,4,-35.3537915,149.1660771,99.905,-0.2945249607260901,16.79,-0.04
150.824,4,-35.353776499999995,149.166077,99.907,-0.20369254279033835,16.79,-0.04
150.924,4,-35.3537615,149.166077,99.911,-0.12391507951094317,16.78,-0.04
151.024,4,-35.3537465,149.1660769,99.916,-0.0637113909280707,16.78,-0.04
151.124,4,-35.353731499999995,149.1660769,99.922,0.05074513389750105,16.77,-0.04
151.224,4,-35.3537165,149.1660769,99.926,0.13965919915635147,16.77,-0.04
151.324,4,-35.3537016,149.16607679999998,99.929,0.20102012455586507,16.76,-0.03
151.424,4,-35.353686599999996,149.16607679999998,99.931,0.16871677155671622,16.76,-0.03
151.524,4,-35.3536716,149.16607679999998,99.931,0.11880691176478021,16.76,-0.03
151.624,4,-35.3536566,149.1660767,99.93,0.07829958109773368,16.75,-0.03
151.725,4,-35.353641599999996,149.1660767,99.932,0.07642796919291134,16.75,-0.02
151.82500000000002,4,-35.3536265,149.1660767,99.933,0.08555230818136163,16.75,-0.02
151.925,4,-35.3536113,149.1660767,99.931,0.09190795928661716,16.76,-0.02
152.024,4,-35.3535962,149.1660766,99.93,0.09139490135617946,16.77,-0.01
152.124,4,-35.3535809,149.1660766,99.931,0.1116177841476914,16.78,-0.01
152.224,4,-35.3535657,149.1660766,99.933,0.11580612418183064,16.79,-0.01
152.324,4,-35.353550399999996,149.1660766,99.935,0.08109212128217058,16.8,-0.01
152.424,4,-35.353535199999996,149.1660766,99.936,0.0912857650718047,16.81,-0.01
152.524,4,-35.353519899999995,149.1660765,99.93900000000001,0.4597662332123276,16.82,-0.02
152.624,4,-35.353504699999995,149.1660765,99.943,1.8246318893594273,16.82,-0.02
152.724,4,-35.353489599999996,149.1660765,99.947,4.437935050009648,16.81,0.02
152.824,4,-35.3534745,149.1660766,99.952,7.885999811913322,16.79,0.15
152.924,4,-35.3534595,149.16607679999998,99.955,11.423908882159344,16.740000000000002,0.35000000000000003
153.024,4,-35.3534445,149.16607729999998,99.955,14.708387198346626,16.69,0.6
153.124,4,-35.3534296,149.1660781,99.95400000000001,17.838811451577918,16.63,0.87
153.224,4,-35.353414799999996,149.1660793,99.95,20.818332920381533,16.57,1.18
153.324,4,-35.3534,149.1660808,99.943,23.407512493213503,16.5,1.53
153.424,4,-35.3533853,149.1660827,99.935,25.541104788027283,16.43,1.9000000000000001
153.524,4,-35.3533707,149.16608499999998,99.928,27.248740872989682,16.34,2.3000000000000003
153.624,4,-35.3533561,149.16608779999999,99.922,28.67005713549244,16.240000000000002,2.73
153.724,4,-35.3533416,149.1660911,99.92,29.870384334946724,16.13,3.19
153.82500000000002,4,-35.3533271,149.1660949,99.923,30.927912769423553,16.0,3.66
153.925,4,-35.3533127,149.16609929999998,99.932,31.991800110017664,15.860000000000001,4.14
154.025,4,-35.3532985,149.1661042,99.946,33.10076669913386,15.700000000000001,4.63
154.124,4,-35.3532843,149.1661097,99.964,34.171036851507345,15.530000000000001,5.13
154.224,4,-35.3532704,149.1661157,99.98400000000001,35.181594075062,15.34,5.64
154.324,4,-35.3532565,149.16612229999998,100.005,36.147574068998566,15.13,6.16
154.424,4,-35.3532429,149.16612949999998,100.027,37.05778556836197,14.9,6.68
154.524,4,-35.3532295,149.1661373,100.049,37.85957805993518,14.65,7.21
154.624,4,-35.3532164,149.1661456,100.07300000000001,38.5700338468324,14.36,7.76
154.724,4,-35.3532036,149.1661545,100.101,39.24472676323543,14.040000000000001,8.32
154.824,4,-35.3531912,149.16616399999998,100.131,39.8725133555134,13.69,8.86
154.924,4,-35.3531791,149.1661741,100.163,40.35702306957201,13.32,9.4
155.024,4,-35.353167299999996,149.1661847,100.19800000000001,40.74029571975269,12.94,9.93
155.124,4,-35.353156,149.1661959,100.23700000000001,41.08077040459407,12.540000000000001,10.43
155.224,4,-35.353145,149.1662076,100.275,41.38589203029146,12.13,10.92
155.324,5,-35.3531344,149.1662198,100.313,41.611862008792166,11.700000000000001,11.39
155.424,5,-35.353124099999995,149.1662326,100.348,41.84473730854375,11.26,11.85
155.524,5,-35.3531143,149.16624579999998,100.383,42.06073521085623,10.78,12.290000000000001
155.624,5,-35.3531049,149.1662596,100.417,42.248193167721816,10.28,12.73
155.724,5,-35.3530959,149.1662738,100.45100000000001,42.44968374823719,9.76,13.16
155.824,5,-35.3530875,149.16628839999998,100.485,42.67139510379039,9.23,13.56
155.925,5,-35.3530794,149.1663037,100.518,42.87937094892269,8.700000000000001,13.94
156.025,5,-35.353071899999996,149.1663192,100.55,43.01064376967575,8.15,14.31
156.125,5,-35.3530648,149.1663353,100.578,43.15757821419565,7.59,14.67
156.224,5,-35.3530582,149.1663517,100.60300000000001,43.32659807539679,7.01,15.01
156.324,5,-35.3530521,149.1663686,100.626,43.4485886690678,6.41,15.34
156.424,5,-35.3530466,149.1663858,100.647,43.526678221848556,5.8,15.65
156.524,5,-35.3530416,149.1664034,100.668,43.51669590037658,5.17,15.94
156.624,5,-35.353037199999996,149.1664213,100.688,43.49634535174453,4.53,16.21
156.724,5,-35.3530334,149.16643929999998,100.709,43.17439755502681,3.89,16.45
156.824,5,-35.3530302,149.1664575,100.729,42.096149741702746,3.24,16.66
156.924,5,-35.3530276,149.1664759,100.753,40.173144131831506,2.61,16.830000000000002
157.024,5,-35.3530255,149.1664944,100.785,37.76164339252095,2.0100000000000002,16.95
157.124,5,-35.353024,149.1665129,100.827,35.27417728926152,1.49,17.01
157.224,5,-35.3530228,149.1665315,100.873,33.02737973159666,1.06,17.02
157.324,5,-35.353021999999996,149.1665501,100.913,30.958324186703035,0.7000000000000001,17.0
157.424,5,-35.3530215,149.1665687,100.94,28.736562687440852,0.38,16.96
157.524,5,-35.3530213,149.16658719999998,100.94800000000001,26.311679899998953,0.11,16.9
157.624,5,-35.3530213,149.1666056,100.937,23.803332200899497,-0.09,16.84
157.724,5,-35.353021399999996,149.16662399999998,100.906,21.396626254386295,-0.28,16.78
157.824,5,-35.3530217,149.1666424,100.861,19.19735998315555,-0.45,16.72
157.925,5,-35.353021999999996,149.1666606,100.802,17.210753359280442,-0.61,16.67
158.025,5,-35.353022599999996,149.166679,100.732,15.448906062875654,-0.77,16.62
158.125,5,-35.3530233,149.1666974,100.656,13.8714755816085,-0.93,16.59
158.225,5,-35.3530242,149.1667157,100.57900000000001,12.39542047554997,-1.08,16.57
158.324,5,-35.353025099999996,149.16673419999998,100.504,11.005126078483766,-1.22,16.56
158.424,5,-35.353026299999996,149.1667525,100.436,9.631230965614762,-1.35,16.55
158.524,5,-35.353027499999996,149.1667709,100.378,8.170426818199225,-1.46,16.55
158.624,5,-35.3530288,149.1667893,100.33,6.626704601146554,-1.54,16.54
158.724,5,-35.3530301,149.1668077,100.291,5.052348558779554,-1.6,16.53
158.824,5,-35.3530316,149.166826,100.255,3.457855624635475,-1.62,16.53
158.924,5,-35.353032999999996,149.16684419999999,100.22200000000001,1.905153202928119,-1.62,16.51
159.024,5,-35.3530344,149.16686239999999,100.18900000000001,0.456160320217384,-1.6,16.5
159.124,5,-35.3530357,149.1668805,100.155,-0.8210797184897114,-1.57,16.490000000000002
159.224,5,-35.353037,149.1668985,100.116,-1.8590131406505674,-1.52,16.490000000000002
159.324,5,-35.3530383,149.16691649999999,100.074,-2.677661258434901,-1.47,16.48
159.424,5,-35.353039599999995,149.1669346,100.03,-3.2909844982585432,-1.41,16.48
159.524,5,-35.3530407,149.1669526,99.986,-3.704464513817251,-1.35,16.48
159.624,5,-35.3530419,149.1669707,99.944,-3.9802137647626523,-1.29,16.490000000000002
159.724,5,-35.3530429,149.1669887,99.905,-4.187511286733009,-1.22,16.490000000000002
159.824,5,-35.353044,149.1670068,99.87,-4.352425777356143,-1.16,16.5
159.924,5,-35.3530449,149.1670249,99.84,-4.421664685633032,-1.09,16.51
160.025,5,-35.3530458,149.167043,99.815,-4.426070157647691,-1.03,16.52
160.125,5,-35.3530467,149.1670614,99.793,-4.413401010510963,-0.97,16.53
160.225,5,-35.353047499999995,149.1670797,99.773,-4.400109462386118,-0.91,16.55
160.32500000000002,5,-35.3530483,149.1670982,99.754,-4.342691904015229,-0.86,16.57
160.424,5,-35.353049,149.1671165,99.73700000000001,-4.232364712125659,-0.81,16.580000000000002
160.524,5,-35.3530497,149.167135,99.71900000000001,-4.056851475457957,-0.75,16.6
160.624,5,-35.3530503,149.16715349999998,99.703,-3.8745272595272833,-0.7000000000000001,16.62
160.724,5,-35.3530509,149.167172,99.68900000000001,-3.68154666783092,-0.66,16.64
160.824,5,-35.3530515,149.16719039999998,99.674,-3.490477034998279,-0.61,16.65
160.924,5,-35.353052,149.1672088,99.658,-3.328982761602028,-0.5700000000000001,16.66
161.024,5,-35.3530525,149.1672271,99.641,-3.1927813190325693,-0.53,16.67
161.124,5,-35.353052999999996,149.16724539999998,99.627,-3.111138146892703,-0.49,16.68
161.224,5,-35.3530534,149.1672637,99.617,-3.0162986223895487,-0.45,16.68
161.324,5,-35.3530537,149.1672819,99.613,-2.8671191800668305,-0.41000000000000003,16.68
161.424,5,-35.3530541,149.1673002,99.61500000000001,-2.726917807964683,-0.38,16.68
161.524,5,-35.3530544,149.1673184,99.619,-2.5853275595834955,-0.35000000000000003,16.68
161.624,5,-35.3530547,149.1673367,99.624,-2.422609828552166,-0.32,16.68
161.724,5,-35.353055,149.167355,99.629,-2.299023958823132,-0.29,16.68
161.824,5,-35.3530553,149.1673732,99.634,-2.1647253642677566,-0.27,16.68
161.924,5,-35.353055499999996,149.16739149999998,99.635,-2.0628891647335705,-0.25,16.67
162.024,5,-35.3530557,149.1674098,99.634,-1.916449482041674,-0.23,16.67
162.125,5,-35.3530559,149.1674281,99.629,-1.7895869357800323,-0.21,16.68
162.225,5,-35.353056099999996,149.1674466,99.621,-1.6549509939126814,-0.19,16.68
162.32500000000002,5,-35.3530563,149.1674651,99.61200000000001,-1.5458531293520081,-0.17,16.69
162.425,5,-35.3530565,149.1674836,99.605,-1.4715288250729277,-0.15,16.7
162.524,5,-35.353056599999995,149.1675022,99.60300000000001,-1.3995481294528078,-0.13,16.71
162.624,5,-35.353056699999996,149.16752069999998,99.605,-1.320202782360122,-0.11,16.72
162.724,5,-35.3530568,149.16753939999998,99.61,-1.2150145607690461,-0.1,16.72
162.824,5,-35.3530569,149.16755799999999,99.617,-1.134564750743228,-0.09,16.73
162.924,5,-35.353057,149.1675766,99.628,-1.005023916553295,-0.08,16.740000000000002
163.024,5,-35.3530571,149.1675952,99.641,-0.9188098537548091,-0.08,16.75
163.124,5,-35.353057199999995,149.1676137,99.653,-0.8826200964374965,-0.07,16.75
163.224,5,-35.353057299999996,149.1676321,99.664,-0.8462515269021471,-0.06,16.75
163.324,5,-35.353057299999996,149.16765049999998,99.672,-0.8290233352161419,-0.05,16.75
163.424,5,-35.3530574,149.1676689,99.678,-0.794068187952162,-0.04,16.75
163.524,5,-35.3530575,149.1676872,99.684,-0.7657899774886928,-0.03,16.75
163.624,5,-35.3530575,149.1677056,99.688,-0.7141872046181589,-0.03,16.75
163.724,5,-35.3530575,149.1677239,99.69200000000001,-0.6309357897330189,-0.02,16.75
163.824,5,-35.3530576,149.1677423,99.69800000000001,-0.5679195039551292,-0.02,16.75
163.924,5,-35.3530576,149.16776059999998,99.705,-0.5116800464943616,-0.01,16.75
164.024,5,-35.3530576,149.167779,99.71300000000001,-0.4388278614248304,-0.01,16.75
164.124,5,-35.3530576,149.1677973,99.721,-0.38961624173318277,0.0,16.740000000000002
164.225,5,-35.3530577,149.1678157,99.729,-0.3904816213649381,0.0,16.740000000000002
164.32500000000002,5,-35.3530577,149.1678344,99.73700000000001,-0.38091700864939304,0.0,16.740000000000002
164.425,5,-35.3530577,149.16785289999999,99.742,-0.32928574108341546,0.0,16.75
164.524,5,-35.3530576,149.16787159999998,99.746,-0.29326887292946885,0.0,16.76
164.624,5,-35.3530576,149.1678902,99.748,-0.250180837993855,0.0,16.76
164.724,5,-35.3530576,149.1679089,99.748,-0.22271788798106343,0.01,16.77
164.824,5,-35.3530576,149.1679275,99.747,-0.21390236825861159,0.02,16.78
164.924,5,-35.3530576,149.1679462,99.746,-0.1885914881233294,0.03,16.79
165.024,5,-35.3530576,149.1679649,99.746,-0.1650910750255634,0.03,16.8
165.124,5,-35.3530576,149.1679834,99.749,-0.16957050518232814,0.03,16.8
165.224,5,-35.3530576,149.1680019,99.757,-0.12624253317169112,0.03,16.79
165.324,5,-35.3530576,149.1680203,99.769,-0.08423402164058967,0.03,16.79
165.424,5,-35.3530575,149.16803869999998,99.783,-0.047639215429196836,0.03,16.78
165.524,5,-35.3530575,149.1680571,99.798,0.027005819258763296,0.03,16.77
165.624,5,-35.3530575,149.1680755,99.811,0.06546512203875081,0.02,16.76
165.724,5,-35.3530575,149.16809379999998,99.821,0.0904793358422804,0.02,16.75
165.824,5,-35.3530575,149.1681122,99.828,0.08424560094566695,0.01,16.740000000000002
165.924,5,-35.3530574,149.1681305,99.831,0.05213829572003861,0.01,16.740000000000002
166.024,5,-35.3530574,149.16814879999998,99.83,0.026638373090704458,0.01,16.73
166.124,5,-35.3530574,149.1681672,99.82900000000001,0.0552270253236054,0.01,16.73
166.224,5,-35.3530574,149.1681856,99.827,0.05771181012404836,0.0,16.73
166.32500000000002,5,-35.3530574,149.1682041,99.825,0.04534624955468281,0.0,16.73
166.425,5,-35.3530574,149.16822249999998,99.825,0.0186037110765557,0.0,16.72
166.525,5,-35.3530574,149.168241,99.83,-0.04729732577461935,0.0,16.72
166.624,5,-35.3530574,149.1682595,99.837,-0.11902803913915938,0.0,16.72
166.724,5,-35.3530574,149.1682782,99.84700000000001,-0.17594911479453992,0.0,16.73
166.824,5,-35.3530574,149.1682968,99.857,-0.2149467868920285,0.01,16.73
166.924,5,-35.353057299999996,149.16831539999998,99.863,-0.2496396789042637,0.01,16.740000000000002
167.024,5,-35.353057299999996,149.16833409999998,99.867,-0.2822325412107712,0.01,16.740000000000002
167.124,5,-35.353057299999996,149.1683526,99.87,-0.30574327963357156,0.01,16.75
167.224,5,-35.353057299999996,149.16837099999998,99.87,-0.25928494654895307,0.02,16.75
167.324,5,-35.353057199999995,149.1683895,99.87,-0.17648840625428003,0.02,16.75
167.424,5,-35.353057199999995,149.1684079,99.87,-0.07624444787960692,0.02,16.76
167.524,5,-35.3530571,149.1684263,99.872,-0.06437237181282811,0.02,16.76
167.624,5,-35.3530571,149.16844469999998,99.876,-0.07706819270589425,0.02,16.76
167.724,5,-35.353057,149.168463,99.882,-0.0756616873350807,0.03,16.75
167.824,5,-35.353057,149.1684814,99.889,-0.08367401949982134,0.03,16.75
167.924,5,-35.3530569,149.1684998,99.895,-0.09513246891541771,0.04,16.75
168.024,5,-35.3530569,149.1685182,99.9,-0.1154879600964697,0.04,16.75
168.124,5,-35.3530568,149.16853659999998,99.9,-0.08663418613350785,0.05,16.75
168.224,5,-35.353056699999996,149.168555,99.897,-0.0012764214081850522,0.05,16.75
168.324,5,-35.353056599999995,149.16857339999999,99.891,0.0775909823218779,0.06,16.75
168.425,5,-35.353056599999995,149.168592,99.885,0.15881342414702085,0.06,16.75
168.525,5,-35.3530565,149.1686106,99.88,0.2188651276806473,0.06,16.76
168.625,5,-35.3530564,149.1686292,99.877,0.2670783524744963,0.06,16.77
168.724,5,-35.3530563,149.1686479,99.878,0.3298572091374487,0.05,16.78
168.824,5,-35.3530562,149.1686666,99.881,0.3893600562784544,0.04,16.79
168.924,5,-35.3530562,149.1686853,99.884,0.3983433825430343,0.04,16.81
169.024,5,-35.353056099999996,149.168704,99.888,0.4333667783378614,0.03,16.82
169.124,5,-35.353055999999995,149.16872279999998,99.894,0.4671730931195304,0.02,16.830000000000002
169.224,5,-35.353055999999995,149.16874149999998,99.9,0.5039694566125047,0.01,16.830000000000002
169.324,5,-35.353055999999995,149.1687601,99.904,0.48379953446748686,0.0,16.84
169.424,5,-35.3530559,149.1687787,99.905,0.4520665289444605,0.0,16.84
169.524,5,-35.3530559,149.1687971,99.906,0.4109975352800994,-0.01,16.830000000000002
169.624,5,-35.3530559,149.1688156,99.909,0.4759685091406557,0.0,16.830000000000002
169.724,5,-35.3530559,149.168834,99.913,0.934927712813864,0.0,16.82
169.824,5,-35.3530559,149.16885249999999,99.916,1.9904093316955107,-0.02,16.81
169.924,5,-35.3530558,149.1688709,99.918,3.586377800143724,-0.08,16.81
170.024,5,-35.3530559,149.1688893,99.919,5.401439100372082,-0.18,16.82
170.124,5,-35.353056099999996,149.1689077,99.918,7.0837082896438766,-0.31,16.830000000000002
170.224,5,-35.3530564,149.1689262,99.917,8.409781406152213,-0.45,16.85
170.324,5,-35.3530569,149.1689447,99.915,9.22042582288976,-0.6,16.87
170.425,5,-35.3530575,149.1689632,99.912,9.423395993134092,-0.73,16.89
170.525,5,-35.3530582,149.1689821,99.909,9.101760677570898,-0.86,16.91
170.625,5,-35.353059,149.1690009,99.91,8.426912374364251,-0.96,16.93
170.725,5,-35.3530599,149.1690198,99.915,7.537828357650984,-1.05,16.95
170.824,5,-35.3530608,149.1690386,99.922,6.474787960513954,-1.12,16.97
170.924,5,-35.3530618,149.16905749999998,99.929,5.407099192759907,-1.17,16.98
171.024,5,-35.3530629,149.1690764,99.934,4.442914684801411,-1.21,16.990000000000002
171.124,5,-35.353063999999996,149.16909529999998,99.936,3.534647441473928,-1.23,17.0
171.224,5,-35.353065099999995,149.1691142,99.937,2.762062332895572,-1.25,17.01
171.324,5,-35.3530661,149.169133,99.938,2.1383597668544496,-1.26,17.01
171.424,5,-35.3530672,149.1691517,99.943,1.6884889302847366,-1.27,17.01
171.524,5,-35.3530683,149.16917039999998,99.95,1.3474873603819129,-1.28,17.0
171.624,5,-35.3530695,149.16918909999998,99.95700000000001,1.1083873036972136,-1.29,17.0
171.724,5,-35.353070599999995,149.1692077,99.964,0.9102717971271758,-1.3,17.0
171.824,5,-35.3530717,149.1692263,99.971,0.7153793394325906,-1.31,16.990000000000002
171.924,5,-35.3530729,149.1692449,99.976,0.5321288858174392,-1.32,16.990000000000002
172.024,5,-35.353074,149.1692635,99.976,0.35326354705156837,-1.32,16.990000000000002
172.124,5,-35.3530752,149.1692821,99.974,0.15327232646114222,-1.32,16.98
172.224,5,-35.3530763,149.16930069999998,99.97200000000001,-0.009207532726923557,-1.31,16.98
172.324,5,-35.3530774,149.1693194,99.97200000000001,-0.20306137728213364,-1.3,16.97
172.424,5,-35.353078599999996,149.16933799999998,99.97200000000001,-0.39520837907485135,-1.29,16.96
172.525,5,-35.353079699999995,149.1693566,99.97200000000001,-0.5508087595063366,-1.28,16.96
172.625,5,-35.3530808,149.1693754,99.97200000000001,-0.6982047754037406,-1.26,16.95
172.725,5,-35.3530819,149.1693942,99.974,-0.804832139197279,-1.25,16.95
172.82500000000002,5,-35.353083,149.169413,99.977,-0.853724714349493,-1.23,16.95
172.924,5,-35.3530841,149.1694319,99.977,-0.8358285515070019,-1.21,16.96
173.024,5,-35.353085199999995,149.1694507,99.97500000000001,-0.7951951691652142,-1.2,16.96
173.124,5,-35.3530862,149.16946959999999,99.971,-0.7824436862324764,-1.19,16.97
173.224,5,-35.3530873,149.1694885,99.967,-0.7422319079893783,-1.18,16.97
173.324,5,-35.353088299999996,149.1695074,99.964,-0.7202673536399397,-1.17,16.98
173.424,5,-35.3530893,149.1695263,99.965,-0.6986095708337696,-1.16,16.990000000000002
173.524,5,-35.3530904,149.169545,99.967,-0.7052486214287278,-1.1500000000000001,16.990000000000002
173.624,5,-35.3530914,149.1695638,99.96900000000001,-0.6968660583264181,-1.1300000000000001,16.990000000000002
173.724,5,-35.3530923,149.1695824,99.973,-0.670037608875137,-1.12,16.98
173.824,5,-35.3530933,149.169601,99.97800000000001,-0.6397966261597882,-1.12,16.97
173.924,5,-35.353094299999995,149.1696196,99.982,-0.6069273012744538,-1.11,16.96
174.024,5,-35.3530953,149.16963819999998,99.98400000000001,-0.5643004641903745,-1.1,16.95
174.124,5,-35.353096199999996,149.1696567,99.98400000000001,-0.4970789163178726,-1.09,16.95
174.224,5,-35.3530972,149.1696753,99.982,-0.4345065127947544,-1.08,16.94
174.324,5,-35.3530981,149.1696939,99.98,-0.33171952958376144,-1.07,16.93
174.424,5,-35.353099,149.16971239999998,99.977,-0.293080535799191,-1.06,16.93
174.524,5,-35.3531,149.16973099999998,99.976,-0.2796725009324858,-1.05,16.93
174.625,5,-35.3531009,149.1697496,99.97500000000001,-0.2837597821813566,-1.05,16.93
174.725,5,-35.3531018,149.1697685,99.973,-0.24087291766114077,-1.04,16.94
174.82500000000002,5,-35.3531027,149.1697872,99.96900000000001,-0.20897854891897286,-1.04,16.94
174.925,5,-35.3531037,149.1698061,99.964,-0.15838388262146375,-1.04,16.95
175.024,5,-35.3531046,149.16982489999998,99.95700000000001,-0.113351925155254,-1.04,16.96
175.124,5,-35.3531055,149.1698438,99.95,-0.0670690959157931,-1.03,16.97
175.224,5,-35.3531064,149.16986269999998,99.94500000000001,0.3440474874271055,-1.02,16.98
175.324,5,-35.3531073,149.1698816,99.947,1.786408123051626,-1.02,16.990000000000002
175.424,5,-35.353108299999995,149.1699004,99.95400000000001,4.41449853653322,-1.08,17.01
175.524,5,-35.3531093,149.16991919999998,99.962,7.844907686319233,-1.21,17.02
175.624,5,-35.3531104,149.16993789999998,99.968,11.418283367604191,-1.42,17.04
175.724,5,-35.3531118,149.1699566,99.971,14.719561387828767,-1.67,17.06
175.824,5,-35.3531134,149.1699754,99.97,17.8562847830221,-1.94,17.09
175.924,5,-35.3531153,149.1699941,99.965,20.793033899695804,-2.25,17.11
176.024,5,-35.353117499999996,149.1700129,99.959,23.445957920504213,-2.6,17.14
176.124,5,-35.35312,149.1700316,99.952,25.71017075300532,-3.0,17.17
176.224,5,-35.353122899999995,149.1700505,99.946,27.578888311806004,-3.42,17.2
176.324,5,-35.3531262,149.1700693,99.943,29.16004807635998,-3.86,17.22
176.424,5,-35.3531298,149.17008819999998,99.94500000000001,30.585651990114215,-4.32,17.240000000000002
176.524,5,-35.353134,149.1701072,99.952,31.93383570962635,-4.82,17.240000000000002
176.624,5,-35.3531385,149.1701261,99.961,33.24751672854617,-5.33,17.23
176.725,5,-35.353143599999996,149.1701452,99.97200000000001,34.56118750218223,-5.88,17.21
176.82500000000002,5,-35.3531492,149.1701641,99.98400000000001,35.79555636445986,-6.44,17.18
176.925,5,-35.3531553,149.1701832,99.998,36.94528210744811,-7.0200000000000005,17.14
177.024,5,-35.353161899999996,149.17020209999998,100.012,37.9513211608668,-7.640000000000001,17.07
177.124,5,-35.353169199999996,149.1702211,100.031,38.83490858284549,-8.290000000000001,16.98
177.224,5,-35.353177099999996,149.17024,100.054,39.59592484507373,-8.94,16.87
177.324,5,-35.353185599999996,149.1702587,100.083,40.26539949695087,-9.6,16.740000000000002
177.424,5,-35.3531946,149.17027729999998,100.114,40.82616827309267,-10.27,16.57
177.524,5,-35.3532043,149.1702957,100.152,41.305401666017445,-10.94,16.39
177.624,5,-35.3532145,149.1703138,100.194,41.66761342789239,-11.6,16.17
177.724,5,-35.3532253,149.1703316,100.241,41.8909401231843,-12.24,15.93
177.824,5,-35.353236599999995,149.170349,100.289,42.03507760523908,-12.86,15.66
177.924,5,-35.3532484,149.170366,100.34,42.15616661393965,-13.48,15.370000000000001
178.024,5,-35.3532607,149.1703828,100.392,42.32945534337204,-14.07,15.05
178.124,6,-35.3532735,149.1703991,100.443,42.444366445968335,-14.64,14.71
178.224,6,-35.3532869,149.170415,100.493,42.55765537863675,-15.19,14.35
178.324,6,-35.3533007,149.17043049999998,100.542,42.67386763226994,-15.72,13.99
178.424,6,-35.353314999999995,149.1704457,100.586,42.77339714885536,-16.23,13.61
178.524,6,-35.353329699999996,149.1704604,100.626,42.85932434370871,-16.71,13.23
178.624,6,-35.353344899999996,149.1704747,100.66,42.95132699182878,-17.18,12.83
178.724,6,-35.3533604,149.1704886,100.687,43.098616606185516,-17.66,12.41
178.82500000000002,6,-35.3533766,149.1705021,100.708,43.270139731717464,-18.13,11.96
178.925,6,-35.3533932,149.1705151,100.724,43.47622702954426,-18.61,11.49
179.025,6,-35.3534102,149.1705275,100.739,43.69017929020033,-19.080000000000002,10.99
179.124,6,-35.3534277,149.1705395,100.753,43.93158549622525,-19.55,10.47
179.224,6,-35.3534456,149.1705508,100.768,44.114538943333216,-20.01,9.93
179.324,6,-35.353463999999995,149.17056159999998,100.782,44.28274601202312,-20.45,9.370000000000001
179.424,6,-35.3534827,149.17057169999998,100.796,44.36591722554636,-20.88,8.790000000000001
179.524,6,-35.3535019,149.1705812,100.81,44.365077112278456,-21.3,8.2
179.624,6,-35.3535213,149.17058989999998,100.825,44.33665328004744,-21.69,7.57
179.724,6,-35.3535409,149.1705979,100.845,44.22427959272781,-22.04,6.94
179.824,6,-35.3535608,149.17060519999998,100.866,43.988498047484384,-22.37,6.29
179.924,6,-35.3535809,149.1706117,100.887,43.747781690565624,-22.66,5.65
180.024,6,-35.3536013,149.17061759999999,100.908,43.458468537702224,-22.91,5.0
180.124,6,-35.3536218,149.1706227,100.93,43.147797383304194,-23.14,4.37
180.224,6,-35.3536425,149.1706271,100.94800000000001,42.79995633944296,-23.330000000000002,3.7600000000000002
180.324,6,-35.353663399999995,149.1706309,100.962,42.190918616436676,-23.5,3.16
180.424,6,-35.3536844,149.170634,100.97200000000001,40.8740854652149,-23.650000000000002,2.57
180.524,6,-35.3537055,149.1706365,100.97800000000001,38.74840765210187,-23.75,2.0100000000000002
180.624,6,-35.3537268,149.1706384,100.982,36.19677533668475,-23.82,1.51
180.72400000000002,6,-35.353747999999996,149.1706399,100.986,33.714199648871045,-23.85,1.08
180.82500000000002,6,-35.3537694,149.1706408,100.99000000000001,31.374088046765465,-23.85,0.6900000000000001
180.925,6,-35.353791,149.1706415,100.985,28.858969922651234,-23.84,0.35000000000000003
181.025,6,-35.3538125,149.1706417,100.97,26.30597669204199,-23.8,0.05
181.125,6,-35.3538341,149.1706417,100.941,23.939140267261447,-23.77,-0.17
181.22400000000002,6,-35.353855599999996,149.1706414,100.899,21.834880219838286,-23.73,-0.38
181.324,6,-35.3538771,149.170641,100.842,20.017851825128965,-23.7,-0.58
181.424,6,-35.3538985,149.1706403,100.773,18.377995122395188,-23.67,-0.77
181.524,6,-35.3539199,149.1706394,100.69500000000001,16.826683284514164,-23.64,-0.9500000000000001
181.624,6,-35.353941299999995,149.1706383,100.614,15.330180299627907,-23.63,-1.1300000000000001
181.72400000000002,6,-35.3539625,149.1706371,100.536,13.785740485825562,-23.61,-1.29
181.824,6,-35.3539836,149.1706356,100.46300000000001,12.147147368088238,-23.6,-1.45
181.924,6,-35.3540047,149.170634,100.398,10.42980814563619,-23.580000000000002,-1.58
182.024,6,-35.3540257,149.1706323,100.34,8.705779606665763,-23.56,-1.68
182.124,6,-35.3540467,149.1706305,100.292,6.9616190851167215,-23.54,-1.76
182.22400000000002,6,-35.3540677,149.1706286,100.253,5.247694103476034,-23.51,-1.81
182.324,6,-35.3540886,149.17062669999999,100.217,3.5999698765920494,-23.490000000000002,-1.83
182.424,6,-35.3541096,149.1706247,100.182,2.0230426948893623,-23.47,-1.83
182.524,6,-35.3541305,149.1706228,100.144,0.5776774964015502,-23.45,-1.81
182.624,6,-35.3541514,149.1706209,100.102,-0.6677720671439554,-23.44,-1.78
182.72400000000002,6,-35.3541723,149.170619,100.055,-1.6995757146898425,-23.44,-1.73
182.824,6,-35.3541933,149.17061719999998,100.005,-2.5525240819906285,-23.44,-1.69
182.925,7,-35.354214299999995,149.1706155,99.953,-3.2337176309362174,-23.45,-1.6400000000000001
183.025,7,-35.3542354,149.1706137,99.9,-3.7752457641860935,-23.46,-1.58
183.125,7,-35.3542566,149.1706121,99.85000000000001,-4.529736634436028,-23.490000000000002,-1.53
183.225,7,-35.3542778,149.17061049999998,99.805,-6.619576444973999,-23.51,-1.47
183.324,7,-35.3542992,149.17060899999998,99.768,-11.073747281527591,-23.53,-1.34
183.424,7,-35.3543205,149.17060759999998,99.73700000000001,-17.895522512256534,-23.53,-1.06
183.524,7,-35.3543419,149.1706068,99.711,-25.905425370808473,-23.51,-0.59
183.624,7,-35.3543631,149.1706065,99.682,-33.5979327537245,-23.47,0.02
183.72400000000002,7,-35.3543844,149.170607,99.643,-39.710115362712585,-23.43,0.73
183.824,7,-35.3544056,149.1706083,99.593,-43.6797769120944,-23.38,1.51
183.924,7,-35.3544266,149.1706106,99.542,-45.55769644325438,-23.3,2.39
184.024,7,-35.3544474,149.1706137,99.499,-45.87003416380989,-23.18,3.35
184.124,7,-35.3544681,149.17061809999998,99.482,-45.358244674206254,-22.97,4.3500000000000005
184.22400000000002,7,-35.354488499999995,149.1706235,99.497,-44.590548486969745,-22.69,5.33
184.324,7,-35.3545085,149.17063,99.546,-43.87146275605622,-22.34,6.25
184.424,7,-35.3545283,149.1706374,99.622,-43.50647452228366,-21.96,7.07
184.524,7,-35.3545476,149.1706457,99.72,-43.50052542751658,-21.54,7.82
184.624,7,-35.3545666,149.1706548,99.831,-43.71984280176569,-21.13,8.49
184.72400000000002,7,-35.354585199999995,149.1706645,99.944,-44.05365463707172,-20.73,9.06
184.824,7,-35.354603499999996,149.1706748,100.052,-44.34842511108196,-20.36,9.57
184.924,7,-35.3546214,149.17068559999998,100.144,-44.536190426460195,-20.02,10.03
185.025,7,-35.3546391,149.1706969,100.21600000000001,-44.64681558535231,-19.67,10.450000000000001
185.125,7,-35.3546568,149.1707089,100.267,-44.652877378240696,-19.32,10.870000000000001
185.225,7,-35.3546739,149.1707212,100.3,-44.557654295926966,-18.93,11.290000000000001
185.32500000000002,7,-35.3546908,149.17073399999998,100.319,-44.49902053699699,-18.51,11.74
185.424,7,-35.3547073,149.1707473,100.33200000000001,-44.43307506056051,-18.03,12.200000000000001
185.524,7,-35.354723299999996,149.1707612,100.34100000000001,-44.36027890438652,-17.51,12.67
185.624,7,-35.3547389,149.1707755,100.349,-44.335454581848104,-16.97,13.13
185.72400000000002,7,-35.3547539,149.1707903,100.361,-44.38177009460996,-16.38,13.59
185.824,7,-35.3547684,149.1708056,100.375,-44.45152340150872,-15.77,14.02
185.924,7,-35.354782199999995,149.1708213,100.391,-44.50349431090335,-15.13,14.43
186.024,7,-35.3547954,149.1708373,100.409,-44.57084680630884,-14.49,14.81
186.124,7,-35.3548079,149.17085369999998,100.427,-44.61200894134193,-13.84,15.16
186.22400000000002,7,-35.354819899999995,149.17087039999998,100.44500000000001,-44.63245511262236,-13.18,15.48
186.324,7,-35.3548313,149.1708875,100.46300000000001,-44.65682181248638,-12.51,15.780000000000001
186.424,7,-35.354842,149.1709048,100.482,-44.68075138024352,-11.86,16.05
186.524,7,-35.354852199999996,149.1709224,100.501,-44.669741115301456,-11.200000000000001,16.29
186.624,7,-35.3548618,149.17094029999998,100.518,-44.60148703492552,-10.53,16.51
186.72400000000002,7,-35.3548708,149.1709584,100.533,-44.58859505286712,-9.86,16.71
186.824,7,-35.3548792,149.1709768,100.544,-44.63296737681011,-9.18,16.89
186.924,7,-35.354887,149.1709953,100.552,-44.669925530409046,-8.49,17.04
187.024,7,-35.3548942,149.1710139,100.557,-44.696730607806764,-7.79,17.18
187.125,7,-35.354900799999996,149.1710328,100.561,-44.68861975816737,-7.07,17.29
187.225,7,-35.354906799999995,149.17105189999998,100.56400000000001,-44.634104603306916,-6.3500000000000005,17.38
187.32500000000002,7,-35.3549121,149.1710711,100.56700000000001,-44.61340571502719,-5.63,17.45
187.425,7,-35.3549169,149.1710904,100.57000000000001,-44.629576187887196,-4.91,17.5
187.524,7,-35.354920899999996,149.17110979999998,100.57300000000001,-44.645306113545736,-4.18,17.53
187.624,7,-35.3549243,149.1711292,100.575,-44.7010507024568,-3.47,17.53
187.72400000000002,7,-35.3549271,149.1711487,100.575,-44.758045215985966,-2.77,17.51
187.824,7,-35.354929299999995,149.171168,100.572,-44.80094221906823,-2.06,17.47
187.924,7,-35.3549308,149.17118739999998,100.56700000000001,-44.8611264309398,-1.34,17.41
188.024,7,-35.3549317,149.1712066,100.559,-44.86584950675086,-0.62,17.32
188.124,7,-35.3549319,149.17122559999999,100.552,-44.7863495199065,0.08,17.2
188.22400000000002,7,-35.3549315,149.1712444,100.544,-44.73306379909665,0.8,17.05
188.324,7,-35.3549304,149.1712629,100.536,-44.69234562635961,1.5,16.87
188.424,7,-35.3549289,149.17128119999998,100.53,-44.71876479806922,2.21,16.67
188.524,7,-35.3549266,149.1712992,100.525,-44.75235566840735,2.91,16.44
188.624,7,-35.3549237,149.171317,100.522,-44.79387297327727,3.61,16.18
188.72400000000002,7,-35.3549201,149.1713345,100.521,-44.82776437193887,4.29,15.91
188.824,7,-35.354915999999996,149.1713517,100.52,-44.81588667297222,4.95,15.610000000000001
188.924,7,-35.3549113,149.1713685,100.518,-44.75403589494317,5.58,15.3
189.024,7,-35.354906,149.17138509999998,100.514,-44.69810689092452,6.21,14.97
189.124,7,-35.354900199999996,149.1714012,100.508,-44.67415341750529,6.82,14.620000000000001
189.225,7,-35.3548938,149.17141709999999,100.499,-44.53774770959096,7.42,14.25
189.32500000000002,7,-35.354886799999996,149.1714326,100.486,-44.10326571610811,8.02,13.86
189.425,7,-35.3548793,149.1714477,100.471,-43.13701934479391,8.59,13.450000000000001
189.524,7,-35.3548713,149.1714624,100.455,-41.483550075044306,9.14,13.030000000000001
189.624,7,-35.3548628,149.1714766,100.446,-39.07023592050911,9.620000000000001,12.61
189.72400000000002,7,-35.3548539,149.1714903,100.443,-35.8919849751621,10.02,12.21
189.824,7,-35.3548447,149.1715036,100.446,-32.07000236091972,10.33,11.85
189.924,7,-35.3548352,149.1715166,100.453,-27.75991393802073,10.540000000000001,11.540000000000001
190.024,7,-35.3548256,149.1715293,100.46300000000001,-23.186496109408353,10.65,11.290000000000001
190.124,7,-35.3548161,149.17154159999998,100.47,-18.62962099896575,10.67,11.11
190.22400000000002,7,-35.354806599999996,149.1715538,100.464,-14.33983189828003,10.64,10.98
190.324,7,-35.3547972,149.1715658,100.435,-10.54072785643626,10.57,10.89
190.424,7,-35.3547878,149.1715777,100.381,-7.396898503185171,10.5,10.83
190.524,7,-35.354778599999996,149.1715896,100.301,-5.009570230234118,10.43,10.77
190.624,7,-35.3547693,149.1716014,100.2,-3.3965841320254064,10.38,10.73
190.72400000000002,7,-35.3547602,149.1716132,100.09,-2.4700901020109214,10.35,10.69
190.824,7,-35.354751,149.171625,99.98,-2.068617772456507,10.34,10.66
190.924,7,-35.3547418,149.1716367,99.88,-2.019035721724092,10.34,10.63
191.024,7,-35.3547326,149.17164839999998,99.792,-2.1583297458836856,10.36,10.59
191.124,7,-35.3547234,149.1716601,99.724,-2.2991063479799956,10.38,10.56
191.22400000000002,7,-35.3547142,149.1716717,99.674,-2.30698561151784,10.4,10.52
191.32500000000002,7,-35.3547048,149.1716835,99.64,-2.2049404508837336,10.42,10.5
191.425,7,-35.3546955,149.1716951,99.618,-1.9902503163538965,10.44,10.48
191.525,7,-35.354686099999995,149.17170679999998,99.601,-1.6753877736830058,10.450000000000001,10.47
191.624,7,-35.3546767,149.1717185,99.586,-1.2908140791871436,10.46,10.47
191.72400000000002,7,-35.3546672,149.1717303,99.56400000000001,-0.8987057255414054,10.47,10.49
191.824,7,-35.3546578,149.171742,99.533,-0.5372730321186638,10.48,10.5
191.924,7,-35.3546482,149.1717538,99.492,-0.2680888202652615,10.49,10.52
192.024,7,-35.354638699999995,149.1717656,99.446,-0.11238641388304922,10.51,10.55
192.124,7,-35.3546292,149.1717774,99.398,-0.045146439841033496,10.53,10.56
192.22400000000002,7,-35.3546198,149.17178909999998,99.35300000000001,-0.010786630441358854,10.55,10.58
192.324,7,-35.3546103,149.1718009,99.313,-0.04031509152440109,10.57,10.61
192.424,7,-35.3546008,149.17181259999998,99.283,-0.046753088430826935,10.58,10.63
192.524,7,-35.354591299999996,149.1718244,99.265,-0.06755463965645903,10.6,10.64
192.624,7,-35.3545818,149.1718362,99.257,-0.12019797583878851,10.61,10.66
192.72400000000002,7,-35.3545723,149.17184799999998,99.255,-0.13539606721677924,10.620000000000001,10.67
192.824,7,-35.354562699999995,149.1718598,99.257,-0.158426611324416,10.63,10.68
192.924,7,-35.3545532,149.1718716,99.259,-0.1569649108213936,10.64,10.69
193.024,7,-35.3545436,149.17188339999998,99.258,-0.12307791443015381,10.65,10.71
193.124,7,-35.354534,149.1718953,99.252,-0.0760998666486995,10.67,10.72
193.22400000000002,7,-35.354524399999995,149.1719071,99.24000000000001,-0.031202585305079324,10.68,10.74
193.32500000000002,7,-35.3545148,149.171919,99.226,-0.051471608559075205,10.700000000000001,10.75
193.425,7,-35.3545051,149.171931,99.209,-0.1101796091106872,10.71,10.76
193.525,7,-35.354495299999996,149.171943,99.191,-0.14402323646874005,10.73,10.78
193.625,7,-35.354485499999996,149.171955,99.178,-0.12069628616350854,10.75,10.8
193.72400000000002,7,-35.3544757,149.1719671,99.17,-0.08907106956332146,10.77,10.82
193.824,7,-35.3544658,149.17197919999998,99.17,-0.08218924042792371,10.78,10.83
193.924,7,-35.3544559,149.1719913,99.177,-0.0655971034382694,10.8,10.85
194.024,7,-35.3544461,149.1720034,99.19,-0.058826931887545494,10.82,10.86
194.124,7,-35.354436199999995,149.17201559999998,99.206,-0.06095270153468635,10.84,10.870000000000001
194.22400000000002,7,-35.3544263,149.1720277,99.22200000000001,-0.045488116052199414,10.85,10.88
194.324,7,-35.3544164,149.1720398,99.239,-0.026611437532681213,10.86,10.89
194.424,7,-35.3544066,149.1720518,99.255,-0.01738555951128649,10.870000000000001,10.9
194.524,7,-35.354396799999996,149.1720638,99.267,0.01789736012662796,10.88,10.91
194.624,7,-35.354386999999996,149.1720758,99.275,0.00670773018144517,10.88,10.91
194.72400000000002,7,-35.3543772,149.1720877,99.28,-0.0009086297494478326,10.89,10.91
194.824,7,-35.3543674,149.1720997,99.284,0.03011378711732384,10.9,10.91
194.924,7,-35.3543576,149.1721116,99.288,0.04088063318871013,10.91,10.91
195.024,7,-35.3543478,149.1721236,99.294,0.0399604319507162,10.91,10.91
195.124,7,-35.354338,149.1721355,99.301,0.0805624881368037,10.91,10.92
195.22400000000002,7,-35.3543281,149.1721475,99.31,0.15064397095094348,10.91,10.93
195.324,7,-35.354318299999996,149.1721595,99.321,0.17256012700681034,10.92,10.93
195.425,7,-35.3543085,149.1721715,99.33500000000001,0.14343842820148414,10.92,10.93
195.525,7,-35.3542984,149.1721837,99.351,0.13559729099303017,10.93,10.94
195.625,7,-35.354288499999996,149.1721958,99.367,0.13159023778648055,10.93,10.950000000000001
195.725,7,-35.3542785,149.17220799999998,99.384,0.17233734544599155,10.94,10.96
195.824,7,-35.3542686,149.1722201,99.4,0.19318014794596147,10.94,10.96
195.924,7,-35.3542585,149.1722323,99.415,0.16405932959470798,10.950000000000001,10.97
196.024,7,-35.3542486,149.1722445,99.429,0.16160690481648995,10.96,10.98
196.124,7,-35.3542385,149.1722567,99.443,0.1136585366159641,10.97,10.98
196.22400000000002,7,-35.3542286,149.1722689,99.45400000000001,0.08735958690791758,10.98,10.98
196.324,7,-35.354218599999996,149.172281,99.46300000000001,0.10937821581165445,10.99,10.98
196.424,7,-35.3542087,149.172293,99.47200000000001,0.18187455736357722,10.99,10.99
196.524,7,-35.3541988,149.1723051,99.48400000000001,0.2509606801784265,10.99,10.99
196.624,7,-35.354189,149.1723171,99.496,0.30490788880114084,10.99,10.99
196.72400000000002,7,-35.354179099999996,149.17232909999998,99.511,0.32159019896207386,10.98,11.0
196.824,7,-35.3541692,149.17234109999998,99.526,0.3167939387412704,10.97,11.0
196.924,7,-35.3541594,149.17235309999998,99.541,0.2957186963661085,10.97,11.0
197.024,7,-35.3541496,149.1723652,99.554,0.311737624403904,10.97,11.0
197.124,7,-35.3541397,149.1723772,99.56700000000001,0.35708533137688137,10.97,11.0
197.22400000000002,7,-35.3541299,149.1723892,99.57900000000001,0.35579634661445303,10.97,11.0
197.324,7,-35.35412,149.1724012,99.59,0.30680257260473176,10.96,11.0
197.424,7,-35.3541102,149.1724133,99.601,0.3042258303794916,10.96,11.0
197.525,7,-35.3541003,149.1724253,99.613,0.2656023112422595,10.96,11.0
197.625,7,-35.3540904,149.1724375,99.625,0.23347945132801354,10.950000000000001,11.0
197.725,7,-35.3540804,149.1724496,99.64,0.18931249996758887,10.96,11.01
197.82500000000002,7,-35.3540705,149.17246179999998,99.653,0.15945236699953438,10.96,11.01
197.924,7,-35.354060499999996,149.172474,99.664,0.3437771613463611,10.96,11.01
198.024,7,-35.3540505,149.17248619999998,99.675,1.0577546844930859,10.96,11.01
198.124,7,-35.354040499999996,149.1724985,99.686,2.6431357193975447,10.950000000000001,11.03
198.22400000000002,7,-35.3540306,149.1725108,99.696,5.303717449482594,10.9,11.08
198.324,7,-35.3540207,149.1725231,99.705,8.899973837600273,10.81,11.18
198.424,7,-35.3540109,149.1725356,99.711,13.088347435715995,10.67,11.33
198.524,7,-35.3540014,149.1725482,99.71600000000001,17.571624696530773,10.46,11.53
198.624,7,-35.3539921,149.172561,99.71600000000001,21.892301620190583,10.21,11.77
198.72400000000002,7,-35.3539831,149.1725741,99.71300000000001,25.660161815449776,9.92,12.06
198.824,7,-35.3539744,149.1725875,99.708,28.721713856185243,9.59,12.38
198.924,7,-35.353966,149.1726012,99.705,30.91434459863732,9.22,12.73
199.024,7,-35.3539579,149.17261539999998,99.705,32.40446306419691,8.82,13.09
199.124,7,-35.3539502,149.1726299,99.712,33.34291056558915,8.4,13.450000000000001
199.22400000000002,7,-35.353943,149.1726449,99.726,33.8612126405664,7.95,13.82
199.324,7,-35.3539361,149.1726603,99.751,34.04923750313309,7.5,14.16
199.424,7,-35.3539296,149.172676,99.785,33.94179179729962,7.05,14.47
199.524,7,-35.3539235,149.17269199999998,99.828,33.64007502090348,6.61,14.76
199.625,7,-35.3539178,149.1727084,99.874,33.18344613903686,6.19,15.02
199.725,7,-35.3539124,149.1727253,99.921,32.56183745286317,5.79,15.25
199.82500000000002,7,-35.3539074,149.17274229999998,99.965,31.76610675417835,5.41,15.450000000000001
199.924,7,-35.3539026,149.1727597,100.004,30.797937684612794,5.04,15.64
200.024,7,-35.353898199999996,149.1727771,100.04,29.787619517679094,4.69,15.790000000000001
200.124,7,-35.3538942,149.1727948,100.07000000000001,28.700157779164684,4.3500000000000005,15.93
200.22400000000002,7,-35.3538904,149.1728126,100.096,27.598468756609137,4.0200000000000005,16.06
200.324,7,-35.3538869,149.1728305,100.118,26.504661772355785,3.7,16.16
200.424,7,-35.3538837,149.1728485,100.135,25.441662356353778,3.4,16.25
200.524,7,-35.3538807,149.1728664,100.147,24.414167971204787,3.11,16.31
200.624,7,-35.353878099999996,149.1728844,100.155,23.421765390464028,2.83,16.38
200.72400000000002,7,-35.353875699999996,149.1729023,100.159,22.450642264082443,2.5500000000000003,16.42
200.824,7,-35.3538735,149.1729203,100.159,21.456443343589974,2.29,16.46
200.924,7,-35.3538716,149.1729383,100.159,20.378784634081825,2.0300000000000002,16.5
201.024,7,-35.3538698,149.17295629999998,100.157,19.216928475127634,1.79,16.52
201.124,7,-35.353868299999995,149.1729744,100.152,18.02632234240957,1.57,16.54
201.22400000000002,7,-35.353867,149.1729925,100.143,16.811137773963214,1.37,16.56
201.324,7,-35.3538658,149.1730106,100.134,15.598972149130004,1.19,16.57
201.424,7,-35.3538648,149.1730287,100.124,14.394522930511615,1.02,16.57
201.524,7,-35.3538639,149.17304679999998,100.114,13.249310235017454,0.87,16.580000000000002
201.624,7,-35.3538632,149.17306499999998,100.10300000000001,12.165144062777575,0.73,16.580000000000002
201.725,7,-35.3538626,149.1730833,100.09,11.115827223230394,0.6,16.580000000000002
201.82500000000002,7,-35.353862,149.1731014,100.07600000000001,10.108896830125019,0.49,16.59
201.925,7,-35.3538616,149.1731198,100.062,9.163234941421951,0.37,16.6
202.024,7,-35.3538613,149.17313819999998,100.052,8.246029328348449,0.27,16.6
202.124,7,-35.353861099999996,149.1731566,100.045,7.391270427309081,0.18,16.61
202.22400000000002,7,-35.3538609,149.173175,100.038,6.619327569956117,0.11,16.61
202.324,7,-35.3538608,149.1731935,100.028,5.828562418797891,0.05,16.62
202.424,7,-35.3538608,149.173212,100.018,5.097612649296051,0.0,16.62
202.524,7,-35.3538608,149.1732303,100.008,4.387070204373741,-0.05,16.62
202.624,7,-35.3538608,149.1732486,99.997,3.7570296496696693,-0.08,16.62
202.72400000000002,7,-35.3538609,149.1732668,99.985,3.1870776841887856,-0.11,16.62
202.824,7,-35.353860999999995,149.1732851,99.974,2.665629239881689,-0.13,16.62
202.924,7,-35.353860999999995,149.1733033,99.962,2.2031406960374356,-0.15,16.62
203.024,7,-35.353861099999996,149.1733215,99.95100000000001,1.8010391353057338,-0.16,16.62
203.124,7,-35.3538612,149.17333969999999,99.94200000000001,1.4526233950588614,-0.16,16.62
203.22400000000002,7,-35.3538613,149.17335789999998,99.934,1.1571310554307153,-0.17,16.62
203.324,7,-35.3538614,149.17337609999998,99.925,0.9569351159281739,-0.17,16.61
203.424,7,-35.3538616,149.17339429999998,99.918,0.7950205190937029,-0.18,16.61
203.524,7,-35.353861699999996,149.17341249999998,99.913,0.6566638850368405,-0.18,16.61
203.624,7,-35.3538618,149.1734308,99.907,0.5733673268701548,-0.18,16.62
203.72400000000002,7,-35.3538619,149.173449,99.901,0.4514366040760855,-0.18,16.62
203.82500000000002,7,-35.3538621,149.1734674,99.892,0.33718159984650886,-0.18,16.63
203.925,7,-35.3538622,149.1734859,99.882,0.24015732194344971,-0.18,16.64
204.025,7,-35.353862299999996,149.1735043,99.872,0.16059673051041565,-0.18,16.66
204.124,7,-35.3538625,149.1735229,99.864,0.11021619464545039,-0.18,16.68
204.22400000000002,7,-35.3538626,149.1735414,99.857,0.1019843292618107,-0.18,16.69
204.324,7,-35.3538628,149.1735601,99.85300000000001,0.04177422403637812,-0.18,16.71
204.424,7,-35.353862899999996,149.17357859999998,99.849,-0.011900725008437849,-0.17,16.72
204.524,7,-35.3538631,149.17359729999998,99.845,-0.08391224235744538,-0.17,16.740000000000002
204.624,7,-35.3538632,149.1736159,99.842,-0.16246428032031168,-0.17,16.75
204.72400000000002,7,-35.3538633,149.1736344,99.839,-0.1831772692054117,-0.17,16.76
204.824,7,-35.353863499999996,149.17365279999999,99.836,-0.23250993799184194,-0.17,16.77
204.924,7,-35.3538636,149.1736712,99.836,-0.294832879527696,-0.17,16.77
205.024,7,-35.3538638,149.1736896,99.83800000000001,-0.3378177145738192,-0.17,16.77
205.124,7,-35.3538639,149.173708,99.842,-0.399575057749458,-0.16,16.77
205.22400000000002,7,-35.353864,149.1737264,99.846,-0.49460937604608984,-0.15,16.77
205.324,7,-35.3538642,149.1737447,99.84700000000001,-0.6027685698435623,-0.14,16.76
205.424,7,-35.3538643,149.1737631,99.848,-0.7103537609464893,-0.13,16.76
205.524,7,-35.3538644,149.1737815,99.849,-0.775464887087163,-0.12,16.75
205.624,7,-35.3538645,149.17379979999998,99.85000000000001,-0.8111648984966445,-0.11,16.75
205.72400000000002,7,-35.3538646,149.1738182,99.85000000000001,-0.8641715420458804,-0.09,16.75
205.82500000000002,7,-35.3538646,149.1738366,99.852,-0.8884879759864779,-0.08,16.740000000000002
205.925,7,-35.353864699999995,149.17385529999999,99.85300000000001,-0.9288226976346362,-0.06,16.740000000000002
206.025,7,-35.3538648,149.1738738,99.85300000000001,-0.9272040495230489,-0.05,16.740000000000002
206.125,7,-35.3538648,149.1738925,99.855,-0.9020387511346658,-0.04,16.75
206.22400000000002,7,-35.3538648,149.173911,99.857,-0.8259273385314221,-0.03,16.75
206.324,7,-35.3538648,149.1739297,99.85900000000001,-0.6806016170044724,-0.03,16.75
206.424,7,-35.3538649,149.1739483,99.86200000000001,-0.5448923749420774,-0.03,16.75
206.524,7,-35.3538649,149.173967,99.868,-0.4883330725290828,-0.02,16.76
206.624,7,-35.3538649,149.17398559999998,99.874,-0.39042431180893344,-0.02,16.76
206.72400000000002,7,-35.3538649,149.174004,99.883,-0.29837177129140885,-0.02,16.76
206.824,7,-35.353865,149.1740225,99.893,-0.22902382011163802,-0.02,16.75
206.924,7,-35.353865,149.1740409,99.902,-0.19646601588547974,-0.02,16.75
207.024,7,-35.353865,149.1740592,99.909,-0.18957909078863092,-0.01,16.740000000000002
207.124,7,-35.353865,149.17407749999998,99.913,-0.2180856723622593,-0.01,16.740000000000002
207.22400000000002,7,-35.353865,149.1740959,99.916,-0.2709634227713377,0.0,16.73
207.324,7,-35.353865,149.1741142,99.917,-0.3439535990064443,0.0,16.73
207.424,7,-35.353865,149.17413249999998,99.917,-0.35422564322918815,0.01,16.73
207.524,7,-35.353865,149.1741508,99.918,-0.339913915638352,0.01,16.73
207.624,7,-35.353865,149.1741692,99.919,-0.31656347321763534,0.01,16.73
207.72400000000002,7,-35.353865,149.1741875,99.92,-0.2524728200276438,0.02,16.72
207.824,7,-35.353865,149.17420579999998,99.921,-0.21074313896321623,0.02,16.73
207.925,7,-35.353865,149.1742242,99.921,-0.14503310394991023,0.02,16.73
208.025,7,-35.353865,149.17424269999998,99.922,-0.05989281492403772,0.02,16.73
208.125,7,-35.353865,149.17426129999998,99.926,0.37589164360670324,0.03,16.73
208.225,7,-35.353865,149.1742798,99.928,1.8290721526501703,0.03,16.740000000000002
208.324,7,-35.353865,149.1742985,99.931,4.485701551083309,-0.02,16.76
208.424,7,-35.353865,149.1743171,99.934,7.9236648900913575,-0.16,16.79
208.524,7,-35.3538652,149.1743359,99.935,11.817542075537286,-0.35000000000000003,16.830000000000002
208.624,7,-35.3538657,149.1743546,99.932,16.023425717363985,-0.61,16.88
208.72400000000002,7,-35.3538664,149.1743735,99.925,20.19560408318396,-0.93,16.95
208.824,7,-35.3538674,149.1743923,99.914,23.864882450605066,-1.3,17.02
208.924,7,-35.3538688,149.17441119999998,99.899,26.739943006242505,-1.73,17.09
209.024,7,-35.3538706,149.17443,99.884,28.768319651986825,-2.18,17.16
209.124,7,-35.3538728,149.1744489,99.873,30.19775871696002,-2.66,17.22
209.22400000000002,7,-35.3538754,149.1744678,99.87,31.244229075170598,-3.16,17.28
209.324,7,-35.3538785,149.17448679999998,99.876,32.14096802639616,-3.68,17.31
209.424,7,-35.3538821,149.1745058,99.891,33.0333151659854,-4.2,17.34
209.524,7,-35.3538862,149.1745248,99.913,34.01361806661148,-4.74,17.35
209.624,7,-35.3538907,149.17454379999998,99.93900000000001,35.07148801054681,-5.28,17.34
209.72400000000002,7,-35.353895699999995,149.1745628,99.968,36.25870807698384,-5.84,17.31
209.824,7,-35.353901199999996,149.1745818,99.999,37.509739185741715,-6.43,17.28
209.924,7,-35.353907299999996,149.17460069999998,100.027,38.739231292951956,-7.03,17.22
210.025,7,-35.353913899999995,149.1746196,100.055,39.93053922760724,-7.65,17.14
210.125,7,-35.353921199999995,149.1746387,100.08200000000001,41.005187531238704,-8.31,17.05
210.225,7,-35.353929099999995,149.1746576,100.10900000000001,41.88752161350471,-8.97,16.94
210.32500000000002,7,-35.3539376,149.1746763,100.137,42.593954418980786,-9.68,16.8
210.424,7,-35.3539467,149.1746949,100.168,43.13298611808902,-10.38,16.63
210.524,7,-35.353956499999995,149.17471329999998,100.203,43.51478686250356,-11.1,16.43
210.624,7,-35.353967,149.17473139999998,100.241,43.79299754287111,-11.82,16.19
210.72400000000002,7,-35.3539781,149.1747493,100.286,44.02351642735904,-12.530000000000001,15.92
210.824,7,-35.3539898,149.1747668,100.336,44.18134160851052,-13.23,15.620000000000001
210.924,7,-35.354002,149.1747839,100.39,44.20691042166847,-13.9,15.280000000000001
211.024,7,-35.3540148,149.1748005,100.447,44.174928060879886,-14.540000000000001,14.92
211.124,7,-35.3540281,149.17481659999999,100.505,44.08501886574042,-15.13,14.56
211.22400000000002,8,-35.3540419,149.17483239999999,100.559,43.96234525315241,-15.69,14.18
211.324,8,-35.354056199999995,149.1748477,100.608,43.76470006913975,-16.23,13.780000000000001
211.424,8,-35.354070899999996,149.1748625,100.654,43.630961550096316,-16.75,13.35
211.524,8,-35.354086099999996,149.1748768,100.699,43.57944826337608,-17.25,12.91
211.624,8,-35.3541017,149.1748907,100.739,43.50998523951705,-17.72,12.46
211.72400000000002,8,-35.354117699999996,149.1749041,100.775,43.452317952354626,-18.16,12.01
211.824,8,-35.3541342,149.174917,100.805,43.40360845828868,-18.59,11.55
211.924,8,-35.3541509,149.1749293,100.825,43.356295737908006,-19.01,11.08
212.024,8,-35.354168099999995,149.1749412,100.839,43.418160176315396,-19.43,10.59
212.125,8,-35.354185799999996,149.17495259999998,100.849,43.500214653909346,-19.84,10.06
212.225,8,-35.3542038,149.1749634,100.85600000000001,43.61372898282037,-20.240000000000002,9.53
212.32500000000002,8,-35.354222199999995,149.1749736,100.858,43.74463638845283,-20.64,8.98
212.424,8,-35.354241099999996,149.17498329999998,100.858,43.89086049329905,-21.03,8.41
212.524,8,-35.3542603,149.17499229999999,100.858,44.0039137844411,-21.42,7.8100000000000005
212.624,8,-35.3542799,149.1750006,100.85600000000001,44.092648187043324,-21.78,7.2
212.72400000000002,8,-35.3542998,149.1750083,100.855,44.07213029877661,-22.13,6.57
212.824,8,-35.35432,149.1750152,100.85300000000001,43.96691806480173,-22.46,5.93
212.924,8,-35.3543405,149.17502149999999,100.852,43.82274301670652,-22.76,5.28
213.024,8,-35.3543612,149.175027,100.85300000000001,43.594700075792716,-23.04,4.63
213.124,8,-35.354382,149.1750317,100.85900000000001,43.320864131588564,-23.28,3.96
213.22400000000002,8,-35.354403,149.1750357,100.866,42.76469548785276,-23.5,3.3000000000000003
213.324,8,-35.354424099999996,149.1750389,100.876,41.4308005240843,-23.67,2.64
213.424,8,-35.3544453,149.1750415,100.888,39.294559823419846,-23.8,2.02
213.524,8,-35.3544665,149.1750433,100.906,36.71084952456576,-23.88,1.46
213.624,8,-35.3544878,149.1750446,100.926,34.041058351602004,-23.91,0.98
213.72400000000002,8,-35.3545091,149.17504549999998,100.94500000000001,31.400432086394204,-23.900000000000002,0.59
213.824,8,-35.3545304,149.17504599999998,100.955,28.56718424130829,-23.86,0.26
213.924,8,-35.3545516,149.1750461,100.952,25.560815006424647,-23.81,0.01
214.024,8,-35.3545728,149.17504599999998,100.933,22.664447675671354,-23.740000000000002,-0.19
214.124,8,-35.354594,149.1750459,100.898,20.195457234116805,-23.67,-0.35000000000000003
214.225,8,-35.3546153,149.1750454,100.846,18.2371617443514,-23.61,-0.5
214.32500000000002,8,-35.3546365,149.1750449,100.772,16.740788533059376,-23.57,-0.65
214.425,8,-35.3546577,149.17504409999998,100.686,15.539624635431762,-23.53,-0.8200000000000001
214.524,8,-35.354679,149.1750432,100.592,14.477357757218238,-23.52,-0.99
214.624,8,-35.3547003,149.175042,100.497,13.390992264065614,-23.51,-1.16
214.72400000000002,8,-35.3547216,149.17504069999998,100.407,12.185454484048254,-23.51,-1.32
214.824,8,-35.3547429,149.1750392,100.327,10.795781634196521,-23.52,-1.47
214.924,8,-35.3547642,149.1750376,100.258,9.233031790776666,-23.53,-1.59
215.024,8,-35.3547855,149.1750358,100.202,7.552191391701874,-23.53,-1.69
215.124,8,-35.354806599999996,149.17503399999998,100.158,5.814123398892484,-23.52,-1.75
215.22400000000002,8,-35.3548277,149.17503209999998,100.122,4.021938963515437,-23.51,-1.79
215.324,8,-35.3548487,149.17503019999998,100.093,2.297161024727011,-23.5,-1.79
215.424,8,-35.3548697,149.17502829999998,100.065,0.7427551111519719,-23.48,-1.78
215.524,8,-35.3548906,149.1750264,100.036,-0.646243897849457,-23.47,-1.75
215.624,8,-35.3549115,149.1750246,100.003,-1.801343719054034,-23.46,-1.71
215.72400000000002,8,-35.3549325,149.1750228,99.961,-2.732535425113607,-23.46,-1.6500000000000001
215.824,8,-35.3549534,149.17502109999998,99.914,-3.466492612284368,-23.46,-1.59
215.924,8,-35.354974299999995,149.1750194,99.864,-3.9874191874501927,-23.46,-1.53
216.024,8,-35.3549953,149.1750178,99.816,-4.374912467651118,-23.47,-1.46
216.124,8,-35.355016299999996,149.17501629999998,99.771,-4.6326534979629574,-23.48,-1.3900000000000001
216.225,8,-35.3550373,149.17501489999998,99.73400000000001,-4.7996605877930545,-23.490000000000002,-1.32
216.32500000000002,8,-35.3550587,149.1750135,99.702,-4.891810084980282,-23.51,-1.25
216.425,8,-35.3550799,149.1750122,99.676,-4.890431667428408,-23.53,-1.17
216.525,8,-35.3551013,149.17501099999998,99.654,-4.854804973830799,-23.55,-1.1
216.624,8,-35.3551226,149.1750099,99.634,-4.827124778445676,-23.580000000000002,-1.05
216.72400000000002,8,-35.355143999999996,149.1750088,99.618,-4.769110432296057,-23.6,-0.98
216.824,8,-35.3551654,149.17500769999998,99.605,-4.692139322991891,-23.62,-0.92
216.924,8,-35.3551868,149.1750068,99.59100000000001,-4.641189099991357,-23.650000000000002,-0.86
217.024,8,-35.3552083,149.1750059,99.575,-4.537861571340581,-23.67,-0.81
217.124,8,-35.3552295,149.175005,99.56,-4.408030347389217,-23.68,-0.75
217.22400000000002,8,-35.3552508,149.17500429999998,99.545,-4.235929643985583,-23.69,-0.6900000000000001
217.324,8,-35.355272,149.1750035,99.533,-4.047932955949213,-23.69,-0.63
217.424,8,-35.3552932,149.17500289999998,99.522,-3.8527940244751258,-23.7,-0.58
217.524,8,-35.355314299999996,149.1750023,99.515,-3.692003260563386,-23.7,-0.53
217.624,8,-35.355335499999995,149.1750017,99.511,-3.5069706611833906,-23.7,-0.48
217.72400000000002,8,-35.3553566,149.1750012,99.51,-3.2855805379645937,-23.69,-0.43
217.824,8,-35.3553778,149.1750008,99.51,-3.0709085461247394,-23.7,-0.4
217.924,8,-35.3553989,149.1750004,99.513,-2.8574657748920753,-23.7,-0.36
218.024,8,-35.355420099999996,149.17499999999998,99.515,-2.660139688779703,-23.7,-0.33
218.124,8,-35.355441299999995,149.1749996,99.515,-2.503721313153829,-23.7,-0.3
218.22400000000002,8,-35.3554625,149.1749993,99.514,-2.329713279424469,-23.7,-0.27
218.32500000000002,8,-35.3554837,149.17499899999999,99.512,-2.138118362355972,-23.7,-0.24
218.425,8,-35.355505099999995,149.1749988,99.509,-1.9496644785320345,-23.7,-0.21
218.525,8,-35.355526499999996,149.1749985,99.5,-1.7968868071771893,-23.72,-0.19
218.625,8,-35.355548,149.1749983,99.491,-1.634387215312477,-23.73,-0.18
218.72400000000002,8,-35.3555695,149.17499809999998,99.485,-1.4783645637716412,-23.75,-0.16
218.824,8,-35.355591,149.1749979,99.485,-1.4787978538971138,-23.77,-0.15
218.924,8,-35.3556127,149.1749978,99.492,-1.7368389856456106,-23.78,-0.13
219.024,8,-35.3556342,149.17499759999998,99.503,-2.24050247112764,-23.79,-0.1
219.124,8,-35.3556558,149.1749975,99.515,-3.020048182800474,-23.8,-0.06
219.22400000000002,8,-35.3556774,149.1749975,99.527,-4.062281902734941,-23.8,0.0
219.324,8,-35.3556988,149.1749975,99.538,-5.254885012011588,-23.79,0.07
219.424,8,-35.3557201,149.17499759999998,99.548,-6.4874195416102465,-23.78,0.17
219.524,8,-35.3557414,149.1749978,99.555,-7.710101950217983,-23.76,0.29
219.624,8,-35.3557626,149.1749982,99.559,-8.849345914151199,-23.740000000000002,0.42
219.72400000000002,8,-35.3557838,149.1749988,99.563,-9.830268654444458,-23.71,0.56
219.824,8,-35.355805,149.17499949999998,99.565,-10.593874412141774,-23.68,0.71
219.924,8,-35.3558261,149.1750004,99.56700000000001,-11.07277995598639,-23.650000000000002,0.87
220.024,8,-35.3558472,149.17500139999999,99.572,-11.034892896660327,-23.62,1.03
220.124,8,-35.3558683,149.1750026,99.58,-10.022610196566601,-23.580000000000002,1.19
220.22400000000002,8,-35.3558893,149.175004,99.59100000000001,-8.169155549239955,-23.56,1.29
220.324,8,-35.3559104,149.1750055,99.60300000000001,-6.178232245809402,-23.54,1.33
220.425,8,-35.355931399999996,149.1750069,99.618,-4.642929517569241,-23.53,1.34
220.525,8,-35.3559529,149.1750084,99.634,-3.8211796401280753,-23.53,1.35
220.625,8,-35.3559741,149.1750099,99.647,-3.697502843505716,-23.52,1.37
220.725,8,-35.3559954,149.17501149999998,99.655,-4.07828759728122,-23.52,1.42
220.824,8,-35.3560167,149.1750131,99.661,-4.716353197373232,-23.52,1.49
220.924,8,-35.356038,149.17501479999999,99.665,-5.327836128102379,-23.5,1.58
221.024,8,-35.3560593,149.1750166,99.665,-5.733093876560861,-23.490000000000002,1.6600000000000001
221.124,8,-35.3560806,149.1750185,99.666,-5.8858698403684135,-23.48,1.74
221.22400000000002,8,-35.3561019,149.1750205,99.668,-5.754372477146389,-23.47,1.82
221.324,8,-35.356122899999995,149.17502249999998,99.674,-5.360959984256002,-23.45,1.8900000000000001
221.424,8,-35.356144,149.1750247,99.684,-4.820359476072778,-23.43,1.94
221.524,8,-35.356164899999996,149.17502679999998,99.697,-4.172817415394196,-23.41,1.98
221.624,8,-35.3561858,149.175029,99.71000000000001,-3.488867458231683,-23.39,2.0100000000000002
221.72400000000002,8,-35.3562067,149.1750313,99.723,-2.864713459375105,-23.38,2.04
221.824,8,-35.356227499999996,149.17503349999998,99.732,-2.308764022022982,-23.37,2.06
221.924,8,-35.3562484,149.1750358,99.736,-1.903870408024626,-23.35,2.08
222.024,8,-35.3562692,149.1750381,99.736,-1.5502399250681547,-23.34,2.09
222.124,8,-35.35629,149.1750404,99.735,-1.2487883521108782,-23.330000000000002,2.1
222.22400000000002,8,-35.3563109,149.1750427,99.732,-0.952561767146956,-23.32,2.11
222.324,8,-35.3563317,149.17504499999998,99.729,-0.6535509729617542,-23.31,2.12
222.424,8,-35.3563526,149.17504739999998,99.72500000000001,-0.4503170933824381,-23.31,2.12
222.525,8,-35.356373399999995,149.1750497,99.724,-0.2891062194758899,-23.31,2.13
222.625,8,-35.3563945,149.1750521,99.72500000000001,-0.090291592351491,-23.31,2.13
222.725,8,-35.3564155,149.1750545,99.729,0.09856952149138862,-23.32,2.13
222.82500000000002,8,-35.356436599999995,149.1750569,99.736,0.2489789915041972,-23.32,2.12
222.924,8,-35.3564578,149.1750593,99.743,0.385696406840683,-23.34,2.12
223.024,8,-35.3564789,149.1750616,99.75,0.4581613522007862,-23.35,2.11
223.124,8,-35.3565001,149.175064,99.758,0.5200604751625556,-23.36,2.1
223.22400000000002,8,-35.3565213,149.1750664,99.766,0.604366033696552,-23.37,2.1
223.324,8,-35.3565426,149.1750687,99.773,0.7098961916329513,-23.38,2.09
223.424,8,-35.356563699999995,149.1750711,99.778,0.7517700003610367,-23.39,2.08
223.524,8,-35.3565848,149.1750734,99.78,0.7201583907783368,-23.39,2.07
223.624,8,-35.3566058,149.17507569999998,99.779,0.7273616256709086,-23.39,2.06
223.72400000000002,8,-35.3566267,149.17507799999998,99.778,0.7776218928435648,-23.39,2.06
223.824,8,-35.356647599999995,149.1750803,99.78,0.8098652949244909,-23.39,2.05
223.924,8,-35.3566685,149.1750825,99.785,0.8037910155965281,-23.39,2.0300000000000002
224.024,8,-35.3566894,149.17508479999998,99.793,0.815444278815922,-23.38,2.02
224.124,8,-35.356710299999996,149.175087,99.804,0.8497660327560889,-23.37,2.0100000000000002
224.22400000000002,8,-35.3567312,149.1750893,99.816,0.8658591323794025,-23.37,2.0
224.324,8,-35.3567521,149.17509149999998,99.828,0.8247502514775056,-23.36,1.98
224.424,8,-35.356773,149.1750937,99.84100000000001,0.7980938374159442,-23.36,1.97
224.524,8,-35.3567938,149.1750959,99.85000000000001,0.7693535219664412,-23.35,1.96
224.625,8,-35.356814899999996,149.17509809999999,99.855,0.7045444716139818,-23.35,1.96
224.725,8,-35.356836,149.1751003,99.858,0.30047266811099604,-23.36,1.94
224.82500000000002,8,-35.3568571,149.17510249999998,99.85900000000001,-1.121237130681829,-23.37,1.93
224.924,8,-35.3568783,149.1751047,99.861,-3.822660937404322,-23.36,1.98
225.024,8,-35.3568995,149.175107,99.86200000000001,-7.338663456547996,-23.330000000000002,2.12
225.124,8,-35.356920599999995,149.17510959999998,99.863,-10.936328998068813,-23.29,2.32
225.22400000000002,8,-35.3569417,149.1751123,99.861,-14.236118037054325,-23.23,2.56
225.324,8,-35.3569628,149.17511539999998,99.85600000000001,-17.4066670903385,-23.17,2.83
225.424,8,-35.3569837,149.1751188,99.849,-20.370161520254683,-23.1,3.14
225.524,8,-35.3570044,149.1751225,99.84400000000001,-22.851459962693596,-23.0,3.49
225.624,8,-35.357025,149.1751267,99.84100000000001,-24.670115649972672,-22.89,3.87
225.72400000000002,8,-35.3570454,149.17513119999998,99.842,-25.937453835373955,-22.77,4.26
225.824,8,-35.3570657,149.1751362,99.84700000000001,-26.938052643118727,-22.64,4.63
225.924,8,-35.3570858,149.1751416,99.857,-27.941458658612376,-22.5,5.0200000000000005
226.024,8,-35.3571058,149.1751474,99.871,-29.052332578054298,-22.35,5.42
226.124,8,-35.3571257,149.1751536,99.888,-30.331647500165193,-22.18,5.83
226.22400000000002,8,-35.3571454,149.17516039999998,99.905,-31.736193940708276,-21.98,6.26
226.324,8,-35.3571649,149.17516759999998,99.922,-33.216582801795184,-21.77,6.72
226.424,8,-35.3571842,149.1751753,99.93900000000001,-34.664992717188085,-21.54,7.19
226.524,8,-35.3572033,149.1751836,99.953,-36.02440868279031,-21.28,7.68
226.624,8,-35.357222199999995,149.1751924,99.965,-37.19330676677878,-21.01,8.18
226.725,8,-35.357241,149.1752018,99.977,-38.2335035962367,-20.69,8.71
226.82500000000002,8,-35.357259299999996,149.1752118,99.991,-39.14476352963771,-20.36,9.25
226.925,8,-35.357277499999995,149.1752225,100.007,-39.92763981230457,-20.0,9.8
227.024,8,-35.3572953,149.1752337,100.026,-40.64127163716584,-19.62,10.34
227.124,8,-35.3573129,149.1752457,100.049,-41.3368444418616,-19.2,10.9
227.22400000000002,8,-35.35733,149.1752582,100.07600000000001,-42.0102908487411,-18.75,11.44
227.324,8,-35.3573467,149.1752713,100.108,-42.628942063004175,-18.28,11.98
227.424,8,-35.357363,149.175285,100.143,-43.12850209889891,-17.77,12.51
227.524,8,-35.3573787,149.17529919999998,100.18,-43.55989343178233,-17.240000000000002,13.01
227.624,9,-35.3573938,149.1753138,100.21900000000001,-43.751907124824314,-16.68,13.5
227.72400000000002,9,-35.3574084,149.175329,100.261,-43.82957662097111,-16.1,13.96
227.824,9,-35.3574225,149.1753446,100.306,-43.80985103464812,-15.52,14.38
227.924,9,-35.357436,149.1753606,100.352,-43.74365625630694,-14.92,14.77
228.024,9,-35.357448999999995,149.175377,100.4,-43.71486359386075,-14.31,15.14
228.124,9,-35.3574614,149.1753938,100.44800000000001,-43.80836546850364,-13.69,15.47
228.22400000000002,9,-35.357473299999995,149.175411,100.493,-43.908957079505,-13.07,15.77
228.324,9,-35.3574846,149.1754284,100.535,-44.01225344541769,-12.450000000000001,16.04
228.424,9,-35.3574953,149.1754461,100.572,-44.14406926620977,-11.84,16.3
228.524,9,-35.357505599999996,149.1754641,100.60300000000001,-44.269440803519934,-11.21,16.53
228.624,9,-35.3575152,149.1754824,100.629,-44.31491961810846,-10.59,16.740000000000002
228.725,9,-35.3575243,149.17550079999998,100.648,-44.32232354316876,-9.94,16.93
228.82500000000002,9,-35.357533,149.1755196,100.664,-44.3071673534005,-9.27,17.11
228.925,9,-35.3575409,149.1755387,100.678,-44.29811052256106,-8.59,17.27
229.025,9,-35.3575483,149.1755579,100.69200000000001,-44.33623322341349,-7.9,17.42
229.124,9,-35.3575551,149.1755773,100.70400000000001,-44.39186852929783,-7.2,17.54
229.22400000000002,9,-35.3575612,149.1755968,100.714,-44.50826861313318,-6.48,17.64
229.324,9,-35.3575667,149.1756165,100.723,-44.564265919043535,-5.7700000000000005,17.72
229.424,9,-35.3575716,149.1756361,100.73,-44.568237674045896,-5.05,17.77
229.524,9,-35.3575758,149.17565589999998,100.73700000000001,-44.554478257962906,-4.33,17.8
229.624,9,-35.3575793,149.1756756,100.742,-44.21100170498131,-3.6,17.81
229.72400000000002,9,-35.357582199999996,149.1756952,100.749,-43.10635521051514,-2.87,17.78
229.824,9,-35.3575844,149.1757146,100.757,-41.22695011321068,-2.19,17.71
229.924,9,-35.357586,149.17573389999998,100.772,-38.84930662161588,-1.57,17.61
230.024,9,-35.3575872,149.175753,100.794,-36.41916629606036,-1.04,17.48
230.124,9,-35.3575879,149.175772,100.822,-34.057993805649055,-0.6,17.32
230.22400000000002,9,-35.357588199999995,149.1757908,100.846,-31.37893406598159,-0.22,17.17
230.324,9,-35.357588299999996,149.1758094,100.863,-28.452220204745927,0.06,17.0
230.424,9,-35.3575881,149.17582779999998,100.869,-25.528538947501755,0.29,16.85
230.524,9,-35.3575878,149.1758461,100.85900000000001,-22.737709992256203,0.46,16.71
230.624,9,-35.3575874,149.1758643,100.831,-20.271007664073608,0.6,16.57
230.72400000000002,9,-35.3575868,149.17588229999998,100.782,-18.06710198684913,0.71,16.45
230.82500000000002,9,-35.3575863,149.1759002,100.71300000000001,-16.141485537167654,0.8200000000000001,16.34
230.925,9,-35.3575855,149.1759183,100.628,-14.445904736090329,0.93,16.240000000000002
231.025,9,-35.3575847,149.1759362,100.536,-12.95936955852406,1.05,16.16
231.125,9,-35.3575837,149.17595409999998,100.44200000000001,-11.645525468837809,1.17,16.1
231.22400000000002,9,-35.3575826,149.17597189999998,100.355,-10.466999379440557,1.3,16.03
231.324,9,-35.357581499999995,149.1759897,100.279,-9.337855557742497,1.41,15.98
231.424,9,-35.3575802,149.1760074,100.212,-8.15568641619669,1.52,15.93
231.524,9,-35.3575789,149.1760251,100.157,-6.892178686259317,1.6,15.89
231.624,9,-35.3575774,149.17604269999998,100.111,-5.566181128718674,1.6600000000000001,15.860000000000001
231.72400000000002,9,-35.357576,149.1760601,100.074,-4.190764591212051,1.69,15.83
231.824,9,-35.3575745,149.1760775,100.042,-2.8236576191609815,1.7,15.8
231.924,9,-35.357573099999996,149.17609489999998,100.013,-1.4656070510625268,1.69,15.790000000000001
232.024,9,-35.3575716,149.1761122,99.979,-0.18627492007657115,1.67,15.780000000000001
232.124,9,-35.3575702,149.1761295,99.94200000000001,0.9317891341685374,1.6400000000000001,15.790000000000001
232.22400000000002,9,-35.357568799999996,149.1761468,99.9,1.8680494809224943,1.6,15.8
232.324,9,-35.3575675,149.1761642,99.85300000000001,2.570639237773383,1.55,15.81
232.424,9,-35.3575662,149.1761816,99.805,3.113057643492888,1.5,15.84
232.524,9,-35.3575649,149.176199,99.759,3.52827124644031,1.45,15.870000000000001
232.624,9,-35.3575637,149.1762164,99.71900000000001,3.8470797174607636,1.4000000000000001,15.9
232.72400000000002,9,-35.3575625,149.1762339,99.687,4.052212496351049,1.34,15.93
232.824,9,-35.3575614,149.1762515,99.661,4.229390164742119,1.29,15.97
232.925,9,-35.357560299999996,149.17626909999998,99.643,4.409915052713318,1.22,16.0
233.025,10,-35.3575593,149.17628689999998,99.631,4.521764523014154,1.16,16.03
233.125,10,-35.3575583,149.1763048,99.622,4.558840497376275,1.1,16.07
233.225,10,-35.357557299999996,149.1763227,99.613,4.170510519002024,1.03,16.11
233.324,10,-35.3575565,149.1763408,99.60600000000001,2.254760704463453,0.9500000000000001,16.15
233.424,10,-35.3575556,149.1763588,99.599,-2.2034817786091128,0.9500000000000001,16.17
233.524,10,-35.3575547,149.17637689999998,99.592,-9.136481090443011,1.09,16.16
233.624,10,-35.357553599999996,149.1763949,99.586,-17.597044953074267,1.41,16.1
233.72400000000002,10,-35.3575521,149.1764129,99.577,-26.536485331246165,1.8900000000000001,16.01
233.824,10,-35.3575501,149.1764307,99.56,-34.58015493750736,2.49,15.88
233.924,10,-35.357547499999995,149.17644819999998,99.525,-40.69209848987449,3.18,15.73
234.024,10,-35.3575442,149.1764655,99.479,-44.458541420880906,3.96,15.56
234.124,10,-35.357540199999995,149.1764825,99.431,-46.09788927452152,4.84,15.35
234.22400000000002,10,-35.357535299999995,149.1764992,99.396,-46.20203599898587,5.8,15.08
234.324,10,-35.3575296,149.1765156,99.389,-45.51432815711939,6.78,14.72
234.424,10,-35.357523,149.17653149999998,99.416,-44.67106617200044,7.73,14.3
234.524,10,-35.3575155,149.1765469,99.479,-44.041438843741155,8.6,13.81
234.624,10,-35.3575073,149.1765618,99.571,-43.759942842382834,9.36,13.31
234.72400000000002,10,-35.3574985,149.17657599999998,99.683,-43.7820214288749,10.05,12.790000000000001
234.824,10,-35.357489099999995,149.1765898,99.808,-44.04737769322448,10.66,12.290000000000001
234.924,10,-35.3574792,149.176603,99.936,-44.389115963062316,11.19,11.81
235.025,10,-35.3574689,149.17661569999999,100.059,-44.64276528317449,11.65,11.36
235.125,10,-35.3574579,149.1766281,100.164,-44.82429122074592,12.06,10.96
235.225,10,-35.3574468,149.17664,100.249,-44.87237233740822,12.43,10.58
235.324,10,-35.3574352,149.17665159999999,100.31,-44.84633565629213,12.790000000000001,10.19
235.424,10,-35.3574234,149.17666269999998,100.35300000000001,-44.810822087702654,13.14,9.78
235.524,10,-35.3574112,149.1766733,100.377,-44.74417993197084,13.5,9.34
235.624,10,-35.3573988,149.1766834,100.39,-44.668484360494176,13.870000000000001,8.85
235.72400000000002,10,-35.3573859,149.176693,100.395,-44.63615024496333,14.25,8.31
235.824,10,-35.3573728,149.17670189999998,100.396,-44.645582736207125,14.63,7.72
235.924,10,-35.3573594,149.17670999999999,100.4,-44.655763133165024,15.01,7.07
236.024,10,-35.3573458,149.1767174,100.409,-44.66188639775594,15.38,6.38
236.124,10,-35.3573318,149.176724,100.427,-44.697905400344005,15.72,5.66
236.22400000000002,10,-35.3573176,149.1767298,100.45,-44.75011878145417,16.03,4.94
236.324,10,-35.3573032,149.1767348,100.48,-44.76237555591975,16.3,4.22
236.424,10,-35.357288499999996,149.176739,100.513,-44.80150570967476,16.55,3.5100000000000002
236.524,10,-35.3572736,149.1767424,100.548,-44.832897259100136,16.75,2.81
236.624,10,-35.3572586,149.1767451,100.58200000000001,-44.82425365470549,16.93,2.13
236.72400000000002,10,-35.3572434,149.176747,100.614,-44.82341012634299,17.07,1.46
236.824,10,-35.3572281,149.1767482,100.64,-44.805221332583244,17.2,0.79
236.924,10,-35.3572127,149.1767487,100.661,-44.73482598790251,17.3,0.13
237.024,10,-35.3571972,149.17674839999998,100.675,-44.68163247464645,17.38,-0.51
237.125,10,-35.357181499999996,149.1767475,100.683,-44.67153745505317,17.44,-1.17
237.225,10,-35.3571659,149.1767459,100.685,-44.71703676020921,17.490000000000002,-1.85
237.32500000000002,10,-35.3571501,149.1767434,100.682,-44.797745690536665,17.52,-2.56
237.424,10,-35.3571343,149.17674019999998,100.678,-44.81847189957307,17.54,-3.2800000000000002
237.524,10,-35.3571184,149.1767361,100.671,-44.837077334872184,17.53,-4.0200000000000005
237.624,10,-35.3571026,149.1767312,100.664,-44.84068708984854,17.490000000000002,-4.7700000000000005
237.72400000000002,10,-35.3570868,149.17672539999998,100.66,-44.84776316582867,17.43,-5.53
237.824,10,-35.357071,149.1767188,100.658,-44.85851729867685,17.34,-6.28
237.924,10,-35.3570555,149.17671149999998,100.66,-44.87784673402799,17.22,-7.01
238.024,10,-35.3570401,149.17670339999998,100.664,-44.89622677308449,17.080000000000002,-7.71
238.124,10,-35.357025,149.1766945,100.667,-44.87882003598472,16.92,-8.4
238.22400000000002,10,-35.357009999999995,149.176685,100.666,-44.794081294046954,16.72,-9.08
238.324,10,-35.3569952,149.17667459999998,100.666,-44.518281670456425,16.5,-9.76
238.424,10,-35.3569806,149.17666359999998,100.665,-43.94279725174783,16.26,-10.43
238.524,10,-35.356966199999995,149.1766518,100.665,-42.845988399354255,15.99,-11.07
238.624,10,-35.3569521,149.1766393,100.668,-41.10509270822848,15.71,-11.68
238.72400000000002,10,-35.3569382,149.17662629999998,100.676,-38.69699681821918,15.41,-12.23
238.824,10,-35.3569246,149.1766126,100.687,-35.65962535469285,15.120000000000001,-12.68
238.924,10,-35.3569113,149.17659849999998,100.703,-32.1371089695151,14.85,-13.02
239.024,10,-35.356898099999995,149.17658409999999,100.71600000000001,-28.253963718802552,14.6,-13.27
239.124,10,-35.3568852,149.1765696,100.72200000000001,-24.140299583602076,14.4,-13.42
239.225,10,-35.3568723,149.1765547,100.71300000000001,-20.02596096722106,14.23,-13.49
239.32500000000002,10,-35.3568595,149.1765398,100.683,-16.15590918914743,14.09,-13.51
239.425,10,-35.3568468,149.1765249,100.632,-12.665478471369457,13.99,-13.5
239.524,10,-35.3568342,149.17650999999998,100.556,-9.732707086113642,13.9,-13.49
239.624,10,-35.356821599999996,149.17649509999998,100.461,-7.408806084229442,13.83,-13.48
239.72400000000002,10,-35.356809,149.1764802,100.352,-5.717848040559746,13.780000000000001,-13.48
239.824,10,-35.356796599999996,149.1764653,100.238,-4.5669060970124145,13.73,-13.49
239.924,10,-35.3567841,149.1764504,100.129,-3.8130427503924746,13.69,-13.52
240.024,10,-35.356771699999996,149.1764354,100.03,-3.3025033988503583,13.66,-13.56
240.124,10,-35.3567594,149.1764206,99.95,-2.9581182172657337,13.63,-13.59
240.22400000000002,10,-35.3567471,149.1764057,99.889,-2.704289177801019,13.6,-13.620000000000001
240.324,10,-35.3567349,149.1763908,99.845,-2.4173898564789837,13.57,-13.65
240.424,10,-35.3567228,149.17637589999998,99.81,-2.0297271022092778,13.55,-13.67
240.524,10,-35.3567107,149.17636099999999,99.781,-1.5783324931244171,13.530000000000001,-13.67
240.624,10,-35.3566985,149.1763461,99.754,-1.0885080381178915,13.530000000000001,-13.67
240.72400000000002,10,-35.3566864,149.1763312,99.726,-0.6252428804206661,13.530000000000001,-13.66
240.824,10,-35.3566743,149.1763163,99.696,-0.26242208445125165,13.540000000000001,-13.66
240.924,10,-35.3566621,149.1763014,99.66,0.003314130431875503,13.55,-13.65
241.024,10,-35.3566499,149.1762865,99.618,0.19982712262757393,13.57,-13.65
241.124,10,-35.3566377,149.1762716,99.57300000000001,0.2655591956731238,13.59,-13.65
241.225,10,-35.3566255,149.17625669999998,99.529,0.2373154296401955,13.61,-13.65
241.32500000000002,10,-35.356612999999996,149.1762415,99.486,0.1447951278862308,13.65,-13.67
241.425,10,-35.3566007,149.1762264,99.44800000000001,0.08828515091162703,13.67,-13.68
241.525,10,-35.3565882,149.17621119999998,99.416,0.0010547086277303286,13.700000000000001,-13.69
241.624,10,-35.3565757,149.176196,99.39,-0.09791663144595077,13.73,-13.700000000000001
241.72400000000002,10,-35.3565632,149.1761808,99.369,-0.0030998307453763735,13.75,-13.72
241.824,10,-35.3565506,149.1761656,99.354,0.7066863228881627,13.77,-13.74
241.924,10,-35.3565381,149.1761503,99.345,2.502723465204773,13.81,-13.74
242.024,10,-35.3565255,149.176135,99.34,5.595844213397217,13.870000000000001,-13.69
242.124,10,-35.3565129,149.17612,99.33500000000001,9.883101875221799,13.97,-13.57
242.22400000000002,10,-35.3565003,149.1761052,99.32900000000001,15.059108874490319,14.11,-13.36
242.324,10,-35.3564875,149.1760907,99.319,20.543906164814175,14.290000000000001,-13.07
242.424,10,-35.3564746,149.1760766,99.304,25.754146925976443,14.52,-12.700000000000001
242.524,10,-35.3564614,149.1760629,99.284,30.215674303152962,14.780000000000001,-12.280000000000001
242.624,10,-35.356448,149.1760498,99.26,33.66901794751141,15.07,-11.8
242.72400000000002,10,-35.3564343,149.1760372,99.238,36.057606817251155,15.38,-11.26
242.824,10,-35.3564204,149.1760252,99.22200000000001,37.516446431506665,15.700000000000001,-10.67
242.924,10,-35.3564061,149.1760139,99.21900000000001,38.24901837093638,16.02,-10.03
243.024,10,-35.356391599999995,149.1760033,99.23,38.44414321514531,16.32,-9.370000000000001
243.124,10,-35.3563768,149.17599339999998,99.258,38.26409942862377,16.580000000000002,-8.700000000000001
243.22400000000002,10,-35.3563618,149.17598429999998,99.303,37.734302145273396,16.81,-8.05
243.32500000000002,10,-35.356346599999995,149.1759758,99.363,36.90205725528568,16.98,-7.43
243.425,10,-35.3563312,149.17596799999998,99.435,35.75279255006641,17.11,-6.8500000000000005
243.525,10,-35.356315599999995,149.1759607,99.514,34.28882004864963,17.21,-6.34
243.625,10,-35.356299899999996,149.1759539,99.59400000000001,32.57228764229329,17.28,-5.9
243.72400000000002,10,-35.3562842,149.1759476,99.669,30.66322927870722,17.32,-5.5200000000000005
243.824,10,-35.3562684,149.1759416,99.73400000000001,28.652373775731274,17.330000000000002,-5.2
243.924,10,-35.3562527,149.175936,99.789,26.742260147918433,17.32,-4.94
244.024,10,-35.3562369,149.1759306,99.831,25.04047241243286,17.31,-4.69
244.124,10,-35.3562212,149.17592539999998,99.858,23.625848027769422,17.28,-4.46
244.22400000000002,10,-35.356205599999996,149.17592059999998,99.871,22.574931216409166,17.26,-4.23
244.324,10,-35.3561901,149.175916,99.873,21.84459616393263,17.22,-3.99
244.424,10,-35.356174599999996,149.1759117,99.863,21.336894542547242,17.19,-3.74
244.524,10,-35.3561593,149.1759076,99.845,20.9772099506652,17.150000000000002,-3.48
244.624,10,-35.356144,149.17590389999998,99.82600000000001,20.676186438469813,17.12,-3.21
244.72400000000002,10,-35.3561288,149.1759004,99.809,20.347884858276686,17.080000000000002,-2.93
244.824,10,-35.3561135,149.1758973,99.796,19.94464244251018,17.05,-2.66
244.924,10,-35.3560984,149.1758944,99.788,19.38287133610768,17.01,-2.39
245.024,10,-35.3560832,149.17589189999998,99.784,18.67570257774853,16.97,-2.13
245.124,10,-35.3560681,149.1758896,99.785,17.821894780551087,16.92,-1.8900000000000001
245.22400000000002,10,-35.356052999999996,149.17588759999998,99.79,16.810108122945834,16.88,-1.68
245.324,10,-35.356038,149.1758858,99.796,15.68786023098855,16.84,-1.49
245.425,10,-35.3560229,149.1758841,99.8,14.519138024371205,16.81,-1.33
245.525,10,-35.3560077,149.1758826,99.8,13.342281916226021,16.78,-1.18
245.625,10,-35.3559926,149.1758813,99.797,12.206593065755797,16.75,-1.05
245.725,10,-35.3559774,149.1758801,99.79,11.093589834840126,16.73,-0.9400000000000001
245.824,10,-35.3559623,149.17587899999998,99.781,10.152300120979511,16.71,-0.8300000000000001
245.924,10,-35.3559471,149.1758781,99.77,9.286612917268123,16.7,-0.74
246.024,10,-35.355931999999996,149.1758772,99.758,8.536304684111174,16.68,-0.65
246.124,10,-35.3559169,149.1758764,99.747,7.939989895981334,16.67,-0.56
246.22400000000002,10,-35.3559018,149.1758758,99.736,7.384396695683109,16.65,-0.47000000000000003
246.324,10,-35.3558869,149.1758752,99.727,6.869486236515597,16.63,-0.4
246.424,10,-35.355872,149.17587469999998,99.71900000000001,6.414701505724882,16.62,-0.32
246.524,10,-35.3558571,149.1758743,99.714,5.977649226679991,16.59,-0.25
246.624,10,-35.3558423,149.175874,99.709,5.52926865200981,16.580000000000002,-0.19
246.72400000000002,10,-35.3558276,149.17587369999998,99.705,5.059837861204473,16.56,-0.13
246.824,10,-35.355812799999995,149.1758735,99.7,4.610102774644514,16.54,-0.08
246.924,10,-35.3557981,149.1758734,99.69500000000001,4.1850929728800015,16.53,-0.03
247.024,10,-35.3557833,149.1758733,99.69,3.7334415913710304,16.52,0.0
247.124,10,-35.3557686,149.17587319999998,99.685,3.2799402958140442,16.51,0.02
247.22400000000002,10,-35.355753799999995,149.17587319999998,99.68,2.840497023672825,16.5,0.06
247.324,10,-35.3557391,149.17587319999998,99.675,2.440025103388406,16.5,0.08
247.424,10,-35.3557243,149.17587319999998,99.672,2.0833918985180677,16.5,0.11
247.525,10,-35.3557096,149.1758733,99.673,1.8204008006120158,16.490000000000002,0.13
247.625,10,-35.3556947,149.1758734,99.673,1.5887934614468207,16.490000000000002,0.15
247.725,10,-35.3556798,149.1758735,99.671,1.3773557776223786,16.5,0.17
247.824,10,-35.3556649,149.1758736,99.667,1.1626161242210586,16.51,0.18
247.924,10,-35.355649899999996,149.1758738,99.663,0.9317341724900599,16.52,0.19
248.024,10,-35.3556349,149.175874,99.661,0.7344748408046538,16.54,0.2
248.124,10,-35.3556198,149.17587419999998,99.659,0.5467229723613467,16.55,0.2
248.22400000000002,10,-35.3556048,149.1758744,99.659,0.3587684127183342,16.57,0.2
248.324,10,-35.3555898,149.1758745,99.661,0.17996258464364964,16.580000000000002,0.2
248.424,10,-35.3555747,149.17587469999998,99.667,-0.03779375453972799,16.59,0.19
248.524,10,-35.3555598,149.1758749,99.675,-0.16932020276163098,16.6,0.19
248.624,10,-35.3555449,149.17587509999998,99.683,-0.23993952962237622,16.6,0.18
248.72400000000002,10,-35.35553,149.1758753,99.69200000000001,-0.31619309553772085,16.6,0.18
248.824,10,-35.3555152,149.1758754,99.7,-0.32474483922412056,16.6,0.18
248.924,10,-35.355500299999996,149.17587559999998,99.708,-0.31728131009114785,16.6,0.18
249.024,10,-35.3554855,149.1758758,99.715,-0.2918146296056379,16.6,0.17
249.124,10,-35.3554707,149.175876,99.721,-0.32594767288955684,16.6,0.17
249.22400000000002,10,-35.3554558,149.1758762,99.726,-0.37034291531886127,16.6,0.16
249.324,10,-35.355441,149.1758763,99.729,-0.4203246121590014,16.61,0.16
249.424,10,-35.355426099999995,149.1758765,99.73,-0.4369121000843476,16.61,0.15
249.524,10,-35.3554113,149.1758767,99.73100000000001,-0.4385508919179011,16.62,0.15
249.625,10,-35.355396299999995,149.1758768,99.729,-0.4489971059644802,16.62,0.15
249.725,10,-35.3553812,149.17587699999999,99.72500000000001,-0.4311468601359015,16.64,0.14
249.82500000000002,10,-35.3553662,149.1758772,99.72,-0.43047168526427515,16.65,0.13
249.924,10,-35.3553511,149.1758773,99.71900000000001,-0.4639792859914619,16.67,0.12
250.024,10,-35.355336,149.17587749999998,99.721,-0.46572439932440013,16.68,0.12
250.124,10,-35.3553208,149.1758776,99.727,-0.44089530098965507,16.69,0.12
250.22400000000002,10,-35.355305699999995,149.1758777,99.735,-0.42648989842156926,16.7,0.11
250.324,10,-35.355290499999995,149.1758779,99.746,-0.39275209897501195,16.71,0.11
250.424,10,-35.3552754,149.17587799999998,99.758,-0.4002067435259784,16.72,0.11
250.524,10,-35.3552603,149.1758782,99.77,-0.40531196308501916,16.72,0.1
250.624,10,-35.3552453,149.1758783,99.781,-0.4135007996109091,16.72,0.1
250.72400000000002,10,-35.355230399999996,149.1758784,99.79,-0.44374458377103465,16.72,0.09
250.824,10,-35.3552154,149.17587849999998,99.796,-0.4559733437888549,16.72,0.08
250.924,10,-35.355200499999995,149.1758786,99.8,-0.5153838766543597,16.72,0.07
251.024,10,-35.3551856,149.1758787,99.8,-0.5528578162573404,16.72,0.07
251.124,10,-35.355170699999995,149.1758788,99.798,-0.5421704378361216,16.72,0.06
251.22400000000002,10,-35.3551557,149.1758789,99.796,-0.5403409609947631,16.72,0.06
251.324,10,-35.3551408,149.17587899999998,99.793,-0.5315299636045938,16.72,0.06
251.424,10,-35.355125799999996,149.1758791,99.791,-0.5312719638808672,16.73,0.05
251.524,10,-35.3551109,149.1758792,99.791,-0.5343979493649116,16.72,0.04
251.624,10,-35.355095899999995,149.1758792,99.794,-0.5205094533787782,16.72,0.04
251.725,10,-35.355080799999996,149.1758793,99.8,-0.554772723824177,16.72,0.03
251.82500000000002,10,-35.3550659,149.1758793,99.807,-0.5259911070745366,16.71,0.02
251.925,10,-35.3550507,149.17587939999999,99.81700000000001,-0.44498877209746124,16.72,0.01
252.024,10,-35.3550356,149.17587939999999,99.82600000000001,-0.3908998370494691,16.72,0.01
252.124,10,-35.355020499999995,149.17587939999999,99.834,-0.7174193781994559,16.72,0.02
252.22400000000002,10,-35.355005299999995,149.17587949999998,99.836,-2.111877202451606,16.73,0.02
252.324,10,-35.354990099999995,149.17587949999998,99.836,-4.712327227744333,16.75,-0.02
252.424,10,-35.354974899999995,149.17587949999998,99.833,-8.104298634202454,16.78,-0.16
252.524,10,-35.354959799999996,149.1758792,99.83,-11.57061622288934,16.82,-0.37
252.624,10,-35.354944599999996,149.1758787,99.827,-14.811700639732239,16.86,-0.62
252.72400000000002,10,-35.3549295,149.1758779,99.824,-17.99155497198691,16.91,-0.9
252.824,10,-35.3549143,149.1758767,99.821,-20.973238195662837,16.97,-1.22
252.924,10,-35.3548991,149.17587509999998,99.81700000000001,-23.580749996227123,17.03,-1.59
253.024,10,-35.354883799999996,149.17587319999998,99.815,-25.636638643948253,17.080000000000002,-1.99
253.124,10,-35.354868499999995,149.1758707,99.818,-27.206736917141395,17.14,-2.42
253.22400000000002,10,-35.3548531,149.1758678,99.827,-28.470226290945376,17.19,-2.86
253.324,10,-35.3548377,149.1758644,99.84100000000001,-29.541968349085,17.240000000000002,-3.3000000000000003
253.424,10,-35.354822299999995,149.1758605,99.857,-30.530737269187313,17.27,-3.75
253.524,10,-35.3548068,149.1758561,99.876,-31.62083887581593,17.29,-4.22
253.624,10,-35.354791299999995,149.1758511,99.895,-32.909203798577096,17.3,-4.7
253.725,10,-35.3547758,149.1758456,99.914,-34.366325620256355,17.31,-5.21
253.82500000000002,10,-35.3547601,149.1758395,99.931,-35.951233451117375,17.3,-5.76
253.925,10,-35.354744499999995,149.1758327,99.94500000000001,-37.51828716748798,17.28,-6.34
254.025,10,-35.3547289,149.17582529999999,99.959,-38.97798055538975,17.240000000000002,-6.96
254.124,10,-35.3547132,149.1758171,99.974,-40.26998938407312,17.18,-7.62
254.22400000000002,10,-35.354697699999996,149.1758082,99.99000000000001,-41.30436689235819,17.11,-8.31
254.324,10,-35.3546822,149.17579849999998,100.01,-42.155432368603876,17.0,-9.03
254.424,10,-35.3546668,149.17578799999998,100.036,-42.83987196495251,16.86,-9.78
254.524,10,-35.3546516,149.1757766,100.071,-43.29168556345427,16.68,-10.53
254.624,10,-35.3546366,149.1757644,100.11200000000001,-43.581794433355974,16.46,-11.27
254.72400000000002,10,-35.354622,149.1757515,100.162,-43.806453015536036,16.2,-12.01
254.824,10,-35.3546076,149.1757378,100.218,-43.952827384543994,15.91,-12.74
254.924,10,-35.3545936,149.17572339999998,100.279,-43.99659865184002,15.58,-13.43
255.024,10,-35.354579799999996,149.1757083,100.34400000000001,-43.90332558853433,15.23,-14.09
255.124,10,-35.3545665,149.1756925,100.412,-43.72893719864556,14.870000000000001,-14.69
255.22400000000002,10,-35.3545534,149.17567599999998,100.477,-43.52454378773293,14.5,-15.26
255.324,11,-35.3545407,149.175659,100.54,-43.25217974929492,14.13,-15.77
255.424,11,-35.3545283,149.17564149999998,100.598,-42.940545538223915,13.75,-16.27
255.524,11,-35.3545163,149.1756234,100.65,-42.679946500631246,13.370000000000001,-16.73
255.624,11,-35.3545046,149.1756048,100.696,-42.54241381150387,12.96,-17.18
255.72400000000002,11,-35.3544933,149.1755857,100.73400000000001,-42.51342648866633,12.55,-17.6
255.82500000000002,11,-35.3544823,149.1755662,100.763,-42.58801898459205,12.13,-18.02
255.925,11,-35.354471499999995,149.17554579999998,100.781,-42.74733314698259,11.69,-18.44
256.025,11,-35.354461199999996,149.17552519999998,100.789,-42.97074180454454,11.24,-18.86
256.125,11,-35.3544513,149.175504,100.789,-43.257988825184015,10.78,-19.27
256.224,11,-35.3544418,149.1754824,100.782,-43.559855865741895,10.290000000000001,-19.69
256.324,11,-35.3544328,149.1754602,100.771,-43.86082473642392,9.77,-20.12
256.424,11,-35.3544242,149.1754377,100.757,-44.14540115309792,9.22,-20.55
256.524,11,-35.354416199999996,149.17541459999998,100.74000000000001,-44.364824395279165,8.64,-20.98
256.624,11,-35.3544087,149.17539109999998,100.723,-44.496397744355704,8.02,-21.41
256.724,11,-35.3544018,149.1753673,100.712,-44.58841405285411,7.36,-21.81
256.824,11,-35.3543956,149.1753432,100.709,-44.64891586852209,6.66,-22.2
256.924,11,-35.354389999999995,149.1753187,100.71600000000001,-44.62376369690352,5.94,-22.56
257.024,11,-35.3543851,149.1752938,100.729,-44.49183517799013,5.22,-22.88
257.124,11,-35.3543808,149.1752687,100.75,-44.222715479407874,4.5,-23.16
257.224,11,-35.3543772,149.17524319999998,100.775,-43.86604300094981,3.81,-23.39
257.324,11,-35.3543741,149.1752176,100.802,-43.06527162265752,3.15,-23.59
257.424,11,-35.3543717,149.1751917,100.82600000000001,-41.439809543599544,2.5100000000000002,-23.740000000000002
257.524,11,-35.3543697,149.17516569999998,100.85000000000001,-38.90091894607908,1.92,-23.85
257.624,11,-35.3543683,149.1751396,100.876,-35.885673880369005,1.41,-23.900000000000002
257.724,11,-35.3543673,149.17511349999998,100.905,-32.93429449849314,0.99,-23.91
257.824,11,-35.3543666,149.1750873,100.93,-30.121137654850816,0.63,-23.88
257.925,11,-35.3543661,149.1750612,100.94200000000001,-27.20473396416729,0.34,-23.82
258.025,11,-35.3543659,149.17503489999999,100.938,-24.143926414051354,0.12,-23.76
258.125,11,-35.3543659,149.1750087,100.909,-21.39830818846941,-0.04,-23.69
258.225,11,-35.354366,149.1749825,100.861,-19.188975925949357,-0.18,-23.63
258.324,11,-35.354366,149.1749563,100.789,-17.575533272283312,-0.32,-23.580000000000002
258.424,11,-35.354366399999996,149.1749302,100.70100000000001,-16.470854334418593,-0.48,-23.54
258.524,11,-35.3543668,149.174904,100.601,-15.625831868041079,-0.66,-23.52
258.624,11,-35.354367499999995,149.17487789999998,100.499,-14.854420057896084,-0.86,-23.52
258.724,11,-35.3543683,149.1748518,100.402,-14.02988047506579,-1.07,-23.53
258.824,11,-35.3543693,149.17482569999999,100.315,-13.018169803315054,-1.27,-23.54
258.924,11,-35.3543705,149.1747998,100.244,-11.717284290031609,-1.44,-23.54
259.024,11,-35.354371799999996,149.1747739,100.18900000000001,-10.164463834117658,-1.59,-23.53
259.124,11,-35.3543732,149.1747481,100.15,-8.37219316760234,-1.7,-23.52
259.224,11,-35.3543747,149.1747224,100.118,-6.3947675986322,-1.76,-23.5
259.324,11,-35.3543762,149.1746967,100.09100000000001,-4.379016984455473,-1.78,-23.48
259.424,11,-35.3543778,149.174671,100.06400000000001,-2.448555369331517,-1.78,-23.46
259.524,11,-35.3543793,149.17464529999998,100.035,-0.700541180347561,-1.76,-23.45
259.624,11,-35.3543808,149.1746196,100.0,0.8016082365481801,-1.72,-23.44
259.724,11,-35.354382199999996,149.17459399999998,99.95700000000001,1.9826197143905229,-1.6600000000000001,-23.43
259.824,11,-35.3543837,149.1745683,99.907,2.8768080168479053,-1.61,-23.43
259.924,11,-35.354385,149.1745426,99.85600000000001,3.5708256728470165,-1.54,-23.43
260.025,11,-35.3543863,149.1745167,99.806,4.046674493594638,-1.48,-23.44
260.125,11,-35.3543875,149.1744907,99.76,4.313385269833997,-1.41,-23.46
260.225,11,-35.3543887,149.1744647,99.71900000000001,4.486001225633144,-1.34,-23.47
260.324,11,-35.3543899,149.17443849999998,99.688,4.57986595407569,-1.27,-23.490000000000002
260.424,11,-35.3543909,149.1744124,99.664,4.610426781743266,-1.2,-23.51
260.524,11,-35.354392,149.1743862,99.645,4.58685409137026,-1.1300000000000001,-23.53
260.624,11,-35.3543929,149.1743601,99.63,4.533504337536937,-1.07,-23.54
260.724,11,-35.3543938,149.1743338,99.618,4.48646226340212,-1.01,-23.56
260.824,11,-35.3543947,149.1743076,99.605,4.429950558869904,-0.9500000000000001,-23.580000000000002
260.924,11,-35.354395499999995,149.1742816,99.593,4.35136282916656,-0.89,-23.59
261.024,11,-35.3543962,149.17425559999998,99.581,4.2413169556934305,-0.8300000000000001,-23.59
261.124,11,-35.3543969,149.1742296,99.572,4.114876066891331,-0.78,-23.6
261.224,11,-35.3543976,149.1742037,99.562,3.9703846956601807,-0.72,-23.6
261.324,11,-35.3543982,149.1741778,99.554,3.810127967164172,-0.68,-23.6
261.424,11,-35.3543988,149.1741519,99.548,3.6363487447720066,-0.63,-23.6
261.524,11,-35.3543993,149.1741261,99.542,3.4857812799438954,-0.59,-23.6
261.624,11,-35.354399799999996,149.1741002,99.536,3.367409832759343,-0.55,-23.6
261.724,11,-35.3544003,149.1740743,99.531,3.2437332495803948,-0.51,-23.6
261.824,11,-35.3544008,149.17404829999998,99.527,3.0783165266098527,-0.46,-23.61
261.924,11,-35.3544012,149.17402239999998,99.524,2.9354108264832033,-0.42,-23.61
262.024,11,-35.3544015,149.1739965,99.52,2.793999016794082,-0.39,-23.62
262.125,11,-35.3544019,149.17397029999998,99.516,2.631276163120875,-0.36,-23.63
262.225,11,-35.354402199999996,149.1739443,99.513,2.4850736160592253,-0.33,-23.63
262.325,11,-35.3544025,149.173918,99.509,2.34866918880537,-0.3,-23.650000000000002
262.424,11,-35.354402799999995,149.17389169999998,99.506,2.1765938851677116,-0.27,-23.67
262.524,11,-35.354403,149.1738653,99.504,2.065671826490116,-0.25,-23.69
262.624,11,-35.3544033,149.173839,99.504,1.9466997495454257,-0.23,-23.71
262.724,11,-35.3544035,149.1738125,99.504,1.8493262248601967,-0.21,-23.73
262.824,11,-35.3544037,149.173786,99.508,1.740085033048659,-0.18,-23.75
262.924,11,-35.3544039,149.1737598,99.516,1.600480662168653,-0.16,-23.75
263.024,11,-35.354403999999995,149.1737336,99.528,1.4839775918872165,-0.14,-23.75
263.124,11,-35.3544042,149.17370739999998,99.54,1.3838001678259915,-0.12,-23.75
263.224,11,-35.3544043,149.1736813,99.553,1.2703226579034592,-0.1,-23.75
263.324,11,-35.3544045,149.17365519999998,99.565,1.174785813774729,-0.09,-23.740000000000002
263.424,11,-35.354404599999995,149.1736292,99.57600000000001,1.06929258154853,-0.08,-23.740000000000002
263.524,11,-35.354404699999996,149.17360309999998,99.587,0.9942851516307424,-0.07,-23.73
263.624,11,-35.3544048,149.173577,99.59700000000001,0.9392973263353797,-0.05,-23.73
263.724,11,-35.3544049,149.173551,99.604,0.8735891456117115,-0.05,-23.72
263.824,11,-35.3544049,149.1735249,99.61,0.7881849404775482,-0.04,-23.72
263.924,11,-35.354405,149.1734989,99.61500000000001,0.7017007650417294,-0.03,-23.72
264.024,11,-35.3544051,149.17347279999998,99.619,0.6398862190317917,-0.03,-23.72
264.125,11,-35.3544051,149.1734467,99.623,0.5750419505164245,-0.03,-23.72
264.225,11,-35.354405199999995,149.1734204,99.626,0.5749564664300936,-0.02,-23.72
264.325,11,-35.354405299999996,149.173394,99.629,0.5602059258655105,-0.02,-23.740000000000002
264.425,11,-35.354405299999996,149.1733677,99.631,0.575679879512733,-0.01,-23.740000000000002
264.524,11,-35.3544054,149.17334119999998,99.634,0.590781534489337,-0.01,-23.76
264.624,11,-35.3544054,149.17331479999999,99.641,0.6378551982490649,0.0,-23.77
264.724,11,-35.3544054,149.1732883,99.65,0.6936526144044858,0.01,-23.78
264.824,11,-35.3544055,149.1732618,99.66,0.7764991804987439,0.01,-23.79
264.924,11,-35.3544055,149.1732353,99.668,0.7728701088936457,0.02,-23.81
265.024,11,-35.3544055,149.1732088,99.678,0.6994691074521334,0.01,-23.82
265.124,11,-35.3544055,149.1731825,99.688,0.6297595564527486,0.01,-23.82
265.224,11,-35.3544055,149.1731563,99.69800000000001,0.5476846416521433,0.01,-23.81
265.324,11,-35.3544056,149.17313009999998,99.71000000000001,0.4796789026855593,0.01,-23.81
265.424,11,-35.3544056,149.173104,99.72500000000001,0.4568575864821071,0.01,-23.8
265.524,11,-35.3544056,149.17307789999998,99.74000000000001,0.43488038561053327,0.01,-23.79
265.624,11,-35.3544056,149.1730519,99.756,0.45581256753909516,0.01,-23.78
265.724,11,-35.3544056,149.1730258,99.771,0.4947302917387402,0.02,-23.78
265.824,11,-35.3544056,149.17299979999999,99.781,0.4906791891481293,0.02,-23.77
265.924,11,-35.3544056,149.1729738,99.787,0.52225776836289,0.03,-23.77
266.024,11,-35.3544056,149.17294769999998,99.788,0.17824409837630387,0.04,-23.76
266.124,11,-35.3544056,149.1729216,99.787,-1.1741048225701376,0.05,-23.76
266.225,11,-35.3544056,149.1728956,99.787,-3.783231109099485,0.01,-23.77
266.325,11,-35.3544057,149.172869,99.789,-7.284522254544598,-0.12,-23.81
266.425,11,-35.354405899999996,149.1728426,99.793,-10.85234413826069,-0.33,-23.85
266.525,11,-35.354406399999995,149.1728161,99.796,-14.178252674405977,-0.5700000000000001,-23.900000000000002
266.624,11,-35.354407099999996,149.1727895,99.799,-17.449973904770967,-0.85,-23.96
266.724,11,-35.3544081,149.1727628,99.801,-20.512193596497806,-1.16,-24.02
266.824,11,-35.3544093,149.17273609999998,99.803,-23.139591492830583,-1.51,-24.09
266.924,11,-35.3544109,149.17270929999998,99.805,-25.269268381702656,-1.9000000000000001,-24.16
267.024,11,-35.3544129,149.17268239999999,99.806,-26.811555832142798,-2.3000000000000003,-24.22
267.124,11,-35.3544152,149.1726557,99.809,-28.09715452829011,-2.71,-24.28
267.224,11,-35.3544179,149.1726289,99.815,-29.311104540043985,-3.15,-24.330000000000002
267.324,11,-35.354420999999995,149.1726023,99.825,-30.599145028819574,-3.62,-24.36
267.424,11,-35.3544245,149.1725755,99.836,-32.03167816948678,-4.1,-24.38
267.524,11,-35.3544285,149.1725488,99.85000000000001,-33.61344752842419,-4.63,-24.39
267.624,11,-35.3544329,149.17252209999998,99.86500000000001,-35.26346755264294,-5.18,-24.39
267.724,11,-35.3544379,149.1724955,99.884,-36.825084438434224,-5.7700000000000005,-24.37
267.824,11,-35.3544434,149.1724688,99.903,-38.166758987667336,-6.4,-24.330000000000002
267.924,11,-35.3544495,149.1724422,99.926,-39.3027014089105,-7.05,-24.27
268.024,11,-35.3544562,149.1724157,99.95100000000001,-40.26310113829516,-7.71,-24.19
268.124,11,-35.3544635,149.1723893,99.979,-40.99044115282065,-8.39,-24.09
268.224,11,-35.3544713,149.1723629,100.011,-41.53391930507856,-9.07,-23.96
268.325,11,-35.3544799,149.1723367,100.05,-41.87291866905922,-9.75,-23.81
268.425,11,-35.354489,149.17231049999998,100.092,-42.09214042065995,-10.43,-23.63
268.525,11,-35.354498899999996,149.1722844,100.138,-42.320709286139845,-11.11,-23.43
268.625,11,-35.3545093,149.1722586,100.184,-42.466342579622854,-11.78,-23.2
268.724,11,-35.3545203,149.172233,100.232,-42.50351246908606,-12.44,-22.94
268.824,11,-35.354532,149.1722077,100.281,-42.504967299379274,-13.07,-22.66
268.924,11,-35.3545442,149.17218259999999,100.331,-42.55290498206901,-13.69,-22.37
269.024,11,-35.3545569,149.172158,100.382,-42.56196522800303,-14.26,-22.06
269.124,11,-35.3545702,149.1721337,100.43,-42.548181906257945,-14.82,-21.740000000000002
269.224,11,-35.3545839,149.1721097,100.471,-42.48061767498818,-15.35,-21.41
269.324,11,-35.3545979,149.17208639999998,100.508,-42.44081474759993,-15.870000000000001,-21.04
269.424,11,-35.3546124,149.1720635,100.541,-42.401804122155404,-16.37,-20.66
269.524,11,-35.3546273,149.1720411,100.57000000000001,-42.423069916136235,-16.86,-20.26
269.624,11,-35.3546426,149.1720192,100.59700000000001,-42.53613345256204,-17.330000000000002,-19.84
269.724,11,-35.3546583,149.17199779999999,100.622,-42.810775359088254,-17.79,-19.400000000000002
269.824,12,-35.3546744,149.17197679999998,100.642,-43.20912223676716,-18.25,-18.94
269.924,12,-35.3546908,149.1719565,100.659,-43.6565201179705,-18.7,-18.45
270.024,12,-35.3547078,149.17193659999998,100.671,-44.06610607192866,-19.16,-17.95
270.124,12,-35.354725099999996,149.1719173,100.679,-44.40805266253617,-19.61,-17.42
270.224,12,-35.3547428,149.1718986,100.684,-44.62513656492669,-20.06,-16.87
270.324,12,-35.354760899999995,149.1718804,100.688,-44.73329944062301,-20.5,-16.3
270.425,12,-35.3547794,149.17186289999998,100.69200000000001,-44.7880126709694,-20.93,-15.69
270.525,12,-35.354798699999996,149.1718458,100.69800000000001,-44.79674165272868,-21.37,-15.05
270.625,12,-35.354818099999996,149.1718296,100.709,-44.78617876517725,-21.78,-14.38
270.725,12,-35.354838099999995,149.17181399999998,100.723,-44.77803717968659,-22.16,-13.72
270.824,12,-35.3548583,149.17179919999998,100.739,-44.704981476324136,-22.5,-13.05
270.924,12,-35.3548788,149.1717851,100.756,-44.54408612514073,-22.82,-12.39
271.024,12,-35.354899599999996,149.1717718,100.772,-44.23291636693329,-23.1,-11.74
271.124,12,-35.3549207,149.1717591,100.787,-43.807525355235725,-23.35,-11.1
271.224,12,-35.3549419,149.1717472,100.8,-43.27380071311259,-23.57,-10.450000000000001
271.324,12,-35.3549631,149.17173599999998,100.815,-42.734973919679454,-23.740000000000002,-9.8
271.424,12,-35.3549845,149.1717256,100.82900000000001,-42.27674335845247,-23.89,-9.18
271.524,12,-35.3550058,149.17171589999998,100.84100000000001,-41.85348336577595,-24.0,-8.58
271.624,12,-35.355027299999996,149.1717069,100.848,-41.48772332062718,-24.09,-8.0
271.724,12,-35.3550487,149.1716985,100.85000000000001,-41.19818135642659,-24.16,-7.42
271.824,12,-35.3550703,149.1716907,100.842,-40.97345788744941,-24.21,-6.86
271.924,12,-35.3550919,149.1716835,100.827,-40.83617791532132,-24.25,-6.29
272.024,12,-35.3551135,149.171677,100.806,-40.81703631017236,-24.28,-5.71
272.124,12,-35.3551351,149.171671,100.781,-40.84866350112411,-24.3,-5.11
272.224,12,-35.355156799999996,149.1716658,100.753,-40.98276060509897,-24.3,-4.5
272.324,12,-35.3551785,149.1716612,100.723,-41.16082705185578,-24.3,-3.87
272.424,12,-35.3552002,149.1716573,100.69,-41.08770304660163,-24.28,-3.24
272.525,12,-35.355222,149.17165409999998,100.656,-40.19699856750778,-24.25,-2.59
272.625,12,-35.355243699999995,149.1716516,100.621,-38.34856837808932,-24.2,-1.96
272.725,12,-35.3552655,149.1716497,100.59100000000001,-35.88255931410748,-24.13,-1.3900000000000001
272.824,12,-35.3552872,149.1716485,100.572,-33.28082073093915,-24.04,-0.88
272.924,12,-35.355309,149.1716477,100.565,-30.714885999400025,-23.93,-0.45
273.024,12,-35.3553305,149.17164739999998,100.56400000000001,-27.880536786310447,-23.81,-0.09
273.124,12,-35.3553521,149.17164739999998,100.56400000000001,-24.78249787502877,-23.69,0.18
273.224,12,-35.3553735,149.1716477,100.562,-21.763439856214536,-23.59,0.38
273.324,12,-35.3553949,149.1716482,100.547,-19.119586326623907,-23.490000000000002,0.53
273.424,12,-35.3554161,149.1716487,100.518,-16.914439262517778,-23.400000000000002,0.64
273.524,12,-35.355437099999996,149.1716494,100.47,-15.147080003452789,-23.31,0.73
273.624,12,-35.355458,149.1716502,100.403,-13.739049312659356,-23.23,0.8300000000000001
273.724,12,-35.3554787,149.1716511,100.324,-12.517200187130358,-23.16,0.9400000000000001
273.824,12,-35.3554994,149.1716521,100.23700000000001,-11.426907335204978,-23.09,1.06
273.924,12,-35.35552,149.17165319999998,100.15,-10.35037133804165,-23.04,1.17
274.024,12,-35.3555405,149.1716545,100.06700000000001,-9.27073358122149,-22.990000000000002,1.29
274.124,12,-35.355561,149.1716559,99.996,-8.10983194120381,-22.95,1.3900000000000001
274.224,12,-35.3555815,149.1716574,99.938,-6.898855623059828,-22.91,1.48
274.324,12,-35.355602,149.171659,99.893,-5.6263081377559425,-22.88,1.54
274.424,12,-35.355622499999996,149.1716606,99.858,-4.338630075893187,-22.86,1.59
274.524,12,-35.3556429,149.17166229999998,99.83200000000001,-3.0335117663150384,-22.84,1.6
274.625,12,-35.3556635,149.171664,99.811,-1.767166519664348,-22.830000000000002,1.61
274.725,12,-35.3556842,149.1716657,99.791,-0.6005947554184999,-22.84,1.6
274.825,12,-35.3557048,149.1716674,99.769,0.47467136016773503,-22.86,1.58
274.924,12,-35.3557256,149.1716691,99.739,1.414834839867237,-22.88,1.55
275.024,12,-35.3557464,149.1716707,99.70400000000001,2.2164781344957665,-22.91,1.51
275.124,12,-35.355767199999995,149.17167229999998,99.663,2.854801574228947,-22.95,1.47
275.224,12,-35.3557881,149.1716739,99.623,3.368612159496677,-23.0,1.43
275.324,12,-35.355809,149.1716754,99.584,3.751330283694117,-23.04,1.3800000000000001
275.424,12,-35.355829899999996,149.1716769,99.549,4.064210150515,-23.09,1.32
275.524,12,-35.3558507,149.1716783,99.52,4.292662475892178,-23.12,1.26
275.624,12,-35.3558715,149.1716796,99.497,4.4574023698046545,-23.16,1.2
275.724,12,-35.3558923,149.17168089999998,99.48,4.600279255070743,-23.19,1.1300000000000001
275.824,12,-35.355913099999995,149.171682,99.46900000000001,4.716206348306077,-23.21,1.07
275.924,12,-35.355933799999995,149.1716832,99.462,4.755975124748476,-23.240000000000002,1.01
276.024,12,-35.3559547,149.1716842,99.45700000000001,4.7452841711501135,-23.26,0.9500000000000001
276.124,12,-35.3559755,149.17168519999998,99.45400000000001,4.69051672617719,-23.28,0.9
276.224,12,-35.3559963,149.17168619999998,99.449,4.6255176578275865,-23.3,0.85
276.324,12,-35.3560172,149.17168709999999,99.44200000000001,4.574246415936063,-23.32,0.79
276.424,12,-35.3560381,149.1716879,99.431,4.476612276845315,-23.34,0.74
276.524,12,-35.356059,149.1716887,99.42,4.383083935219392,-23.37,0.68
276.625,12,-35.3560799,149.1716894,99.41,4.226215834325355,-23.39,0.63
276.725,12,-35.3561013,149.1716901,99.401,4.059071286938211,-23.42,0.58
276.825,12,-35.3561225,149.1716908,99.394,3.90769124304228,-23.45,0.53
276.925,12,-35.3561438,149.1716914,99.392,3.759609753628642,-23.490000000000002,0.49
277.024,12,-35.3561651,149.17169189999998,99.397,3.5851825170389717,-23.52,0.45
277.124,12,-35.3561865,149.17169239999998,99.406,3.3980793031234042,-23.55,0.41000000000000003
277.224,12,-35.3562079,149.17169289999998,99.419,3.2110132283614488,-23.57,0.37
277.324,12,-35.3562294,149.1716933,99.432,3.0429173636889693,-23.6,0.33
277.424,12,-35.3562508,149.1716937,99.44500000000001,2.8634406963119554,-23.62,0.3
277.524,12,-35.356272,149.171694,99.455,2.6771321322176367,-23.63,0.26
277.624,12,-35.3562933,149.1716944,99.46300000000001,2.512435994204531,-23.64,0.23
277.724,12,-35.356314399999995,149.1716946,99.467,2.3509737373200146,-23.650000000000002,0.2
277.824,12,-35.3563356,149.1716949,99.46900000000001,2.204292863573052,-23.66,0.17
277.924,12,-35.3563567,149.1716951,99.473,2.061135940550993,-23.66,0.14
278.024,12,-35.3563779,149.17169529999998,99.47800000000001,1.9599159521459888,-23.66,0.12
278.124,12,-35.356398999999996,149.1716955,99.486,1.8366912286693196,-23.66,0.1
278.224,12,-35.356420199999995,149.1716956,99.496,1.6748246032415972,-23.66,0.08
278.324,12,-35.3564413,149.17169579999998,99.508,1.4804332573165087,-23.66,0.07
278.424,12,-35.3564625,149.1716959,99.522,1.3303785902846772,-23.66,0.06
278.524,12,-35.3564836,149.171696,99.536,1.2198870469682042,-23.67,0.05
278.624,12,-35.356504799999996,149.1716961,99.547,1.12080778925947,-23.67,0.04
278.725,12,-35.356525999999995,149.17169619999999,99.554,1.0250759645742773,-23.67,0.03
278.825,12,-35.3565474,149.17169629999998,99.56,0.9481630185997619,-23.67,0.03
278.925,12,-35.3565688,149.1716964,99.562,0.8843017103554948,-23.69,0.03
279.02500000000003,12,-35.3565903,149.1716965,99.56,0.8432717501550232,-23.7,0.02
279.124,12,-35.356611799999996,149.1716966,99.559,0.7882448113544915,-23.73,0.01
279.224,12,-35.3566333,149.17169669999998,99.559,0.738746003552586,-23.740000000000002,0.01
279.324,12,-35.356654899999995,149.1716968,99.561,0.6842698554755924,-23.76,0.0
279.424,12,-35.3566765,149.1716968,99.56700000000001,0.6598098274798659,-23.78,0.0
279.524,12,-35.356698099999996,149.1716969,99.577,0.6697219794302883,-23.8,0.0
279.624,12,-35.3567197,149.1716969,99.589,0.6781379464265076,-23.81,0.0
279.724,12,-35.3567411,149.171697,99.602,0.6784244408456779,-23.82,-0.01
279.824,12,-35.356762499999995,149.171697,99.61500000000001,0.6481686771740784,-23.82,-0.02
279.924,12,-35.356783799999995,149.171697,99.627,0.5944978510889115,-23.81,-0.03
280.024,12,-35.356805099999995,149.171697,99.64,0.5887610257946297,-23.81,-0.03
280.124,12,-35.356826399999996,149.171697,99.654,0.6062330765783455,-23.8,-0.04
280.224,12,-35.356847699999996,149.171697,99.668,0.6080555631479753,-23.79,-0.05
280.324,12,-35.356868899999995,149.171697,99.677,0.5954259030423871,-23.79,-0.05
280.424,12,-35.356890199999995,149.1716971,99.684,0.576606223918916,-23.78,-0.06
280.524,12,-35.3569114,149.1716971,99.69,0.5609070874724946,-23.78,-0.07
280.624,12,-35.3569327,149.171697,99.694,0.5193829524134022,-23.78,-0.08
280.724,12,-35.3569539,149.171697,99.69800000000001,0.4263400077857992,-23.77,-0.08
280.825,12,-35.3569752,149.1716969,99.70100000000001,0.3370383793173502,-23.77,-0.08
280.925,12,-35.3569969,149.1716969,99.70400000000001,0.2673670080082087,-23.78,-0.08
281.02500000000003,12,-35.3570183,149.1716968,99.709,0.1995812491576667,-23.78,-0.08
281.125,12,-35.3570399,149.1716968,99.714,0.14542347860944554,-23.8,-0.08
281.224,12,-35.3570614,149.17169669999998,99.718,0.09821076980729766,-23.81,-0.08
281.324,12,-35.3570831,149.17169669999998,99.72200000000001,0.062310295013718944,-23.82,-0.08
281.424,12,-35.3571046,149.1716966,99.72800000000001,0.050526908019497815,-23.830000000000002,-0.07
281.524,12,-35.3571263,149.1716966,99.735,0.0469582175544988,-23.84,-0.07
281.624,12,-35.3571479,149.1716965,99.744,0.03409641772851604,-23.85,-0.07
281.724,12,-35.357169299999995,149.1716965,99.754,0.002179241598994823,-23.84,-0.07
281.824,12,-35.3571907,149.1716964,99.763,-0.04038599142262634,-23.84,-0.07
281.924,12,-35.357212,149.1716964,99.774,-0.0757160353637499,-23.84,-0.07
282.024,12,-35.3572333,149.17169629999998,99.786,-0.08315345769944588,-23.830000000000002,-0.06
282.124,12,-35.3572546,149.17169629999998,99.798,-0.0824775491160923,-23.82,-0.06
282.224,12,-35.3572759,149.17169619999999,99.809,-0.09093852599172493,-23.82,-0.06
282.324,12,-35.3572971,149.17169619999999,99.815,-0.0857833206537388,-23.81,-0.06
282.424,12,-35.3573184,149.1716961,99.81700000000001,-0.060329540154415245,-23.8,-0.06
282.524,12,-35.357339599999996,149.1716961,99.81700000000001,-0.03262630955611005,-23.79,-0.06
282.624,12,-35.357360899999996,149.171696,99.81700000000001,-0.01533638269836366,-23.79,-0.06
282.724,12,-35.357382199999996,149.171696,99.82000000000001,-0.03818508302450873,-23.78,-0.06
282.824,12,-35.357403399999995,149.1716959,99.82300000000001,-0.08219980587679607,-23.78,-0.05
282.925,12,-35.357424699999996,149.1716959,99.827,-0.10947823406029152,-23.77,-0.05
283.02500000000003,12,-35.3574462,149.17169579999998,99.82900000000001,-0.11926098594245384,-23.77,-0.05
283.125,12,-35.3574677,149.17169579999998,99.83,-0.1395702199341562,-23.78,-0.05
283.224,12,-35.357489099999995,149.1716957,99.83,-0.13125311725813016,-23.79,-0.06
283.324,12,-35.3575108,149.1716957,99.831,-0.08041235070708902,-23.81,-0.06
283.424,12,-35.357532299999995,149.1716956,99.831,-0.013786374152623746,-23.82,-0.06
283.524,12,-35.357554,149.1716955,99.833,0.006270257899127176,-23.830000000000002,-0.07
283.624,12,-35.3575756,149.1716955,99.839,-0.007743913734487074,-23.84,-0.07
283.724,12,-35.3575972,149.1716954,99.849,-0.07357398398637077,-23.85,-0.07
283.824,12,-35.3576188,149.17169529999998,99.85900000000001,-0.16303242666125245,-23.86,-0.07
283.924,12,-35.3576403,149.1716952,99.869,-0.2300635563302138,-23.86,-0.06
284.024,12,-35.3576617,149.1716952,99.879,-0.28877842375658214,-23.85,-0.06
284.124,12,-35.357683,149.1716951,99.888,-0.31354906527698545,-23.84,-0.05
284.224,12,-35.357704399999996,149.1716951,99.894,-0.34854482015001514,-23.830000000000002,-0.04
284.324,12,-35.357725599999995,149.171695,99.898,-0.37249036948259556,-23.82,-0.03
284.424,12,-35.357746899999995,149.171695,99.9,-0.3685447079372967,-23.82,-0.02
284.524,12,-35.357768199999995,149.171695,99.901,-0.3669267801972235,-23.81,-0.02
284.624,12,-35.3577894,149.171695,99.9,-0.33065538077498813,-23.81,-0.02
284.724,12,-35.3578107,149.1716949,99.899,-0.32246262222641076,-23.8,-0.01
284.824,12,-35.357832,149.1716949,99.898,-0.2420500847563366,-23.8,0.0
284.924,12,-35.357853299999995,149.1716949,99.898,-0.13087198736635816,-23.8,0.0
285.02500000000003,12,-35.357874699999996,149.1716949,99.898,-0.031018150187169146,-23.8,0.0
285.125,12,-35.3578962,149.1716949,99.899,0.06726538381315163,-23.81,0.0
285.225,12,-35.3579177,149.1716949,99.901,0.16242209856610157,-23.82,0.0
285.324,12,-35.3579393,149.1716949,99.903,0.22367624889898083,-23.830000000000002,-0.01
285.424,12,-35.3579609,149.1716949,99.906,0.2658116458681498,-23.84,-0.01
285.524,12,-35.3579826,149.1716949,99.909,0.2709156648080005,-23.86,-0.02
285.624,12,-35.358004199999996,149.1716949,99.911,0.2994118009946755,-23.87,-0.02
285.724,12,-35.3580258,149.1716949,99.912,0.2844492844419841,-23.88,-0.02
285.824,12,-35.3580475,149.1716949,99.914,0.27325084245220443,-23.89,-0.02
285.924,12,-35.3580689,149.17169479999998,99.915,0.2467830323251852,-23.88,-0.02
286.024,12,-35.3580904,149.17169479999998,99.915,0.2533968699171525,-23.88,-0.02
286.124,12,-35.358111699999995,149.17169479999998,99.917,0.247132279107355,-23.88,-0.02
286.224,12,-35.358133099999996,149.17169479999998,99.92,0.19819738879879864,-23.87,-0.02
286.324,12,-35.3581544,149.1716947,99.926,0.16787254950313207,-23.86,-0.02
286.424,12,-35.3581757,149.1716947,99.932,0.458830924182859,-23.85,-0.01
286.524,12,-35.358197,149.1716947,99.93900000000001,1.7957143625174743,-23.84,-0.01
286.624,12,-35.3582183,149.1716947,99.94500000000001,4.415661803126238,-23.85,-0.06
286.724,12,-35.3582396,149.1716945,99.95,7.851360507537603,-23.86,-0.2
286.824,12,-35.3582609,149.1716942,99.952,11.399848687034327,-23.89,-0.41000000000000003
286.924,12,-35.3582823,149.1716936,99.95100000000001,14.69263848966787,-23.93,-0.66
287.024,12,-35.3583037,149.1716927,99.94800000000001,17.859682802134184,-23.97,-0.9400000000000001
287.125,12,-35.3583254,149.1716914,99.944,20.83159885529699,-24.02,-1.26
287.225,12,-35.358346999999995,149.1716898,99.938,23.296460447498266,-24.080000000000002,-1.62
287.325,12,-35.3583688,149.1716878,99.933,25.069726112648024,-24.150000000000002,-2.0100000000000002
287.424,12,-35.3583906,149.1716853,99.929,26.30495899385566,-24.21,-2.43
287.524,12,-35.3584126,149.1716823,99.932,27.230760399999625,-24.27,-2.85
287.624,12,-35.358434599999995,149.1716788,99.93900000000001,28.163140985861602,-24.32,-3.27
287.724,12,-35.3584568,149.1716749,99.95100000000001,29.268917876635403,-24.36,-3.71
287.824,12,-35.3584789,149.1716705,99.964,30.5550424973488,-24.39,-4.16
287.924,12,-35.358500899999996,149.17166559999998,99.979,31.98483331706425,-24.41,-4.64
288.024,12,-35.358522799999996,149.1716601,99.995,33.48460283992107,-24.41,-5.16
288.124,12,-35.358544699999996,149.17165409999998,100.01,34.93964145390347,-24.39,-5.69
288.224,12,-35.358566499999995,149.1716475,100.024,36.370467047278176,-24.36,-6.25
288.324,12,-35.3585883,149.1716403,100.036,37.648521799487206,-24.32,-6.83
288.424,12,-35.35861,149.1716325,100.049,38.707955856742466,-24.26,-7.44
288.524,12,-35.3586317,149.1716239,100.065,39.51530470720549,-24.17,-8.08
288.624,12,-35.3586533,149.1716147,100.087,40.26613715738123,-24.05,-8.74
288.724,12,-35.3586747,149.1716046,100.116,40.88892405118675,-23.91,-9.41
288.824,12,-35.358696,149.1715939,100.15,41.418755485482976,-23.73,-10.1
288.924,12,-35.3587172,149.1715824,100.19,41.86983483864896,-23.53,-10.78
289.024,12,-35.3587381,149.1715701,100.232,42.209233768696066,-23.3,-11.450000000000001
289.125,12,-35.3587589,149.1715571,100.278,42.484688467733505,-23.04,-12.11
289.225,12,-35.3587796,149.1715433,100.32600000000001,42.68943704848298,-22.77,-12.75
289.325,12,-35.358800099999996,149.1715288,100.374,42.74228905228054,-22.490000000000002,-13.370000000000001
289.425,12,-35.3588203,149.1715136,100.421,42.71271433317438,-22.19,-13.96
289.524,12,-35.3588403,149.1714977,100.467,42.643907007475676,-21.88,-14.540000000000001
289.624,12,-35.35886,149.1714812,100.509,42.60102024967716,-21.56,-15.08
289.724,12,-35.3588794,149.17146409999998,100.548,42.551661887640066,-21.21,-15.63
289.824,12,-35.3588984,149.17144639999998,100.58500000000001,42.67121410377739,-20.830000000000002,-16.16
289.924,12,-35.3589172,149.17142809999999,100.619,43.003974089951235,-20.43,-16.69
290.024,12,-35.3589355,149.1714092,100.651,43.42159576146791,-20.0,-17.22
290.124,12,-35.358953199999995,149.17139,100.678,43.842185150178956,-19.56,-17.72
290.224,12,-35.3589706,149.17137019999998,100.7,44.21621313931802,-19.1,-18.21
290.324,12,-35.3589874,149.17135,100.71900000000001,44.48136449799251,-18.6,-18.69
290.424,12,-35.359003799999996,149.1713292,100.735,44.65304471787536,-18.09,-19.17
290.524,13,-35.359019599999996,149.17130799999998,100.751,44.706699268900394,-17.55,-19.64
290.624,13,-35.359035,149.1712863,100.766,44.7342351765393,-16.98,-20.09
290.724,13,-35.359049899999995,149.1712641,100.782,44.6761546629321,-16.39,-20.53
290.824,13,-35.3590642,149.17124139999999,100.797,44.6288009614164,-15.780000000000001,-20.95
290.924,13,-35.359077899999996,149.1712183,100.813,44.5040065750911,-15.16,-21.330000000000002
291.024,13,-35.3590912,149.1711947,100.83,44.30721516472469,-14.530000000000001,-21.69
291.124,13,-35.3591038,149.1711708,100.849,44.089612167957256,-13.91,-22.02
291.225,13,-35.359116,149.1711465,100.868,43.87426996380509,-13.27,-22.330000000000002
291.325,13,-35.3591277,149.1711214,100.887,43.64510004167824,-12.64,-22.62
291.425,13,-35.3591388,149.1710963,100.902,43.38410485311371,-12.040000000000001,-22.87
291.52500000000003,13,-35.3591495,149.1710707,100.912,43.09220647364946,-11.44,-23.1
291.624,13,-35.3591595,149.171045,100.919,42.774708545176004,-10.85,-23.3
291.724,13,-35.359169099999995,149.171019,100.921,42.453600861726194,-10.26,-23.490000000000002
291.824,13,-35.3591781,149.1709928,100.916,42.23128503443145,-9.67,-23.66
291.924,13,-35.3591866,149.1709665,100.904,42.11681789413121,-9.08,-23.81
292.024,13,-35.359194599999995,149.17094,100.889,42.0079002825316,-8.47,-23.95
292.124,13,-35.359201899999995,149.1709136,100.874,41.92841054097099,-7.8500000000000005,-24.07
292.224,13,-35.359208599999995,149.1708871,100.85900000000001,41.94148352304239,-7.2,-24.16
292.324,13,-35.3592148,149.1708606,100.845,41.99724860252096,-6.55,-24.240000000000002
292.424,13,-35.3592203,149.17083409999998,100.831,42.036433397789324,-5.89,-24.3
292.524,13,-35.3592253,149.1708076,100.819,42.0771413252426,-5.23,-24.34
292.624,13,-35.3592296,149.17078089999998,100.806,42.123788102179205,-4.57,-24.36
292.724,13,-35.3592334,149.1707544,100.793,42.11555772422934,-3.91,-24.36
292.824,13,-35.359236599999996,149.17072779999998,100.78,42.04109500189786,-3.25,-24.34
292.924,13,-35.3592392,149.1707012,100.767,41.89278085916562,-2.6,-24.3
293.024,13,-35.3592412,149.17067459999998,100.753,41.69639584505482,-1.95,-24.240000000000002
293.124,13,-35.359242699999996,149.1706482,100.741,41.47146405530797,-1.3,-24.16
293.224,13,-35.3592435,149.1706218,100.73100000000001,41.279699664170685,-0.64,-24.05
293.325,13,-35.3592438,149.1705955,100.72200000000001,41.11265714273427,0.0,-23.93
293.425,13,-35.3592436,149.1705691,100.712,40.649030732062975,0.62,-23.79
293.52500000000003,13,-35.359242699999996,149.1705429,100.69800000000001,39.31170018314199,1.23,-23.650000000000002
293.625,13,-35.3592414,149.1705168,100.683,36.9487689190194,1.78,-23.490000000000002
293.724,13,-35.3592395,149.17049079999998,100.669,33.91761292763778,2.2600000000000002,-23.330000000000002
293.824,13,-35.3592373,149.170465,100.659,30.799272986595533,2.63,-23.17
293.924,13,-35.359234799999996,149.1704392,100.652,27.82954771660901,2.92,-23.01
294.024,13,-35.359232,149.1704138,100.643,24.76927633634292,3.16,-22.86
294.124,13,-35.3592291,149.1703884,100.626,21.689363039571163,3.33,-22.73
294.224,13,-35.359226,149.1703632,100.599,18.916249887485336,3.46,-22.61
294.324,13,-35.3592229,149.1703384,100.56,16.760932468469036,3.5500000000000003,-22.490000000000002
294.424,13,-35.3592197,149.17031369999998,100.507,15.2265919431282,3.64,-22.39
294.524,13,-35.359216499999995,149.17028919999998,100.443,14.21081645504766,3.74,-22.29
294.624,13,-35.3592131,149.17026479999998,100.37,13.515791773032795,3.86,-22.19
294.724,13,-35.3592097,149.1702405,100.289,12.910765932390248,3.99,-22.1
294.824,13,-35.3592061,149.1702164,100.20700000000001,12.253268017222727,4.13,-22.02
294.924,13,-35.3592024,149.1701923,100.129,11.432458571452907,4.2700000000000005,-21.94
295.024,13,-35.3591986,149.1701683,100.06,10.385376911311612,4.41,-21.87
295.124,13,-35.359194699999996,149.1701444,100.003,9.141345892679354,4.5200000000000005,-21.81
295.224,13,-35.3591906,149.1701205,99.959,7.7245349937078664,4.61,-21.76
295.324,13,-35.3591865,149.1700967,99.927,6.172367674633299,4.67,-21.72
295.425,13,-35.3591823,149.1700727,99.9,4.559830447919104,4.7,-21.7
295.52500000000003,13,-35.3591781,149.1700486,99.874,2.994809566600219,4.71,-21.7
295.625,13,-35.3591739,149.1700246,99.84700000000001,1.521251961900386,4.71,-21.71
295.724,13,-35.3591696,149.1700004,99.81400000000001,0.22135822676898131,4.7,-21.73
295.824,13,-35.359165399999995,149.1699763,99.776,-0.8809455261520798,4.68,-21.76
295.924,13,-35.359161199999996,149.169952,99.733,-1.7996871847368945,4.65,-21.81
296.024,13,-35.359156999999996,149.1699277,99.688,-2.5405558830174733,4.62,-21.85
296.124,13,-35.3591529,149.16990339999998,99.642,-3.0728120344690573,4.59,-21.91
296.224,13,-35.3591488,149.16987899999998,99.60000000000001,-3.4773888984446537,4.5600000000000005,-21.96
296.324,13,-35.3591447,149.1698547,99.563,-3.808075922205406,4.51,-22.01
296.424,13,-35.3591407,149.1698305,99.534,-4.107718455527981,4.46,-22.06
296.524,13,-35.3591367,149.1698063,99.512,-4.366927122737727,4.4,-22.1
296.624,13,-35.3591328,149.169782,99.499,-4.611087175658642,4.34,-22.14
296.724,13,-35.359128999999996,149.1697577,99.49000000000001,-4.790169613054498,4.28,-22.18
296.824,13,-35.3591252,149.16973339999998,99.48400000000001,-4.8613457337347326,4.22,-22.22
296.924,13,-35.3591214,149.1697091,99.482,-4.870546425433562,4.17,-22.25
297.024,13,-35.3591177,149.1696847,99.48100000000001,-4.853151641164833,4.12,-22.29
297.124,13,-35.3591141,149.1696603,99.479,-4.802270573829646,4.08,-22.32
297.224,13,-35.3591104,149.16963579999998,99.473,-4.769040849743887,4.03,-22.35
297.324,13,-35.3591069,149.16961129999999,99.46300000000001,-4.749632867217296,3.98,-22.39
297.424,13,-35.3591033,149.1695867,99.45100000000001,-4.740509015146628,3.93,-22.43
297.52500000000003,13,-35.359099799999996,149.1695619,99.436,-4.682491680789248,3.88,-22.47
297.625,13,-35.3590963,149.16953719999998,99.423,-4.60294473639434,3.84,-22.51
297.725,13,-35.3590929,149.16951229999998,99.41,-4.4848097845098,3.8000000000000003,-22.55
297.824,13,-35.359089399999995,149.1694873,99.399,-4.374113335518227,3.75,-22.6
297.924,13,-35.359086,149.1694621,99.392,-4.282797548296564,3.71,-22.650000000000002
298.024,13,-35.3590827,149.1694369,99.387,-4.177158000611739,3.66,-22.69
298.124,13,-35.3590794,149.1694116,99.383,-3.9856629750598533,3.62,-22.740000000000002
298.224,13,-35.359076099999996,149.16938639999998,99.382,-3.8011586481234754,3.58,-22.77
298.324,13,-35.3590729,149.1693612,99.383,-3.5880409512066223,3.54,-22.8
298.424,13,-35.3590697,149.16933609999998,99.389,-3.344872129489005,3.5100000000000002,-22.830000000000002
298.524,13,-35.3590665,149.1693111,99.398,-3.1425388743847784,3.47,-22.85
298.624,13,-35.3590634,149.169286,99.409,-2.9241627855806613,3.44,-22.86
298.724,13,-35.359060299999996,149.169261,99.418,-2.6794364672888697,3.41,-22.87
298.824,13,-35.359057299999996,149.1692359,99.427,-2.483554112412309,3.39,-22.88
298.924,13,-35.359054199999996,149.1692109,99.436,-2.6170362859184566,3.39,-22.88
299.024,13,-35.359051099999995,149.16918579999998,99.446,-3.74159470280591,3.37,-22.88
299.124,13,-35.359048099999995,149.1691608,99.455,-6.134346145957954,3.31,-22.900000000000002
299.224,13,-35.3590452,149.1691357,99.464,-9.36418081435102,3.17,-22.94
299.324,13,-35.3590424,149.1691105,99.47200000000001,-12.71006850759224,2.97,-23.01
299.424,13,-35.3590398,149.16908519999998,99.476,-15.89472958547531,2.74,-23.1
299.52500000000003,13,-35.3590375,149.16905979999999,99.47800000000001,-18.98792930773003,2.47,-23.2
299.625,13,-35.359035399999996,149.1690341,99.476,-21.92160483927723,2.16,-23.32
299.725,13,-35.3590336,149.16900809999999,99.473,-24.494653212836923,1.81,-23.46
299.825,13,-35.3590321,149.1689821,99.47,-26.592448486210667,1.44,-23.61
299.924,13,-35.359031,149.1689557,99.46600000000001,-28.280037965959078,1.04,-23.76
300.024,13,-35.3590302,149.16892919999998,99.465,-29.682731717689794,0.59,-23.92
300.124,13,-35.359029899999996,149.1689025,99.474,-30.98782377372832,0.11,-24.07
300.224,13,-35.3590301,149.1688757,99.493,-32.37254559020544,-0.39,-24.21
300.324,13,-35.3590307,149.16884869999998,99.523,-33.83738552564681,-0.92,-24.34
300.424,13,-35.3590318,149.1688216,99.558,-35.32840216108225,-1.46,-24.46
300.524,13,-35.3590333,149.16879459999998,99.59400000000001,-36.835456080688886,-2.02,-24.55
300.624,13,-35.359035399999996,149.1687676,99.629,-38.16442647806578,-2.6,-24.64
300.724,13,-35.359038,149.1687406,99.662,-39.29841205011173,-3.21,-24.7
300.824,13,-35.3590412,149.1687135,99.693,-40.22676794700528,-3.85,-24.75
300.924,13,-35.359045,149.1686865,99.726,-40.96482452833852,-4.51,-24.76
301.024,13,-35.359049399999996,149.1686595,99.758,-41.53655917319277,-5.19,-24.77
301.124,13,-35.3590544,149.1686325,99.794,-42.03303537867725,-5.89,-24.73
301.224,13,-35.35906,149.16860549999998,99.834,-42.43882033236229,-6.61,-24.67
301.324,13,-35.359066299999995,149.1685786,99.879,-42.79111124446779,-7.33,-24.59
301.424,13,-35.3590732,149.1685518,99.93,-43.060890056304956,-8.040000000000001,-24.47
301.524,13,-35.3590808,149.1685252,99.986,-43.21044387837155,-8.76,-24.32
301.625,13,-35.359089,149.1684987,100.046,-43.305134205930024,-9.47,-24.14
301.725,13,-35.359097999999996,149.16847199999998,100.10900000000001,-43.34189086894845,-10.16,-23.94
301.825,13,-35.3591075,149.1684457,100.17,-43.30905131941903,-10.82,-23.72
301.925,13,-35.3591177,149.1684196,100.23,-43.22205519996057,-11.450000000000001,-23.5
302.024,13,-35.359128399999996,149.1683938,100.285,-43.11842415477856,-12.05,-23.25
302.124,13,-35.3591396,149.16836809999998,100.334,-42.97360365380678,-12.64,-22.990000000000002
302.224,13,-35.3591513,149.1683429,100.377,-42.800748641386676,-13.19,-22.72
302.324,13,-35.359163599999995,149.1683179,100.414,-42.76370169532853,-13.73,-22.43
302.424,13,-35.3591763,149.1682933,100.44500000000001,-42.878397646965965,-14.27,-22.12
302.524,13,-35.3591893,149.1682692,100.47,-43.17622463062979,-14.8,-21.76
302.624,13,-35.3592028,149.1682456,100.49000000000001,-43.59495962298118,-15.34,-21.39
302.724,13,-35.3592168,149.16822249999998,100.503,-44.02381012549335,-15.88,-21.0
302.824,13,-35.359231199999996,149.1681998,100.512,-44.380366490735526,-16.43,-20.580000000000002
302.924,14,-35.3592461,149.1681777,100.52,-44.61520888496808,-16.990000000000002,-20.12
303.024,14,-35.359261499999995,149.1681561,100.528,-44.70475608008153,-17.55,-19.63
303.124,14,-35.359277399999996,149.1681351,100.537,-44.75633425359888,-18.09,-19.13
303.224,14,-35.359293799999996,149.1681145,100.547,-44.74469561125318,-18.61,-18.6
303.324,14,-35.3593106,149.1680946,100.561,-44.73301940286704,-19.12,-18.05
303.424,14,-35.3593279,149.1680753,100.57600000000001,-44.67389728541141,-19.61,-17.48
303.524,14,-35.3593456,149.1680566,100.596,-44.553651805073336,-20.07,-16.9
303.624,14,-35.3593638,149.1680385,100.619,-44.4127381723068,-20.5,-16.3
303.725,14,-35.3593823,149.16802099999998,100.643,-44.205052610214224,-20.900000000000002,-15.71
303.825,14,-35.3594013,149.1680041,100.664,-43.941625874305174,-21.27,-15.13
303.925,14,-35.3594206,149.1679877,100.68,-43.647114947483395,-21.61,-14.56
304.02500000000003,14,-35.3594402,149.167972,100.69200000000001,-43.27821984550559,-21.91,-13.99
304.124,14,-35.3594602,149.16795679999998,100.697,-42.86436160822159,-22.2,-13.44
304.224,14,-35.359480399999995,149.1679423,100.699,-42.449291012359915,-22.47,-12.870000000000001
304.324,14,-35.3595009,149.1679283,100.697,-42.08621181646038,-22.72,-12.3
304.424,14,-35.3595216,149.167915,100.69,-41.81316134401078,-22.95,-11.72
304.524,14,-35.359542399999995,149.16790229999998,100.68,-41.67475097557506,-23.150000000000002,-11.14
304.624,14,-35.3595635,149.16789029999998,100.665,-41.625334556930014,-23.34,-10.55
304.724,14,-35.359584399999996,149.1678791,100.649,-41.58211653495676,-23.51,-9.950000000000001
304.824,14,-35.3596056,149.1678685,100.631,-41.56509911863967,-23.66,-9.34
304.924,14,-35.3596267,149.1678586,100.613,-41.59970768716413,-23.8,-8.71
305.024,14,-35.359648,149.1678494,100.59400000000001,-41.67884567398248,-23.92,-8.09
305.124,14,-35.3596693,149.16784099999998,100.574,-41.76267941585522,-24.02,-7.45
305.224,14,-35.359690799999996,149.1678332,100.554,-41.825083439207035,-24.12,-6.8
305.324,14,-35.3597123,149.16782609999998,100.535,-41.86025549833802,-24.2,-6.140000000000001
305.424,14,-35.3597339,149.1678198,100.515,-41.85024244101478,-24.25,-5.47
305.524,14,-35.3597555,149.16781419999998,100.495,-41.77476885068614,-24.29,-4.8100000000000005
305.624,14,-35.359777199999996,149.1678093,100.47500000000001,-41.631119727157014,-24.310000000000002,-4.14
305.724,14,-35.3597988,149.16780509999998,100.45700000000001,-41.49960101959383,-24.310000000000002,-3.49
305.825,14,-35.3598205,149.1678016,100.441,-40.98618936006231,-24.29,-2.82
305.925,14,-35.3598426,149.16779889999998,100.425,-39.68027085113422,-24.25,-2.15
306.02500000000003,14,-35.3598644,149.16779689999998,100.414,-37.54675881104318,-24.19,-1.54
306.125,14,-35.3598863,149.16779549999998,100.411,-34.92253524512717,-24.1,-1.0
306.224,14,-35.359908,149.16779459999998,100.416,-32.13853306395705,-24.0,-0.55
306.324,14,-35.359929699999995,149.1677942,100.426,-29.222486250657653,-23.89,-0.19
306.424,14,-35.3599513,149.16779409999998,100.432,-25.90326190838887,-23.78,0.09
306.524,14,-35.3599728,149.1677942,100.429,-22.309996716240835,-23.67,0.29
306.624,14,-35.3599941,149.16779449999999,100.414,-18.90602850939241,-23.56,0.42
306.724,14,-35.3600152,149.16779499999998,100.388,-16.132442366706556,-23.46,0.5
306.824,14,-35.360036199999996,149.16779549999998,100.346,-14.119065670153232,-23.37,0.5700000000000001
306.924,14,-35.360057,149.1677961,100.286,-12.775880795339898,-23.28,0.65
307.024,14,-35.3600778,149.1677967,100.212,-11.897186350127866,-23.2,0.75
307.124,14,-35.3600985,149.1677975,100.129,-11.293366037873827,-23.13,0.86
307.224,14,-35.3601191,149.16779839999998,100.044,-10.762674853515824,-23.07,0.99
307.324,14,-35.3601396,149.1677995,99.96600000000001,-10.1322364402926,-23.01,1.11
307.424,14,-35.360160199999996,149.1678007,99.896,-9.341247600439054,-22.96,1.24
307.524,14,-35.3601806,149.167802,99.84,-8.36426673307054,-22.91,1.35
307.624,14,-35.3602011,149.1678034,99.797,-7.202283361843059,-22.88,1.44
307.724,14,-35.3602215,149.1678049,99.767,-5.888145574022498,-22.84,1.51
307.824,14,-35.360242,149.16780649999998,99.745,-4.487644313015355,-22.82,1.54
307.925,14,-35.3602626,149.1678081,99.727,-3.063190859249448,-22.81,1.55
308.02500000000003,14,-35.360282999999995,149.1678097,99.71000000000001,-1.7270789654867797,-22.8,1.55
308.125,14,-35.360303699999996,149.16781129999998,99.686,-0.5362119515589318,-22.81,1.53
308.224,14,-35.360324299999995,149.1678129,99.657,0.497509431678995,-22.82,1.51
308.324,14,-35.360345099999996,149.1678145,99.62,1.3648348669349817,-22.85,1.47
308.424,14,-35.3603659,149.16781609999998,99.578,2.016719647265223,-22.88,1.44
308.524,14,-35.3603868,149.1678176,99.533,2.582594203255021,-22.92,1.41
308.624,14,-35.360407599999995,149.1678191,99.489,2.9917998010537707,-22.96,1.37
308.724,14,-35.3604285,149.1678205,99.449,3.3290117899060006,-23.0,1.32
308.824,14,-35.3604494,149.1678219,99.416,3.633136848314808,-23.05,1.27
308.924,14,-35.3604702,149.1678232,99.395,3.8815533897491106,-23.080000000000002,1.22
309.024,14,-35.360490999999996,149.1678245,99.384,4.08394854344269,-23.11,1.16
309.124,14,-35.3605118,149.16782569999998,99.384,4.235355908095301,-23.13,1.1
309.224,14,-35.3605325,149.1678268,99.39,4.306555507550807,-23.150000000000002,1.04
309.324,14,-35.3605533,149.1678279,99.399,4.277475550272655,-23.17,0.99
309.424,14,-35.3605741,149.1678289,99.408,4.276579514830914,-23.19,0.93
309.524,14,-35.3605948,149.1678299,99.413,4.306000554680744,-23.21,0.88
309.624,14,-35.360615599999996,149.1678308,99.415,4.316433668637938,-23.240000000000002,0.8300000000000001
309.724,14,-35.3606365,149.1678317,99.412,4.279677859393161,-23.26,0.77
309.824,14,-35.3606573,149.1678325,99.404,4.231739749816603,-23.28,0.73
309.924,14,-35.360678199999995,149.16783329999998,99.392,4.157298371826281,-23.31,0.68
310.02500000000003,14,-35.3606993,149.167834,99.38,4.031399629289551,-23.330000000000002,0.63
310.125,14,-35.3607205,149.1678346,99.369,3.845811436709257,-23.36,0.59
310.225,14,-35.3607416,149.1678353,99.361,3.6584542251339296,-23.400000000000002,0.54
310.324,14,-35.360763,149.1678359,99.357,3.4714827058032967,-23.43,0.5
310.424,14,-35.3607842,149.1678364,99.35900000000001,3.2940211576748486,-23.47,0.46
310.524,14,-35.3608056,149.167837,99.368,3.1874554790272516,-23.5,0.42
310.624,14,-35.360827,149.1678374,99.38,3.100261284082869,-23.53,0.37
310.724,14,-35.3608484,149.1678379,99.396,3.0214938350269893,-23.56,0.33
310.824,14,-35.360869799999996,149.1678382,99.412,2.9176363263853027,-23.59,0.29
310.924,14,-35.360890999999995,149.16783859999998,99.427,2.733159106762194,-23.6,0.26
311.024,14,-35.360912299999995,149.1678389,99.43900000000001,2.52345970608152,-23.62,0.24
311.124,14,-35.3609334,149.1678392,99.44800000000001,2.296086337149792,-23.63,0.21
311.224,14,-35.3609546,149.1678394,99.455,2.109977129201873,-23.64,0.18
311.324,14,-35.3609757,149.1678397,99.462,1.9456867471141484,-23.64,0.16
311.424,14,-35.360996899999996,149.1678399,99.467,1.7597546971978264,-23.650000000000002,0.14
311.524,14,-35.361018,149.1678401,99.473,1.5409571643775786,-23.650000000000002,0.13
311.624,14,-35.3610392,149.1678403,99.48100000000001,1.3989024631328302,-23.650000000000002,0.12
311.724,14,-35.3610603,149.16784049999998,99.489,1.2850575103772923,-23.650000000000002,0.1
311.824,14,-35.3610815,149.1678406,99.497,1.2414253014638987,-23.650000000000002,0.09
311.924,14,-35.361102599999995,149.1678408,99.509,1.2106088753109765,-23.66,0.08
312.02500000000003,14,-35.3611238,149.1678409,99.521,1.2102913782362765,-23.66,0.07
312.125,14,-35.3611454,149.16784099999998,99.532,1.19097485621154,-23.67,0.05
312.225,14,-35.3611668,149.1678412,99.541,1.178264087609558,-23.69,0.04
312.325,14,-35.361188299999995,149.1678413,99.548,1.1626923235189868,-23.71,0.03
312.424,14,-35.3612098,149.1678413,99.554,1.0564106313304744,-23.72,0.01
312.524,14,-35.3612313,149.1678414,99.559,0.9253525346494466,-23.740000000000002,0.0
312.624,14,-35.361252799999995,149.1678414,99.565,0.8486939064998085,-23.75,0.0
312.724,14,-35.3612744,149.16784149999998,99.571,0.78114200158706,-23.77,-0.01
312.824,14,-35.361295999999996,149.16784149999998,99.577,0.7074149119735326,-23.78,-0.02
312.924,14,-35.361317299999996,149.1678416,99.583,0.6357533142536993,-23.79,-0.02
313.024,14,-35.3613387,149.1678416,99.589,0.540138349836337,-23.79,-0.02
313.124,14,-35.36136,149.1678416,99.598,0.4590206220148855,-23.79,-0.02
313.224,14,-35.3613812,149.1678416,99.607,0.3845552049603355,-23.79,-0.02
313.324,14,-35.3614025,149.1678416,99.618,0.34435145752559754,-23.78,-0.02
313.424,14,-35.361423699999996,149.1678416,99.632,0.3342489940933404,-23.78,-0.03
313.524,14,-35.361444899999995,149.1678417,99.649,0.3698252883653948,-23.77,-0.03
313.624,14,-35.3614661,149.1678417,99.665,0.399253772054203,-23.76,-0.04
313.724,14,-35.3614873,149.1678417,99.679,0.4088438378965769,-23.75,-0.04
313.824,14,-35.3615086,149.1678417,99.691,0.3829749766628296,-23.75,-0.05
313.924,14,-35.3615298,149.1678417,99.699,0.35330252715460503,-23.75,-0.05
314.024,14,-35.361551,149.1678417,99.70400000000001,0.30312552959288486,-23.740000000000002,-0.05
314.125,14,-35.3615723,149.1678417,99.70700000000001,0.27168832995785824,-23.75,-0.05
314.225,14,-35.3615937,149.1678417,99.706,0.26808084281775435,-23.75,-0.05
314.325,14,-35.361615199999996,149.1678417,99.705,0.30735379021509296,-23.77,-0.05
314.425,14,-35.3616367,149.1678416,99.705,0.3158027875792516,-23.78,-0.05
314.524,14,-35.361658299999995,149.1678416,99.708,0.2959002033072163,-23.8,-0.05
314.624,14,-35.3616798,149.1678416,99.71600000000001,0.257916720919982,-23.81,-0.05
314.724,14,-35.361701499999995,149.1678416,99.727,0.1791757121667098,-23.830000000000002,-0.04
314.824,14,-35.361723,149.16784149999998,99.741,0.15465285176670462,-23.830000000000002,-0.03
314.924,14,-35.361744699999996,149.16784149999998,99.756,0.14808329034242337,-23.84,-0.04
315.024,14,-35.3617663,149.16784149999998,99.771,0.13394813381380266,-23.85,-0.04
315.124,14,-35.3617877,149.16784149999998,99.785,0.1636693818219958,-23.85,-0.04
315.224,14,-35.361809099999995,149.16784149999998,99.796,0.16444750311906156,-23.85,-0.05
315.324,14,-35.361830399999995,149.1678414,99.805,0.15497449764771667,-23.84,-0.05
315.424,14,-35.361851699999995,149.1678414,99.81400000000001,0.15767957272415908,-23.84,-0.05
315.524,14,-35.361872999999996,149.1678413,99.82300000000001,0.12728188252408343,-23.830000000000002,-0.05
315.624,14,-35.361894299999996,149.1678413,99.83,0.10840051825467077,-23.830000000000002,-0.06
315.724,14,-35.361915499999995,149.1678412,99.834,0.12342536028353854,-23.82,-0.06
315.824,14,-35.361936799999995,149.1678412,99.836,0.11199677293524116,-23.82,-0.06
315.924,14,-35.361958,149.1678411,99.837,0.09604451928313258,-23.82,-0.05
316.024,14,-35.3619793,149.16784099999998,99.83800000000001,0.10773609559490191,-23.82,-0.05
316.124,14,-35.3620006,149.16784099999998,99.84100000000001,0.08884166458663763,-23.81,-0.06
316.225,14,-35.362021899999995,149.1678409,99.842,0.06676470560058458,-23.81,-0.06
316.325,14,-35.3620435,149.1678409,99.84400000000001,0.03696705485621183,-23.82,-0.05
316.425,14,-35.362065,149.1678408,99.845,0.08092600894712175,-23.830000000000002,-0.05
316.52500000000003,14,-35.3620866,149.1678407,99.846,0.14721663005019867,-23.84,-0.06
316.624,14,-35.3621082,149.1678407,99.849,0.18478608557985382,-23.85,-0.06
316.724,14,-35.3621298,149.1678406,99.852,0.2387836535074838,-23.87,-0.06
316.824,14,-35.3621514,149.1678406,99.85900000000001,0.2423953294745396,-23.88,-0.06
316.92400000000004,14,-35.3621731,149.16784049999998,99.869,0.19484197832775055,-23.89,-0.06
317.024,14,-35.362194699999996,149.1678404,99.879,0.13068263637987543,-23.900000000000002,-0.06
317.124,14,-35.3622161,149.1678403,99.889,0.07975366433900592,-23.900000000000002,-0.07
317.224,14,-35.3622376,149.1678403,99.898,0.014053786230542327,-23.900000000000002,-0.07
317.324,14,-35.3622589,149.1678402,99.905,-0.037066129284763376,-23.900000000000002,-0.07
317.42400000000004,14,-35.3622803,149.1678401,99.912,-0.06458299376929441,-23.89,-0.07
317.524,14,-35.3623015,149.16783999999998,99.918,-0.06301393790036248,-23.88,-0.08
317.624,14,-35.3623228,149.1678399,99.923,-0.09746466502196632,-23.87,-0.08
317.724,14,-35.3623441,149.1678398,99.927,-0.08573488900963386,-23.86,-0.08
317.824,14,-35.3623654,149.1678397,99.931,0.2833299871917483,-23.85,-0.07
317.92400000000004,14,-35.3623867,149.16783959999998,99.935,1.612621643583468,-23.84,-0.07
318.024,14,-35.362407999999995,149.16783949999999,99.937,4.177158000611739,-23.85,-0.11
318.124,14,-35.362429299999995,149.1678393,99.938,7.519599436529865,-23.86,-0.24
318.224,14,-35.362450599999995,149.167839,99.938,10.97543097729349,-23.89,-0.43
318.325,14,-35.362472,149.1678383,99.935,14.230617173451526,-23.92,-0.67
318.425,14,-35.3624936,149.1678374,99.929,17.403118807064683,-23.97,-0.93
318.52500000000003,14,-35.3625152,149.1678361,99.922,20.394922663543273,-24.03,-1.25
318.624,14,-35.362536899999995,149.1678345,99.916,23.015333276355125,-24.09,-1.61
318.724,14,-35.362558799999995,149.16783239999998,99.911,25.120088512493112,-24.16,-2.0100000000000002
318.824,14,-35.362580699999995,149.1678299,99.907,26.780572386520326,-24.23,-2.43
318.92400000000004,14,-35.3626027,149.1678269,99.906,28.122998256562145,-24.29,-2.86
319.024,14,-35.3626248,149.1678234,99.91,29.296805539016564,-24.35,-3.31
319.124,14,-35.3626469,149.16781939999998,99.92,30.418612883772383,-24.39,-3.79
319.224,14,-35.362669,149.1678148,99.935,31.513608320941316,-24.42,-4.29
319.324,14,-35.3626909,149.1678097,99.956,32.68195315960702,-24.43,-4.8
319.42400000000004,14,-35.3627128,149.16780409999998,99.979,33.90307486998941,-24.42,-5.32
319.524,14,-35.3627347,149.16779789999998,100.002,35.05369536775893,-24.400000000000002,-5.84
319.624,14,-35.362756499999996,149.16779119999998,100.025,36.160991975623055,-24.37,-6.390000000000001
319.724,14,-35.3627782,149.1677838,100.049,37.16738619887858,-24.310000000000002,-6.96
319.824,14,-35.3627998,149.1677758,100.072,38.08717362345835,-24.240000000000002,-7.54
319.92400000000004,14,-35.3628214,149.1677671,100.09400000000001,38.957291912393785,-24.14,-8.14
320.024,14,-35.3628429,149.1677578,100.114,39.71473940078069,-24.03,-8.74
320.124,14,-35.3628643,149.1677478,100.134,40.38183031663749,-23.900000000000002,-9.36
320.224,14,-35.3628856,149.16773709999998,100.154,40.987405133734576,-23.75,-10.0
320.324,14,-35.362906699999996,149.1677257,100.176,41.550390306262045,-23.56,-10.65
320.425,14,-35.3629278,149.1677135,100.202,42.1336748010028,-23.34,-11.33
320.52500000000003,14,-35.3629487,149.1677004,100.23400000000001,42.81172817047747,-23.09,-12.01
320.625,14,-35.3629694,149.1676867,100.269,43.44735581992261,-22.830000000000002,-12.69
320.724,14,-35.362989899999995,149.1676721,100.306,43.98310219804007,-22.54,-13.370000000000001
320.824,14,-35.3630101,149.1676568,100.342,44.37043881077691,-22.21,-14.05
320.92400000000004,14,-35.363030099999996,149.1676407,100.38,44.6468190004469,-21.87,-14.72
321.024,14,-35.3630497,149.167624,100.418,44.7739595567521,-21.5,-15.370000000000001
321.124,14,-35.3630689,149.16760639999998,100.45700000000001,44.75900827265894,-21.1,-16.0
321.224,14,-35.363087799999995,149.1675883,100.496,44.61564260198037,-20.67,-16.61
321.324,14,-35.363106099999996,149.1675696,100.538,44.365466433061144,-20.21,-17.19
321.42400000000004,14,-35.363124,149.16755039999998,100.584,44.10545137664251,-19.73,-17.740000000000002
321.524,14,-35.363141299999995,149.1675306,100.632,43.813252468854785,-19.22,-18.26
321.624,14,-35.3631582,149.1675103,100.683,43.53402750539549,-18.71,-18.740000000000002
321.724,15,-35.3631746,149.1674895,100.733,43.23740605012018,-18.18,-19.18
321.824,15,-35.3631905,149.1674683,100.782,42.97542389922059,-17.68,-19.580000000000002
321.92400000000004,15,-35.363206,149.1674467,100.825,42.727931994645175,-17.17,-19.95
322.024,15,-35.363220999999996,149.1674247,100.86,42.534825471335985,-16.67,-20.28
322.124,15,-35.363235599999996,149.1674023,100.886,42.42219565192248,-16.17,-20.6
322.224,15,-35.3632498,149.1673796,100.904,42.328188343281006,-15.67,-20.900000000000002
322.324,15,-35.363263499999995,149.16735649999998,100.912,42.29708707689535,-15.16,-21.19
322.42400000000004,15,-35.3632768,149.1673332,100.911,42.3601911946371,-14.64,-21.48
322.52500000000003,15,-35.363289699999996,149.1673093,100.9,42.49471860052967,-14.09,-21.77
322.625,15,-35.363302,149.16728519999998,100.885,42.74976469432712,-13.52,-22.06
322.725,15,-35.3633139,149.1672606,100.864,43.0714017174376,-12.93,-22.35
322.824,15,-35.3633253,149.1672358,100.84100000000001,43.38561774001487,-12.32,-22.63
322.92400000000004,15,-35.3633362,149.1672104,100.816,43.671153798267255,-11.68,-22.92
323.024,15,-35.3633464,149.1671848,100.792,43.897854607009144,-11.0,-23.2
323.124,15,-35.3633561,149.16715879999998,100.773,44.07357829888065,-10.290000000000001,-23.47
323.224,15,-35.363365,149.1671327,100.756,44.12332598170044,-9.57,-23.71
323.324,15,-35.3633733,149.1671064,100.746,44.03338605070971,-8.84,-23.92
323.42400000000004,15,-35.363380899999996,149.16708,100.742,43.81666073325062,-8.1,-24.09
323.524,15,-35.3633878,149.16705349999998,100.745,43.49520812524772,-7.37,-24.23
323.624,15,-35.363394,149.1670268,100.752,43.11032696551751,-6.65,-24.34
323.724,15,-35.3633996,149.1670002,100.763,42.73234771194358,-5.95,-24.41
323.824,15,-35.363404599999996,149.1669734,100.774,42.296783133477284,-5.28,-24.45
323.92400000000004,15,-35.363409,149.16694669999998,100.786,41.78055402091314,-4.64,-24.45
324.024,15,-35.3634128,149.16691989999998,100.797,41.23722271772238,-4.0200000000000005,-24.44
324.124,15,-35.363416099999995,149.1668932,100.805,40.666693601256625,-3.44,-24.41
324.224,15,-35.363419,149.1668664,100.806,39.86511967573686,-2.88,-24.36
324.324,15,-35.3634213,149.1668398,100.798,38.44777004559459,-2.34,-24.29
324.42400000000004,15,-35.3634231,149.1668132,100.784,36.33179110110298,-1.84,-24.21
324.52500000000003,15,-35.3634246,149.1667867,100.767,33.92575451312843,-1.4000000000000001,-24.11
324.625,15,-35.3634257,149.1667601,100.749,31.58263079759888,-1.01,-24.0
324.725,15,-35.3634264,149.1667335,100.72500000000001,29.466580136120985,-0.67,-23.900000000000002
324.825,15,-35.3634269,149.1667072,100.697,27.281669214978315,-0.37,-23.79
324.92400000000004,15,-35.363427099999996,149.1666807,100.657,24.982391898825657,-0.11,-23.68
325.024,15,-35.3634272,149.1666545,100.60900000000001,22.79951808160294,0.11,-23.580000000000002
325.124,15,-35.363427,149.16662829999999,100.553,20.932955447485394,0.3,-23.490000000000002
325.224,15,-35.3634267,149.1666022,100.49000000000001,19.383957336185713,0.5,-23.41
325.324,15,-35.3634261,149.16657619999998,100.419,18.019970266481458,0.6900000000000001,-23.330000000000002
325.42400000000004,15,-35.3634255,149.1665504,100.346,16.764733468742147,0.87,-23.25
325.524,15,-35.3634246,149.1665248,100.273,15.456069223767704,1.06,-23.18
325.624,15,-35.3634237,149.1664993,100.20400000000001,14.05255755688388,1.24,-23.11
325.724,15,-35.3634226,149.166474,100.144,12.535084183698391,1.3900000000000001,-23.04
325.824,15,-35.3634213,149.16644879999998,100.09400000000001,10.892897532683994,1.52,-22.98
325.92400000000004,15,-35.36342,149.1664237,100.053,9.144338369309464,1.62,-22.92
326.024,15,-35.3634185,149.16639859999998,100.018,7.303912307824618,1.69,-22.89
326.124,15,-35.363417,149.1663736,99.983,5.484285026136106,1.73,-22.85
326.224,15,-35.363415499999995,149.1663485,99.947,3.7254028856047485,1.74,-22.830000000000002
326.324,15,-35.363414,149.1663235,99.911,2.1200328752074244,1.74,-22.82
326.42400000000004,15,-35.363412499999995,149.16629849999998,99.872,0.7003318990825236,1.72,-22.82
326.524,15,-35.363411,149.1662735,99.82900000000001,-0.5071049936892166,1.7,-22.830000000000002
326.625,15,-35.363409499999996,149.1662484,99.786,-1.49438189098385,1.67,-22.84
326.725,15,-35.3634081,149.16622289999998,99.741,-2.2960910329048465,1.6300000000000001,-22.87
326.825,15,-35.3634066,149.1661976,99.7,-2.9240763409989787,1.58,-22.91
326.925,15,-35.3634053,149.16617209999998,99.662,-3.420181581834154,1.54,-22.95
327.024,15,-35.3634039,149.1661466,99.63,-3.798082501676031,1.49,-22.990000000000002
327.124,15,-35.3634026,149.16612089999998,99.60300000000001,-4.0952465301035375,1.43,-23.04
327.224,15,-35.3634013,149.1660953,99.58200000000001,-4.336186148830792,1.3800000000000001,-23.080000000000002
327.324,15,-35.3634001,149.1660696,99.565,-4.5153821381216,1.32,-23.13
327.42400000000004,15,-35.363399,149.1660439,99.551,-4.70331052426627,1.26,-23.17
327.524,15,-35.363397899999995,149.1660183,99.537,-4.83365742749997,1.2,-23.2
327.624,15,-35.3633968,149.1659927,99.524,-4.958811252530345,1.1400000000000001,-23.240000000000002
327.724,15,-35.3633958,149.16596719999998,99.509,-5.007402925833108,1.08,-23.27
327.824,15,-35.363394899999996,149.1659417,99.494,-5.015371195273574,1.02,-23.3
327.92400000000004,15,-35.363394,149.1659162,99.48,-5.02774920559693,0.96,-23.330000000000002
328.024,15,-35.363393099999996,149.16589059999998,99.468,-4.995736962730726,0.91,-23.36
328.124,15,-35.3633923,149.1658651,99.459,-5.0070631239219,0.85,-23.38
328.224,15,-35.3633916,149.16583939999998,99.452,-5.004790378475578,0.79,-23.41
328.324,15,-35.3633909,149.1658138,99.446,-4.934043705939409,0.73,-23.43
328.42400000000004,15,-35.3633902,149.1657881,99.44,-4.819551379316601,0.67,-23.45
328.524,15,-35.3633896,149.1657624,99.436,-4.68225433171559,0.62,-23.47
328.624,15,-35.3633891,149.1657367,99.436,-4.530591261855926,0.56,-23.490000000000002
328.725,15,-35.3633886,149.1657109,99.438,-4.353931834068131,0.51,-23.51
328.825,15,-35.3633881,149.1656849,99.443,-4.099707497405202,0.47000000000000003,-23.52
328.925,15,-35.3633877,149.1656588,99.449,-3.8710289220117673,0.43,-23.55
329.02500000000003,15,-35.3633873,149.1656327,99.45400000000001,-3.6438781745582993,0.4,-23.57
329.124,15,-35.3633869,149.1656065,99.46000000000001,-3.4483249494223687,0.36,-23.6
329.224,15,-35.3633865,149.1655802,99.464,-3.2938740951642815,0.33,-23.62
329.324,15,-35.3633862,149.1655539,99.47,-3.1887331512888673,0.29,-23.650000000000002
329.42400000000004,15,-35.3633859,149.1655276,99.479,-3.0803056057622076,0.26,-23.67
329.524,15,-35.3633856,149.1655013,99.48700000000001,-2.9549219021775794,0.22,-23.7
329.624,15,-35.3633854,149.1654749,99.494,-2.818498905346918,0.19,-23.72
329.724,15,-35.363385199999996,149.1654488,99.499,-2.6770162324451583,0.17,-23.73
329.824,15,-35.363385,149.1654227,99.502,-2.524635992722643,0.14,-23.740000000000002
329.92400000000004,15,-35.3633849,149.1653967,99.506,-2.357288460651103,0.12,-23.75
330.024,15,-35.3633847,149.1653706,99.513,-2.1739638354504334,0.1,-23.75
330.124,15,-35.363384599999996,149.1653447,99.521,-2.0265638708499156,0.08,-23.76
330.224,15,-35.363384499999995,149.1653187,99.533,-1.8723279541072726,0.06,-23.76
330.324,15,-35.3633844,149.16529269999998,99.545,-1.7438287237657666,0.04,-23.76
330.42400000000004,15,-35.3633843,149.1652667,99.558,-1.6054797203108675,0.03,-23.76
330.524,15,-35.3633842,149.1652408,99.568,-1.4610472594613084,0.02,-23.76
330.624,15,-35.3633842,149.1652147,99.57600000000001,-1.3469049800334636,0.0,-23.76
330.724,15,-35.3633841,149.1651887,99.581,-1.2301069309572472,0.0,-23.77
330.825,15,-35.3633841,149.1651627,99.584,-1.1583156663648895,-0.01,-23.77
330.925,15,-35.363383999999996,149.1651362,99.587,-1.0629551264941102,-0.01,-23.78
331.02500000000003,15,-35.363383999999996,149.1651099,99.589,-1.0032816847064128,-0.02,-23.8
331.124,15,-35.363383999999996,149.1650834,99.59,-0.9958324029211619,-0.02,-23.81
331.224,15,-35.363383999999996,149.165057,99.593,-0.9538525661783825,-0.03,-23.82
331.324,15,-35.363383999999996,149.1650305,99.601,-0.8973316835794692,-0.03,-23.84
331.42400000000004,15,-35.363383999999996,149.1650041,99.613,-0.8264508084982801,-0.04,-23.85
331.524,15,-35.363383999999996,149.1649775,99.629,-0.7439980988592084,-0.04,-23.86
331.624,15,-35.363383899999995,149.1649511,99.647,-0.696931585453768,-0.05,-23.87
331.724,15,-35.363383899999995,149.1649248,99.664,-0.6529121368309465,-0.06,-23.86
331.824,15,-35.363383899999995,149.1648986,99.679,-0.6579417707418675,-0.07,-23.86
331.92400000000004,15,-35.363383999999996,149.1648725,99.69,-0.6153054887868264,-0.07,-23.85
332.024,15,-35.363383999999996,149.1648464,99.699,-0.5590027453545304,-0.08,-23.85
332.124,15,-35.363383999999996,149.1648204,99.705,-0.5160666287670964,-0.08,-23.84
332.224,15,-35.3633841,149.16479429999998,99.709,-0.46349444928209677,-0.08,-23.84
332.324,15,-35.3633841,149.1647683,99.712,-0.3889632382959325,-0.08,-23.84
332.42400000000004,15,-35.3633842,149.1647422,99.714,-0.3347173156187359,-0.08,-23.830000000000002
332.524,15,-35.3633842,149.1647162,99.715,-0.2697640842417658,-0.07,-23.830000000000002
332.624,15,-35.3633842,149.1646901,99.717,-0.23692786976565017,-0.07,-23.830000000000002
332.724,15,-35.3633843,149.164664,99.72,-0.25343611682445366,-0.07,-23.830000000000002
332.824,15,-35.3633843,149.1646379,99.724,-0.2781561989367429,-0.07,-23.830000000000002
332.925,15,-35.3633844,149.1646116,99.729,-0.30436507552510994,-0.07,-23.830000000000002
333.02500000000003,15,-35.3633844,149.1645855,99.736,-0.3242100834368762,-0.07,-23.830000000000002
333.125,15,-35.3633844,149.1645591,99.745,-0.34155310767830216,-0.07,-23.830000000000002
333.224,15,-35.363384499999995,149.1645328,99.756,-0.3729231526799658,-0.08,-23.84
333.324,15,-35.363384499999995,149.1645063,99.766,-0.36292303536355314,-0.08,-23.85
333.42400000000004,15,-35.363384599999996,149.16447979999998,99.778,-0.34986189940149043,-0.08,-23.86
333.524,15,-35.3633847,149.1644533,99.786,-0.327967034325927,-0.09,-23.87
333.624,15,-35.3633847,149.1644268,99.79,-0.3442614377667709,-0.09,-23.89
333.724,15,-35.3633848,149.1644004,99.791,-0.3245669875014358,-0.1,-23.89
333.824,15,-35.3633849,149.1643742,99.791,-0.23165114842541862,-0.1,-23.89
333.92400000000004,15,-35.363385,149.164348,99.792,-0.15549609998472352,-0.11,-23.89
334.024,15,-35.363385099999995,149.16432179999998,99.796,-0.01974113434150786,-0.1,-23.88
334.124,15,-35.363385099999995,149.1642956,99.806,0.0654485334836084,-0.1,-23.87
334.224,15,-35.363385199999996,149.1642695,99.819,0.13652568979204943,-0.1,-23.87
334.324,15,-35.3633853,149.1642434,99.834,0.22321655849154046,-0.09,-23.85
334.42400000000004,15,-35.3633854,149.1642173,99.848,0.28624426349194876,-0.09,-23.84
334.524,15,-35.3633855,149.1641912,99.863,0.32853423351172895,-0.08,-23.830000000000002
334.624,15,-35.3633855,149.1641651,99.877,0.34973602114952124,-0.08,-23.82
334.724,15,-35.3633856,149.164139,99.887,0.3897874767101091,-0.07,-23.81
334.824,15,-35.3633856,149.1641129,99.892,0.3613501441833197,-0.07,-23.81
334.92400000000004,15,-35.363385699999995,149.1640868,99.89,0.3274938036020656,-0.07,-23.8
335.02500000000003,15,-35.363385799999996,149.16406039999998,99.885,0.2865991398440985,-0.06,-23.8
335.125,15,-35.363385799999996,149.16403409999998,99.878,0.24195272788023747,-0.06,-23.81
335.225,15,-35.3633859,149.16400769999998,99.873,0.18463650176898788,-0.06,-23.81
335.324,15,-35.3633859,149.1639812,99.869,0.1621980897056663,-0.06,-23.830000000000002
335.42400000000004,15,-35.363386,149.1639548,99.868,0.14543165616015105,-0.05,-23.84
335.524,15,-35.363386,149.16392829999998,99.87,0.1538493040232364,-0.05,-23.85
335.624,15,-35.3633861,149.1639018,99.877,0.1599521447477089,-0.05,-23.86
335.724,15,-35.3633861,149.1638752,99.886,0.14059732297081007,-0.04,-23.88
335.824,15,-35.3633861,149.1638487,99.896,0.1017694717876462,-0.04,-23.89
335.92400000000004,15,-35.3633862,149.1638224,99.906,0.08154250022078152,-0.04,-23.89
336.024,15,-35.3633862,149.1637962,99.915,0.11270603205165144,-0.03,-23.89
336.124,15,-35.3633862,149.16377,99.922,0.11809645202917989,-0.03,-23.88
336.224,15,-35.3633863,149.1637438,99.927,0.133783048675172,-0.02,-23.87
336.324,15,-35.3633863,149.1637178,99.93,0.12705292444454255,-0.01,-23.86
336.42400000000004,15,-35.3633863,149.1636916,99.931,0.0958709631091055,-0.01,-23.86
336.524,15,-35.3633863,149.1636656,99.928,0.09832769677619446,-0.01,-23.85
336.624,15,-35.3633863,149.1636395,99.921,0.09717469547725152,-0.01,-23.85
336.724,15,-35.3633863,149.1636134,99.915,0.09299347911697317,-0.01,-23.85
336.824,15,-35.363386399999996,149.1635873,99.911,0.06144887075518414,-0.01,-23.85
336.92400000000004,16,-35.363386399999996,149.1635612,99.909,0.06977577181782221,-0.01,-23.85
337.02500000000003,16,-35.363386399999996,149.1635351,99.91,0.06281665615711886,-0.01,-23.84
337.125,16,-35.363386399999996,149.1635085,99.914,-0.39021868576231905,0.0,-23.85
337.225,16,-35.363386399999996,149.1634822,99.917,-2.3380352245978946,0.0,-23.85
337.325,16,-35.363386399999996,149.1634557,99.919,-6.715664826878208,-0.04,-23.88
337.42400000000004,16,-35.3633865,149.1634292,99.925,-13.496486243343753,-0.24,-23.92
337.524,16,-35.3633869,149.16340259999998,99.933,-21.759797657839627,-0.62,-23.990000000000002
337.624,16,-35.3633877,149.1633759,99.935,-30.189289282389204,-1.1500000000000001,-24.080000000000002
337.724,16,-35.3633891,149.1633491,99.923,-37.365417288579344,-1.8,-24.19
337.824,16,-35.3633911,149.16332219999998,99.895,-42.45260706920196,-2.5300000000000002,-24.330000000000002
337.92400000000004,16,-35.3633938,149.16329539999998,99.858,-45.226548381724655,-3.35,-24.47
338.024,16,-35.363397299999995,149.1632684,99.82300000000001,-46.10406376553121,-4.26,-24.6
338.124,16,-35.363401599999996,149.1632414,99.807,-45.791015705302016,-5.2700000000000005,-24.68
338.224,16,-35.3634069,149.1632143,99.82000000000001,-44.963118230721015,-6.29,-24.7
338.324,16,-35.363413099999995,149.1631874,99.867,-44.191784967751474,-7.2700000000000005,-24.63
338.42400000000004,16,-35.3634201,149.1631605,99.94200000000001,-43.746463464055815,-8.2,-24.5
338.524,16,-35.3634279,149.1631338,100.043,-43.64850830607408,-9.05,-24.310000000000002
338.624,16,-35.3634365,149.1631074,100.159,-43.81489171425559,-9.83,-24.1
338.724,16,-35.3634457,149.1630812,100.281,-44.17491098540696,-10.53,-23.86
338.824,16,-35.3634555,149.1630552,100.397,-44.50638006582768,-11.16,-23.64
338.92400000000004,16,-35.3634658,149.1630295,100.502,-44.72983311961923,-11.72,-23.41
339.024,16,-35.3634766,149.163004,100.592,-44.841629655953994,-12.23,-23.2
339.125,16,-35.363487899999996,149.1629788,100.662,-44.87721835662435,-12.72,-22.98
339.225,16,-35.3634996,149.1629535,100.711,-44.80795682334583,-13.22,-22.73
339.325,16,-35.3635119,149.1629285,100.741,-44.6858125504185,-13.73,-22.47
339.425,16,-35.3635245,149.16290379999998,100.759,-44.58574344888864,-14.27,-22.17
339.524,16,-35.363537799999996,149.16287939999998,100.768,-44.520156557383594,-14.84,-21.830000000000002
339.624,16,-35.3635515,149.16285539999998,100.775,-44.48644957382958,-15.44,-21.45
339.724,16,-35.3635659,149.1628318,100.781,-44.47394349745929,-16.05,-21.03
339.824,16,-35.3635807,149.1628088,100.789,-44.531119011001465,-16.65,-20.57
339.92400000000004,16,-35.363596099999995,149.1627863,100.805,-44.60617595979073,-17.25,-20.080000000000002
340.024,16,-35.363611999999996,149.1627643,100.824,-44.65240951028255,-17.81,-19.580000000000002
340.124,16,-35.363628299999995,149.1627431,100.845,-44.6987489287065,-18.34,-19.06
340.224,16,-35.363645,149.1627225,100.867,-44.70023449485098,-18.84,-18.54
340.324,16,-35.363662,149.1627026,100.889,-44.664539926248494,-19.31,-17.990000000000002
340.42400000000004,16,-35.363679499999996,149.1626833,100.91,-44.64161098120476,-19.75,-17.44
340.524,16,-35.3636973,149.1626646,100.931,-44.648318226969714,-20.18,-16.87
340.624,16,-35.3637154,149.1626465,100.949,-44.653307680158406,-20.57,-16.31
340.724,16,-35.3637339,149.1626291,100.96300000000001,-44.656784246445945,-20.95,-15.73
340.824,16,-35.3637528,149.1626123,100.97200000000001,-44.7316397046547,-21.31,-15.13
340.92400000000004,16,-35.363772,149.1625962,100.97500000000001,-44.80059046432598,-21.650000000000002,-14.530000000000001
341.024,16,-35.3637914,149.1625807,100.973,-44.81779229575066,-21.98,-13.92
341.124,16,-35.3638112,149.1625659,100.97,-44.79424863368162,-22.29,-13.280000000000001
341.225,16,-35.3638312,149.1625517,100.96600000000001,-44.734405931268554,-22.59,-12.620000000000001
341.325,16,-35.3638519,149.1625381,100.961,-44.686758531618544,-22.89,-11.94
341.425,16,-35.3638727,149.1625253,100.956,-44.69585292849842,-23.150000000000002,-11.26
341.52500000000003,16,-35.3638938,149.1625133,100.95,-44.691724079145146,-23.400000000000002,-10.58
341.624,16,-35.363915,149.1625019,100.94200000000001,-44.69041951301367,-23.62,-9.91
341.724,16,-35.3639365,149.1624914,100.931,-44.72627117596707,-23.82,-9.22
341.824,16,-35.3639582,149.16248149999998,100.918,-44.78388382161612,-24.0,-8.540000000000001
341.92400000000004,16,-35.36398,149.1624725,100.903,-44.8114948613359,-24.16,-7.8500000000000005
342.024,16,-35.3640019,149.1624642,100.888,-44.80352744566908,-24.3,-7.140000000000001
342.124,16,-35.3640237,149.1624568,100.873,-44.78854542572466,-24.400000000000002,-6.43
342.224,16,-35.3640456,149.1624501,100.857,-44.77529485873483,-24.48,-5.72
342.324,16,-35.3640675,149.1624443,100.84100000000001,-44.781926972418916,-24.53,-4.99
342.42400000000004,16,-35.364089299999996,149.1624393,100.82600000000001,-44.815350503122374,-24.55,-4.26
342.524,16,-35.364111199999996,149.16243509999998,100.812,-44.81035421974451,-24.54,-3.5300000000000002
342.624,16,-35.364132999999995,149.1624316,100.8,-44.779642274141544,-24.52,-2.8000000000000003
342.724,16,-35.3641548,149.162429,100.79,-44.71586538276655,-24.46,-2.07
342.824,16,-35.3641766,149.1624272,100.781,-44.69856792869349,-24.37,-1.33
342.92400000000004,16,-35.3641982,149.1624262,100.775,-44.705169306526315,-24.26,-0.6
343.024,16,-35.3642198,149.16242599999998,100.769,-44.66975819077438,-24.13,0.1
343.124,16,-35.364241199999995,149.16242649999998,100.763,-44.67595317235158,-23.97,0.8
343.224,16,-35.364262599999996,149.1624278,100.756,-44.782913934753985,-23.79,1.49
343.325,16,-35.3642839,149.1624299,100.747,-44.86991005421243,-23.59,2.18
343.425,16,-35.3643049,149.16243269999998,100.735,-44.90813179280783,-23.37,2.85
343.52500000000003,16,-35.3643259,149.1624363,100.718,-44.91419358569621,-23.150000000000002,3.52
343.624,16,-35.3643466,149.1624405,100.69800000000001,-44.89834754682178,-22.89,4.19
343.724,16,-35.3643672,149.16244559999998,100.675,-44.89585794286931,-22.61,4.87
343.824,16,-35.3643876,149.16245139999998,100.654,-44.863831185851126,-22.31,5.54
343.92400000000004,16,-35.3644076,149.162458,100.634,-44.83091308914625,-21.97,6.22
344.024,16,-35.3644274,149.16246529999998,100.619,-44.80025920015123,-21.61,6.890000000000001
344.124,16,-35.364446799999996,149.16247339999998,100.60600000000001,-44.79121602969013,-21.22,7.55
344.224,16,-35.3644658,149.1624822,100.59400000000001,-44.795344879043405,-20.81,8.18
344.324,16,-35.3644843,149.16249159999998,100.587,-44.76245068800063,-20.38,8.78
344.42400000000004,16,-35.3645024,149.16250159999998,100.58,-44.77708436829738,-19.94,9.35
344.524,16,-35.36452,149.1625121,100.57000000000001,-44.795874218704085,-19.48,9.9
344.624,16,-35.3645371,149.1625233,100.559,-44.813629295451534,-19.0,10.44
344.724,16,-35.364553799999996,149.162535,100.548,-44.81037471031202,-18.490000000000002,10.96
344.824,16,-35.3645701,149.1625473,100.535,-44.68847290910022,-17.97,11.47
344.92400000000004,16,-35.3645859,149.1625602,100.522,-44.143741417129604,-17.42,11.96
345.024,16,-35.364601199999996,149.1625736,100.508,-42.9532360297018,-16.88,12.42
345.124,16,-35.3646159,149.1625874,100.498,-41.01254364497481,-16.32,12.83
345.224,16,-35.3646303,149.16260169999998,100.495,-38.27497650487702,-15.8,13.18
345.324,16,-35.3646441,149.1626163,100.5,-34.77833287627528,-15.32,13.44
345.425,16,-35.364657799999996,149.1626313,100.511,-30.604896048100724,-14.91,13.620000000000001
345.52500000000003,16,-35.364671099999995,149.1626464,100.524,-26.090841101112222,-14.61,13.72
345.625,16,-35.3646841,149.1626616,100.535,-21.500996667545966,-14.39,13.73
345.724,16,-35.3646971,149.16267679999999,100.53,-17.056140074586157,-14.25,13.700000000000001
345.824,16,-35.364709999999995,149.162692,100.505,-12.996739231020491,-14.17,13.63
345.92400000000004,16,-35.3647229,149.1627071,100.45100000000001,-9.554600511995451,-14.120000000000001,13.56
346.024,16,-35.3647357,149.1627221,100.371,-6.895621101601003,-14.09,13.49
346.124,16,-35.3647485,149.162737,100.265,-5.075665543945508,-14.06,13.44
346.224,16,-35.3647612,149.1627519,100.145,-3.981097847373346,-14.030000000000001,13.41
346.324,16,-35.364773899999996,149.1627666,100.022,-3.511245505830172,-13.99,13.41
346.42400000000004,16,-35.3647864,149.1627814,99.906,-3.492125031578956,-13.94,13.42
346.524,16,-35.3647989,149.162796,99.808,-3.668912952300512,-13.89,13.44
346.624,16,-35.3648114,149.1628108,99.73100000000001,-3.863175485126722,-13.82,13.48
346.724,16,-35.364823699999995,149.1628255,99.677,-3.9850802745462865,-13.75,13.51
346.824,16,-35.364836,149.1628403,99.644,-3.8785557904771215,-13.68,13.530000000000001
346.92400000000004,16,-35.3648482,149.1628551,99.625,-3.5938820436074526,-13.63,13.56
347.024,16,-35.3648604,149.1628699,99.61200000000001,-3.156889315274387,-13.59,13.57
347.124,16,-35.3648726,149.1628847,99.60000000000001,-2.5627971133891507,-13.57,13.58
347.224,16,-35.3648848,149.1628996,99.584,-1.8925510770226226,-13.57,13.59
347.324,16,-35.3648969,149.1629145,99.561,-1.2832501782898835,-13.57,13.6
347.425,16,-35.3649091,149.1629294,99.528,-0.8078827257961889,-13.58,13.61
347.52500000000003,16,-35.3649215,149.1629446,99.482,-0.4337705599116855,-13.6,13.63
347.625,16,-35.364933799999996,149.1629597,99.431,-0.16561381128069413,-13.620000000000001,13.65
347.725,16,-35.3649462,149.1629749,99.376,-0.01860666760131118,-13.64,13.69
347.824,16,-35.3649586,149.1629901,99.322,0.03971572241441264,-13.66,13.72
347.92400000000004,16,-35.3649711,149.1630054,99.276,0.06703006912201015,-13.69,13.76
348.024,16,-35.3649835,149.16302059999998,99.242,0.05385710548755505,-13.71,13.780000000000001
348.124,16,-35.364996,149.163036,99.223,0.04628587414312897,-13.73,13.81
348.224,16,-35.3650084,149.1630513,99.21300000000001,0.06519736394905176,-13.75,13.84
348.324,16,-35.365020799999996,149.16306659999998,99.209,0.08723213451078808,-13.77,13.86
348.42400000000004,16,-35.3650332,149.16308189999998,99.21000000000001,0.17074564456511412,-13.780000000000001,13.88
348.524,16,-35.3650455,149.1630971,99.21300000000001,0.29199795081574403,-13.790000000000001,13.89
348.624,16,-35.365057799999995,149.1631123,99.21600000000001,0.37291178681830006,-13.81,13.9
348.724,16,-35.3650702,149.1631275,99.215,-0.020332440960129854,-13.83,13.91
348.824,16,-35.3650826,149.1631428,99.21000000000001,-1.8944827398972668,-13.86,13.91
348.92400000000004,16,-35.365094899999995,149.16315799999998,99.202,-6.232755938406321,-13.84,13.950000000000001
349.024,16,-35.3651072,149.16317329999998,99.196,-13.103068200924666,-13.67,14.06
349.124,16,-35.365119299999996,149.1631889,99.19200000000001,-21.50573340373537,-13.34,14.26
349.224,16,-35.365131,149.1632047,99.185,-30.102060936498972,-12.86,14.540000000000001
349.324,16,-35.3651422,149.1632208,99.167,-37.43167353862305,-12.280000000000001,14.88
349.42400000000004,16,-35.3651528,149.16323739999999,99.136,-42.58724375812125,-11.620000000000001,15.27
349.52500000000003,16,-35.3651628,149.1632544,99.09700000000001,-45.39901748845664,-10.88,15.700000000000001
349.625,16,-35.365172199999996,149.1632721,99.06400000000001,-46.35306855700778,-10.03,16.17
349.725,16,-35.365180699999996,149.1632903,99.051,-46.06572932881451,-9.1,16.62
349.825,16,-35.3651884,149.163309,99.068,-45.24797810024557,-8.120000000000001,17.01
349.92400000000004,16,-35.365195199999995,149.1633282,99.123,-44.422959550399725,-7.15,17.32
350.024,16,-35.3652012,149.16334759999998,99.209,-43.885731021232374,-6.2,17.53
350.124,16,-35.365206199999996,149.1633673,99.32300000000001,-43.75131972855569,-5.3100000000000005,17.67
350.224,16,-35.3652106,149.1633871,99.452,-43.91587606113423,-4.49,17.740000000000002
350.324,16,-35.3652142,149.16340689999998,99.589,-44.20794178023314,-3.75,17.78
350.42400000000004,16,-35.3652172,149.1634267,99.723,-44.34374301640592,-3.08,17.79
350.524,16,-35.3652197,149.1634464,99.84400000000001,-43.99851451990221,-2.49,17.78
350.624,16,-35.3652216,149.163466,99.949,-42.80604886818261,-1.95,17.76
350.724,16,-35.3652231,149.16348539999998,100.038,-40.623294579270365,-1.47,17.7
350.824,16,-35.3652242,149.1635048,100.11200000000001,-37.48312876873535,-1.03,17.62
350.92400000000004,16,-35.3652249,149.1635241,100.173,-33.46875680104664,-0.66,17.51
351.024,16,-35.3652253,149.1635432,100.22500000000001,-28.739810442391192,-0.36,17.37
351.124,16,-35.3652255,149.1635622,100.272,-23.61051937572462,-0.15,17.23
351.224,16,-35.365225599999995,149.163581,100.311,-18.280017766298645,-0.04,17.080000000000002
351.324,16,-35.365225599999995,149.1635996,100.337,-12.909424653991987,0.0,16.95
351.42400000000004,16,-35.365225699999996,149.16361809999998,100.34700000000001,-7.671708603119695,-0.03,16.84
351.524,16,-35.3652258,149.1636365,100.33500000000001,-2.5923682039573093,-0.11,16.740000000000002
351.625,16,-35.365226,149.1636548,100.3,2.351893464980439,-0.21,16.66
351.725,16,-35.365226299999996,149.1636734,100.243,7.188831304272719,-0.36,16.61
351.825,16,-35.3652267,149.16369179999998,100.172,11.854930531053936,-0.56,16.59
351.925,16,-35.365227399999995,149.1637102,100.09400000000001,16.44194385120922,-0.8300000000000001,16.59
352.024,16,-35.3652284,149.1637287,100.015,20.95719749639706,-1.17,16.62
352.124,16,-35.3652298,149.1637472,99.94200000000001,25.347887274144085,-1.6,16.68
352.224,16,-35.3652315,149.1637658,99.878,29.55654738786839,-2.13,16.740000000000002
352.324,16,-35.3652338,149.1637844,99.828,33.499584859865486,-2.74,16.81
352.42400000000004,16,-35.3652367,149.1638031,99.787,37.040317359559666,-3.41,16.89
352.524,16,-35.365240199999995,149.1638218,99.754,39.943543907786946,-4.16,16.95
352.624,16,-35.3652444,149.1638404,99.727,42.06169485243462,-4.96,17.0
352.724,16,-35.365249299999995,149.1638591,99.711,43.36105296466492,-5.79,17.02
352.824,16,-35.365255,149.1638777,99.705,44.01882408739924,-6.65,17.02
352.92400000000004,16,-35.365261499999995,149.1638963,99.715,44.26925297331776,-7.5200000000000005,16.97
353.024,16,-35.3652687,149.1639148,99.741,44.26172951994699,-8.39,16.87
353.124,16,-35.365276699999995,149.16393309999998,99.786,44.17477438162356,-9.23,16.73
353.224,16,-35.3652855,149.16395129999998,99.84400000000001,44.14108788863705,-10.03,16.54
353.324,16,-35.365294899999995,149.1639692,99.913,44.158214587980865,-10.77,16.330000000000002
353.42400000000004,16,-35.365305,149.1639869,99.986,44.187290703277604,-11.47,16.09
353.524,16,-35.3653157,149.1640043,100.06,44.234350706658994,-12.13,15.83
353.624,16,-35.3653269,149.1640215,100.13,44.2780365965904,-12.74,15.57
353.725,16,-35.365338699999995,149.1640383,100.194,44.35258128119192,-13.32,15.290000000000001
353.825,16,-35.365351,149.164055,100.248,44.43418155120606,-13.88,15.01
353.925,16,-35.3653639,149.1640713,100.292,44.48051072434625,-14.43,14.71
354.02500000000003,16,-35.3653773,149.1640873,100.325,44.502124857974756,-14.98,14.39
354.124,16,-35.3653912,149.1641029,100.35000000000001,44.53024133169312,-15.540000000000001,14.030000000000001
354.224,16,-35.365405599999995,149.1641182,100.36500000000001,44.535083935814654,-16.080000000000002,13.66
354.324,16,-35.3654205,149.164133,100.373,44.57339788196384,-16.64,13.26
354.42400000000004,16,-35.3654358,149.1641474,100.377,44.566912617346915,-17.19,12.82
354.524,16,-35.3654517,149.1641612,100.38,44.538290709629976,-17.75,12.34
354.624,16,-35.3654681,149.1641745,100.385,44.5036411599705,-18.3,11.83
354.724,16,-35.3654848,149.1641871,100.393,44.51471631170968,-18.830000000000002,11.290000000000001
354.824,16,-35.3655019,149.1641991,100.402,44.62615084801843,-19.34,10.73
354.92400000000004,16,-35.3655194,149.16421029999998,100.414,44.69175481499641,-19.81,10.14
355.024,16,-35.3655373,149.164221,100.426,44.68318292758804,-20.27,9.55
355.124,16,-35.3655555,149.1642309,100.441,44.642656000147774,-20.7,8.94
355.224,16,-35.3655742,149.1642402,100.459,44.629630829400554,-21.1,8.32
355.324,16,-35.3655931,149.1642487,100.479,44.64640235890752,-21.47,7.71
355.42400000000004,16,-35.365612399999996,149.16425669999998,100.497,44.66199909587725,-21.82,7.1000000000000005
355.524,16,-35.365632,149.164264,100.511,44.67812175741306,-22.13,6.48
355.624,16,-35.365651899999996,149.16427059999998,100.522,44.65569141617874,-22.42,5.86
355.724,16,-35.365671999999996,149.1642765,100.529,44.66168490717543,-22.7,5.23
355.825,16,-35.3656925,149.1642818,100.532,44.6758575497032,-22.96,4.59
355.925,16,-35.365713299999996,149.16428639999998,100.53,44.64277211336366,-23.22,3.94
356.02500000000003,16,-35.3657343,149.1642903,100.526,44.62987330111609,-23.45,3.27
356.124,16,-35.3657556,149.1642934,100.521,44.684699229583785,-23.67,2.58
356.224,16,-35.365777099999995,149.1642958,100.516,44.70915472190701,-23.87,1.8800000000000001
356.324,16,-35.3657988,149.16429739999998,100.51,44.76779531102616,-24.05,1.1500000000000001
356.42400000000004,16,-35.3658206,149.1642982,100.505,44.81216421987456,-24.2,0.42
356.524,16,-35.3658425,149.1642981,100.499,44.85245209069388,-24.32,-0.3
356.624,16,-35.3658645,149.1642973,100.493,44.871118997695525,-24.42,-1.02
356.724,16,-35.3658864,149.1642958,100.489,44.83056474949858,-24.490000000000002,-1.76
356.824,16,-35.3659083,149.1642934,100.485,44.75690798948916,-24.53,-2.49
356.92400000000004,16,-35.3659302,149.16429019999998,100.485,44.73604517666936,-24.53,-3.23
357.024,16,-35.365952,149.1642861,100.485,44.732708629259804,-24.51,-3.96
357.124,16,-35.3659738,149.1642813,100.486,44.70572938203826,-24.46,-4.69
357.224,16,-35.3659955,149.1642757,100.486,44.720793364252714,-24.39,-5.42
357.324,16,-35.3660171,149.1642693,100.48700000000001,44.74918987572705,-24.29,-6.140000000000001
357.42400000000004,16,-35.3660387,149.1642621,100.485,44.76984436777716,-24.17,-6.8500000000000005
357.524,16,-35.3660601,149.1642542,100.483,44.78877082196727,-24.02,-7.54
357.624,16,-35.3660814,149.1642455,100.47800000000001,44.81657652207839,-23.86,-8.22
357.724,16,-35.3661026,149.16423609999998,100.47200000000001,44.80130080399966,-23.68,-8.91
357.824,16,-35.3661236,149.1642259,100.464,44.77677700978472,-23.47,-9.59
357.925,16,-35.3661446,149.1642149,100.453,44.77156557544801,-23.240000000000002,-10.28
358.02500000000003,16,-35.3661652,149.1642032,100.441,44.780690708179144,-22.97,-10.97
358.125,16,-35.3661858,149.16419059999998,100.426,44.808359804506864,-22.69,-11.67
358.224,16,-35.3662061,149.1641773,100.414,44.81900123923374,-22.39,-12.36
358.324,16,-35.3662262,149.1641631,100.401,44.803250823007694,-22.06,-13.030000000000001
358.42400000000004,16,-35.366245899999996,149.1641483,100.389,44.789867067329055,-21.72,-13.68
358.524,16,-35.366265399999996,149.1641326,100.375,44.83794818399136,-21.36,-14.32
358.624,16,-35.3662846,149.16411639999998,100.36,44.87304169594689,-20.990000000000002,-14.94
358.724,16,-35.3663032,149.1640996,100.345,44.873707639390965,-20.580000000000002,-15.530000000000001
358.824,16,-35.3663215,149.1640821,100.32900000000001,44.85551201544205,-20.150000000000002,-16.11
358.92400000000004,16,-35.3663393,149.1640641,100.315,44.80471248349008,-19.71,-16.67
359.024,16,-35.3663567,149.1640455,100.3,44.794822369571904,-19.25,-17.22
359.124,16,-35.3663737,149.16402639999998,100.287,44.80821978562888,-18.76,-17.75
359.224,16,-35.3663902,149.1640066,100.275,44.81120116320159,-18.25,-18.27
359.324,16,-35.3664062,149.1639863,100.264,44.82453710755604,-17.71,-18.78
359.42400000000004,16,-35.3664217,149.1639655,100.253,44.87815750763522,-17.16,-19.27
359.524,16,-35.366436799999995,149.16394409999998,100.242,44.89076603684307,-16.6,-19.73
359.624,16,-35.3664513,149.1639222,100.229,44.87926399828077,-16.02,-20.17
359.724,16,-35.3664653,149.1638998,100.217,44.901410886664536,-15.42,-20.6
359.824,16,-35.366478799999996,149.16387699999999,100.208,44.912667038416714,-14.8,-21.02
359.925,17,-35.3664918,149.1638537,100.2,44.90258567920178,-14.16,-21.41
360.02500000000003,17,-35.3665042,149.1638298,100.193,44.9152215291663,-13.51,-21.78
360.125,17,-35.3665161,149.1638054,100.181,44.921720454161566,-12.86,-22.13
360.225,17,-35.366527399999995,149.1637807,100.169,44.93602287028357,-12.19,-22.45
360.324,17,-35.3665381,149.1637556,100.154,44.96999623121522,-11.53,-22.76
360.42400000000004,17,-35.3665483,149.16373009999998,100.138,44.95573479622823,-10.870000000000001,-23.04
360.524,17,-35.366557799999995,149.1637043,100.119,44.909016302305346,-10.18,-23.3
360.624,17,-35.3665667,149.1636783,100.102,44.88642886672011,-9.49,-23.54
360.724,17,-35.366575,149.16365199999998,100.086,44.88826277251226,-8.8,-23.75
360.824,17,-35.3665826,149.1636255,100.071,44.878543413323335,-8.09,-23.93
360.92400000000004,17,-35.3665896,149.163599,100.058,44.87283679027178,-7.38,-24.080000000000002
361.024,17,-35.3665959,149.1635725,100.047,44.86839716731128,-6.65,-24.21
361.124,17,-35.3666015,149.1635459,100.038,44.84833690171895,-5.92,-24.3
361.224,17,-35.366606499999996,149.1635192,100.032,44.86576071429165,-5.18,-24.37
361.324,17,-35.366610699999995,149.16349259999998,100.029,44.86661790303249,-4.44,-24.41
361.42400000000004,17,-35.366614399999996,149.16346579999998,100.027,44.90490111333041,-3.7,-24.42
361.524,17,-35.3666173,149.1634392,100.027,44.93693811563236,-2.95,-24.41
361.624,17,-35.3666196,149.1634125,100.028,44.846987939357874,-2.2,-24.36
361.724,17,-35.3666212,149.16338589999998,100.03,44.60462892194373,-1.47,-24.3
361.824,17,-35.3666222,149.1633593,100.033,43.93906113827183,-0.75,-24.2
361.92400000000004,17,-35.3666225,149.1633329,100.038,42.74121329748626,-0.05,-24.080000000000002
362.02500000000003,17,-35.366622299999996,149.1633066,100.045,40.86024408686187,0.59,-23.94
362.125,17,-35.3666215,149.16328,100.051,38.35300458595525,1.17,-23.78
362.225,17,-35.3666202,149.1632538,100.059,35.35514235168285,1.6500000000000001,-23.6
362.325,17,-35.3666185,149.1632277,100.065,31.962693258869656,2.05,-23.43
362.42400000000004,17,-35.3666166,149.1632018,100.072,28.35814630176005,2.35,-23.26
362.524,17,-35.366614399999996,149.1631761,100.07300000000001,24.736911484960814,2.56,-23.11
362.624,17,-35.366611999999996,149.1631505,100.061,21.302808483494292,2.69,-22.97
362.724,17,-35.3666096,149.16312499999998,100.029,18.180891230874252,2.77,-22.85
362.824,17,-35.366607099999996,149.1630997,99.977,15.575862204073266,2.83,-22.75
362.92400000000004,17,-35.366604599999995,149.16307469999998,99.908,13.561034946094958,2.89,-22.650000000000002
363.024,17,-35.3666021,149.1630499,99.821,12.192353828883613,2.96,-22.55
363.124,17,-35.3665995,149.1630252,99.72500000000001,11.339843767628473,3.06,-22.46
363.224,17,-35.366596699999995,149.1630006,99.626,10.543637517022685,3.18,-22.38
363.324,17,-35.3665939,149.1629762,99.536,9.000126608947461,3.3200000000000003,-22.3
363.42400000000004,17,-35.366591,149.1629518,99.45700000000001,6.442977208228266,3.41,-22.23
363.524,17,-35.366588,149.1629275,99.396,3.247531261645745,3.43,-22.2
363.624,17,-35.366585,149.1629032,99.352,0.0826856431021529,3.37,-22.2
363.724,17,-35.366582199999996,149.1628788,99.324,-2.505755855752847,3.27,-22.21
363.824,17,-35.3665794,149.1628544,99.304,-4.468355005025593,3.16,-22.240000000000002
363.92400000000004,17,-35.366576699999996,149.16282999999999,99.286,-6.219216795924063,3.06,-22.26
364.024,17,-35.366574,149.16280559999998,99.263,-7.919775097359035,2.95,-22.3
364.125,17,-35.3665715,149.162781,99.233,-9.337992161525898,2.82,-22.35
364.225,17,-35.3665691,149.1627562,99.196,-10.198598558268444,2.68,-22.41
364.325,17,-35.3665668,149.1627313,99.152,-10.374037089742098,2.5500000000000003,-22.490000000000002
364.425,17,-35.3665646,149.1627063,99.10900000000001,-9.962617229991794,2.43,-22.56
364.524,17,-35.3665625,149.1626811,99.069,-9.166298281264702,2.32,-22.64
364.624,17,-35.3665605,149.16265579999998,99.035,-8.205610830161252,2.23,-22.7
364.724,17,-35.3665585,149.1626305,99.011,-7.365741741512512,2.15,-22.76
364.824,17,-35.3665567,149.16260509999998,98.998,-6.739785213045285,2.08,-22.82
364.92400000000004,17,-35.366554799999996,149.1625796,98.993,-6.363745306308825,2.0100000000000002,-22.87
365.024,17,-35.3665531,149.1625541,98.997,-6.161549081874822,1.93,-22.91
365.124,17,-35.3665514,149.1625288,99.004,-6.18266503858074,1.86,-22.95
365.224,17,-35.3665497,149.16250349999999,99.012,-6.354303423554929,1.78,-22.990000000000002
365.324,17,-35.3665482,149.16247819999998,99.016,-6.623705294327272,1.7,-23.02
365.42400000000004,17,-35.3665467,149.1624529,99.018,-6.827882700507402,1.62,-23.05
365.524,17,-35.3665453,149.1624276,99.016,-6.953929572771757,1.54,-23.09
365.624,17,-35.366543899999996,149.1624022,99.013,-7.040244807747323,1.45,-23.12
365.724,17,-35.3665427,149.1623769,99.011,-7.022825690929675,1.36,-23.150000000000002
365.824,17,-35.3665415,149.1623514,99.01,-7.01877709629915,1.27,-23.19
365.92400000000004,17,-35.3665404,149.162326,99.012,-6.934987323769195,1.18,-23.22
366.024,17,-35.3665393,149.1623005,99.018,-6.806495243781977,1.1,-23.25
366.124,17,-35.366538299999995,149.1622749,99.023,-6.6183401807342275,1.02,-23.29
366.225,17,-35.3665374,149.16224929999998,99.03,-6.412363019707799,0.9500000000000001,-23.32
366.325,17,-35.366536599999996,149.1622232,99.039,-6.166632450164604,0.88,-23.36
366.425,17,-35.3665358,149.1621973,99.048,-5.921484581134976,0.81,-23.400000000000002
366.524,17,-35.366535,149.1621712,99.056,-5.671982039622641,0.75,-23.44
366.624,17,-35.3665343,149.1621452,99.065,-5.483943943564428,0.6900000000000001,-23.47
366.724,17,-35.3665337,149.162119,99.074,-5.2256244816072535,0.63,-23.51
366.824,17,-35.3665331,149.16209279999998,99.086,-4.996705142045576,0.5700000000000001,-23.54
366.92400000000004,17,-35.3665325,149.1620666,99.098,-4.776486182826025,0.51,-23.57
367.024,17,-35.366532,149.1620404,99.11,-4.573190724822473,0.46,-23.6
367.124,17,-35.3665316,149.1620144,99.125,-4.3638697593105,0.41000000000000003,-23.61
367.224,17,-35.3665312,149.16198839999998,99.14,-4.119783557809986,0.36,-23.62
367.324,17,-35.3665308,149.16196259999998,99.154,-3.841963051998778,0.31,-23.62
367.42400000000004,17,-35.366530499999996,149.16193669999998,99.17,-3.63015034810022,0.27,-23.63
367.524,17,-35.3665302,149.1619108,99.187,-3.424597512575979,0.23,-23.63
367.624,17,-35.36653,149.16188499999998,99.205,-3.183664510594483,0.2,-23.64
367.724,17,-35.366529799999995,149.1618591,99.223,-2.9261988222835598,0.18,-23.63
367.824,17,-35.3665296,149.16183329999998,99.241,-2.6741974987520587,0.15,-23.63
367.92400000000004,17,-35.3665294,149.1618074,99.259,-2.4546835431208995,0.14,-23.63
368.024,17,-35.366529199999995,149.16178159999998,99.275,-2.2375840593613403,0.12,-23.64
368.124,17,-35.366529,149.1617557,99.287,-2.0836791933500316,0.1,-23.64
368.224,17,-35.3665289,149.1617298,99.298,-1.9490879678774031,0.07,-23.650000000000002
368.325,17,-35.3665288,149.1617037,99.308,-1.8117926278236842,0.05,-23.650000000000002
368.425,17,-35.366528699999996,149.16167769999998,99.32000000000001,-1.7045936625739804,0.03,-23.66
368.52500000000003,17,-35.366528599999995,149.1616515,99.334,-1.6218561660630308,0.02,-23.68
368.624,17,-35.3665285,149.1616253,99.348,-1.5542138145046327,0.0,-23.69
368.724,17,-35.3665284,149.161599,99.363,-1.49622284040858,0.0,-23.71
368.824,17,-35.3665284,149.1615727,99.379,-1.3984151718242321,-0.01,-23.72
368.92400000000004,17,-35.3665284,149.1615462,99.396,-1.3206321237824805,-0.02,-23.740000000000002
369.024,17,-35.3665284,149.1615199,99.414,-1.2172322378151847,-0.03,-23.76
369.124,17,-35.3665284,149.1614937,99.433,-1.1406669911581053,-0.04,-23.77
369.224,17,-35.3665284,149.1614675,99.45,-1.07301546153301,-0.05,-23.77
369.324,17,-35.3665284,149.1614414,99.46600000000001,-0.9993497369003069,-0.05,-23.78
369.42400000000004,17,-35.3665284,149.16141539999998,99.48100000000001,-0.9128656681861939,-0.06,-23.78
369.524,17,-35.3665284,149.1613894,99.494,-0.8234225267358786,-0.06,-23.77
369.624,17,-35.3665284,149.1613633,99.506,-0.726122533305933,-0.06,-23.77
369.724,17,-35.3665283,149.16133729999999,99.517,-0.6502020458343324,-0.06,-23.77
369.824,17,-35.3665283,149.1613113,99.527,-0.5857677487517245,-0.06,-23.77
369.92400000000004,17,-35.3665283,149.1612853,99.537,-0.5296700710770875,-0.06,-23.77
370.024,17,-35.3665284,149.16125929999998,99.546,-0.5527414362371857,-0.05,-23.77
370.124,17,-35.3665284,149.1612332,99.554,-0.586235296544753,-0.05,-23.76
370.224,17,-35.3665284,149.1612072,99.56,-0.5943970524378009,-0.06,-23.77
370.324,17,-35.3665284,149.1611811,99.568,-0.5896615435480136,-0.06,-23.77
370.425,17,-35.3665284,149.16115489999999,99.578,-0.5825076140835128,-0.07,-23.77
370.52500000000003,17,-35.3665284,149.1611285,99.59,-0.5909063455242485,-0.07,-23.78
370.625,17,-35.3665285,149.1611022,99.604,-0.5717479317066272,-0.07,-23.79
370.724,17,-35.3665285,149.1610758,99.62,-0.18661526893652142,-0.08,-23.8
370.824,17,-35.3665285,149.1610494,99.636,1.206697204628969,-0.09,-23.82
370.92400000000004,17,-35.366528599999995,149.1610229,99.653,3.8548763783983335,-0.04,-23.82
371.024,17,-35.3665285,149.16099649999998,99.668,7.313791322685395,0.08,-23.81
371.124,17,-35.3665283,149.16097,99.678,10.892093277909225,0.28,-23.78
371.224,17,-35.366527999999995,149.1609436,99.682,14.215268030839216,0.51,-23.75
371.324,17,-35.366527399999995,149.16091749999998,99.683,17.417132647694256,0.77,-23.71
371.42400000000004,17,-35.3665265,149.1608915,99.682,20.485420962498647,1.08,-23.650000000000002
371.524,17,-35.3665254,149.1608657,99.681,23.194197147697544,1.45,-23.580000000000002
371.624,17,-35.366523799999996,149.16083989999998,99.683,25.348249274170097,1.85,-23.51
371.724,17,-35.366521999999996,149.1608143,99.688,27.03380677264043,2.2600000000000002,-23.42
371.824,17,-35.3665197,149.1607888,99.697,28.35203499000018,2.68,-23.32
371.92400000000004,17,-35.366517099999996,149.16076339999998,99.711,29.517256724667895,3.11,-23.21
372.024,17,-35.366513999999995,149.1607381,99.72800000000001,30.64771791910212,3.56,-23.09
372.124,17,-35.3665106,149.1607129,99.747,31.778930434345046,4.01,-22.96
372.224,17,-35.366506699999995,149.1606879,99.767,32.99101580445551,4.49,-22.81
372.324,17,-35.3665024,149.1606631,99.789,34.19958021204883,4.98,-22.63
372.425,17,-35.3664977,149.1606385,99.811,35.45745175526047,5.49,-22.44
372.52500000000003,17,-35.3664924,149.1606136,99.833,36.773718000781145,6.0200000000000005,-22.23
372.625,17,-35.3664866,149.1605892,99.85300000000001,38.11552232360849,6.5600000000000005,-22.0
372.725,17,-35.3664803,149.160565,99.873,39.40874351086953,7.15,-21.740000000000002
372.824,17,-35.3664735,149.16054119999998,99.895,40.560357801163285,7.75,-21.44
372.92400000000004,17,-35.3664661,149.1605176,99.919,41.48174007491425,8.36,-21.11
373.024,17,-35.3664582,149.1604944,99.944,42.16569131273723,8.98,-20.740000000000002
373.124,17,-35.3664497,149.1604717,99.97500000000001,42.67114921698027,9.61,-20.34
373.224,17,-35.3664407,149.1604495,100.012,43.01968010994768,10.23,-19.900000000000002
373.324,17,-35.3664312,149.160428,100.056,43.1789088949736,10.82,-19.42
373.42400000000004,17,-35.3664211,149.160407,100.108,43.27751975111566,11.39,-18.92
373.524,17,-35.366410699999996,149.1603867,100.168,43.37005856908558,11.91,-18.400000000000002
373.624,17,-35.366399799999996,149.16036689999999,100.23,43.508612371493875,12.41,-17.88
373.724,17,-35.3663884,149.16034779999998,100.294,43.65625374059287,12.870000000000001,-17.34
373.824,17,-35.366376699999996,149.1603292,100.35600000000001,43.72249633025824,13.290000000000001,-16.81
373.92400000000004,17,-35.3663647,149.1603113,100.414,43.663667910936915,13.68,-16.28
374.024,17,-35.366352299999996,149.1602939,100.46600000000001,43.58640139595115,14.05,-15.74
374.124,18,-35.366339499999995,149.1602771,100.512,43.49187499293276,14.39,-15.21
374.224,18,-35.3663265,149.1602608,100.55,43.37548856947574,14.71,-14.66
374.324,18,-35.3663132,149.1602452,100.58,43.28541886489078,15.01,-14.11
374.42400000000004,18,-35.3662997,149.1602301,100.605,43.29293890316697,15.3,-13.540000000000001
374.52500000000003,18,-35.3662858,149.16021569999998,100.627,43.36185892698698,15.58,-12.94
374.625,18,-35.3662717,149.16020179999998,100.646,43.51097220185211,15.84,-12.32
374.725,18,-35.3662572,149.1601886,100.661,43.69983034749755,16.1,-11.700000000000001
374.825,18,-35.3662426,149.1601761,100.673,43.96645019684358,16.34,-11.06
374.92400000000004,18,-35.366227599999995,149.1601642,100.679,44.239678254211604,16.57,-10.41
375.024,18,-35.366212499999996,149.1601531,100.683,44.465737025171514,16.79,-9.73
375.124,18,-35.366197199999995,149.1601428,100.685,44.63402605613146,16.990000000000002,-9.03
375.224,18,-35.3661817,149.1601332,100.688,44.70632360849604,17.17,-8.31
375.324,18,-35.366166,149.1601244,100.69200000000001,44.66921177564078,17.330000000000002,-7.58
375.42400000000004,18,-35.3661503,149.1601165,100.699,44.559740918718404,17.45,-6.84
375.524,18,-35.366134599999995,149.16010939999998,100.712,44.375540962086916,17.54,-6.1000000000000005
375.624,18,-35.366118799999995,149.16010319999998,100.729,44.126788887609635,17.6,-5.36
375.724,18,-35.3661031,149.1600978,100.749,43.876998624378516,17.62,-4.64
375.824,18,-35.3660874,149.1600932,100.771,43.595926094748734,17.62,-3.94
375.92400000000004,18,-35.3660717,149.16008929999998,100.79,43.01094088290465,17.580000000000002,-3.2600000000000002
376.024,18,-35.3660561,149.1600861,100.806,41.6571564082731,17.53,-2.62
376.124,18,-35.3660405,149.1600837,100.819,39.4743713835096,17.45,-2.02
376.224,18,-35.366025,149.1600818,100.833,36.8663387810211,17.34,-1.49
376.324,18,-35.3660096,149.1600805,100.85000000000001,34.294765728322126,17.21,-1.05
376.42400000000004,18,-35.3659944,149.1600796,100.864,31.896443839015117,17.06,-0.68
376.524,18,-35.3659792,149.160079,100.87,29.373313903004462,16.92,-0.37
376.625,18,-35.3659642,149.16007879999998,100.866,26.715238212014572,16.78,-0.12
376.725,18,-35.365949,149.16007869999999,100.84400000000001,24.160102009553235,16.66,0.06
376.825,18,-35.3659341,149.16007879999998,100.806,21.922776216719885,16.54,0.22
376.925,18,-35.3659191,149.1600791,100.746,20.021589646152254,16.44,0.37
377.024,18,-35.3659043,149.1600796,100.672,18.463177826629,16.34,0.52
377.124,18,-35.3658895,149.16008019999998,100.586,17.13046448558694,16.26,0.68
377.224,18,-35.3658749,149.160081,100.496,15.961899373320508,16.18,0.86
377.324,18,-35.3658602,149.160082,100.404,14.77189771234399,16.11,1.04
377.42400000000004,18,-35.3658457,149.1600833,100.316,13.529324085325882,16.04,1.21
377.524,18,-35.365831299999996,149.1600847,100.24000000000001,12.156472283852597,15.98,1.37
377.624,18,-35.365817,149.1600862,100.177,10.670594511993944,15.92,1.51
377.724,18,-35.3658028,149.16008789999998,100.128,9.025996804202531,15.870000000000001,1.62
377.824,18,-35.3657886,149.1600897,100.089,7.293608113688007,15.82,1.7
377.92400000000004,18,-35.3657745,149.1600915,100.057,5.50710084617171,15.780000000000001,1.75
378.024,18,-35.3657605,149.1600934,100.03,3.7507778921449924,15.76,1.76
378.124,18,-35.3657464,149.1600953,99.999,2.107808757583806,15.75,1.76
378.224,18,-35.3657323,149.1600972,99.965,0.5823174360038103,15.74,1.74
378.324,18,-35.3657183,149.160099,99.925,-0.7338463033184539,15.75,1.7
378.42400000000004,18,-35.365704199999996,149.1601009,99.882,-1.7846106093611491,15.76,1.6600000000000001
378.524,18,-35.3656901,149.1601026,99.83800000000001,-2.572124803917861,15.780000000000001,1.62
378.624,18,-35.3656759,149.1601043,99.792,-3.1633303971051205,15.81,1.58
378.725,18,-35.3656617,149.16010599999998,99.744,-3.6540756469891287,15.84,1.53
378.825,18,-35.3656474,149.1601077,99.699,-4.00959211593017,15.88,1.48
378.925,18,-35.365632999999995,149.1601093,99.661,-4.307383241100848,15.93,1.42
379.024,18,-35.3656186,149.16011079999998,99.63,-4.513125187487734,15.97,1.37
379.124,18,-35.3656041,149.16011229999998,99.605,-4.696093575634505,16.01,1.31
379.224,18,-35.3655896,149.16011369999998,99.58500000000001,-4.877852166524537,16.05,1.25
379.324,18,-35.365575,149.160115,99.571,-5.032487649333627,16.1,1.18
379.42400000000004,18,-35.3655603,149.1601163,99.561,-5.129731613868037,16.15,1.12
379.524,18,-35.3655457,149.1601176,99.554,-5.19269998160003,16.19,1.06
379.624,18,-35.365531,149.1601187,99.548,-5.299851562412367,16.22,1.0
379.724,18,-35.3655164,149.1601198,99.54,-5.353841219593556,16.26,0.9400000000000001
379.824,18,-35.365501699999996,149.1601208,99.532,-5.27504687666782,16.29,0.89
379.92400000000004,18,-35.3654872,149.16012179999998,99.523,-5.200373699132539,16.32,0.8300000000000001
380.024,18,-35.365472499999996,149.1601227,99.512,-5.102613201542147,16.35,0.77
380.124,18,-35.365457899999996,149.1601236,99.501,-4.991047184091866,16.37,0.72
380.224,18,-35.365443299999995,149.1601243,99.49000000000001,-4.856686264060314,16.4,0.67
380.324,18,-35.3654286,149.1601251,99.479,-4.730754651238204,16.42,0.61
380.42400000000004,18,-35.365414,149.1601258,99.47,-4.555220070229346,16.45,0.56
380.524,18,-35.3653993,149.1601264,99.464,-4.38288970171487,16.47,0.51
380.624,18,-35.3653845,149.160127,99.461,-4.23008684403746,16.490000000000002,0.46
380.724,18,-35.365369799999996,149.1601275,99.461,-4.070265113214216,16.51,0.41000000000000003
380.825,18,-35.3653549,149.1601279,99.465,-3.8847089371456565,16.53,0.36
380.925,18,-35.365339999999996,149.1601284,99.471,-3.701498504170173,16.55,0.32
381.02500000000003,18,-35.365325,149.1601287,99.48100000000001,-3.510105291125603,16.57,0.28
381.124,18,-35.36531,149.1601291,99.49000000000001,-3.314256873751481,16.59,0.25
381.224,18,-35.365294999999996,149.1601294,99.498,-3.0760935134784253,16.61,0.22
381.324,18,-35.3652799,149.1601297,99.503,-2.8632539333268383,16.64,0.2
381.42400000000004,18,-35.3652648,149.1601299,99.507,-2.685399862764526,16.65,0.17
381.524,18,-35.3652497,149.1601302,99.511,-2.5222298451440945,16.67,0.15
381.624,18,-35.3652346,149.16013039999999,99.517,-2.348384455294345,16.69,0.12
381.724,18,-35.3652197,149.1601306,99.523,-2.2114528228139294,16.7,0.1
381.824,18,-35.3652047,149.1601307,99.529,-2.0615214193522755,16.71,0.08
381.92400000000004,18,-35.365189799999996,149.16013089999998,99.537,-1.8971550514100342,16.72,0.07
382.024,18,-35.3651749,149.160131,99.544,-1.7615359891890245,16.72,0.05
382.124,18,-35.365159999999996,149.1601311,99.55,-1.6165415318368206,16.73,0.04
382.224,18,-35.365145,149.1601312,99.556,-1.492816283560036,16.73,0.02
382.324,18,-35.3651301,149.1601313,99.561,-1.4050000077926532,16.73,0.01
382.42400000000004,18,-35.3651152,149.16013139999998,99.566,-1.3679749396841894,16.73,0.0
382.524,18,-35.3651003,149.16013139999998,99.57000000000001,-1.3417225740007164,16.740000000000002,-0.01
382.624,18,-35.3650854,149.16013139999998,99.575,-1.2593993711516105,16.740000000000002,-0.02
382.724,18,-35.3650704,149.1601315,99.581,-1.1946334897291397,16.75,-0.04
382.825,18,-35.3650555,149.1601315,99.586,-1.1200365114917876,16.75,-0.05
382.925,18,-35.3650403,149.1601315,99.589,-1.0006543030317794,16.77,-0.06
383.02500000000003,18,-35.3650251,149.1601315,99.593,-0.8759460944838948,16.77,-0.07
383.125,18,-35.3650099,149.1601315,99.599,-0.768396975317522,16.79,-0.07
383.224,18,-35.3649948,149.16013139999998,99.607,-0.6777884328400734,16.8,-0.08
383.324,18,-35.3649795,149.16013139999998,99.61500000000001,-0.5944237862250993,16.81,-0.09
383.42400000000004,18,-35.3649643,149.1601313,99.624,-0.501842226212016,16.82,-0.09
383.524,18,-35.3649491,149.1601313,99.635,-0.36800587004480617,16.830000000000002,-0.09
383.624,18,-35.3649339,149.1601312,99.647,-0.27481290137930103,16.84,-0.09
383.724,18,-35.3649188,149.1601312,99.658,-0.1933204869890641,16.84,-0.09
383.824,18,-35.3649037,149.1601311,99.671,-0.15422808603748123,16.830000000000002,-0.09
383.92400000000004,18,-35.3648887,149.160131,99.684,-0.1349388580889983,16.830000000000002,-0.09
384.024,18,-35.3648737,149.160131,99.696,-0.1084562936861548,16.82,-0.08
384.124,18,-35.3648587,149.16013089999998,99.708,-0.10316333730643126,16.81,-0.08
384.224,18,-35.3648437,149.16013089999998,99.718,-0.10911472659018667,16.8,-0.09
384.324,18,-35.3648288,149.1601308,99.726,-0.1416217446246062,16.8,-0.08
384.42400000000004,18,-35.3648138,149.1601307,99.73100000000001,-0.16279875948644396,16.79,-0.08
384.524,18,-35.3647989,149.1601307,99.733,-0.15112448543122445,16.79,-0.08
384.624,18,-35.3647839,149.1601306,99.733,-0.13587864943010974,16.78,-0.08
384.724,18,-35.3647689,149.1601306,99.733,-0.14464087500073697,16.78,-0.08
384.824,18,-35.364754,149.16013049999998,99.735,-0.11825182549258445,16.78,-0.07
384.925,18,-35.364739,149.16013049999998,99.74000000000001,-0.09563199986964761,16.78,-0.07
385.02500000000003,18,-35.3647239,149.16013039999999,99.75,-0.054230137869900885,16.77,-0.07
385.125,18,-35.3647087,149.1601303,99.764,-0.04909032713797373,16.78,-0.07
385.225,18,-35.364693599999995,149.1601303,99.778,-0.029198931969778893,16.78,-0.07
385.324,18,-35.364678399999995,149.1601302,99.79,-0.05887627066614958,16.78,-0.07
385.42400000000004,18,-35.364663199999995,149.1601302,99.801,-0.08894789937463644,16.79,-0.07
385.524,18,-35.364647999999995,149.1601301,99.812,-0.06253722538084996,16.8,-0.07
385.624,18,-35.364632799999995,149.16012999999998,99.821,-0.05893646170821032,16.8,-0.07
385.724,18,-35.364617599999995,149.16012999999998,99.825,-0.07226253430487543,16.81,-0.07
385.824,18,-35.364602399999995,149.1601299,99.828,-0.07580330703865269,16.82,-0.07
385.92400000000004,18,-35.3645873,149.1601298,99.82900000000001,-0.0543733050382067,16.82,-0.07
386.024,18,-35.3645722,149.1601298,99.83,-0.03893252516621564,16.82,-0.07
386.124,18,-35.3645572,149.1601297,99.833,-0.013535817434112023,16.82,-0.07
386.224,18,-35.364542199999995,149.1601296,99.839,0.006478881741781717,16.81,-0.08
386.324,18,-35.3645272,149.16012949999998,99.84700000000001,0.046449461842825404,16.81,-0.07
386.42400000000004,18,-35.3645123,149.16012949999998,99.85600000000001,0.09170304694141017,16.8,-0.07
386.524,18,-35.3644973,149.1601294,99.864,0.11110958205486675,16.8,-0.07
386.624,18,-35.3644823,149.1601293,99.87,0.10663996362492725,16.79,-0.06
386.724,18,-35.364467399999995,149.1601293,99.874,0.12110796514356048,16.79,-0.06
386.824,18,-35.3644524,149.1601292,99.875,0.18069604290684588,16.79,-0.05
386.92400000000004,18,-35.3644374,149.1601292,99.874,0.21185976817080754,16.78,-0.04
387.02500000000003,18,-35.364422399999995,149.1601291,99.871,0.2086969636982685,16.78,-0.03
387.125,18,-35.364407199999995,149.1601291,99.87,0.21125325537663833,16.79,-0.02
387.225,18,-35.364391999999995,149.1601291,99.869,0.19441140960577527,16.79,-0.02
387.325,18,-35.364376799999995,149.16012899999998,99.871,0.12659255368622782,16.81,-0.01
387.42400000000004,18,-35.364361599999995,149.16012899999998,99.874,0.10293059060633515,16.81,-0.01
387.524,18,-35.364346399999995,149.16012899999998,99.876,0.08882574304215635,16.82,0.0
387.624,18,-35.364331199999995,149.16012899999998,99.88,0.07313333006319916,16.830000000000002,0.0
387.724,18,-35.364315999999995,149.16012899999998,99.884,-0.02008258043399569,16.84,0.0
387.824,18,-35.3643007,149.16012899999998,99.89,-0.09518372868472585,16.85,-0.01
387.92400000000004,18,-35.364285599999995,149.16012899999998,99.897,-0.1304447670379018,16.85,-0.01
388.024,18,-35.364270499999996,149.16012899999998,99.907,-0.11867216227101791,16.84,0.0
388.124,18,-35.3642555,149.1601289,99.916,-0.09786365078913689,16.84,0.0
388.224,18,-35.3642405,149.1601289,99.925,-0.07238939973262312,16.830000000000002,0.0
388.324,18,-35.364225499999996,149.1601289,99.933,-0.048231961123320226,16.830000000000002,0.0
388.42400000000004,18,-35.3642105,149.1601289,99.93900000000001,-0.037623770207791285,16.82,0.0
388.524,18,-35.3641955,149.1601289,99.941,-0.047301758060462586,16.82,0.0
388.624,18,-35.364180499999996,149.1601289,99.93900000000001,-0.058498435807043586,16.82,0.0
388.724,18,-35.3641655,149.1601289,99.935,-0.11402864749161416,16.81,0.0
388.824,18,-35.3641505,149.1601289,99.93,-0.1577162983311611,16.81,0.0
388.92400000000004,18,-35.364135499999996,149.1601289,99.926,-0.19946628320011361,16.8,0.0
389.024,18,-35.3641205,149.1601289,99.923,-0.21732832177718123,16.8,-0.01
389.125,18,-35.364105599999995,149.1601289,99.921,-0.278690394435032,16.79,-0.02
389.225,18,-35.364090399999995,149.1601289,99.917,-0.3122733673669269,16.79,-0.02
389.325,18,-35.364075299999996,149.1601288,99.912,-0.2893884983876818,16.8,-0.03
389.425,18,-35.364060099999996,149.1601288,99.909,-0.2609431884133852,16.8,-0.03
389.524,18,-35.364044899999996,149.1601287,99.909,-0.19216236971835024,16.81,-0.03
389.624,18,-35.364029699999996,149.1601287,99.91,-0.10891408311321094,16.81,-0.03
389.724,18,-35.364014399999995,149.1601286,99.91,-0.04232257350089643,16.82,-0.03
389.824,18,-35.363999199999995,149.1601286,99.911,0.036920334094452695,16.82,-0.03
389.92400000000004,18,-35.363983999999995,149.1601286,99.913,0.10286418302491264,16.830000000000002,-0.03
390.024,18,-35.363968799999995,149.16012849999998,99.915,0.1252389889515885,16.830000000000002,-0.02
390.124,18,-35.363953599999995,149.16012849999998,99.918,0.15602794760548536,16.830000000000002,-0.02
390.224,18,-35.3639386,149.16012849999998,99.921,0.16905681359176236,16.830000000000002,-0.01
390.324,18,-35.3639235,149.1601284,99.927,0.1774692187510512,16.82,-0.01
390.42400000000004,18,-35.3639085,149.1601284,99.933,0.18985095099389596,16.82,-0.01
390.524,18,-35.363893499999996,149.1601284,99.937,0.19685776458697699,16.81,-0.01
390.624,18,-35.3638785,149.1601284,99.943,0.16986322948107344,16.8,0.0
390.724,18,-35.3638636,149.1601284,99.949,0.12833888097856935,16.79,0.0
390.824,18,-35.3638486,149.1601284,99.95100000000001,0.06455018351487322,16.79,0.0
390.92400000000004,18,-35.3638336,149.1601284,99.952,0.07066643782374113,16.79,0.0
391.024,18,-35.3638186,149.1601284,99.952,0.08758328894344872,16.79,0.0
391.124,18,-35.3638037,149.1601284,99.95100000000001,0.0654278228025802,16.78,0.0
391.225,18,-35.3637886,149.1601284,99.95,0.004108029449248735,16.78,0.0
391.325,18,-35.3637734,149.1601284,99.94800000000001,-0.046381463440976094,16.79,0.01
391.425,18,-35.3637583,149.1601284,99.944,-0.13243626076884976,16.79,0.0
391.524,18,-35.3637431,149.1601284,99.941,-0.22369195032994393,16.81,0.0
391.624,18,-35.3637279,149.1601284,99.93900000000001,-0.2515782786897837,16.82,0.0
391.724,18,-35.3637127,149.1601284,99.94,-0.2244902020087627,16.830000000000002,0.0
391.824,18,-35.3636975,149.1601284,99.94,-0.23273466722379124,16.84,0.0
391.92400000000004,18,-35.3636822,149.1601284,99.94200000000001,-0.23948075968964821,16.85,0.0
392.024,18,-35.363667,149.1601284,99.94500000000001,-0.22111059239092867,16.85,-0.01
392.124,18,-35.3636519,149.1601283,99.95,-0.20817878979605992,16.86,-0.01
392.224,18,-35.3636367,149.1601283,99.953,-0.1929153580537045,16.86,-0.01
392.324,18,-35.363621699999996,149.1601283,99.95400000000001,-0.18823499760537968,16.85,-0.02
392.42400000000004,18,-35.3636067,149.1601283,99.955,-0.14262953103251366,16.85,-0.02
392.524,18,-35.3635917,149.1601283,99.95700000000001,-0.07747842427281154,16.85,-0.02
392.624,18,-35.3635766,149.1601282,99.959,-0.053820623339444325,16.84,-0.02
392.724,18,-35.3635616,149.1601282,99.959,0.026051793910143253,16.84,-0.02
392.824,18,-35.3635466,149.1601282,99.95700000000001,0.10538687070617453,16.84,-0.03
392.92400000000004,18,-35.3635316,149.16012809999998,99.95400000000001,0.15281250265156962,16.84,-0.02
393.024,18,-35.3635166,149.16012809999998,99.953,0.16022656627391269,16.84,-0.02
393.124,18,-35.3635016,149.16012809999998,99.953,0.16824562190611755,16.84,-0.01
393.224,18,-35.3634865,149.16012809999998,99.953,0.18263165448460403,16.830000000000002,-0.01
393.325,18,-35.3634714,149.16012809999998,99.952,0.17738194707614843,16.830000000000002,0.0
393.425,18,-35.363456299999996,149.16012809999998,99.952,0.19581852195629046,16.830000000000002,0.0
393.52500000000003,18,-35.363441099999996,149.16012809999998,99.953,0.19549684939485196,16.830000000000002,0.0
393.624,18,-35.363426,149.16012809999998,99.953,0.14813047467659202,16.84,0.0
393.724,18,-35.363410699999996,149.16012809999998,99.95400000000001,0.07590202461650053,16.85,0.0
393.824,18,-35.363395499999996,149.16012809999998,99.955,0.028961312756803193,16.85,0.0
393.92400000000004,18,-35.3633802,149.16012809999998,99.958,-0.0032919444066411944,16.86,0.0
394.024,18,-35.3633649,149.16012809999998,99.959,0.31523126616436553,16.87,0.0
394.124,18,-35.3633498,149.16012809999998,99.961,1.690558264159839,16.87,-0.01
394.224,18,-35.3633346,149.16012809999998,99.964,4.311222661188042,16.86,0.03
394.324,18,-35.363319499999996,149.16012809999998,99.96900000000001,7.747175363259166,16.84,0.17
394.42400000000004,18,-35.3633045,149.1601284,99.973,11.66792165912628,16.8,0.37
394.524,18,-35.3632895,149.16012899999998,99.976,15.862899196395759,16.740000000000002,0.64
394.624,18,-35.3632746,149.1601299,99.976,20.07886590498469,16.68,0.96
394.724,18,-35.3632597,149.1601312,99.97,23.77659542539348,16.61,1.33
394.824,18,-35.3632449,149.16013289999998,99.958,26.696648144641088,16.53,1.75
394.92400000000004,18,-35.3632302,149.1601351,99.946,28.74892191474399,16.44,2.2
395.024,18,-35.3632156,149.1601378,99.937,30.157597204640346,16.34,2.66
395.124,18,-35.3632011,149.1601411,99.932,31.20382850622997,16.23,3.13
395.224,18,-35.3631866,149.16014479999998,99.933,32.07445564425857,16.1,3.62
395.325,18,-35.363172299999995,149.16014909999998,99.941,32.93599180050189,15.950000000000001,4.12
395.425,18,-35.363158,149.160154,99.95400000000001,33.894864982607054,15.780000000000001,4.64
395.52500000000003,18,-35.363143799999996,149.1601596,99.973,34.91458832002786,15.6,5.17
395.625,18,-35.363129799999996,149.1601656,99.996,36.031317419135775,15.39,5.71
395.724,18,-35.363116,149.1601724,100.024,37.23955056255435,15.16,6.25
395.824,18,-35.363102399999995,149.1601797,100.053,38.50101137017484,14.92,6.8
395.92400000000004,18,-35.363088999999995,149.1601876,100.08,39.66024473648774,14.65,7.36
396.024,18,-35.3630759,149.1601962,100.105,40.673465733818695,14.36,7.930000000000001
396.124,18,-35.3630631,149.1602054,100.128,41.509771171267985,14.030000000000001,8.52
396.224,18,-35.3630506,149.1602153,100.153,42.200945334138254,13.67,9.11
396.324,18,-35.3630385,149.16022569999998,100.183,42.75536886454111,13.27,9.71
396.42400000000004,18,-35.3630268,149.16023669999998,100.21600000000001,43.212619293622204,12.85,10.3
396.524,18,-35.3630156,149.1602484,100.254,43.54860654417888,12.38,10.88
396.624,19,-35.3630048,149.16026069999998,100.297,43.79819531682949,11.88,11.450000000000001
396.724,19,-35.3629945,149.16027359999998,100.34700000000001,44.0176936910916,11.34,12.0
396.824,19,-35.3629847,149.16028699999998,100.402,44.21476855430857,10.8,12.52
396.92400000000004,19,-35.362975399999996,149.160301,100.459,44.394675737046704,10.24,13.0
397.024,19,-35.3629666,149.1603155,100.515,44.52067565176051,9.68,13.44
397.124,19,-35.362958299999995,149.1603305,100.566,44.63900867913098,9.120000000000001,13.86
397.224,19,-35.3629505,149.16034589999998,100.613,44.70541860843102,8.55,14.25
397.324,19,-35.3629432,149.1603618,100.653,44.72198864735747,7.98,14.61
397.425,19,-35.362936399999995,149.16037799999998,100.686,44.7249666098356,7.4,14.950000000000001
397.52500000000003,19,-35.3629301,149.1603949,100.715,44.68660143726763,6.79,15.280000000000001
397.625,19,-35.362924299999996,149.16041199999998,100.742,44.637919263958366,6.17,15.6
397.725,19,-35.362919,149.1604295,100.767,44.62054326270985,5.54,15.9
397.824,19,-35.3629144,149.1604473,100.791,44.616397337883654,4.88,16.17
397.92400000000004,19,-35.362910299999996,149.1604655,100.812,44.392370548201825,4.21,16.43
398.024,19,-35.3629069,149.16048379999998,100.82900000000001,43.50567197505618,3.5500000000000003,16.65
398.124,19,-35.362904,149.1605025,100.846,41.75162475468355,2.9,16.84
398.224,19,-35.3629017,149.1605212,100.86500000000001,39.42611609702346,2.3000000000000003,16.97
398.324,19,-35.362899999999996,149.1605399,100.891,37.042902586160515,1.75,17.05
398.42400000000004,19,-35.362898699999995,149.1605587,100.918,34.732676476768326,1.27,17.080000000000002
398.524,19,-35.3628978,149.1605773,100.94200000000001,32.19317457731715,0.85,17.07
398.624,19,-35.3628972,149.160596,100.96000000000001,29.41810286848682,0.5,17.03
398.724,19,-35.362896899999996,149.16061449999998,100.97,26.74516980850486,0.22,16.97
398.824,19,-35.3628968,149.160633,100.96600000000001,24.50787816661736,0.0,16.9
398.92400000000004,19,-35.362896899999996,149.16065129999998,100.94200000000001,22.661823175482777,-0.19,16.830000000000002
399.024,19,-35.3628972,149.1606697,100.897,21.128508886064736,-0.39,16.77
399.124,19,-35.362897499999995,149.1606879,100.83500000000001,19.744176390370306,-0.59,16.71
399.224,19,-35.362898099999995,149.1607062,100.762,18.409798190718057,-0.79,16.67
399.324,19,-35.3628989,149.1607243,100.681,17.02463411949218,-0.99,16.64
399.42400000000004,19,-35.3628998,149.1607425,100.596,15.53139596502919,-1.18,16.61
399.52500000000003,19,-35.3629009,149.1607607,100.516,13.903840432990606,-1.36,16.59
399.625,19,-35.3629022,149.160779,100.443,12.135610324806441,-1.52,16.580000000000002
399.725,19,-35.362903599999996,149.1607974,100.38,10.290557663932557,-1.6600000000000001,16.57
399.825,19,-35.3629051,149.1608157,100.331,8.372401488372025,-1.76,16.55
399.92400000000004,19,-35.362906699999996,149.1608341,100.292,6.416180668567013,-1.83,16.54
400.024,19,-35.3629083,149.16085239999998,100.26,4.523754242496743,-1.87,16.53
400.124,19,-35.36291,149.1608708,100.22800000000001,2.734099324990128,-1.8800000000000001,16.51
400.224,19,-35.3629116,149.1608891,100.193,1.0661791892257677,-1.87,16.5
400.324,19,-35.362913299999995,149.16090749999998,100.152,-0.39991760774459,-1.84,16.490000000000002
400.42400000000004,19,-35.3629149,149.1609258,100.105,-1.674390032455655,-1.81,16.490000000000002
400.524,19,-35.3629165,149.1609439,100.056,-2.7446472715027435,-1.76,16.490000000000002
400.624,19,-35.362918,149.1609621,100.006,-3.6010558766700815,-1.7,16.490000000000002
400.724,19,-35.362919399999996,149.16098019999998,99.95700000000001,-4.256441555836777,-1.6300000000000001,16.490000000000002
400.824,19,-35.3629208,149.1609982,99.912,-4.72172001851357,-1.55,16.490000000000002
400.92400000000004,19,-35.3629221,149.1610163,99.873,-5.038060656809534,-1.48,16.490000000000002
401.024,19,-35.3629234,149.1610344,99.83800000000001,-5.225831948603293,-1.4000000000000001,16.490000000000002
401.124,19,-35.3629246,149.1610524,99.812,-5.3331705058441585,-1.33,16.5
401.224,19,-35.3629257,149.1610705,99.791,-5.379287516233262,-1.25,16.5
401.324,19,-35.362926699999996,149.1610886,99.774,-5.383486375025527,-1.17,16.51
401.42400000000004,19,-35.3629277,149.1611067,99.758,-5.354475573412721,-1.1,16.52
401.524,19,-35.3629286,149.16112479999998,99.74000000000001,-5.290067743313147,-1.03,16.53
401.625,19,-35.3629295,149.16114299999998,99.723,-5.214297893529257,-0.9500000000000001,16.54
401.725,19,-35.362930299999995,149.1611615,99.703,-5.061516380193003,-0.88,16.56
401.825,19,-35.362930999999996,149.16117979999999,99.683,-4.881197678557374,-0.8200000000000001,16.57
401.92400000000004,19,-35.3629317,149.1611983,99.666,-4.663992113422268,-0.76,16.59
402.024,19,-35.3629324,149.16121669999998,99.651,-4.406082035928471,-0.71,16.61
402.124,19,-35.362933,149.1612352,99.636,-4.135877191041828,-0.67,16.63
402.224,19,-35.3629336,149.1612537,99.622,-3.8897982818509624,-0.62,16.65
402.324,19,-35.3629342,149.1612723,99.61,-3.693733005970692,-0.5700000000000001,16.66
402.42400000000004,19,-35.3629347,149.1612908,99.601,-3.498853621685065,-0.53,16.68
402.524,19,-35.3629351,149.1613092,99.599,-3.3493149541006866,-0.48,16.69
402.624,19,-35.3629355,149.1613276,99.601,-3.207951596065991,-0.44,16.69
402.724,19,-35.3629359,149.1613459,99.60300000000001,-3.074307419010467,-0.4,16.69
402.824,19,-35.3629363,149.16136419999998,99.60600000000001,-2.9446392658255367,-0.36,16.69
402.92400000000004,19,-35.3629366,149.1613825,99.60900000000001,-2.7770014507142706,-0.32,16.69
403.024,19,-35.3629369,149.1614008,99.614,-2.5709096705758334,-0.29,16.69
403.124,19,-35.3629372,149.161419,99.617,-2.366086384632314,-0.27,16.69
403.224,19,-35.3629374,149.1614373,99.619,-2.1908634310043373,-0.25,16.69
403.324,19,-35.362937699999996,149.16145559999998,99.619,-2.0547031830133102,-0.22,16.69
403.42400000000004,19,-35.3629379,149.1614739,99.619,-1.93331791485749,-0.2,16.69
403.524,19,-35.3629381,149.1614922,99.619,-1.7967239498541667,-0.18,16.69
403.624,19,-35.362938299999996,149.1615105,99.621,-1.67897191544997,-0.16,16.69
403.725,19,-35.3629384,149.161529,99.627,-1.5787584194521909,-0.14,16.69
403.825,19,-35.3629386,149.1615473,99.635,-1.4798059471299254,-0.12,16.69
403.925,19,-35.3629387,149.1615658,99.642,-1.3861976709463717,-0.11,16.7
404.024,19,-35.362938899999996,149.1615843,99.65,-1.2747045444211398,-0.1,16.7
404.124,19,-35.362939,149.1616029,99.658,-1.2064884569724605,-0.09,16.72
404.224,19,-35.3629391,149.1616215,99.664,-1.122584385495614,-0.07,16.72
404.324,19,-35.3629392,149.1616401,99.667,-1.0452655768740118,-0.06,16.740000000000002
404.42400000000004,19,-35.3629393,149.1616587,99.671,-0.9923104799086683,-0.05,16.740000000000002
404.524,19,-35.3629394,149.16167719999999,99.674,-0.9559817709304282,-0.04,16.75
404.624,19,-35.3629394,149.1616957,99.677,-0.8853535061268238,-0.03,16.75
404.724,19,-35.362939499999996,149.161714,99.683,-0.8431323716072727,-0.01,16.75
404.824,19,-35.362939499999996,149.1617324,99.69,-0.8157531847933064,0.0,16.75
404.92400000000004,19,-35.3629396,149.1617508,99.697,-0.7855449656416325,0.0,16.740000000000002
405.024,19,-35.3629396,149.1617691,99.70400000000001,-0.7280811434112872,0.0,16.740000000000002
405.124,19,-35.3629396,149.1617875,99.71000000000001,-0.6309066547073405,0.01,16.740000000000002
405.224,19,-35.3629397,149.1618058,99.718,-0.5310697262484113,0.01,16.73
405.324,19,-35.3629397,149.1618241,99.72500000000001,-0.41907807595504765,0.01,16.73
405.42400000000004,19,-35.3629397,149.1618425,99.729,-0.35754631578500434,0.01,16.740000000000002
405.524,19,-35.3629397,149.1618608,99.729,-0.3452298572054582,0.01,16.740000000000002
405.624,19,-35.3629397,149.1618792,99.727,-0.3073641155401273,0.02,16.75
405.724,19,-35.3629397,149.1618976,99.723,-0.3061614686376762,0.02,16.75
405.825,19,-35.3629397,149.16191609999998,99.723,-0.32121205727806373,0.03,16.75
405.925,19,-35.3629398,149.1619347,99.727,-0.3055908543572892,0.03,16.76
406.02500000000003,19,-35.3629398,149.1619533,99.73400000000001,-0.2824206915780639,0.03,16.77
406.124,19,-35.3629398,149.1619719,99.742,-0.26128939362694026,0.04,16.78
406.224,19,-35.3629398,149.1619905,99.752,-0.24110004813147015,0.04,16.79
406.324,19,-35.3629398,149.1620093,99.764,-0.23083990337892094,0.04,16.8
406.42400000000004,19,-35.3629398,149.1620279,99.775,-0.22949395590603175,0.05,16.81
406.524,19,-35.3629397,149.1620466,99.784,-0.17702872491043828,0.05,16.82
406.624,19,-35.3629397,149.1620653,99.79,-0.14534958716840513,0.04,16.82
406.724,19,-35.3629397,149.1620838,99.797,-0.11831697909396402,0.03,16.82
406.824,19,-35.3629397,149.1621023,99.803,-0.07790209610455066,0.03,16.830000000000002
406.92400000000004,19,-35.3629397,149.1621207,99.809,-0.04252414412269114,0.02,16.82
407.024,19,-35.3629397,149.16213919999998,99.815,-0.02574300132457124,0.02,16.82
407.124,19,-35.3629397,149.1621575,99.818,-0.027106399463882352,0.02,16.81
407.224,19,-35.3629397,149.1621759,99.819,-0.07536476086917027,0.02,16.81
407.324,19,-35.3629397,149.16219429999998,99.82300000000001,-0.16364248795213887,0.02,16.8
407.42400000000004,19,-35.3629398,149.1622127,99.82900000000001,-0.18482950797389364,0.02,16.79
407.524,19,-35.3629398,149.162231,99.837,-0.22179836042383724,0.02,16.78
407.624,19,-35.3629398,149.1622494,99.845,-0.25049726785149695,0.03,16.78
407.724,19,-35.3629398,149.1622677,99.854,-0.2724829530986804,0.03,16.77
407.825,19,-35.3629398,149.1622861,99.863,-0.31600107650859355,0.03,16.77
407.925,19,-35.3629397,149.1623048,99.872,-0.34568331773332356,0.03,16.77
408.02500000000003,19,-35.3629397,149.1623233,99.879,-0.35160661252803205,0.03,16.77
408.125,19,-35.3629397,149.1623419,99.882,-0.3343977107903469,0.04,16.78
408.224,19,-35.3629397,149.1623605,99.884,-0.3226124595013279,0.04,16.78
408.324,19,-35.3629397,149.16237909999998,99.885,-0.31774885788417634,0.04,16.79
408.42400000000004,19,-35.3629396,149.16239769999999,99.886,-0.27540387282506584,0.05,16.79
408.524,19,-35.3629396,149.16241639999998,99.888,-0.24147210667825073,0.05,16.8
408.624,19,-35.3629396,149.162435,99.891,-0.19488604105202506,0.06,16.8
408.724,19,-35.362939499999996,149.1624534,99.897,-0.1593727792874479,0.06,16.8
408.824,19,-35.362939499999996,149.16247189999999,99.904,-0.10738717564795607,0.05,16.79
408.92400000000004,19,-35.3629394,149.1624903,99.912,-0.07842580619524668,0.05,16.79
409.024,19,-35.3629394,149.1625086,99.917,-0.03114156049969217,0.04,16.79
409.124,19,-35.3629394,149.16252699999998,99.92,0.030126396953872578,0.03,16.79
409.224,19,-35.3629393,149.1625453,99.921,0.057752951341627105,0.03,16.79
409.324,19,-35.3629393,149.1625636,99.92,0.05730498031150286,0.03,16.78
409.42400000000004,19,-35.3629393,149.162582,99.921,0.039518920918845034,0.02,16.78
409.524,19,-35.3629393,149.16260029999998,99.92,0.010774366616590578,0.02,16.78
409.624,19,-35.3629393,149.1626187,99.919,0.01946975104886555,0.02,16.78
409.724,19,-35.3629393,149.162637,99.918,0.028437819444572045,0.02,16.78
409.824,19,-35.3629392,149.1626554,99.92,0.04164292298773389,0.01,16.78
409.925,19,-35.3629392,149.1626737,99.923,0.025219469659227077,0.01,16.78
410.02500000000003,19,-35.3629392,149.1626923,99.925,-0.0055394501695456245,0.0,16.78
410.125,19,-35.3629392,149.16271089999998,99.927,-0.04003841216710938,0.01,16.79
410.225,19,-35.3629392,149.1627294,99.928,-0.08334112781906255,0.01,16.8
410.324,19,-35.3629392,149.1627481,99.928,-0.10592839665162944,0.01,16.81
410.42400000000004,19,-35.3629392,149.1627667,99.928,-0.1207726055233555,0.02,16.82
410.524,19,-35.3629391,149.1627854,99.928,-0.15332810189262627,0.02,16.830000000000002
410.624,19,-35.3629391,149.1628041,99.928,-0.16949390567800351,0.02,16.84
410.724,19,-35.3629391,149.1628228,99.928,-0.17829795281708383,0.03,16.85
410.824,19,-35.3629391,149.16284149999998,99.93,-0.19056439893725816,0.03,16.86
410.92400000000004,19,-35.362939,149.1628601,99.934,-0.16546324029404974,0.03,16.86
411.024,19,-35.362939,149.1628786,99.938,-0.12975689228328746,0.03,16.86
411.124,19,-35.362939,149.16289709999998,99.943,-0.10369803973282277,0.03,16.86
411.224,19,-35.362938899999996,149.1629155,99.95100000000001,-0.06599244065712356,0.03,16.86
411.324,19,-35.362938899999996,149.16293389999998,99.96000000000001,-0.02879807857275716,0.03,16.85
411.42400000000004,19,-35.362938899999996,149.1629523,99.96900000000001,0.02789251321619516,0.03,16.84
411.524,19,-35.362938799999995,149.1629707,99.97500000000001,0.07076598916491539,0.03,16.84
411.624,19,-35.362938799999995,149.1629891,99.97800000000001,0.08184895826903955,0.03,16.84
411.724,19,-35.362938799999995,149.1630075,99.974,0.06380202433670559,0.03,16.830000000000002
411.824,19,-35.3629387,149.16302589999998,99.968,0.0703752743299429,0.02,16.830000000000002
411.92400000000004,19,-35.3629387,149.1630444,99.96000000000001,0.09852398467355299,0.02,16.84
412.02500000000003,19,-35.3629387,149.1630628,99.95100000000001,0.1190644045604044,0.01,16.84
412.125,19,-35.3629387,149.1630816,99.94500000000001,0.14858867098015144,0.01,16.84
412.225,19,-35.3629387,149.1631002,99.941,0.1696080045216971,0.01,16.85
412.325,19,-35.3629387,149.1631189,99.938,0.15895544405698953,0.0,16.86
412.42400000000004,19,-35.3629387,149.1631375,99.93900000000001,0.08648431550805763,0.0,16.86
412.524,19,-35.3629387,149.1631563,99.94500000000001,0.04080473738063299,0.0,16.87
412.624,19,-35.3629387,149.163175,99.953,0.028867421001088658,0.0,16.87
412.724,19,-35.3629387,149.1631937,99.961,0.019837832544579118,0.0,16.87
412.824,19,-35.3629387,149.1632124,99.967,-0.04020119611895915,0.0,16.87
412.92400000000004,19,-35.3629387,149.1632309,99.97,-0.07236207897594307,0.0,16.86
413.024,19,-35.3629387,149.1632495,99.96900000000001,-0.1095620973107159,0.0,16.86
413.124,19,-35.3629387,149.1632679,99.96600000000001,-0.15003536374329832,0.0,16.86
413.224,19,-35.3629387,149.1632864,99.961,-0.17924561488399665,0.0,16.86
413.324,19,-35.3629387,149.1633048,99.956,-0.2174531861729455,0.0,16.85
413.42400000000004,19,-35.3629387,149.16332319999998,99.95100000000001,-0.22679856582438904,0.0,16.85
413.524,19,-35.3629387,149.1633416,99.946,-0.19219582697311272,0.01,16.85
413.624,19,-35.3629387,149.16335999999998,99.94200000000001,-0.15969426508590126,0.01,16.84
413.724,19,-35.3629387,149.1633784,99.941,-0.1259410176724321,0.01,16.84
413.824,19,-35.3629387,149.1633968,99.943,-0.09819476155143045,0.01,16.830000000000002
413.92400000000004,19,-35.3629387,149.1634152,99.946,-0.0826194756445684,0.01,16.82
414.024,19,-35.3629387,149.1634336,99.952,-0.08509809393144917,0.01,16.82
414.125,19,-35.3629387,149.163452,99.958,-0.06508932823226787,0.01,16.81
414.225,20,-35.3629387,149.16347059999998,99.96300000000001,-0.038715843417892935,0.01,16.81
414.325,20,-35.3629387,149.1634892,99.967,-0.021346670691023858,0.0,16.81
414.42400000000004,20,-35.3629387,149.1635078,99.967,-0.041452104577796654,0.0,16.82
414.524,20,-35.3629387,149.1635265,99.964,-0.14732620656160977,0.0,16.830000000000002
414.624,20,-35.3629387,149.1635451,99.958,-0.4271415411570708,0.0,16.84
414.724,20,-35.3629387,149.16356389999999,99.95100000000001,-1.1497404705836443,0.01,16.85
414.824,20,-35.3629386,149.16358259999998,99.94500000000001,-2.6659888920301724,0.03,16.86
414.92400000000004,20,-35.3629386,149.16360129999998,99.941,-5.239919213766444,0.09,16.85
415.024,20,-35.3629384,149.16361999999998,99.94,-8.94671026076973,0.23,16.84
415.124,20,-35.3629381,149.1636385,99.943,-13.60921936936846,0.45,16.8
415.224,20,-35.362937599999995,149.1636569,99.946,-18.836560362891504,0.76,16.73
415.324,20,-35.3629367,149.1636752,99.94800000000001,-24.197811483960876,1.1500000000000001,16.65
415.42400000000004,20,-35.3629354,149.1636934,99.94500000000001,-29.256698668210248,1.62,16.56
415.524,20,-35.3629337,149.16371139999998,99.934,-33.72927046127468,2.15,16.45
415.624,20,-35.362931499999995,149.1637293,99.918,-37.49303595812645,2.75,16.330000000000002
415.724,20,-35.3629287,149.1637471,99.897,-40.39971858207375,3.42,16.18
415.824,20,-35.3629253,149.1637647,99.878,-42.43798704928354,4.18,16.0
415.92400000000004,20,-35.3629211,149.163782,99.87,-43.62746107814668,4.99,15.77
416.024,20,-35.3629162,149.1637991,99.876,-44.18424443890778,5.84,15.49
416.124,20,-35.3629105,149.1638159,99.901,-44.30342782482992,6.68,15.16
416.225,20,-35.362904,149.1638324,99.947,-44.30571593820187,7.51,14.77
416.325,20,-35.3628967,149.1638484,100.014,-44.308126994978885,8.290000000000001,14.36
416.425,20,-35.3628888,149.163864,100.096,-44.34375326168967,9.02,13.91
416.524,20,-35.3628802,149.1638792,100.193,-44.3769343206776,9.700000000000001,13.450000000000001
416.624,20,-35.3628711,149.16389379999998,100.295,-44.48779170600149,10.3,12.99
416.724,20,-35.3628614,149.1639079,100.398,-44.580668618335324,10.85,12.540000000000001
416.824,20,-35.362851299999996,149.1639215,100.495,-44.62092233820879,11.34,12.11
416.92400000000004,20,-35.3628408,149.1639347,100.58200000000001,-44.6927144565748,11.790000000000001,11.69
417.024,20,-35.3628299,149.16394739999998,100.656,-44.703318325261236,12.200000000000001,11.26
417.124,20,-35.3628187,149.1639595,100.717,-44.734402516173965,12.6,10.81
417.224,20,-35.3628072,149.1639712,100.765,-44.75578783846528,12.98,10.35
417.324,20,-35.362795399999996,149.1639822,100.802,-44.702276721412815,13.370000000000001,9.84
417.42400000000004,20,-35.3627833,149.1639927,100.831,-44.60663016737054,13.74,9.31
417.524,20,-35.3627709,149.16400249999998,100.85300000000001,-44.56605884370067,14.11,8.75
417.624,20,-35.3627581,149.1640117,100.871,-44.56108305089031,14.48,8.15
417.724,20,-35.362745,149.16402019999998,100.888,-44.585220939417134,14.83,7.54
417.824,20,-35.3627316,149.1640281,100.902,-44.5270345578778,15.17,6.9
417.92400000000004,20,-35.362718,149.1640352,100.918,-44.20584832725253,15.48,6.25
418.024,20,-35.362704,149.16404169999998,100.934,-43.3379156988515,15.77,5.59
418.124,20,-35.3626898,149.1640474,100.953,-41.66163701236863,16.02,4.93
418.224,20,-35.3626754,149.1640524,100.974,-38.95756853505517,16.22,4.32
418.325,20,-35.3626607,149.1640568,101.001,-35.123363297293054,16.34,3.77
418.425,20,-35.3626461,149.1640607,101.033,-30.137523278669676,16.39,3.34
418.52500000000003,20,-35.3626313,149.16406419999998,101.06700000000001,-23.93210346486904,16.38,3.0300000000000002
418.624,20,-35.362616599999996,149.1640674,101.10000000000001,-16.934168263935362,16.29,2.86
418.724,20,-35.3626019,149.1640706,101.121,-9.793379656510865,16.16,2.83
418.824,20,-35.362587399999995,149.1640737,101.122,-3.0194795695520704,15.99,2.88
418.92400000000004,20,-35.362573,149.164077,101.09100000000001,3.0218908397724964,15.83,2.98
419.024,20,-35.3625587,149.16408049999998,101.027,8.043766936456862,15.68,3.1
419.124,20,-35.3625447,149.164084,100.931,11.984233696005093,15.540000000000001,3.25
419.224,20,-35.362530899999996,149.16408769999998,100.811,14.891822173791073,15.42,3.43
419.324,20,-35.3625172,149.1640917,100.68,16.9944959097795,15.3,3.65
419.42400000000004,20,-35.3625036,149.1640959,100.552,18.49414078168396,15.19,3.92
419.524,20,-35.362490099999995,149.1641005,100.44,19.690354499710608,15.07,4.24
419.624,20,-35.362476699999995,149.16410539999998,100.35000000000001,20.754506510135055,14.93,4.59
419.724,20,-35.3624635,149.16411069999998,100.285,21.73696092034969,14.780000000000001,4.96
419.824,20,-35.3624504,149.1641165,100.242,22.614127964508576,14.620000000000001,5.34
419.92400000000004,20,-35.3624375,149.16412259999998,100.217,23.353005876089508,14.46,5.7
420.024,20,-35.3624247,149.1641292,100.203,23.832357089777467,14.3,6.04
420.124,20,-35.362412,149.1641361,100.19500000000001,24.073037588203082,14.14,6.36
420.224,20,-35.362399499999995,149.1641433,100.186,24.07803728667553,14.0,6.65
420.325,20,-35.3623871,149.1641508,100.172,23.93863141816828,13.86,6.93
420.425,20,-35.3623747,149.1641587,100.153,23.699410872677753,13.73,7.19
420.52500000000003,20,-35.362362399999995,149.1641669,100.126,23.45779805343043,13.6,7.45
420.625,20,-35.3623502,149.16417529999998,100.09400000000001,23.242418283237832,13.47,7.71
420.724,20,-35.362338099999995,149.1641841,100.055,23.097838546434296,13.33,7.97
420.824,20,-35.3623262,149.1641931,100.014,23.106024528154556,13.19,8.23
420.92400000000004,20,-35.3623143,149.1642025,99.97500000000001,23.23036299935276,13.030000000000001,8.52
421.024,20,-35.3623026,149.1642121,99.93900000000001,23.415087173003048,12.85,8.81
421.124,20,-35.3622911,149.1642221,99.912,23.651908614547608,12.66,9.11
421.224,20,-35.362279799999996,149.1642324,99.892,23.87171946996425,12.46,9.41
421.324,20,-35.362268799999995,149.1642429,99.879,24.017366423825603,12.25,9.700000000000001
421.42400000000004,20,-35.362257899999996,149.1642537,99.869,24.08263229643966,12.030000000000001,9.98
421.524,20,-35.3622473,149.16426479999998,99.86200000000001,24.026933811305497,11.81,10.25
421.624,20,-35.3622369,149.1642762,99.858,23.825755711944648,11.6,10.5
421.724,20,-35.362226799999995,149.1642877,99.852,23.499494650766064,11.39,10.73
421.824,20,-35.3622167,149.1642996,99.843,23.044187410503845,11.19,10.950000000000001
421.92400000000004,20,-35.3622069,149.1643116,99.83,22.557259809479053,10.98,11.15
422.024,20,-35.3621973,149.1643239,99.815,22.131996863828423,10.78,11.36
422.124,20,-35.3621878,149.1643364,99.801,21.738958750681917,10.57,11.55
422.224,20,-35.3621785,149.16434909999998,99.787,21.402764886902844,10.36,11.75
422.324,20,-35.3621694,149.16436199999998,99.775,21.096509449803225,10.15,11.94
422.425,20,-35.3621605,149.1643751,99.763,20.847805186650138,9.950000000000001,12.120000000000001
422.52500000000003,20,-35.3621516,149.1643887,99.752,20.628805416197434,9.74,12.31
422.625,20,-35.362142999999996,149.1644024,99.742,20.39939643744963,9.53,12.49
422.725,20,-35.362134499999996,149.1644163,99.73400000000001,20.222318660575173,9.33,12.67
422.824,20,-35.3621262,149.1644304,99.72800000000001,20.066008073872137,9.120000000000001,12.84
422.92400000000004,20,-35.362117999999995,149.1644447,99.72200000000001,19.907923345532193,8.92,13.0
423.024,20,-35.362110099999995,149.16445919999998,99.717,19.736821984181496,8.72,13.16
423.124,20,-35.3621023,149.1644738,99.71300000000001,19.603209823637705,8.51,13.32
423.224,20,-35.3620947,149.1644886,99.712,19.453437435517667,8.3,13.47
423.324,20,-35.3620874,149.1645034,99.714,19.360884957169407,8.08,13.61
423.42400000000004,20,-35.362080299999995,149.1645184,99.718,19.304378802165893,7.86,13.75
423.524,20,-35.3620734,149.16453339999998,99.724,19.230885966696555,7.63,13.88
423.624,20,-35.3620668,149.16454869999998,99.729,19.138741592151206,7.42,14.01
423.724,20,-35.362060299999996,149.1645639,99.73400000000001,19.019302074135194,7.2,14.13
423.824,20,-35.362054,149.16457939999998,99.739,18.86150421374039,6.98,14.24
423.92400000000004,20,-35.3620479,149.1645949,99.743,18.715623325899966,6.7700000000000005,14.36
424.024,20,-35.362041999999995,149.1646106,99.746,18.58890453377601,6.5600000000000005,14.47
424.124,20,-35.3620363,149.1646265,99.746,18.458569156486533,6.34,14.58
424.224,20,-35.3620307,149.1646424,99.744,18.353582318754267,6.13,14.69
424.324,20,-35.3620254,149.1646585,99.738,18.26598172755427,5.92,14.790000000000001
424.42400000000004,20,-35.362020199999996,149.1646747,99.73100000000001,18.262913265069642,5.71,14.9
424.52500000000003,20,-35.3620152,149.164691,99.724,18.293112946484854,5.5,15.0
424.625,20,-35.362010399999996,149.16470759999999,99.71600000000001,18.297752352478586,5.28,15.11
424.725,20,-35.3620057,149.16472439999998,99.711,18.31153738177096,5.05,15.23
424.825,20,-35.362001299999996,149.1647413,99.71000000000001,18.359833649392122,4.83,15.34
424.92400000000004,20,-35.361996999999995,149.1647583,99.71300000000001,18.368345772645252,4.6000000000000005,15.450000000000001
425.024,20,-35.3619929,149.1647755,99.71600000000001,18.374445131574074,4.38,15.56
425.124,20,-35.361989099999995,149.16479289999998,99.721,18.37756652802477,4.15,15.66
425.224,20,-35.3619854,149.1648103,99.726,18.391930415849306,3.93,15.76
425.324,20,-35.361982,149.16482779999998,99.732,18.449754797362633,3.7,15.85
425.42400000000004,20,-35.3619787,149.1648454,99.73700000000001,18.49580564029415,3.48,15.94
425.524,20,-35.361975699999995,149.164863,99.74000000000001,18.51657624556016,3.25,16.03
425.624,20,-35.3619729,149.1648806,99.743,18.55216323868322,3.02,16.1
425.724,20,-35.361970299999996,149.1648983,99.745,18.615349318695007,2.79,16.17
425.824,20,-35.361967899999996,149.164916,99.747,18.679040832705375,2.56,16.25
425.92400000000004,20,-35.3619657,149.1649338,99.747,18.79837960543113,2.32,16.31
426.024,20,-35.3619638,149.1649516,99.745,18.947815606734547,2.09,16.38
426.124,20,-35.361962,149.1649696,99.743,19.094229249330233,1.84,16.45
426.224,20,-35.361960499999995,149.1649876,99.74000000000001,19.23327824045335,1.59,16.51
426.324,20,-35.3619592,149.1650056,99.73700000000001,19.37285827878444,1.34,16.57
426.42400000000004,20,-35.3619582,149.1650238,99.736,19.45866423778002,1.08,16.63
426.524,20,-35.3619573,149.165042,99.73700000000001,19.55096570667628,0.8200000000000001,16.68
426.625,20,-35.3619567,149.16506049999998,99.739,19.63073036335098,0.5700000000000001,16.740000000000002
426.725,20,-35.361956299999996,149.165079,99.74000000000001,19.706248349909227,0.31,16.8
426.825,20,-35.3619562,149.1650976,99.741,19.77061093000555,0.05,16.85
426.92400000000004,20,-35.361956299999996,149.1651163,99.742,19.8570606343304,-0.2,16.9
427.024,20,-35.3619565,149.1651351,99.743,19.925948214751855,-0.46,16.95
427.124,20,-35.3619571,149.1651539,99.744,19.98270708675466,-0.73,17.0
427.224,20,-35.3619579,149.1651728,99.748,20.06360896992617,-1.01,17.04
427.324,20,-35.3619589,149.1651918,99.755,20.17640954406893,-1.29,17.080000000000002
427.42400000000004,20,-35.3619602,149.1652107,99.765,20.317943016502642,-1.58,17.11
427.524,20,-35.361961799999996,149.16522949999998,99.776,20.469523697205442,-1.86,17.14
427.624,20,-35.361963599999996,149.1652484,99.787,20.612720320702053,-2.15,17.16
427.724,20,-35.3619657,149.1652672,99.798,20.714496969524415,-2.43,17.17
427.824,20,-35.361968,149.16528599999998,99.808,20.77712980421343,-2.71,17.18
427.92400000000004,20,-35.3619705,149.1653048,99.81700000000001,20.82021292995058,-2.98,17.19
428.024,20,-35.361973299999995,149.1653236,99.824,20.85061751704089,-3.25,17.18
428.124,20,-35.361976399999996,149.1653423,99.831,20.920268371102097,-3.52,17.18
428.224,20,-35.3619797,149.16536109999998,99.836,21.006508047109968,-3.8000000000000003,17.18
428.324,20,-35.3619832,149.1653799,99.83800000000001,21.109667809239255,-4.08,17.17
428.42400000000004,20,-35.361987,149.1653987,99.839,21.245769573735515,-4.36,17.16
428.524,20,-35.361990999999996,149.1654175,99.837,21.393749037198425,-4.64,17.14
428.624,20,-35.3619953,149.1654362,99.833,21.5494363691397,-4.93,17.12
428.725,20,-35.362,149.1654551,99.827,21.750336138291868,-5.22,17.1
428.825,20,-35.3620048,149.1654739,99.82000000000001,21.998635712736633,-5.53,17.07
428.925,20,-35.36201,149.16549279999998,99.815,22.249324145843612,-5.8500000000000005,17.04
429.024,20,-35.3620154,149.1655116,99.813,22.45271351894825,-6.17,17.01
429.124,20,-35.3620212,149.1655305,99.81400000000001,22.6565109958558,-6.49,16.98
429.224,20,-35.3620273,149.16554929999998,99.818,22.81760100743055,-6.8100000000000005,16.94
429.324,20,-35.3620336,149.1655682,99.82300000000001,22.921156920531697,-7.13,16.91
429.42400000000004,20,-35.3620403,149.1655869,99.83,22.984576934522558,-7.44,16.86
429.524,20,-35.3620471,149.1656055,99.836,23.05937604367066,-7.74,16.8
429.624,20,-35.362054199999996,149.16562389999999,99.84100000000001,23.204100921994062,-8.05,16.740000000000002
429.724,20,-35.3620616,149.1656423,99.846,23.35559793287953,-8.36,16.66
429.824,20,-35.3620693,149.1656605,99.85000000000001,23.497752952527712,-8.67,16.59
429.92400000000004,20,-35.3620772,149.1656786,99.85300000000001,23.70460010889967,-8.98,16.51
430.024,20,-35.3620854,149.16569669999998,99.85600000000001,23.936876059551587,-9.290000000000001,16.42
430.124,20,-35.3620938,149.1657146,99.85900000000001,24.229658948513354,-9.6,16.330000000000002
430.224,20,-35.3621026,149.1657324,99.861,24.523625167748826,-9.92,16.23
430.324,20,-35.3621116,149.1657501,99.85900000000001,24.796306809983243,-10.24,16.13
430.42400000000004,20,-35.3621209,149.1657677,99.85900000000001,25.000353588795498,-10.57,16.01
430.524,20,-35.3621306,149.1657852,99.86200000000001,25.19789119732873,-10.9,15.89
430.624,20,-35.362140499999995,149.1658026,99.868,25.43298972365515,-11.23,15.76
430.725,20,-35.3621507,149.16581979999998,99.873,25.67259958992837,-11.56,15.620000000000001
430.825,20,-35.3621613,149.16583699999998,99.88,25.899165502434155,-11.89,15.48
430.925,20,-35.3621723,149.165854,99.886,26.090018063317235,-12.23,15.34
431.02500000000003,20,-35.3621835,149.1658709,99.89,26.2330200264225,-12.55,15.200000000000001
431.124,20,-35.3621951,149.16588769999998,99.892,26.43681067314088,-12.89,15.05
