time_s,seq,latitude_deg,longitude_deg,altitude_m,roll_deg,vn_mps,ve_mps
76.044,1,-35.3605926,149.165558,99.953,32.91293991205309,-14.450000000000001,14.200000000000001
76.144,1,-35.3606057,149.1655734,99.96000000000001,33.32080124324582,-14.86,13.950000000000001
76.244,1,-35.360619199999995,149.16558849999998,99.96600000000001,33.670370324967074,-15.27,13.67
76.34400000000001,1,-35.360633,149.1656033,99.976,34.070144712182504,-15.68,13.38
76.444,1,-35.360647199999995,149.1656178,99.986,34.79115314134739,-16.09,13.09
76.544,1,-35.3606617,149.165632,99.997,36.203919714556584,-16.51,12.77
76.644,1,-35.3606767,149.1656458,100.007,38.17269100696149,-16.95,12.41
76.745,1,-35.3606921,149.1656592,100.014,40.33692523793924,-17.44,12.02
76.845,1,-35.3607081,149.16567229999998,100.018,42.28086196252199,-17.97,11.57
76.94500000000001,1,-35.3607246,149.1656849,100.017,43.765697276758566,-18.54,11.08
77.045,1,-35.3607417,149.1656969,100.016,44.75351338547166,-19.13,10.55
77.144,1,-35.3607594,149.1657083,100.02,45.19329219065586,-19.73,9.97
77.244,1,-35.3607775,149.165719,100.033,45.262249780516306,-20.330000000000002,9.34
77.34400000000001,1,-35.3607963,149.165729,100.059,45.103591316286085,-20.900000000000002,8.67
77.444,1,-35.3608155,149.1657383,100.099,44.88363190425499,-21.42,7.98
77.544,1,-35.3608352,149.1657468,100.153,44.71029194840382,-21.88,7.29
77.644,1,-35.360855199999996,149.1657545,100.215,44.641392415151316,-22.29,6.61
77.744,1,-35.3608754,149.16576139999998,100.285,44.67164673807989,-22.63,5.94
77.84400000000001,1,-35.360895899999996,149.1657675,100.35600000000001,44.69695941914396,-22.94,5.28
77.944,1,-35.3609165,149.165773,100.427,44.74657391327493,-23.2,4.65
78.044,1,-35.3609374,149.1657777,100.493,44.84270541074827,-23.43,4.03
78.144,1,-35.3609584,149.1657818,100.553,44.91413552908827,-23.63,3.42
78.244,1,-35.3609796,149.1657852,100.60300000000001,44.94177388956472,-23.81,2.81
78.34400000000001,1,-35.3610009,149.165788,100.642,44.897770395836915,-23.96,2.19
78.444,1,-35.3610223,149.16579,100.674,44.85398546816255,-24.11,1.55
78.544,1,-35.3610439,149.1657914,100.69800000000001,44.8398982029994,-24.23,0.91
78.644,1,-35.361065599999996,149.16579199999998,100.71600000000001,44.81465723892162,-24.330000000000002,0.24
78.744,1,-35.361087399999995,149.1657919,100.73,44.78918746350664,-24.42,-0.44
78.845,1,-35.3611095,149.16579099999998,100.739,44.80656687984974,-24.5,-1.1500000000000001
78.94500000000001,1,-35.3611317,149.1657895,100.744,44.8162315975253,-24.560000000000002,-1.85
79.045,1,-35.3611539,149.165787,100.745,44.886268357274616,-24.59,-2.58
79.144,1,-35.361176199999996,149.1657837,100.744,44.92022805782792,-24.6,-3.31
79.244,1,-35.3611985,149.1657797,100.745,44.951459097807806,-24.59,-4.0600000000000005
79.34400000000001,1,-35.3612208,149.1657747,100.747,44.95324177718118,-24.55,-4.79
79.444,1,-35.361243,149.16576899999998,100.749,44.92315479388727,-24.490000000000002,-5.5200000000000005
79.544,1,-35.3612652,149.1657625,100.751,44.928246699913515,-24.400000000000002,-6.25
79.644,1,-35.3612872,149.1657552,100.753,44.922365907038134,-24.29,-6.96
79.744,1,-35.3613089,149.1657471,100.758,44.87086286560165,-24.14,-7.67
79.84400000000001,1,-35.3613305,149.1657383,100.762,44.80068608697436,-23.97,-8.370000000000001
79.944,1,-35.3613518,149.16572879999998,100.77,44.786148029325986,-23.77,-9.06
80.044,1,-35.3613729,149.1657185,100.777,44.75645036681477,-23.55,-9.74
80.144,1,-35.3613938,149.1657074,100.785,44.78363110461684,-23.3,-10.41
80.244,1,-35.361414499999995,149.1656957,100.79,44.841612580481076,-23.03,-11.07
80.34400000000001,1,-35.3614349,149.1656832,100.796,44.87559960179106,-22.740000000000002,-11.73
80.444,1,-35.361455,149.16567,100.801,44.881435998436835,-22.43,-12.38
80.544,1,-35.3614749,149.1656561,100.803,44.84757875072108,-22.09,-13.01
80.644,1,-35.3614945,149.1656415,100.804,44.843231335314364,-21.740000000000002,-13.63
80.744,1,-35.361513699999996,149.1656262,100.803,44.85910469494547,-21.37,-14.24
80.84400000000001,1,-35.3615327,149.1656103,100.8,44.86261541217886,-20.98,-14.83
80.94500000000001,1,-35.361551399999996,149.1655936,100.793,44.82983391925739,-20.57,-15.41
81.045,1,-35.3615697,149.1655763,100.782,44.787619935092124,-20.150000000000002,-15.98
81.145,1,-35.3615877,149.1655582,100.767,44.7721598019058,-19.71,-16.54
81.244,1,-35.3616053,149.1655396,100.751,44.77142214147543,-19.26,-17.09
81.34400000000001,1,-35.3616226,149.1655203,100.733,44.80006795485447,-18.79,-17.63
81.444,1,-35.3616394,149.16550039999998,100.715,44.84513012790363,-18.29,-18.16
81.544,1,-35.3616558,149.16547979999999,100.693,44.88271324381162,-17.78,-18.67
81.644,1,-35.361671699999995,149.16545879999998,100.671,44.9267235677286,-17.240000000000002,-19.17
81.744,1,-35.3616871,149.16543719999999,100.651,44.88630250822047,-16.67,-19.67
81.84400000000001,1,-35.3617019,149.1654151,100.633,44.90324479245668,-16.09,-20.13
81.944,1,-35.361716099999995,149.16539269999998,100.621,44.889645885819185,-15.48,-20.57
82.044,1,-35.3617297,149.16536979999998,100.61200000000001,44.857431298598826,-14.86,-20.98
82.144,1,-35.3617427,149.1653466,100.607,44.828587409733856,-14.23,-21.36
82.244,1,-35.3617552,149.165323,100.601,44.803223502251015,-13.6,-21.71
82.34400000000001,1,-35.361767,149.1652991,100.59700000000001,44.793227520400706,-12.950000000000001,-22.04
82.444,1,-35.3617783,149.1652748,100.593,44.7939344449798,-12.31,-22.34
82.544,1,-35.361789,149.1652502,100.58800000000001,44.803196181494336,-11.66,-22.62
82.644,1,-35.3617991,149.1652253,100.581,44.851970562357394,-11.0,-22.87
82.744,1,-35.361808599999996,149.1652001,100.571,44.89548911265413,-10.33,-23.11
82.84400000000001,1,-35.361817599999995,149.1651747,100.56,44.93888130445122,-9.65,-23.330000000000002
82.94500000000001,1,-35.3618259,149.16514899999999,100.546,44.91805947276644,-8.96,-23.52
83.045,1,-35.3618337,149.1651228,100.529,44.88847109328194,-8.25,-23.7
83.145,1,-35.361840799999996,149.1650965,100.508,44.84943997726991,-7.55,-23.86
83.245,1,-35.3618473,149.16507,100.48400000000001,44.859333506282674,-6.84,-23.990000000000002
83.34400000000001,1,-35.3618532,149.16504319999999,100.461,44.880141677589116,-6.11,-24.11
83.444,1,-35.361858399999996,149.1650163,100.438,44.88038414930465,-5.37,-24.2
83.544,1,-35.3618629,149.1649893,100.417,44.85867097793318,-4.63,-24.27
83.644,1,-35.3618668,149.16496229999998,100.398,44.85654337400672,-3.9,-24.310000000000002
83.744,1,-35.361869999999996,149.1649353,100.381,44.84348063721907,-3.17,-24.32
83.84400000000001,1,-35.3618725,149.16490829999998,100.364,44.83871658027299,-2.45,-24.310000000000002
83.944,1,-35.3618744,149.1648815,100.351,44.85046109055082,-1.72,-24.26
84.044,1,-35.3618756,149.1648549,100.34,44.84259954281614,-0.99,-24.18
84.144,1,-35.3618762,149.1648285,100.331,44.841018354023284,-0.25,-24.07
84.244,1,-35.361876099999996,149.1648021,100.32300000000001,44.902667641471815,0.47000000000000003,-23.93
84.34400000000001,1,-35.361875399999995,149.16477609999998,100.31400000000001,44.98224617549163,1.19,-23.77
84.444,1,-35.361874,149.1647501,100.307,45.02221985760914,1.92,-23.580000000000002
84.544,1,-35.3618719,149.1647245,100.301,45.01723381951503,2.64,-23.36
84.644,1,-35.361869299999995,149.16469899999998,100.298,44.98879632690568,3.36,-23.11
84.744,1,-35.361866,149.1646739,100.296,44.94503188979882,4.0600000000000005,-22.84
84.84400000000001,1,-35.361862099999996,149.164649,100.293,44.91641681227105,4.73,-22.55
84.944,1,-35.3618576,149.16462439999998,100.288,44.871306827897705,5.38,-22.25
85.045,1,-35.3618524,149.1646002,100.282,44.80878327623541,6.01,-21.92
85.145,1,-35.3618467,149.1645761,100.274,44.82016920158182,6.640000000000001,-21.580000000000002
85.245,1,-35.3618405,149.16455249999999,100.264,44.8537225058795,7.25,-21.22
85.345,1,-35.3618337,149.1645292,100.249,44.83681778768372,7.86,-20.84
85.444,1,-35.3618263,149.1645063,100.233,44.818577767505204,8.46,-20.44
85.544,1,-35.361818299999996,149.1644838,100.21300000000001,44.884448111860806,9.05,-20.02
85.644,1,-35.361809799999996,149.1644617,100.193,44.905164075613456,9.63,-19.580000000000002
85.744,1,-35.3618008,149.1644402,100.169,44.86608173318265,10.19,-19.13
85.84400000000001,1,-35.3617913,149.1644192,100.149,44.85482558143046,10.74,-18.63
85.944,1,-35.3617814,149.16439889999998,100.135,44.86318914806915,11.28,-18.11
86.044,1,-35.361771,149.16437919999998,100.126,44.833102164775234,11.8,-17.57
86.144,1,-35.3617603,149.1643602,100.12,44.85337075113725,12.290000000000001,-17.0
86.244,1,-35.361748999999996,149.1643418,100.117,44.85857877037938,12.76,-16.42
86.34400000000001,1,-35.361737399999996,149.1643241,100.114,44.89462509372413,13.21,-15.81
86.444,1,-35.3617254,149.1643071,100.113,44.930647511406775,13.63,-15.21
86.544,1,-35.361713099999996,149.16429069999998,100.113,44.94182853107809,14.02,-14.59
86.644,1,-35.361700299999995,149.1642751,100.113,44.921406265459744,14.39,-13.97
86.744,1,-35.3616873,149.1642601,100.113,44.91803898219893,14.74,-13.33
86.84400000000001,1,-35.3616739,149.1642458,100.11,44.8927399615132,15.06,-12.700000000000001
86.944,1,-35.3616603,149.1642322,100.104,44.861184487547746,15.36,-12.06
87.044,1,-35.3616464,149.16421929999998,100.09700000000001,44.844778373161375,15.63,-11.41
87.145,1,-35.3616323,149.1642071,100.08800000000001,44.85135926042668,15.89,-10.74
87.245,1,-35.3616178,149.1641955,100.07900000000001,44.89796847132285,16.13,-10.05
87.345,1,-35.361603099999996,149.1641847,100.06700000000001,44.95789996619512,16.35,-9.35
87.44500000000001,1,-35.3615882,149.1641747,100.057,44.98381370390615,16.55,-8.65
87.544,1,-35.361573,149.1641654,100.045,44.986965836208114,16.73,-7.94
87.644,1,-35.3615577,149.164157,100.033,44.93066800197428,16.88,-7.22
87.744,1,-35.361542299999996,149.1641493,100.02,44.887371432825574,17.01,-6.5
87.84400000000001,1,-35.3615268,149.1641425,100.006,44.87692807358462,17.11,-5.78
87.944,1,-35.361511199999995,149.1641364,99.993,44.890018131128954,17.19,-5.04
88.044,1,-35.3614956,149.16413119999999,99.983,44.906273981353586,17.240000000000002,-4.3
88.144,1,-35.3614801,149.16412689999999,99.97800000000001,44.90246273579672,17.25,-3.56
88.244,1,-35.3614646,149.1641233,99.974,44.884417376009544,17.240000000000002,-2.82
88.34400000000001,1,-35.361449199999996,149.1641206,99.97200000000001,44.8660680728043,17.19,-2.09
88.444,1,-35.3614338,149.1641187,99.971,44.863209638636654,17.13,-1.37
88.544,1,-35.3614186,149.1641176,99.96900000000001,44.8762723754243,17.04,-0.65
88.644,1,-35.3614034,149.1641173,99.965,44.84793050546333,16.92,0.05
88.744,1,-35.361388399999996,149.1641177,99.961,44.84995565655225,16.77,0.76
88.84400000000001,1,-35.3613734,149.1641189,99.95700000000001,44.871702978869564,16.61,1.47
88.944,1,-35.3613587,149.1641209,99.952,44.87161760150494,16.42,2.17
89.044,1,-35.3613441,149.16412359999998,99.94800000000001,44.89111096139616,16.2,2.86
89.144,1,-35.3613297,149.1641271,99.941,44.929660549071706,15.96,3.5500000000000003
89.245,1,-35.361315499999996,149.1641314,99.932,44.94512068225803,15.700000000000001,4.24
89.345,1,-35.3613013,149.1641366,99.921,44.88698211204288,15.4,4.95
89.44500000000001,1,-35.361287499999996,149.1641425,99.911,44.594366562715784,15.09,5.64
89.545,1,-35.3612739,149.1641491,99.901,43.84090790480416,14.76,6.3
89.644,1,-35.361260699999995,149.1641565,99.893,42.3994135559459,14.41,6.92
89.744,1,-35.3612478,149.1641646,99.89,40.19611405801026,14.05,7.5
89.84400000000001,1,-35.361235199999996,149.1641732,99.896,37.29658264212396,13.69,7.99
89.944,1,-35.3612229,149.1641823,99.91,33.75447385931202,13.370000000000001,8.370000000000001
90.044,1,-35.361210899999996,149.1641918,99.93,29.701490832245234,13.08,8.64
90.144,1,-35.361199299999996,149.1642013,99.95100000000001,25.40409290082412,12.84,8.8
90.244,1,-35.361187799999996,149.1642111,99.965,21.042229936469134,12.64,8.88
90.34400000000001,1,-35.3611765,149.1642207,99.965,16.85472633369894,12.5,8.89
90.444,1,-35.3611654,149.16423039999998,99.946,13.065162358578387,12.39,8.870000000000001
90.544,1,-35.361154299999995,149.16424,99.903,9.830864588449542,12.3,8.82
90.644,1,-35.3611433,149.1642496,99.837,7.340820088778428,12.24,8.78
90.744,1,-35.3611323,149.16425909999998,99.748,5.580371273606199,12.18,8.74
90.84400000000001,1,-35.3611214,149.16426859999999,99.647,4.478806048229359,12.14,8.73
90.944,1,-35.361110599999996,149.1642781,99.543,3.8803901231560927,12.09,8.74
91.044,1,-35.3610997,149.1642876,99.444,3.6758417523266664,12.05,8.77
91.144,1,-35.3610889,149.1642972,99.36,3.6585272227806844,12.01,8.81
91.244,1,-35.3610781,149.1643068,99.296,3.658052097746545,11.97,8.85
91.345,1,-35.361067299999995,149.1643166,99.252,3.62514510009907,11.93,8.9
91.44500000000001,1,-35.3610565,149.1643264,99.226,3.520650889760691,11.89,8.94
91.545,1,-35.3610457,149.16433619999998,99.21300000000001,3.2664372252683407,11.86,8.97
91.644,1,-35.361035,149.1643461,99.203,2.8497811717455765,11.85,9.0
91.744,1,-35.361024199999996,149.1643561,99.19200000000001,2.3571578332832264,11.85,9.03
91.84400000000001,1,-35.3610134,149.1643662,99.174,1.7893713579343538,11.85,9.05
91.944,1,-35.3610026,149.1643762,99.146,1.2588644819622339,11.870000000000001,9.07
92.044,1,-35.3609918,149.1643863,99.111,0.8094596990816685,11.89,9.09
92.144,1,-35.3609809,149.1643964,99.072,0.5098992347508394,11.91,9.11
92.244,1,-35.360970099999996,149.16440649999998,99.034,0.3252366662052144,11.93,9.13
92.34400000000001,1,-35.3609593,149.1644165,99.001,0.19982568188454589,11.950000000000001,9.14
92.444,1,-35.3609485,149.16442659999998,98.973,0.11288705874508323,11.98,9.15
92.544,1,-35.360937799999995,149.1644366,98.953,0.03112297424761967,12.0,9.16
92.644,1,-35.360927,149.1644466,98.93900000000001,-0.009087762625083673,12.030000000000001,9.17
92.744,1,-35.3609162,149.1644566,98.932,-0.06685403166832364,12.05,9.18
92.84400000000001,1,-35.3609054,149.1644667,98.928,-0.09287249005315007,12.07,9.19
92.944,1,-35.3608946,149.1644767,98.926,-0.09036158845027041,12.09,9.200000000000001
93.044,1,-35.360883699999995,149.1644868,98.927,-0.041705538613547845,12.1,9.21
93.144,1,-35.3608729,149.1644969,98.928,0.050717106109520196,12.120000000000001,9.22
93.244,1,-35.360862,149.164507,98.931,0.18556824896152604,12.13,9.24
93.34400000000001,1,-35.3608512,149.16451709999998,98.934,0.24344963320595453,12.14,9.26
93.44500000000001,1,-35.3608402,149.1645274,98.936,0.2658415546261951,12.15,9.27
93.545,1,-35.3608292,149.1645376,98.937,0.2833942336586287,12.17,9.290000000000001
93.645,1,-35.360818099999996,149.1645479,98.937,0.2799673463251335,12.19,9.31
93.744,1,-35.360807099999995,149.16455829999998,98.938,0.2399423577475794,12.21,9.32
93.84400000000001,1,-35.360796,149.1645686,98.94200000000001,0.15393572192449295,12.23,9.34
93.944,1,-35.3607849,149.164579,98.94500000000001,0.07809384165930687,12.25,9.35
94.044,1,-35.360773699999996,149.16458939999998,98.95100000000001,0.018138669576086383,12.26,9.370000000000001
94.144,1,-35.3607626,149.16459989999998,98.96000000000001,-0.06547983629393543,12.280000000000001,9.38
94.244,1,-35.3607515,149.1646103,98.97200000000001,-0.09686815738771413,12.290000000000001,9.4
94.34400000000001,1,-35.3607404,149.1646206,98.988,-0.09540275497552245,12.3,9.4
94.444,1,-35.3607294,149.16463099999999,99.008,-0.11170274796570664,12.31,9.41
94.544,1,-35.360718399999996,149.1646413,99.029,-0.15517097230806032,12.32,9.41
94.644,1,-35.360707399999995,149.16465159999998,99.048,-0.1744433382270298,12.33,9.41
94.744,1,-35.3606964,149.1646619,99.06400000000001,-0.1564224577311197,12.33,9.41
94.84400000000001,1,-35.3606854,149.16467219999998,99.07900000000001,-0.11753851095135447,12.34,9.42
94.944,1,-35.3606744,149.1646825,99.092,-0.0930630683392493,12.34,9.42
95.044,1,-35.3606634,149.16469279999998,99.104,-0.07413307232253334,12.34,9.43
95.144,1,-35.3606524,149.1647031,99.114,-0.0738346784331684,12.34,9.43
95.244,1,-35.3606413,149.1647135,99.124,-0.0637307409073502,12.34,9.43
95.34400000000001,1,-35.3606303,149.1647238,99.135,-0.049980022643380695,12.34,9.44
95.44500000000001,1,-35.360619299999996,149.1647342,99.147,-0.032609897758792854,12.35,9.44
95.545,1,-35.3606081,149.1647446,99.161,-0.037916057614553536,12.34,9.44
95.645,1,-35.3605971,149.16475499999999,99.178,-0.03789269890120062,12.35,9.450000000000001
95.745,1,-35.3605859,149.1647655,99.19500000000001,-0.12432326335513076,12.36,9.450000000000001
95.84400000000001,2,-35.3605747,149.164776,99.212,-0.25662749603371565,12.370000000000001,9.46
95.944,2,-35.3605635,149.1647865,99.227,-0.3619109934276276,12.370000000000001,9.46
96.044,2,-35.3605523,149.164797,99.239,-0.3761197612528111,12.38,9.46
96.144,2,-35.360541,149.1648075,99.251,-0.4009077717308303,12.39,9.47
96.244,2,-35.3605298,149.164818,99.263,-0.416320627201493,12.4,9.47
96.34400000000001,2,-35.3605186,149.1648285,99.276,-0.4034579402513309,12.4,9.47
96.444,2,-35.3605075,149.1648389,99.29,-0.38949756719635376,12.41,9.46
96.544,2,-35.360496399999995,149.1648493,99.305,-0.3862025078499251,12.41,9.450000000000001
96.644,2,-35.3604853,149.1648596,99.32000000000001,-0.39988316331404905,12.41,9.450000000000001
96.744,2,-35.3604742,149.16486999999998,99.33800000000001,-0.4041627037158852,12.4,9.44
96.84400000000001,2,-35.3604631,149.1648803,99.35600000000001,-0.5981386620816457,12.4,9.44
96.944,2,-35.360451999999995,149.1648906,99.371,-1.2662141923959906,12.41,9.43
97.044,2,-35.3604409,149.1649009,99.383,-2.653632866378208,12.42,9.4
97.144,2,-35.3604297,149.1649112,99.396,-4.837920746202527,12.47,9.35
97.244,2,-35.3604185,149.1649214,99.409,-7.727673465631487,12.540000000000001,9.25
97.34400000000001,2,-35.3604072,149.1649314,99.422,-11.116182393067234,12.66,9.11
97.444,2,-35.3603958,149.16494129999998,99.434,-14.676447526240354,12.8,8.93
97.545,2,-35.3603842,149.164951,99.443,-18.083325393675203,12.99,8.71
97.645,2,-35.360372399999996,149.1649605,99.449,-21.136986858372016,13.200000000000001,8.45
97.745,2,-35.360360299999996,149.1649696,99.449,-23.632601377311275,13.43,8.17
97.845,2,-35.360348,149.1649785,99.44800000000001,-25.540274920043128,13.68,7.87
97.944,2,-35.3603354,149.164987,99.44800000000001,-26.894503356970727,13.950000000000001,7.55
98.044,2,-35.360322599999996,149.1649951,99.452,-27.812940111642124,14.22,7.2
98.144,2,-35.3603095,149.1650029,99.464,-28.3768576049913,14.48,6.84
98.244,2,-35.3602962,149.16501019999998,99.483,-28.630018566577824,14.74,6.47
98.34400000000001,2,-35.3602827,149.1650172,99.511,-28.69466972216658,14.99,6.1000000000000005
98.444,2,-35.360268999999995,149.1650237,99.542,-28.64338695433083,15.21,5.73
98.544,2,-35.3602552,149.1650297,99.577,-28.432277759916783,15.41,5.37
98.644,2,-35.3602413,149.1650354,99.613,-28.040486156293806,15.58,5.0200000000000005
98.744,2,-35.3602273,149.1650406,99.65,-27.503121023343052,15.74,4.69
98.84400000000001,2,-35.360213099999996,149.1650455,99.684,-26.84466858923902,15.88,4.36
98.944,2,-35.3601989,149.16504999999998,99.714,-26.072546439420343,16.0,4.05
99.044,2,-35.3601846,149.1650542,99.739,-25.1871473097643,16.11,3.7600000000000002
99.144,2,-35.3601702,149.16505809999998,99.759,-24.26922964946982,16.2,3.48
99.244,2,-35.3601557,149.1650617,99.773,-23.320436119032305,16.28,3.21
99.34400000000001,2,-35.3601411,149.165065,99.785,-22.353701389192455,16.35,2.93
99.444,2,-35.3601265,149.165068,99.796,-21.333575070610614,16.41,2.67
99.544,2,-35.3601118,149.1650707,99.805,-20.35721831177751,16.46,2.41
99.645,2,-35.360096999999996,149.1650731,99.81400000000001,-19.38545827025582,16.51,2.17
99.745,2,-35.360082,149.16507529999998,99.821,-18.370012338802734,16.55,1.94
99.845,2,-35.360067099999995,149.1650773,99.82600000000001,-17.364253323140016,16.580000000000002,1.72
99.94500000000001,2,-35.360051999999996,149.165079,99.82900000000001,-16.329930456368306,16.61,1.52
100.044,2,-35.360037,149.1650805,99.831,-15.259807153061972,16.64,1.34
100.144,2,-35.3600219,149.1650819,99.82900000000001,-14.161761182654981,16.66,1.17
100.244,2,-35.3600068,149.16508299999998,99.82300000000001,-13.050538069791743,16.68,1.02
100.34400000000001,2,-35.3599917,149.165084,99.815,-11.976826355850216,16.7,0.88
100.444,2,-35.359976599999996,149.16508489999998,99.808,-10.925342638788848,16.71,0.75
100.544,2,-35.3599616,149.1650856,99.804,-9.92692010006837,16.71,0.63
100.644,2,-35.3599467,149.1650862,99.803,-8.939646137620645,16.71,0.52
100.744,2,-35.3599318,149.1650867,99.801,-8.015215038178916,16.7,0.42
100.84400000000001,2,-35.3599169,149.1650871,99.798,-7.1665196375752265,16.69,0.34
100.944,2,-35.359902,149.1650874,99.795,-6.4200640579969885,16.69,0.27
101.044,2,-35.3598871,149.1650877,99.791,-5.708164112977138,16.68,0.2
101.144,2,-35.3598723,149.16508779999998,99.786,-5.062274531190875,16.68,0.15
101.244,2,-35.359857399999996,149.1650879,99.78,-4.451842595820264,16.67,0.1
101.34400000000001,2,-35.3598426,149.165088,99.771,-3.84660117733204,16.66,0.06
101.444,2,-35.3598277,149.1650881,99.761,-3.302837437789454,16.66,0.03
101.544,2,-35.3598128,149.1650881,99.753,-2.80273909761076,16.66,0.0
101.644,2,-35.3597979,149.1650881,99.747,-2.3903339830726824,16.65,-0.02
101.745,2,-35.359783,149.1650881,99.742,-2.051624475244927,16.65,-0.04
101.845,2,-35.3597679,149.165088,99.739,-1.745430189682723,16.64,-0.06
101.94500000000001,2,-35.3597529,149.165088,99.736,-1.4807606795098462,16.65,-0.08
102.044,2,-35.3597378,149.1650879,99.733,-1.2388777476251898,16.65,-0.09
102.144,2,-35.3597227,149.1650877,99.73,-1.0289443062437376,16.66,-0.11
102.244,2,-35.3597076,149.1650876,99.727,-0.8335947594832903,16.67,-0.11
102.34400000000001,2,-35.3596924,149.1650875,99.723,-0.6438268112960659,16.67,-0.12
102.444,2,-35.3596773,149.16508729999998,99.718,-0.4552088428494895,16.68,-0.12
102.544,2,-35.3596621,149.1650872,99.71300000000001,-0.28949751461013756,16.69,-0.13
102.644,2,-35.3596469,149.1650871,99.708,-0.1604978395097959,16.7,-0.13
102.744,2,-35.3596319,149.1650869,99.702,-0.03996342015847808,16.71,-0.13
102.84400000000001,2,-35.3596169,149.16508679999998,99.69800000000001,0.06127524788009094,16.71,-0.13
102.944,2,-35.3596019,149.1650866,99.69800000000001,0.17502226346025448,16.71,-0.13
103.044,2,-35.3595869,149.1650865,99.703,0.26305753216790084,16.71,-0.12
103.144,2,-35.359572,149.16508629999998,99.71000000000001,0.3379954595747982,16.71,-0.12
103.244,2,-35.359556999999995,149.1650862,99.71900000000001,0.39284385296155755,16.71,-0.12
103.34400000000001,2,-35.3595421,149.1650861,99.72800000000001,0.4462387767568529,16.7,-0.12
103.444,2,-35.3595271,149.16508589999998,99.736,0.4786313224216086,16.7,-0.12
103.544,2,-35.359512099999996,149.16508579999999,99.744,0.48336928591062894,16.7,-0.11
103.644,2,-35.3594972,149.1650857,99.748,0.5274645069445553,16.7,-0.11
103.744,2,-35.359482199999995,149.1650855,99.751,0.5687099916298524,16.7,-0.1
103.845,2,-35.359467099999996,149.16508539999998,99.75,0.619876806332269,16.7,-0.09
103.94500000000001,2,-35.359451899999996,149.1650853,99.747,0.6452544275543044,16.71,-0.07
104.045,2,-35.3594368,149.1650852,99.744,0.6514606682714659,16.71,-0.07
104.144,2,-35.3594216,149.1650851,99.743,0.6367071394991209,16.72,-0.06
104.244,2,-35.3594064,149.1650851,99.745,0.6511038442481856,16.73,-0.05
104.34400000000001,2,-35.359391099999996,149.165085,99.75,0.6447593455611842,16.73,-0.04
104.444,2,-35.359375899999996,149.16508489999998,99.758,0.6149275872266544,16.73,-0.04
104.544,2,-35.359360699999996,149.16508489999998,99.769,0.5368928360418174,16.740000000000002,-0.03
104.644,2,-35.359345499999996,149.1650848,99.781,0.5002805674913161,16.740000000000002,-0.03
104.744,2,-35.3593304,149.1650848,99.791,0.4537256779433918,16.73,-0.03
104.84400000000001,2,-35.3593153,149.1650847,99.801,0.42457765889737725,16.73,-0.02
104.944,2,-35.3593003,149.1650847,99.808,0.39134145146799276,16.73,-0.02
105.044,2,-35.359285299999996,149.1650846,99.811,0.37611549238457986,16.72,-0.01
105.144,2,-35.3592704,149.1650846,99.81400000000001,0.3947284515639522,16.72,0.0
105.244,2,-35.359255399999995,149.1650846,99.81700000000001,0.38403469652081296,16.72,0.0
105.34400000000001,2,-35.3592404,149.1650845,99.821,0.39096848578671306,16.71,0.0
105.444,2,-35.3592254,149.1650845,99.827,0.3562494602967746,16.7,0.0
105.544,2,-35.359210499999996,149.1650845,99.836,0.348669417741515,16.7,0.0
105.644,2,-35.3591955,149.16508439999998,99.845,0.36791152805689536,16.69,0.0
105.744,2,-35.359180599999995,149.16508439999998,99.85300000000001,0.3448261556729134,16.68,0.0
105.84400000000001,2,-35.3591656,149.16508439999998,99.86,0.2531178193369605,16.68,0.0
105.94500000000001,2,-35.3591505,149.16508439999998,99.867,0.18309778821503095,16.67,0.0
106.045,2,-35.3591355,149.1650843,99.872,0.12381223980720951,16.67,-0.01
106.145,2,-35.3591204,149.1650843,99.876,0.10547470267003267,16.68,-0.01
106.244,2,-35.3591052,149.1650842,99.878,0.11022392529901294,16.69,0.0
106.34400000000001,2,-35.35909,149.1650842,99.881,0.1349870429391586,16.7,-0.01
106.444,2,-35.3590748,149.1650842,99.883,0.15293233778694898,16.71,-0.01
106.544,2,-35.3590596,149.1650841,99.886,0.17913993371484657,16.72,-0.01
106.644,2,-35.3590444,149.1650841,99.891,0.20137893627091555,16.73,-0.01
106.744,2,-35.3590292,149.165084,99.9,0.25402730171362997,16.73,-0.01
106.84400000000001,2,-35.359014,149.165084,99.912,0.3126989735295833,16.740000000000002,0.0
106.944,2,-35.358998899999996,149.16508389999998,99.926,0.3501060786643184,16.740000000000002,0.0
107.044,2,-35.3589839,149.16508389999998,99.93900000000001,0.37422867930679027,16.73,0.0
107.144,2,-35.3589689,149.16508389999998,99.947,0.37872062258355793,16.73,0.0
107.244,2,-35.358953899999996,149.1650838,99.953,0.3929571113718181,16.72,0.0
107.34400000000001,2,-35.3589389,149.1650838,99.956,0.38050396896759237,16.71,0.0
107.444,2,-35.358924,149.1650838,99.956,0.3753963214897451,16.71,0.01
107.544,2,-35.358909,149.1650838,99.955,0.335749047709378,16.71,0.01
107.644,2,-35.3588941,149.1650837,99.955,0.3320790216496862,16.7,0.01
107.744,2,-35.358879099999996,149.1650837,99.953,0.3527107552960469,16.7,0.01
107.84400000000001,2,-35.3588642,149.1650837,99.952,0.3541103037456648,16.7,0.01
107.94500000000001,2,-35.3588492,149.1650837,99.95100000000001,0.3206924559730403,16.7,0.01
108.045,2,-35.358834099999996,149.1650837,99.952,0.2781357350496594,16.7,0.02
108.145,2,-35.358819,149.1650836,99.953,0.2893059758286863,16.7,0.03
108.245,2,-35.3588039,149.1650836,99.95400000000001,0.31758151824951103,16.71,0.03
108.34400000000001,2,-35.3587887,149.1650837,99.956,0.3467349801025204,16.72,0.04
108.444,2,-35.3587736,149.1650837,99.95700000000001,0.37709559785005026,16.73,0.05
108.544,2,-35.3587584,149.1650837,99.95700000000001,0.3730522325831085,16.740000000000002,0.05
108.644,2,-35.3587432,149.1650837,99.95400000000001,0.32898748059618277,16.75,0.05
108.744,2,-35.358728,149.1650837,99.953,0.27136002731044806,16.76,0.05
108.84400000000001,2,-35.3587128,149.1650837,99.95100000000001,0.1938953701376823,16.77,0.06
108.944,2,-35.3586977,149.1650837,99.95100000000001,0.10696066235080051,16.76,0.06
109.044,2,-35.3586826,149.1650838,99.953,0.011461064097388007,16.76,0.06
109.144,2,-35.3586676,149.1650838,99.959,-0.038341440328638475,16.76,0.06
109.244,2,-35.3586526,149.1650838,99.967,-0.07537553309134758,16.75,0.06
109.34400000000001,2,-35.358637699999996,149.1650838,99.979,-0.07214862889427356,16.740000000000002,0.06
109.444,2,-35.3586227,149.16508389999998,99.989,-0.05751484854592208,16.740000000000002,0.06
109.544,2,-35.3586078,149.16508389999998,99.999,-0.06978418949236573,16.73,0.05
109.644,2,-35.3585928,149.16508389999998,100.005,-0.0533670194042868,16.73,0.05
109.744,2,-35.3585779,149.16508389999998,100.009,-0.04321759508643255,16.73,0.04
109.84400000000001,2,-35.358562899999995,149.165084,100.01,-0.029694647623027114,16.72,0.04
109.944,2,-35.3585479,149.165084,100.007,-0.016631298853096138,16.72,0.03
110.045,2,-35.3585329,149.165084,99.999,-0.001731649201641188,16.73,0.04
110.145,2,-35.3585177,149.165084,99.991,0.03175245555390502,16.73,0.04
110.245,2,-35.3585026,149.165084,99.98400000000001,0.05800870323942574,16.740000000000002,0.04
110.345,2,-35.3584874,149.165084,99.97800000000001,0.07740149126315633,16.75,0.04
110.444,2,-35.3584722,149.165084,99.977,0.08061397468973663,16.76,0.04
110.544,2,-35.358457,149.1650841,99.97800000000001,0.0756541567847165,16.77,0.04
110.644,2,-35.3584418,149.1650841,99.979,0.07792113258881943,16.78,0.04
110.744,2,-35.3584265,149.1650841,99.982,0.041924371471252705,16.79,0.04
110.84400000000001,2,-35.3584113,149.1650841,99.986,0.0176807650896912,16.8,0.04
110.944,2,-35.3583962,149.1650841,99.989,0.006316934888311674,16.8,0.03
111.044,2,-35.358381099999995,149.1650841,99.992,-0.020658060557155626,16.8,0.03
111.144,2,-35.3583661,149.1650842,99.994,-0.034169368684524276,16.8,0.03
111.244,2,-35.3583511,149.1650842,99.993,-0.02822284857859515,16.8,0.02
111.34400000000001,2,-35.358336099999995,149.1650842,99.992,-0.019709494690796966,16.8,0.02
111.444,2,-35.3583211,149.1650842,99.991,-5.175028920890136e-05,16.79,0.02
111.544,2,-35.3583061,149.1650842,99.992,0.04006846099739347,16.79,0.02
111.644,2,-35.358291099999995,149.1650842,99.993,0.045015702416397914,16.78,0.02
111.744,2,-35.3582761,149.1650842,99.994,0.04845858133049383,16.78,0.01
111.84400000000001,2,-35.3582611,149.1650842,99.996,0.06706299276824372,16.77,0.01
111.944,2,-35.358246099999995,149.1650842,99.997,0.08190721498018301,16.77,0.01
112.044,2,-35.3582311,149.1650842,99.994,0.13002330968155765,16.77,0.01
112.145,2,-35.3582161,149.1650841,99.989,0.1439383393517909,16.77,0.01
112.245,2,-35.3582009,149.1650841,99.983,0.11892399881623568,16.77,0.01
112.345,2,-35.3581858,149.1650841,99.977,0.14181308330285913,16.78,0.01
112.44500000000001,2,-35.3581706,149.1650841,99.97200000000001,0.1425382839740705,16.79,0.02
112.544,2,-35.3581553,149.1650841,99.97,0.16424679961112634,16.79,0.02
112.644,2,-35.3581401,149.1650841,99.973,0.184553178797199,16.8,0.02
112.744,2,-35.3581249,149.1650842,99.97800000000001,0.20412307149167394,16.8,0.02
112.84400000000001,2,-35.3581096,149.1650842,99.985,0.22709946767383982,16.81,0.03
112.944,2,-35.3580944,149.1650842,99.993,0.2056695623899397,16.81,0.03
113.044,2,-35.3580791,149.1650842,100.0,0.1499602450026414,16.81,0.03
113.144,2,-35.358064,149.1650842,100.008,0.07392281722193066,16.81,0.02
113.244,2,-35.3580489,149.1650842,100.014,0.07345180764357084,16.8,0.02
113.34400000000001,2,-35.358033899999995,149.1650842,100.021,0.06889958661335652,16.8,0.01
113.444,2,-35.3580189,149.1650843,100.024,0.03659430928845028,16.79,0.02
113.544,2,-35.3580039,149.1650843,100.025,0.0323459583051288,16.78,0.02
113.644,2,-35.357988899999995,149.1650843,100.024,0.041432908010969216,16.77,0.03
113.744,2,-35.3579739,149.1650843,100.022,0.08760191188110758,16.77,0.03
113.84400000000001,2,-35.3579589,149.1650843,100.019,0.10454891188269842,16.76,0.03
113.944,2,-35.357943999999996,149.1650843,100.016,0.11963419174757156,16.76,0.03
114.044,2,-35.357929,149.16508439999998,100.013,0.11202809575588801,16.75,0.03
114.144,2,-35.357914,149.16508439999998,100.011,0.09807960216078565,16.75,0.03
114.245,2,-35.357898999999996,149.16508439999998,100.006,0.09062473749630102,16.76,0.02
114.345,2,-35.357883699999995,149.16508439999998,100.0,0.10087833887426449,16.76,0.03
114.44500000000001,2,-35.357868599999996,149.16508439999998,99.994,0.15257305916443573,16.77,0.03
114.544,2,-35.357853299999995,149.1650845,99.99000000000001,0.15917242262505643,16.78,0.03
114.644,2,-35.357838099999995,149.1650845,99.99000000000001,0.11958884836282767,16.79,0.04
114.744,2,-35.357822899999995,149.1650845,99.993,0.07187184615032938,16.79,0.04
114.84400000000001,2,-35.357807699999995,149.1650845,99.995,0.0064428239792041365,16.8,0.04
114.944,2,-35.3577924,149.1650846,99.998,-0.07458790022225403,16.81,0.04
115.044,2,-35.3577772,149.1650846,100.002,-0.14452023945256426,16.81,0.04
115.144,2,-35.357762099999995,149.1650846,100.008,-0.1650478660749351,16.81,0.04
115.244,2,-35.357746999999996,149.1650847,100.012,-0.1639796351609157,16.81,0.04
115.34400000000001,2,-35.357732,149.1650847,100.015,-0.18444989886642904,16.81,0.03
115.444,2,-35.357717,149.1650847,100.016,-0.18869943712872733,16.81,0.02
115.544,2,-35.357701999999996,149.1650847,100.015,-0.16487980606875577,16.81,0.01
115.644,2,-35.3576869,149.1650847,100.012,-0.10570437445098096,16.8,0.01
115.744,2,-35.357672,149.1650847,100.009,-0.10056302292442658,16.8,0.01
115.84400000000001,2,-35.357656899999995,149.1650847,100.005,-0.05956618647338698,16.8,0.01
115.944,2,-35.3576419,149.1650847,100.002,-0.002319727176002047,16.8,0.01
116.044,2,-35.3576269,149.1650847,99.998,0.03318806593491716,16.79,0.01
116.144,2,-35.357611899999995,149.1650847,99.994,0.08237700392903295,16.79,0.01
116.244,2,-35.3575969,149.1650847,99.99000000000001,0.11789002556977211,16.79,0.01
116.345,2,-35.3575817,149.1650847,99.986,0.14263624115976467,16.79,0.02
116.44500000000001,2,-35.3575666,149.1650847,99.983,0.1406212286329051,16.8,0.02
116.545,2,-35.3575514,149.1650847,99.983,0.18119688787207822,16.8,0.02
116.644,2,-35.3575363,149.1650847,99.985,0.16348732793214588,16.8,0.03
116.744,2,-35.357521,149.1650847,99.992,0.14357328441695222,16.81,0.03
116.84400000000001,2,-35.3575058,149.1650848,100.0,0.11250468821348152,16.81,0.03
116.944,2,-35.3574905,149.1650848,100.008,0.11165794485959828,16.82,0.03
117.044,2,-35.357475199999996,149.1650848,100.015,0.11340164412993493,16.830000000000002,0.03
117.144,2,-35.357459899999995,149.1650848,100.019,0.3139050622070459,16.84,0.03
117.244,2,-35.357444699999995,149.16508489999998,100.02,0.8541024558271065,16.84,0.04
117.34400000000001,2,-35.357429599999996,149.16508489999998,100.021,1.7711948371707746,16.84,0.06
117.444,2,-35.3574145,149.165085,100.018,3.0741355970641586,16.830000000000002,0.1
117.544,2,-35.3573994,149.1650851,100.014,4.703297717661576,16.81,0.17
117.644,2,-35.3573844,149.16508539999998,100.009,6.518297119300581,16.79,0.28
117.744,2,-35.357369399999996,149.16508579999999,100.004,8.382198540962762,16.75,0.42
117.84400000000001,2,-35.3573545,149.16508629999998,99.998,10.139799167251097,16.72,0.58
117.944,2,-35.3573395,149.165087,99.995,11.693656104371595,16.68,0.76
118.044,2,-35.3573246,149.165088,99.994,12.91996534342861,16.64,0.9500000000000001
118.144,2,-35.357309799999996,149.16508919999998,99.994,13.80846794028878,16.6,1.1500000000000001
118.244,2,-35.357295,149.1650905,99.998,14.422777715560665,16.55,1.35
118.34400000000001,2,-35.3572802,149.1650922,100.002,14.746723342610615,16.5,1.55
118.44500000000001,2,-35.3572653,149.16509399999998,100.006,14.937287328001263,16.46,1.74
118.545,2,-35.3572504,149.165096,100.008,14.962627329822011,16.42,1.93
118.645,2,-35.357235599999996,149.16509829999998,100.01,14.914711845247078,16.37,2.12
118.744,2,-35.3572208,149.1651008,100.01,14.80753422433853,16.330000000000002,2.3000000000000003
118.84400000000001,2,-35.357206,149.1651035,100.009,14.613900068915962,16.28,2.49
118.944,2,-35.3571913,149.1651063,100.008,14.485845974809271,16.23,2.66
119.044,2,-35.357176599999995,149.1651094,100.009,14.659501826909553,16.18,2.83
119.144,2,-35.3571619,149.16511269999998,100.013,15.354314773060146,16.13,3.02
119.244,2,-35.3571473,149.1651162,100.019,16.725587947061513,16.06,3.23
119.34400000000001,2,-35.357132899999996,149.16511989999998,100.026,18.885300592808715,15.97,3.47
119.444,2,-35.3571186,149.1651238,100.032,21.645014621290272,15.860000000000001,3.7600000000000002
119.544,2,-35.3571045,149.1651282,100.037,24.714557983354652,15.73,4.11
119.644,2,-35.3570905,149.1651329,100.038,27.81597271563361,15.58,4.51
119.744,2,-35.3570766,149.1651381,100.032,30.667231769560846,15.41,4.94
119.84400000000001,2,-35.357062899999995,149.16514379999998,100.021,33.150968589533456,15.23,5.41
119.944,2,-35.3570494,149.1651501,100.007,35.16862013073356,15.02,5.94
120.044,2,-35.357036099999995,149.1651569,99.994,36.42035816407053,14.780000000000001,6.5
120.144,2,-35.357023,149.16516439999998,99.99000000000001,36.63205646230049,14.51,7.08
120.244,2,-35.3570102,149.1651726,99.997,35.786475627958325,14.22,7.65
120.34400000000001,2,-35.3569976,149.1651813,100.021,34.34609459993477,13.92,8.17
120.44500000000001,2,-35.3569852,149.1651906,100.063,32.73799144665239,13.620000000000001,8.63
120.545,2,-35.3569731,149.1652004,100.122,30.952702941016113,13.32,9.040000000000001
120.645,2,-35.3569612,149.1652106,100.19200000000001,28.71550179913512,13.040000000000001,9.370000000000001
120.745,2,-35.3569495,149.1652212,100.265,26.1445315106304,12.82,9.620000000000001
120.84400000000001,2,-35.356938,149.165232,100.333,23.695732815809702,12.64,9.790000000000001
120.944,2,-35.3569265,149.165243,100.388,21.57127419146352,12.49,9.9
121.044,2,-35.356915199999996,149.1652541,100.426,19.885590334493543,12.36,10.0
121.144,2,-35.356904,149.1652653,100.44200000000001,18.592667968008687,12.24,10.09
121.244,2,-35.356893,149.1652765,100.437,17.54256394915966,12.11,10.18
121.34400000000001,2,-35.3568821,149.1652878,100.415,16.62546761911288,11.97,10.27
121.444,2,-35.356871399999996,149.1652991,100.381,15.739119093162202,11.84,10.370000000000001
121.544,2,-35.3568608,149.1653105,100.34,14.852908878542218,11.700000000000001,10.48
121.644,3,-35.3568503,149.1653221,100.299,13.990436132608966,11.56,10.59
121.744,3,-35.35684,149.1653337,100.262,13.056141386232092,11.42,10.700000000000001
121.84400000000001,3,-35.3568298,149.1653455,100.233,12.046631742941392,11.290000000000001,10.8
121.944,3,-35.3568198,149.16535729999998,100.217,10.973427170545737,11.17,10.89
122.044,3,-35.3568098,149.1653692,100.211,9.806308350836053,11.06,10.96
122.144,3,-35.3567999,149.16538119999998,100.211,8.55663644972301,10.97,11.02
122.244,3,-35.3567901,149.1653933,100.21300000000001,7.23005747232927,10.9,11.05
122.34400000000001,3,-35.3567803,149.1654054,100.21300000000001,5.917353170460764,10.85,11.07
122.444,3,-35.3567706,149.16541759999998,100.209,4.667323965076765,10.82,11.09
122.545,3,-35.356760799999996,149.1654297,100.2,3.511885836064861,10.790000000000001,11.09
122.645,3,-35.356750999999996,149.16544199999998,100.185,2.5020237977016695,10.77,11.1
122.745,3,-35.3567412,149.1654543,100.166,1.581347381312743,10.78,11.1
122.845,3,-35.3567314,149.16546649999998,100.144,0.7890692898925061,10.78,11.09
122.944,3,-35.3567216,149.1654788,100.119,0.17603590622176668,10.790000000000001,11.09
123.044,3,-35.3567117,149.1654911,100.095,-0.2949004076870292,10.81,11.09
123.144,3,-35.3567019,149.1655034,100.07300000000001,-0.6570640914335208,10.83,11.08
123.244,3,-35.356691999999995,149.1655157,100.054,-0.921845232510645,10.85,11.08
123.34400000000001,3,-35.3566821,149.165528,100.039,-1.1320280825185087,10.870000000000001,11.08
123.444,3,-35.3566722,149.1655403,100.027,-1.283179101633833,10.89,11.07
123.544,3,-35.3566624,149.1655524,100.02,-1.4499625027686125,10.91,11.06
123.644,3,-35.356652499999996,149.16556459999998,100.015,-1.639156181457027,10.93,11.040000000000001
123.744,3,-35.3566427,149.16557659999998,100.013,-1.8215999256981763,10.950000000000001,11.02
123.84400000000001,3,-35.3566329,149.1655887,100.011,-1.97568984714731,10.98,11.0
123.944,3,-35.356623,149.1656007,100.006,-2.087774318644277,11.0,10.98
124.044,3,-35.3566132,149.1656126,100.0,-2.15722133424744,11.02,10.950000000000001
124.144,3,-35.356603299999996,149.1656246,99.993,-2.1612204100064822,11.040000000000001,10.93
124.244,3,-35.3565934,149.1656365,99.985,-2.1531136157919115,11.06,10.91
124.34400000000001,3,-35.3565835,149.16564839999998,99.979,-2.099862686258142,11.09,10.89
124.444,3,-35.356573499999996,149.16566029999998,99.974,-2.0468911541501082,11.11,10.88
124.544,3,-35.3565636,149.1656722,99.96900000000001,-2.045788932372797,11.13,10.86
124.645,3,-35.3565536,149.1656841,99.964,-2.0348501709736104,11.15,10.84
124.745,3,-35.3565434,149.1656961,99.959,-1.947034642258168,11.17,10.83
124.845,3,-35.356533299999995,149.1657081,99.956,-1.8612651820859676,11.19,10.82
124.94500000000001,3,-35.3565231,149.1657201,99.952,-1.7830372112528132,11.22,10.81
125.044,3,-35.3565129,149.165732,99.94800000000001,-1.6925151133570475,11.24,10.8
125.144,3,-35.3565027,149.165744,99.94200000000001,-1.5980524231970075,11.27,10.790000000000001
125.244,3,-35.3564925,149.165756,99.935,-1.5041762755319426,11.290000000000001,10.78
125.34400000000001,3,-35.356482199999995,149.1657679,99.929,-1.4474408823044085,11.32,10.77
125.444,3,-35.356472,149.1657799,99.925,-1.3791417653686313,11.34,10.76
125.544,4,-35.3564618,149.1657917,99.921,-1.2379203472026246,11.35,10.75
125.644,4,-35.3564516,149.16580349999998,99.919,-1.1171835201311322,11.35,10.74
125.744,4,-35.356441499999995,149.1658152,99.919,-1.0186944334553698,11.36,10.73
125.84400000000001,4,-35.3564313,149.165827,99.919,-0.9246221312950783,11.36,10.72
125.944,4,-35.3564212,149.1658386,99.919,-0.812236544505249,11.36,10.71
126.044,4,-35.356411099999995,149.16585039999998,99.918,-0.7318885469867461,11.370000000000001,10.700000000000001
126.144,4,-35.3564009,149.165862,99.915,-0.7006685527034112,11.370000000000001,10.69
126.244,4,-35.3563908,149.1658737,99.911,-0.643771102565648,11.38,10.69
126.34400000000001,4,-35.3563806,149.16588539999998,99.907,-1.1270393763817548,11.370000000000001,10.69
126.444,4,-35.3563705,149.1658971,99.904,-2.772403879629206,11.38,10.69
126.544,4,-35.3563603,149.16590879999998,99.904,-5.5765711271067335,11.43,10.63
126.644,4,-35.35635,149.1659204,99.904,-9.040183107108648,11.540000000000001,10.52
126.745,4,-35.3563395,149.1659319,99.906,-12.573414351546857,11.700000000000001,10.36
126.845,4,-35.3563289,149.1659432,99.907,-15.811642041769398,11.88,10.17
126.94500000000001,4,-35.356318099999996,149.16595429999998,99.906,-18.8904061592133,12.09,9.96
127.044,4,-35.356307,149.1659652,99.905,-21.749813628820363,12.33,9.73
127.144,4,-35.3562957,149.1659759,99.904,-24.08274157946638,12.59,9.46
127.244,4,-35.3562842,149.1659862,99.9,-25.81614626061994,12.86,9.18
127.34400000000001,4,-35.3562723,149.1659962,99.897,-26.9835673162004,13.14,8.88
127.444,4,-35.356260299999995,149.1660059,99.897,-27.839142424845583,13.43,8.55
127.544,4,-35.3562479,149.16601509999998,99.904,-28.564453873187578,13.72,8.22
127.644,4,-35.356235399999996,149.166024,99.915,-29.322428993687865,13.99,7.87
127.744,4,-35.3562227,149.1660325,99.93,-30.209981340479757,14.26,7.5200000000000005
127.84400000000001,4,-35.356209799999995,149.16604049999998,99.946,-31.28569173852716,14.52,7.140000000000001
127.944,4,-35.3561967,149.166048,99.962,-32.508725901877156,14.780000000000001,6.73
128.044,4,-35.3561833,149.1660551,99.977,-33.704907176505245,15.040000000000001,6.3100000000000005
128.144,4,-35.356169799999996,149.1660617,99.992,-34.846026881139274,15.3,5.87
128.244,4,-35.356156,149.1660679,100.003,-35.97076437704903,15.57,5.4
128.344,4,-35.3561419,149.1660734,100.014,-37.052475096282286,15.83,4.9
128.44400000000002,4,-35.3561277,149.1660784,100.024,-38.07853343415828,16.1,4.36
128.544,4,-35.356113199999996,149.1660828,100.034,-38.95200534597619,16.35,3.8000000000000003
128.644,4,-35.3560984,149.1660866,100.046,-39.73502164752104,16.6,3.2
128.744,4,-35.3560835,149.1660896,100.065,-40.43292354672377,16.85,2.57
128.845,4,-35.356068199999996,149.166092,100.09,-41.07144378128241,17.07,1.9000000000000001
128.945,4,-35.3560527,149.1660937,100.121,-41.584466120031244,17.28,1.23
129.04500000000002,4,-35.356037,149.16609459999998,100.156,-41.882825858450325,17.47,0.56
129.144,4,-35.3560211,149.1660947,100.194,-41.448640978196366,17.63,-0.13
129.244,4,-35.3560051,149.16609409999998,100.236,-39.18503774007869,17.76,-0.8300000000000001
129.344,4,-35.3559889,149.1660927,100.287,-34.46471791034497,17.830000000000002,-1.46
129.44400000000002,4,-35.355972799999996,149.16609069999998,100.355,-27.51479723172919,17.830000000000002,-1.93
129.544,4,-35.3559567,149.16608829999998,100.444,-19.231971966774587,17.740000000000002,-2.17
129.644,4,-35.3559407,149.1660858,100.543,-10.679440460742756,17.61,-2.2
129.744,4,-35.3559251,149.16608349999998,100.634,-2.764247566543153,17.46,-2.08
129.844,4,-35.355909499999996,149.1660813,100.694,3.8782411748884775,17.31,-1.9100000000000001
129.94400000000002,4,-35.3558942,149.1660794,100.706,8.857221122264225,17.18,-1.75
130.044,4,-35.355879,149.1660776,100.669,12.067398933112816,17.07,-1.61
130.144,4,-35.355863899999996,149.16607589999998,100.58800000000001,13.679645449900462,16.98,-1.47
130.244,4,-35.3558488,149.16607449999998,100.48100000000001,14.039404320089726,16.91,-1.32
130.344,4,-35.3558338,149.1660732,100.368,13.603535798205364,16.85,-1.1500000000000001
130.44400000000002,4,-35.355818899999996,149.16607209999998,100.265,12.757621138367515,16.81,-0.96
130.544,4,-35.3558039,149.1660713,100.187,11.840549567756474,16.77,-0.77
130.644,4,-35.355789,149.16607059999998,100.137,10.982230430612237,16.72,-0.59
130.744,4,-35.3557741,149.16607009999998,100.118,10.210634205359652,16.67,-0.42
130.845,4,-35.355759299999995,149.1660698,100.121,9.480603096301179,16.61,-0.27
130.945,4,-35.3557444,149.16606969999998,100.14,8.740869703526704,16.56,-0.15
131.04500000000002,4,-35.3557296,149.16606969999998,100.165,7.898779949624062,16.51,-0.05
131.145,4,-35.3557147,149.1660698,100.187,6.905135982001655,16.490000000000002,0.01
131.244,4,-35.3556998,149.1660699,100.196,5.799158881307809,16.46,0.06
131.344,4,-35.3556849,149.16607009999998,100.188,4.675109953843757,16.45,0.09
131.44400000000002,4,-35.355669899999995,149.1660703,100.167,3.6548922814817684,16.45,0.11
131.544,4,-35.355655,149.1660705,100.132,2.758454712353336,16.45,0.13
131.644,4,-35.355640099999995,149.1660707,100.08800000000001,2.0426406420522447,16.45,0.14
131.744,4,-35.3556253,149.1660709,100.041,1.520612698882755,16.45,0.16
131.844,4,-35.3556105,149.16607109999998,99.994,1.1531267503080895,16.46,0.17
131.94400000000002,4,-35.355595699999995,149.1660713,99.95700000000001,0.8879000994701808,16.46,0.18
132.044,4,-35.355581,149.16607159999998,99.928,0.6800670479802131,16.47,0.19
132.144,4,-35.3555662,149.1660718,99.91,0.4982454912837696,16.47,0.2
132.244,4,-35.3555515,149.16607209999998,99.902,0.379211569110579,16.48,0.2
132.344,4,-35.3555367,149.1660723,99.903,0.2503119989702604,16.48,0.21
132.44400000000002,4,-35.3555219,149.1660726,99.91,0.1177276885150653,16.48,0.21
132.544,4,-35.3555072,149.1660729,99.919,-0.04148088942287789,16.48,0.21
132.644,4,-35.355492399999996,149.1660731,99.924,-0.2151679276066209,16.48,0.21
132.744,4,-35.3554776,149.1660733,99.922,-0.3631331704022368,16.490000000000002,0.2
132.844,4,-35.3554628,149.1660736,99.912,-0.4678888756002066,16.490000000000002,0.19
132.945,4,-35.355447999999996,149.1660738,99.897,-0.5303627483084621,16.51,0.19
133.04500000000002,4,-35.355433,149.16607399999998,99.878,-0.6137003943318735,16.52,0.18
133.145,4,-35.355418,149.1660742,99.85600000000001,-0.6679962894478023,16.53,0.18
133.245,4,-35.355402999999995,149.16607439999999,99.834,-0.7131752694039392,16.55,0.18
133.344,4,-35.3553879,149.1660746,99.816,-0.7781143601548932,16.57,0.17
133.44400000000002,4,-35.3553728,149.1660748,99.806,-0.8637409199630524,16.59,0.16
133.544,4,-35.3553577,149.166075,99.803,-0.9208697961198026,16.6,0.15
133.644,4,-35.3553426,149.1660751,99.806,-0.9459592153753751,16.62,0.14
133.744,4,-35.3553274,149.1660752,99.812,-0.9363966303722399,16.64,0.12
133.844,4,-35.3553123,149.16607539999998,99.82000000000001,-0.9448462147057803,16.65,0.1
133.94400000000002,4,-35.3552973,149.16607539999998,99.827,-0.9192640613346149,16.65,0.09
134.044,4,-35.3552823,149.1660755,99.831,-0.8515584771655412,16.66,0.09
134.144,4,-35.355267399999995,149.1660756,99.83500000000001,-0.798632515225876,16.66,0.08
134.244,4,-35.3552525,149.1660757,99.83500000000001,-0.7375298029935006,16.66,0.08
134.344,4,-35.355237599999995,149.1660757,99.83200000000001,-0.6918919197025034,16.66,0.07
134.44400000000002,4,-35.3552226,149.1660758,99.827,-0.675228872809464,16.66,0.06
134.544,4,-35.3552077,149.1660758,99.82000000000001,-0.6804117057290343,16.67,0.05
134.644,4,-35.3551928,149.1660758,99.812,-0.6721506986496096,16.67,0.04
134.744,4,-35.3551779,149.16607589999998,99.807,-0.6027217190147243,16.68,0.04
134.844,4,-35.355162899999996,149.16607589999998,99.802,-0.5132148113452046,16.68,0.03
134.94400000000002,4,-35.355148,149.16607589999998,99.8,-0.4413264833614386,16.69,0.03
135.04500000000002,4,-35.355132999999995,149.16607589999998,99.801,-0.3257076024124015,16.7,0.02
135.145,4,-35.355117799999995,149.16607589999998,99.805,-0.23984566788214143,16.71,0.02
135.245,4,-35.355102599999995,149.16607589999998,99.811,-0.20416231839897506,16.71,0.02
135.345,4,-35.355087499999996,149.1660758,99.82000000000001,-0.15489300228513933,16.73,0.02
135.44400000000002,4,-35.355072299999996,149.1660758,99.831,-0.11576190137499746,16.73,0.02
135.544,4,-35.355057099999996,149.1660758,99.84,-0.11478985339831357,16.740000000000002,0.02
135.644,4,-35.355041899999996,149.1660758,99.84400000000001,-0.11292781309647852,16.75,0.02
135.744,4,-35.355026599999995,149.1660758,99.846,-0.13818525233759066,16.77,0.02
135.844,4,-35.355011499999996,149.1660758,99.845,-0.14229786665137134,16.78,0.02
135.94400000000002,4,-35.3549964,149.1660758,99.84400000000001,-0.10819313797001757,16.78,0.01
136.044,4,-35.3549813,149.1660758,99.843,-0.08249396424846281,16.78,0.01
136.144,4,-35.3549663,149.1660758,99.84400000000001,-0.05981132623156697,16.78,0.01
136.244,4,-35.354951299999996,149.1660757,99.848,-0.0739877773902185,16.78,0.01
136.344,4,-35.3549363,149.1660757,99.855,-0.07189190316090968,16.77,0.01
136.44400000000002,4,-35.3549213,149.1660757,99.86200000000001,-0.03608272211652038,16.76,0.01
136.544,4,-35.354906299999996,149.1660757,99.868,-0.0031875017929125075,16.76,0.01
136.644,4,-35.3548913,149.1660757,99.874,-0.007723459852563398,16.75,0.01
136.744,4,-35.354876399999995,149.1660757,99.878,-0.024004783214342455,16.75,0.01
136.844,4,-35.3548614,149.1660757,99.879,-0.007757223098466677,16.76,0.0
136.94400000000002,4,-35.3548464,149.1660757,99.876,0.029687150423195967,16.75,0.0
137.044,4,-35.3548314,149.1660757,99.872,0.05226861292795768,16.76,0.0
137.145,4,-35.3548164,149.1660756,99.866,0.03551227125374539,16.76,0.0
137.245,4,-35.3548012,149.1660756,99.86,0.06560812912449795,16.76,0.0
137.345,4,-35.354786,149.1660755,99.857,0.08266567947306515,16.77,0.0
137.445,4,-35.3547709,149.1660755,99.858,0.1198714741201634,16.78,0.0
137.544,4,-35.3547556,149.1660755,99.86,0.14845317443444866,16.79,0.0
137.644,4,-35.3547404,149.1660755,99.86500000000001,0.15171146815323563,16.8,0.0
137.744,4,-35.354725099999996,149.16607539999998,99.873,0.19701265780270555,16.81,0.0
137.844,4,-35.354709899999996,149.16607539999998,99.881,0.1936091692032029,16.81,0.0
137.94400000000002,4,-35.354694599999995,149.16607539999998,99.892,0.20014926209647524,16.82,0.0
138.044,4,-35.354679399999995,149.16607539999998,99.902,0.2142400357357041,16.82,0.0
138.144,4,-35.354664199999995,149.1660753,99.911,0.22044547604007225,16.82,0.01
138.244,4,-35.354649099999996,149.1660753,99.916,0.209272700620533,16.82,0.01
138.344,4,-35.3546341,149.1660753,99.917,0.24334184428311526,16.81,0.02
138.44400000000002,4,-35.354619,149.1660753,99.916,0.2807731218842099,16.81,0.02
138.544,4,-35.354604,149.1660753,99.914,0.29169459436706024,16.8,0.03
138.644,4,-35.354589,149.16607539999998,99.913,0.24942119289210263,16.79,0.03
138.744,4,-35.354574,149.16607539999998,99.913,0.1568102844099295,16.78,0.04
138.844,4,-35.354559,149.1660753,99.912,0.07826926546318513,16.78,0.04
138.94400000000002,4,-35.354544,149.1660753,99.911,0.027105782479020804,16.78,0.04
139.044,4,-35.354529,149.16607539999998,99.91,-0.049956577218641836,16.78,0.03
139.144,4,-35.354514,149.16607539999998,99.909,-0.08444495042196008,16.78,0.03
139.245,4,-35.3544988,149.16607539999998,99.91,-0.07720092782745994,16.77,0.04
139.345,4,-35.3544836,149.16607539999998,99.911,-0.07866344208348891,16.78,0.04
139.445,4,-35.354468499999996,149.16607539999998,99.912,-0.06352354738568212,16.79,0.04
139.544,4,-35.3544532,149.16607539999998,99.913,-0.0583366390309723,16.8,0.03
139.644,4,-35.354438,149.16607539999998,99.913,-0.045963677978321474,16.81,0.03
139.744,4,-35.3544228,149.16607539999998,99.913,-0.05232792018089241,16.82,0.03
139.844,4,-35.3544075,149.1660755,99.915,-0.06815679687101102,16.830000000000002,0.03
139.94400000000002,4,-35.3543922,149.1660755,99.918,-0.04604429955693275,16.830000000000002,0.04
140.044,4,-35.354377,149.1660755,99.924,0.029585194508588323,16.84,0.04
140.144,4,-35.3543619,149.1660755,99.932,0.025986003313582293,16.830000000000002,0.04
140.244,4,-35.3543468,149.1660756,99.943,-0.006429328686002741,16.830000000000002,0.04
140.344,4,-35.3543318,149.1660756,99.955,-0.0438286635634173,16.82,0.04
140.44400000000002,4,-35.3543167,149.1660756,99.965,-0.06239850717365392,16.81,0.04
140.544,4,-35.3543017,149.1660756,99.973,-0.07754723976272074,16.81,0.04
140.644,4,-35.354286699999996,149.1660756,99.976,-0.1134824991622776,16.8,0.04
140.744,4,-35.3542717,149.1660756,99.97800000000001,-0.11027569199642355,16.79,0.03
140.844,4,-35.3542567,149.1660757,99.977,-0.10858159830895545,16.79,0.03
140.94400000000002,4,-35.354241699999996,149.1660757,99.974,-0.14071106162874666,16.79,0.03
141.044,4,-35.3542267,149.1660757,99.97200000000001,-0.142558921283926,16.78,0.02
141.144,4,-35.3542117,149.1660757,99.97,-0.138098647673349,16.78,0.01
141.244,4,-35.3541966,149.1660757,99.967,-0.11424386515153567,16.78,0.01
141.345,4,-35.354181499999996,149.1660757,99.964,-0.08204059043198338,16.78,0.01
141.445,4,-35.3541664,149.1660757,99.959,-0.0762604961561138,16.78,0.0
141.54500000000002,4,-35.3541513,149.1660757,99.95400000000001,-0.011928940393167145,16.78,0.0
141.644,4,-35.3541361,149.1660757,99.953,0.02196728909314939,16.79,0.0
141.744,4,-35.3541208,149.1660756,99.95700000000001,0.024636477328496116,16.8,-0.01
141.844,4,-35.3541056,149.1660757,99.964,0.03405667723332568,16.8,-0.01
141.94400000000002,4,-35.354090299999996,149.1660757,99.97,0.08912831241825998,16.81,-0.01
142.044,4,-35.354075099999996,149.1660756,99.974,0.14583915965346428,16.81,-0.01
142.144,4,-35.3540598,149.1660756,99.976,0.19784663457253468,16.82,-0.01
142.244,4,-35.3540446,149.1660756,99.97800000000001,0.22865832494976301,16.82,-0.01
142.344,4,-35.354029499999996,149.1660756,99.979,0.258923400090192,16.82,0.0
142.44400000000002,4,-35.3540144,149.1660756,99.97800000000001,0.25811754448983626,16.82,0.0
142.544,4,-35.3539993,149.1660756,99.977,0.25582849730295637,16.82,0.0
142.644,4,-35.3539843,149.1660756,99.976,0.251769817471235,16.82,0.0
142.744,4,-35.3539692,149.1660756,99.977,0.26447823819568994,16.82,0.0
142.844,4,-35.3539542,149.1660756,99.977,0.3034295263718033,16.81,0.0
142.94400000000002,4,-35.3539392,149.1660755,99.97800000000001,0.3194609675296017,16.81,0.0
143.044,4,-35.3539242,149.1660755,99.98,0.3259994062364344,16.81,0.0
143.144,4,-35.353909099999996,149.1660755,99.982,0.3439437272486595,16.81,0.0
143.244,4,-35.3538941,149.1660755,99.98,0.3562723521026648,16.8,0.0
143.345,4,-35.3538791,149.1660756,99.97800000000001,0.4334297708246989,16.8,0.01
143.445,4,-35.3538639,149.1660756,99.97800000000001,0.7363100806181244,16.8,0.01
143.54500000000002,4,-35.3538487,149.1660756,99.98,1.4143091287445575,16.8,0.02
143.645,4,-35.3538335,149.1660756,99.98100000000001,2.4673682716266714,16.8,0.06
143.744,4,-35.3538183,149.1660756,99.98100000000001,3.9122307575193997,16.8,0.12
143.844,4,-35.3538031,149.1660758,99.98100000000001,5.610786532867089,16.79,0.2
143.94400000000002,4,-35.3537878,149.1660761,99.979,7.410836357960228,16.78,0.32
144.044,4,-35.3537726,149.1660765,99.977,9.157043374939335,16.76,0.46
144.144,4,-35.3537574,149.1660771,99.976,10.801814398780936,16.740000000000002,0.62
144.244,4,-35.3537423,149.1660779,99.97500000000001,12.278611434138059,16.71,0.81
144.344,4,-35.353727299999996,149.1660789,99.974,13.497252078304442,16.67,1.01
144.44400000000002,4,-35.3537124,149.1660801,99.973,14.358592720382763,16.62,1.21
144.544,4,-35.353697499999996,149.16608159999998,99.97200000000001,14.924704412002807,16.580000000000002,1.42
144.644,4,-35.3536827,149.1660832,99.974,15.236403509870923,16.52,1.6300000000000001
144.744,4,-35.353668,149.1660852,99.98,15.336399186867203,16.47,1.84
144.844,4,-35.3536533,149.1660873,99.988,15.33192199786626,16.41,2.04
144.94400000000002,4,-35.3536387,149.1660896,99.997,15.22911569802652,16.35,2.23
145.044,4,-35.3536241,149.16609219999998,100.008,15.055374468561613,16.29,2.42
145.144,4,-35.3536096,149.16609499999998,100.02,14.861146086681254,16.23,2.6
145.244,4,-35.3535951,149.16609789999998,100.03,14.812504894507008,16.18,2.77
145.344,4,-35.3535806,149.1661011,100.036,15.164927287754033,16.13,2.94
145.445,4,-35.353566199999996,149.1661044,100.039,16.136759046262004,16.06,3.12
145.54500000000002,4,-35.353551599999996,149.16610799999998,100.038,17.754511549294328,16.0,3.34
145.645,4,-35.3535371,149.1661119,100.031,19.88062137187236,15.92,3.6
145.745,4,-35.3535227,149.16611609999998,100.018,22.399870052887156,15.83,3.9
145.844,4,-35.353508399999996,149.1661206,100.002,25.147844693732754,15.72,4.26
145.94400000000002,4,-35.3534942,149.1661256,99.98700000000001,27.984135388093907,15.58,4.67
146.044,4,-35.3534802,149.1661311,99.974,30.77963277763716,15.41,5.15
146.144,4,-35.3534663,149.1661371,99.967,33.390820927522206,15.21,5.66
146.244,4,-35.3534526,149.1661438,99.96300000000001,35.66200226052401,14.98,6.22
146.344,4,-35.3534393,149.16615099999999,99.96600000000001,37.52582428123709,14.72,6.8100000000000005
146.44400000000002,4,-35.3534262,149.1661588,99.974,38.61141113282434,14.42,7.42
146.544,4,-35.3534134,149.1661674,99.991,38.65232055085813,14.1,8.040000000000001
146.644,4,-35.353401,149.1661765,100.019,37.64340940289345,13.76,8.620000000000001
146.744,4,-35.3533888,149.1661863,100.063,35.98017979281989,13.41,9.15
146.844,4,-35.353377,149.1661967,100.123,34.11394330023521,13.08,9.59
146.94400000000002,4,-35.353365499999995,149.1662074,100.196,32.00965080941349,12.76,9.96
147.044,4,-35.3533542,149.16621849999999,100.272,29.459924116774808,12.47,10.25
147.144,4,-35.3533432,149.1662299,100.34400000000001,26.609119270427374,12.23,10.46
147.244,4,-35.3533324,149.16624149999998,100.407,23.78258379374829,12.040000000000001,10.59
147.344,4,-35.353321699999995,149.1662531,100.456,21.221423364439005,11.89,10.67
147.44400000000002,4,-35.3533111,149.1662649,100.48700000000001,18.961689428486135,11.75,10.73
147.54500000000002,4,-35.3533006,149.1662767,100.497,17.042235516983304,11.63,10.78
147.645,4,-35.353290099999995,149.1662887,100.48400000000001,15.467776168005106,11.51,10.82
147.745,4,-35.3532797,149.1663007,100.45,14.188912892153075,11.4,10.88
147.845,4,-35.353269499999996,149.1663128,100.401,13.114914310266407,11.290000000000001,10.950000000000001
147.94400000000002,5,-35.3532592,149.166325,100.346,12.185711469915777,11.17,11.03
148.044,5,-35.3532491,149.16633729999998,100.293,11.418398627046436,11.05,11.120000000000001
148.144,5,-35.353239099999996,149.16634969999998,100.249,10.676014267100348,10.94,11.21
148.244,5,-35.3532292,149.16636219999998,100.218,9.88560257823167,10.82,11.3
148.344,5,-35.3532194,149.1663748,100.203,9.046409678310761,10.72,11.38
148.44400000000002,5,-35.3532097,149.1663874,100.197,8.582566409133317,10.64,11.43
148.544,5,-35.353200199999996,149.16639999999998,100.199,9.098301186756286,10.56,11.47
148.644,5,-35.3531907,149.1664126,100.205,10.723190383697625,10.44,11.540000000000001
148.744,5,-35.3531814,149.1664252,100.21000000000001,12.937013495596961,10.290000000000001,11.64
148.844,5,-35.3531723,149.1664381,100.208,15.225198584537518,10.11,11.78
148.94400000000002,5,-35.3531633,149.166451,100.19800000000001,17.399266580372796,9.92,11.94
149.044,5,-35.353154499999995,149.16646409999998,100.177,19.649866845858064,9.73,12.11
149.144,5,-35.3531459,149.1664774,100.148,21.87930547774734,9.5,12.3
149.244,5,-35.3531376,149.16649099999998,100.116,23.774517340338505,9.24,12.530000000000001
149.344,5,-35.3531294,149.1665049,100.08200000000001,25.17053287460824,8.950000000000001,12.780000000000001
149.44400000000002,5,-35.3531215,149.166519,100.052,26.11111993275799,8.64,13.05
149.544,5,-35.353114,149.1665334,100.031,26.784984688724155,8.31,13.32
149.645,5,-35.3531067,149.1665482,100.022,27.381270448550023,7.96,13.59
149.745,5,-35.3530996,149.1665636,100.025,28.01645072060453,7.61,13.86
149.845,5,-35.3530929,149.16657899999998,100.035,28.818197108400845,7.26,14.11
149.94400000000002,5,-35.353086399999995,149.1665949,100.049,29.758410213693534,6.9,14.36
150.044,5,-35.353080399999996,149.166611,100.063,30.804002892595765,6.53,14.6
150.144,5,-35.3530746,149.16662739999998,100.074,31.87478189406242,6.15,14.85
150.244,5,-35.3530692,149.166644,100.081,32.914128364968676,5.75,15.09
150.344,5,-35.3530642,149.16666089999998,100.08200000000001,33.902412341639916,5.34,15.34
150.44400000000002,5,-35.3530596,149.16667809999998,100.081,34.829904219603456,4.9,15.58
150.544,5,-35.353055399999995,149.16669539999998,100.07900000000001,35.6752630727976,4.42,15.82
150.644,5,-35.3530516,149.1667129,100.07900000000001,36.54027238023386,3.9,16.06
150.744,5,-35.3530484,149.1667306,100.083,37.36872310013763,3.36,16.29
150.844,5,-35.353045699999996,149.1667486,100.08800000000001,38.18729395140698,2.7800000000000002,16.51
150.94400000000002,5,-35.3530435,149.1667668,100.099,38.828358431431454,2.18,16.72
151.044,5,-35.3530418,149.1667852,100.11500000000001,39.29022948348605,1.56,16.91
151.144,5,-35.3530407,149.1668038,100.136,39.597509448961176,0.92,17.09
151.244,5,-35.353040199999995,149.1668226,100.162,39.678170567964436,0.28,17.240000000000002
151.344,5,-35.353040299999996,149.1668415,100.193,39.082677110082294,-0.36,17.36
151.44400000000002,5,-35.353040899999996,149.1668606,100.227,36.65359887894271,-0.98,17.46
151.544,5,-35.353042099999996,149.1668798,100.267,31.875335139385193,-1.53,17.5
151.644,5,-35.3530437,149.166899,100.32300000000001,25.065491395362617,-1.93,17.48
151.745,5,-35.3530455,149.1669183,100.399,17.05797056528372,-2.12,17.400000000000002
151.845,5,-35.3530474,149.1669374,100.482,8.989103537400707,-2.11,17.29
151.945,5,-35.3530492,149.1669564,100.551,1.652778780313206,-1.99,17.17
152.044,5,-35.3530509,149.16697539999998,100.59100000000001,-4.359074966513151,-1.82,17.07
152.144,5,-35.353052399999996,149.1669943,100.58800000000001,-8.707262611489302,-1.6600000000000001,16.97
152.244,5,-35.3530538,149.1670131,100.543,-11.391669535503237,-1.52,16.9
152.344,5,-35.3530551,149.16703189999998,100.462,-12.623670029686163,-1.3800000000000001,16.84
152.44400000000002,5,-35.3530562,149.16705059999998,100.363,-12.700244134244823,-1.23,16.81
152.544,5,-35.353057199999995,149.16706929999998,100.262,-12.097227222991908,-1.07,16.78
152.644,5,-35.353058,149.16708789999998,100.175,-11.214243418981107,-0.91,16.76
152.744,5,-35.3530587,149.1671063,100.114,-10.306327716952469,-0.75,16.740000000000002
152.844,5,-35.3530592,149.1671247,100.078,-9.522360311565699,-0.6,16.7
152.94400000000002,5,-35.3530596,149.16714299999998,100.06700000000001,-8.88131119946686,-0.46,16.66
153.044,5,-35.3530599,149.16716119999998,100.075,-8.306958884613195,-0.33,16.62
153.144,5,-35.3530601,149.1671793,100.095,-7.711380903140069,-0.23,16.57
153.244,5,-35.3530602,149.1671975,100.116,-7.004716298119033,-0.14,16.54
153.344,5,-35.353060299999996,149.1672155,100.131,-6.203228176850709,-0.08,16.51
153.44400000000002,5,-35.353060299999996,149.1672336,100.134,-5.283642242851458,-0.03,16.490000000000002
153.544,5,-35.3530602,149.1672516,100.121,-4.334779556748592,0.0,16.48
153.644,5,-35.3530601,149.1672697,100.09400000000001,-3.3980611604334214,0.02,16.47
153.744,5,-35.3530601,149.1672877,100.056,-2.6343187989527044,0.04,16.47
153.845,5,-35.35306,149.167306,100.011,-2.072806172521606,0.06,16.48
153.945,5,-35.35306,149.1673243,99.967,-1.6594684169967044,0.08,16.490000000000002
154.04500000000002,5,-35.3530599,149.1673425,99.928,-1.3469874759120326,0.1,16.51
154.144,5,-35.353059699999996,149.1673609,99.898,-1.1629460010136292,0.12,16.52
154.244,5,-35.3530596,149.1673792,99.879,-1.033423843122208,0.13,16.54
154.344,5,-35.3530594,149.16739769999998,99.87,-0.8801498091137733,0.15,16.55
154.44400000000002,5,-35.3530593,149.1674161,99.867,-0.6960366705899376,0.16,16.56
154.544,5,-35.353059099999996,149.16743449999998,99.867,-0.5092135477911935,0.17,16.57
154.644,5,-35.3530589,149.1674529,99.871,-0.30601181812574413,0.17,16.580000000000002
154.744,5,-35.3530588,149.1674711,99.874,-0.05961900037753558,0.17,16.59
154.844,5,-35.3530586,149.1674894,99.874,0.17233803913707912,0.17,16.59
154.94400000000002,5,-35.3530584,149.1675076,99.868,0.30670404178986904,0.16,16.6
155.044,5,-35.3530583,149.1675258,99.85900000000001,0.38824171952357056,0.16,16.61
155.144,5,-35.3530581,149.1675439,99.845,0.4746033250802994,0.16,16.62
155.244,5,-35.353058,149.1675621,99.82900000000001,0.5535788281015999,0.16,16.63
155.344,5,-35.353057799999995,149.1675803,99.81,0.5998229440422885,0.16,16.64
155.44400000000002,5,-35.3530577,149.1675986,99.791,0.672800954002936,0.16,16.64
155.544,5,-35.3530575,149.1676168,99.776,0.7289704553855639,0.15,16.65
155.644,5,-35.3530574,149.167635,99.766,0.7629847440913745,0.15,16.66
155.744,5,-35.353057199999995,149.16765329999998,99.763,0.7917969899705742,0.15,16.66
155.845,5,-35.3530571,149.1676716,99.765,0.8429795461245937,0.14,16.66
155.945,5,-35.353057,149.16769,99.771,0.8818066102351774,0.13,16.66
156.04500000000002,5,-35.3530569,149.16770839999998,99.778,0.8752392766265044,0.13,16.67
156.145,5,-35.3530568,149.1677269,99.783,0.9373898892879478,0.12,16.68
156.244,5,-35.353056699999996,149.1677454,99.785,1.0236562457222667,0.11,16.69
156.344,5,-35.353056599999995,149.167764,99.782,1.0815587475242265,0.1,16.71
156.44400000000002,5,-35.3530565,149.1677825,99.777,1.0974867486686963,0.08,16.72
156.544,5,-35.3530564,149.16780119999999,99.772,1.0473659667654964,0.07,16.740000000000002
156.644,5,-35.3530564,149.1678198,99.767,1.0276407006076171,0.06,16.76
156.744,5,-35.3530563,149.1678383,99.762,0.9840902405208521,0.05,16.77
156.844,5,-35.3530563,149.16785679999998,99.758,0.8910799260547919,0.04,16.77
156.94400000000002,5,-35.3530562,149.1678752,99.759,0.7314658223101458,0.04,16.78
157.044,5,-35.3530562,149.16789359999999,99.767,0.6130066498834412,0.03,16.77
157.144,5,-35.3530562,149.167912,99.78,0.5493042502590826,0.03,16.77
157.244,5,-35.353056099999996,149.1679304,99.796,0.5130767134579234,0.03,16.77
157.344,5,-35.353056099999996,149.1679488,99.809,0.44815907376983144,0.02,16.76
157.44400000000002,5,-35.353056099999996,149.1679672,99.82000000000001,0.45391868414829756,0.01,16.76
157.544,5,-35.353056099999996,149.16798559999998,99.82600000000001,0.4871555052274903,0.0,16.76
157.644,5,-35.353056099999996,149.168004,99.82600000000001,0.5000269433575264,0.0,16.76
157.744,5,-35.353056099999996,149.16802239999998,99.82300000000001,0.4804361465489316,-0.01,16.75
157.844,5,-35.353056099999996,149.1680408,99.82000000000001,0.459658124124371,-0.01,16.75
157.945,5,-35.353056099999996,149.1680592,99.81700000000001,0.3814579276151463,-0.02,16.75
158.04500000000002,5,-35.353056099999996,149.1680778,99.815,0.3270369813404681,-0.02,16.75
158.145,5,-35.353056099999996,149.1680964,99.816,0.2562063988631285,-0.02,16.76
158.245,5,-35.353056099999996,149.168115,99.81700000000001,0.18600812915233075,-0.03,16.77
158.344,5,-35.353056099999996,149.1681337,99.819,0.1908783875358804,-0.03,16.78
158.44400000000002,5,-35.353056099999996,149.1681524,99.82300000000001,0.21211774121410776,-0.04,16.78
158.544,5,-35.3530562,149.1681711,99.82900000000001,0.18396583588943083,-0.04,16.79
158.644,5,-35.3530562,149.1681898,99.836,0.11566920023331305,-0.05,16.8
158.744,5,-35.3530562,149.1682085,99.843,0.056817048672670074,-0.04,16.81
158.844,5,-35.3530563,149.1682272,99.84700000000001,-0.041723044308349305,-0.04,16.82
158.94400000000002,5,-35.3530563,149.1682457,99.848,-0.12127934686283227,-0.04,16.81
159.044,5,-35.3530563,149.16826419999998,99.85000000000001,-0.20754877154619233,-0.03,16.82
159.144,5,-35.3530563,149.1682827,99.851,-0.25435811232112604,-0.03,16.81
159.244,5,-35.3530563,149.1683012,99.851,-0.2408661675132501,-0.02,16.81
159.344,5,-35.3530563,149.1683196,99.852,-0.21521155010385906,-0.02,16.8
159.44400000000002,5,-35.3530564,149.168338,99.85300000000001,-0.17029642622505356,-0.01,16.8
159.544,5,-35.3530564,149.1683564,99.85600000000001,-0.10353392175965073,-0.01,16.79
159.644,5,-35.3530564,149.16837479999998,99.85900000000001,-0.048252555077482745,-0.01,16.79
159.744,5,-35.3530564,149.1683932,99.861,-0.04802092895529733,-0.01,16.78
159.844,5,-35.3530564,149.16841159999998,99.863,-0.0868731893936054,-0.01,16.78
159.94400000000002,5,-35.3530564,149.16843,99.864,-0.0965134144376966,-0.01,16.77
160.04500000000002,5,-35.3530564,149.1684484,99.86500000000001,-0.09994591800095858,-0.01,16.77
160.145,5,-35.3530564,149.1684671,99.86500000000001,-0.11671994212779753,-0.01,16.78
160.245,5,-35.3530564,149.1684857,99.863,-0.15294138245151395,-0.01,16.79
160.345,5,-35.3530564,149.1685044,99.86200000000001,-0.1707295162473279,-0.01,16.8
160.44400000000002,5,-35.3530564,149.1685231,99.86200000000001,-0.15685105210153802,-0.01,16.8
160.544,5,-35.3530564,149.16854179999999,99.86200000000001,-0.11096783561926914,-0.01,16.81
160.644,5,-35.3530564,149.16856049999998,99.866,-0.07360034424769879,-0.02,16.82
160.744,5,-35.3530564,149.16857919999998,99.873,-0.03039096006250479,-0.01,16.82
160.844,5,-35.3530564,149.16859789999998,99.878,0.011497253594571162,-0.02,16.830000000000002
160.94400000000002,5,-35.3530564,149.1686164,99.88,0.018357670853983182,-0.02,16.82
161.044,5,-35.3530564,149.1686349,99.881,-0.0027891334274851606,-0.02,16.82
161.144,5,-35.3530564,149.1686533,99.882,-0.06307667025304214,-0.02,16.82
161.244,5,-35.3530564,149.1686718,99.885,-0.09522560361403186,-0.02,16.82
161.344,5,-35.3530564,149.1686902,99.89,-0.08098888804214686,-0.02,16.81
161.44400000000002,5,-35.3530564,149.1687086,99.898,-0.09364258054185579,-0.02,16.8
161.544,5,-35.3530564,149.168727,99.906,-0.09578658626047204,-0.02,16.8
161.644,5,-35.3530564,149.1687454,99.913,-0.09131227207547817,-0.02,16.79
161.744,5,-35.3530564,149.1687638,99.92,-0.12792406704841008,-0.02,16.78
161.844,5,-35.3530564,149.16878219999998,99.925,-0.15304516931038642,-0.03,16.78
161.94400000000002,5,-35.3530564,149.1688006,99.927,-0.1975902089939683,-0.02,16.77
162.044,5,-35.3530564,149.16881899999998,99.928,-0.19833212495234773,-0.02,16.77
162.145,5,-35.3530564,149.1688375,99.924,-0.2078250073413944,-0.02,16.76
162.245,5,-35.3530564,149.168856,99.918,-0.19375745901338623,-0.02,16.76
162.345,5,-35.3530564,149.16887459999998,99.912,-0.1897980970691077,-0.01,16.77
162.44400000000002,5,-35.3530564,149.16889319999999,99.908,-0.19937665030747043,-0.01,16.77
162.544,5,-35.3530564,149.16891189999998,99.908,-0.1954323494639203,0.0,16.78
162.644,5,-35.3530564,149.1689305,99.91,-0.17508924467084555,0.0,16.78
162.744,5,-35.3530564,149.1689492,99.913,-0.13743694641707757,0.0,16.79
162.844,5,-35.3530564,149.16896789999998,99.919,-0.11578335243785953,-0.01,16.79
162.94400000000002,5,-35.3530564,149.16898659999998,99.927,-0.042331174603371755,-0.01,16.8
163.044,5,-35.3530564,149.1690052,99.936,-0.019478210411575384,-0.01,16.8
163.144,5,-35.3530564,149.1690238,99.944,-0.036161596127199484,-0.01,16.8
163.244,5,-35.3530564,149.1690423,99.95,-0.04994571495002527,-0.01,16.8
163.344,5,-35.3530564,149.1690607,99.955,-0.07727939496163574,-0.01,16.8
163.44400000000002,5,-35.3530564,149.1690791,99.958,-0.08750932413123556,-0.01,16.8
163.544,5,-35.3530564,149.1690975,99.96000000000001,-0.10325514465382976,-0.01,16.79
163.644,5,-35.3530564,149.16911589999998,99.962,-0.10166498456757955,-0.01,16.79
163.744,5,-35.3530564,149.1691343,99.964,-0.06242622146662404,-0.01,16.79
163.844,5,-35.3530564,149.16915269999998,99.965,-0.04914825367883992,-0.01,16.79
163.94400000000002,5,-35.3530563,149.1691711,99.96900000000001,-0.030074360117144205,-0.01,16.79
164.044,5,-35.3530563,149.1691895,99.97200000000001,0.01889743088871274,-0.01,16.78
164.144,5,-35.3530563,149.1692079,99.974,0.02626119190204637,0.0,16.78
164.245,5,-35.3530563,149.16922649999998,99.976,-0.002723262164322372,0.0,16.78
164.345,5,-35.3530563,149.16924509999998,99.977,-0.005348567559832259,0.0,16.78
164.445,5,-35.3530562,149.1692637,99.977,0.032961062196613405,0.0,16.79
164.544,5,-35.3530562,149.1692824,99.97500000000001,0.05456560087675834,0.0,16.79
164.644,5,-35.3530562,149.16930109999998,99.97200000000001,0.0858236147677779,0.0,16.8
164.744,5,-35.3530562,149.16931979999998,99.968,0.09365635431200821,0.0,16.81
164.844,5,-35.353056099999996,149.16933849999998,99.96300000000001,0.10072936204310019,0.0,16.82
164.94400000000002,5,-35.353056099999996,149.1693572,99.959,0.114166065028021,0.01,16.830000000000002
165.044,5,-35.353055999999995,149.16937579999998,99.955,0.11762995811299594,0.01,16.830000000000002
165.144,5,-35.353055999999995,149.1693944,99.956,0.10857700927560683,0.01,16.830000000000002
165.244,5,-35.353055999999995,149.1694129,99.96000000000001,0.14972535052821642,0.01,16.830000000000002
165.344,5,-35.3530559,149.16943139999998,99.968,0.17015341913930643,0.0,16.82
165.44400000000002,5,-35.3530559,149.1694498,99.97800000000001,0.21114710730002548,0.0,16.81
165.544,5,-35.3530559,149.16946819999998,99.988,0.2692838632461757,0.0,16.8
165.644,5,-35.3530559,149.1694866,99.996,0.3075413536130039,0.0,16.79
165.744,5,-35.3530558,149.169505,100.001,0.3301225459784478,-0.01,16.78
165.844,5,-35.3530558,149.1695234,100.003,0.3197740890143645,-0.01,16.78
165.94400000000002,5,-35.3530558,149.1695417,100.002,0.2712195015043603,-0.01,16.77
166.044,5,-35.3530558,149.16956009999998,99.997,0.2632658262571598,-0.02,16.77
166.144,5,-35.3530558,149.1695785,99.991,0.36117469369901495,-0.02,16.76
166.245,5,-35.3530558,149.1695969,99.985,0.6370499829789439,-0.04,16.76
166.345,5,-35.3530558,149.1696154,99.979,1.251586488514762,-0.05,16.76
166.445,5,-35.3530558,149.16963389999998,99.977,2.2145174433171495,-0.08,16.76
166.54500000000002,5,-35.3530559,149.16965249999998,99.97800000000001,3.5268699904433993,-0.13,16.77
166.644,5,-35.353055999999995,149.1696711,99.982,5.1067347938194265,-0.21,16.78
166.744,5,-35.3530562,149.1696898,99.989,6.853897610395512,-0.31,16.81
166.844,5,-35.3530565,149.16970849999998,99.994,8.611388953657125,-0.45,16.830000000000002
166.94400000000002,5,-35.353057,149.1697273,99.995,10.256351222795486,-0.6,16.86
167.044,5,-35.3530576,149.169746,99.994,11.693668910976289,-0.77,16.9
167.144,5,-35.3530584,149.1697647,99.991,12.892329544273093,-0.9500000000000001,16.93
167.244,5,-35.3530593,149.1697834,99.98700000000001,13.867065840725612,-1.1500000000000001,16.97
167.344,5,-35.3530604,149.1698021,99.983,14.612513540514449,-1.35,17.0
167.44400000000002,5,-35.3530617,149.1698208,99.98,15.104012245641275,-1.57,17.03
167.544,5,-35.3530632,149.1698395,99.98100000000001,15.310634005770623,-1.78,17.06
167.644,5,-35.3530649,149.1698582,99.986,15.34655397061572,-1.99,17.080000000000002
167.744,5,-35.3530667,149.16987699999999,99.994,15.286016296454605,-2.2,17.09
167.844,5,-35.353068799999996,149.16989569999998,100.005,15.136674210252275,-2.39,17.11
167.94400000000002,5,-35.353071,149.1699145,100.015,14.990960662046517,-2.57,17.12
168.044,5,-35.3530734,149.1699334,100.022,15.04017388256375,-2.74,17.13
168.144,5,-35.3530759,149.16995219999998,100.025,15.55167650422225,-2.92,17.14
168.244,5,-35.353078599999996,149.169971,100.023,16.689172793501587,-3.12,17.150000000000002
168.345,5,-35.3530815,149.1699899,100.016,18.430391211065647,-3.35,17.16
168.445,5,-35.353084599999995,149.170009,100.006,20.696747015418843,-3.64,17.17
168.54500000000002,5,-35.3530881,149.1700281,99.995,23.286583993958427,-3.98,17.18
168.645,5,-35.353091899999995,149.1700472,99.98400000000001,26.01910362425958,-4.38,17.19
168.744,5,-35.3530961,149.1700664,99.974,28.719094478638546,-4.84,17.2
168.844,5,-35.3531007,149.1700855,99.96600000000001,31.188494731543294,-5.34,17.2
168.94400000000002,5,-35.3531058,149.1701047,99.959,33.33586864055487,-5.89,17.2
169.044,5,-35.353111399999996,149.1701239,99.956,35.17952794283807,-6.48,17.18
169.144,5,-35.3531176,149.170143,99.96000000000001,36.70236301452202,-7.11,17.14
169.244,5,-35.3531244,149.1701621,99.971,37.95490359508646,-7.7700000000000005,17.07
169.344,5,-35.3531317,149.1701809,99.988,38.90741104088518,-8.43,16.98
169.44400000000002,5,-35.3531396,149.1701995,100.01,39.67076664290414,-9.1,16.86
169.544,5,-35.353148,149.170218,100.041,40.21693247460046,-9.78,16.7
169.644,5,-35.3531571,149.1702362,100.081,40.265901515854864,-10.47,16.52
169.744,5,-35.3531668,149.1702542,100.128,39.45294849517785,-11.13,16.3
169.844,5,-35.353177099999996,149.1702719,100.18,37.83579192615061,-11.72,16.080000000000002
169.94400000000002,5,-35.3531878,149.1702894,100.241,35.794176666247516,-12.23,15.85
170.044,5,-35.353199,149.1703067,100.308,33.72551727232575,-12.65,15.620000000000001
170.144,5,-35.3532104,149.17032369999998,100.376,31.616228498126173,-13.0,15.4
170.244,6,-35.3532222,149.17034049999998,100.441,29.264092347986786,-13.290000000000001,15.19
170.344,6,-35.353234199999996,149.1703571,100.496,26.758510875501187,-13.51,15.0
170.445,6,-35.353246399999996,149.17037349999998,100.537,24.39713860205665,-13.67,14.84
170.54500000000002,6,-35.3532589,149.1703901,100.56,22.43483379124845,-13.8,14.700000000000001
170.645,6,-35.3532714,149.1704063,100.566,20.993781697138942,-13.92,14.57
170.745,6,-35.353284099999996,149.1704225,100.552,19.93824426280517,-14.05,14.43
170.844,6,-35.353296799999995,149.1704385,100.523,19.053193472796796,-14.19,14.3
170.94400000000002,6,-35.3533097,149.17045439999998,100.479,18.244995971329406,-14.35,14.17
171.044,6,-35.3533228,149.1704701,100.428,17.390018504236597,-14.52,14.030000000000001
171.144,6,-35.353336,149.1704857,100.377,16.330900343230446,-14.69,13.89
171.244,6,-35.3533493,149.1705011,100.331,15.108740444094217,-14.85,13.76
171.344,6,-35.3533627,149.17051619999998,100.299,13.718853297057274,-14.99,13.63
171.44400000000002,6,-35.3533762,149.1705311,100.281,12.219670316695433,-15.120000000000001,13.51
171.544,6,-35.3533897,149.17054589999998,100.277,10.589184633502915,-15.21,13.4
171.644,6,-35.353403199999995,149.1705606,100.28,8.912052173373795,-15.27,13.32
171.744,6,-35.3534168,149.17057509999998,100.286,7.1955351349430865,-15.31,13.25
171.844,6,-35.3534305,149.1705896,100.29,5.479090240385488,-15.33,13.200000000000001
171.94400000000002,6,-35.3534441,149.1706041,100.288,3.872823127329365,-15.32,13.17
172.044,6,-35.3534577,149.1706185,100.275,2.4016232185536555,-15.31,13.15
172.144,6,-35.353471299999995,149.1706329,100.254,1.1259753609751137,-15.290000000000001,13.14
172.244,6,-35.3534849,149.1706474,100.227,0.0867171422494331,-15.26,13.15
172.344,6,-35.3534985,149.1706618,100.196,-0.7867778681476726,-15.23,13.15
172.44400000000002,6,-35.353511999999995,149.1706763,100.164,-1.4626992047450995,-15.200000000000001,13.17
172.54500000000002,6,-35.3535256,149.1706908,100.131,-1.966442197897936,-15.16,13.19
172.645,6,-35.3535392,149.1707054,100.10300000000001,-2.345083979821348,-15.13,13.22
172.745,6,-35.353552799999996,149.1707202,100.081,-2.600127298854444,-15.09,13.25
172.845,6,-35.3535664,149.17073489999999,100.06400000000001,-2.7374441966927305,-15.06,13.290000000000001
172.94400000000002,6,-35.35358,149.1707497,100.05,-2.7731404728425098,-15.030000000000001,13.32
173.044,6,-35.353593599999996,149.17076459999998,100.038,-2.7976807022001307,-15.01,13.35
173.144,6,-35.3536071,149.17077949999998,100.026,-2.862280844813523,-14.99,13.38
173.244,6,-35.3536207,149.1707944,100.015,-3.3755772449027974,-14.97,13.4
173.344,6,-35.3536342,149.1708094,100.004,-5.013640596092622,-14.950000000000001,13.44
173.44400000000002,7,-35.353647699999996,149.1708243,99.994,-7.798167848055189,-14.870000000000001,13.51
173.544,7,-35.3536609,149.17083929999998,99.983,-11.247534614769396,-14.72,13.620000000000001
173.644,7,-35.353674,149.1708544,99.96900000000001,-14.658509741932608,-14.5,13.77
173.744,7,-35.3536868,149.1708696,99.953,-17.82133812013373,-14.26,13.94
173.844,7,-35.353699399999996,149.170885,99.936,-20.847557592292723,-14.0,14.120000000000001
173.94400000000002,7,-35.3537117,149.17090059999998,99.917,-23.63058817905341,-13.700000000000001,14.31
174.044,7,-35.3537238,149.17091639999998,99.898,-25.84710580058032,-13.36,14.540000000000001
174.144,7,-35.3537355,149.1709325,99.88,-27.35704376756399,-12.99,14.780000000000001
174.244,7,-35.353746799999996,149.1709488,99.86500000000001,-28.277876211086767,-12.6,15.02
174.344,7,-35.3537578,149.1709655,99.85900000000001,-28.81552650443537,-12.19,15.26
174.44400000000002,7,-35.3537685,149.1709823,99.861,-29.329385541357524,-11.78,15.49
174.544,7,-35.3537788,149.1709995,99.873,-29.924452112416546,-11.370000000000001,15.700000000000001
174.645,7,-35.3537888,149.171017,99.889,-30.668034316788322,-10.94,15.91
174.745,7,-35.353798399999995,149.1710348,99.906,-31.513089226564396,-10.53,16.11
174.845,7,-35.3538077,149.1710527,99.923,-32.496814051964655,-10.11,16.29
174.94400000000002,7,-35.3538166,149.1710709,99.937,-33.526792918424235,-9.67,16.48
175.044,7,-35.353825,149.1710894,99.944,-34.58845703244351,-9.21,16.66
175.144,7,-35.353833099999996,149.171108,99.949,-35.71127524519649,-8.700000000000001,16.85
175.244,7,-35.3538407,149.1711268,99.955,-36.90897965200949,-8.16,17.03
175.344,7,-35.3538478,149.1711458,99.964,-38.15152766581821,-7.58,17.2
175.44400000000002,7,-35.3538543,149.171165,99.977,-39.39373417016843,-6.96,17.37
175.544,7,-35.3538602,149.1711842,99.991,-40.48472711648373,-6.3100000000000005,17.51
175.644,7,-35.3538655,149.1712035,100.006,-41.35014282017561,-5.63,17.64
175.744,7,-35.3538701,149.17122279999998,100.026,-42.04688017212486,-4.93,17.740000000000002
175.844,7,-35.3538742,149.1712423,100.05,-42.57155481359773,-4.2,17.81
175.94400000000002,7,-35.353877499999996,149.1712617,100.081,-42.92134929156159,-3.44,17.85
176.044,7,-35.3538801,149.17128119999998,100.118,-43.06496426414487,-2.67,17.86
176.144,7,-35.3538821,149.1713007,100.162,-43.06100275442626,-1.9100000000000001,17.830000000000002
176.244,7,-35.3538834,149.1713201,100.21000000000001,-43.02487105371689,-1.19,17.77
176.344,7,-35.3538841,149.1713395,100.262,-42.86444015539705,-0.48,17.69
176.44400000000002,7,-35.3538841,149.17135869999998,100.316,-42.05299319143202,0.2,17.57
176.544,7,-35.353883599999996,149.1713778,100.368,-39.51138076352731,0.86,17.43
176.644,7,-35.3538825,149.1713968,100.421,-34.621231695175815,1.41,17.26
176.745,7,-35.353881,149.17141569999998,100.48400000000001,-27.616394588085836,1.8,17.080000000000002
176.845,7,-35.3538792,149.1714343,100.56,-19.560355509237755,1.96,16.91
176.945,7,-35.3538776,149.1714529,100.641,-11.406723272433945,1.93,16.77
177.044,7,-35.3538759,149.1714714,100.70700000000001,-4.03958134214158,1.77,16.66
177.144,7,-35.353874399999995,149.1714898,100.74000000000001,1.9570075722200329,1.58,16.57
177.244,7,-35.3538731,149.17150809999998,100.729,6.266613613008897,1.41,16.5
177.344,7,-35.3538719,149.1715264,100.669,8.860941014040941,1.25,16.44
177.44400000000002,7,-35.3538709,149.1715446,100.574,9.928451769989746,1.12,16.4
177.544,7,-35.35387,149.1715628,100.458,9.830769819574808,1.0,16.39
177.644,7,-35.3538692,149.171581,100.342,8.987833975988732,0.88,16.39
177.744,7,-35.3538686,149.171599,100.242,7.832451128820422,0.78,16.39
177.844,7,-35.353868,149.171617,100.163,6.735678134919992,0.6900000000000001,16.39
177.94400000000002,7,-35.3538675,149.1716349,100.11500000000001,5.904816785126029,0.59,16.39
178.044,7,-35.353867099999995,149.1716529,100.092,5.3556034083994195,0.5,16.38
178.144,7,-35.3538667,149.1716708,100.092,4.924268424576652,0.42,16.37
178.244,7,-35.3538664,149.1716887,100.105,4.562180886767235,0.35000000000000003,16.35
178.344,7,-35.3538662,149.1717066,100.12,4.184557229916979,0.29,16.34
178.44400000000002,7,-35.3538661,149.17172449999998,100.13,3.7445824836809676,0.25,16.330000000000002
178.544,7,-35.353865899999995,149.1717424,100.127,3.2361444825256878,0.22,16.330000000000002
178.644,7,-35.3538658,149.1717603,100.107,2.7127558376074847,0.2,16.330000000000002
178.745,7,-35.3538657,149.1717782,100.07000000000001,2.217304160498515,0.18,16.330000000000002
178.845,7,-35.3538656,149.17179629999998,100.021,1.7734679027822138,0.17,16.34
178.945,7,-35.3538655,149.1718144,99.96600000000001,1.4153688752829674,0.16,16.36
179.04500000000002,7,-35.3538654,149.1718326,99.915,1.1522782060254213,0.15,16.38
179.144,7,-35.353865299999995,149.17185089999998,99.873,0.9922794238922859,0.14,16.41
179.244,7,-35.3538652,149.17186909999998,99.843,0.8699435855030702,0.13,16.43
179.344,7,-35.3538651,149.1718875,99.82600000000001,0.8233639898802575,0.12,16.46
179.44400000000002,7,-35.353865,149.1719058,99.818,0.7763385643315428,0.11,16.48
179.544,7,-35.3538649,149.1719242,99.818,0.7395836088604117,0.1,16.5
179.644,7,-35.3538648,149.1719425,99.822,0.7384771715757226,0.09,16.51
179.744,7,-35.3538648,149.1719607,99.828,0.7125296030839614,0.09,16.52
179.844,7,-35.353864699999995,149.171979,99.83200000000001,0.6379492734327112,0.08,16.52
179.94400000000002,7,-35.3538646,149.1719971,99.83,0.5922277736852344,0.07,16.52
180.044,7,-35.3538646,149.1720153,99.822,0.540163269354637,0.06,16.52
180.144,7,-35.3538645,149.1720334,99.81,0.5037770373769808,0.06,16.53
180.244,7,-35.3538645,149.17205149999998,99.793,0.47554108870900097,0.06,16.54
180.344,7,-35.3538644,149.17206969999998,99.773,0.4780726342918427,0.05,16.55
180.44400000000002,7,-35.3538643,149.17208789999998,99.753,0.49691221701344196,0.04,16.56
180.544,7,-35.3538643,149.17210599999999,99.73400000000001,0.45588343075173404,0.04,16.57
180.644,7,-35.3538642,149.17212419999998,99.71600000000001,0.40214411601188194,0.04,16.580000000000002
180.744,7,-35.3538642,149.1721425,99.703,0.3607509818466362,0.05,16.59
180.845,7,-35.353864099999996,149.1721608,99.696,0.2980151340311137,0.06,16.6
180.945,7,-35.353864,149.1721794,99.694,0.21891449980978447,0.06,16.62
181.04500000000002,7,-35.3538639,149.1721978,99.697,0.2280296273810045,0.06,16.63
181.145,7,-35.3538638,149.1722164,99.703,0.2941662157121057,0.05,16.64
181.244,7,-35.3538638,149.1722349,99.708,0.3725080852857553,0.05,16.66
181.344,7,-35.3538637,149.17225349999998,99.71300000000001,0.4834592523086027,0.04,16.67
181.44400000000002,7,-35.3538636,149.1722721,99.71600000000001,0.5399979040715286,0.04,16.68
181.544,7,-35.353863499999996,149.1722907,99.72,0.579435096174065,0.03,16.7
181.644,7,-35.3538634,149.1723092,99.723,0.6421482389466824,0.03,16.71
181.744,7,-35.3538634,149.1723276,99.727,0.6810636686296532,0.03,16.71
181.844,7,-35.3538633,149.1723461,99.732,0.6708878073442449,0.02,16.72
181.94400000000002,7,-35.3538632,149.1723644,99.73700000000001,0.6448203370160384,0.02,16.71
182.044,7,-35.3538632,149.17238279999998,99.742,0.6493456575062891,0.01,16.71
182.144,7,-35.3538631,149.1724011,99.748,0.6504685299336687,0.01,16.71
182.244,7,-35.353863,149.1724194,99.756,0.6587357268720286,0.01,16.7
182.344,7,-35.353863,149.1724377,99.762,0.6686049766967268,0.0,16.69
182.44400000000002,7,-35.353862899999996,149.17245599999998,99.768,0.6360351662786681,0.0,16.69
182.544,7,-35.353862899999996,149.1724743,99.77,0.5828899445944749,0.0,16.69
182.644,7,-35.353862899999996,149.1724926,99.77,0.5653017272340161,0.0,16.69
182.744,7,-35.3538628,149.1725109,99.769,0.5547192562495804,0.0,16.69
182.844,7,-35.3538628,149.17252919999999,99.766,0.5437667277503476,-0.01,16.69
182.945,7,-35.3538627,149.1725476,99.762,0.5118569910825472,-0.02,16.7
183.04500000000002,7,-35.3538627,149.17256609999998,99.758,0.5090033060308041,-0.03,16.7
183.145,7,-35.3538627,149.1725847,99.756,0.518907347131587,-0.03,16.71
183.245,7,-35.3538627,149.1726032,99.757,0.5555572350833764,-0.03,16.72
183.344,7,-35.3538627,149.1726219,99.76,0.5562475110763708,-0.04,16.73
183.44400000000002,7,-35.3538627,149.1726405,99.766,0.4973325938125151,-0.04,16.75
183.544,7,-35.3538627,149.1726592,99.774,0.443322979672345,-0.04,16.76
183.644,7,-35.3538627,149.1726779,99.783,0.38134224128607924,-0.04,16.77
183.744,7,-35.3538626,149.1726965,99.794,0.34145460354386586,-0.04,16.78
183.844,7,-35.3538626,149.1727152,99.807,0.2803053072869169,-0.04,16.79
183.94400000000002,7,-35.3538626,149.17273369999998,99.818,0.23251724842868798,-0.03,16.79
184.044,7,-35.3538626,149.1727522,99.827,0.19227087901270354,-0.03,16.79
184.144,7,-35.3538626,149.1727706,99.83500000000001,0.13989538763145903,-0.03,16.78
184.244,7,-35.3538626,149.172789,99.84100000000001,0.14940577238025388,-0.03,16.78
184.344,7,-35.3538626,149.17280739999998,99.845,0.245204644977104,-0.03,16.77
184.44400000000002,7,-35.3538626,149.1728258,99.846,0.3266998207914781,-0.03,16.77
184.544,7,-35.3538626,149.1728441,99.84700000000001,0.3863080822973694,-0.04,16.76
184.644,7,-35.3538626,149.17286249999998,99.849,0.4227755561735517,-0.04,16.76
184.744,7,-35.3538626,149.1728809,99.854,0.420955951089978,-0.05,16.76
184.844,7,-35.3538626,149.1728992,99.85900000000001,0.4074910869149441,-0.05,16.76
184.94400000000002,7,-35.3538626,149.1729176,99.863,0.396041848916578,-0.05,16.75
185.04500000000002,7,-35.3538625,149.172936,99.86500000000001,0.3465082231581613,-0.05,16.75
185.145,7,-35.3538625,149.1729547,99.867,0.31815528082021854,-0.05,16.75
185.245,7,-35.3538625,149.1729733,99.87,0.3169689089778991,-0.05,16.75
185.344,7,-35.3538625,149.1729919,99.876,0.28358798691547493,-0.05,16.76
185.44400000000002,7,-35.3538626,149.1730105,99.884,0.298599008483444,-0.06,16.76
185.544,7,-35.3538626,149.1730292,99.894,0.3407321509565784,-0.07,16.76
185.644,7,-35.3538626,149.1730478,99.906,0.37790209378064066,-0.07,16.76
185.744,7,-35.3538626,149.1730665,99.917,0.36199882539148576,-0.07,16.77
185.844,7,-35.3538627,149.17308509999998,99.924,0.348030688332413,-0.08,16.77
185.94400000000002,7,-35.3538627,149.1731036,99.929,0.31629448115821324,-0.08,16.77
186.044,7,-35.3538627,149.173122,99.93,0.25145952411167544,-0.08,16.77
186.144,7,-35.3538628,149.1731404,99.926,0.19305752470601859,-0.08,16.77
186.244,7,-35.3538628,149.17315879999998,99.919,0.13658265250251028,-0.08,16.77
186.344,7,-35.3538628,149.1731771,99.915,0.06981695305604063,-0.08,16.77
186.44400000000002,7,-35.353862899999996,149.1731955,99.913,0.0029506233786523272,-0.08,16.77
186.544,7,-35.353862899999996,149.17321389999998,99.913,-0.006820673429168347,-0.08,16.77
186.644,7,-35.353862899999996,149.1732322,99.916,0.03178947131054465,-0.08,16.77
186.744,7,-35.353863,149.1732506,99.919,0.019023424200021004,-0.07,16.77
186.844,7,-35.353863,149.173269,99.924,-0.01615053424381724,-0.07,16.76
186.94400000000002,7,-35.353863,149.1732873,99.929,-0.04781801430702043,-0.06,16.76
187.044,7,-35.3538631,149.1733057,99.933,-0.0559792232513262,-0.06,16.75
187.145,7,-35.3538631,149.1733243,99.938,-0.040840462471643336,-0.05,16.75
187.245,7,-35.3538631,149.1733427,99.943,0.01923296226416296,-0.04,16.75
187.345,7,-35.3538631,149.17336129999998,99.947,0.05783403982770117,-0.05,16.75
187.44400000000002,7,-35.3538631,149.1733799,99.95100000000001,0.08670721713079542,-0.05,16.76
187.544,7,-35.3538631,149.1733985,99.95400000000001,0.12436783300750774,-0.05,16.77
187.644,7,-35.3538632,149.1734172,99.955,0.127279281182505,-0.05,16.78
187.744,7,-35.3538632,149.1734359,99.955,0.11889386327456565,-0.06,16.79
187.844,7,-35.3538632,149.1734545,99.95400000000001,0.09381260822948546,-0.05,16.8
187.94400000000002,7,-35.3538633,149.1734732,99.953,0.03766103609342884,-0.05,16.81
188.044,7,-35.3538633,149.1734919,99.953,0.026944304200540205,-0.05,16.82
188.144,7,-35.3538633,149.1735104,99.95400000000001,0.06971973625218034,-0.04,16.82
188.244,7,-35.3538633,149.17352889999998,99.956,0.08346102965550802,-0.04,16.81
188.344,7,-35.3538633,149.1735474,99.959,0.09340051570282362,-0.04,16.81
188.44400000000002,7,-35.3538634,149.1735658,99.962,0.060548219599668045,-0.03,16.81
188.544,7,-35.3538634,149.1735842,99.96600000000001,0.031264597286244956,-0.03,16.8
188.644,7,-35.3538634,149.17360259999998,99.971,0.004366364762714271,-0.03,16.79
188.744,7,-35.3538634,149.173621,99.977,-0.003485456080563586,-0.03,16.79
188.844,7,-35.3538634,149.17363939999998,99.979,0.03945179630096181,-0.04,16.79
188.94400000000002,7,-35.353863499999996,149.1736578,99.979,0.13350171691851886,-0.05,16.79
189.044,7,-35.353863499999996,149.1736762,99.976,0.2045489311183816,-0.06,16.79
189.144,7,-35.3538636,149.1736946,99.971,0.2259156571524591,-0.06,16.79
189.245,7,-35.3538636,149.17371319999998,99.96600000000001,0.2271724386401679,-0.07,16.79
189.345,7,-35.3538637,149.1737319,99.96000000000001,0.171423127293628,-0.07,16.8
189.445,7,-35.3538637,149.17375049999998,99.955,0.07317062929936978,-0.06,16.8
189.544,7,-35.3538638,149.17376919999998,99.953,-0.06594851800508789,-0.06,16.8
189.644,7,-35.3538638,149.17378779999999,99.953,-0.20818381905644487,-0.05,16.81
189.744,7,-35.3538638,149.17380649999998,99.955,-0.3247517227741435,-0.04,16.82
189.844,7,-35.3538639,149.17382519999998,99.955,-0.37345769502379866,-0.03,16.82
189.94400000000002,7,-35.3538639,149.173844,99.956,-0.36289339340977234,-0.02,16.830000000000002
190.044,7,-35.3538639,149.1738626,99.961,-0.28770965923403385,-0.02,16.830000000000002
190.144,7,-35.3538639,149.17388119999998,99.968,-0.21408462225165986,-0.02,16.830000000000002
190.244,7,-35.3538639,149.1738997,99.977,-0.15640898411576482,-0.02,16.830000000000002
190.344,7,-35.3538639,149.17391809999998,99.985,-0.09806007875873425,-0.02,16.82
190.44400000000002,7,-35.353864,149.1739366,99.992,-0.04582658060703198,-0.02,16.82
190.544,7,-35.353864,149.173955,99.997,0.004977900980925136,-0.02,16.81
190.644,7,-35.353864,149.1739734,100.0,0.053326168336345646,-0.02,16.8
190.744,7,-35.353864,149.17399179999998,100.002,0.17888825725218746,-0.02,16.79
190.844,7,-35.353864,149.1740102,100.005,0.5156309374032437,-0.03,16.79
190.94400000000002,7,-35.353864,149.17402859999999,100.005,1.1850478528375556,-0.04,16.78
191.044,7,-35.353864099999996,149.174047,100.002,2.220562160732611,-0.06,16.78
191.144,7,-35.353864099999996,149.1740654,99.997,3.6598680742921226,-0.11,16.79
191.245,7,-35.3538643,149.1740838,99.99000000000001,5.416223044830575,-0.19,16.8
191.345,7,-35.3538645,149.17410239999998,99.98400000000001,7.2735837065888225,-0.32,16.82
191.445,7,-35.3538648,149.17412099999999,99.979,9.085910369828238,-0.46,16.85
191.54500000000002,7,-35.353865299999995,149.17413969999998,99.977,10.750923513048816,-0.63,16.89
191.644,7,-35.353866,149.17415839999998,99.97800000000001,12.192419569454374,-0.8200000000000001,16.92
191.744,7,-35.3538668,149.1741773,99.98,13.361101648710346,-1.02,16.96
191.844,7,-35.353867799999996,149.17419619999998,99.98,14.23536500869833,-1.22,17.0
191.94400000000002,7,-35.3538691,149.1742151,99.98100000000001,14.79216459115871,-1.42,17.03
192.044,7,-35.3538704,149.17423399999998,99.983,15.069903988473524,-1.6300000000000001,17.07
192.144,7,-35.353871999999996,149.1742529,99.98700000000001,15.163059231016035,-1.82,17.09
192.244,7,-35.3538737,149.1742717,99.991,15.154489051154961,-2.02,17.11
192.344,7,-35.353875599999995,149.1742906,99.996,15.033036334881087,-2.21,17.13
192.44400000000002,7,-35.3538777,149.1743094,100.003,14.90708593903876,-2.41,17.14
192.544,7,-35.353879899999995,149.1743282,100.012,14.789697185321042,-2.59,17.150000000000002
192.644,7,-35.353882399999996,149.17434699999998,100.02,14.88804166408547,-2.7800000000000002,17.150000000000002
192.744,7,-35.3538849,149.1743658,100.027,15.071147082902465,-2.98,17.16
192.844,7,-35.3538877,149.1743847,100.032,14.863096105689293,-3.19,17.16
192.94400000000002,7,-35.3538906,149.17440349999998,100.034,14.30123876814852,-3.38,17.150000000000002
193.044,7,-35.3538937,149.1744223,100.035,13.72324083982536,-3.5300000000000002,17.150000000000002
193.144,7,-35.353896899999995,149.1744412,100.034,13.52703767950122,-3.68,17.150000000000002
193.244,7,-35.3539003,149.17445999999998,100.032,13.619123143664979,-3.85,17.14
193.345,7,-35.3539038,149.1744788,100.029,13.546668496949483,-4.03,17.13
193.445,7,-35.3539076,149.1744979,100.024,13.29932941785675,-4.2,17.13
193.54500000000002,7,-35.3539114,149.1745169,100.018,13.053551890763012,-4.37,17.12
193.645,7,-35.3539155,149.1745359,100.014,12.917129961149408,-4.54,17.12
193.744,7,-35.3539197,149.174555,100.012,12.835060969403473,-4.71,17.12
193.844,7,-35.353924,149.174574,100.012,12.76216662926016,-4.88,17.11
193.94400000000002,7,-35.353928499999995,149.17459309999998,100.014,12.632186421807523,-5.05,17.11
194.044,7,-35.3539332,149.1746121,100.018,12.359245232384644,-5.22,17.1
194.144,7,-35.3539379,149.1746311,100.024,11.90904099720607,-5.37,17.09
194.244,7,-35.3539429,149.17465009999998,100.028,11.287007985530192,-5.51,17.080000000000002
194.344,7,-35.3539479,149.1746689,100.034,10.502581249921738,-5.64,17.06
194.44400000000002,7,-35.353953,149.1746877,100.04,9.59640553858416,-5.75,17.05
194.544,7,-35.3539581,149.1747064,100.044,8.652382041508249,-5.84,17.03
194.644,7,-35.3539634,149.1747251,100.045,7.653578719741543,-5.92,17.01
194.744,7,-35.353968699999996,149.1747437,100.044,6.7147854400225695,-5.98,16.990000000000002
194.844,7,-35.353974,149.1747623,100.041,5.874318282934629,-6.03,16.97
194.94400000000002,7,-35.3539794,149.17478079999998,100.037,5.102363472750619,-6.08,16.96
195.044,7,-35.3539848,149.17479939999998,100.032,4.411027092887561,-6.13,16.94
195.144,7,-35.3539903,149.174818,100.027,3.8513579772021305,-6.17,16.93
195.244,7,-35.3539958,149.1748365,100.021,3.376490569260875,-6.2,16.91
195.344,7,-35.3540013,149.1748551,100.015,2.878714920286808,-6.23,16.9
195.445,7,-35.3540069,149.1748737,100.011,2.4052997813178267,-6.26,16.9
195.54500000000002,7,-35.3540126,149.1748926,100.008,1.984904412667892,-6.28,16.9
195.645,8,-35.3540182,149.1749113,100.007,1.6167987311477539,-6.3,16.9
195.745,8,-35.3540239,149.17493009999998,100.008,1.3176784938532733,-6.3100000000000005,16.9
195.844,8,-35.3540296,149.1749489,100.009,0.9968648287028916,-6.32,16.9
195.94400000000002,8,-35.3540353,149.1749677,100.01,0.6814911957830136,-6.32,16.9
196.044,8,-35.354040999999995,149.1749865,100.011,0.43121494858419007,-6.32,16.91
196.144,8,-35.3540467,149.17500529999998,100.012,0.1597214524404491,-6.32,16.92
196.244,8,-35.3540524,149.1750241,100.009,-0.043209290803701436,-6.3100000000000005,16.92
196.344,8,-35.354057999999995,149.1750427,100.004,-0.17133976430119946,-6.3,16.92
196.44400000000002,8,-35.3540637,149.17506129999998,99.999,-0.22590650576618834,-6.3,16.93
196.544,8,-35.3540693,149.1750799,99.996,-0.2819301452574394,-6.29,16.92
196.644,8,-35.3540749,149.1750984,99.993,-0.33773369791094277,-6.29,16.92
196.744,8,-35.3540804,149.1751169,99.992,-0.41686794946959316,-6.29,16.92
196.844,8,-35.354085999999995,149.17513549999998,99.992,-0.5029583218110784,-6.28,16.91
196.94400000000002,8,-35.3540916,149.175154,99.991,-0.5637471121458977,-6.26,16.91
197.044,8,-35.3540972,149.1751725,99.991,-0.5803402029607974,-6.25,16.91
197.144,8,-35.3541027,149.17519099999998,99.991,-0.5561325717992441,-6.25,16.91
197.244,8,-35.3541083,149.1752095,99.99000000000001,-0.58274144134088,-6.24,16.91
197.344,8,-35.3541138,149.1752281,99.99000000000001,-0.6227167776448193,-6.23,16.9
197.44400000000002,8,-35.3541194,149.17524659999998,99.991,-0.6194062169706258,-6.22,16.9
197.54500000000002,8,-35.354124899999995,149.17526519999998,99.992,-0.639410400306565,-6.21,16.9
197.645,8,-35.3541305,149.17528389999998,99.994,-0.653006638901416,-6.2,16.9
197.745,8,-35.3541361,149.1753027,99.998,-0.6768151308833465,-6.19,16.91
197.844,8,-35.3541417,149.1753214,99.999,-0.6839731157726671,-6.19,16.91
197.94400000000002,8,-35.3541473,149.1753402,99.999,-0.65785265811754,-6.18,16.91
198.044,8,-35.3541528,149.175359,99.998,-0.6501417480705658,-6.18,16.92
198.144,8,-35.354158399999996,149.1753779,99.998,-0.6482360719312794,-6.18,16.92
198.244,8,-35.354164,149.1753967,99.997,-0.6315969840611878,-6.17,16.93
198.344,8,-35.3541696,149.17541549999999,99.994,-0.6505693819456321,-6.16,16.94
198.44400000000002,8,-35.3541752,149.1754343,99.991,-0.7211331868389446,-6.15,16.94
198.544,8,-35.3541807,149.175453,99.989,-0.7228691221051856,-6.140000000000001,16.94
198.644,8,-35.3541862,149.17547159999998,99.986,-0.7018954254330747,-6.13,16.94
198.744,8,-35.3541916,149.17549019999998,99.986,-0.6848861199656273,-6.11,16.94
198.844,8,-35.3541971,149.1755088,99.989,-0.6455068777493304,-6.1000000000000005,16.94
198.94400000000002,8,-35.3542025,149.1755273,99.994,-0.6646488030634085,-6.09,16.93
199.044,8,-35.3542079,149.1755459,100.0,-0.6176566213260447,-6.08,16.92
199.144,8,-35.3542133,149.17556439999998,100.005,-0.5159250090635245,-6.08,16.92
199.244,8,-35.3542187,149.1755829,100.009,-0.38239024843685304,-6.08,16.91
199.344,8,-35.3542242,149.1756014,100.012,-0.258869665711331,-6.07,16.91
199.44400000000002,8,-35.3542296,149.17561999999998,100.014,-0.1888972724908197,-6.07,16.9
199.544,8,-35.354234999999996,149.1756385,100.013,-0.15169016383271902,-6.07,16.91
199.645,8,-35.354240499999996,149.1756572,100.007,-0.12168641012910916,-6.07,16.91
199.745,8,-35.354245899999995,149.17567599999998,100.0,-0.09779655618673341,-6.07,16.92
199.845,8,-35.354251399999995,149.17569469999998,99.989,-0.09942614994326986,-6.08,16.93
199.94400000000002,8,-35.354256899999996,149.1757136,99.97800000000001,-0.11874506653627986,-6.08,16.94
200.044,8,-35.354262399999996,149.1757324,99.971,-0.10488227714102662,-6.09,16.96
200.144,8,-35.354268,149.1757513,99.96600000000001,-0.11280324218540512,-6.09,16.97
200.244,8,-35.3542735,149.1757701,99.96600000000001,-0.1411825047640362,-6.1000000000000005,16.98
200.344,8,-35.354279,149.17578899999998,99.97200000000001,-0.17799200836703485,-6.09,16.98
200.44400000000002,8,-35.3542845,149.1758079,99.98,-0.21997714117446357,-6.09,16.990000000000002
200.544,8,-35.35429,149.1758266,99.989,-0.23589669796396334,-6.08,16.990000000000002
200.644,8,-35.3542954,149.1758453,99.997,-0.23327203769282728,-6.08,16.98
200.744,8,-35.3543008,149.1758639,100.004,-0.18442995524766112,-6.08,16.97
200.844,8,-35.3543063,149.1758825,100.008,-0.14067328214490002,-6.08,16.97
200.94400000000002,8,-35.3543117,149.1759011,100.011,-0.13676173152481155,-6.08,16.96
201.044,8,-35.354317099999996,149.17591969999998,100.011,-0.1751111493009572,-6.07,16.95
201.144,8,-35.354322499999995,149.1759382,100.005,-0.20783533266642876,-6.07,16.95
201.244,8,-35.354327999999995,149.1759568,99.995,-0.2492274929961093,-6.0600000000000005,16.94
201.344,8,-35.3543334,149.1759753,99.98400000000001,-0.27872430525704406,-6.0600000000000005,16.94
201.44400000000002,8,-35.3543388,149.17599389999998,99.97500000000001,-0.29411253469409765,-6.05,16.94
201.544,8,-35.3543442,149.17601249999998,99.967,-0.26633725026912347,-6.04,16.94
201.644,8,-35.3543496,149.1760311,99.962,-0.19632159473713098,-6.04,16.94
201.745,8,-35.354355,149.1760498,99.958,-0.13443794642269985,-6.03,16.94
201.845,8,-35.3543604,149.17606849999999,99.956,-0.08382521747648722,-6.04,16.94
201.945,8,-35.3543659,149.1760873,99.958,-0.02452989903000681,-6.04,16.95
202.044,8,-35.3543713,149.1761061,99.965,0.002326397491054219,-6.05,16.95
202.144,8,-35.3543768,149.17612499999998,99.97500000000001,0.041579897150363324,-6.05,16.95
202.244,8,-35.3543823,149.1761438,99.983,0.09143978450356717,-6.05,16.96
202.344,8,-35.3543878,149.1761627,99.986,0.08839456067037285,-6.05,16.96
202.44400000000002,8,-35.3543933,149.1761816,99.98700000000001,0.08051123503760214,-6.0600000000000005,16.97
202.544,8,-35.3543987,149.1762003,99.986,0.05946346683157234,-6.0600000000000005,16.97
202.644,8,-35.3544042,149.176219,99.98400000000001,0.017076301685778335,-6.0600000000000005,16.97
202.744,8,-35.3544096,149.1762376,99.98,-0.5164526411769079,-6.07,16.97
202.844,8,-35.354414999999996,149.1762563,99.976,-2.1979083442463825,-6.0600000000000005,16.97
202.94400000000002,8,-35.354420399999995,149.17627489999998,99.974,-5.053264657901982,-5.99,16.97
203.044,8,-35.3544257,149.17629349999999,99.974,-8.572847903718035,-5.82,16.990000000000002
203.144,8,-35.354430799999996,149.17631219999998,99.976,-12.074790051568415,-5.59,17.01
203.244,8,-35.354435699999996,149.17633089999998,99.977,-15.325405997398068,-5.33,17.03
203.344,8,-35.3544403,149.17634959999998,99.97500000000001,-18.42053524809332,-5.05,17.06
203.44400000000002,8,-35.3544446,149.1763683,99.973,-21.309435474536496,-4.72,17.1
203.544,8,-35.3544486,149.1763871,99.968,-23.773233264774543,-4.36,17.14
203.644,8,-35.3544524,149.176406,99.96300000000001,-25.705102752641167,-3.98,17.18
203.745,8,-35.354455699999995,149.1764249,99.95700000000001,-27.2460258727946,-3.56,17.22
203.845,8,-35.354458699999995,149.176444,99.95100000000001,-28.488234084692113,-3.13,17.25
203.945,8,-35.3544613,149.1764632,99.949,-29.5973850889159,-2.68,17.29
204.04500000000002,8,-35.3544634,149.1764824,99.952,-30.65238976849441,-2.21,17.31
204.144,8,-35.3544652,149.1765017,99.961,-31.721734430235358,-1.72,17.32
204.244,8,-35.3544664,149.17652099999998,99.973,-32.7990533378323,-1.21,17.32
204.344,8,-35.354467199999995,149.1765402,99.991,-33.947563307148286,-0.68,17.3
204.44400000000002,8,-35.3544676,149.1765595,100.008,-35.050092442971746,-0.14,17.27
204.544,8,-35.3544674,149.1765787,100.026,-36.12255508606881,0.4,17.23
204.644,8,-35.354466699999996,149.1765977,100.045,-37.07599485268923,0.97,17.16
204.744,8,-35.354465499999996,149.1766166,100.06400000000001,-37.87487768367601,1.56,17.06
204.844,8,-35.3544638,149.1766353,100.084,-38.62789579438616,2.15,16.95
204.94400000000002,8,-35.3544615,149.1766538,100.108,-39.297626578357175,2.77,16.8
205.044,8,-35.354458799999996,149.1766721,100.135,-39.88319918646988,3.38,16.64
205.144,8,-35.3544555,149.1766901,100.165,-40.52627515720492,4.01,16.44
205.244,8,-35.354451499999996,149.176708,100.196,-41.20401092288319,4.63,16.22
205.344,8,-35.3544471,149.1767256,100.227,-41.911666332220705,5.26,15.97
205.44400000000002,8,-35.354442,149.1767429,100.258,-42.54440822674152,5.9,15.700000000000001
205.544,8,-35.3544364,149.17675979999999,100.291,-43.05203471604603,6.54,15.39
205.644,8,-35.354430199999996,149.1767764,100.325,-43.43016764887628,7.17,15.06
205.744,8,-35.354423499999996,149.1767927,100.36200000000001,-43.719784745157746,7.8100000000000005,14.700000000000001
205.845,8,-35.3544161,149.1768085,100.399,-43.89083317254237,8.44,14.31
205.945,8,-35.3544081,149.1768242,100.438,-43.98244991497434,9.05,13.9
206.04500000000002,8,-35.3543996,149.17683929999998,100.476,-43.95759485658466,9.63,13.48
206.145,8,-35.3543905,149.1768539,100.516,-43.868221831295045,10.200000000000001,13.030000000000001
206.244,8,-35.354381,149.1768681,100.556,-43.67769711949212,10.74,12.56
206.344,8,-35.354371,149.1768817,100.59700000000001,-43.41549981763367,11.25,12.08
206.44400000000002,8,-35.3543606,149.17689479999999,100.638,-43.18546246148223,11.72,11.6
206.544,8,-35.3543497,149.17690729999998,100.678,-43.01168537352418,12.15,11.120000000000001
206.644,8,-35.3543385,149.17691929999998,100.714,-42.796319263709925,12.57,10.620000000000001
206.744,8,-35.3543271,149.1769306,100.749,-42.600074268477115,12.96,10.120000000000001
206.844,8,-35.354315299999996,149.1769414,100.778,-42.46278405106528,13.31,9.61
206.94400000000002,8,-35.3543033,149.1769515,100.801,-42.37452434661037,13.65,9.1
207.044,8,-35.354290899999995,149.1769611,100.81700000000001,-42.286783736532385,13.97,8.58
207.144,8,-35.3542784,149.1769701,100.82600000000001,-42.15929142548493,14.27,8.06
207.244,8,-35.3542655,149.17697859999998,100.83,-42.02676184992459,14.57,7.5200000000000005
207.344,8,-35.3542524,149.1769864,100.83,-41.900085746482944,14.86,6.96
207.44400000000002,8,-35.3542391,149.1769937,100.828,-41.762214962991656,15.14,6.390000000000001
207.544,8,-35.3542255,149.1770003,100.825,-41.70507018530074,15.4,5.8
207.644,8,-35.3542116,149.1770063,100.821,-41.72276379034566,15.65,5.21
207.744,8,-35.3541976,149.1770116,100.816,-41.78229230405691,15.89,4.6000000000000005
207.844,8,-35.354183299999995,149.1770162,100.809,-41.88748063236969,16.11,3.98
207.945,8,-35.3541688,149.1770202,100.8,-41.9436008816851,16.31,3.36
208.04500000000002,8,-35.354154,149.1770235,100.79,-41.909238199970765,16.5,2.72
208.145,8,-35.354138999999996,149.1770261,100.78,-41.70961909128797,16.68,2.08
208.245,8,-35.3541239,149.1770281,100.769,-41.381298728074626,16.830000000000002,1.45
208.344,8,-35.354108599999996,149.1770293,100.758,-40.99351815304174,16.96,0.8200000000000001
208.44400000000002,8,-35.3540932,149.17702989999998,100.749,-40.58465278404102,17.080000000000002,0.21
208.544,8,-35.3540776,149.1770297,100.73700000000001,-40.17085601845955,17.16,-0.38
208.644,8,-35.3540621,149.177029,100.723,-39.81230865307432,17.23,-0.97
208.744,8,-35.3540464,149.17702749999998,100.70700000000001,-39.53770431258854,17.28,-1.55
208.844,8,-35.3540308,149.17702549999998,100.688,-39.34232675138033,17.31,-2.13
208.94400000000002,8,-35.3540153,149.1770228,100.668,-39.21494030826501,17.31,-2.7
209.044,8,-35.3539998,149.1770195,100.645,-39.170458701295296,17.3,-3.2800000000000002
209.144,8,-35.3539844,149.1770157,100.622,-39.0888242803353,17.28,-3.85
209.244,8,-35.353969,149.17701119999998,100.598,-38.95697772369196,17.240000000000002,-4.42
209.344,8,-35.3539537,149.1770061,100.57300000000001,-38.773727163355105,17.18,-5.01
209.44400000000002,8,-35.3539384,149.1770003,100.548,-38.59520650901848,17.11,-5.59
209.544,8,-35.3539232,149.17699389999999,100.523,-38.43456387483437,17.03,-6.16
209.644,8,-35.353908,149.17698679999998,100.499,-38.32309518757976,16.93,-6.73
209.744,8,-35.353893,149.1769792,100.47800000000001,-38.23905995512651,16.81,-7.3
209.844,8,-35.353878099999996,149.1769709,100.46000000000001,-38.24146076661977,16.68,-7.87
209.94400000000002,8,-35.3538632,149.176962,100.44200000000001,-38.29320969486637,16.53,-8.44
210.04500000000002,8,-35.3538484,149.17695229999998,100.423,-38.26090973028138,16.37,-9.01
210.145,8,-35.353833699999996,149.176942,100.403,-38.13475272121666,16.21,-9.56
210.245,8,-35.353819099999996,149.17693119999998,100.383,-37.90862906345963,16.03,-10.1
210.344,8,-35.3538047,149.1769196,100.361,-37.63949570449903,15.85,-10.64
210.44400000000002,8,-35.3537904,149.1769075,100.339,-37.38211027091086,15.65,-11.16
210.544,8,-35.3537763,149.17689479999999,100.316,-37.21568246649974,15.44,-11.68
210.644,8,-35.3537624,149.1768816,100.292,-37.12592012042743,15.22,-12.19
210.744,8,-35.3537487,149.1768678,100.268,-37.09418706154356,14.99,-12.69
210.844,8,-35.353735199999996,149.1768534,100.246,-37.16163176450284,14.74,-13.18
210.94400000000002,8,-35.3537221,149.1768387,100.226,-37.323073530819855,14.48,-13.67
211.044,8,-35.3537092,149.1768234,100.206,-37.512416619896364,14.200000000000001,-14.14
211.144,8,-35.3536967,149.17680769999998,100.187,-37.712930483360424,13.92,-14.6
211.244,8,-35.3536843,149.1767915,100.164,-37.92835464978263,13.61,-15.07
211.344,8,-35.3536723,149.1767748,100.14,-38.1081388891157,13.280000000000001,-15.540000000000001
211.44400000000002,8,-35.3536606,149.17675749999998,100.117,-38.12563441867469,12.93,-16.03
211.544,8,-35.3536492,149.17673969999998,100.10000000000001,-38.02155258100745,12.56,-16.5
211.644,8,-35.3536382,149.1767214,100.089,-37.913451177013656,12.18,-16.96
211.744,8,-35.3536275,149.1767026,100.083,-37.82550224616599,11.790000000000001,-17.400000000000002
211.844,8,-35.3536171,149.17668329999998,100.078,-37.79198309281415,11.39,-17.82
211.94400000000002,8,-35.3536071,149.17666359999998,100.072,-37.7880318283793,10.99,-18.23
212.044,8,-35.3535974,149.1766434,100.06700000000001,-37.775539412387346,10.58,-18.62
212.145,8,-35.353587999999995,149.1766226,100.06400000000001,-37.81306105659281,10.16,-19.0
212.245,8,-35.3535791,149.1766015,100.059,-37.8811204765774,9.75,-19.37
212.345,8,-35.353570399999995,149.17657979999998,100.049,-38.00174503241441,9.32,-19.73
212.44400000000002,8,-35.3535622,149.17655779999998,100.04,-38.112957587575146,8.88,-20.080000000000002
212.544,8,-35.3535543,149.1765352,100.026,-38.27018854226884,8.43,-20.43
212.644,8,-35.3535469,149.17651229999998,100.011,-38.42080445875138,7.95,-20.77
212.744,8,-35.3535398,149.176489,99.993,-38.64564745603903,7.47,-21.11
212.844,8,-35.353533299999995,149.1764653,99.974,-38.8557474900032,6.96,-21.44
212.94400000000002,8,-35.3535271,149.1764413,99.95700000000001,-38.982218687769745,6.43,-21.76
213.044,8,-35.3535215,149.176417,99.944,-39.00078655702843,5.89,-22.06
213.144,8,-35.3535165,149.1763925,99.94,-38.837534790581365,5.34,-22.34
213.244,8,-35.3535119,149.17636779999998,99.94200000000001,-38.5856818102209,4.78,-22.6
213.344,8,-35.353507799999996,149.17634289999998,99.952,-38.3405326605308,4.22,-22.830000000000002
213.44400000000002,8,-35.3535043,149.1763178,99.965,-38.10814571930487,3.67,-23.03
213.544,8,-35.3535012,149.1762925,99.98100000000001,-37.89721240226196,3.12,-23.21
213.644,8,-35.353498699999996,149.176267,99.997,-37.82852460487372,2.59,-23.36
213.744,8,-35.3534966,149.17624139999998,100.01,-37.853953399153674,2.07,-23.5
213.844,8,-35.3534949,149.1762156,100.016,-37.90084264780582,1.56,-23.62
213.94400000000002,8,-35.3534937,149.17618969999998,100.018,-37.979902087448714,1.05,-23.73
214.044,8,-35.353493,149.1761636,100.015,-38.153706496163444,0.52,-23.84
214.145,8,-35.3534927,149.17613749999998,100.011,-38.37624430460621,-0.02,-23.93
214.245,8,-35.353493,149.1761109,100.003,-38.65722804177678,-0.58,-24.02
214.345,8,-35.3534936,149.1760842,99.99000000000001,-38.98296659348386,-1.16,-24.11
214.445,8,-35.3534949,149.17605749999998,99.977,-39.32808580696085,-1.76,-24.18
214.544,8,-35.353496799999995,149.1760306,99.965,-39.666166510498144,-2.38,-24.240000000000002
214.644,8,-35.3534992,149.1760036,99.95700000000001,-39.982721872866136,-3.02,-24.28
214.744,8,-35.353502299999995,149.17597659999998,99.949,-40.24814302401283,-3.67,-24.310000000000002
214.844,8,-35.3535059,149.1759495,99.94500000000001,-40.43529703746035,-4.33,-24.32
214.94400000000002,8,-35.3535101,149.17592249999998,99.943,-40.56023827285281,-4.99,-24.310000000000002
215.044,8,-35.3535149,149.1758955,99.943,-40.54314572445485,-5.65,-24.27
215.144,8,-35.3535202,149.17586889999998,99.95100000000001,-40.45044298194485,-6.3,-24.2
215.244,8,-35.353526099999996,149.1758423,99.962,-40.31614438738948,-6.94,-24.11
215.344,8,-35.3535326,149.1758159,99.979,-40.044736575435266,-7.57,-23.990000000000002
215.44400000000002,8,-35.3535396,149.1757897,100.001,-39.62009346945182,-8.18,-23.85
215.544,8,-35.3535471,149.1757637,100.027,-39.12459398101866,-8.75,-23.68
215.644,8,-35.3535551,149.1757379,100.052,-38.572294639447676,-9.290000000000001,-23.51
215.744,8,-35.3535636,149.1757123,100.07300000000001,-38.076952245365426,-9.790000000000001,-23.330000000000002
215.844,8,-35.3535726,149.1756869,100.09,-37.680647594248356,-10.27,-23.14
215.94400000000002,8,-35.3535819,149.17566159999998,100.102,-37.40834161241829,-10.75,-22.94
216.044,8,-35.353591699999996,149.1756366,100.10900000000001,-37.32941536146421,-11.21,-22.73
216.144,8,-35.3536019,149.17561179999998,100.11,-37.393834290621186,-11.67,-22.51
216.245,8,-35.3536126,149.1755872,100.104,-37.619923797432364,-12.13,-22.28
216.345,8,-35.3536238,149.17556249999998,100.089,-37.96835906775139,-12.61,-22.05
216.445,8,-35.3536354,149.1755382,100.068,-38.36839983234445,-13.1,-21.8
216.54500000000002,8,-35.3536475,149.175514,100.039,-38.832699016648995,-13.61,-21.54
216.644,8,-35.3536601,149.1754903,100.011,-39.35271546910791,-14.13,-21.25
216.744,8,-35.3536731,149.17546679999998,99.986,-39.81615746467162,-14.68,-20.94
216.844,8,-35.3536867,149.1754437,99.965,-40.2380377591358,-15.25,-20.6
216.94400000000002,8,-35.3537008,149.1754209,99.947,-40.604030030716345,-15.81,-20.240000000000002
217.044,8,-35.3537153,149.1753987,99.934,-40.82971314127191,-16.38,-19.84
217.144,8,-35.353730299999995,149.1753771,99.932,-40.93999679070552,-16.92,-19.41
217.244,8,-35.3537457,149.175356,99.936,-40.912143279270204,-17.46,-18.97
217.344,8,-35.3537615,149.1753355,99.949,-40.77471304298038,-17.96,-18.5
217.44400000000002,8,-35.353777799999996,149.1753154,99.96600000000001,-40.54963781926095,-18.44,-18.02
217.544,8,-35.3537944,149.175296,99.99000000000001,-40.27499591273474,-18.89,-17.54
217.644,8,-35.3538114,149.175277,100.016,-39.83223231488324,-19.29,-17.06
217.744,8,-35.353828799999995,149.1752586,100.045,-39.21445194973935,-19.66,-16.6
217.844,8,-35.353846499999996,149.1752407,100.07300000000001,-38.51513961647301,-19.990000000000002,-16.15
217.94400000000002,8,-35.3538645,149.1752233,100.10000000000001,-37.799486055617415,-20.28,-15.700000000000001
218.044,8,-35.3538827,149.17520629999999,100.122,-37.210177334028714,-20.55,-15.27
218.144,8,-35.353901199999996,149.1751897,100.136,-36.80294096514504,-20.79,-14.86
218.244,8,-35.3539199,149.1751736,100.142,-36.57816626974909,-21.02,-14.450000000000001
218.345,8,-35.3539387,149.17515799999998,100.14,-36.55333511702151,-21.240000000000002,-14.030000000000001
218.445,8,-35.353958,149.1751426,100.126,-36.73558846973955,-21.46,-13.61
218.54500000000002,8,-35.3539775,149.17512779999998,100.099,-37.139139951565994,-21.69,-13.18
218.645,8,-35.353997199999995,149.1751134,100.06400000000001,-37.65187883746427,-21.93,-12.700000000000001
218.744,8,-35.3540172,149.1750995,100.027,-38.256132012956954,-22.2,-12.18
218.844,8,-35.354037399999996,149.17508619999998,99.993,-38.96017766731811,-22.46,-11.620000000000001
218.94400000000002,8,-35.3540579,149.1750736,99.962,-39.6552211323532,-22.73,-11.03
219.044,8,-35.354078699999995,149.1750617,99.936,-40.2214779654931,-23.0,-10.41
219.144,8,-35.3540997,149.1750504,99.915,-40.6100303519022,-23.25,-9.76
219.244,8,-35.3541208,149.1750399,99.901,-40.85010808613357,-23.48,-9.09
219.344,8,-35.354141999999996,149.1750303,99.898,-40.89084333434352,-23.68,-8.42
219.44400000000002,8,-35.354163299999996,149.1750213,99.903,-40.76034574006126,-23.85,-7.75
219.544,8,-35.3541847,149.1750132,99.918,-40.54089859221792,-23.98,-7.08
219.644,8,-35.3542062,149.17500579999998,99.938,-40.26459694972339,-24.09,-6.43
219.744,8,-35.354227699999996,149.17499909999998,99.964,-39.906852131565635,-24.16,-5.8
219.844,8,-35.3542493,149.174993,99.991,-39.40974754867752,-24.21,-5.19
219.94400000000002,8,-35.354270899999996,149.1749877,100.018,-38.738637066494164,-24.23,-4.61
220.044,8,-35.3542925,149.1749829,100.044,-38.00403997597554,-24.23,-4.0600000000000005
220.144,8,-35.3543142,149.1749787,100.068,-37.3328782673734,-24.21,-3.5500000000000003
220.244,8,-35.3543358,149.17497509999998,100.08500000000001,-36.75851741478328,-24.18,-3.0700000000000003
220.344,8,-35.3543574,149.1749719,100.095,-36.383816652010964,-24.13,-2.59
220.445,8,-35.354379,149.1749693,100.095,-36.219806734566035,-24.07,-2.12
220.54500000000002,8,-35.3544009,149.1749671,100.08500000000001,-36.287145569593186,-24.02,-1.6500000000000001
220.645,8,-35.3544225,149.17496549999998,100.06700000000001,-36.573569552437675,-23.96,-1.17
220.745,8,-35.354444199999996,149.1749645,100.043,-37.064786512261236,-23.900000000000002,-0.67
220.844,8,-35.3544658,149.174964,100.016,-37.666652536639006,-23.82,-0.12
220.94400000000002,8,-35.3544874,149.17496409999998,99.98400000000001,-37.75624754307665,-23.72,0.46
221.044,8,-35.3545088,149.174965,99.952,-36.217313715518976,-23.61,1.08
221.144,8,-35.3545302,149.1749664,99.927,-32.45429612438132,-23.48,1.6500000000000001
221.244,8,-35.3545514,149.1749685,99.92,-26.664460878177405,-23.34,2.1
221.344,8,-35.3545723,149.1749709,99.94500000000001,-19.592110766236434,-23.19,2.35
221.44400000000002,8,-35.354593,149.1749735,99.992,-12.192179659059779,-23.07,2.41
221.544,8,-35.3546136,149.174976,100.049,-5.196726805002576,-22.98,2.32
221.644,8,-35.3546341,149.1749784,100.09400000000001,0.7985665612117031,-22.93,2.16
221.744,8,-35.354654599999996,149.1749805,100.10900000000001,5.415808110838497,-22.89,1.99
221.844,8,-35.354675,149.1749825,100.086,8.538825877688556,-22.86,1.84
221.94400000000002,8,-35.3546954,149.1749844,100.025,10.205614016319693,-22.84,1.71
222.044,8,-35.3547158,149.17498609999998,99.93900000000001,10.75000485260545,-22.84,1.58
222.144,8,-35.3547362,149.17498759999998,99.84,10.499442777998118,-22.86,1.45
222.244,8,-35.354756699999996,149.17498899999998,99.742,9.874360940631476,-22.88,1.32
222.344,8,-35.3547772,149.1749903,99.659,9.140603109607115,-22.92,1.2
222.44400000000002,8,-35.3547978,149.1749915,99.59400000000001,8.443683903871216,-22.95,1.08
222.54500000000002,8,-35.3548186,149.1749925,99.557,7.917217191514865,-22.98,0.9500000000000001
222.645,8,-35.3548392,149.1749934,99.543,7.575016176360764,-23.0,0.8300000000000001
222.745,8,-35.354860099999996,149.1749941,99.549,7.260724167928981,-23.03,0.71
222.844,8,-35.354881,149.1749948,99.56400000000001,6.880473449569208,-23.06,0.61
222.94400000000002,8,-35.354901999999996,149.1749953,99.58,6.388141034476818,-23.09,0.52
223.044,8,-35.3549229,149.1749958,99.589,5.751923000555293,-23.11,0.46
223.144,8,-35.354943999999996,149.17499619999998,99.589,5.060231450855395,-23.14,0.41000000000000003
223.244,8,-35.354965,149.1749966,99.578,4.393529002007634,-23.17,0.37
223.344,8,-35.3549861,149.174997,99.555,3.786938621158332,-23.2,0.35000000000000003
223.44400000000002,8,-35.355007199999996,149.1749973,99.523,3.202947201838487,-23.23,0.32
223.544,8,-35.3550281,149.17499759999998,99.485,2.690438194494468,-23.25,0.29
223.644,8,-35.355049099999995,149.1749979,99.446,2.354560653851329,-23.28,0.27
223.744,8,-35.3550699,149.1749982,99.415,2.1706889731868237,-23.3,0.25
223.844,8,-35.3550909,149.1749984,99.395,2.040142713806724,-23.32,0.22
223.94400000000002,8,-35.3551117,149.1749987,99.388,1.9498518818473867,-23.34,0.19
224.044,8,-35.3551327,149.1749989,99.392,1.893457144304707,-23.35,0.16
224.144,8,-35.3551536,149.17499899999999,99.405,1.8704129398187301,-23.36,0.14
224.244,8,-35.3551745,149.1749992,99.422,1.7926311724374482,-23.37,0.11
224.344,8,-35.3551954,149.1749993,99.44,1.6482248584058057,-23.37,0.09
224.44400000000002,8,-35.355216399999996,149.1749994,99.456,1.5034506746543344,-23.38,0.07
224.544,8,-35.3552374,149.17499949999998,99.464,1.344922731070279,-23.39,0.06
224.645,8,-35.3552586,149.1749996,99.464,1.1797175305205956,-23.41,0.05
224.745,8,-35.3552798,149.1749997,99.45700000000001,1.0667159994058484,-23.43,0.04
224.845,8,-35.355301,149.1749998,99.44800000000001,0.9512737428798796,-23.45,0.04
224.94400000000002,8,-35.3553224,149.1749999,99.43900000000001,0.8057413547696841,-23.48,0.04
225.044,8,-35.3553437,149.1749999,99.431,0.659519811244405,-23.51,0.04
225.144,8,-35.3553651,149.1750001,99.426,0.5644564913242269,-23.54,0.04
225.244,8,-35.3553865,149.1750002,99.423,0.5406182773472362,-23.56,0.04
225.344,8,-35.355407899999996,149.1750003,99.425,0.5387583314588771,-23.580000000000002,0.04
225.44400000000002,8,-35.3554293,149.1750004,99.432,0.5577003670180265,-23.6,0.03
225.544,8,-35.355450499999996,149.17500049999998,99.443,0.6007555316682597,-23.61,0.03
225.644,8,-35.355471699999995,149.17500049999998,99.459,0.6174830384715911,-23.62,0.02
225.744,8,-35.3554929,149.1750006,99.477,0.6452701690059072,-23.62,0.02
225.844,8,-35.355514,149.1750007,99.493,0.6707203609878738,-23.63,0.01
225.94400000000002,8,-35.3555351,149.1750008,99.506,0.6744558341336361,-23.63,0.0
226.044,8,-35.355556299999996,149.1750008,99.516,0.701180870252015,-23.63,0.0
226.144,8,-35.3555774,149.17500099999998,99.523,0.7103443694363805,-23.64,-0.01
226.244,8,-35.3555985,149.17500099999998,99.529,0.7197627200541521,-23.64,-0.02
226.344,8,-35.3556196,149.17500099999998,99.535,0.6886160969435419,-23.64,-0.02
226.44400000000002,8,-35.355640799999996,149.17500099999998,99.544,0.6345684365152607,-23.650000000000002,-0.03
226.544,8,-35.3556619,149.17500099999998,99.551,0.5700397974447422,-23.650000000000002,-0.04
226.645,8,-35.3556831,149.17500099999998,99.558,0.5471444697383305,-23.650000000000002,-0.04
226.745,8,-35.3557045,149.17500099999998,99.566,0.49046153022918804,-23.650000000000002,-0.04
226.845,8,-35.3557257,149.17500099999998,99.57600000000001,0.4268068618877402,-23.66,-0.05
226.945,8,-35.355747099999995,149.1750011,99.584,0.3713309448709859,-23.67,-0.05
227.044,8,-35.3557686,149.1750011,99.59100000000001,0.317825697512339,-23.68,-0.04
227.144,8,-35.3557901,149.1750012,99.59700000000001,0.27968642811509026,-23.7,-0.04
227.244,8,-35.355811599999996,149.1750012,99.602,0.26879670533970984,-23.72,-0.05
227.344,8,-35.3558331,149.1750012,99.607,0.25660484435166353,-23.740000000000002,-0.05
227.44400000000002,8,-35.3558547,149.1750012,99.611,0.25771186860573453,-23.75,-0.05
227.544,8,-35.355875999999995,149.1750012,99.616,0.21266078127376342,-23.76,-0.05
227.644,8,-35.355897399999996,149.1750012,99.623,0.24335387715544213,-23.77,-0.05
227.744,8,-35.3559187,149.1750013,99.63,0.23591788222256097,-23.77,-0.05
227.844,8,-35.35594,149.1750013,99.64,0.2347226257982352,-23.77,-0.05
227.94400000000002,8,-35.355961199999996,149.1750013,99.65,0.25460375900740845,-23.77,-0.05
228.044,8,-35.355982499999996,149.1750013,99.661,0.2802115255879614,-23.77,-0.05
228.144,8,-35.356003799999996,149.1750013,99.673,0.2862219052945875,-23.76,-0.05
228.244,8,-35.356024999999995,149.1750013,99.684,0.3354001744531785,-23.76,-0.06
228.344,8,-35.356046299999996,149.1750013,99.69500000000001,0.37495689486619,-23.76,-0.06
228.44400000000002,8,-35.3560675,149.1750013,99.70400000000001,0.36954970624064065,-23.76,-0.07
228.544,8,-35.356088799999995,149.1750012,99.712,0.3242260116514641,-23.76,-0.07
228.644,8,-35.356110099999995,149.1750012,99.718,0.3113864833114566,-23.76,-0.07
228.745,8,-35.356131399999995,149.1750012,99.72,0.2927450027562142,-23.76,-0.07
228.845,8,-35.3561529,149.1750012,99.723,0.3012181459063059,-23.76,-0.08
228.945,8,-35.3561744,149.1750011,99.72800000000001,0.32352527693130306,-23.77,-0.08
229.04500000000002,8,-35.356195899999996,149.1750011,99.736,0.3222387467681077,-23.78,-0.08
229.144,8,-35.3562175,149.17500099999998,99.744,0.3154379861084642,-23.79,-0.08
229.244,8,-35.356238999999995,149.17500099999998,99.752,0.2393453031645851,-23.8,-0.08
229.344,8,-35.3562607,149.17500099999998,99.761,0.2057453881618974,-23.81,-0.08
229.44400000000002,8,-35.3562823,149.1750009,99.768,0.1628029616536091,-23.82,-0.09
229.544,8,-35.3563039,149.1750009,99.776,0.07935203053951066,-23.830000000000002,-0.08
229.644,8,-35.3563255,149.1750008,99.782,0.007293379715897422,-23.84,-0.08
229.744,8,-35.3563469,149.1750007,99.789,-0.046929519420803506,-23.84,-0.08
229.844,8,-35.3563683,149.1750007,99.796,-0.10847796486253504,-23.84,-0.07
229.94400000000002,8,-35.3563896,149.1750007,99.802,-0.13790826949044813,-23.830000000000002,-0.07
230.044,8,-35.3564109,149.1750006,99.809,-0.16570616557683476,-23.830000000000002,-0.06
230.144,8,-35.3564322,149.1750006,99.818,-0.1989492832366686,-23.82,-0.06
230.244,8,-35.3564534,149.17500049999998,99.82600000000001,-0.12895442509709032,-23.82,-0.05
230.344,8,-35.3564747,149.17500049999998,99.833,-0.056516733792601075,-23.81,-0.05
230.44400000000002,8,-35.356496,149.17500049999998,99.84,0.006686502150272915,-23.81,-0.04
230.544,8,-35.3565172,149.17500049999998,99.848,0.08279059055957573,-23.8,-0.04
230.644,8,-35.3565385,149.17500049999998,99.855,0.07832063195419907,-23.8,-0.04
230.744,8,-35.3565597,149.17500049999998,99.86,0.09387311943666354,-23.79,-0.04
230.845,8,-35.3565811,149.17500049999998,99.86200000000001,0.10179659911123452,-23.79,-0.04
230.945,8,-35.356602699999996,149.1750004,99.863,0.13239626680960817,-23.8,-0.04
231.04500000000002,8,-35.3566242,149.1750004,99.86500000000001,0.19198398438713654,-23.81,-0.04
231.145,8,-35.356645799999995,149.1750004,99.867,0.22662730416703625,-23.82,-0.05
231.244,8,-35.3566674,149.1750003,99.872,0.22609284186448275,-23.84,-0.05
231.344,8,-35.356688999999996,149.1750003,99.878,0.20852803657822971,-23.85,-0.05
231.44400000000002,8,-35.3567106,149.1750003,99.882,0.2156206410825458,-23.85,-0.05
231.544,8,-35.356732199999996,149.1750002,99.885,0.24558321354793725,-23.86,-0.05
231.644,8,-35.3567538,149.1750002,99.887,0.38183903082649184,-23.87,-0.05
231.744,8,-35.3567752,149.1750001,99.889,0.8399227696667485,-23.86,-0.05
231.844,8,-35.356796599999996,149.1750001,99.893,1.7723981244034606,-23.86,-0.07
231.94400000000002,8,-35.356817899999996,149.17499999999998,99.897,3.3318533620441375,-23.86,-0.11
232.044,8,-35.3568393,149.1749998,99.901,5.411517471379259,-23.87,-0.2
232.144,8,-35.3568606,149.1749996,99.904,7.832267567486478,-23.88,-0.33
232.244,8,-35.3568819,149.17499909999998,99.906,10.393463855288907,-23.900000000000002,-0.49
232.344,8,-35.3569032,149.1749985,99.904,12.839001988554571,-23.93,-0.6900000000000001
232.44400000000002,8,-35.3569246,149.17499759999998,99.9,15.085326555619412,-23.96,-0.91
232.544,8,-35.356946,149.1749965,99.895,17.002854353776303,-24.0,-1.16
232.644,8,-35.356967499999996,149.174995,99.892,18.537051445144566,-24.04,-1.43
232.744,8,-35.356989,149.17499329999998,99.891,19.65139168559027,-24.09,-1.72
232.844,8,-35.3570105,149.1749912,99.893,20.475300329695983,-24.13,-2.02
232.945,8,-35.3570321,149.1749888,99.899,21.13515636767445,-24.16,-2.32
233.04500000000002,8,-35.357054,149.174986,99.908,21.803673085520497,-24.2,-2.63
233.145,8,-35.3570759,149.1749829,99.92,22.657361354407467,-24.23,-2.94
233.244,8,-35.3570978,149.1749795,99.933,23.831067891571628,-24.26,-3.2800000000000002
233.344,8,-35.3571198,149.17497559999998,99.947,25.28511783567167,-24.29,-3.64
233.44400000000002,8,-35.357141899999995,149.17497129999998,99.959,26.975447928824547,-24.310000000000002,-4.0200000000000005
233.544,8,-35.357163899999996,149.1749666,99.968,28.839179449531123,-24.330000000000002,-4.43
233.644,8,-35.357186,149.1749614,99.97500000000001,30.74246288817395,-24.35,-4.88
233.744,8,-35.3572081,149.1749556,99.98,32.55970984893671,-24.35,-5.37
233.844,8,-35.357230099999995,149.17494929999998,99.985,34.30948820107809,-24.34,-5.91
233.94400000000002,8,-35.357251999999995,149.1749425,99.992,35.86938046410394,-24.310000000000002,-6.48
234.044,8,-35.3572738,149.174935,100.003,37.207431597982364,-24.25,-7.09
234.144,8,-35.3572954,149.17492679999998,100.018,38.333661490225765,-24.17,-7.73
234.244,8,-35.357317,149.174918,100.037,39.28579669071472,-24.07,-8.370000000000001
234.344,8,-35.357338399999996,149.1749084,100.062,40.0866397859933,-23.94,-9.03
234.44400000000002,8,-35.3573598,149.1748981,100.092,40.72302558643631,-23.79,-9.71
234.544,8,-35.357380899999995,149.17488699999998,100.128,41.22541332064743,-23.6,-10.38
234.644,8,-35.3574019,149.1748752,100.167,41.60919481992127,-23.39,-11.040000000000001
234.744,8,-35.3574227,149.1748627,100.212,41.90660857714031,-23.16,-11.69
234.844,8,-35.3574433,149.1748495,100.261,42.05950236171105,-22.900000000000002,-12.34
234.94400000000002,9,-35.357463599999996,149.1748356,100.31400000000001,42.14341465075923,-22.61,-12.97
235.04500000000002,9,-35.3574839,149.1748208,100.369,42.19384193740144,-22.31,-13.58
235.145,9,-35.3575039,149.1748054,100.42,42.198455730185785,-22.0,-14.15
235.245,9,-35.3575236,149.17478939999998,100.468,42.26634098034654,-21.68,-14.71
235.344,9,-35.3575431,149.1747727,100.511,42.424364236983955,-21.35,-15.25
235.44400000000002,9,-35.3575623,149.17475539999998,100.55,42.629222100760146,-21.0,-15.780000000000001
235.544,9,-35.3575811,149.1747375,100.584,42.92614749945353,-20.63,-16.3
235.644,9,-35.3575997,149.1747191,100.611,43.252411975726694,-20.25,-16.82
235.744,9,-35.3576178,149.1747001,100.632,43.52730318415762,-19.84,-17.330000000000002
235.844,9,-35.3576356,149.1746806,100.648,43.75656872893285,-19.39,-17.85
235.94400000000002,9,-35.357652699999996,149.1746607,100.664,43.95523844132101,-18.900000000000002,-18.37
236.044,9,-35.3576695,149.1746402,100.681,44.13807577521308,-18.38,-18.88
236.144,9,-35.357685599999996,149.1746193,100.70400000000001,44.235744065249676,-17.830000000000002,-19.38
236.244,9,-35.357701299999995,149.1745978,100.72800000000001,44.273935067993804,-17.27,-19.85
236.344,9,-35.3577164,149.17457579999999,100.756,44.26308531249724,-16.68,-20.3
236.44400000000002,9,-35.357731,149.17455339999998,100.785,44.14049024708468,-16.09,-20.72
236.544,9,-35.357745099999995,149.1745305,100.815,43.9315752509415,-15.5,-21.11
236.644,9,-35.3577586,149.1745072,100.845,43.679735930959374,-14.9,-21.47
236.744,9,-35.3577716,149.1744836,100.875,43.34386820871317,-14.3,-21.79
236.844,9,-35.357784099999996,149.1744596,100.901,43.009574845070645,-13.71,-22.080000000000002
236.94400000000002,9,-35.3577961,149.1744353,100.923,42.71085310662556,-13.120000000000001,-22.35
237.044,9,-35.3578075,149.17441069999998,100.93900000000001,42.40543778279385,-12.56,-22.580000000000002
237.145,9,-35.3578186,149.1743856,100.949,42.09772068521185,-11.99,-22.8
237.245,9,-35.3578291,149.1743605,100.95400000000001,41.8010855695582,-11.43,-23.0
237.345,9,-35.3578392,149.1743349,100.953,41.585173044610336,-10.86,-23.2
237.44400000000002,9,-35.3578487,149.1743091,100.946,41.51139334119586,-10.28,-23.38
237.544,9,-35.3578578,149.174283,100.934,41.494533019229685,-9.700000000000001,-23.55
237.644,9,-35.3578663,149.1742568,100.918,41.5438196642805,-9.1,-23.71
237.744,9,-35.3578743,149.1742303,100.9,41.541500815057276,-8.48,-23.86
237.844,9,-35.3578817,149.1742038,100.879,41.44698465732264,-7.8500000000000005,-23.990000000000002
237.94400000000002,9,-35.3578885,149.1741773,100.86200000000001,41.23857168008345,-7.23,-24.1
238.044,9,-35.3578948,149.1741508,100.84400000000001,40.96604713219995,-6.62,-24.18
238.144,9,-35.3579004,149.1741242,100.827,40.71116154784799,-6.0,-24.240000000000002
238.244,9,-35.3579055,149.17409759999998,100.807,40.52815687432126,-5.38,-24.28
238.344,9,-35.3579101,149.1740711,100.789,40.4243755649775,-4.75,-24.3
238.44400000000002,9,-35.357914,149.17404449999998,100.771,40.344455521499185,-4.12,-24.3
238.544,9,-35.3579175,149.1740179,100.755,40.307053405604194,-3.49,-24.28
238.644,9,-35.357920299999996,149.17399129999998,100.74000000000001,40.29153521580992,-2.87,-24.25
238.744,9,-35.357922599999995,149.1739648,100.724,40.269162931183544,-2.25,-24.2
238.844,9,-35.3579244,149.1739383,100.708,40.2331405135009,-1.6400000000000001,-24.13
238.94400000000002,9,-35.3579256,149.173912,100.69,40.15681997971517,-1.04,-24.060000000000002
239.044,9,-35.3579262,149.1738856,100.67,40.070773256551355,-0.45,-23.96
239.145,9,-35.3579264,149.1738594,100.647,40.01286008257882,0.13,-23.85
239.245,9,-35.3579261,149.173833,100.621,39.92000024571791,0.72,-23.73
239.345,9,-35.3579252,149.1738068,100.592,39.87380426126653,1.31,-23.6
239.445,9,-35.3579238,149.17378069999998,100.562,39.86366143034906,1.9000000000000001,-23.45
239.544,9,-35.3579218,149.1737547,100.532,39.86528701537152,2.5,-23.29
239.644,9,-35.3579192,149.1737289,100.504,39.870406242154445,3.1,-23.11
239.744,9,-35.3579161,149.1737033,100.476,39.76563797047562,3.71,-22.900000000000002
239.844,9,-35.3579125,149.1736779,100.452,39.53382818023456,4.3,-22.68
239.94400000000002,9,-35.3579083,149.17365279999999,100.432,39.208130609662504,4.87,-22.45
240.044,9,-35.3579037,149.1736281,100.415,38.8393038095764,5.42,-22.2
240.144,9,-35.3578986,149.1736038,100.404,38.39612698528012,5.95,-21.93
240.244,9,-35.357893,149.1735798,100.397,37.91100596929079,6.44,-21.650000000000002
240.344,9,-35.3578871,149.1735563,100.39,37.521200243169,6.9,-21.37
240.44400000000002,9,-35.357880699999995,149.173533,100.379,37.29268260410788,7.33,-21.09
240.544,9,-35.357873999999995,149.1735101,100.363,37.203463258074585,7.75,-20.79
240.644,9,-35.3578669,149.1734875,100.343,37.25119603508922,8.17,-20.490000000000002
240.744,9,-35.357859399999995,149.1734653,100.32000000000001,37.3870655731537,8.6,-20.16
240.844,9,-35.3578516,149.1734434,100.296,37.57799326611765,9.03,-19.82
240.94400000000002,9,-35.3578433,149.1734219,100.269,37.866920513292946,9.450000000000001,-19.47
241.044,9,-35.3578347,149.1734008,100.239,38.228193124157016,9.89,-19.1
241.144,9,-35.3578256,149.1733801,100.209,38.54528465637486,10.35,-18.7
241.245,9,-35.3578161,149.1733598,100.18,38.8052519014693,10.8,-18.28
241.345,9,-35.357806,149.1733396,100.151,38.947476930556476,11.26,-17.84
241.445,9,-35.357795599999996,149.17332009999998,100.126,38.99370706595371,11.71,-17.39
241.54500000000002,9,-35.3577848,149.1733011,100.10300000000001,38.87494373666552,12.15,-16.91
241.644,9,-35.3577735,149.1732826,100.086,38.61356947260206,12.56,-16.44
241.744,9,-35.3577619,149.17326459999998,100.072,38.302696827623514,12.96,-15.97
241.844,9,-35.357749999999996,149.1732471,100.06400000000001,37.98851154089751,13.32,-15.48
241.94400000000002,9,-35.3577377,149.1732302,100.062,37.700625897570646,13.67,-15.0
242.044,9,-35.3577252,149.17321379999998,100.063,37.412911008973026,13.98,-14.52
242.144,9,-35.3577125,149.17319809999998,100.065,37.13810859300132,14.25,-14.05
242.244,9,-35.3576996,149.1731829,100.065,36.96532871266209,14.5,-13.59
242.344,9,-35.3576865,149.1731682,100.063,36.862882705301075,14.74,-13.13
242.44400000000002,9,-35.3576732,149.1731541,100.059,36.832717174831714,14.96,-12.66
242.544,9,-35.3576597,149.1731405,100.052,36.883622574715815,15.18,-12.19
242.644,9,-35.3576461,149.1731274,100.043,37.0003573378205,15.38,-11.700000000000001
242.744,9,-35.3576322,149.1731149,100.032,37.14909836737587,15.58,-11.19
242.844,9,-35.3576182,149.1731029,100.019,37.280784414573716,15.77,-10.68
242.94400000000002,9,-35.357603999999995,149.1730915,100.005,37.39689763046393,15.96,-10.15
243.044,9,-35.3575897,149.17308069999999,99.99000000000001,37.521408563938685,16.13,-9.6
243.144,9,-35.3575752,149.1730705,99.977,37.6857395002746,16.3,-9.040000000000001
243.244,9,-35.3575605,149.1730609,99.965,37.83901919053344,16.46,-8.47
243.345,9,-35.357545699999996,149.1730519,99.955,38.01889222232573,16.59,-7.9
243.445,9,-35.3575306,149.1730435,99.949,38.20205057510879,16.72,-7.3100000000000005
243.54500000000002,9,-35.3575154,149.17303569999999,99.943,38.37056158721676,16.84,-6.72
243.645,9,-35.357500099999996,149.17302859999998,99.938,38.51603437125428,16.94,-6.13
243.744,9,-35.3574846,149.1730221,99.93,38.611557981891494,17.02,-5.53
243.844,9,-35.357469099999996,149.1730163,99.925,38.61698456718707,17.080000000000002,-4.93
243.94400000000002,9,-35.3574535,149.1730111,99.922,38.60729935894399,17.13,-4.34
244.044,9,-35.357438,149.1730067,99.922,38.50475089874542,17.16,-3.73
244.144,9,-35.357422299999996,149.1730029,99.925,38.303041752176604,17.16,-3.12
244.244,9,-35.3574068,149.1729997,99.932,38.039434016254546,17.150000000000002,-2.52
244.344,9,-35.3573914,149.1729973,99.943,37.758115599814644,17.11,-1.94
244.44400000000002,9,-35.357375999999995,149.17299549999998,99.95400000000001,37.477357258886684,17.05,-1.3800000000000001
244.544,9,-35.357360799999995,149.1729942,99.965,37.24256609107291,16.98,-0.8300000000000001
244.644,9,-35.357345599999995,149.17299359999998,99.976,37.08529757033878,16.89,-0.3
244.744,9,-35.357330499999996,149.17299359999998,99.986,37.00816765913641,16.78,0.21
244.844,9,-35.3573156,149.17299409999998,99.993,37.04433351079163,16.67,0.71
244.94400000000002,9,-35.357300699999996,149.17299509999998,99.994,37.157574632135855,16.55,1.21
245.044,9,-35.357285999999995,149.1729967,99.991,37.41680421679994,16.41,1.72
245.144,9,-35.3572714,149.17299889999998,99.983,37.77216529893736,16.26,2.24
245.244,9,-35.357256899999996,149.1730015,99.974,38.15842615687992,16.1,2.7800000000000002
245.344,9,-35.3572425,149.1730049,99.96000000000001,38.52456869262221,15.92,3.33
245.445,9,-35.3572282,149.17300889999999,99.944,38.79159152312927,15.72,3.89
245.54500000000002,9,-35.3572141,149.1730136,99.927,38.964429460076445,15.5,4.48
245.645,9,-35.3572001,149.1730189,99.913,39.01415323723414,15.26,5.0600000000000005
245.744,9,-35.357186399999996,149.1730249,99.904,38.998372085156824,15.0,5.65
245.844,9,-35.3571729,149.17303149999998,99.902,39.031334578091304,14.73,6.22
245.94400000000002,9,-35.357159599999996,149.1730387,99.904,39.01627401097143,14.44,6.7700000000000005
246.044,9,-35.3571467,149.1730466,99.91,38.990712028002655,14.120000000000001,7.32
246.144,9,-35.357133999999995,149.1730551,99.919,38.99901070784422,13.81,7.84
246.244,9,-35.3571216,149.1730641,99.929,38.9173148151817,13.48,8.33
246.344,9,-35.3571096,149.1730735,99.94,38.80920999609332,13.14,8.790000000000001
246.44400000000002,9,-35.357098,149.1730834,99.95,38.722791027619735,12.790000000000001,9.25
246.544,9,-35.357086699999996,149.1730938,99.958,38.57797052664795,12.42,9.69
246.644,9,-35.357075699999996,149.17310469999998,99.96300000000001,38.34470590611368,12.05,10.11
246.744,9,-35.3570651,149.1731159,99.96600000000001,38.06289571605354,11.67,10.52
246.844,9,-35.3570548,149.17312769999998,99.967,37.83812102065759,11.28,10.91
246.94400000000002,9,-35.3570449,149.1731398,99.968,37.711458577594286,10.88,11.290000000000001
247.044,9,-35.3570354,149.1731524,99.97,37.67161466907102,10.47,11.65
247.144,9,-35.3570262,149.1731654,99.97,37.72584295598633,10.05,12.02
247.244,9,-35.3570174,149.1731788,99.97,37.88288266538326,9.61,12.370000000000001
247.344,9,-35.357009,149.1731926,99.96900000000001,38.113073700791034,9.15,12.73
247.44400000000002,9,-35.357001,149.17320669999998,99.968,38.32264097999995,8.67,13.08
247.54500000000002,9,-35.3569934,149.1732214,99.967,38.49902378512636,8.19,13.43
247.645,9,-35.3569862,149.17323639999998,99.965,38.53753239166689,7.71,13.75
247.745,9,-35.3569794,149.1732518,99.958,38.485800538893216,7.22,14.06
247.844,9,-35.3569731,149.1732676,99.952,38.37901736140924,6.72,14.370000000000001
247.94400000000002,9,-35.3569672,149.1732838,99.946,38.27689237293921,6.21,14.67
248.044,9,-35.3569618,149.1733003,99.943,38.2499028804339,5.68,14.950000000000001
248.144,9,-35.3569569,149.17331719999999,99.941,38.28889643040551,5.15,15.21
248.244,9,-35.3569524,149.1733342,99.93900000000001,38.37165783257855,4.62,15.450000000000001
248.344,9,-35.3569485,149.1733516,99.93900000000001,38.45465487627796,4.07,15.69
248.44400000000002,9,-35.356944999999996,149.1733692,99.941,38.4232360060959,3.52,15.9
248.544,9,-35.3569421,149.1733868,99.94500000000001,38.34925822719549,2.97,16.09
248.644,9,-35.3569396,149.1734046,99.95,38.18418621533463,2.42,16.27
248.744,9,-35.356937699999996,149.17342259999998,99.95700000000001,37.944914443425326,1.8800000000000001,16.42
248.844,9,-35.3569362,149.1734407,99.964,37.770123072375526,1.33,16.55
248.94400000000002,9,-35.356935299999996,149.17345889999999,99.974,37.668957725483885,0.78,16.67
249.044,9,-35.3569348,149.17347719999998,99.982,37.67131072565295,0.23,16.77
249.144,9,-35.3569348,149.1734956,99.99000000000001,37.678769292226605,-0.32,16.85
249.244,9,-35.356935199999995,149.1735141,99.996,37.36706336416932,-0.87,16.92
249.344,9,-35.3569362,149.17353269999998,99.999,36.271108285421995,-1.42,16.97
249.44400000000002,9,-35.356937699999996,149.17355139999998,100.002,34.417418850342635,-1.93,17.0
249.54500000000002,9,-35.3569396,149.17356999999998,100.007,32.06409766238225,-2.38,17.01
249.645,9,-35.356942,149.1735889,100.014,29.66934796201115,-2.77,17.0
249.745,9,-35.3569446,149.1736077,100.02,27.700113924289976,-3.1,16.97
249.845,9,-35.3569475,149.17362649999998,100.023,25.957133317920054,-3.4,16.93
249.94400000000002,9,-35.3569507,149.1736454,100.02,24.073872578829118,-3.68,16.89
250.044,9,-35.356954099999996,149.1736641,100.009,22.0794334355233,-3.92,16.85
250.144,9,-35.356957699999995,149.1736829,99.989,20.191309601743313,-4.14,16.81
250.244,9,-35.3569615,149.1737016,99.96000000000001,18.529929265387537,-4.33,16.77
250.344,9,-35.3569655,149.1737202,99.925,17.13009565537176,-4.51,16.73
250.44400000000002,9,-35.3569696,149.1737388,99.886,15.874495150059149,-4.69,16.69
250.544,9,-35.3569738,149.17375719999998,99.846,14.700201216626366,-4.86,16.66
250.644,9,-35.3569782,149.1737755,99.806,13.46316858057243,-5.0200000000000005,16.62
250.744,9,-35.356982699999996,149.1737937,99.77,12.149220330501336,-5.17,16.59
250.844,9,-35.3569874,149.1738119,99.739,10.72310329878571,-5.29,16.56
250.94400000000002,9,-35.3569921,149.17382999999998,99.71300000000001,9.151822549092506,-5.39,16.53
251.044,9,-35.3569969,149.1738481,99.691,7.5507997406584835,-5.47,16.51
251.144,9,-35.3570017,149.1738662,99.672,5.975648835026823,-5.53,16.490000000000002
251.244,9,-35.3570066,149.1738843,99.656,4.429248756932685,-5.5600000000000005,16.47
251.344,9,-35.3570116,149.17390229999998,99.639,2.9877981639737894,-5.57,16.46
251.44400000000002,9,-35.3570165,149.1739204,99.621,1.6786492957333927,-5.57,16.46
251.544,9,-35.3570214,149.1739384,99.602,0.5337675442488605,-5.55,16.46
251.645,9,-35.3570263,149.1739565,99.58200000000001,-0.41946326127163935,-5.53,16.46
251.745,9,-35.3570312,149.1739748,99.561,-1.2519555321733544,-5.49,16.46
251.845,9,-35.357036099999995,149.1739929,99.541,-1.8385791356445933,-5.45,16.47
251.945,9,-35.357040999999995,149.1740112,99.522,-2.262910827690571,-5.42,16.490000000000002
252.044,9,-35.3570458,149.1740295,99.505,-2.5895876766348795,-5.38,16.5
252.144,9,-35.3570506,149.1740479,99.488,-2.870805347784522,-5.34,16.52
252.244,9,-35.3570554,149.1740663,99.47200000000001,-3.1113564995027314,-5.3,16.55
252.344,9,-35.3570602,149.1740848,99.456,-3.294921248541409,-5.26,16.57
252.44400000000002,9,-35.3570649,149.1741032,99.443,-3.4235174889134705,-5.21,16.6
252.544,9,-35.3570695,149.1741216,99.433,-3.479032412713688,-5.16,16.62
252.644,9,-35.3570741,149.1741399,99.426,-3.524040584579722,-5.12,16.63
252.744,9,-35.357078699999995,149.1741582,99.422,-3.5594830765131524,-5.07,16.65
252.844,9,-35.3570832,149.1741765,99.419,-3.5498604071896622,-5.0200000000000005,16.67
252.94400000000002,9,-35.3570876,149.1741949,99.417,-3.5311339494761915,-4.97,16.69
253.044,9,-35.357092,149.1742132,99.416,-3.5004217904298174,-4.92,16.7
253.144,9,-35.357096399999996,149.1742315,99.418,-3.448455576790245,-4.88,16.71
253.244,9,-35.3571007,149.1742499,99.423,-3.3882591986442185,-4.83,16.73
253.344,9,-35.357105,149.1742682,99.428,-3.2466661754986808,-4.79,16.740000000000002
253.44400000000002,9,-35.3571092,149.1742866,99.431,-3.026794275266331,-4.75,16.75
253.544,9,-35.3571135,149.174305,99.434,-2.8428314542650885,-4.71,16.76
253.644,9,-35.357117699999996,149.17432349999999,99.435,-2.678858249086946,-4.68,16.78
253.745,9,-35.3571218,149.1743419,99.434,-2.4862571597763417,-4.65,16.79
253.845,9,-35.357126,149.1743606,99.433,-2.316006583864134,-4.62,16.8
253.945,9,-35.3571302,149.1743792,99.431,-2.1356855343509777,-4.6000000000000005,16.82
254.04500000000002,9,-35.3571343,149.1743979,99.432,-1.9787606575094656,-4.58,16.84
254.144,9,-35.3571385,149.1744167,99.435,-1.8321929087706315,-4.55,16.86
254.244,9,-35.357142599999996,149.1744354,99.44,-1.666784616814846,-4.54,16.88
254.344,9,-35.3571467,149.17445429999998,99.44500000000001,-1.5497668277464256,-4.5200000000000005,16.9
254.44400000000002,9,-35.3571508,149.1744731,99.45400000000001,-1.454815565617318,-4.5,16.92
254.544,9,-35.3571549,149.1744919,99.46300000000001,-1.3041473554989491,-4.49,16.93
254.644,9,-35.357158999999996,149.17451069999998,99.474,-1.162120828784527,-4.48,16.95
254.744,9,-35.357163,149.17452939999998,99.48400000000001,-1.0711969236664942,-4.47,16.95
254.844,9,-35.357167,149.17454809999998,99.495,-1.0188624134202697,-4.45,16.96
254.94400000000002,9,-35.357171,149.1745666,99.506,-0.9614215897175203,-4.44,16.95
255.044,9,-35.357175,149.1745852,99.518,-0.8630276988033149,-4.43,16.95
255.144,9,-35.3571789,149.1746038,99.53,-0.7712939893818124,-4.41,16.95
255.244,9,-35.3571829,149.1746224,99.541,-0.7069035015594279,-4.4,16.95
255.344,9,-35.3571868,149.17464089999999,99.55,-0.6161486436233529,-4.39,16.95
255.44400000000002,9,-35.3571907,149.1746595,99.557,-0.5019469202053876,-4.39,16.96
255.544,9,-35.3571947,149.1746781,99.56400000000001,-0.4085700166799681,-4.39,16.96
255.644,9,-35.3571986,149.1746966,99.572,-0.3685476161037793,-4.39,16.96
255.744,9,-35.3572025,149.17471519999998,99.581,-0.338891361614407,-4.39,16.96
255.845,9,-35.3572065,149.1747339,99.59100000000001,-0.33018116287534827,-4.39,16.96
255.945,9,-35.3572105,149.1747528,99.602,-0.2955673916677368,-4.38,16.97
256.045,9,-35.3572144,149.17477159999999,99.611,-0.2715799540656372,-4.37,16.97
256.145,9,-35.3572184,149.1747905,99.618,-0.26277143795512725,-4.37,16.98
256.244,9,-35.3572224,149.1748093,99.623,-0.2502976715812592,-4.38,16.990000000000002
256.344,9,-35.3572264,149.1748282,99.626,-0.23362061746433593,-4.38,17.01
256.444,9,-35.3572304,149.1748471,99.625,-0.23453591617397054,-4.38,17.02
256.544,9,-35.3572343,149.1748661,99.62,-0.207871471304049,-4.38,17.04
256.644,9,-35.3572383,149.174885,99.61500000000001,-0.15383178832327504,-4.38,17.05
256.744,9,-35.357242299999996,149.17490379999998,99.61200000000001,-0.12101509057910417,-4.38,17.05
256.844,9,-35.3572462,149.17492249999998,99.616,-0.1254502579083961,-4.39,17.05
256.944,9,-35.3572501,149.1749412,99.627,-0.11300970866545255,-4.39,17.04
257.044,9,-35.3572541,149.1749599,99.642,-0.09678388726078646,-4.39,17.03
257.144,9,-35.357258,149.17497849999998,99.662,-0.09475420716948858,-4.39,17.02
257.244,9,-35.3572619,149.1749972,99.683,-0.14179835570746127,-4.39,17.01
257.344,9,-35.3572658,149.17501579999998,99.7,-0.19007580028776425,-4.38,17.0
257.444,9,-35.357269699999996,149.1750344,99.712,-0.2510208712204872,-4.38,16.990000000000002
257.544,9,-35.3572736,149.175053,99.718,-0.2744464990829269,-4.37,16.98
257.644,9,-35.357277499999995,149.1750716,99.721,-0.3345535244807878,-4.37,16.98
257.744,9,-35.3572814,149.1750902,99.72200000000001,-0.4181772913973993,-4.36,16.97
257.844,9,-35.3572853,149.1751088,99.723,-0.46290715973518143,-4.3500000000000005,16.97
257.945,9,-35.3572892,149.1751276,99.723,-0.47601071757529223,-4.34,16.98
258.045,9,-35.3572931,149.1751463,99.723,-0.4149312439943508,-4.33,16.98
258.145,9,-35.357296999999996,149.17516519999998,99.72500000000001,-0.4187297629878034,-4.33,16.990000000000002
258.244,9,-35.3573009,149.175184,99.72800000000001,-0.8584761781342948,-4.34,17.0
258.344,9,-35.357304899999995,149.1752029,99.73100000000001,-2.422312501879859,-4.34,17.01
258.444,9,-35.3573088,149.1752219,99.738,-5.183542405470336,-4.2700000000000005,17.02
258.544,9,-35.3573126,149.17524079999998,99.747,-8.596185806338323,-4.11,17.03
258.644,9,-35.3573162,149.1752598,99.759,-12.001642140652164,-3.89,17.05
258.744,9,-35.3573196,149.1752788,99.77,-15.239137293086221,-3.63,17.07
258.844,9,-35.3573227,149.17529779999998,99.778,-18.39126447240523,-3.34,17.09
258.944,9,-35.3573255,149.1753166,99.782,-21.311424767132262,-3.02,17.1
259.044,9,-35.3573281,149.1753355,99.783,-23.764079103739434,-2.67,17.12
259.144,9,-35.3573302,149.17535429999998,99.781,-25.578911592630597,-2.2800000000000002,17.13
259.244,9,-35.3573321,149.1753731,99.777,-26.809525558412012,-1.8900000000000001,17.13
259.344,9,-35.357333499999996,149.1753919,99.775,-27.745514191703048,-1.47,17.13
259.444,9,-35.3573346,149.1754106,99.778,-28.58799582770932,-1.03,17.12
259.544,9,-35.3573352,149.17542939999998,99.789,-29.50912879955558,-0.58,17.09
259.644,9,-35.3573355,149.17544809999998,99.805,-30.585115820264367,-0.13,17.05
259.744,9,-35.357335299999995,149.1754667,99.82300000000001,-31.812217361265105,0.33,17.0
259.844,9,-35.3573348,149.1754853,99.843,-33.09191135887494,0.8200000000000001,16.93
259.944,9,-35.3573337,149.1755038,99.864,-34.31324822021618,1.34,16.85
260.045,9,-35.3573322,149.1755225,99.885,-35.61445048352239,1.8800000000000001,16.76
260.145,9,-35.3573301,149.1755409,99.905,-36.95499805154245,2.45,16.65
260.245,9,-35.3573277,149.1755593,99.923,-38.23236636973989,3.04,16.51
260.344,9,-35.3573246,149.1755775,99.94200000000001,-39.425982908334646,3.65,16.36
260.444,9,-35.3573209,149.17559559999998,99.96000000000001,-40.499688645860644,4.29,16.18
260.544,9,-35.3573166,149.1756134,99.98,-41.409333239522944,4.94,15.96
260.644,9,-35.3573118,149.1756309,100.002,-42.10400445924826,5.62,15.72
260.744,9,-35.3573063,149.17564819999998,100.03,-42.59199415468899,6.3,15.44
260.844,9,-35.3573002,149.1756651,100.062,-42.918818706474106,6.98,15.13
260.944,10,-35.3572936,149.1756815,100.102,-43.11900813595259,7.65,14.77
261.044,10,-35.3572864,149.17569749999998,100.151,-43.216000237261355,8.290000000000001,14.4
261.144,10,-35.3572786,149.17571289999998,100.208,-43.2093851990502,8.91,13.99
261.244,10,-35.357270299999996,149.175728,100.267,-43.147066553063006,9.49,13.57
261.344,10,-35.3572616,149.1757424,100.328,-43.02014114771666,10.040000000000001,13.13
261.444,10,-35.3572523,149.1757565,100.387,-42.85580679628615,10.540000000000001,12.69
261.544,10,-35.3572427,149.17577,100.44200000000001,-42.62029504351494,11.01,12.26
261.644,10,-35.357232599999996,149.1757831,100.491,-42.36315549673689,11.44,11.82
261.744,10,-35.357222199999995,149.1757956,100.533,-42.172016067908665,11.85,11.370000000000001
261.844,10,-35.3572114,149.1758078,100.57000000000001,-42.09579115677132,12.23,10.92
261.944,10,-35.357200299999995,149.1758193,100.599,-42.069894494533216,12.6,10.47
262.045,10,-35.3571889,149.1758305,100.619,-42.172603464177286,12.97,10.0
262.145,10,-35.357177,149.17584109999999,100.632,-42.39297610265316,13.33,9.5
262.245,10,-35.3571649,149.17585119999998,100.637,-42.677549104232575,13.69,8.99
262.345,10,-35.3571524,149.17586079999998,100.636,-43.02582045001152,14.06,8.45
262.444,10,-35.357139499999995,149.1758697,100.632,-43.41743959135796,14.43,7.88
262.544,10,-35.3571263,149.17587799999998,100.625,-43.73965376545331,14.8,7.2700000000000005
262.644,10,-35.3571127,149.17588569999998,100.618,-44.01841427604904,15.17,6.65
262.744,10,-35.357098799999996,149.1758926,100.61200000000001,-44.209485402985564,15.52,5.99
262.844,10,-35.3570846,149.1758988,100.61,-44.33761292162583,15.860000000000001,5.3
262.944,10,-35.3570703,149.1759042,100.617,-44.3834025098216,16.16,4.59
263.044,10,-35.3570557,149.1759088,100.629,-44.23964410326575,16.43,3.88
263.144,10,-35.3570409,149.17591249999998,100.645,-43.86688652931231,16.67,3.16
263.244,10,-35.3570259,149.1759156,100.666,-43.31537265949587,16.86,2.46
263.344,10,-35.3570109,149.17591779999998,100.691,-42.61692776025412,17.02,1.78
263.444,10,-35.3569956,149.1759193,100.718,-41.866757838427866,17.14,1.12
263.544,10,-35.3569804,149.1759202,100.746,-41.10120633059074,17.22,0.51
263.644,10,-35.356964999999995,149.1759203,100.771,-40.40848171477888,17.27,-0.07
263.744,10,-35.3569496,149.1759199,100.791,-39.795188783919684,17.29,-0.61
263.844,10,-35.3569342,149.1759189,100.802,-38.76962221966393,17.31,-1.1500000000000001
263.944,10,-35.356918799999995,149.17591729999998,100.803,-36.223249149907716,17.3,-1.67
264.044,10,-35.3569034,149.1759152,100.796,-31.483948224470534,17.27,-2.13
264.145,10,-35.356888,149.1759127,100.793,-24.815844566104065,17.2,-2.46
264.245,10,-35.356872599999996,149.17591,100.796,-16.981702965464066,17.09,-2.62
264.345,10,-35.3568572,149.1759071,100.803,-9.181510820093614,16.96,-2.62
264.445,10,-35.356842,149.17590429999998,100.801,-2.141350535937269,16.82,-2.5100000000000002
264.544,10,-35.3568269,149.1759017,100.777,3.560044859572386,16.7,-2.35
264.644,10,-35.3568119,149.1758992,100.723,7.705781855567951,16.59,-2.19
264.744,10,-35.3567969,149.1758969,100.639,10.282796861488128,16.51,-2.04
264.844,10,-35.356781999999995,149.17589479999998,100.53,11.532139205973719,16.45,-1.9000000000000001
264.944,10,-35.3567671,149.17589289999998,100.409,11.708629586579557,16.41,-1.76
265.044,10,-35.3567523,149.1758911,100.29,11.237063934771767,16.38,-1.62
265.144,10,-35.356737599999995,149.1758896,100.186,10.537738794900733,16.36,-1.47
265.244,10,-35.356722999999995,149.17588809999998,100.102,9.820810549991283,16.34,-1.33
265.344,10,-35.356708399999995,149.1758869,100.046,9.258874665275055,16.32,-1.18
265.444,10,-35.356693799999995,149.17588569999998,100.011,8.871415962906802,16.29,-1.04
265.544,10,-35.356679299999996,149.1758848,99.997,8.539846990969473,16.25,-0.91
265.644,10,-35.3566648,149.175884,99.993,8.197177254083579,16.23,-0.78
265.744,10,-35.3566503,149.17588329999998,99.992,7.733245192446925,16.21,-0.68
265.844,10,-35.3566358,149.1758827,99.985,7.101541059793133,16.19,-0.59
265.944,10,-35.3566214,149.1758822,99.968,6.4144150646665645,16.18,-0.52
266.044,10,-35.356606899999996,149.1758817,99.93900000000001,5.659192083514969,16.18,-0.47000000000000003
266.144,10,-35.3565924,149.1758813,99.899,4.932010017114038,16.18,-0.42
266.245,10,-35.3565778,149.175881,99.85300000000001,4.2498342015884365,16.2,-0.38
266.345,10,-35.356563,149.1758807,99.803,3.63748682504246,16.22,-0.34
266.445,10,-35.3565483,149.17588039999998,99.755,3.1866204884012177,16.25,-0.3
266.545,10,-35.3565336,149.1758801,99.712,2.8380191591079913,16.27,-0.26
266.644,10,-35.356518799999996,149.17587989999998,99.678,2.5125469847785435,16.29,-0.22
266.744,10,-35.3565039,149.1758797,99.655,2.2838489860346565,16.31,-0.18
266.844,10,-35.3564891,149.1758796,99.641,2.0881593705587367,16.330000000000002,-0.14
266.944,10,-35.3564742,149.17587949999998,99.635,1.8866924822620441,16.35,-0.11
267.044,10,-35.3564594,149.17587939999999,99.633,1.748428429284947,16.36,-0.08
267.144,10,-35.356444599999996,149.1758793,99.631,1.5183990772614362,16.37,-0.06
267.244,10,-35.356429899999995,149.1758793,99.627,1.2195182167530234,16.38,-0.05
267.344,10,-35.3564152,149.1758793,99.62,0.9046238710138099,16.39,-0.04
267.444,10,-35.3564005,149.1758792,99.608,0.6447552367755116,16.41,-0.04
267.544,10,-35.3563858,149.1758792,99.592,0.4211076293143199,16.41,-0.04
267.644,10,-35.3563711,149.1758791,99.577,0.2649584325108536,16.43,-0.03
267.744,10,-35.3563563,149.1758791,99.563,0.17797724075099736,16.43,-0.03
267.844,10,-35.3563416,149.17587899999998,99.552,0.18081223616401543,16.45,-0.03
267.944,10,-35.3563269,149.17587899999998,99.548,0.18669124145082458,16.45,-0.03
268.044,10,-35.3563121,149.1758789,99.547,0.1627004421149928,16.46,-0.02
268.144,10,-35.3562973,149.1758789,99.549,0.15231552634817186,16.47,-0.02
268.244,10,-35.3562825,149.1758788,99.555,0.12839876519572596,16.48,-0.02
268.345,10,-35.3562677,149.1758787,99.563,0.1585176582796608,16.490000000000002,-0.01
268.445,10,-35.3562528,149.1758787,99.571,0.15321289581123518,16.5,-0.01
268.545,10,-35.356237799999995,149.1758787,99.575,0.08079264016542799,16.51,-0.01
268.644,10,-35.3562228,149.1758786,99.57600000000001,0.0333378965397277,16.53,-0.01
268.744,10,-35.3562077,149.1758786,99.57600000000001,0.046246447142949336,16.55,-0.01
268.844,10,-35.3561927,149.17587849999998,99.574,0.03955016703326586,16.57,-0.02
268.944,10,-35.3561775,149.1758784,99.575,-0.007907362195707996,16.59,-0.01
269.044,10,-35.356162399999995,149.1758784,99.578,-0.0377011267692163,16.6,-0.01
269.144,10,-35.356147299999996,149.1758783,99.581,-0.046515319140452475,16.62,-0.01
269.244,10,-35.3561322,149.1758783,99.583,-0.006480920709996472,16.64,-0.01
269.344,10,-35.3561172,149.1758781,99.58800000000001,0.02791162807421661,16.64,-0.02
269.444,10,-35.356102299999996,149.1758781,99.59400000000001,0.09798107134592293,16.65,-0.01
269.544,10,-35.3560873,149.17587799999998,99.60300000000001,0.1668676312410675,16.65,-0.01
269.644,10,-35.356072399999995,149.17587799999998,99.614,0.20254597814427536,16.65,-0.01
269.744,10,-35.3560575,149.1758779,99.626,0.19383840742722147,16.65,0.0
269.844,10,-35.356042599999995,149.1758779,99.638,0.1720850953541639,16.65,0.0
269.944,10,-35.3560277,149.1758778,99.648,0.16290999018429467,16.65,0.0
270.044,10,-35.356012799999995,149.1758778,99.656,0.177692600621465,16.65,0.0
270.144,10,-35.3559979,149.1758777,99.662,0.1928423070460971,16.65,0.0
270.244,10,-35.355983,149.1758777,99.666,0.23156979980518672,16.65,0.0
270.344,10,-35.355968,149.17587749999998,99.668,0.2428287530021445,16.66,0.0
270.445,10,-35.355953,149.17587749999998,99.669,0.2328424027857776,16.66,0.0
270.545,10,-35.3559379,149.17587749999998,99.673,0.2139370661532038,16.67,0.0
270.645,10,-35.3559228,149.17587749999998,99.68,0.1952967728769382,16.68,0.0
270.744,10,-35.3559076,149.17587749999998,99.68900000000001,0.1436606628135608,16.68,0.0
270.844,10,-35.355892499999996,149.1758774,99.699,0.11124802678769173,16.69,0.0
270.944,10,-35.355877299999996,149.1758774,99.709,0.09249110002722023,16.71,0.0
271.044,10,-35.355862099999996,149.1758773,99.71600000000001,0.12900595834076953,16.71,0.0
271.144,10,-35.355846899999996,149.1758773,99.72200000000001,0.19804294915031967,16.72,0.0
271.244,10,-35.3558318,149.1758772,99.727,0.30658227232357244,16.73,0.0
271.344,10,-35.3558168,149.17587709999998,99.73400000000001,0.375870779513223,16.73,0.01
271.444,10,-35.3558017,149.17587709999998,99.742,0.3775075969952195,16.73,0.01
271.544,10,-35.3557868,149.17587709999998,99.751,0.3692569419212557,16.73,0.02
271.644,10,-35.3557718,149.17587709999998,99.76,0.358510439675034,16.73,0.02
271.744,10,-35.3557568,149.17587709999998,99.767,0.33064796361643634,16.73,0.02
271.844,10,-35.3557419,149.17587709999998,99.772,0.34350256639738547,16.73,0.02
271.944,10,-35.355727,149.17587709999998,99.774,0.3533416139793475,16.72,0.02
272.044,10,-35.355712,149.17587709999998,99.776,0.3640647174915766,16.72,0.03
272.144,10,-35.3556971,149.17587709999998,99.78,0.3950991760894105,16.72,0.03
272.244,10,-35.355682099999996,149.17587709999998,99.785,0.4085187635807666,16.72,0.04
272.344,10,-35.3556672,149.17587699999999,99.791,0.4060066146679506,16.72,0.04
272.444,10,-35.3556522,149.17587699999999,99.797,0.35931333374805424,16.71,0.05
272.545,10,-35.355637099999996,149.17587699999999,99.8,0.2895394562405097,16.72,0.05
272.645,10,-35.3556221,149.17587709999998,99.801,0.2129398451941687,16.72,0.05
272.745,10,-35.355607,149.17587709999998,99.799,0.13623220510115047,16.73,0.05
272.844,10,-35.3555918,149.17587709999998,99.797,0.07149064955749126,16.740000000000002,0.05
272.944,10,-35.3555766,149.17587709999998,99.799,0.005156099549153711,16.75,0.05
273.044,10,-35.3555614,149.17587709999998,99.804,-0.01627236207354672,16.75,0.05
273.144,10,-35.3555462,149.1758772,99.81400000000001,-0.013317147160255812,16.76,0.05
273.244,10,-35.355531,149.1758772,99.828,0.006565385103779204,16.77,0.05
273.344,10,-35.3555158,149.1758772,99.84400000000001,0.025124402297222292,16.77,0.04
273.444,10,-35.3555006,149.1758772,99.85900000000001,0.07242984725911429,16.77,0.03
273.544,10,-35.3554855,149.1758772,99.871,0.09112073329402691,16.77,0.03
273.644,10,-35.355470499999996,149.1758772,99.88,0.0707181778407253,16.76,0.03
273.744,10,-35.3554555,149.1758772,99.886,0.06925134802571878,16.76,0.03
273.844,10,-35.3554405,149.1758772,99.89,0.04808542888622899,16.76,0.02
273.944,10,-35.355425499999996,149.1758772,99.892,0.06126552286465161,16.76,0.02
274.044,10,-35.3554105,149.1758772,99.891,0.06616336213903916,16.75,0.02
274.144,10,-35.3553956,149.1758772,99.889,0.1255558857166933,16.75,0.02
274.244,10,-35.3553806,149.1758772,99.887,0.16749287369460134,16.75,0.02
274.344,10,-35.3553657,149.1758772,99.884,0.21052868169544842,16.75,0.02
274.444,10,-35.355350699999995,149.1758772,99.884,0.22083414315231506,16.740000000000002,0.02
274.545,10,-35.3553357,149.1758773,99.885,0.237149157222588,16.740000000000002,0.02
274.645,10,-35.3553206,149.1758773,99.891,0.2340427818519809,16.740000000000002,0.02
274.745,10,-35.3553055,149.1758773,99.901,0.20746532851248448,16.740000000000002,0.02
274.845,10,-35.3552903,149.1758773,99.913,0.21848782643007023,16.75,0.02
274.944,10,-35.3552752,149.1758773,99.922,0.22017935212649298,16.75,0.02
275.044,10,-35.35526,149.1758773,99.929,0.2379176602259202,16.76,0.02
275.144,10,-35.3552448,149.1758774,99.934,0.24123064881892017,16.77,0.02
275.244,10,-35.3552296,149.1758774,99.938,0.24969933633779554,16.78,0.02
275.344,10,-35.3552143,149.1758774,99.94,0.15875327312559978,16.79,0.03
275.444,10,-35.3551992,149.1758774,99.94,-0.1050815399059338,16.79,0.04
275.544,10,-35.355184099999995,149.17587749999998,99.938,-0.7470964434214555,16.79,0.04
275.644,10,-35.355169,149.17587749999998,99.935,-1.7931491995973112,16.8,0.02
275.744,10,-35.355154,149.17587749999998,99.933,-3.206748628998422,16.8,-0.03
275.844,10,-35.355139,149.1758774,99.931,-4.9154344286588865,16.81,-0.11
275.944,10,-35.355123999999996,149.1758773,99.932,-6.81452583869862,16.830000000000002,-0.22
276.044,10,-35.3551089,149.17587699999999,99.934,-8.731193033020087,16.85,-0.37
276.144,10,-35.3550939,149.1758764,99.937,-10.522860935341152,16.87,-0.53
276.244,10,-35.3550788,149.1758757,99.93900000000001,-12.038726652750748,16.89,-0.72
276.344,10,-35.355063699999995,149.1758748,99.94,-13.229516346802757,16.92,-0.91
276.444,10,-35.355048599999996,149.17587369999998,99.94,-14.119325217341693,16.94,-1.11
276.544,10,-35.355033399999996,149.17587229999998,99.94,-14.722122708767522,16.97,-1.31
276.645,10,-35.355018199999996,149.1758707,99.941,-15.134473181792238,17.0,-1.51
276.745,10,-35.3550027,149.17586889999998,99.943,-15.348394706597038,17.04,-1.72
276.845,10,-35.3549873,149.1758669,99.94500000000001,-15.398548785672443,17.06,-1.93
276.945,10,-35.3549718,149.17586459999998,99.95,-15.345128168626479,17.1,-2.14
277.044,10,-35.3549563,149.175862,99.959,-15.251487982652897,17.12,-2.35
277.144,10,-35.3549407,149.17585929999998,99.97,-15.168222854028564,17.14,-2.54
277.244,10,-35.3549252,149.1758563,99.983,-15.196383723976528,17.16,-2.74
277.344,10,-35.3549096,149.17585309999998,99.995,-15.11158180278894,17.17,-2.94
277.444,10,-35.354894099999996,149.17584979999998,100.004,-14.632780419329169,17.18,-3.14
277.544,10,-35.3548787,149.1758462,100.012,-13.869167831442683,17.18,-3.3000000000000003
277.644,10,-35.3548633,149.1758425,100.017,-13.193265117782914,17.18,-3.44
277.744,10,-35.354847899999996,149.1758386,100.019,-12.601869773402775,17.17,-3.58
277.844,10,-35.3548326,149.1758346,100.019,-11.831100001039761,17.16,-3.72
277.944,10,-35.3548173,149.1758304,100.021,-11.042818477418482,17.150000000000002,-3.85
278.044,10,-35.354802,149.1758261,100.023,-10.55304781015167,17.14,-3.97
278.144,10,-35.3547867,149.1758217,100.025,-10.65455552027546,17.12,-4.09
278.244,10,-35.3547714,149.17581719999998,100.027,-11.283143806007258,17.11,-4.23
278.344,10,-35.3547562,149.17581239999998,100.029,-12.192032809992623,17.09,-4.4
278.444,10,-35.354740899999996,149.1758075,100.031,-13.028902591822082,17.080000000000002,-4.58
278.544,10,-35.3547256,149.17580239999998,100.03,-13.606144076694662,17.07,-4.78
278.644,10,-35.3547104,149.175797,100.026,-13.80630191654824,17.05,-4.98
278.745,10,-35.3546951,149.17579139999998,100.021,-13.584100494922092,17.04,-5.16
278.845,10,-35.3546797,149.17578559999998,100.017,-12.936304009696926,17.02,-5.34
278.945,10,-35.3546644,149.1757795,100.012,-11.982786549674698,17.02,-5.49
279.045,10,-35.354648999999995,149.1757734,100.008,-10.806224139663826,17.01,-5.62
279.144,10,-35.3546336,149.17576699999998,100.005,-9.565282074083704,17.01,-5.73
279.244,10,-35.354618099999996,149.1757606,100.005,-8.327605692700496,17.0,-5.82
279.344,10,-35.3546027,149.1757541,100.004,-7.184266176586212,17.0,-5.9
279.444,10,-35.3545873,149.1757475,100.006,-6.1106377055751935,16.990000000000002,-5.96
279.544,10,-35.354571899999996,149.1757408,100.007,-5.170498024816081,16.990000000000002,-6.0200000000000005
279.644,10,-35.3545565,149.1757341,100.006,-4.354835553472689,16.990000000000002,-6.0600000000000005
279.744,10,-35.3545413,149.1757274,100.003,-3.6598309351385105,16.98,-6.09
279.844,10,-35.354526,149.1757207,99.998,-3.0973981541601643,16.97,-6.12
279.944,10,-35.3545109,149.175714,99.994,-2.616439284696315,16.95,-6.140000000000001
280.044,10,-35.3544957,149.1757072,99.99000000000001,-2.1368304448106015,16.94,-6.16
280.144,11,-35.354480599999995,149.1757005,99.989,-1.699221398626648,16.93,-6.17
280.244,11,-35.354465499999996,149.1756938,99.988,-1.3141375743771504,16.92,-6.18
280.344,11,-35.3544504,149.17568699999998,99.98700000000001,-0.9697551675568763,16.9,-6.18
280.444,11,-35.3544353,149.1756802,99.986,-0.6400637505893592,16.89,-6.18
280.544,11,-35.3544202,149.1756735,99.98400000000001,-0.35234117802892573,16.89,-6.18
280.644,11,-35.3544051,149.1756667,99.983,-0.11499187758735786,16.88,-6.17
280.744,11,-35.354389999999995,149.17566,99.982,0.04125214812180188,16.88,-6.17
280.845,11,-35.354374899999996,149.1756532,99.97800000000001,0.17805329330657987,16.87,-6.16
280.945,11,-35.3543595,149.1756464,99.973,0.3135049358516448,16.88,-6.16
281.045,11,-35.3543442,149.17563959999998,99.96900000000001,0.41317113626175017,16.88,-6.15
281.144,11,-35.3543289,149.1756328,99.964,0.49718323678527393,16.89,-6.15
281.244,11,-35.3543136,149.1756259,99.95700000000001,0.560751113699495,16.9,-6.140000000000001
281.344,11,-35.354298199999995,149.1756191,99.95100000000001,0.6109411046288942,16.91,-6.140000000000001
281.444,11,-35.3542829,149.17561229999998,99.946,0.6640042039604885,16.92,-6.13
281.544,11,-35.3542675,149.1756055,99.94500000000001,0.7113441383761411,16.93,-6.13
281.644,11,-35.3542522,149.1755987,99.94500000000001,0.7416981927387654,16.93,-6.12
281.744,11,-35.354237,149.175592,99.94800000000001,0.7496200382372166,16.93,-6.11
281.844,11,-35.3542218,149.1755853,99.95100000000001,0.7519487058573677,16.93,-6.09
281.944,11,-35.3542067,149.1755786,99.956,0.7597746085423215,16.93,-6.08
282.044,11,-35.3541915,149.175572,99.962,0.7927212533034944,16.93,-6.07
282.144,11,-35.3541764,149.1755653,99.96900000000001,0.8031389993350564,16.92,-6.0600000000000005
282.244,11,-35.3541613,149.17555869999998,99.974,0.7979937324559211,16.92,-6.04
282.344,11,-35.354146199999995,149.1755521,99.974,0.8080258396036418,16.91,-6.03
282.444,11,-35.3541311,149.1755455,99.97,0.8179054414338008,16.91,-6.0200000000000005
282.544,11,-35.354116,149.1755389,99.964,0.8225713677714187,16.9,-6.0
282.644,11,-35.3541009,149.17553239999998,99.96000000000001,0.8066203147385002,16.9,-6.0
282.744,11,-35.3540857,149.1755258,99.958,0.7354164997756164,16.9,-5.99
282.844,11,-35.3540706,149.1755192,99.95700000000001,0.6579027639584044,16.9,-5.98
282.945,11,-35.3540554,149.1755126,99.956,0.6038468859587781,16.9,-5.97
283.045,11,-35.3540402,149.17550599999998,99.956,0.5706577694820696,16.9,-5.96
283.145,11,-35.3540249,149.1754994,99.953,0.5150731030471241,16.91,-5.95
283.244,11,-35.3540096,149.1754928,99.952,0.5009271409457929,16.91,-5.94
283.344,11,-35.353994199999995,149.1754862,99.95,0.5058663815719171,16.93,-5.93
283.444,11,-35.3539789,149.1754796,99.94800000000001,0.5132096887033271,16.94,-5.93
283.544,11,-35.3539635,149.17547299999998,99.94800000000001,0.47421048248131786,16.95,-5.92
283.644,11,-35.3539481,149.1754664,99.95100000000001,0.40025023262108433,16.95,-5.91
283.744,11,-35.3539327,149.1754598,99.958,0.2931292809383067,16.96,-5.91
283.844,11,-35.3539173,149.1754532,99.96300000000001,0.1859512865037889,16.97,-5.91
283.944,11,-35.3539021,149.17544669999998,99.96900000000001,0.10769792924487182,16.97,-5.91
284.044,11,-35.3538868,149.1754402,99.974,0.041850226566161046,16.96,-5.91
284.144,11,-35.3538717,149.17543369999999,99.979,0.01750583320617553,16.96,-5.92
284.244,11,-35.3538565,149.1754271,99.98100000000001,-0.01246763237707556,16.95,-5.92
284.344,11,-35.3538414,149.1754206,99.982,-0.038307326068374774,16.94,-5.93
284.444,11,-35.3538262,149.17541409999998,99.98100000000001,-0.03673556880626525,16.94,-5.93
284.544,11,-35.3538111,149.1754076,99.98,-0.03522726426834942,16.94,-5.93
284.644,11,-35.3537959,149.1754011,99.979,-0.009620063813095096,16.94,-5.93
284.744,11,-35.353780799999996,149.1753946,99.97800000000001,-0.008621443799198283,16.93,-5.93
284.844,11,-35.3537657,149.175388,99.976,0.05077369529401081,16.94,-5.93
284.944,11,-35.3537505,149.1753815,99.97500000000001,0.12098567540894817,16.93,-5.93
285.045,11,-35.353735199999996,149.17537489999998,99.97500000000001,0.1629293468336808,16.94,-5.93
285.145,11,-35.3537199,149.1753683,99.97500000000001,0.1952605008371857,16.94,-5.93
285.245,11,-35.3537046,149.1753617,99.976,0.23717487715368132,16.95,-5.93
285.344,11,-35.3536892,149.1753551,99.97800000000001,0.25799385403283553,16.96,-5.93
285.444,11,-35.353673799999996,149.17534849999998,99.98,0.2850761677417443,16.97,-5.93
285.544,11,-35.3536584,149.1753419,99.98100000000001,0.2884938236476895,16.98,-5.93
285.644,11,-35.353643,149.1753353,99.98100000000001,0.3143671138322267,16.98,-5.93
285.744,11,-35.353627599999996,149.1753287,99.98100000000001,0.3015951136515524,16.990000000000002,-5.93
285.844,11,-35.3536122,149.1753221,99.98100000000001,0.2949743925095622,17.0,-5.93
285.944,11,-35.3535969,149.17531549999998,99.98,0.2917126836961902,16.990000000000002,-5.93
286.044,11,-35.3535817,149.175309,99.97800000000001,0.3238923195579119,16.990000000000002,-5.93
286.144,11,-35.3535665,149.1753025,99.97800000000001,0.3358153218886683,16.98,-5.93
286.244,11,-35.3535513,149.175296,99.98,0.31383017025001375,16.98,-5.92
286.344,11,-35.3535362,149.1752895,99.985,0.27939433080636644,16.97,-5.92
286.444,11,-35.353521,149.175283,99.989,0.20124073166192855,16.97,-5.91
286.544,11,-35.3535059,149.1752765,99.994,0.16762692949727606,16.96,-5.91
286.644,11,-35.3534907,149.17526999999998,99.999,0.18165197590595678,16.96,-5.91
286.744,11,-35.353475599999996,149.1752635,100.001,0.20789908554541994,16.95,-5.9
286.844,11,-35.353460399999996,149.175257,100.002,0.24333840250810382,16.95,-5.89
286.944,11,-35.3534453,149.1752505,100.002,0.2660056392488341,16.95,-5.88
287.045,11,-35.3534301,149.1752441,100.003,0.2827077996470424,16.95,-5.87
287.145,11,-35.353414799999996,149.1752376,100.004,0.3113011326272579,16.94,-5.87
287.245,11,-35.353399599999996,149.1752311,100.006,0.8097210605391273,16.94,-5.87
287.345,11,-35.3533843,149.1752246,100.008,2.384315732640255,16.95,-5.86
287.444,11,-35.353369,149.1752181,100.011,5.194325566622493,16.97,-5.79
287.544,11,-35.3533536,149.1752117,100.016,8.631009525821632,16.990000000000002,-5.63
287.644,11,-35.353338099999995,149.1752056,100.019,12.056871904054534,17.02,-5.42
287.744,11,-35.3533227,149.1751997,100.016,15.233601424763926,17.05,-5.17
287.844,11,-35.353307199999996,149.1751941,100.01,18.274107945119294,17.09,-4.9
287.944,11,-35.3532918,149.1751888,100.001,21.112031054692082,17.12,-4.58
288.044,11,-35.3532764,149.175184,99.992,23.515800019862176,17.16,-4.22
288.144,11,-35.353260999999996,149.1751796,99.98400000000001,25.421907741726805,17.19,-3.83
288.244,11,-35.3532456,149.1751756,99.976,27.016005592116084,17.22,-3.42
288.344,11,-35.3532302,149.1751721,99.97200000000001,28.456910837158436,17.25,-2.99
288.444,11,-35.353214699999995,149.1751691,99.97200000000001,29.831844992554927,17.26,-2.5300000000000002
288.544,11,-35.3531993,149.1751667,99.979,31.192845562044592,17.27,-2.05
288.644,11,-35.3531838,149.17516469999998,99.991,32.673534951454975,17.26,-1.54
288.744,11,-35.3531684,149.1751634,100.008,34.10090105401507,17.23,-1.0
288.844,11,-35.353153,149.1751626,100.027,35.459558868619425,17.19,-0.44
288.944,11,-35.3531376,149.1751625,100.046,36.69219286284787,17.14,0.13
289.044,11,-35.353122299999995,149.175163,100.066,37.73232822060326,17.06,0.73
289.145,11,-35.353107,149.17516419999998,100.089,38.652706456546234,16.97,1.34
289.245,11,-35.3530917,149.17516609999998,100.113,39.44686279662737,16.85,1.97
289.345,11,-35.3530765,149.1751687,100.139,40.01572876203022,16.72,2.6
289.445,11,-35.3530614,149.17517189999998,100.168,40.49602766446552,16.57,3.23
289.544,11,-35.3530464,149.1751759,100.199,40.90176822192096,16.4,3.87
289.644,11,-35.3530316,149.1751806,100.23100000000001,41.2619992289366,16.19,4.5
289.744,11,-35.353017,149.175186,100.267,41.508012397556705,15.96,5.14
289.844,11,-35.353002599999996,149.1751922,100.307,41.84246627064472,15.69,5.78
289.944,11,-35.352988499999995,149.175199,100.351,42.32266272024246,15.4,6.42
290.044,11,-35.3529747,149.1752065,100.396,42.84126190844861,15.08,7.04
290.144,11,-35.3529613,149.1752146,100.441,43.33211686824616,14.74,7.640000000000001
290.244,11,-35.3529482,149.1752233,100.482,43.743594784604404,14.38,8.22
290.344,11,-35.352935599999995,149.17523269999998,100.521,44.014319577641615,14.0,8.790000000000001
290.444,11,-35.3529232,149.1752426,100.557,44.18169336325278,13.6,9.35
290.544,11,-35.352911299999995,149.1752532,100.593,44.25034359460058,13.17,9.89
290.644,11,-35.352899799999996,149.17526429999998,100.626,44.29459297513851,12.72,10.43
290.744,11,-35.3528887,149.175276,100.657,44.289357635139694,12.24,10.94
290.844,11,-35.352878,149.1752883,100.686,44.3120202028058,11.75,11.450000000000001
290.944,11,-35.3528677,149.17530109999998,100.714,44.3120202028058,11.23,11.93
291.044,11,-35.352858,149.1753144,100.74000000000001,44.27488787938302,10.700000000000001,12.39
291.144,11,-35.352848699999996,149.1753282,100.767,44.27989782313922,10.16,12.82
291.245,11,-35.3528398,149.1753426,100.793,44.29987612646151,9.6,13.25
291.345,11,-35.3528314,149.17535759999998,100.81700000000001,44.32027107132317,9.03,13.66
291.445,11,-35.3528235,149.17537289999999,100.837,44.21889057347267,8.46,14.040000000000001
291.545,11,-35.3528161,149.1753888,100.854,43.992408330784215,7.88,14.4
291.644,11,-35.3528093,149.1754049,100.869,43.622799474038146,7.3100000000000005,14.74
291.744,11,-35.3528029,149.1754215,100.881,43.1743770644593,6.73,15.05
291.844,11,-35.3527971,149.1754384,100.89,42.78840307446188,6.140000000000001,15.34
291.944,11,-35.3527918,149.1754556,100.896,42.484012279005675,5.55,15.6
292.044,11,-35.352787,149.17547299999998,100.9,42.19646473004273,4.96,15.85
292.144,11,-35.3527829,149.1754905,100.906,41.98856060189671,4.36,16.06
292.244,11,-35.3527792,149.1755083,100.91,41.90989731322567,3.75,16.26
292.344,11,-35.3527762,149.17552609999998,100.913,41.882832688639496,3.15,16.43
292.444,11,-35.3527737,149.1755442,100.913,41.87616642400956,2.54,16.580000000000002
292.544,11,-35.3527717,149.1755623,100.91,41.906284143154735,1.93,16.72
292.644,11,-35.3527702,149.17558069999998,100.903,41.96630784558081,1.33,16.84
292.744,11,-35.3527693,149.1755991,100.892,41.92146765367967,0.71,16.95
292.844,11,-35.352768999999995,149.1756177,100.878,41.74233569741233,0.09,17.04
292.944,11,-35.3527692,149.17563629999998,100.861,41.44190982676932,-0.53,17.12
293.044,11,-35.35277,149.1756551,100.84400000000001,41.09520600940489,-1.16,17.17
293.144,11,-35.3527713,149.1756738,100.82900000000001,40.76991483508845,-1.8,17.21
293.244,11,-35.3527732,149.17569269999998,100.816,40.54563532840732,-2.45,17.22
293.345,11,-35.352775699999995,149.1757117,100.806,40.427705282197884,-3.09,17.22
293.445,11,-35.3527787,149.17573059999998,100.795,40.37472691990068,-3.71,17.2
293.545,11,-35.3527823,149.1757496,100.78,40.285763705961266,-4.32,17.17
293.644,11,-35.3527865,149.1757686,100.761,40.09410518275612,-4.91,17.12
293.744,11,-35.3527912,149.1757877,100.736,39.762134083431405,-5.5,17.07
293.844,11,-35.352796399999995,149.1758066,100.708,39.32677099554562,-6.07,17.0
293.944,11,-35.3528022,149.17582539999998,100.678,38.88678386959174,-6.640000000000001,16.91
294.044,11,-35.3528085,149.1758442,100.648,38.47485174565369,-7.19,16.81
294.144,11,-35.352815199999995,149.1758628,100.618,38.17388629006624,-7.75,16.69
294.244,11,-35.352822499999995,149.1758813,100.59,38.005604089295474,-8.3,16.55
294.344,11,-35.3528302,149.1758994,100.563,37.97427742666721,-8.85,16.39
294.444,11,-35.3528383,149.17591729999998,100.537,38.00996174998594,-9.4,16.22
294.544,11,-35.352847,149.17593499999998,100.515,38.12017709752785,-9.94,16.04
294.644,11,-35.3528561,149.1759525,100.492,38.28144127892644,-10.48,15.84
294.744,11,-35.3528656,149.1759697,100.468,38.42320185515005,-11.01,15.63
294.844,11,-35.3528757,149.1759866,100.44200000000001,38.56136292168107,-11.540000000000001,15.4
294.944,11,-35.3528862,149.1760033,100.416,38.58554179134291,-12.08,15.16
295.044,11,-35.352897299999995,149.1760198,100.389,38.46969836792491,-12.61,14.9
295.144,11,-35.3529087,149.17603599999998,100.364,38.25243346552139,-13.14,14.63
295.244,11,-35.3529207,149.1760519,100.34100000000001,37.998487032180314,-13.66,14.35
295.344,11,-35.3529331,149.1760674,100.322,37.73956822112348,-14.15,14.05
295.445,11,-35.3529462,149.1760828,100.303,37.544392150495774,-14.63,13.75
295.545,11,-35.3529596,149.1760979,100.283,37.43646491632582,-15.1,13.44
295.645,11,-35.3529735,149.17611259999998,100.263,37.39289855470489,-15.56,13.13
295.744,11,-35.3529878,149.17612699999998,100.239,37.43101442536815,-16.01,12.8
295.844,11,-35.353002499999995,149.1761411,100.21600000000001,37.509892864998044,-16.46,12.46
295.944,11,-35.3530176,149.1761548,100.19,37.603644041545635,-16.9,12.120000000000001
296.044,11,-35.3530332,149.17616809999998,100.164,37.73221210738737,-17.330000000000002,11.76
296.144,11,-35.3530491,149.17618099999999,100.135,37.92011744164359,-17.77,11.39
296.244,11,-35.3530654,149.1761934,100.107,38.12387564496341,-18.19,10.99
296.344,11,-35.3530819,149.1762053,100.084,38.30024820480607,-18.61,10.58
296.444,11,-35.3530987,149.1762167,100.062,38.45060798919473,-19.02,10.15
296.544,11,-35.3531159,149.1762276,100.047,38.535568712280515,-19.41,9.69
296.644,11,-35.3531334,149.17623799999998,100.035,38.480247595098,-19.8,9.22
296.744,11,-35.3531513,149.1762478,100.028,38.35288505764477,-20.17,8.74
296.844,11,-35.3531694,149.1762571,100.025,38.21244270793097,-20.52,8.24
296.944,11,-35.3531879,149.1762659,100.028,38.04252809194856,-20.85,7.74
297.044,11,-35.3532066,149.1762741,100.034,37.891167684846494,-21.16,7.24
297.144,11,-35.353225699999996,149.1762818,100.042,37.78895390391725,-21.44,6.75
297.244,11,-35.353245,149.176289,100.049,37.720474427298704,-21.7,6.26
297.344,11,-35.3532645,149.1762956,100.053,37.68167212262386,-21.95,5.78
297.445,11,-35.3532842,149.17630169999998,100.054,37.70483670919396,-22.18,5.3
297.545,11,-35.3533043,149.1763073,100.051,37.822449151606996,-22.400000000000002,4.8
297.645,11,-35.3533245,149.1763123,100.043,38.00964414618954,-22.62,4.3100000000000005
297.745,11,-35.3533451,149.1763169,100.025,38.26157225863087,-22.830000000000002,3.79
297.844,11,-35.3533658,149.17632079999998,100.005,38.52367052274635,-23.04,3.25
297.944,11,-35.3533869,149.17632419999998,99.98,38.768864068666055,-23.25,2.7
298.044,11,-35.353408,149.1763269,99.95400000000001,39.05669507047956,-23.44,2.14
298.144,11,-35.353429399999996,149.17632899999998,99.929,39.38109490510932,-23.63,1.55
298.244,11,-35.3534509,149.17633039999998,99.907,39.656313962620395,-23.8,0.93
298.344,11,-35.3534724,149.1763311,99.895,39.8935127721166,-23.95,0.28
298.444,11,-35.353494,149.1763311,99.89,40.08035601195689,-24.080000000000002,-0.36
298.544,11,-35.3535156,149.1763305,99.895,40.14807392248298,-24.18,-1.0
298.644,11,-35.3535373,149.17632899999998,99.905,40.17365981111384,-24.25,-1.6500000000000001
298.744,11,-35.353559,149.1763269,99.919,40.14124031821838,-24.3,-2.3000000000000003
298.844,11,-35.353580799999996,149.176324,99.936,40.03068004612338,-24.330000000000002,-2.94
298.944,11,-35.3536025,149.1763205,99.955,39.90981301857084,-24.330000000000002,-3.5700000000000003
299.044,11,-35.3536243,149.1763162,99.976,39.78125861310744,-24.310000000000002,-4.18
299.144,11,-35.353646,149.17631129999998,99.996,39.51893836784393,-24.27,-4.79
299.244,11,-35.353667699999995,149.1763058,100.014,39.14201096340219,-24.21,-5.38
299.344,11,-35.3536894,149.1762996,100.031,38.703034705445475,-24.14,-5.95
299.444,11,-35.353711,149.1762928,100.044,38.20829336801018,-24.05,-6.49
299.545,11,-35.3537325,149.17628539999998,100.055,37.796371489355884,-23.95,-7.0200000000000005
299.645,11,-35.353754099999996,149.1762774,100.061,37.52421235659297,-23.830000000000002,-7.54
299.745,11,-35.3537757,149.1762688,100.061,37.41271976367627,-23.72,-8.040000000000001
299.845,11,-35.3537971,149.17625959999998,100.056,37.4666270317006,-23.6,-8.540000000000001
299.944,11,-35.353818499999996,149.1762499,100.043,37.65807381904147,-23.47,-9.05
300.044,11,-35.3538397,149.17623949999998,100.026,37.96382040704792,-23.31,-9.58
300.144,11,-35.3538608,149.1762286,100.008,38.366627398254835,-23.14,-10.14
300.244,11,-35.353881699999995,149.17621699999998,99.992,38.822289808353894,-22.95,-10.72
300.344,11,-35.3539025,149.1762048,99.976,39.316187617426685,-22.740000000000002,-11.31
300.444,11,-35.353923,149.1761919,99.964,39.766652253567365,-22.5,-11.92
300.544,11,-35.353943099999995,149.1761785,99.95700000000001,40.06118367095666,-22.23,-12.51
300.644,11,-35.3539629,149.1761644,99.952,40.29421606505915,-21.94,-13.11
300.744,11,-35.3539824,149.1761498,99.95400000000001,40.40331467667177,-21.62,-13.71
300.844,11,-35.3540016,149.1761344,99.96000000000001,40.427493546333615,-21.28,-14.290000000000001
300.944,11,-35.354020399999996,149.1761185,99.973,40.390125581384474,-20.93,-14.85
301.044,11,-35.354039,149.1761019,99.988,40.290066725138374,-20.56,-15.38
301.144,11,-35.3540572,149.1760849,100.007,40.09106233348088,-20.18,-15.89
301.244,11,-35.354075,149.1760672,100.028,39.873332978213796,-19.8,-16.37
301.344,11,-35.3540925,149.176049,100.05,39.58176586292429,-19.42,-16.82
301.444,11,-35.354109699999995,149.1760304,100.072,39.334099788525045,-19.03,-17.25
301.544,11,-35.3541266,149.1760113,100.092,39.13997215193494,-18.63,-17.66
301.645,11,-35.3541431,149.1759916,100.10900000000001,38.982430423634014,-18.23,-18.06
301.745,11,-35.3541595,149.1759713,100.12,38.8930334926823,-17.830000000000002,-18.44
301.845,11,-35.354175399999995,149.1759506,100.126,38.88250817117131,-17.42,-18.81
301.945,11,-35.3541911,149.1759295,100.125,38.946148458762906,-17.01,-19.18
302.044,11,-35.3542063,149.175908,100.118,39.035094597229396,-16.59,-19.54
302.144,11,-35.3542212,149.17588609999999,100.10600000000001,39.225482705248915,-16.15,-19.89
302.244,11,-35.354235599999996,149.1758638,100.092,39.466018062154674,-15.700000000000001,-20.25
302.344,11,-35.3542497,149.17584109999999,100.075,39.71706166509849,-15.22,-20.6
302.444,11,-35.3542632,149.175818,100.057,39.98133875955921,-14.71,-20.96
302.544,11,-35.3542762,149.1757948,100.043,40.22621470168251,-14.16,-21.31
302.644,11,-35.3542887,149.17577119999999,100.031,40.41657207385076,-13.59,-21.64
302.744,11,-35.3543005,149.17574729999998,100.024,40.52166136442058,-13.0,-21.96
302.844,11,-35.3543119,149.1757231,100.023,40.46278513377507,-12.4,-22.26
302.944,11,-35.3543227,149.1756986,100.029,40.263931006279314,-11.790000000000001,-22.54
303.044,11,-35.354333,149.1756738,100.04,39.95380626701489,-11.19,-22.79
303.144,11,-35.3543427,149.17564869999998,100.055,39.52506163243485,-10.6,-23.0
303.244,11,-35.3543519,149.1756234,100.071,39.07376712831001,-10.03,-23.18
303.344,11,-35.3543606,149.17559799999998,100.087,38.619617605112104,-9.48,-23.34
303.444,11,-35.354368799999996,149.1755723,100.102,38.25707116396783,-8.93,-23.48
303.544,11,-35.3543766,149.1755465,100.114,37.979075634559145,-8.39,-23.6
303.644,11,-35.354383899999995,149.1755206,100.123,37.782680375164595,-7.86,-23.7
303.745,11,-35.354390699999996,149.17549459999998,100.127,37.6793396130223,-7.3500000000000005,-23.79
303.845,11,-35.3543971,149.1754681,100.122,37.67525857499322,-6.83,-23.86
303.945,11,-35.3544031,149.1754416,100.10900000000001,37.77343571412298,-6.3100000000000005,-23.94
304.045,11,-35.3544086,149.17541509999998,100.09,38.00798782531581,-5.79,-24.0
304.144,11,-35.3544136,149.17538829999998,100.06700000000001,38.354012038857825,-5.25,-24.07
304.244,11,-35.3544181,149.17536149999998,100.041,38.76746046479162,-4.67,-24.12
304.344,11,-35.3544221,149.17533459999999,100.016,39.207789100204,-4.07,-24.16
304.444,11,-35.3544255,149.17530779999998,99.991,39.63950828216758,-3.43,-24.19
304.544,11,-35.354428299999995,149.1752808,99.96900000000001,39.985276363615725,-2.7800000000000002,-24.19
304.644,11,-35.3544306,149.175254,99.952,40.269743497263,-2.11,-24.18
304.744,11,-35.3544322,149.17522739999998,99.943,40.524079251386766,-1.43,-24.13
304.844,11,-35.3544331,149.1752009,99.93900000000001,40.67274173376668,-0.74,-24.060000000000002
304.944,11,-35.3544335,149.1751746,99.944,40.681627809876865,-0.06,-23.96
305.044,11,-35.3544333,149.17514839999998,99.955,40.49589789087129,0.59,-23.84
305.144,11,-35.3544324,149.1751224,99.96900000000001,39.657942962737444,1.25,-23.69
305.244,11,-35.354431,149.1750965,99.988,37.040624718072316,1.87,-23.53
305.344,11,-35.3544291,149.17507089999998,100.016,31.988869958863727,2.39,-23.35
305.444,11,-35.3544268,149.1750454,100.055,24.749571240587432,2.75,-23.18
305.544,11,-35.3544244,149.17502009999998,100.113,16.306479001853067,2.87,-23.03
305.644,11,-35.3544218,149.1749949,100.176,7.684072953064711,2.8000000000000003,-22.92
305.744,11,-35.3544195,149.17496979999999,100.227,-0.19555237136228476,2.6,-22.86
305.845,11,-35.3544173,149.17494449999998,100.247,-6.5791686189573815,2.37,-22.830000000000002
305.945,11,-35.3544153,149.1749192,100.22,-11.050417062870121,2.17,-22.81
306.045,11,-35.3544135,149.1748939,100.151,-13.638232305415382,1.99,-22.81
306.144,11,-35.3544118,149.1748686,100.048,-14.590831104994244,1.82,-22.84
306.244,11,-35.3544103,149.1748432,99.933,-14.322001689451712,1.6500000000000001,-22.88
306.344,11,-35.354408899999996,149.17481759999998,99.819,-13.319263324949432,1.48,-22.95
306.444,11,-35.354407699999996,149.1747921,99.721,-12.099686091093112,1.32,-23.01
306.544,11,-35.3544067,149.1747665,99.65,-11.010403253391248,1.16,-23.07
306.644,11,-35.3544057,149.1747408,99.60600000000001,-10.17667877367458,1.0,-23.12
306.744,11,-35.354405,149.1747153,99.59400000000001,-9.601843222937136,0.84,-23.16
306.844,11,-35.3544043,149.17468979999998,99.602,-9.126904311453007,0.68,-23.18
306.944,11,-35.3544039,149.17466439999998,99.622,-8.59626606106107,0.55,-23.19
307.044,11,-35.3544035,149.17463899999998,99.645,-7.946271962470453,0.45,-23.2
307.144,11,-35.3544031,149.1746136,99.66,-7.156203490607568,0.38,-23.21
307.244,11,-35.3544029,149.1745881,99.665,-6.26316564813851,0.33,-23.22
307.344,11,-35.3544026,149.1745627,99.655,-5.315558009295635,0.29,-23.23
307.444,11,-35.3544024,149.1745373,99.63,-4.436849476818439,0.26,-23.240000000000002
307.544,11,-35.354402199999996,149.1745118,99.593,-3.682935757553371,0.24,-23.25
307.644,11,-35.354402,149.17448629999998,99.548,-3.098079465529873,0.22,-23.28
307.744,11,-35.3544019,149.1744608,99.502,-2.674988946922134,0.19,-23.3
307.844,11,-35.3544017,149.1744353,99.462,-2.4091857320687406,0.17,-23.330000000000002
307.945,11,-35.354401599999996,149.1744095,99.433,-2.2448592780444616,0.14,-23.35
308.045,11,-35.3544015,149.1743838,99.415,-2.158966020693555,0.11,-23.38
308.145,11,-35.3544014,149.1743578,99.41,-2.1260005395513115,0.08,-23.400000000000002
308.244,11,-35.3544014,149.1743319,99.412,-2.0591325606900637,0.05,-23.43
308.344,11,-35.3544013,149.17430579999998,99.42,-1.9499639396384572,0.03,-23.46
308.444,11,-35.3544013,149.1742798,99.427,-1.822292976455521,0.0,-23.48
308.544,11,-35.3544013,149.1742536,99.431,-1.5908614079397476,0.0,-23.51
308.644,11,-35.3544013,149.1742275,99.429,-1.3844272645691633,-0.02,-23.54
308.744,11,-35.3544013,149.1742013,99.42,-1.1283613381512696,-0.03,-23.57
308.844,11,-35.3544013,149.17417519999998,99.409,-0.8788800342583856,-0.03,-23.59
308.944,11,-35.3544013,149.1741492,99.396,-0.6691345298008143,-0.03,-23.6
309.044,11,-35.3544014,149.1741233,99.386,-0.5131127320336246,-0.03,-23.62
309.144,11,-35.3544014,149.1740974,99.383,-0.41217726369623403,-0.04,-23.62
309.244,11,-35.3544014,149.1740716,99.385,-0.37770388489257806,-0.04,-23.63
309.344,11,-35.3544014,149.1740458,99.394,-0.4266468860507738,-0.04,-23.63
309.444,11,-35.3544015,149.1740199,99.406,-0.4090748370287408,-0.04,-23.63
309.544,11,-35.3544015,149.1739941,99.421,-0.3434029416850385,-0.04,-23.63
309.644,11,-35.3544015,149.17396829999998,99.436,-0.29496750895953927,-0.04,-23.63
309.744,11,-35.3544015,149.1739424,99.45,-0.25229857016252916,-0.04,-23.63
309.844,11,-35.3544015,149.17391659999998,99.46000000000001,-0.1967631291143753,-0.04,-23.64
309.945,11,-35.354401599999996,149.1738907,99.465,-0.14694430293747088,-0.04,-23.64
310.045,11,-35.354401599999996,149.17386449999998,99.46600000000001,-0.1327571329174949,-0.04,-23.650000000000002
310.145,11,-35.354401599999996,149.1738384,99.464,-0.17170559296840504,-0.04,-23.66
310.245,11,-35.354401599999996,149.1738122,99.46000000000001,-0.19542514574878003,-0.03,-23.68
310.344,11,-35.354401599999996,149.17378589999998,99.45700000000001,-0.24620926975447768,-0.03,-23.7
310.444,11,-35.354401599999996,149.17375959999998,99.45700000000001,-0.28576727082795855,-0.03,-23.72
310.544,11,-35.354401599999996,149.1737332,99.461,-0.26984204444783916,-0.02,-23.740000000000002
310.644,11,-35.354401599999996,149.1737068,99.471,-0.23708427042547287,-0.02,-23.76
310.744,11,-35.354401599999996,149.1736804,99.48400000000001,-0.19189779326950482,-0.01,-23.78
310.844,11,-35.354401599999996,149.1736541,99.499,-0.17391713351646113,-0.01,-23.79
310.944,11,-35.354401599999996,149.17362789999999,99.516,-0.2156072741888967,-0.01,-23.79
311.044,11,-35.354401599999996,149.1736018,99.531,-0.28310189622606685,-0.01,-23.8
311.144,11,-35.354401599999996,149.17357579999998,99.543,-0.35258455687896034,-0.01,-23.8
311.244,11,-35.354401599999996,149.1735497,99.554,-0.3805295021357006,-0.01,-23.8
311.344,11,-35.354401599999996,149.1735237,99.56400000000001,-0.4009737524254297,-0.01,-23.79
311.444,11,-35.354401599999996,149.17349769999998,99.571,-0.46104609326891166,-0.01,-23.79
311.544,11,-35.354401599999996,149.1734717,99.578,-0.5583167382297674,-0.02,-23.79
311.644,11,-35.354401599999996,149.1734457,99.584,-0.5920172651205804,-0.03,-23.79
311.744,11,-35.354401599999996,149.17341969999998,99.589,-0.6118535752133255,-0.03,-23.79
311.844,11,-35.3544017,149.1733936,99.59400000000001,-0.5696821196478157,-0.04,-23.78
311.944,11,-35.3544017,149.1733676,99.602,-0.5199888648979762,-0.05,-23.78
312.045,11,-35.3544017,149.1733415,99.61,-0.4420353822920919,-0.05,-23.78
312.145,11,-35.3544018,149.173315,99.618,-0.37493045456358265,-0.05,-23.79
312.245,11,-35.3544018,149.1732886,99.624,-0.2825355508139112,-0.05,-23.8
312.345,11,-35.3544018,149.17326219999998,99.629,-0.20582981837138375,-0.05,-23.81
312.444,11,-35.3544019,149.1732358,99.633,-0.2039534240001211,-0.04,-23.82
312.544,11,-35.3544019,149.1732093,99.638,-0.20725680763960075,-0.04,-23.84
312.644,11,-35.354402,149.1731829,99.643,-0.17171347703441964,-0.04,-23.85
312.744,11,-35.354402,149.17315639999998,99.647,-0.15205284420960405,-0.04,-23.86
312.844,11,-35.354402,149.1731299,99.65,-0.13028226990063632,-0.04,-23.87
312.944,11,-35.3544021,149.17310369999998,99.653,-0.12685064679144706,-0.04,-23.87
313.044,11,-35.3544021,149.17307739999998,99.656,-0.14884864505543505,-0.04,-23.87
313.144,11,-35.3544021,149.1730513,99.661,-0.17395990224005303,-0.04,-23.87
313.244,11,-35.354402199999996,149.1730251,99.666,-0.20290010744448464,-0.05,-23.87
313.344,11,-35.3544023,149.1729991,99.674,-0.20355215038638286,-0.05,-23.86
313.444,11,-35.3544023,149.17297299999998,99.686,-0.16577979021361075,-0.06,-23.85
313.544,11,-35.3544024,149.1729469,99.70100000000001,-0.09038744845360258,-0.06,-23.84
313.644,11,-35.3544024,149.17292079999999,99.715,-0.02608158927637611,-0.06,-23.830000000000002
313.744,11,-35.3544025,149.1728948,99.727,0.024223384285842572,-0.05,-23.82
313.844,11,-35.3544026,149.17286869999998,99.73700000000001,0.043321235202959565,-0.05,-23.82
313.944,11,-35.3544026,149.1728426,99.743,0.05789125600221325,-0.06,-23.81
314.044,11,-35.3544027,149.17281649999998,99.746,0.05167307579421744,-0.06,-23.81
314.145,11,-35.354402799999995,149.1727904,99.746,0.05758237670525529,-0.06,-23.81
314.245,11,-35.354402799999995,149.172764,99.742,0.10657132155778995,-0.05,-23.82
314.345,11,-35.3544029,149.1727376,99.738,0.17741212263845813,-0.04,-23.830000000000002
314.445,11,-35.3544029,149.17271119999998,99.735,0.22255733851492845,-0.04,-23.84
314.544,11,-35.354403,149.1726847,99.73700000000001,0.25771021441929487,-0.04,-23.86
314.644,11,-35.354403,149.1726582,99.743,0.40165530391897647,-0.05,-23.87
314.744,11,-35.3544031,149.1726316,99.753,0.8419573656266189,-0.05,-23.88
314.844,11,-35.3544032,149.1726051,99.765,1.8325303628043124,-0.04,-23.89
314.944,11,-35.3544032,149.1725785,99.78,3.3953653701453823,0.0,-23.89
315.044,11,-35.3544032,149.172552,99.794,5.482416115624461,0.08,-23.88
315.144,11,-35.354403,149.1725257,99.807,7.9693477565813415,0.21,-23.86
315.244,11,-35.3544029,149.1724995,99.816,10.583008434945931,0.38,-23.82
315.344,11,-35.3544025,149.1724735,99.822,13.155336223548188,0.58,-23.77
315.444,11,-35.3544018,149.17244739999998,99.82600000000001,15.50292944411587,0.8200000000000001,-23.72
315.544,11,-35.354400999999996,149.17242149999998,99.82900000000001,17.45959251866964,1.07,-23.67
315.644,11,-35.3543999,149.17239569999998,99.828,19.03718521692958,1.35,-23.61
315.744,11,-35.354398599999996,149.1723699,99.82600000000001,20.22337392480194,1.6300000000000001,-23.55
315.844,11,-35.354397,149.1723441,99.82600000000001,20.996525725637994,1.92,-23.48
315.944,11,-35.3543951,149.1723185,99.827,21.572548021743728,2.22,-23.41
316.044,11,-35.354393,149.1722929,99.83200000000001,22.16235022449996,2.5300000000000002,-23.34
316.144,11,-35.354390599999995,149.17226739999998,99.84100000000001,22.933840581820412,2.84,-23.25
316.245,11,-35.3543879,149.1722419,99.851,24.015336150094814,3.16,-23.16
316.345,11,-35.3543848,149.17221609999999,99.86200000000001,25.438860271246778,3.5,-23.06
316.445,11,-35.354381499999995,149.1721906,99.869,27.195870086171904,3.86,-22.96
316.544,11,-35.3543778,149.1721652,99.876,29.110624827525772,4.2700000000000005,-22.830000000000002
316.644,11,-35.3543737,149.17213999999998,99.882,31.123331311766787,4.7,-22.69
316.744,11,-35.3543692,149.1721148,99.886,33.19351042277888,5.18,-22.52
316.844,11,-35.3543642,149.1720899,99.892,35.16817275334292,5.7,-22.330000000000002
316.944,11,-35.3543588,149.1720652,99.903,36.957057353577206,6.26,-22.1
317.044,11,-35.3543528,149.17204089999998,99.915,38.50616816299819,6.8500000000000005,-21.84
317.144,11,-35.3543464,149.17201699999998,99.931,39.794263293287145,7.46,-21.54
317.244,11,-35.3543394,149.17199349999999,99.95,40.773463118362265,8.08,-21.21
317.344,11,-35.3543318,149.1719705,99.97800000000001,41.53083888976289,8.72,-20.830000000000002
317.444,11,-35.3543237,149.1719479,100.012,42.06809132459234,9.35,-20.42
317.544,11,-35.3543151,149.1719259,100.055,42.409091933999804,9.96,-19.98
317.644,11,-35.3543058,149.1719043,100.105,42.53434052790492,10.55,-19.51
317.744,11,-35.3542961,149.1718832,100.163,42.58259922948564,11.11,-19.02
317.844,11,-35.3542859,149.1718627,100.22500000000001,42.56989507762942,11.620000000000001,-18.54
317.944,12,-35.3542753,149.17184269999998,100.29,42.5422703775313,12.09,-18.05
318.044,12,-35.354264199999996,149.1718232,100.355,42.56360105830925,12.530000000000001,-17.57
318.144,12,-35.3542528,149.1718042,100.418,42.597707607929706,12.93,-17.080000000000002
318.244,12,-35.354241,149.17178579999998,100.473,42.64466174337896,13.3,-16.6
318.345,12,-35.3542288,149.1717677,100.522,42.6871557653002,13.65,-16.12
318.445,12,-35.3542164,149.17175029999999,100.562,42.73095093825832,14.0,-15.620000000000001
318.545,12,-35.3542036,149.1717332,100.596,42.81014698168462,14.34,-15.1
318.644,12,-35.3541904,149.17171679999998,100.624,42.942942934622586,14.67,-14.56
318.744,12,-35.3541769,149.1717009,100.646,43.13912304305828,15.0,-14.0
318.844,12,-35.354163199999995,149.17168569999998,100.663,43.427015516574315,15.31,-13.41
318.944,12,-35.3541491,149.1716711,100.677,43.75395618157532,15.620000000000001,-12.81
319.044,12,-35.3541348,149.1716572,100.68900000000001,44.08016601633513,15.92,-12.16
319.144,12,-35.3541202,149.171644,100.7,44.35547045121083,16.2,-11.49
319.244,12,-35.3541054,149.1716317,100.714,44.51470265133134,16.47,-10.790000000000001
319.344,12,-35.3540905,149.1716202,100.73100000000001,44.64753275521516,16.7,-10.08
319.444,12,-35.3540754,149.1716095,100.749,44.716336665819284,16.91,-9.36
319.544,12,-35.3540602,149.17159959999998,100.771,44.65356381225228,17.080000000000002,-8.64
319.644,12,-35.3540449,149.1715906,100.794,44.524811331302956,17.23,-7.92
319.744,12,-35.354029499999996,149.17158229999998,100.821,44.28040667223239,17.34,-7.2
319.844,12,-35.354014,149.1715748,100.846,43.991609198651325,17.42,-6.51
319.944,12,-35.3539984,149.1715681,100.871,43.68188402545334,17.48,-5.83
320.044,12,-35.3539828,149.1715621,100.892,43.308860074122265,17.5,-5.18
320.144,12,-35.3539671,149.1715568,100.908,42.95816401118796,17.51,-4.54
320.244,12,-35.3539515,149.17155219999998,100.919,42.632828440641916,17.5,-3.93
320.344,12,-35.353935899999996,149.1715482,100.924,42.39529495187638,17.46,-3.31
320.445,12,-35.353920099999996,149.1715449,100.925,42.24688518649576,17.41,-2.69
320.545,12,-35.3539044,149.1715423,100.921,42.25270792276319,17.35,-2.08
320.645,12,-35.3538888,149.1715403,100.913,42.2732292261245,17.28,-1.47
320.744,12,-35.3538731,149.171539,100.897,42.325507494031775,17.2,-0.85
320.844,12,-35.3538576,149.1715384,100.875,42.38400123408376,17.09,-0.22
320.944,12,-35.353842199999995,149.1715386,100.85000000000001,42.474904221747465,16.98,0.4
321.044,12,-35.3538268,149.1715394,100.822,42.471454976216606,16.84,1.05
321.144,12,-35.3538116,149.1715409,100.791,42.34604245777142,16.69,1.7
321.244,12,-35.353796599999995,149.1715432,100.761,42.083534382305736,16.5,2.35
321.344,12,-35.3537819,149.1715461,100.73700000000001,41.71326299721017,16.28,3.0100000000000002
321.444,12,-35.353767399999995,149.17154969999999,100.718,41.33569697008104,16.04,3.65
321.544,12,-35.3537532,149.17155409999998,100.70700000000001,40.952007678360985,15.77,4.28
321.644,12,-35.3537392,149.1715591,100.70100000000001,40.60667331392514,15.49,4.88
321.744,12,-35.3537256,149.1715648,100.7,40.265962987557394,15.19,5.46
321.844,12,-35.3537122,149.1715711,100.70100000000001,39.940429341525416,14.88,5.99
321.944,12,-35.3536991,149.1715779,100.7,39.55171303057624,14.57,6.49
322.044,12,-35.3536862,149.1715853,100.696,39.09675412996169,14.26,6.96
322.144,12,-35.3536736,149.1715932,100.686,38.58846852740226,13.950000000000001,7.41
322.244,12,-35.3536613,149.1716016,100.671,38.02565069450946,13.64,7.83
322.344,12,-35.3536493,149.1716104,100.649,37.548090697931336,13.33,8.23
322.445,12,-35.3536375,149.17161959999999,100.621,37.21692897602327,13.02,8.620000000000001
322.545,12,-35.3536259,149.1716294,100.58500000000001,37.0553198700716,12.69,9.02
322.645,12,-35.3536147,149.1716396,100.546,37.05027236027496,12.35,9.42
322.745,12,-35.3536037,149.17165029999998,100.501,37.1042206094343,12.01,9.82
322.844,12,-35.353593,149.1716614,100.452,37.1561300471264,11.65,10.22
322.944,12,-35.353582599999996,149.171673,100.402,37.23770982657303,11.27,10.63
323.044,12,-35.3535725,149.1716851,100.35300000000001,37.35374108019321,10.870000000000001,11.05
323.144,12,-35.3535628,149.17169769999998,100.308,37.556765038177254,10.450000000000001,11.47
323.244,12,-35.3535536,149.1717107,100.266,37.74547974985012,10.01,11.88
323.344,12,-35.3535448,149.1717241,100.23,37.855377493595626,9.55,12.280000000000001
323.444,12,-35.353536399999996,149.1717378,100.199,37.81411973591416,9.09,12.67
323.544,12,-35.353528499999996,149.171752,100.173,37.64560189361703,8.61,13.05
323.644,12,-35.353521,149.17176659999998,100.153,37.406968744395115,8.120000000000001,13.41
323.744,12,-35.353513899999996,149.17178149999998,100.136,37.19919438984333,7.640000000000001,13.73
323.844,12,-35.3535073,149.1717967,100.123,36.98958612949939,7.15,14.030000000000001
323.944,12,-35.353501099999995,149.1718123,100.113,36.77401852910462,6.67,14.31
324.044,12,-35.3534954,149.1718282,100.105,36.60496793205222,6.2,14.57
324.144,12,-35.35349,149.1718443,100.096,36.46989411102605,5.73,14.81
324.244,12,-35.3534851,149.1718608,100.086,36.36919663209255,5.26,15.040000000000001
324.344,12,-35.3534806,149.1718774,100.07000000000001,36.27760379532268,4.79,15.25
324.444,12,-35.3534765,149.1718943,100.052,36.17875388255967,4.32,15.46
324.545,12,-35.3534729,149.1719115,100.03,36.14234555918892,3.84,15.65
324.645,12,-35.3534696,149.171929,100.006,36.120669953857885,3.34,15.83
324.745,12,-35.3534668,149.1719467,99.979,36.20967073383773,2.85,16.01
324.845,12,-35.3534645,149.1719646,99.953,36.4255593531235,2.33,16.18
324.944,12,-35.3534626,149.1719828,99.925,36.740567677644485,1.8,16.35
325.044,12,-35.3534612,149.1720011,99.898,37.14621261245154,1.25,16.5
325.144,12,-35.353460399999996,149.1720196,99.872,37.61636526887479,0.68,16.65
325.244,12,-35.35346,149.1720382,99.85000000000001,38.09019939726066,0.09,16.79
325.344,12,-35.3534602,149.1720571,99.82900000000001,38.46495480154634,-0.51,16.91
325.444,12,-35.353460999999996,149.17207589999998,99.813,38.74749240675309,-1.1400000000000001,17.02
325.544,12,-35.3534623,149.1720948,99.802,38.82738171438014,-1.78,17.1
325.644,12,-35.3534641,149.17211369999998,99.799,38.747560708644784,-2.43,17.16
325.744,12,-35.3534666,149.1721325,99.805,38.56476094079315,-3.06,17.2
325.844,12,-35.3534696,149.1721514,99.819,38.32128177235512,-3.68,17.21
325.944,12,-35.353473199999996,149.1721703,99.83800000000001,38.04369605429663,-4.26,17.19
326.044,12,-35.3534772,149.1721891,99.858,37.75943041122987,-4.82,17.16
326.144,12,-35.3534818,149.1722079,99.875,37.55814132129501,-5.36,17.11
326.244,12,-35.3534868,149.17222669999998,99.89,37.4269948590416,-5.89,17.05
326.344,12,-35.3534923,149.1722453,99.901,37.425345368357036,-6.41,16.97
326.444,12,-35.3534983,149.1722639,99.907,37.527125432273984,-6.93,16.89
326.544,12,-35.353504699999995,149.1722824,99.906,37.71902642719466,-7.44,16.79
326.645,12,-35.3535117,149.1723008,99.902,38.00275931550616,-7.98,16.68
326.745,12,-35.3535192,149.1723194,99.891,38.36452711508505,-8.53,16.56
326.845,12,-35.353527199999995,149.17233769999999,99.88,38.7698339555282,-9.09,16.42
326.945,12,-35.3535357,149.17235589999999,99.866,39.196522703168064,-9.69,16.27
327.044,12,-35.3535447,149.1723739,99.854,39.63748654617326,-10.3,16.09
327.144,12,-35.3535544,149.1723917,99.84400000000001,40.055842463025705,-10.93,15.89
327.244,12,-35.3535646,149.1724093,99.836,40.35951267352448,-11.55,15.67
327.344,12,-35.3535754,149.1724266,99.83200000000001,40.515240986600766,-12.18,15.42
327.444,12,-35.3535867,149.17244359999998,99.834,40.437701264048194,-12.790000000000001,15.16
327.544,12,-35.353598399999996,149.1724601,99.843,40.23101973976361,-13.38,14.870000000000001
327.644,12,-35.3536107,149.1724763,99.857,39.889981564315704,-13.950000000000001,14.56
327.744,12,-35.3536234,149.1724921,99.875,39.54539852068856,-14.48,14.24
327.844,12,-35.3536366,149.1725075,99.896,39.20523119435983,-14.99,13.91
327.944,12,-35.3536502,149.17252249999999,99.92,38.88311947310203,-15.48,13.57
328.044,12,-35.3536642,149.1725372,99.946,38.65269962635706,-15.93,13.22
328.144,12,-35.353678599999995,149.1725515,99.97,38.44679674363786,-16.36,12.870000000000001
328.244,12,-35.3536934,149.1725653,99.991,38.35642651072942,-16.76,12.51
328.344,12,-35.3537086,149.1725788,100.005,38.39072089055205,-17.150000000000002,12.16
328.444,12,-35.3537241,149.17259199999998,100.012,38.5209725980242,-17.53,11.790000000000001
328.544,12,-35.3537399,149.1726047,100.013,38.710267875776516,-17.92,11.41
328.644,12,-35.3537561,149.172617,100.011,38.96673123382674,-18.31,11.0
328.745,12,-35.3537728,149.1726289,100.005,39.30137635221151,-18.71,10.57
328.845,12,-35.3537898,149.17264029999998,99.996,39.72643951482892,-19.12,10.120000000000001
328.945,12,-35.3538073,149.1726512,99.983,40.11883388264615,-19.54,9.64
329.044,12,-35.3538251,149.1726617,99.97,40.48059485203588,-19.96,9.13
329.144,12,-35.353843399999995,149.1726715,99.956,40.75082445635826,-20.37,8.6
329.244,12,-35.3538621,149.1726808,99.947,40.91462946812809,-20.78,8.05
329.344,12,-35.3538812,149.1726894,99.94500000000001,40.96797324554589,-21.17,7.48
329.444,12,-35.3539005,149.1726974,99.95100000000001,40.95037184805477,-21.54,6.9
329.544,12,-35.3539202,149.1727047,99.96000000000001,40.859308350945575,-21.88,6.33
329.644,12,-35.3539402,149.1727114,99.973,40.67539867735381,-22.19,5.76
329.744,12,-35.353960199999996,149.1727175,99.989,40.404226506925966,-22.46,5.19
329.844,12,-35.3539805,149.1727229,100.005,40.086380238804836,-22.71,4.63
329.944,12,-35.354000899999996,149.1727277,100.023,39.766102423339184,-22.93,4.07
330.044,12,-35.3540215,149.17273179999998,100.041,39.47096994930293,-23.12,3.5100000000000002
330.144,12,-35.354042199999995,149.1727353,100.058,39.133678132614776,-23.29,2.96
330.244,12,-35.3540631,149.1727383,100.07300000000001,38.78166384317066,-23.44,2.42
330.344,12,-35.354084,149.1727407,100.086,38.40754023138321,-23.57,1.9000000000000001
330.444,12,-35.3541051,149.1727424,100.096,38.084769396870506,-23.68,1.37
330.544,12,-35.3541263,149.17274369999998,100.101,37.872548589169035,-23.78,0.84
330.644,12,-35.354147499999996,149.1727443,100.099,37.75928014706813,-23.86,0.32
330.744,12,-35.3541689,149.1727444,100.093,37.79784339512202,-23.94,-0.2
330.845,12,-35.3541905,149.1727439,100.083,37.94751333040451,-24.0,-0.74
330.945,12,-35.3542122,149.1727427,100.066,38.25180508811775,-24.07,-1.29
331.045,12,-35.354234,149.1727411,100.046,38.59115962193525,-24.12,-1.86
331.144,12,-35.3542558,149.1727387,100.02,38.94798236455505,-24.17,-2.45
331.244,12,-35.3542777,149.17273559999998,99.996,39.34671514792206,-24.21,-3.08
331.344,12,-35.3542997,149.1727319,99.97500000000001,39.741698157434726,-24.23,-3.73
331.444,12,-35.3543216,149.17272739999999,99.958,40.084898087754944,-24.23,-4.4
331.544,12,-35.3543436,149.1727221,99.946,40.364792409752894,-24.21,-5.07
331.644,12,-35.3543655,149.1727161,99.941,40.485724324102556,-24.17,-5.74
331.744,12,-35.3543871,149.1727094,99.943,40.50204847621889,-24.1,-6.4
331.844,12,-35.3544087,149.172702,99.949,40.37632859926104,-24.01,-7.05
331.944,12,-35.35443,149.172694,99.96000000000001,40.23804117423038,-23.88,-7.68
332.044,12,-35.3544513,149.1726852,99.973,40.02624383825746,-23.740000000000002,-8.3
332.144,12,-35.3544724,149.17267579999998,99.991,39.76816172537394,-23.59,-8.9
332.244,12,-35.3544933,149.1726658,100.008,39.51280827306385,-23.41,-9.47
332.344,12,-35.354514099999996,149.1726551,100.026,39.27606367114745,-23.23,-10.02
332.444,12,-35.354534699999995,149.1726438,100.04,39.06429024083662,-23.03,-10.56
332.544,12,-35.3545552,149.172632,100.049,38.9048565501356,-22.82,-11.08
332.644,12,-35.354575499999996,149.1726196,100.055,38.77743595607442,-22.6,-11.59
332.744,12,-35.354595499999995,149.1726067,100.057,38.68872887422888,-22.37,-12.07
332.845,12,-35.3546154,149.1725932,100.055,38.67162608054717,-22.13,-12.57
332.945,12,-35.3546352,149.17257899999998,100.05,38.662251645911326,-21.86,-13.07
333.045,12,-35.3546547,149.1725644,100.042,38.6325573984947,-21.580000000000002,-13.58
333.145,12,-35.354673999999996,149.1725491,100.03,38.57556630006011,-21.29,-14.09
333.244,12,-35.3546931,149.1725332,100.019,38.50721659703579,-20.98,-14.59
333.344,12,-35.354712,149.1725167,100.008,38.46497529211385,-20.66,-15.1
333.444,12,-35.354730599999996,149.17249959999998,99.999,38.02186335461469,-20.32,-15.6
333.544,12,-35.354748799999996,149.172482,99.989,36.790639794449845,-19.98,-16.07
333.644,12,-35.3547668,149.172464,99.98100000000001,34.7120697960424,-19.650000000000002,-16.48
333.744,12,-35.3547843,149.1724457,99.98400000000001,32.29599966017711,-19.34,-16.830000000000002
333.844,12,-35.3548015,149.172427,99.994,29.985780380974088,-19.04,-17.11
333.944,12,-35.3548184,149.17240809999998,100.01,27.73940287994318,-18.76,-17.34
334.044,12,-35.354835099999995,149.17238899999998,100.027,25.31116988471339,-18.5,-17.53
334.144,12,-35.354851499999995,149.17236979999998,100.039,22.688358460408274,-18.28,-17.66
334.244,12,-35.3548678,149.1723504,100.045,20.193370611325367,-18.1,-17.76
334.344,12,-35.3548839,149.17233099999999,100.04,18.381859301918123,-17.95,-17.82
334.444,12,-35.3548999,149.1723115,100.022,17.762675332899786,-17.81,-17.87
334.544,12,-35.3549158,149.172292,99.991,18.398830614458312,-17.650000000000002,-17.96
334.644,12,-35.3549315,149.1722723,99.94800000000001,19.89414343888169,-17.45,-18.09
334.744,12,-35.3549471,149.1722524,99.893,21.673047425191296,-17.22,-18.27
334.844,12,-35.3549624,149.1722323,99.831,23.47719749822056,-16.97,-18.490000000000002
334.945,12,-35.3549775,149.17221189999998,99.767,25.42806174216899,-16.68,-18.73
335.045,12,-35.3549925,149.172191,99.706,27.34593446487896,-16.36,-19.03
335.145,12,-35.3550071,149.17216969999998,99.654,28.924502172642924,-15.99,-19.36
335.245,12,-35.3550214,149.1721481,99.613,30.004228721922292,-15.6,-19.71
335.344,12,-35.3550354,149.172126,99.583,30.64095944691839,-15.200000000000001,-20.05
335.444,12,-35.355049,149.1721035,99.56700000000001,30.906588918834775,-14.8,-20.38
335.544,12,-35.3550623,149.17208069999998,99.563,30.981458037421866,-14.4,-20.7
335.644,12,-35.3550752,149.1720575,99.569,30.965762262709177,-14.01,-20.990000000000002
335.744,12,-35.3550877,149.172034,99.581,30.939588977809688,-13.64,-21.25
335.844,12,-35.3550999,149.17201029999998,99.595,30.973856036875645,-13.27,-21.490000000000002
335.944,12,-35.3551117,149.1719865,99.61,31.17278871154685,-12.91,-21.71
336.044,12,-35.3551231,149.1719625,99.622,31.541359379539077,-12.540000000000001,-21.92
336.144,12,-35.355134199999995,149.1719384,99.628,31.999446506793493,-12.15,-22.12
336.244,12,-35.3551449,149.171914,99.63,32.51473988344135,-11.75,-22.32
336.344,12,-35.3551552,149.1718895,99.629,32.9816789358601,-11.33,-22.52
336.444,12,-35.3551651,149.1718647,99.623,33.43333544001095,-10.89,-22.71
336.544,12,-35.3551746,149.1718398,99.616,33.94191474070468,-10.44,-22.900000000000002
336.644,12,-35.3551837,149.1718146,99.608,34.50508432833975,-9.96,-23.09
336.744,12,-35.3551924,149.1717893,99.60300000000001,35.10980878688517,-9.44,-23.27
336.844,12,-35.355200599999996,149.17176369999999,99.602,35.76643585293351,-8.92,-23.45
336.944,12,-35.3552083,149.17173789999998,99.607,36.49423690522797,-8.38,-23.61
337.045,12,-35.3552156,149.1717119,99.61500000000001,37.193030144117394,-7.8,-23.77
337.145,12,-35.355222399999995,149.17168519999998,99.625,37.76232982653254,-7.23,-23.92
337.245,12,-35.3552286,149.1716587,99.636,38.242778993129576,-6.640000000000001,-24.060000000000002
337.345,12,-35.3552344,149.1716319,99.648,38.67999306228044,-6.04,-24.18
337.444,12,-35.355239499999996,149.171605,99.664,39.076581166248054,-5.41,-24.28
337.544,12,-35.3552441,149.1715779,99.683,39.36387599821172,-4.79,-24.37
337.644,12,-35.3552482,149.1715508,99.70400000000001,39.53650219929462,-4.17,-24.43
337.744,12,-35.355251599999995,149.1715236,99.727,39.6712993976594,-3.5300000000000002,-24.48
337.844,12,-35.3552545,149.1714965,99.753,39.73653794951678,-2.89,-24.490000000000002
337.944,12,-35.3552568,149.1714696,99.785,39.80332012412658,-2.27,-24.48
338.044,12,-35.3552586,149.1714427,99.818,39.85541397692627,-1.6500000000000001,-24.44
338.144,12,-35.3552598,149.171416,99.851,39.895893093042346,-1.04,-24.37
338.244,12,-35.3552604,149.1713893,99.883,39.94418253047434,-0.44,-24.29
338.344,12,-35.3552605,149.1713629,99.912,39.964683343268135,0.13,-24.19
338.444,12,-35.355260099999995,149.1713365,99.936,39.9775377592861,0.71,-24.07
338.544,12,-35.3552592,149.1713103,99.96000000000001,40.02504855515271,1.29,-23.93
338.644,12,-35.3552579,149.1712842,99.982,40.10537840998123,1.87,-23.78
338.744,12,-35.355255899999996,149.1712583,100.002,40.1954446994716,2.45,-23.6
338.844,12,-35.355253399999995,149.1712326,100.02,40.35726895638213,3.02,-23.41
338.944,12,-35.3552505,149.1712071,100.037,40.57453385878565,3.59,-23.21
339.044,12,-35.355247,149.1711818,100.053,40.80965287567958,4.16,-22.990000000000002
339.145,12,-35.355243,149.1711568,100.06400000000001,41.012704154420305,4.73,-22.75
339.245,12,-35.3552384,149.1711317,100.07300000000001,41.25072941680608,5.3,-22.490000000000002
339.345,12,-35.355233399999996,149.171107,100.078,41.486592924319545,5.88,-22.22
339.445,12,-35.3552278,149.1710826,100.083,41.689791052127426,6.47,-21.92
339.544,12,-35.3552216,149.1710584,100.08800000000001,41.85948710205639,7.07,-21.6
339.644,12,-35.3552149,149.17103459999998,100.096,42.00046903671463,7.65,-21.26
339.744,12,-35.3552077,149.17101119999998,100.10300000000001,42.07545085342302,8.24,-20.89
339.844,12,-35.355199999999996,149.1709883,100.11500000000001,42.0495132100499,8.82,-20.51
339.944,12,-35.3551917,149.17096569999998,100.131,41.966171241797404,9.370000000000001,-20.1
340.044,12,-35.355183,149.17094369999998,100.149,41.826200175136336,9.89,-19.69
340.144,12,-35.3551739,149.1709223,100.169,41.59395325278839,10.38,-19.26
340.244,12,-35.3551644,149.1709014,100.19,41.35463708464948,10.84,-18.82
340.344,12,-35.3551545,149.1708811,100.212,41.110208519916824,11.28,-18.37
340.444,12,-35.3551442,149.1708612,100.23100000000001,40.84566504807847,11.700000000000001,-17.900000000000002
340.544,12,-35.355133599999995,149.170842,100.25,40.58974469006726,12.09,-17.44
340.644,12,-35.355122699999995,149.1708232,100.266,40.41660622479661,12.46,-16.98
340.744,12,-35.3551114,149.1708049,100.28,40.28038151689529,12.81,-16.51
340.844,12,-35.3550998,149.17078709999998,100.287,40.14454271468208,13.14,-16.03
340.944,12,-35.355087999999995,149.17076989999998,100.288,40.08353888011011,13.46,-15.56
341.044,12,-35.355075899999996,149.1707532,100.284,40.12420241133378,13.77,-15.07
341.144,12,-35.3550634,149.170737,100.277,40.247156061677764,14.08,-14.55
341.245,12,-35.3550506,149.1707212,100.268,40.44606141559229,14.39,-14.01
341.345,12,-35.3550375,149.1707061,100.255,40.60874969143283,14.700000000000001,-13.450000000000001
341.445,12,-35.3550241,149.1706915,100.242,40.614989069239634,15.0,-12.88
341.544,12,-35.3550104,149.1706776,100.229,40.54218266778188,15.280000000000001,-12.31
341.644,12,-35.3549964,149.1706643,100.21600000000001,40.36209448503074,15.55,-11.73
341.744,12,-35.354982199999995,149.17065159999999,100.203,40.09602788100748,15.8,-11.15
341.844,12,-35.3549678,149.1706396,100.193,39.79554395375652,16.02,-10.57
341.944,12,-35.3549532,149.17062819999998,100.185,39.54423738852966,16.22,-9.99
342.044,12,-35.354938499999996,149.1706174,100.181,39.34904765752362,16.4,-9.41
342.144,12,-35.3549237,149.1706074,100.18,39.19372915579753,16.55,-8.83
342.244,12,-35.3549088,149.1705981,100.175,39.06077269341406,16.68,-8.27
342.344,12,-35.3548939,149.1705893,100.171,38.948426326851106,16.79,-7.7
342.444,12,-35.354878899999996,149.1705812,100.164,38.86650162285139,16.89,-7.140000000000001
342.544,12,-35.3548639,149.1705738,100.156,38.873355717683495,16.97,-6.57
342.644,12,-35.3548487,149.17056689999998,100.146,38.96325125244462,17.04,-6.0
342.744,12,-35.3548335,149.17056069999998,100.137,39.09467092226483,17.080000000000002,-5.41
342.844,12,-35.3548183,149.1705551,100.126,39.14551485044641,17.12,-4.8
342.944,12,-35.3548031,149.17055019999998,100.117,39.10685256464955,17.14,-4.19
343.044,12,-35.3547878,149.170546,100.108,39.00998682184043,17.14,-3.58
343.144,12,-35.354772499999996,149.1705424,100.102,38.79922425952676,17.12,-2.97
343.244,12,-35.3547572,149.1705395,100.09700000000001,38.501253841890374,17.09,-2.37
343.345,12,-35.3547419,149.17053719999998,100.09400000000001,38.26467316451406,17.04,-1.79
343.445,12,-35.3547267,149.1705355,100.093,38.112158455442255,16.97,-1.21
343.545,12,-35.3547114,149.1705345,100.089,38.06047099889818,16.9,-0.65
343.644,12,-35.3546962,149.1705341,100.084,38.05337443235054,16.81,-0.1
343.744,12,-35.354681,149.17053429999999,100.077,38.073926471563105,16.71,0.44
343.844,12,-35.3546659,149.1705351,100.071,38.09272998234815,16.59,1.0
343.944,12,-35.354650899999996,149.1705364,100.063,38.02475593972819,16.46,1.56
344.044,12,-35.3546361,149.1705385,100.058,37.90374889329765,16.31,2.12
344.144,12,-35.3546214,149.17054109999998,100.052,37.73978678717692,16.16,2.66
344.244,12,-35.3546069,149.17054439999998,100.046,37.607154758779025,15.98,3.2
344.344,12,-35.3545926,149.17054819999998,100.042,37.55759149106682,15.790000000000001,3.72
344.444,12,-35.354578599999996,149.17055249999999,100.038,37.54502735808859,15.59,4.22
344.544,12,-35.3545648,149.1705574,100.031,37.6091184381654,15.38,4.72
344.644,12,-35.3545511,149.1705628,100.023,37.74724535375057,15.15,5.22
344.744,12,-35.3545377,149.17056879999998,100.014,37.958632878373294,14.89,5.73
344.844,12,-35.3545246,149.1705753,100.003,38.19366310280802,14.620000000000001,6.24
344.944,12,-35.354511699999996,149.1705824,99.993,38.45657757452932,14.34,6.75
345.044,12,-35.354499,149.17059,99.982,38.62645462447129,14.040000000000001,7.26
345.144,12,-35.354486699999995,149.1705982,99.973,38.64468781446064,13.72,7.7700000000000005
345.244,12,-35.354474599999996,149.170607,99.96600000000001,38.55966561967232,13.39,8.27
345.345,12,-35.3544628,149.1706163,99.962,38.45146859303015,13.040000000000001,8.76
345.445,12,-35.3544512,149.17062629999998,99.96000000000001,38.405651684077704,12.68,9.24
345.545,12,-35.354439899999996,149.17063679999998,99.958,38.372692606237806,12.31,9.71
345.645,12,-35.354428999999996,149.17064779999998,99.959,38.32955996162917,11.93,10.16
345.744,12,-35.3544184,149.17065929999998,99.959,38.31967326280558,11.540000000000001,10.6
345.844,12,-35.3544082,149.17067129999998,99.959,38.277988618300995,11.14,11.02
345.944,12,-35.3543982,149.1706838,99.95700000000001,38.128926569854634,10.74,11.44
346.044,12,-35.3543887,149.17069669999998,99.956,37.89534093042937,10.32,11.83
346.144,12,-35.3543796,149.17071009999998,99.955,37.6515748940462,9.9,12.200000000000001
346.244,12,-35.3543708,149.1707238,99.95100000000001,37.50242063804605,9.47,12.56
346.344,12,-35.3543625,149.17073779999998,99.95,37.40456110271269,9.03,12.9
346.444,12,-35.3543546,149.17075219999998,99.949,37.38150579916931,8.59,13.22
346.544,12,-35.3543472,149.1707668,99.949,37.48576522175497,8.14,13.530000000000001
346.644,12,-35.3543401,149.1707818,99.947,37.68128621693575,7.68,13.82
346.744,12,-35.354333499999996,149.170797,99.946,37.93265425386515,7.2,14.11
346.844,12,-35.3543273,149.1708126,99.944,38.29220224196379,6.7,14.4
346.944,12,-35.3543215,149.1708284,99.94200000000001,38.58184324390735,6.18,14.68
347.044,12,-35.3543163,149.17084459999998,99.937,38.77159614433406,5.66,14.950000000000001
347.144,12,-35.3543115,149.1708611,99.933,38.87865935957401,5.11,15.22
347.244,12,-35.3543072,149.1708779,99.931,38.92230085327581,4.54,15.47
347.344,12,-35.3543034,149.170895,99.932,38.855966056056644,3.98,15.71
347.445,12,-35.354300099999996,149.1709123,99.934,38.75149148251213,3.42,15.92
347.545,12,-35.3542973,149.1709302,99.936,38.70633710190918,2.85,16.12
347.645,12,-35.354295,149.1709482,99.93900000000001,38.7067639887323,2.29,16.3
347.745,12,-35.3542931,149.1709664,99.94,38.72178698981174,1.74,16.47
347.844,12,-35.3542918,149.1709847,99.93900000000001,38.754124520437166,1.18,16.61
347.944,12,-35.354290999999996,149.1710033,99.936,38.80581880717041,0.61,16.75
348.044,12,-35.3542907,149.1710219,99.934,38.78708701337165,0.03,16.87
348.144,12,-35.354290999999996,149.1710407,99.933,38.690880383817436,-0.53,16.97
348.244,12,-35.3542917,149.1710596,99.93,38.528335541949474,-1.11,17.06
348.344,12,-35.354293,149.1710784,99.929,38.34360283056272,-1.68,17.12
348.444,12,-35.3542947,149.1710972,99.929,38.23444274724758,-2.2600000000000002,17.16
348.544,12,-35.354296999999995,149.1711159,99.933,38.21935485937102,-2.84,17.18
348.644,12,-35.3542997,149.1711348,99.938,38.2661655608477,-3.42,17.18
348.744,12,-35.354303,149.1711535,99.944,38.338060132051254,-3.99,17.17
348.844,12,-35.354306799999996,149.1711723,99.947,38.510515578404906,-4.5600000000000005,17.150000000000002
348.944,12,-35.3543111,149.1711909,99.95100000000001,38.76140208699782,-5.15,17.11
349.044,12,-35.354316,149.1712096,99.956,39.02971240816343,-5.75,17.05
349.144,12,-35.354321399999996,149.1712282,99.961,39.267829878103,-6.34,16.97
349.244,12,-35.3543273,149.17124669999998,99.965,39.458101872906624,-6.93,16.88
349.344,12,-35.3543338,149.1712651,99.97,39.58603473115555,-7.5200000000000005,16.77
349.444,12,-35.354340799999996,149.1712834,99.976,39.59374259963391,-8.120000000000001,16.65
349.545,12,-35.3543483,149.1713015,99.983,39.47394449668647,-8.71,16.5
349.645,12,-35.3543564,149.1713197,99.991,39.23717598910798,-9.290000000000001,16.34
349.745,12,-35.354365099999995,149.17133769999998,99.997,39.01664284118661,-9.870000000000001,16.17
349.845,12,-35.354374199999995,149.1713555,100.003,38.86761152859152,-10.43,15.99
349.944,12,-35.354383999999996,149.1713732,100.006,38.81500882669866,-10.98,15.790000000000001
350.044,12,-35.3543942,149.1713906,100.008,38.83484369604838,-11.52,15.57
350.144,12,-35.3544049,149.1714078,100.008,38.89130545482229,-12.06,15.34
350.244,12,-35.354416,149.1714247,100.006,38.978001045957264,-12.6,15.1
350.344,12,-35.354427699999995,149.1714413,100.004,39.097911847026005,-13.13,14.84
350.444,12,-35.3544398,149.1714576,100.001,39.24313191406423,-13.65,14.57
350.544,12,-35.3544523,149.1714735,99.999,39.37339045172554,-14.16,14.280000000000001
350.644,12,-35.3544652,149.17148899999998,99.996,39.521759235971146,-14.68,13.96
350.744,12,-35.3544785,149.1715041,99.996,39.653732151114134,-15.18,13.63
350.844,12,-35.3544923,149.1715188,99.995,39.73050006229049,-15.69,13.27
350.944,12,-35.3545065,149.1715331,99.996,39.830118371335125,-16.18,12.9
351.044,12,-35.3545212,149.171547,99.999,39.98255111813689,-16.68,12.5
351.144,12,-35.3545363,149.1715604,100.007,40.082377747951206,-17.16,12.08
351.244,12,-35.354551799999996,149.1715734,100.017,40.103059560758005,-17.64,11.66
351.344,12,-35.3545677,149.1715859,100.028,39.96613817356135,-18.09,11.22
351.444,12,-35.3545841,149.1715979,100.042,39.66975577490698,-18.52,10.78
351.544,12,-35.3546008,149.1716094,100.055,39.262140330524375,-18.92,10.34
351.645,12,-35.3546179,149.1716205,100.06700000000001,38.87236875534843,-19.3,9.89
351.745,12,-35.354635699999996,149.1716313,100.077,38.51595240898424,-19.66,9.44
351.845,12,-35.3546536,149.1716415,100.084,38.23461350197683,-20.0,9.0
351.944,12,-35.3546718,149.17165119999999,100.08800000000001,38.12602373945738,-20.32,8.56
352.044,12,-35.354690399999996,149.17166039999998,100.08800000000001,38.16840847835189,-20.63,8.120000000000001
352.144,12,-35.354709199999995,149.1716692,100.083,38.27246299526245,-20.93,7.66
352.244,12,-35.3547283,149.1716774,100.074,38.41536079798288,-21.22,7.19
352.344,12,-35.354747599999996,149.17168519999998,100.062,38.57670352655692,-21.51,6.71
352.444,12,-35.3547672,149.1716923,100.047,38.835530130059965,-21.79,6.22
352.544,12,-35.3547868,149.1716989,100.032,39.11448871614163,-22.06,5.7
352.644,12,-35.3548067,149.17170489999998,100.014,39.4161747566865,-22.32,5.16
352.744,12,-35.3548267,149.1717102,99.999,39.700853626198054,-22.57,4.6000000000000005
352.844,12,-35.354847,149.17171489999998,99.986,39.96756226800329,-22.82,4.0
352.944,12,-35.354867399999996,149.1717189,99.97800000000001,40.24139821220744,-23.05,3.39
353.044,12,-35.3548881,149.1717223,99.97500000000001,40.434747207232164,-23.27,2.7600000000000002
353.144,12,-35.3549089,149.1717249,99.98,40.566969424279854,-23.46,2.11
353.244,12,-35.3549299,149.17172689999998,99.988,40.6410530711124,-23.63,1.48
353.344,12,-35.354951,149.1717281,100.001,40.59255189781614,-23.78,0.85
353.444,12,-35.3549723,149.1717287,100.015,40.34640212541264,-23.900000000000002,0.22
353.544,12,-35.3549937,149.1717285,100.032,39.905742225825506,-24.0,-0.39
353.644,12,-35.3550152,149.17172779999999,100.049,39.281688331928954,-24.080000000000002,-0.98
353.745,12,-35.3550369,149.17172639999998,100.068,38.07410064138694,-24.13,-1.58
353.845,12,-35.3550585,149.1717244,100.084,35.20863820908066,-24.16,-2.14
353.945,12,-35.3550803,149.1717217,100.10000000000001,29.930257773211057,-24.16,-2.63
354.044,12,-35.355102099999996,149.1717186,100.126,22.54781707295151,-24.12,-2.96
354.144,12,-35.355123899999995,149.1717152,100.166,14.00616947336209,-24.03,-3.09
354.244,12,-35.3551456,149.1717118,100.21000000000001,5.256688181952471,-23.91,-3.0300000000000002
354.344,12,-35.3551672,149.1717086,100.241,-2.717009551356522,-23.8,-2.84
354.444,12,-35.3551887,149.1717056,100.241,-9.233093262479196,-23.71,-2.63
354.544,12,-35.3552102,149.17170289999999,100.2,-13.892001153838036,-23.63,-2.42
354.644,12,-35.355231499999995,149.1717004,100.124,-16.637633893571966,-23.57,-2.22
354.744,12,-35.3552526,149.17169819999998,100.023,-17.68029471377297,-23.52,-2.0
354.844,12,-35.3552737,149.17169619999999,99.911,-17.436894092510396,-23.490000000000002,-1.78
354.944,12,-35.3552946,149.1716945,99.81,-16.52659038559319,-23.47,-1.53
355.044,12,-35.3553156,149.1716931,99.726,-15.3983080215042,-23.45,-1.29
355.144,12,-35.3553365,149.17169189999998,99.673,-14.322994628202302,-23.41,-1.05
355.244,12,-35.355357399999995,149.17169099999998,99.648,-13.33624659032067,-23.38,-0.8300000000000001
355.344,12,-35.3553782,149.1716904,99.65,-12.397694928543585,-23.34,-0.62
355.444,12,-35.355399,149.1716899,99.665,-11.413956442764988,-23.29,-0.45
355.544,12,-35.3554198,149.17168959999998,99.687,-10.331519162158768,-23.25,-0.32
355.644,12,-35.3554405,149.1716894,99.70700000000001,-9.134728293147257,-23.23,-0.21
355.744,12,-35.3554613,149.1716893,99.717,-7.802828598390077,-23.21,-0.14
355.845,12,-35.3554823,149.1716893,99.714,-6.440255804730839,-23.2,-0.09
355.945,12,-35.3555032,149.1716893,99.693,-5.203022958756859,-23.21,-0.04
356.045,12,-35.3555242,149.1716894,99.66,-4.093335357796404,-23.22,-0.01
356.144,12,-35.3555452,149.17168949999999,99.618,-3.1591195854818075,-23.240000000000002,0.01
356.244,12,-35.3555663,149.17168959999998,99.57300000000001,-2.4613530094020057,-23.26,0.03
356.344,12,-35.3555874,149.1716897,99.533,-1.9186645977668737,-23.29,0.06
356.444,12,-35.3556086,149.1716898,99.501,-1.5410959025950943,-23.31,0.08
356.544,12,-35.3556297,149.17168999999998,99.48100000000001,-1.2469087694286554,-23.330000000000002,0.09
356.644,12,-35.3556509,149.1716901,99.47,-1.0271208591787555,-23.35,0.11
356.744,12,-35.3556719,149.1716902,99.46900000000001,-0.8682313424555126,-23.36,0.12
356.844,12,-35.3556928,149.1716904,99.474,-0.7210477561134665,-23.37,0.14
356.944,12,-35.355713699999995,149.1716906,99.482,-0.5361129138159666,-23.37,0.15
357.044,12,-35.3557347,149.1716908,99.49000000000001,-0.3376246016472077,-23.38,0.15
357.144,12,-35.3557555,149.1716909,99.494,-0.17302754139770662,-23.38,0.15
357.244,12,-35.355776399999996,149.1716911,99.495,0.027837576550617506,-23.39,0.14
357.344,12,-35.3557973,149.1716913,99.492,0.19423706635916807,-23.400000000000002,0.14
357.444,12,-35.3558182,149.1716914,99.48400000000001,0.3325404329446323,-23.41,0.13
357.544,12,-35.3558391,149.1716916,99.474,0.43527376181804367,-23.42,0.13
357.644,12,-35.3558601,149.1716917,99.461,0.5172208240151228,-23.43,0.13
357.744,12,-35.3558811,149.1716918,99.45,0.5403458168323761,-23.44,0.12
357.845,12,-35.3559021,149.171692,99.44200000000001,0.5417631878068596,-23.46,0.12
357.945,12,-35.3559232,149.1716921,99.438,0.5533881697742213,-23.47,0.11
358.045,12,-35.3559443,149.1716922,99.43900000000001,0.573687065100676,-23.490000000000002,0.1
358.145,12,-35.3559656,149.1716923,99.44800000000001,0.5973307254080272,-23.51,0.09
358.244,12,-35.3559868,149.17169239999998,99.462,0.5843434408663654,-23.53,0.08
358.344,12,-35.3560082,149.17169239999998,99.48,0.5466047247113408,-23.55,0.07
358.444,12,-35.3560296,149.1716925,99.497,0.5175343190258559,-23.56,0.07
358.544,12,-35.356051,149.1716925,99.51,0.5350597840233152,-23.59,0.06
358.644,12,-35.356072399999995,149.1716926,99.518,0.5328500577442574,-23.61,0.05
358.744,12,-35.3560936,149.1716926,99.521,0.5138729641047588,-23.62,0.05
358.844,12,-35.3561149,149.1716926,99.52,0.46377011144813024,-23.63,0.04
358.944,12,-35.356136,149.1716926,99.519,0.3835501266157123,-23.64,0.04
359.044,12,-35.3561572,149.1716927,99.517,0.33998459208800574,-23.650000000000002,0.04
359.144,12,-35.3561784,149.1716927,99.517,0.2985008245141251,-23.650000000000002,0.04
359.244,12,-35.356199499999995,149.1716927,99.521,0.2534508444198515,-23.66,0.04
359.344,12,-35.3562207,149.1716927,99.529,0.21845982532251582,-23.67,0.04
359.444,12,-35.3562418,149.1716927,99.54,0.22794080824136786,-23.67,0.04
359.544,12,-35.356263,149.1716927,99.552,0.20466960668719397,-23.67,0.03
359.644,12,-35.3562842,149.1716927,99.56400000000001,0.18420634659362253,-23.67,0.03
359.744,12,-35.356305299999995,149.1716927,99.57900000000001,0.20198970459310278,-23.67,0.03
359.844,12,-35.3563265,149.1716927,99.59400000000001,0.20119786955684407,-23.68,0.03
359.945,12,-35.3563477,149.1716927,99.60900000000001,0.17568947422458686,-23.68,0.03
360.045,12,-35.356369199999996,149.1716927,99.623,0.17212929148057063,-23.68,0.02
360.145,12,-35.3563906,149.1716927,99.635,0.14947108606419213,-23.69,0.01
360.245,12,-35.356412,149.1716927,99.645,0.1521500276629313,-23.71,0.01
360.344,12,-35.3564335,149.1716927,99.652,0.14936868658749483,-23.72,0.01
360.444,12,-35.356455,149.1716926,99.657,0.09931640667919348,-23.740000000000002,0.0
360.544,12,-35.3564766,149.1716926,99.661,0.0149799788917999,-23.76,0.0
360.644,12,-35.356498099999996,149.1716926,99.666,-0.04090434875276675,-23.78,0.0
360.744,12,-35.3565197,149.1716926,99.673,-0.06648791618653377,-23.79,0.01
360.844,12,-35.356541199999995,149.1716926,99.68,-0.10012057474257653,-23.8,0.01
360.944,12,-35.356562499999995,149.1716925,99.688,-0.13370021929127235,-23.81,0.01
361.044,12,-35.3565839,149.1716925,99.696,-0.1624274213111774,-23.81,0.01
361.144,12,-35.356605099999996,149.1716925,99.705,-0.1894166203317919,-23.81,0.01
361.244,12,-35.356626399999996,149.1716925,99.717,-0.1855510400864688,-23.81,0.02
361.344,12,-35.356647599999995,149.1716925,99.729,-0.192701341012973,-23.8,0.02
361.444,12,-35.356668899999995,149.1716925,99.74000000000001,-0.15248753505746512,-23.8,0.02
361.544,12,-35.3566901,149.1716925,99.752,-0.11557319071874941,-23.79,0.02
361.644,12,-35.3567113,149.1716925,99.763,-0.11419438630069276,-23.79,0.03
361.744,12,-35.3567325,149.1716925,99.774,-0.06650173664743247,-23.78,0.03
361.844,12,-35.3567537,149.1716925,99.784,-0.0648421941122111,-23.78,0.03
361.944,12,-35.3567749,149.1716925,99.794,-0.044563235734417624,-23.78,0.03
362.045,12,-35.3567962,149.1716925,99.803,-0.07457967598080226,-23.79,0.03
362.145,12,-35.3568178,149.1716925,99.809,-0.09335266435799387,-23.79,0.03
362.245,12,-35.3568393,149.1716925,99.811,-0.101004864126575,-23.8,0.03
362.345,12,-35.3568608,149.1716926,99.811,-0.11463161178906613,-23.82,0.03
362.444,12,-35.356882399999996,149.1716926,99.813,-0.12705217739260208,-23.830000000000002,0.03
362.544,12,-35.356904,149.1716926,99.818,-0.09797085941270096,-23.84,0.03
362.644,12,-35.356925499999996,149.1716926,99.822,-0.035844772733267416,-23.85,0.03
362.744,12,-35.3569471,149.1716926,99.827,0.019078085723700938,-23.86,0.02
362.844,12,-35.356968699999996,149.1716926,99.83200000000001,0.08391278930618751,-23.87,0.02
362.944,12,-35.3569901,149.1716926,99.83800000000001,0.10412505995808079,-23.87,0.01
363.044,12,-35.3570115,149.1716926,99.845,0.12255856658918161,-23.87,0.0
363.144,12,-35.3570327,149.1716925,99.852,0.1016363764803235,-23.86,0.0
363.244,12,-35.357054,149.1716925,99.86200000000001,0.02990210794895964,-23.86,0.0
363.344,12,-35.3570753,149.1716925,99.873,-0.08661437591687217,-23.84,0.0
363.444,12,-35.3570965,149.1716925,99.884,-0.20565795640443596,-23.830000000000002,-0.01
363.544,12,-35.357117699999996,149.1716925,99.89,-0.29540936350190095,-23.82,-0.01
363.644,12,-35.357139,149.17169239999998,99.893,-0.3238988295819646,-23.81,-0.01
363.744,12,-35.357160199999996,149.17169239999998,99.893,-0.35584277055646796,-23.81,0.0
363.844,12,-35.3571814,149.17169239999998,99.89,-0.41445209021581847,-23.81,0.0
363.944,12,-35.3572026,149.17169239999998,99.884,-0.46416813004984214,-23.81,0.0
364.044,12,-35.3572239,149.17169239999998,99.876,-0.48221807887036444,-23.81,0.01
364.145,12,-35.3572452,149.17169239999998,99.867,-0.4927953738520697,-23.81,0.02
364.245,12,-35.3572667,149.17169239999998,99.85900000000001,-0.5070887719899378,-23.81,0.02
364.345,12,-35.3572881,149.17169239999998,99.855,-0.4729480180627762,-23.830000000000002,0.03
364.444,12,-35.3573097,149.17169239999998,99.857,-0.43050226103298156,-23.84,0.03
364.544,12,-35.3573312,149.17169239999998,99.86200000000001,-0.3595481748616263,-23.86,0.04
364.644,12,-35.3573528,149.17169239999998,99.869,-0.308501315356508,-23.87,0.04
364.744,12,-35.3573745,149.1716925,99.878,-0.3009610266366519,-23.88,0.05
364.844,12,-35.357396099999995,149.1716925,99.887,-0.2894568002793819,-23.89,0.05
364.944,12,-35.3574177,149.1716926,99.897,-0.2414254692928242,-23.900000000000002,0.05
365.044,12,-35.357439299999996,149.1716926,99.907,-0.11838049184911721,-23.900000000000002,0.06
365.144,12,-35.3574607,149.1716927,99.916,-0.025035856631956746,-23.900000000000002,0.05
365.244,12,-35.3574822,149.1716927,99.922,0.024301047672171717,-23.900000000000002,0.05
365.344,12,-35.3575035,149.1716928,99.926,0.020165820029451914,-23.89,0.05
365.444,12,-35.3575248,149.1716928,99.928,0.07264377091835321,-23.88,0.04
365.544,12,-35.3575461,149.1716928,99.93,0.11453541551151737,-23.88,0.04
365.644,12,-35.3575674,149.17169289999998,99.933,0.1318817081051829,-23.87,0.04
365.744,12,-35.3575886,149.17169289999998,99.937,0.15374446328751937,-23.86,0.04
365.844,12,-35.3576099,149.17169289999998,99.941,0.10094525338378946,-23.85,0.04
365.944,12,-35.3576312,149.17169289999998,99.947,0.08899224891349525,-23.84,0.04
366.044,12,-35.3576524,149.171693,99.952,0.06946790637706918,-23.84,0.04
366.144,12,-35.3576737,149.171693,99.95400000000001,0.09014703780101004,-23.84,0.04
366.245,12,-35.357695199999995,149.171693,99.953,0.08628581313530415,-23.84,0.04
366.345,12,-35.3577167,149.1716931,99.95,0.10557125246323182,-23.86,0.03
366.445,12,-35.3577382,149.1716931,99.946,0.132830824255337,-23.87,0.03
366.544,12,-35.3577598,149.1716931,99.93900000000001,0.13248159081338043,-23.88,0.03
366.644,12,-35.3577814,149.1716931,99.933,0.09892820647441346,-23.89,0.02
366.744,12,-35.3578031,149.1716931,99.929,0.11932584605914251,-23.91,0.02
366.844,12,-35.3578247,149.1716931,99.928,0.10894584616089414,-23.91,0.03
366.944,12,-35.3578464,149.1716932,99.929,0.08475475686373703,-23.92,0.03
367.044,12,-35.357867999999996,149.1716932,99.931,0.05407852301157181,-23.93,0.03
367.144,12,-35.3578894,149.1716932,99.936,0.021147229500764815,-23.92,0.03
367.244,12,-35.3579108,149.1716933,99.94,0.042681231803494826,-23.91,0.03
367.344,12,-35.3579322,149.1716933,99.944,0.07659024621665865,-23.900000000000002,0.03
367.444,12,-35.3579535,149.1716933,99.947,0.051525222876017164,-23.89,0.03
367.544,12,-35.3579748,149.1716933,99.95,0.02726657873910039,-23.88,0.03
367.644,12,-35.3579961,149.17169339999998,99.953,0.0370437944327753,-23.88,0.02
367.744,12,-35.3580173,149.17169339999998,99.95400000000001,0.05480971010346688,-23.87,0.02
367.844,12,-35.3580386,149.17169339999998,99.956,0.09144043150390847,-23.86,0.01
367.944,12,-35.3580598,149.17169339999998,99.95700000000001,0.1077249164962213,-23.85,0.01
368.044,12,-35.3580811,149.17169339999998,99.955,0.13960350376614677,-23.85,0.0
368.144,12,-35.3581024,149.17169339999998,99.952,0.12563630052199962,-23.85,0.0
368.244,12,-35.3581237,149.17169339999998,99.947,0.12774549495421128,-23.84,0.01
368.345,12,-35.358145199999996,149.17169339999998,99.944,0.1332961709131838,-23.84,0.01
368.445,12,-35.358166499999996,149.17169339999998,99.943,0.11903780417523838,-23.85,0.01
368.545,12,-35.3581881,149.17169339999998,99.944,0.08738796821154883,-23.86,0.01
368.644,12,-35.358209599999995,149.17169339999998,99.94500000000001,0.04393851688425277,-23.87,0.01
368.744,12,-35.3582312,149.17169339999998,99.947,0.0001244171729325364,-23.88,0.01
368.844,12,-35.358252799999995,149.17169339999998,99.94800000000001,-0.0185005478726514,-23.89,0.01
368.944,12,-35.3582745,149.17169339999998,99.95100000000001,-0.05250131627236083,-23.900000000000002,0.0
369.044,12,-35.3582961,149.17169339999998,99.955,-0.042449182129539596,-23.92,0.0
369.144,12,-35.3583176,149.17169339999998,99.959,-0.0579805086987796,-23.92,0.0
369.244,12,-35.358339099999995,149.17169339999998,99.961,-0.07517150120021328,-23.92,0.0
369.344,12,-35.358360399999995,149.17169339999998,99.964,-0.07797976282593312,-23.91,0.0
369.444,12,-35.3583818,149.17169339999998,99.96600000000001,-0.06116134246948908,-23.91,0.0
369.544,12,-35.3584032,149.17169339999998,99.967,-0.03731150583172807,-23.91,0.0
369.644,12,-35.3584246,149.17169339999998,99.967,0.011420598228103656,-23.91,0.0
369.744,12,-35.3584459,149.1716935,99.967,0.02904222448505206,-23.900000000000002,0.0
369.844,12,-35.3584672,149.1716935,99.965,0.03447899503342271,-23.900000000000002,-0.01
369.944,12,-35.3584886,149.1716935,99.96300000000001,0.020397357772724726,-23.900000000000002,-0.01
370.044,12,-35.3585099,149.1716935,99.96000000000001,-0.06840398435192069,-23.89,-0.02
370.144,12,-35.358531299999996,149.17169339999998,99.956,-0.22525947874446187,-23.89,-0.02
370.244,12,-35.358552599999996,149.17169339999998,99.95100000000001,-0.595373662767407,-23.89,-0.02
370.345,12,-35.358574,149.17169339999998,99.947,-1.3880330708424011,-23.89,-0.01
370.445,12,-35.3585956,149.17169339999998,99.94800000000001,-2.7262665921160045,-23.88,0.02
370.545,12,-35.3586172,149.17169339999998,99.95100000000001,-4.60905476749374,-23.88,0.09
370.645,12,-35.3586387,149.1716935,99.956,-6.872732283918645,-23.86,0.19
370.744,12,-35.3586604,149.17169379999999,99.96300000000001,-9.361132842433902,-23.85,0.34
370.844,12,-35.358682,149.17169429999998,99.96900000000001,-11.896955831243378,-23.82,0.53
370.944,12,-35.3587036,149.171695,99.974,-14.263399520146649,-23.8,0.75
371.044,12,-35.3587251,149.171696,99.976,-16.315795379880964,-23.76,0.99
371.144,12,-35.358746599999996,149.17169719999998,99.97200000000001,-18.010426784663657,-23.72,1.25
371.244,12,-35.3587681,149.1716988,99.964,-19.330056898350556,-23.68,1.53
371.344,12,-35.3587893,149.17170059999998,99.95700000000001,-20.285958948166765,-23.61,1.82
371.444,12,-35.358810399999996,149.1717028,99.95400000000001,-20.952368552653862,-23.55,2.12
371.544,12,-35.3588314,149.17170529999999,99.958,-21.54877725588479,-23.47,2.43
371.644,12,-35.358852299999995,149.17170819999998,99.968,-22.290809007314976,-23.38,2.73
371.744,12,-35.3588731,149.1717114,99.98400000000001,-23.287480456286993,-23.29,3.0500000000000003
371.844,12,-35.3588939,149.17171489999998,100.0,-24.581150728485966,-23.19,3.37
371.944,12,-35.3589145,149.17171879999998,100.015,-26.110016857207032,-23.07,3.71
372.044,12,-35.358934999999995,149.17172309999998,100.026,-27.81112157377561,-22.95,4.08
372.144,12,-35.3589554,149.17172779999999,100.032,-29.605840863108376,-22.81,4.48
372.244,12,-35.358975699999995,149.171733,100.032,-31.37118521636821,-22.650000000000002,4.91
372.344,12,-35.358995799999995,149.1717387,100.031,-33.10568443533627,-22.47,5.39
372.445,12,-35.3590158,149.1717449,100.03,-34.7062846258154,-22.27,5.89
372.545,12,-35.359035999999996,149.17175179999998,100.03,-36.16593020239297,-22.04,6.42
372.645,12,-35.3590557,149.1717593,100.032,-37.38350704459612,-21.79,6.98
372.745,12,-35.3590753,149.1717675,100.041,-38.39895126850192,-21.5,7.58
372.844,12,-35.3590946,149.1717763,100.057,-39.259435575613054,-21.17,8.18
372.944,12,-35.3591136,149.1717857,100.081,-40.05380023646387,-20.830000000000002,8.76
373.044,12,-35.3591322,149.1717959,100.111,-40.795835402988644,-20.46,9.35
373.144,12,-35.3591506,149.1718066,100.148,-41.44029107193603,-20.05,9.93
373.244,12,-35.359168499999996,149.171818,100.18900000000001,-41.9597030526534,-19.63,10.5
373.344,12,-35.3591858,149.1718299,100.23400000000001,-42.371054610512005,-19.17,11.040000000000001
373.444,12,-35.3592028,149.1718424,100.282,-42.59826768344165,-18.69,11.57
373.544,13,-35.3592192,149.1718554,100.333,-42.68758948231249,-18.2,12.07
373.644,13,-35.3592352,149.1718689,100.385,-42.60926428800537,-17.69,12.540000000000001
373.744,13,-35.359250599999996,149.17188289999999,100.44,-42.45290076733627,-17.16,12.98
373.844,13,-35.3592657,149.17189729999998,100.494,-42.31075770051913,-16.64,13.38
373.944,13,-35.3592802,149.17191219999998,100.548,-42.20447312684456,-16.12,13.75
374.044,13,-35.359294299999995,149.1719274,100.598,-42.07691934409458,-15.6,14.09
374.144,13,-35.359308,149.171943,100.643,-41.97170027993053,-15.09,14.41
374.244,13,-35.3593212,149.171959,100.681,-41.930012220331356,-14.58,14.700000000000001
374.344,13,-35.359333899999996,149.1719752,100.71000000000001,-41.954074976777314,-14.05,14.98
374.444,13,-35.3593462,149.1719918,100.733,-42.04695530420573,-13.5,15.25
374.545,13,-35.359358,149.1720087,100.752,-42.238928016112695,-12.93,15.51
374.645,13,-35.3593694,149.172026,100.765,-42.52228865911443,-12.34,15.77
374.745,13,-35.3593803,149.1720437,100.773,-42.85069098459781,-11.73,16.03
374.845,13,-35.3593906,149.17206149999998,100.777,-43.12256666451017,-11.11,16.27
374.944,13,-35.3594003,149.1720798,100.778,-43.36507594608606,-10.47,16.51
375.044,13,-35.3594095,149.1720982,100.778,-43.5677583946116,-9.790000000000001,16.73
375.144,13,-35.3594181,149.172117,100.781,-43.70093000795392,-9.1,16.93
375.244,13,-35.359426,149.1721359,100.786,-43.796477524253234,-8.39,17.11
375.344,13,-35.3594332,149.172155,100.793,-43.85654220781432,-7.67,17.27
375.444,13,-35.3594398,149.1721742,100.804,-43.83808362158236,-6.95,17.400000000000002
375.544,13,-35.359445699999995,149.1721934,100.82000000000001,-43.72917625526651,-6.22,17.490000000000002
375.644,13,-35.359451,149.1722127,100.83800000000001,-43.528614580478255,-5.5,17.55
375.744,13,-35.359455499999996,149.17223189999999,100.86,-43.20820699141837,-4.79,17.580000000000002
375.844,13,-35.3594595,149.17225109999998,100.882,-42.80411250955291,-4.11,17.580000000000002
375.944,13,-35.359462799999996,149.17227029999998,100.902,-42.355696930163234,-3.46,17.55
376.044,13,-35.3594656,149.1722895,100.919,-41.919210276158985,-2.84,17.51
376.144,13,-35.3594678,149.17230849999999,100.932,-41.519521266308175,-2.23,17.44
376.244,13,-35.359469499999996,149.1723276,100.94,-41.14533276772361,-1.6400000000000001,17.35
376.344,13,-35.359470699999996,149.17234639999998,100.943,-40.77215513713621,-1.06,17.240000000000002
376.444,13,-35.3594714,149.1723653,100.94,-40.37315597639157,-0.5,17.13
376.544,13,-35.3594716,149.1723839,100.931,-39.97931702356489,0.05,16.990000000000002
376.645,13,-35.359471299999996,149.1724026,100.917,-39.64424501835698,0.6,16.86
376.745,13,-35.3594706,149.1724212,100.896,-39.41911856821878,1.1300000000000001,16.72
376.845,13,-35.3594693,149.1724396,100.87,-39.307325446978595,1.6600000000000001,16.56
376.944,13,-35.3594675,149.17245789999998,100.83800000000001,-39.330291958062766,2.21,16.4
377.044,13,-35.3594653,149.172476,100.804,-39.4230766628428,2.77,16.21
377.144,13,-35.3594625,149.1724939,100.767,-39.573617447244466,3.35,16.0
377.244,13,-35.359459099999995,149.1725116,100.73100000000001,-39.66349249143808,3.93,15.780000000000001
377.344,13,-35.3594553,149.172529,100.693,-39.703643758474,4.51,15.55
377.444,13,-35.3594509,149.17254599999998,100.657,-39.6299596777079,5.09,15.290000000000001
377.544,13,-35.3594461,149.1725627,100.626,-39.46966538317146,5.65,15.01
377.644,13,-35.3594408,149.17257899999998,100.599,-39.227641045026644,6.21,14.72
377.744,13,-35.359435,149.1725949,100.57900000000001,-38.99375829237248,6.75,14.4
377.844,13,-35.359428699999995,149.1726105,100.561,-38.73394131143978,7.2700000000000005,14.08
377.944,13,-35.359421999999995,149.1726257,100.547,-38.434526308793934,7.76,13.74
378.044,13,-35.359414799999996,149.1726405,100.534,-38.0432247712439,8.23,13.41
378.144,13,-35.3594073,149.172655,100.519,-37.55647134004294,8.67,13.06
378.244,13,-35.3593993,149.1726691,100.505,-37.098295420329315,9.09,12.73
378.344,13,-35.359390999999995,149.1726828,100.489,-36.66527508732885,9.5,12.370000000000001
378.444,13,-35.3593823,149.1726961,100.47500000000001,-36.2752303045861,9.89,12.02
378.544,13,-35.3593733,149.1727091,100.459,-35.910057655705955,10.25,11.68
378.644,13,-35.3593639,149.17272169999998,100.438,-35.596825180369166,10.59,11.34
378.745,13,-35.3593542,149.172734,100.41,-35.38844635407583,10.93,10.98
378.845,13,-35.359344199999995,149.1727459,100.378,-35.25913379761457,11.27,10.63
378.945,13,-35.3593338,149.1727574,100.342,-35.28970572433955,11.61,10.26
379.044,13,-35.3593231,149.17276859999998,100.303,-35.42550354541774,11.950000000000001,9.89
379.144,13,-35.3593121,149.1727793,100.261,-35.72585769907447,12.290000000000001,9.49
379.244,13,-35.3593007,149.1727896,100.22,-36.07482913924334,12.64,9.07
379.344,13,-35.359289,149.1727995,100.179,-36.3717818586934,13.0,8.63
379.444,13,-35.3592771,149.17280879999998,100.143,-36.54748847509198,13.36,8.17
379.544,13,-35.3592647,149.1728176,100.111,-36.66537070997723,13.71,7.69
379.644,13,-35.3592521,149.1728258,100.086,-36.79447836076339,14.040000000000001,7.19
379.744,13,-35.3592394,149.1728334,100.06700000000001,-36.832874269182625,14.35,6.69
379.844,13,-35.359226299999996,149.1728405,100.054,-36.78096824658511,14.64,6.19
379.944,13,-35.3592131,149.172847,100.045,-36.769589151427866,14.91,5.69
380.044,13,-35.3591996,149.17285289999998,100.038,-36.7674854531635,15.16,5.19
380.144,13,-35.359186,149.1728583,100.031,-36.764599698239174,15.39,4.7
380.244,13,-35.359172099999995,149.1728632,100.024,-36.70755737338581,15.59,4.2
380.344,13,-35.3591581,149.1728675,100.015,-36.5740408354904,15.790000000000001,3.71
380.444,13,-35.3591439,149.1728712,100.007,-36.35013357411905,15.98,3.21
380.544,13,-35.3591295,149.17287439999998,99.998,-36.15700997533693,16.14,2.71
380.644,13,-35.359114999999996,149.1728771,99.989,-36.08209304542565,16.3,2.19
380.745,13,-35.3591003,149.17287919999998,99.982,-36.126673690138325,16.44,1.67
380.845,13,-35.3590853,149.1728807,99.974,-36.299641400679725,16.57,1.1400000000000001
380.945,13,-35.3590703,149.17288159999998,99.96300000000001,-36.58810761008604,16.7,0.6
381.045,13,-35.3590551,149.1728819,99.95400000000001,-36.93975989950415,16.81,0.06
381.144,13,-35.3590398,149.17288159999998,99.943,-37.267209413598316,16.91,-0.48
381.244,13,-35.359024399999996,149.1728808,99.93,-37.42717244396002,17.01,-1.04
381.344,13,-35.3590089,149.17287919999998,99.915,-37.50682952515529,17.09,-1.61
381.444,13,-35.3589933,149.1728771,99.902,-37.52307171500158,17.150000000000002,-2.19
381.544,13,-35.3589777,149.17287439999998,99.892,-37.506197732657064,17.2,-2.77
381.644,13,-35.3589621,149.1728709,99.887,-37.47247367363013,17.23,-3.36
381.744,13,-35.358946599999996,149.1728669,99.886,-37.519410733606456,17.23,-3.94
381.844,13,-35.3589312,149.1728622,99.888,-37.585451832691305,17.22,-4.51
381.944,13,-35.3589158,149.172857,99.893,-37.67779599026988,17.19,-5.08
382.044,13,-35.358900399999996,149.1728511,99.898,-37.846242115580736,17.14,-5.65
382.144,13,-35.358885099999995,149.1728445,99.902,-38.00203531545414,17.080000000000002,-6.21
382.244,13,-35.358869899999995,149.1728374,99.905,-38.211226934258704,16.990000000000002,-6.78
382.344,13,-35.358854799999996,149.1728297,99.907,-38.464900160032975,16.9,-7.34
382.444,13,-35.3588397,149.17282129999998,99.908,-38.7530009543187,16.78,-7.92
382.544,13,-35.3588248,149.17281219999998,99.907,-38.99899021727671,16.65,-8.51
382.644,13,-35.35881,149.17280259999998,99.908,-39.12779050955022,16.5,-9.1
382.744,13,-35.3587953,149.1727922,99.908,-39.16013145527024,16.330000000000002,-9.69
382.845,13,-35.3587808,149.1727812,99.907,-39.05308190040863,16.15,-10.27
382.945,13,-35.3587661,149.1727694,99.905,-38.86343486791405,15.950000000000001,-10.86
383.045,13,-35.3587518,149.172757,99.907,-38.66982974079546,15.73,-11.44
383.145,13,-35.3587376,149.1727439,99.911,-38.52956156090549,15.5,-12.0
383.244,13,-35.3587237,149.1727302,99.918,-38.44304013959435,15.26,-12.540000000000001
383.344,13,-35.358709999999995,149.1727159,99.925,-38.400511966727265,15.0,-13.07
383.444,13,-35.3586965,149.172701,99.932,-38.35421011434375,14.74,-13.58
383.544,13,-35.3586832,149.1726856,99.938,-38.299285148133094,14.46,-14.08
383.644,13,-35.3586703,149.1726697,99.944,-38.31335875291791,14.17,-14.57
383.744,13,-35.358657699999995,149.1726534,99.95,-38.35828090708908,13.85,-15.05
383.844,13,-35.3586454,149.17263649999998,99.955,-38.48120040648721,13.52,-15.52
383.944,13,-35.358633499999996,149.17261929999998,99.96000000000001,-38.647290116534414,13.17,-15.98
384.044,13,-35.358621899999996,149.17260149999998,99.964,-38.822781581974134,12.8,-16.44
384.144,13,-35.3586107,149.1725832,99.967,-39.01525289769051,12.43,-16.89
384.244,13,-35.3585998,149.1725645,99.971,-39.22048642187105,12.040000000000001,-17.330000000000002
384.344,13,-35.3585892,149.1725453,99.973,-39.406632982416,11.620000000000001,-17.77
384.444,13,-35.358579,149.1725256,99.97500000000001,-39.50156919678459,11.200000000000001,-18.2
384.544,13,-35.3585693,149.1725054,99.976,-39.434100588163204,10.76,-18.62
384.644,13,-35.358559899999996,149.17248469999998,99.979,-39.26651506668777,10.31,-19.03
384.744,13,-35.3585509,149.17246369999998,99.98400000000001,-39.0496258246886,9.85,-19.42
384.844,13,-35.358542299999996,149.17244209999998,99.992,-38.802014391802714,9.38,-19.79
384.945,13,-35.3585341,149.1724202,100.004,-38.61662256716106,8.9,-20.14
385.045,13,-35.3585263,149.1723977,100.018,-38.48403835008735,8.42,-20.48
385.145,13,-35.3585189,149.1723748,100.029,-38.45793336707956,7.94,-20.81
385.245,13,-35.358511899999996,149.1723515,100.038,-38.45310442333636,7.46,-21.11
385.344,13,-35.3585054,149.1723278,100.04,-38.5356404292668,6.98,-21.400000000000002
385.444,13,-35.3584993,149.1723039,100.039,-38.60901715152025,6.49,-21.69
385.544,13,-35.358493599999996,149.1722795,100.036,-38.656097645469146,5.98,-21.97
385.644,13,-35.3584885,149.172255,100.029,-38.757167369712406,5.48,-22.22
385.744,13,-35.3584837,149.1722301,100.019,-38.8876137375759,4.95,-22.48
385.844,13,-35.3584795,149.172205,100.008,-39.03051837048549,4.41,-22.72
385.944,13,-35.3584758,149.1721799,100.0,-39.182735966328394,3.85,-22.95
386.044,13,-35.3584726,149.1721545,99.993,-39.34692346869174,3.27,-23.16
386.144,13,-35.358469899999996,149.17212899999998,99.991,-39.50484768758619,2.66,-23.36
386.244,13,-35.3584678,149.1721033,99.992,-39.62887026253529,2.06,-23.54
386.344,13,-35.358466299999996,149.1720775,99.998,-39.63600098002878,1.44,-23.7
386.444,13,-35.3584653,149.1720514,100.007,-39.49557229069332,0.8200000000000001,-23.830000000000002
386.544,13,-35.3584648,149.1720253,100.019,-39.253930443142025,0.22,-23.94
386.644,13,-35.3584649,149.1719991,100.032,-38.93738874115237,-0.36,-24.03
386.744,13,-35.3584655,149.1719727,100.044,-38.5569813553285,-0.93,-24.1
386.844,13,-35.3584665,149.1719463,100.056,-38.15363477917716,-1.49,-24.150000000000002
386.944,13,-35.358468099999996,149.17191979999998,100.066,-37.84311388894087,-2.0300000000000002,-24.18
387.045,13,-35.3584702,149.1718933,100.07300000000001,-37.62924359055484,-2.57,-24.19
387.145,13,-35.3584728,149.17186619999998,100.07300000000001,-37.09401289171972,-3.11,-24.21
387.245,13,-35.358475899999995,149.17183939999998,100.071,-35.84620563225009,-3.64,-24.2
387.345,13,-35.3584794,149.1718125,100.065,-33.898809416852735,-4.12,-24.19
387.444,13,-35.358483299999996,149.1717857,100.061,-31.57154540057595,-4.55,-24.16
387.544,13,-35.3584876,149.1717589,100.059,-29.357956222655687,-4.93,-24.11
387.644,13,-35.3584922,149.17173209999999,100.058,-27.271160968940247,-5.26,-24.05
387.744,13,-35.3584971,149.17170539999998,100.053,-25.071491716548472,-5.5600000000000005,-23.98
387.844,13,-35.3585023,149.1716789,100.045,-22.700705734880366,-5.82,-23.91
387.944,13,-35.358507599999996,149.1716526,100.035,-20.39758814486687,-6.03,-23.830000000000002
388.044,13,-35.358513099999996,149.17162639999998,100.021,-18.346164733315636,-6.21,-23.76
388.144,13,-35.3585186,149.17160049999998,100.0,-16.595230371657234,-6.36,-23.69
388.244,13,-35.3585244,149.17157459999999,99.973,-15.087826404855637,-6.51,-23.62
388.344,13,-35.3585302,149.17154879999998,99.94,-13.761446356721473,-6.640000000000001,-23.55
388.444,13,-35.358536099999995,149.1715231,99.904,-12.978370291021388,-6.76,-23.5
388.544,13,-35.3585421,149.1714974,99.863,-13.227126634366899,-6.88,-23.45
388.644,13,-35.358548299999995,149.1714718,99.82000000000001,-14.554489375967899,-7.05,-23.39
388.744,13,-35.3585547,149.1714462,99.778,-16.5277959139817,-7.29,-23.330000000000002
388.844,13,-35.3585613,149.1714207,99.73700000000001,-18.50646756558854,-7.58,-23.27
388.944,13,-35.3585682,149.1713953,99.69800000000001,-20.37784548307095,-7.890000000000001,-23.19
389.044,13,-35.3585754,149.1713699,99.664,-22.261256486323624,-8.22,-23.12
389.145,13,-35.3585829,149.17134439999998,99.633,-24.120932582210504,-8.59,-23.03
389.245,13,-35.3585908,149.1713191,99.60300000000001,-25.56085769510696,-8.97,-22.95
389.345,13,-35.3585991,149.1712938,99.57300000000001,-26.448124881501005,-9.38,-22.87
389.444,13,-35.3586077,149.1712685,99.55,-26.88121693148776,-9.78,-22.78
389.544,13,-35.3586168,149.1712432,99.534,-27.029753055368026,-10.18,-22.69
389.644,13,-35.358626199999996,149.1712181,99.523,-27.126454873637066,-10.57,-22.59
389.744,13,-35.358636,149.171193,99.516,-27.35984073002911,-10.96,-22.48
389.844,13,-35.3586461,149.1711681,99.513,-27.779140920534314,-11.34,-22.37
389.944,13,-35.358656599999996,149.17114329999998,99.511,-28.461377780875623,-11.72,-22.25
390.044,13,-35.3586674,149.1711187,99.511,-29.368727430976797,-12.11,-22.11
390.144,13,-35.358678399999995,149.1710944,99.51,-30.38824244762792,-12.52,-21.95
390.244,13,-35.3586899,149.1710704,99.511,-31.484453658469118,-12.950000000000001,-21.77
390.344,13,-35.358701599999996,149.1710467,99.512,-32.57254377438717,-13.39,-21.56
390.444,13,-35.3587138,149.17102309999999,99.514,-33.612566434021254,-13.85,-21.34
390.544,13,-35.3587264,149.171,99.517,-34.57899039025387,-14.33,-21.080000000000002
390.644,13,-35.3587395,149.170977,99.525,-35.480209945574956,-14.82,-20.81
390.744,13,-35.3587529,149.1709545,99.536,-36.29393477762818,-15.3,-20.52
390.844,13,-35.3587668,149.17093219999998,99.55,-36.98764294068052,-15.8,-20.21
390.944,13,-35.358781199999996,149.1709103,99.566,-37.4728220132778,-16.29,-19.87
391.044,13,-35.358796,149.1708887,99.587,-37.78955496056421,-16.79,-19.51
391.144,13,-35.3588112,149.17086759999998,99.613,-37.97015199240852,-17.27,-19.14
391.245,13,-35.3588271,149.1708466,99.641,-38.01925763744632,-17.740000000000002,-18.75
391.345,13,-35.3588433,149.1708261,99.67,-37.9713404453241,-18.18,-18.37
391.445,13,-35.35886,149.170806,99.7,-37.933091385972034,-18.6,-17.98
391.544,13,-35.358877,149.1707863,99.729,-37.904308968809595,-19.02,-17.580000000000002
391.644,13,-35.3588945,149.17076699999998,99.757,-37.86600868303875,-19.41,-17.16
391.744,13,-35.3589123,149.1707482,99.784,-37.891755081115114,-19.79,-16.75
391.844,13,-35.3589304,149.1707298,99.808,-38.04763024325856,-20.14,-16.32
391.944,13,-35.3589488,149.17071199999998,99.831,-38.28586382641402,-20.5,-15.88
392.044,13,-35.3589675,149.1706946,99.852,-38.562500148177875,-20.830000000000002,-15.42
392.144,13,-35.3589864,149.17067799999998,99.872,-38.9037842104359,-21.150000000000002,-14.94
392.244,13,-35.359005499999995,149.1706618,99.89,-39.27509719937989,-21.47,-14.450000000000001
392.344,13,-35.3590248,149.1706463,99.906,-39.656317377714984,-21.77,-13.92
392.444,13,-35.3590444,149.1706314,99.922,-39.98956572241449,-22.080000000000002,-13.370000000000001
392.544,13,-35.3590642,149.1706171,99.94,-40.301766839186605,-22.37,-12.8
392.644,13,-35.3590843,149.1706034,99.95700000000001,-40.613356654027996,-22.64,-12.22
392.744,13,-35.359104599999995,149.17059039999998,99.976,-40.811046234270265,-22.900000000000002,-11.63
392.844,13,-35.3591252,149.1705781,99.994,-40.963519962207045,-23.14,-11.02
392.944,13,-35.359145999999996,149.17056639999998,100.016,-41.099734424824604,-23.37,-10.4
393.044,13,-35.3591669,149.17055539999998,100.04,-41.20861788547837,-23.57,-9.77
393.144,13,-35.3591881,149.1705451,100.06700000000001,-41.23569958553747,-23.75,-9.14
393.245,13,-35.3592094,149.1705354,100.09400000000001,-41.230112490796394,-23.91,-8.52
393.345,13,-35.359231,149.1705264,100.122,-41.16831293918612,-24.04,-7.9
393.445,13,-35.3592527,149.170518,100.148,-41.055788987704744,-24.16,-7.29
393.545,13,-35.3592745,149.1705103,100.169,-40.947885659196885,-24.26,-6.68
393.644,13,-35.3592965,149.1705033,100.187,-40.874915333199056,-24.34,-6.0600000000000005
393.744,13,-35.3593186,149.17049699999998,100.20100000000001,-40.806763705660664,-24.41,-5.44
393.844,13,-35.3593408,149.17049129999998,100.21300000000001,-40.73676109685721,-24.46,-4.83
393.944,13,-35.359363,149.1704863,100.22200000000001,-40.69539747124361,-24.490000000000002,-4.22
394.044,13,-35.3593852,149.170482,100.229,-40.678724979479604,-24.5,-3.6
394.144,13,-35.3594072,149.17047829999998,100.238,-40.63305150449973,-24.490000000000002,-2.99
394.244,13,-35.3594291,149.1704754,100.247,-40.60915608768844,-24.45,-2.37
394.344,13,-35.359451,149.1704732,100.258,-40.59949137001287,-24.39,-1.75
394.444,13,-35.3594728,149.17047159999998,100.268,-40.591472727927275,-24.310000000000002,-1.1300000000000001
394.544,13,-35.359494399999996,149.17047069999998,100.28,-40.641889769285726,-24.21,-0.53
394.644,13,-35.359516,149.1704704,100.289,-40.655837015570896,-24.1,0.06
394.744,13,-35.3595374,149.1704708,100.296,-40.669651073167245,-23.96,0.65
394.844,13,-35.359558799999995,149.1704718,100.3,-40.6487302037395,-23.82,1.26
394.944,13,-35.3595799,149.17047349999999,100.303,-40.649092203765505,-23.650000000000002,1.86
395.044,13,-35.359601,149.17047589999999,100.303,-40.56942146219189,-23.47,2.45
395.144,13,-35.3596219,149.1704789,100.3,-40.352480993773945,-23.27,3.0300000000000002
395.244,13,-35.3596426,149.17048259999999,100.297,-40.070899615051005,-23.05,3.61
395.345,13,-35.3596631,149.1704869,100.294,-39.752718667660545,-22.82,4.17
395.445,13,-35.3596836,149.17049179999998,100.29,-39.45014128742898,-22.57,4.73
395.545,13,-35.3597039,149.1704974,100.286,-39.2337779699959,-22.31,5.29
395.645,13,-35.359724,149.1705035,100.283,-39.09007420495342,-22.03,5.82
395.744,13,-35.3597438,149.1705103,100.281,-39.01264718052215,-21.75,6.34
395.844,13,-35.3597634,149.1705177,100.279,-38.943901326525975,-21.46,6.84
395.944,13,-35.3597827,149.1705256,100.274,-38.95761634637936,-21.17,7.33
396.044,13,-35.3598018,149.170534,100.265,-38.98014231026206,-20.86,7.8
396.144,13,-35.3598206,149.1705429,100.253,-39.01307406734528,-20.54,8.28
396.244,13,-35.359839,149.1705524,100.241,-39.04027871080944,-20.2,8.75
396.344,13,-35.3598569,149.1705622,100.23100000000001,-39.0831313176621,-19.84,9.22
396.444,13,-35.3598746,149.17057259999999,100.21900000000001,-39.14184703886211,-19.47,9.68
396.544,13,-35.3598918,149.1705835,100.208,-39.244484291519896,-19.07,10.14
396.644,13,-35.3599086,149.1705949,100.19800000000001,-39.35117184635549,-18.64,10.6
396.744,13,-35.359925,149.17060669999998,100.19200000000001,-39.35839477140278,-18.19,11.05
396.844,13,-35.359941,149.170619,100.19,-39.23559138522054,-17.740000000000002,11.48
396.944,13,-35.3599566,149.1706318,100.19200000000001,-38.97371851734766,-17.28,11.89
397.044,13,-35.3599718,149.1706451,100.194,-38.65648696625183,-16.830000000000002,12.27
397.144,13,-35.3599866,149.1706587,100.19500000000001,-38.266326070293196,-16.37,12.63
397.244,13,-35.360001,149.17067269999998,100.19500000000001,-37.9189528943901,-15.92,12.96
397.344,13,-35.360015,149.17068709999998,100.191,-37.64988442222662,-15.48,13.26
397.445,13,-35.3600287,149.1707018,100.184,-37.46511755989402,-15.030000000000001,13.56
397.545,13,-35.3600421,149.1707171,100.172,-37.43482225583043,-14.57,13.85
397.645,13,-35.360054999999996,149.17073259999998,100.159,-37.500750656793976,-14.11,14.13
397.745,13,-35.3600676,149.1707485,100.143,-37.55762222691809,-13.63,14.42
397.844,13,-35.3600797,149.17076459999998,100.128,-37.53820058401316,-13.13,14.69
397.944,13,-35.3600913,149.1707811,100.111,-37.428333576118916,-12.620000000000001,14.950000000000001
398.044,13,-35.360102499999996,149.1707979,100.093,-37.27362296122896,-12.120000000000001,15.200000000000001
398.144,13,-35.3601132,149.17081489999998,100.07600000000001,-37.213810994667156,-11.6,15.43
398.244,13,-35.3601235,149.17083209999998,100.06,-37.23275452433019,-11.08,15.64
398.344,13,-35.3601332,149.17084939999998,100.049,-37.28297349020271,-10.55,15.84
398.444,13,-35.3601424,149.170867,100.037,-37.330859946473666,-10.02,16.02
398.544,13,-35.360151099999996,149.1708846,100.026,-37.43878376554904,-9.47,16.19
398.644,13,-35.3601593,149.1709024,100.018,-37.59821404115547,-8.92,16.35
398.744,13,-35.360166899999996,149.1709203,100.012,-37.75816341113883,-8.35,16.490000000000002
398.844,13,-35.3601741,149.1709385,100.007,-37.87127475888883,-7.79,16.62
398.944,13,-35.360180799999995,149.1709567,100.0,-37.95299114211886,-7.22,16.73
399.044,13,-35.360186999999996,149.1709751,99.993,-37.90411772351283,-6.640000000000001,16.84
399.144,13,-35.3601926,149.17099349999998,99.99000000000001,-37.76309480771958,-6.05,16.92
399.244,13,-35.3601977,149.17101209999998,99.991,-37.5350245460491,-5.48,16.98
399.344,13,-35.3602023,149.1710307,99.992,-37.281023471194665,-4.92,17.03
399.444,13,-35.3602065,149.1710494,99.994,-37.08530098543337,-4.36,17.05
399.545,13,-35.360210099999996,149.17106809999999,99.995,-36.96744948639938,-3.81,17.06
399.645,13,-35.3602133,149.171087,99.994,-36.94522405084016,-3.2600000000000002,17.06
399.745,13,-35.360216,149.1711059,99.991,-37.014062112390135,-2.71,17.05
399.844,13,-35.3602181,149.1711248,99.988,-37.1607301795324,-2.15,17.02
399.944,13,-35.360219799999996,149.1711437,99.983,-37.30003871784398,-1.59,16.98
400.044,13,-35.360220999999996,149.1711626,99.976,-37.30077979336893,-1.04,16.93
400.144,13,-35.3602217,149.1711814,99.96600000000001,-37.190267332598125,-0.5,16.87
400.244,13,-35.3602219,149.1712001,99.95400000000001,-37.04350022771289,0.04,16.79
400.344,13,-35.360221599999996,149.1712187,99.94200000000001,-36.90118299107192,0.5700000000000001,16.69
400.444,13,-35.3602208,149.1712372,99.933,-36.852015874331585,1.11,16.580000000000002
400.544,13,-35.3602195,149.17125529999998,99.928,-36.9242143889532,1.6400000000000001,16.45
400.644,13,-35.3602178,149.1712733,99.925,-37.078054154723986,2.18,16.3
400.744,13,-35.3602156,149.1712911,99.924,-37.31745228513293,2.72,16.13
400.844,13,-35.360213099999996,149.1713087,99.924,-37.570838642962066,3.2600000000000002,15.950000000000001
400.944,13,-35.3602099,149.171326,99.923,-37.843834473898305,3.79,15.75
401.044,13,-35.3602063,149.1713431,99.922,-38.024687637836486,4.34,15.530000000000001
401.144,13,-35.360202099999995,149.1713599,99.922,-38.104122737883735,4.88,15.3
401.244,13,-35.3601975,149.1713766,99.924,-38.06240052733871,5.42,15.06
401.344,13,-35.3601925,149.1713929,99.926,-37.95258816095783,5.94,14.8
401.444,13,-35.360186899999995,149.1714089,99.928,-37.805885942869715,6.44,14.540000000000001
401.544,13,-35.360180899999996,149.1714247,99.932,-37.69955014277637,6.94,14.26
401.645,13,-35.3601744,149.1714403,99.937,-37.650519629819435,7.44,13.96
401.745,13,-35.360167499999996,149.1714556,99.941,-37.63806136477333,7.930000000000001,13.65
401.845,13,-35.3601601,149.1714705,99.946,-37.63144974165676,8.4,13.33
401.944,13,-35.3601522,149.17148509999998,99.952,-37.55053249055962,8.86,13.0
402.044,13,-35.360144,149.1714993,99.958,-37.37138004372477,9.290000000000001,12.67
402.144,13,-35.360135299999996,149.1715132,99.961,-37.18690346443189,9.71,12.35
402.244,13,-35.3601264,149.17152679999998,99.962,-37.03919720853578,10.11,12.01
402.344,13,-35.360116999999995,149.1715399,99.961,-37.00963614980797,10.51,11.65
402.444,13,-35.360107299999996,149.17155259999998,99.959,-37.06177781393185,10.9,11.28
402.544,13,-35.3600973,149.1715648,99.959,-37.25946397907952,11.290000000000001,10.89
402.644,13,-35.360087,149.1715765,99.95700000000001,-37.54489416939977,11.68,10.49
402.744,13,-35.3600764,149.1715878,99.955,-37.917023365949575,12.06,10.06
402.844,13,-35.3600655,149.17159859999998,99.95,-38.29730097817921,12.44,9.620000000000001
402.944,13,-35.3600542,149.1716088,99.94800000000001,-38.5992329055342,12.81,9.15
403.044,13,-35.3600426,149.1716185,99.947,-38.7552105205152,13.19,8.66
403.144,13,-35.360030699999996,149.1716277,99.949,-38.793886466690395,13.540000000000001,8.16
403.244,13,-35.360018499999995,149.1716363,99.953,-38.76385412490985,13.88,7.65
403.344,13,-35.3600059,149.1716444,99.962,-38.679890609442886,14.21,7.13
403.444,13,-35.3599931,149.1716519,99.971,-38.546859014978544,14.51,6.62
403.544,13,-35.35998,149.17165889999998,99.983,-38.39197081517017,14.790000000000001,6.09
403.644,13,-35.3599666,149.1716652,99.998,-38.27527361810591,15.05,5.5600000000000005
403.745,13,-35.359952899999996,149.1716711,100.014,-38.11040651192015,15.290000000000001,5.04
403.845,13,-35.3599391,149.1716763,100.029,-37.869280343651184,15.51,4.5200000000000005
403.945,13,-35.359925,149.171681,100.039,-37.582552417388634,15.71,4.01
404.044,13,-35.3599107,149.1716851,100.046,-37.28660715084116,15.9,3.5
404.144,13,-35.3598962,149.1716887,100.049,-37.092390721791844,16.07,3.0100000000000002
404.244,13,-35.3598816,149.1716918,100.048,-36.96427003334074,16.23,2.52
404.344,13,-35.3598667,149.17169429999998,100.042,-36.964877920176875,16.37,2.0100000000000002
404.444,13,-35.359851899999995,149.17169619999999,100.034,-37.124270629742874,16.51,1.49
404.544,13,-35.359837,149.1716976,100.025,-37.401118687371,16.63,0.96
404.644,13,-35.359822,149.1716983,100.014,-37.743748296895525,16.75,0.42
404.744,13,-35.359806999999996,149.1716985,100.005,-38.1596385154576,16.85,-0.15
404.844,13,-35.359791799999996,149.1716981,99.995,-38.53078074967234,16.94,-0.74
404.944,13,-35.3597767,149.1716969,99.986,-38.76162065305126,17.02,-1.35
405.044,13,-35.3597615,149.1716951,99.97800000000001,-38.81844099675659,17.080000000000002,-1.97
405.144,13,-35.3597462,149.1716926,99.973,-38.74731140674008,17.12,-2.59
405.244,13,-35.359730899999995,149.1716894,99.97500000000001,-38.62253068079312,17.14,-3.21
405.344,13,-35.3597156,149.1716855,99.98100000000001,-38.477368670362836,17.150000000000002,-3.8000000000000003
405.444,13,-35.3597002,149.171681,99.989,-38.39939523079797,17.13,-4.37
405.544,13,-35.3596849,149.1716759,99.997,-38.36219119038891,17.1,-4.94
405.644,13,-35.3596696,149.1716701,100.003,-38.32077975345113,17.05,-5.5200000000000005
405.745,13,-35.3596544,149.17166369999998,100.008,-38.33184124481196,16.990000000000002,-6.1000000000000005
405.845,13,-35.359639099999995,149.1716566,100.012,-38.31046275270982,16.9,-6.69
405.945,13,-35.3596238,149.17164879999999,100.014,-38.17862302625565,16.81,-7.25
406.045,13,-35.359608699999995,149.1716405,100.016,-37.97838237035838,16.71,-7.82
406.144,13,-35.3595936,149.1716314,100.014,-37.76406469458173,16.59,-8.370000000000001
406.244,13,-35.3595786,149.1716218,100.013,-37.57703362453927,16.46,-8.92
406.344,13,-35.359563699999995,149.1716116,100.01,-37.48682731617091,16.31,-9.450000000000001
406.444,13,-35.359549,149.1716007,100.007,-37.48318341024871,16.15,-9.97
406.544,13,-35.3595344,149.1715893,100.001,-37.52838560217585,15.98,-10.5
406.644,13,-35.359519999999996,149.1715774,99.994,-37.689970802465425,15.790000000000001,-11.02
406.744,13,-35.359505999999996,149.171565,99.991,-37.912443724111085,15.57,-11.540000000000001
406.844,13,-35.3594921,149.171552,99.98700000000001,-38.16413619502605,15.35,-12.06
406.944,13,-35.3594785,149.1715385,99.985,-38.43743596938036,15.1,-12.59
407.044,13,-35.3594651,149.17152439999998,99.982,-38.71365906469943,14.84,-13.11
407.144,13,-35.359452,149.1715098,99.97800000000001,-38.97208268704144,14.56,-13.63
407.244,13,-35.3594392,149.1714945,99.97200000000001,-39.17727523008697,14.25,-14.16
407.344,13,-35.3594267,149.1714787,99.971,-39.25899844350617,13.91,-14.700000000000001
407.444,13,-35.3594144,149.1714623,99.974,-39.13953501982806,13.57,-15.22
407.544,13,-35.3594025,149.17144539999998,99.98100000000001,-38.96056357300622,13.21,-15.73
407.644,13,-35.3593908,149.1714279,99.991,-38.727988801578114,12.84,-16.21
407.744,13,-35.3593796,149.1714098,100.005,-38.50576518183716,12.450000000000001,-16.68
407.845,13,-35.359368599999996,149.1713912,100.022,-38.34208652856698,12.07,-17.12
407.945,13,-35.3593578,149.1713719,100.036,-38.217695123402706,11.67,-17.56
408.045,13,-35.3593475,149.1713522,100.049,-38.12364341853163,11.290000000000001,-17.96
408.145,13,-35.3593374,149.171332,100.054,-38.067311433351954,10.89,-18.35
408.244,13,-35.359327799999996,149.17131139999998,100.056,-38.05984262149454,10.5,-18.73
408.344,13,-35.3593185,149.17129029999998,100.052,-38.10030124704311,10.1,-19.09
408.444,13,-35.3593095,149.1712689,100.044,-38.15739479831525,9.68,-19.45
408.544,13,-35.3593009,149.1712471,100.034,-38.28487686407895,9.24,-19.82
408.644,13,-35.3592928,149.1712249,100.022,-38.44300940374309,8.790000000000001,-20.17
408.744,13,-35.3592851,149.1712025,100.015,-38.62577160555429,8.31,-20.51
408.844,13,-35.359277899999995,149.1711798,100.009,-38.76819812522198,7.8100000000000005,-20.85
408.944,13,-35.359271199999995,149.1711568,100.006,-38.828296959728924,7.3100000000000005,-21.17
409.044,13,-35.3592649,149.1711334,100.004,-38.75053867112291,6.8,-21.47
409.144,13,-35.359259099999996,149.17110979999998,100.006,-38.579240941833575,6.28,-21.76
409.244,13,-35.3592537,149.1710858,100.01,-38.43579330888497,5.75,-22.03
409.344,13,-35.3592489,149.1710616,100.018,-38.324983734885265,5.2,-22.28
409.444,13,-35.359244499999996,149.1710371,100.028,-38.2780569201927,4.67,-22.52
409.544,13,-35.3592406,149.1710124,100.037,-38.27184144804799,4.14,-22.73
409.644,13,-35.3592371,149.1709874,100.043,-38.26209135300779,3.6,-22.92
409.744,13,-35.359234199999996,149.1709622,100.048,-38.24267654029203,3.06,-23.1
409.844,13,-35.359231699999995,149.1709367,100.053,-37.67578449955931,2.52,-23.27
409.945,13,-35.3592297,149.17091109999998,100.054,-35.47542881315595,1.98,-23.42
410.045,13,-35.3592282,149.1708851,100.057,-30.92936418462218,1.49,-23.54
410.145,13,-35.359227,149.170859,100.06700000000001,-24.394199913166254,1.11,-23.59
410.245,13,-35.3592261,149.1708329,100.09400000000001,-16.733562192917503,0.91,-23.57
410.344,13,-35.3592253,149.17080669999999,100.132,-8.91517783869272,0.89,-23.48
410.444,13,-35.359224499999996,149.1707807,100.167,-1.8052661686283256,0.98,-23.37
410.544,13,-35.3592235,149.1707548,100.181,4.011884925057179,1.1300000000000001,-23.26
410.644,13,-35.3592223,149.170729,100.163,8.290428973048117,1.27,-23.16
410.744,13,-35.359221,149.17070329999999,100.107,10.979217463414615,1.41,-23.080000000000002
410.844,13,-35.3592197,149.1706778,100.028,12.28575837333083,1.55,-23.02
410.944,13,-35.3592181,149.1706525,99.937,12.558616746710024,1.7,-22.96
411.044,13,-35.359216499999995,149.1706273,99.84400000000001,12.177539148573857,1.86,-22.92
411.144,13,-35.359214699999995,149.17060229999998,99.765,11.46647974370874,2.0300000000000002,-22.88
411.244,13,-35.3592127,149.1705773,99.70700000000001,10.725395681025894,2.19,-22.830000000000002
411.344,13,-35.3592106,149.1705524,99.676,10.062232123941847,2.34,-22.78
411.444,13,-35.3592084,149.1705275,99.665,9.516906405513444,2.48,-22.73
411.544,13,-35.3592061,149.1705027,99.672,8.967798469832145,2.61,-22.68
411.644,13,-35.3592036,149.17047789999998,99.684,8.332905919496426,2.72,-22.64
411.744,13,-35.3592011,149.1704532,99.694,7.597028168508422,2.81,-22.6
411.844,13,-35.3591985,149.17042849999999,99.699,6.79797927854744,2.88,-22.580000000000002
411.944,13,-35.3591958,149.1704038,99.69200000000001,5.971326605942674,2.94,-22.56
412.045,13,-35.3591931,149.17037879999998,99.673,5.121183205234942,2.99,-22.55
412.145,13,-35.3591903,149.17035389999998,99.643,4.335762250215428,3.0300000000000002,-22.56
412.245,13,-35.3591875,149.17032899999998,99.605,3.6528982931309475,3.0700000000000003,-22.57
412.344,13,-35.3591847,149.1703039,99.561,3.0426915405595354,3.1,-22.580000000000002
412.444,13,-35.3591818,149.1702789,99.523,2.529175934086586,3.14,-22.6
412.544,13,-35.359178899999996,149.17025379999998,99.492,2.157931247034298,3.17,-22.62
412.644,13,-35.359176,149.1702287,99.47200000000001,1.9039118160464694,3.2,-22.63
412.744,13,-35.359173,149.17020359999998,99.46300000000001,1.6991137164255146,3.23,-22.650000000000002
412.844,13,-35.3591701,149.1701785,99.461,1.4648521017158287,3.25,-22.66
412.944,13,-35.3591671,149.1701536,99.464,1.2658970154864082,3.27,-22.66
413.044,13,-35.359164199999995,149.1701287,99.47,1.0328581113598605,3.29,-22.67
413.144,13,-35.359161199999996,149.1701039,99.474,0.8045211521466319,3.3000000000000003,-22.67
413.244,13,-35.359158199999996,149.17007909999998,99.477,0.5875610469348231,3.31,-22.67
413.344,13,-35.3591553,149.1700544,99.474,0.35679414120265673,3.3200000000000003,-22.68
413.444,13,-35.3591523,149.1700296,99.468,0.18932513314951074,3.3200000000000003,-22.69
413.544,13,-35.3591493,149.1700048,99.456,0.061968758874791856,3.3200000000000003,-22.69
413.644,13,-35.3591463,149.16997999999998,99.444,-0.0465095695085535,3.33,-22.7
413.744,13,-35.3591433,149.1699552,99.433,-0.13283083759555023,3.33,-22.71
413.844,13,-35.3591404,149.1699303,99.425,-0.20710583644655967,3.33,-22.72
413.944,13,-35.3591374,149.1699055,99.423,-0.28583701346268675,3.33,-22.73
414.044,13,-35.359134399999995,149.1698806,99.427,-0.35642808575182633,3.3200000000000003,-22.740000000000002
414.145,13,-35.359131399999995,149.16985549999998,99.435,-0.3989316325853017,3.3200000000000003,-22.740000000000002
414.245,13,-35.359128399999996,149.1698305,99.446,-0.42001573286204347,3.3200000000000003,-22.75
414.345,13,-35.359125399999996,149.1698053,99.45700000000001,-0.4387181781917135,3.3200000000000003,-22.77
414.444,13,-35.3591224,149.1697801,99.467,-0.4627703425083696,3.33,-22.79
414.544,13,-35.3591194,149.1697548,99.47200000000001,-0.4893387111626614,3.33,-22.81
414.644,13,-35.3591164,149.1697295,99.474,-0.5214065026767242,3.3200000000000003,-22.830000000000002
414.744,13,-35.3591134,149.1697041,99.474,-0.5634147273932414,3.31,-22.86
414.844,13,-35.3591104,149.1696787,99.473,-0.5840578002208413,3.31,-22.88
414.944,13,-35.3591074,149.1696533,99.473,-0.570401690749047,3.31,-22.900000000000002
415.044,13,-35.3591044,149.1696279,99.47500000000001,-0.5646214830813651,3.31,-22.92
415.144,13,-35.3591014,149.16960269999998,99.48100000000001,-0.5686019359027487,3.31,-22.92
415.244,13,-35.3590984,149.1695775,99.491,-0.5984432991907989,3.3000000000000003,-22.93
415.344,13,-35.359095499999995,149.16955249999998,99.504,-0.6087143562377642,3.29,-22.93
415.444,13,-35.3590926,149.1695273,99.519,-0.5577852641349756,3.2800000000000002,-22.94
415.544,13,-35.3590897,149.1695023,99.534,-0.44067662821450887,3.27,-22.93
415.644,13,-35.3590867,149.1694772,99.547,-0.3530499969182997,3.27,-22.93
415.744,13,-35.3590838,149.1694522,99.557,-0.2720649241771345,3.2600000000000002,-22.93
415.844,13,-35.359080899999995,149.1694271,99.566,-0.238660976906688,3.2600000000000002,-22.93
415.944,13,-35.359078,149.16940209999999,99.574,-0.18284062892473732,3.2600000000000002,-22.93
416.044,13,-35.3590751,149.169377,99.58200000000001,-0.11442733310398721,3.25,-22.93
416.145,13,-35.3590722,149.16935189999998,99.589,-0.03167160719166896,3.25,-22.94
416.245,13,-35.3590693,149.16932649999998,99.596,-0.012803789908783923,3.24,-22.94
416.345,13,-35.359066399999996,149.1693012,99.601,-0.02473076762308068,3.25,-22.95
416.445,13,-35.3590634,149.16927579999998,99.608,-0.020314530056351754,3.25,-22.96
416.544,13,-35.3590605,149.1692503,99.616,0.021810748361087838,3.25,-22.98
416.644,13,-35.3590575,149.1692249,99.627,0.03068488164538682,3.25,-22.990000000000002
416.744,13,-35.3590546,149.1691993,99.641,0.070220181011016,3.2600000000000002,-23.0
416.844,13,-35.3590516,149.16917379999998,99.655,0.11365449453135762,3.2600000000000002,-23.01
416.944,13,-35.359048699999995,149.1691483,99.669,0.11489433394827361,3.2600000000000002,-23.02
417.044,13,-35.359045699999996,149.1691228,99.681,0.14901398365811697,3.27,-23.03
417.144,13,-35.3590428,149.1690975,99.693,0.10893732843475146,3.27,-23.03
417.244,13,-35.3590398,149.1690722,99.70400000000001,0.08424982312315193,3.27,-23.03
417.344,13,-35.3590369,149.1690471,99.714,0.12237791342172007,3.2800000000000002,-23.02
417.444,13,-35.359034,149.1690219,99.723,0.18433597344550734,3.2800000000000002,-23.01
417.544,13,-35.359031,149.1689968,99.73100000000001,0.2038634309217209,3.2800000000000002,-23.0
417.644,13,-35.359028099999996,149.1689716,99.738,0.20242023329443837,3.2800000000000002,-23.0
417.744,13,-35.3590252,149.1689466,99.745,0.1652180738554433,3.2800000000000002,-22.990000000000002
417.844,13,-35.3590222,149.1689214,99.749,0.12914679097176138,3.29,-22.990000000000002
417.944,13,-35.3590193,149.1688963,99.754,0.09244981206729602,3.29,-22.98
418.044,13,-35.3590163,149.16887119999998,99.757,0.054595119433566826,3.29,-22.98
418.144,13,-35.359013399999995,149.1688461,99.76,0.027921269713323302,3.29,-22.97
418.245,13,-35.359010399999995,149.1688209,99.761,0.03929391821252468,3.29,-22.97
418.345,13,-35.3590075,149.16879559999998,99.761,0.15761255149292833,3.29,-22.97
418.445,13,-35.3590045,149.1687704,99.759,0.5324245049424539,3.29,-22.98
418.545,13,-35.3590015,149.168745,99.755,1.3642748981447463,3.3000000000000003,-22.98
418.644,13,-35.3589985,149.1687196,99.752,2.7416372925128836,3.34,-22.990000000000002
418.744,13,-35.3589954,149.16869409999998,99.748,4.641558357093361,3.4,-22.98
418.844,13,-35.3589923,149.1686686,99.748,6.964839519310383,3.52,-22.95
418.944,13,-35.358989,149.1686432,99.752,9.53670712391731,3.68,-22.900000000000002
419.044,13,-35.3589856,149.1686178,99.76,12.044701360727217,3.87,-22.84
419.144,13,-35.358982,149.1685927,99.769,14.345851002486103,4.1,-22.76
419.244,13,-35.358978199999996,149.1685678,99.778,16.28553422676322,4.34,-22.67
419.344,13,-35.3589741,149.168543,99.786,17.845725310565264,4.59,-22.57
419.444,13,-35.3589699,149.1685183,99.793,18.95646091867649,4.84,-22.48
419.544,13,-35.358965399999995,149.1684938,99.8,19.74224856947707,5.1000000000000005,-22.37
419.644,13,-35.3589607,149.1684694,99.805,20.304998100478176,5.36,-22.27
419.744,13,-35.358955699999996,149.16844519999998,99.81,20.8109836368346,5.62,-22.150000000000002
419.844,13,-35.3589506,149.168421,99.815,21.48387167574945,5.88,-22.04
419.944,13,-35.3589451,149.168397,99.82000000000001,22.486627115724655,6.15,-21.91
420.044,13,-35.3589395,149.1683731,99.824,23.823786909916393,6.45,-21.77
420.144,13,-35.3589335,149.16834939999998,99.82900000000001,25.516335107002234,6.78,-21.61
420.244,13,-35.3589273,149.1683258,99.834,27.46704054905246,7.13,-21.42
420.345,13,-35.3589207,149.16830249999998,99.837,29.54609378334369,7.53,-21.21
420.445,13,-35.3589136,149.1682792,99.842,31.680196634797927,7.96,-20.97
420.545,13,-35.3589061,149.16825609999998,99.84700000000001,33.79962823991498,8.43,-20.71
420.645,13,-35.3588982,149.1682334,99.852,35.76738524922814,8.92,-20.42
420.744,13,-35.3588899,149.16821099999999,99.858,37.516176639034455,9.43,-20.11
420.844,13,-35.358881,149.1681889,99.86500000000001,39.024572690812995,9.97,-19.77
420.944,13,-35.3588716,149.1681672,99.877,40.23892909882249,10.540000000000001,-19.37
421.044,13,-35.3588618,149.168146,99.895,41.12744450228735,11.120000000000001,-18.94
421.144,13,-35.3588514,149.16812529999999,99.924,41.801509041286735,11.700000000000001,-18.46
421.244,13,-35.3588405,149.16810519999999,99.961,42.27816403779983,12.26,-17.96
421.344,13,-35.358829199999995,149.1680859,100.007,42.56934183230665,12.790000000000001,-17.42
421.444,13,-35.3588175,149.1680671,100.059,42.80669773615376,13.3,-16.86
421.544,13,-35.3588053,149.1680491,100.117,43.02676301611699,13.77,-16.29
421.644,13,-35.358792799999996,149.1680316,100.179,43.195110103684875,14.19,-15.72
421.744,13,-35.3587799,149.1680149,100.241,43.30610750788675,14.58,-15.15
421.844,13,-35.3587667,149.1679988,100.299,43.286088223429445,14.94,-14.58
421.944,13,-35.358753199999995,149.1679833,100.352,43.239707823870475,15.27,-14.01
422.044,13,-35.3587394,149.1679684,100.401,43.203822009971226,15.57,-13.43
422.144,13,-35.3587254,149.1679543,100.446,43.14431740192207,15.85,-12.83
422.244,13,-35.3587111,149.16794059999998,100.48700000000001,43.118905683115045,16.11,-12.23
422.344,13,-35.3586966,149.1679277,100.524,43.13388428796488,16.34,-11.63
422.445,13,-35.3586819,149.1679154,100.555,43.21488691642664,16.56,-11.03
422.545,13,-35.3586667,149.1679036,100.57900000000001,43.3443394917659,16.77,-10.41
422.645,13,-35.3586515,149.1678926,100.60000000000001,43.52268597627869,16.96,-9.78
422.745,13,-35.3586361,149.16788219999998,100.616,43.81638411058923,17.14,-9.14
422.844,13,-35.3586205,149.16787259999998,100.629,44.135808152408636,17.31,-8.47
422.944,13,-35.3586048,149.1678637,100.638,44.40466147361326,17.45,-7.79
423.044,13,-35.3585889,149.1678555,100.645,44.59674005345236,17.580000000000002,-7.09
423.144,13,-35.358573,149.16784819999998,100.652,44.751057932465045,17.69,-6.36
423.244,13,-35.358557,149.1678416,100.662,44.80050508696135,17.77,-5.61
423.344,13,-35.3585411,149.167836,100.676,44.85066941132051,17.81,-4.84
423.444,13,-35.3585251,149.1678312,100.694,44.87288801669056,17.830000000000002,-4.08
423.544,13,-35.3585093,149.1678272,100.714,44.84975075087714,17.8,-3.33
423.644,13,-35.3584935,149.1678241,100.736,44.82249829608879,17.76,-2.59
423.744,13,-35.358477799999996,149.16782179999998,100.76,44.786783236918794,17.68,-1.85
423.844,13,-35.3584621,149.1678202,100.784,44.70792528785641,17.580000000000002,-1.1300000000000001
423.944,13,-35.3584465,149.1678195,100.808,44.64193541519033,17.46,-0.43
424.044,13,-35.3584311,149.1678195,100.82900000000001,44.50512672611498,17.31,0.25
424.144,13,-35.358415799999996,149.1678202,100.846,44.299264824530795,17.14,0.93
424.244,13,-35.358400599999996,149.1678217,100.857,44.02371791793956,16.96,1.58
424.344,13,-35.3583856,149.16782369999999,100.86200000000001,43.71555002787233,16.76,2.21
424.444,13,-35.358370799999996,149.16782659999998,100.864,43.40250538273773,16.54,2.82
424.545,13,-35.3583561,149.1678301,100.861,42.99615352335157,16.3,3.43
424.645,13,-35.358341599999996,149.16783429999998,100.854,42.514416866095985,16.05,4.03
424.745,13,-35.3583273,149.16783909999998,100.845,42.05160666303051,15.790000000000001,4.61
424.844,13,-35.3583132,149.1678446,100.83500000000001,41.649007992593276,15.51,5.18
424.944,13,-35.3582993,149.1678507,100.822,41.29285802360672,15.22,5.73
425.044,13,-35.358285599999995,149.1678574,100.806,41.035380382464744,14.92,6.26
425.144,13,-35.358272299999996,149.1678647,100.786,40.85519657706523,14.61,6.78
425.244,13,-35.3582592,149.1678725,100.763,40.76923181617145,14.280000000000001,7.29
425.344,13,-35.3582465,149.167881,100.73700000000001,40.75735070211021,13.950000000000001,7.79
425.444,13,-35.358233999999996,149.1678899,100.706,40.68029592298871,13.6,8.290000000000001
425.544,13,-35.358222,149.1678993,100.675,40.48540330521156,13.23,8.77
425.644,13,-35.3582104,149.1679092,100.642,40.220135833321194,12.84,9.25
425.744,13,-35.3581991,149.1679196,100.61200000000001,39.93854420931449,12.44,9.72
425.844,13,-35.3581882,149.16793049999998,100.58200000000001,39.65428198134232,12.030000000000001,10.17
425.944,13,-35.3581777,149.1679419,100.552,39.47337076079619,11.61,10.6
426.044,13,-35.3581676,149.1679537,100.523,39.37430911216891,11.18,11.02
426.144,13,-35.3581578,149.167966,100.494,39.30780014512591,10.73,11.43
426.244,13,-35.3581485,149.1679787,100.464,39.2279005922151,10.28,11.83
426.344,13,-35.3581395,149.1679919,100.435,39.05671897614166,9.82,12.21
426.444,13,-35.358131,149.1680055,100.407,38.77245674816948,9.35,12.58
426.544,13,-35.3581229,149.1680194,100.381,38.46049127292373,8.89,12.93
426.645,13,-35.3581151,149.168034,100.35600000000001,38.155086194375784,8.42,13.26
426.745,13,-35.3581077,149.16804879999998,100.328,37.94335374519997,7.95,13.58
426.845,13,-35.358100799999995,149.168064,100.3,37.800346659452835,7.48,13.88
426.944,13,-35.3580942,149.1680797,100.27,37.76616839284609,7.0,14.17
427.044,13,-35.358088099999996,149.1680956,100.24000000000001,37.70518846393622,6.51,14.46
427.144,13,-35.3580825,149.1681118,100.208,37.57379952996727,6.01,14.73
427.244,13,-35.3580773,149.1681283,100.179,37.406726272679585,5.49,15.0
427.344,13,-35.3580725,149.1681452,100.152,37.241322996643966,4.96,15.25
427.444,13,-35.3580683,149.16816219999998,100.129,37.13151063026309,4.44,15.49
427.544,13,-35.3580646,149.16817939999999,100.111,37.075188890367166,3.9,15.700000000000001
427.644,13,-35.358061299999996,149.16819669999998,100.093,37.100945533727284,3.36,15.9
427.744,13,-35.3580585,149.1682142,100.077,37.137442649557244,2.83,16.080000000000002
427.844,13,-35.3580563,149.1682319,100.063,37.21311431537182,2.29,16.240000000000002
427.944,13,-35.3580545,149.16824979999998,100.05,37.332427474888185,1.75,16.39
428.044,13,-35.3580531,149.1682678,100.037,37.4545990685722,1.2,16.52
428.144,13,-35.3580523,149.1682859,100.025,37.55946979308858,0.65,16.64
428.244,13,-35.358052,149.1683042,100.012,37.54373303724087,0.1,16.75
428.344,13,-35.3580521,149.16832259999998,99.998,37.443998614980345,-0.44,16.84
428.444,13,-35.358052799999996,149.1683411,99.985,37.311130945056085,-1.0,16.92
428.544,13,-35.3580539,149.1683596,99.97,37.19292427618526,-1.55,16.98
428.645,13,-35.3580556,149.1683783,99.95400000000001,37.15395804697034,-2.1,17.03
428.745,13,-35.358057699999996,149.1683971,99.938,37.25043105390218,-2.66,17.06
428.845,13,-35.3580603,149.16841589999999,99.921,37.49669693952158,-3.22,17.080000000000002
428.945,13,-35.3580634,149.1684349,99.902,37.799728527332945,-3.81,17.09
429.044,13,-35.3580672,149.16845379999998,99.884,38.11052945532521,-4.4,17.09
429.144,13,-35.3580714,149.1684728,99.867,38.4502050080337,-5.0,17.07
429.244,13,-35.3580762,149.1684918,99.852,38.74283421773914,-5.61,17.04
429.344,13,-35.3580816,149.1685108,99.83800000000001,38.95580976134389,-6.22,17.0
429.444,13,-35.358087499999996,149.1685296,99.828,39.112692376389916,-6.83,16.94
429.544,13,-35.3580939,149.1685482,99.821,39.17517836201178,-7.45,16.84
429.644,13,-35.3581009,149.16856669999999,99.81700000000001,39.14313452952066,-8.07,16.73
429.744,13,-35.3581084,149.168585,99.819,38.96077530887049,-8.68,16.59
429.844,13,-35.3581164,149.16860309999998,99.82300000000001,38.66084121184772,-9.27,16.44
429.944,13,-35.3581249,149.168621,99.83200000000001,38.40530334443003,-9.85,16.26
430.044,13,-35.358134,149.1686388,99.84400000000001,38.19179163097543,-10.4,16.080000000000002
430.144,13,-35.3581435,149.16865629999998,99.85900000000001,38.11682347464537,-10.91,15.88
430.244,13,-35.3581535,149.1686736,99.871,38.11650587084897,-11.42,15.67
430.344,13,-35.3581639,149.1686906,99.879,38.17405362970091,-11.93,15.44
430.444,13,-35.3581748,149.1687074,99.884,38.24409721963939,-12.43,15.200000000000001
430.544,13,-35.3581861,149.168724,99.889,38.410986061819486,-12.92,14.96
430.644,13,-35.3581979,149.1687402,99.891,38.662862947842044,-13.41,14.69
430.745,13,-35.3582101,149.1687562,99.888,38.964852931804984,-13.91,14.41
430.845,13,-35.3582229,149.168772,99.883,39.296827446224285,-14.41,14.11
430.945,13,-35.3582362,149.16878749999998,99.872,39.6157699597072,-14.92,13.8
431.045,13,-35.3582499,149.1688026,99.86200000000001,39.90455377290993,-15.44,13.48
431.144,13,-35.3582642,149.1688175,99.849,40.247224363569465,-15.97,13.120000000000001
431.244,13,-35.358278899999995,149.1688318,99.84,40.55755059341441,-16.51,12.73
431.344,13,-35.358294199999996,149.16884579999999,99.83200000000001,40.82100806517472,-17.05,12.32
431.444,13,-35.3583099,149.16885919999999,99.82900000000001,41.00167681400532,-17.57,11.89
431.544,13,-35.3583261,149.16887219999998,99.831,41.07304546064278,-18.09,11.44
431.644,13,-35.3583427,149.1688847,99.839,41.08238915942736,-18.59,10.96
431.744,13,-35.3583596,149.1688964,99.86,41.02656943843543,-19.07,10.450000000000001
431.844,13,-35.358376899999996,149.1689077,99.888,40.912764826484675,-19.51,9.950000000000001
431.944,13,-35.358394499999996,149.1689183,99.919,40.719258737109044,-19.900000000000002,9.46
432.044,13,-35.3584124,149.1689284,99.949,40.443486434275194,-20.27,8.97
432.144,13,-35.3584307,149.1689379,99.98,40.14592924308359,-20.6,8.48
432.244,13,-35.358449199999995,149.16894689999998,100.009,39.851080221897895,-20.91,7.99
432.344,13,-35.358467999999995,149.1689553,100.033,39.6032672984315,-21.2,7.51
432.444,13,-35.358487,149.1689633,100.051,39.443174494475564,-21.45,7.04
432.544,13,-35.3585062,149.1689707,100.061,39.31964027805213,-21.7,6.5600000000000005
432.644,13,-35.3585257,149.1689777,100.065,39.25061438629998,-21.94,6.07
432.744,13,-35.3585454,149.168984,100.066,39.16106036099736,-22.18,5.55
432.845,13,-35.358565399999996,149.1689898,100.062,39.09780939418845,-22.41,5.03
432.945,13,-35.3585858,149.1689951,100.052,39.05367612686642,-22.64,4.49
433.045,13,-35.3586064,149.1689998,100.039,39.06326229736653,-22.85,3.95
433.145,13,-35.3586272,149.1690039,100.025,39.13003422669257,-23.06,3.39
433.244,13,-35.358648099999996,149.1690073,100.011,39.258878915195695,-23.27,2.81
433.344,13,-35.358669299999995,149.16901009999998,99.996,39.475344685466325,-23.46,2.22
433.444,13,-35.358690599999996,149.1690122,99.982,39.73000828867025,-23.63,1.62
433.544,13,-35.3587121,149.1690136,99.97,39.9146726981653,-23.79,1.0
433.644,13,-35.3587337,149.16901439999998,99.961,40.064277746650674,-23.94,0.38
433.744,13,-35.3587552,149.1690145,99.958,40.123099335782825,-24.05,-0.24
433.844,13,-35.3587768,149.16901389999998,99.956,40.10462025898335,-24.150000000000002,-0.86
433.944,13,-35.3587983,149.16901249999998,99.958,40.10531352318411,-24.21,-1.49
434.044,13,-35.35882,149.1690106,99.962,40.059722010474275,-24.26,-2.12
434.144,13,-35.3588416,149.169008,99.96900000000001,39.998287873984594,-24.29,-2.73
434.244,13,-35.358863299999996,149.1690046,99.976,39.96246011669329,-24.3,-3.34
434.344,13,-35.3588849,149.1690006,99.98100000000001,39.92659820845614,-24.28,-3.95
434.444,13,-35.3589066,149.168996,99.982,39.856435090207185,-24.26,-4.55
434.544,13,-35.3589282,149.1689906,99.982,39.761638894716576,-24.21,-5.14
434.644,13,-35.3589498,149.16898469999998,99.98100000000001,39.69812155053005,-24.14,-5.74
434.744,13,-35.3589713,149.16897799999998,99.982,39.69455960687788,-24.060000000000002,-6.3500000000000005
434.844,13,-35.3589927,149.1689707,99.985,39.68088556815952,-23.96,-6.95
434.945,13,-35.359014099999996,149.1689628,99.988,39.68198522861589,-23.84,-7.54
435.045,13,-35.3590355,149.16895409999998,99.992,39.677777832087166,-23.71,-8.13
435.145,13,-35.3590569,149.1689448,99.99000000000001,39.753388026199204,-23.57,-8.72
435.244,13,-35.3590781,149.1689348,99.985,39.835572277387385,-23.42,-9.290000000000001
435.344,13,-35.3590993,149.1689241,99.97500000000001,39.8886155264817,-23.26,-9.86
435.444,13,-35.3591202,149.1689128,99.964,39.90582418809555,-23.080000000000002,-10.44
435.544,13,-35.359141099999995,149.16890089999998,99.949,39.89562671566472,-22.88,-11.02
435.644,13,-35.3591617,149.1688883,99.935,39.88555901682812,-22.66,-11.6
435.744,13,-35.3591821,149.16887509999998,99.923,39.8905279794493,-22.41,-12.19
435.844,13,-35.3592023,149.1688613,99.913,39.9095022449636,-22.150000000000002,-12.76
435.944,13,-35.359221999999995,149.1688469,99.909,39.94266281338401,-21.87,-13.31
436.044,13,-35.359241499999996,149.16883199999998,99.908,39.971240324871346,-21.56,-13.86
436.144,13,-35.3592606,149.1688165,99.912,39.96001490897043,-21.23,-14.4
436.244,13,-35.3592794,149.1688005,99.915,39.89129637573093,-20.89,-14.93
436.344,13,-35.3592979,149.1687839,99.923,39.799932350298256,-20.53,-15.44
436.444,13,-35.359316,149.1687667,99.932,39.67852232270669,-20.17,-15.93
436.544,13,-35.3593338,149.16874909999999,99.94200000000001,39.429698531243126,-19.8,-16.4
436.644,13,-35.3593513,149.16873089999999,99.949,39.04927406994634,-19.43,-16.84
436.744,13,-35.3593684,149.1687122,99.953,38.670840608792616,-19.04,-17.26
436.844,13,-35.3593853,149.16869309999998,99.956,38.31391882842985,-18.64,-17.68
436.944,13,-35.3594017,149.16867349999998,99.958,37.96926406781642,-18.240000000000002,-18.07
437.045,13,-35.359418,149.1686533,99.956,37.7929734702438,-17.84,-18.44
437.145,13,-35.3594339,149.1686327,99.95100000000001,37.761995147263214,-17.43,-18.82
437.245,13,-35.359449399999995,149.16861169999999,99.94500000000001,37.8615110034703,-17.01,-19.18
437.344,13,-35.359464599999995,149.16859019999998,99.933,38.05214499829994,-16.59,-19.54
437.444,13,-35.3594795,149.1685684,99.918,38.35362271807513,-16.15,-19.900000000000002
437.544,13,-35.3594939,149.168546,99.9,38.64258753129086,-15.69,-20.26
437.644,13,-35.3595079,149.1685234,99.88,38.89127813406561,-15.23,-20.61
437.744,13,-35.3595215,149.1685003,99.85900000000001,39.161104757226965,-14.75,-20.95
437.844,13,-35.359534599999996,149.1684769,99.839,39.43547004109179,-14.24,-21.3
437.944,13,-35.3595471,149.16845329999998,99.825,39.69425566345982,-13.700000000000001,-21.63
438.044,13,-35.3595592,149.16842929999999,99.813,39.914273132098856,-13.14,-21.95
438.144,13,-35.3595706,149.1684052,99.808,40.08855906915007,-12.55,-22.25
438.244,13,-35.3595816,149.1683806,99.808,40.18805101969506,-11.950000000000001,-22.54
438.344,13,-35.3595919,149.1683559,99.815,40.22998155100977,-11.34,-22.8
438.444,13,-35.3596018,149.1683308,99.82600000000001,40.21842828602869,-10.74,-23.04
438.544,13,-35.359611,149.1683056,99.84100000000001,40.16112982908145,-10.13,-23.25
438.644,13,-35.3596198,149.16827999999998,99.857,40.040211575110135,-9.53,-23.44
438.744,13,-35.359628,149.1682543,99.874,39.8224036726676,-8.92,-23.6
438.844,13,-35.3596357,149.1682284,99.89,39.15445898316454,-8.31,-23.740000000000002
438.944,13,-35.359642799999996,149.16820239999998,99.909,37.64637712008782,-7.72,-23.86
439.044,13,-35.359649499999996,149.1681762,99.928,35.37750780612006,-7.19,-23.94
439.145,13,-35.3596557,149.1681497,99.95,32.65963893158859,-6.73,-23.98
439.245,13,-35.359661599999995,149.16812339999998,99.974,30.070276651196316,-6.34,-23.98
439.345,13,-35.3596672,149.1680969,99.995,27.612014729280563,-6.0200000000000005,-23.96
439.444,13,-35.359672499999995,149.1680704,100.008,24.978980219335234,-5.73,-23.94
439.544,13,-35.3596776,149.1680438,100.009,22.29603751712462,-5.5,-23.900000000000002
439.644,13,-35.3596825,149.1680173,100.0,19.77997170426305,-5.3100000000000005,-23.86
439.744,13,-35.3596873,149.16799079999998,99.977,17.555956242574766,-5.16,-23.82
439.844,13,-35.3596919,149.1679644,99.941,15.681542306006287,-5.03,-23.77
439.944,13,-35.3596965,149.167938,99.894,14.544638535637448,-4.92,-23.740000000000002
440.044,13,-35.359701,149.16791179999998,99.84,14.642670533247347,-4.8,-23.72
440.144,13,-35.3597052,149.1678857,99.782,15.990316375362347,-4.62,-23.7
440.244,13,-35.3597093,149.16785969999998,99.721,18.141112209148098,-4.3500000000000005,-23.69
440.344,13,-35.3597131,149.16783379999998,99.663,20.383360860825732,-4.0200000000000005,-23.68
440.444,13,-35.3597166,149.1678078,99.61,22.505678220867114,-3.65,-23.68
440.544,13,-35.3597197,149.1677819,99.568,24.611814862764735,-3.24,-23.68
440.644,13,-35.3597225,149.167756,99.537,26.52234000947507,-2.79,-23.68
440.744,13,-35.359724799999995,149.1677301,99.519,27.916053769994512,-2.32,-23.68
440.844,13,-35.3597266,149.1677042,99.509,28.61438255602037,-1.84,-23.67
440.944,13,-35.3597281,149.1676783,99.506,28.626801547478745,-1.3800000000000001,-23.650000000000002
441.044,13,-35.3597292,149.16765239999998,99.509,28.17051929771251,-0.96,-23.63
441.145,13,-35.3597299,149.16762649999998,99.516,27.470913266311857,-0.58,-23.59
441.245,13,-35.3597302,149.1676004,99.526,26.79060934950566,-0.22,-23.56
441.345,13,-35.359730299999995,149.16757429999998,99.533,26.388340235695882,0.1,-23.53
441.445,13,-35.3597301,149.1675483,99.538,26.367870158753355,0.43,-23.490000000000002
441.544,13,-35.3597295,149.16752219999998,99.534,26.775529999365567,0.76,-23.45
441.644,13,-35.3597287,149.1674962,99.525,27.621225239376326,1.11,-23.400000000000002
441.744,13,-35.3597275,149.1674702,99.507,28.79436657838667,1.49,-23.34
441.844,13,-35.359726099999996,149.1674443,99.48700000000001,30.113935220371037,1.9100000000000001,-23.27
441.944,13,-35.3597241,149.1674185,99.467,31.53702220941612,2.38,-23.18
442.044,13,-35.359721799999996,149.1673928,99.45,32.922102610824666,2.88,-23.07
442.144,13,-35.3597189,149.16736749999998,99.437,34.25362408385656,3.4,-22.93
442.244,13,-35.3597156,149.1673423,99.428,35.463803831188585,3.95,-22.77
442.344,13,-35.3597118,149.1673175,99.426,36.49490626376664,4.5200000000000005,-22.57
442.444,13,-35.3597075,149.1672929,99.429,37.31487047362667,5.11,-22.36
442.544,13,-35.3597027,149.1672686,99.441,37.95757419905194,5.71,-22.11
442.644,13,-35.3596973,149.16724449999998,99.46300000000001,38.47112246236686,6.3100000000000005,-21.84
442.744,13,-35.359691399999996,149.1672208,99.493,38.86716073610629,6.9,-21.55
442.844,13,-35.3596849,149.1671974,99.53,39.131092906013926,7.47,-21.240000000000002
442.944,13,-35.3596779,149.1671744,99.571,39.2493576314927,8.02,-20.92
443.044,13,-35.3596705,149.16715159999998,99.613,39.239522159087876,8.53,-20.59
443.144,13,-35.3596626,149.1671293,99.653,39.18147921152111,9.03,-20.25
443.245,13,-35.359654299999995,149.1671072,99.694,39.097515696054145,9.5,-19.91
443.345,13,-35.3596454,149.1670853,99.73100000000001,38.98519665024787,9.950000000000001,-19.55
443.445,13,-35.3596362,149.1670638,99.765,38.98589332954321,10.38,-19.19
443.545,13,-35.3596265,149.1670428,99.794,39.04463295640532,10.81,-18.82
443.644,13,-35.3596165,149.1670221,99.819,39.15324320949228,11.22,-18.44
443.744,13,-35.3596061,149.1670019,99.84,39.38486175443658,11.64,-18.04
443.844,13,-35.359595399999996,149.16698209999998,99.858,39.67363873745013,12.05,-17.6
443.944,13,-35.3595842,149.1669628,99.875,39.98676534485478,12.46,-17.150000000000002
444.044,13,-35.359572799999995,149.1669441,99.892,40.36708393821944,12.870000000000001,-16.67
444.144,13,-35.359561,149.16692609999998,99.912,40.779743477304095,13.26,-16.18
444.244,13,-35.359549,149.1669086,99.929,41.18353401575149,13.64,-15.67
444.344,13,-35.3595366,149.1668918,99.94500000000001,41.51738341709796,14.02,-15.120000000000001
444.444,13,-35.3595239,149.1668755,99.96300000000001,41.743370471071586,14.39,-14.55
444.544,13,-35.3595109,149.16685999999999,99.985,41.9321432393524,14.74,-13.950000000000001
444.644,13,-35.3594976,149.1668451,100.009,42.02676184992459,15.07,-13.35
444.744,13,-35.359484,149.166831,100.035,42.0859795900286,15.370000000000001,-12.74
444.844,13,-35.3594702,149.16681739999999,100.06,42.075437193044685,15.65,-12.15
444.944,13,-35.359456099999996,149.16680449999998,100.086,42.02944269917382,15.91,-11.540000000000001
445.044,13,-35.3594418,149.1667923,100.11200000000001,41.940322390883495,16.13,-10.93
445.144,13,-35.3594273,149.1667807,100.136,41.798831607132094,16.34,-10.32
445.244,13,-35.3594126,149.1667698,100.158,41.68582271221965,16.53,-9.700000000000001
445.345,13,-35.359397799999996,149.16675949999998,100.178,41.60793806511399,16.69,-9.09
445.445,13,-35.359382599999996,149.1667498,100.19200000000001,41.50215551034342,16.830000000000002,-8.49
445.545,13,-35.3593674,149.16674079999999,100.20100000000001,41.42883684469792,16.97,-7.88
445.645,13,-35.359352,149.1667325,100.209,41.45791979018383,17.09,-7.26
445.744,13,-35.3593365,149.1667248,100.214,41.49508967964704,17.19,-6.62
445.844,13,-35.3593209,149.1667178,100.21900000000001,41.529957795359955,17.27,-5.98
445.944,13,-35.3593052,149.16671159999999,100.223,41.60599487629512,17.34,-5.33
446.044,13,-35.359289499999996,149.1667061,100.227,41.645374331954834,17.39,-4.68
446.144,13,-35.359273699999996,149.1667013,100.23100000000001,41.6790915607926,17.42,-4.03
446.244,13,-35.359258,149.1666972,100.236,41.69905961883113,17.42,-3.37
446.344,13,-35.3592424,149.1666938,100.244,41.657928219649314,17.400000000000002,-2.71
446.444,13,-35.3592268,149.1666912,100.252,41.58858130900617,17.36,-2.07
446.544,13,-35.3592114,149.1666894,100.26,41.458305695871935,17.29,-1.43
446.644,13,-35.359196,149.16668819999998,100.267,41.32156530868828,17.2,-0.79
446.744,13,-35.3591808,149.16668769999998,100.274,41.18995780866589,17.09,-0.16
446.844,13,-35.3591656,149.1666878,100.28,41.07963659319184,16.96,0.45
446.944,13,-35.3591506,149.16668869999998,100.286,40.96577733972773,16.81,1.06
447.044,13,-35.359135699999996,149.16669009999998,100.29,40.74326343694705,16.65,1.6600000000000001
447.144,13,-35.359121,149.1666923,100.293,40.45043615175568,16.48,2.24
447.244,13,-35.3591064,149.166695,100.293,40.0961815602638,16.29,2.8000000000000003
447.344,13,-35.359092,149.1666984,100.292,39.7980096520469,16.080000000000002,3.36
447.445,13,-35.3590778,149.1667024,100.289,39.55775091780253,15.860000000000001,3.9
447.545,13,-35.3590635,149.1667071,100.283,39.36888935706251,15.63,4.44
447.645,13,-35.3590495,149.1667123,100.276,39.274950350312736,15.38,4.97
447.744,13,-35.3590358,149.1667181,100.266,39.284246237773125,15.13,5.49
447.844,13,-35.3590222,149.1667245,100.253,39.3584357525378,14.86,6.01
447.944,13,-35.3590089,149.1667315,100.238,39.4576066841918,14.58,6.5200000000000005
448.044,13,-35.3589959,149.166739,100.21900000000001,39.501384781677,14.280000000000001,7.03
448.144,13,-35.358983099999996,149.16674709999998,100.197,39.460663193845384,13.98,7.54
448.244,13,-35.3589706,149.16675569999998,100.173,39.35141090297644,13.66,8.040000000000001
448.344,13,-35.3589586,149.16676479999998,100.15,39.190252589509996,13.31,8.53
448.444,13,-35.3589468,149.16677439999998,100.129,39.072674298042806,12.950000000000001,9.03
448.544,13,-35.3589355,149.1667845,100.114,38.985480103098425,12.56,9.51
448.644,13,-35.3589245,149.1667952,100.105,39.005492557366566,12.16,9.98
448.744,13,-35.3589139,149.1668063,100.099,39.04034701270114,11.74,10.43
448.844,13,-35.3589036,149.166818,100.093,39.07586741147979,11.32,10.86
448.944,13,-35.358893699999996,149.16683,100.08800000000001,39.13372935903355,10.89,11.28
449.044,13,-35.3588842,149.1668426,100.08200000000001,39.142728133265045,10.44,11.69
449.144,13,-35.3588752,149.1668556,100.078,38.9722534417707,10.0,12.08
449.244,13,-35.3588665,149.166869,100.071,38.7058760641402,9.540000000000001,12.46
449.344,13,-35.3588582,149.1668828,100.06400000000001,38.399869928945286,9.09,12.82
449.444,13,-35.3588503,149.1668971,100.056,38.10042419044817,8.620000000000001,13.15
449.545,13,-35.3588427,149.16691169999999,100.05,37.83778292629367,8.15,13.47
449.645,13,-35.3588356,149.1669267,100.043,37.68657961354251,7.69,13.780000000000001
449.745,13,-35.3588289,149.1669421,100.033,37.63663044014221,7.23,14.07
449.844,13,-35.358822599999996,149.1669579,100.019,37.69414063295372,6.76,14.35
449.944,13,-35.3588167,149.1669739,100.001,37.7878030170421,6.29,14.620000000000001
450.044,13,-35.3588113,149.16699029999998,99.98100000000001,37.774429506647216,5.8,14.88
450.144,13,-35.3588062,149.16700699999998,99.958,37.75638414686004,5.29,15.14
450.244,13,-35.3588017,149.167024,99.937,37.754693675040464,4.76,15.39
450.344,13,-35.358797599999995,149.1670412,99.922,37.809113207252544,4.22,15.64
450.444,13,-35.358793999999996,149.16705869999998,99.912,37.880768721835146,3.67,15.860000000000001
450.544,13,-35.358791,149.1670762,99.909,37.9780135401432,3.11,16.06
450.644,13,-35.3587884,149.1670939,99.909,38.15587166613034,2.54,16.240000000000002
450.744,13,-35.3587864,149.1671118,99.912,38.38302326735745,1.96,16.41
450.844,13,-35.358784899999996,149.1671298,99.916,38.641170267038085,1.3800000000000001,16.56
450.944,13,-35.358784,149.167148,99.921,38.84232616828413,0.81,16.68
451.044,13,-35.3587835,149.1671663,99.925,38.935127948537094,0.25,16.8
451.144,13,-35.3587835,149.1671847,99.929,38.937334099639,-0.3,16.9
451.244,13,-35.358784,149.1672032,99.928,38.78706310770956,-0.87,16.98
451.344,13,-35.358785,149.1672218,99.925,38.528274070246944,-1.44,17.05
451.444,13,-35.3587865,149.1672404,99.923,38.29582907241307,-2.02,17.09
451.544,13,-35.3587886,149.1672592,99.923,38.186484573990334,-2.61,17.13
451.645,13,-35.3587912,149.1672781,99.924,38.20814651894303,-3.19,17.14
451.745,13,-35.3587944,149.16729709999998,99.923,38.36350258670955,-3.77,17.14
451.845,13,-35.3587981,149.167316,99.924,38.5634973557967,-4.34,17.13
451.944,13,-35.3588023,149.16733499999998,99.921,38.832733167594846,-4.93,17.11
452.044,13,-35.358807,149.167354,99.916,39.056585787452846,-5.5200000000000005,17.07
452.144,13,-35.3588123,149.167373,99.911,39.24656066902758,-6.13,17.01
452.244,13,-35.3588181,149.1673918,99.907,39.43005028598539,-6.74,16.94
452.344,13,-35.3588245,149.16741059999998,99.902,39.625813752881704,-7.3500000000000005,16.85
452.444,13,-35.3588314,149.1674292,99.9,39.80007236917624,-7.96,16.740000000000002
452.544,13,-35.3588388,149.16744749999998,99.902,39.94996087051217,-8.58,16.6
452.644,13,-35.358846799999995,149.16746559999999,99.904,40.07343020013849,-9.19,16.44
452.744,13,-35.3588553,149.1674835,99.911,40.08823122006991,-9.8,16.26
452.844,13,-35.3588643,149.1675012,99.921,40.03480548038207,-10.41,16.06
452.944,13,-35.3588738,149.1675186,99.934,39.84462910822682,-11.0,15.84
453.044,13,-35.358883899999995,149.1675358,99.94800000000001,39.56685555996616,-11.57,15.6
453.144,13,-35.3588945,149.1675527,99.964,39.20344509989187,-12.120000000000001,15.35
453.244,13,-35.3589055,149.1675693,99.98,38.88939641694927,-12.64,15.09
453.344,13,-35.358917,149.1675856,99.996,38.635374851527324,-13.14,14.81
453.444,13,-35.358928999999996,149.1676017,100.01,38.43511712015714,-13.620000000000001,14.540000000000001
453.544,13,-35.3589413,149.16761739999998,100.023,38.343022264483274,-14.08,14.26
453.645,13,-35.3589541,149.1676329,100.03,38.31672603617872,-14.530000000000001,13.97
453.745,13,-35.3589674,149.16764809999998,100.031,38.3909155509434,-14.97,13.66
453.845,14,-35.358981,149.167663,100.027,38.57463056414382,-15.42,13.35
453.945,14,-35.358995199999995,149.1676776,100.016,38.867413453105584,-15.88,13.02
454.044,14,-35.3590097,149.1676918,100.002,39.1979502127046,-16.34,12.67
454.144,14,-35.3590247,149.1677057,99.98400000000001,39.564714295661354,-16.830000000000002,12.3
454.244,14,-35.359040199999995,149.1677191,99.96600000000001,39.92373294409932,-17.31,11.9
454.344,14,-35.3590561,149.1677321,99.94800000000001,40.25621972270637,-17.81,11.48
454.444,14,-35.359072499999996,149.1677446,99.932,40.52763777994434,-18.29,11.040000000000001
454.544,14,-35.3590891,149.1677565,99.925,40.736631323262976,-18.78,10.56
454.644,14,-35.3591062,149.1677679,99.923,40.85489946383633,-19.25,10.05
454.744,14,-35.3591236,149.1677786,99.927,40.90800759972777,-19.69,9.53
454.844,14,-35.3591414,149.1677887,99.936,40.883347201729435,-20.11,9.01
454.944,14,-35.3591595,149.1677983,99.95100000000001,40.76464534414378,-20.51,8.47
455.044,14,-35.359178,149.1678073,99.96900000000001,40.50214751396185,-20.87,7.94
455.144,14,-35.3591968,149.16781559999998,99.989,40.0367111031605,-21.2,7.41
455.244,14,-35.359215899999995,149.1678235,100.01,39.42851690851672,-21.5,6.88
455.344,14,-35.3592352,149.1678307,100.033,38.78885603236668,-21.77,6.37
455.444,14,-35.359254799999995,149.1678374,100.054,38.18680559288133,-22.0,5.87
455.544,14,-35.3592745,149.1678436,100.07300000000001,37.68128621693575,-22.21,5.39
455.644,14,-35.3592945,149.1678492,100.089,37.36475134513527,-22.400000000000002,4.92
455.745,14,-35.3593146,149.16785439999998,100.095,37.28400484876738,-22.57,4.46
455.845,14,-35.359335,149.1678591,100.092,37.36804349631522,-22.73,4.0
455.945,14,-35.3593556,149.1678633,100.07900000000001,37.57068837880033,-22.900000000000002,3.5300000000000002
456.045,14,-35.359376399999995,149.1678669,100.057,37.94538914157264,-23.07,3.04
456.144,14,-35.3593974,149.16787,100.029,38.43724813917818,-23.25,2.5100000000000002
456.244,14,-35.3594185,149.1678725,99.996,38.989390386398256,-23.42,1.96
456.344,14,-35.3594399,149.1678744,99.96300000000001,39.525515840014656,-23.6,1.3800000000000001
456.444,14,-35.3594613,149.1678756,99.931,40.018481328265736,-23.76,0.75
456.544,14,-35.359483,149.1678761,99.903,40.44360937768026,-23.92,0.08
456.644,14,-35.359504699999995,149.1678758,99.882,40.23473877776668,-24.07,-0.62
456.744,14,-35.3595263,149.1678747,99.872,38.30429850698388,-24.17,-1.33
456.844,14,-35.359548,149.1678729,99.874,34.04658738973513,-24.23,-1.98
456.944,14,-35.3595696,149.1678704,99.903,27.687881055486482,-24.22,-2.5
457.044,14,-35.3595912,149.1678676,99.958,20.05038060105115,-24.14,-2.8000000000000003
457.144,14,-35.3596126,149.1678645,100.037,12.029291600186022,-24.02,-2.87
457.244,14,-35.359634,149.1678614,100.117,4.397434162665589,-23.89,-2.7800000000000002
457.344,14,-35.3596552,149.1678585,100.177,-2.2130675222224028,-23.76,-2.62
457.444,14,-35.3596763,149.16785579999998,100.197,-7.437318708919661,-23.650000000000002,-2.46
457.544,14,-35.3596973,149.1678533,100.165,-11.061131922130578,-23.56,-2.31
457.644,14,-35.3597183,149.1678509,100.089,-13.172822361597067,-23.490000000000002,-2.17
457.744,14,-35.3597393,149.16784869999998,99.982,-14.05048032560255,-23.44,-2.0100000000000002
457.845,14,-35.3597603,149.1678466,99.86200000000001,-14.06726893058244,-23.42,-1.84
457.945,14,-35.3597815,149.16784479999998,99.745,-13.546452492216982,-23.42,-1.6400000000000001
458.045,14,-35.359802699999996,149.1678432,99.648,-12.829847827519462,-23.41,-1.43
458.145,14,-35.359823899999995,149.1678418,99.58200000000001,-12.149043599356563,-23.41,-1.23
458.244,14,-35.3598451,149.1678407,99.547,-11.575720081746631,-23.39,-1.02
458.344,14,-35.3598663,149.1678398,99.542,-11.0186592445505,-23.37,-0.8200000000000001
458.444,14,-35.3598874,149.167839,99.559,-10.471345941073624,-23.34,-0.66
458.544,14,-35.3599086,149.1678385,99.589,-9.798185548365616,-23.31,-0.51
458.644,14,-35.3599296,149.167838,99.618,-8.905482385165888,-23.3,-0.41000000000000003
458.744,14,-35.3599505,149.1678377,99.638,-7.773387921746383,-23.28,-0.33
458.844,14,-35.3599714,149.1678374,99.643,-6.543241823923114,-23.27,-0.28
458.944,14,-35.3599922,149.16783719999998,99.633,-5.354983568732241,-23.26,-0.25
459.044,14,-35.360013099999996,149.167837,99.607,-4.274227368435491,-23.26,-0.23
459.144,14,-35.3600338,149.1678368,99.568,-3.4201207504618587,-23.27,-0.2
459.244,14,-35.3600546,149.1678366,99.525,-2.8356349962008336,-23.27,-0.17
459.344,14,-35.3600754,149.1678365,99.48400000000001,-2.4756221283518083,-23.28,-0.13
459.444,14,-35.3600962,149.1678364,99.449,-2.2465264845321795,-23.29,-0.1
459.544,14,-35.3601171,149.1678364,99.426,-2.1115771010149484,-23.3,-0.06
459.644,14,-35.3601379,149.1678363,99.417,-1.961668962885155,-23.3,-0.03
459.744,14,-35.3601588,149.1678363,99.42,-1.799891023194937,-23.31,0.0
459.844,14,-35.360179699999996,149.1678363,99.432,-1.628636836361561,-23.31,0.01
459.945,14,-35.3602007,149.1678364,99.446,-1.4046030030471464,-23.31,0.03
460.045,14,-35.3602217,149.1678363,99.458,-1.1315739816604087,-23.32,0.04
460.145,14,-35.3602428,149.1678364,99.46300000000001,-0.8700812031426753,-23.35,0.05
460.244,14,-35.360264,149.1678365,99.461,-0.6480349548767342,-23.38,0.05
460.344,14,-35.3602853,149.1678365,99.452,-0.4098303199839677,-23.41,0.06
460.444,14,-35.3603065,149.1678366,99.44,-0.1962900718132858,-23.44,0.06
460.544,14,-35.3603279,149.1678366,99.426,-0.06902651207206371,-23.47,0.06
460.644,14,-35.3603492,149.16783669999998,99.413,-0.011062778691411639,-23.5,0.06
460.744,14,-35.360370599999996,149.16783669999998,99.407,0.042862155110274136,-23.52,0.06
460.844,14,-35.360391899999996,149.1678368,99.41,0.09566884553856866,-23.54,0.06
460.944,14,-35.360413099999995,149.1678368,99.424,0.13568264167722888,-23.55,0.06
461.044,14,-35.3604342,149.1678368,99.443,0.17579228724789409,-23.56,0.05
461.144,14,-35.3604553,149.1678368,99.464,0.1712055617561793,-23.57,0.05
461.244,14,-35.360476399999996,149.1678369,99.485,0.15369915992341512,-23.580000000000002,0.04
461.344,14,-35.3604975,149.1678369,99.501,0.11829918324952497,-23.580000000000002,0.04
461.444,14,-35.3605186,149.1678369,99.512,0.06664704491996053,-23.59,0.04
461.544,14,-35.360539599999996,149.1678369,99.516,0.01194530299844809,-23.59,0.05
461.644,14,-35.3605607,149.1678369,99.516,-0.013483443756999777,-23.6,0.05
461.744,14,-35.3605818,149.1678369,99.513,0.000738082001943297,-23.61,0.05
461.844,14,-35.360603,149.1678369,99.511,0.015474385536625643,-23.62,0.05
461.944,14,-35.360624099999995,149.1678369,99.512,0.03409130509179845,-23.63,0.05
462.045,14,-35.3606455,149.1678369,99.515,0.08092001919138476,-23.64,0.04
462.145,14,-35.3606669,149.1678369,99.522,0.14139862955845686,-23.66,0.04
462.245,14,-35.3606882,149.1678369,99.532,0.15847095419316817,-23.67,0.03
462.344,14,-35.3607097,149.1678369,99.544,0.151898698045816,-23.69,0.03
462.444,14,-35.3607312,149.1678369,99.557,0.09969099986648636,-23.71,0.03
462.544,14,-35.3607527,149.1678368,99.571,0.049130964762503324,-23.72,0.03
462.644,14,-35.3607742,149.1678368,99.586,0.03540260136084173,-23.740000000000002,0.02
462.744,14,-35.3607957,149.1678368,99.598,0.0289546693306183,-23.75,0.02
462.844,14,-35.3608172,149.1678368,99.61,-0.049652467047910986,-23.76,0.02
462.944,14,-35.3608386,149.16783669999998,99.622,-0.1076437479688679,-23.77,0.02
463.044,14,-35.3608599,149.16783669999998,99.635,-0.1355267879661483,-23.76,0.02
463.144,14,-35.3608811,149.16783669999998,99.649,-0.14695381450949863,-23.76,0.02
463.244,14,-35.3609023,149.16783669999998,99.664,-0.1463462211580584,-23.75,0.02
463.344,14,-35.3609235,149.1678366,99.678,-0.15770968158540266,-23.740000000000002,0.02
463.444,14,-35.3609447,149.1678366,99.691,-0.14138180754958307,-23.740000000000002,0.03
463.544,14,-35.360965799999995,149.1678366,99.702,-0.1584356159683413,-23.73,0.02
463.644,14,-35.360987,149.1678366,99.71300000000001,-0.1750616837903275,-23.73,0.02
463.744,14,-35.3610082,149.1678366,99.723,-0.17904004219823513,-23.72,0.02
463.844,14,-35.3610293,149.1678366,99.73100000000001,-0.18475478943963342,-23.72,0.02
463.944,14,-35.3610505,149.1678365,99.736,-0.13795829529003317,-23.72,0.01
464.045,14,-35.3610717,149.1678365,99.738,-0.09684189717798529,-23.72,0.01
464.145,14,-35.3610931,149.1678364,99.739,-0.10019930201091018,-23.72,0.01
464.245,14,-35.3611144,149.1678364,99.742,-0.16458011817870824,-23.73,0.01
464.345,14,-35.3611358,149.1678364,99.747,-0.24444870845462757,-23.740000000000002,0.01
464.444,14,-35.3611572,149.1678363,99.753,-0.34857363501057614,-23.75,0.02
464.544,14,-35.361178699999996,149.1678363,99.76,-0.429230698589022,-23.76,0.03
464.644,14,-35.3612002,149.1678363,99.766,-0.4574391130569102,-23.77,0.03
464.744,14,-35.361221799999996,149.1678363,99.771,-0.4342032630677764,-23.79,0.04
464.844,14,-35.3612433,149.1678363,99.776,-0.423098416013967,-23.8,0.04
464.944,14,-35.3612647,149.1678363,99.781,-0.37198963123906903,-23.8,0.04
465.044,14,-35.361286,149.1678363,99.786,-0.3080946789770542,-23.81,0.05
465.144,14,-35.3613073,149.16783619999998,99.792,-0.269166762854507,-23.81,0.04
465.244,14,-35.3613286,149.16783619999998,99.8,-0.2963922170512952,-23.81,0.04
465.344,14,-35.3613498,149.16783619999998,99.81,-0.2997376757232792,-23.8,0.04
465.444,14,-35.3613711,149.16783619999998,99.82000000000001,-0.2841436868374789,-23.8,0.04
465.544,14,-35.3613923,149.16783619999998,99.83,-0.2710783353680379,-23.79,0.04
465.644,14,-35.3614136,149.16783619999998,99.83800000000001,-0.32126840633871634,-23.79,0.05
465.744,14,-35.3614348,149.16783619999998,99.84400000000001,-0.35817487995163066,-23.78,0.05
465.844,14,-35.361456,149.1678363,99.849,-0.3626341930668556,-23.78,0.06
465.944,14,-35.3614773,149.1678363,99.85300000000001,-0.3472362519545759,-23.78,0.06
466.044,14,-35.361498499999996,149.1678363,99.858,-0.3023801851997072,-23.77,0.07
466.145,14,-35.361519799999996,149.1678363,99.864,-0.24190721107272167,-23.77,0.07
466.245,14,-35.3615413,149.1678364,99.869,-0.23572837115351955,-23.78,0.07
466.345,14,-35.3615627,149.1678364,99.872,-0.24942161977892574,-23.79,0.08
466.445,14,-35.361584199999996,149.1678365,99.874,-0.22137679634578727,-23.8,0.08
466.544,14,-35.3616058,149.1678365,99.877,-0.15550583834037607,-23.82,0.08
466.644,14,-35.361627399999996,149.1678366,99.88,-0.05818127890778095,-23.830000000000002,0.08
466.744,14,-35.361649,149.1678366,99.885,-0.0032327703473978547,-23.85,0.07
466.844,14,-35.3616706,149.1678366,99.89,0.022106094011731386,-23.86,0.07
466.944,14,-35.3616922,149.16783669999998,99.895,0.06913222659174685,-23.87,0.07
467.044,14,-35.3617138,149.16783669999998,99.899,0.06041036850633147,-23.89,0.07
467.144,14,-35.3617352,149.1678368,99.904,0.04569827777130953,-23.88,0.07
467.244,14,-35.3617566,149.1678368,99.912,0.05434184548037431,-23.88,0.06
467.344,14,-35.3617779,149.1678369,99.92,0.08299447570836457,-23.87,0.06
467.444,14,-35.3617992,149.1678369,99.926,0.08376564008423472,-23.87,0.07
467.544,14,-35.3618205,149.1678369,99.931,0.0762766711646463,-23.86,0.06
467.644,14,-35.3618418,149.167837,99.935,0.07836250688350506,-23.85,0.06
467.744,14,-35.361863,149.167837,99.938,0.08707213866350186,-23.85,0.06
467.844,14,-35.3618843,149.16783709999999,99.941,0.1342557724709309,-23.84,0.05
467.944,14,-35.3619055,149.16783709999999,99.943,0.1694170260292012,-23.84,0.05
468.044,14,-35.3619268,149.16783709999999,99.943,0.20325485039450217,-23.830000000000002,0.04
468.144,14,-35.361948,149.16783709999999,99.94200000000001,0.18503784208379226,-23.830000000000002,0.04
468.245,14,-35.3619694,149.16783719999998,99.93900000000001,0.10408216450246326,-23.830000000000002,0.04
468.345,14,-35.361990999999996,149.16783719999998,99.936,0.06946576527284694,-23.84,0.03
468.445,14,-35.3620125,149.16783719999998,99.934,0.06580509737273084,-23.85,0.03
468.545,14,-35.362034099999995,149.16783719999998,99.932,0.034224843961210796,-23.87,0.03
468.644,14,-35.3620557,149.16783719999998,99.93,-0.007449952964728704,-23.88,0.03
468.744,14,-35.362077299999996,149.16783719999998,99.932,-0.04764273391043432,-23.89,0.03
468.844,14,-35.3620989,149.1678373,99.935,-0.06208121687225906,-23.900000000000002,0.03
468.944,14,-35.362120499999996,149.1678373,99.94,-0.08651629866925901,-23.91,0.04
469.044,14,-35.3621421,149.1678373,99.946,-0.17473200710095538,-23.91,0.04
469.144,14,-35.3621635,149.1678373,99.95100000000001,-0.253662767047107,-23.91,0.05
469.244,14,-35.362184899999995,149.1678374,99.95700000000001,-0.22553778227271343,-23.91,0.05
469.344,14,-35.362206199999996,149.1678374,99.96300000000001,-0.16812495967751842,-23.900000000000002,0.05
469.444,14,-35.3622276,149.1678375,99.968,-0.05720791024998802,-23.900000000000002,0.05
469.544,14,-35.362248799999996,149.1678375,99.97200000000001,0.023839923191809907,-23.89,0.04
469.644,14,-35.362270099999996,149.1678375,99.97200000000001,0.08119109232406965,-23.89,0.04
469.744,14,-35.3622914,149.16783759999998,99.97,0.11860057868686501,-23.88,0.04
469.844,14,-35.3623127,149.16783759999998,99.965,0.10475456460973928,-23.88,0.03
469.944,14,-35.362333899999996,149.16783759999998,99.95700000000001,0.08850844607065488,-23.88,0.03
470.044,14,-35.362355199999996,149.16783759999998,99.949,0.08969176967425298,-23.88,0.02
470.144,14,-35.362376499999996,149.16783759999998,99.944,0.051655933620226295,-23.88,0.02
470.244,14,-35.3623978,149.1678377,99.94200000000001,0.02350786527437754,-23.87,0.03
470.345,14,-35.3624191,149.1678377,99.943,0.00430141293205969,-23.87,0.03
470.445,14,-35.3624407,149.1678377,99.946,-0.004578998590087219,-23.87,0.03
470.545,14,-35.362462199999996,149.1678377,99.94800000000001,-0.07810676832591965,-23.88,0.03
470.645,14,-35.3624838,149.1678377,99.95100000000001,-0.10897586831075178,-23.89,0.03
470.744,14,-35.362505399999996,149.1678378,99.952,-0.10243914382131818,-23.900000000000002,0.03
470.844,14,-35.362527,149.1678378,99.95400000000001,-0.0971975672728218,-23.92,0.03
470.944,14,-35.3625487,149.1678378,99.955,-0.058721964419802826,-23.93,0.03
471.044,14,-35.362570399999996,149.1678378,99.95700000000001,-0.05667871066155087,-23.94,0.03
471.144,14,-35.3625921,149.1678379,99.961,-0.2335003154214938,-23.95,0.02
471.244,14,-35.3626137,149.1678379,99.967,-0.77698551131199,-23.95,0.02
471.344,14,-35.3626352,149.1678379,99.974,-1.8404164565313268,-23.95,0.04
471.444,14,-35.3626566,149.1678379,99.98,-3.5170650404464348,-23.93,0.08
471.544,14,-35.362677999999995,149.16783809999998,99.985,-5.680430556739124,-23.91,0.16
471.644,14,-35.362699299999996,149.1678383,99.988,-8.153446114148926,-23.87,0.29
471.744,14,-35.3627205,149.1678387,99.991,-10.763318598845098,-23.830000000000002,0.45
471.844,14,-35.362741799999995,149.1678393,99.992,-13.335049599668624,-23.78,0.66
471.944,14,-35.3627629,149.1678402,99.992,-15.642991010783444,-23.73,0.9
472.044,14,-35.3627841,149.1678413,99.992,-17.5691128944635,-23.67,1.16
472.144,14,-35.362805099999996,149.1678427,99.99000000000001,-19.13186188410971,-23.61,1.44
472.244,14,-35.3628262,149.1678445,99.985,-20.22175004732677,-23.55,1.72
472.344,14,-35.3628472,149.1678466,99.98100000000001,-20.889399331148223,-23.490000000000002,2.0100000000000002
472.445,14,-35.362868299999995,149.167849,99.977,-21.345188099746927,-23.42,2.3000000000000003
472.545,14,-35.3628894,149.1678517,99.977,-21.80461565162596,-23.36,2.6
472.645,14,-35.3629104,149.1678548,99.979,-22.48772165353915,-23.28,2.9
472.744,14,-35.362931499999995,149.16785819999998,99.98400000000001,-23.50668854750938,-23.21,3.21
472.844,14,-35.3629524,149.16786199999999,99.99000000000001,-24.90542078952149,-23.11,3.5500000000000003
472.944,14,-35.3629733,149.1678662,99.994,-26.589509797320268,-23.01,3.91
473.044,14,-35.362994,149.16787069999998,99.995,-28.481890546500463,-22.89,4.3
473.144,14,-35.3630147,149.1678758,99.994,-30.488185190658132,-22.75,4.73
473.244,14,-35.3630352,149.1678813,99.994,-32.49346042908218,-22.59,5.2
473.344,14,-35.3630553,149.1678873,99.996,-34.43583987053416,-22.38,5.71
473.444,14,-35.3630753,149.1678939,100.002,-36.25350347283629,-22.150000000000002,6.25
473.544,14,-35.3630949,149.1679011,100.012,-37.840204228354445,-21.88,6.83
473.644,14,-35.3631143,149.16790899999998,100.025,-39.19767017494863,-21.580000000000002,7.42
473.744,14,-35.363133399999995,149.1679175,100.043,-40.28517972478723,-21.25,8.03
473.844,14,-35.3631522,149.16792669999998,100.06700000000001,-41.08727957487309,-20.89,8.64
473.944,14,-35.3631706,149.1679365,100.09700000000001,-41.67437873026529,-20.490000000000002,9.25
474.044,14,-35.3631886,149.167947,100.131,-42.03489319013149,-20.07,9.84
474.144,14,-35.3632063,149.1679582,100.173,-42.17362799255279,-19.63,10.42
474.244,14,-35.3632236,149.1679699,100.21900000000001,-42.179218502388444,-19.18,10.97
474.344,14,-35.363240499999996,149.1679823,100.268,-42.130952970618544,-18.71,11.48
474.444,14,-35.363257,149.1679952,100.32000000000001,-42.02965785013267,-18.23,11.97
474.545,14,-35.3632731,149.1680087,100.374,-41.93241986201379,-17.740000000000002,12.42
474.645,14,-35.3632888,149.1680227,100.425,-41.75186039620991,-17.25,12.84
474.745,14,-35.3633041,149.1680372,100.474,-41.57837359129159,-16.77,13.23
474.844,14,-35.363319,149.16805209999998,100.519,-41.45137305386437,-16.3,13.6
474.944,14,-35.3633336,149.16806739999998,100.558,-41.383238501798914,-15.81,13.94
475.044,14,-35.3633476,149.1680831,100.593,-41.31801702541446,-15.31,14.280000000000001
475.144,14,-35.3633613,149.1680992,100.624,-41.395549917777856,-14.81,14.59
475.244,14,-35.3633745,149.1681156,100.649,-41.697235958322736,-14.3,14.89
475.344,14,-35.3633872,149.1681323,100.667,-42.19096301266628,-13.76,15.18
475.444,14,-35.3633993,149.16814929999998,100.681,-42.78122454564419,-13.18,15.48
475.544,14,-35.3634109,149.16816649999998,100.693,-43.41619308183443,-12.57,15.76
475.644,14,-35.3634219,149.1681839,100.702,-43.979178254361905,-11.94,16.04
475.744,14,-35.3634322,149.1682016,100.709,-44.40014671857188,-11.28,16.3
475.844,14,-35.363442,149.1682196,100.712,-44.68483583336719,-10.59,16.56
475.944,14,-35.363451,149.16823779999999,100.71900000000001,-44.82360820182892,-9.86,16.8
476.044,14,-35.3634595,149.1682563,100.73,-44.85644775135834,-9.11,17.01
476.144,14,-35.363467199999995,149.168275,100.747,-44.819568144934856,-8.35,17.19
476.244,14,-35.3634743,149.16829389999998,100.77,-44.723450307839855,-7.57,17.34
476.344,14,-35.3634807,149.1683129,100.799,-44.56136991883545,-6.82,17.45
476.444,14,-35.3634864,149.168332,100.82900000000001,-44.34646484679017,-6.1000000000000005,17.53
476.545,14,-35.363491499999995,149.1683512,100.85900000000001,-43.97792832974379,-5.39,17.580000000000002
476.645,14,-35.363496,149.1683707,100.889,-43.485529747193816,-4.69,17.61
476.745,14,-35.3634999,149.1683902,100.916,-42.80942298163259,-4.0200000000000005,17.61
476.845,14,-35.3635032,149.1684096,100.94200000000001,-41.9935500550854,-3.4,17.580000000000002
476.944,14,-35.363506,149.1684291,100.96300000000001,-41.12907008730981,-2.8000000000000003,17.53
477.044,14,-35.3635083,149.16844849999998,100.98,-40.37352822170134,-2.23,17.47
477.144,14,-35.36351,149.1684679,100.99000000000001,-39.79449210462434,-1.69,17.38
477.244,14,-35.3635113,149.1684871,100.992,-39.39200613230842,-1.17,17.28
477.344,14,-35.363512199999995,149.1685063,100.983,-39.192677306665345,-0.67,17.18
477.444,14,-35.3635125,149.1685252,100.96600000000001,-39.15776479472283,-0.17,17.06
477.544,14,-35.3635125,149.1685439,100.941,-39.30988676791735,0.32,16.93
477.644,14,-35.363512,149.16856239999998,100.906,-39.62638748877199,0.8300000000000001,16.79
477.744,14,-35.363510999999995,149.1685807,100.864,-40.03641740502619,1.3800000000000001,16.64
477.844,14,-35.3635095,149.16859879999998,100.81700000000001,-40.469161115365274,1.95,16.47
477.944,14,-35.3635075,149.1686166,100.77,-40.90069246712668,2.57,16.28
478.044,14,-35.363504999999996,149.16863429999998,100.72200000000001,-41.215690546363916,3.2,16.06
478.144,14,-35.3635018,149.1686517,100.68,-41.3697113121477,3.86,15.82
478.244,14,-35.3634981,149.1686688,100.644,-41.400354955858965,4.53,15.55
478.344,14,-35.3634937,149.1686856,100.62,-41.3565461225225,5.19,15.25
478.444,14,-35.3634888,149.1687021,100.602,-41.21579641429605,5.83,14.94
478.544,14,-35.3634832,149.1687183,100.592,-40.92205729885048,6.44,14.6
478.645,14,-35.3634772,149.1687341,100.586,-40.41043856397609,7.01,14.27
478.745,14,-35.3634705,149.1687498,100.58200000000001,-39.71250934401668,7.54,13.94
478.845,14,-35.3634634,149.16876499999998,100.57900000000001,-38.89451222863761,8.040000000000001,13.6
478.945,14,-35.3634559,149.1687799,100.577,-38.062701055662195,8.5,13.26
479.044,14,-35.3634479,149.1687944,100.57600000000001,-37.23659650573832,8.93,12.93
479.144,14,-35.3634396,149.1688086,100.574,-36.51564613318138,9.31,12.6
479.244,14,-35.363431,149.16882239999998,100.566,-35.94011390314859,9.66,12.290000000000001
479.344,14,-35.3634221,149.1688359,100.548,-35.52614296774329,9.99,11.97
479.444,14,-35.3634129,149.168849,100.521,-35.19596137798112,10.32,11.66
479.544,14,-35.363403399999996,149.16886159999999,100.48700000000001,-34.99593245794813,10.63,11.34
479.644,14,-35.363393699999996,149.1688739,100.447,-34.90326045128939,10.96,11.0
479.744,14,-35.3633838,149.1688857,100.404,-34.96602305957264,11.28,10.64
479.844,14,-35.363373599999996,149.1688972,100.36,-35.20764441655643,11.620000000000001,10.27
479.944,14,-35.363363,149.1689082,100.316,-35.64722856134928,11.96,9.870000000000001
480.044,14,-35.3633522,149.1689187,100.271,-36.14455854048,12.31,9.450000000000001
480.144,14,-35.363341,149.1689288,100.226,-36.61281240431398,12.68,9.0
480.244,14,-35.3633295,149.1689384,100.185,-36.978818336272866,13.040000000000001,8.53
480.344,14,-35.363317699999996,149.16894739999998,100.148,-37.24207090235809,13.41,8.03
480.444,14,-35.363305499999996,149.1689559,100.118,-37.365109930066694,13.76,7.53
480.544,14,-35.363293,149.1689638,100.093,-37.4100013483866,14.09,7.0200000000000005
480.644,14,-35.3632803,149.1689712,100.07600000000001,-37.405028970670834,14.4,6.5
480.745,14,-35.363267199999996,149.16897799999998,100.065,-37.30935509587188,14.700000000000001,5.98
480.845,14,-35.3632537,149.1689843,100.056,-37.08042423036598,14.97,5.46
480.945,14,-35.36324,149.16898999999998,100.045,-36.71930188366365,15.23,4.96
481.045,14,-35.3632261,149.16899519999998,100.034,-36.32842381784216,15.46,4.47
481.144,14,-35.363211899999996,149.1689999,100.021,-35.958405149745886,15.67,3.98
481.244,14,-35.3631976,149.169004,100.011,-35.69127645130669,15.860000000000001,3.49
481.344,14,-35.3631831,149.1690076,100.001,-35.53380985508663,16.04,3.0100000000000002
481.444,14,-35.3631684,149.1690107,99.99000000000001,-35.53814702520959,16.21,2.52
481.544,14,-35.3631536,149.1690132,99.977,-35.697444112127215,16.36,2.0300000000000002
481.644,14,-35.3631387,149.1690151,99.964,-35.944553526109104,16.5,1.51
481.744,14,-35.3631238,149.1690165,99.952,-36.309582741016676,16.63,0.99
481.844,14,-35.3631088,149.1690173,99.938,-36.71381382666554,16.75,0.47000000000000003
481.944,14,-35.3630938,149.1690175,99.923,-37.07912990951826,16.85,-0.07
482.044,14,-35.3630786,149.1690171,99.909,-37.29431501931951,16.95,-0.63
482.144,14,-35.3630634,149.1690162,99.897,-37.39596530964223,17.03,-1.21
482.244,14,-35.3630482,149.1690145,99.888,-37.41583091484321,17.09,-1.79
482.344,14,-35.3630329,149.1690122,99.883,-37.4074741783937,17.14,-2.39
482.444,14,-35.3630175,149.1690092,99.884,-37.46169905021443,17.17,-2.99
482.544,14,-35.3630022,149.1690056,99.888,-37.606837154982614,17.18,-3.58
482.644,14,-35.3629868,149.1690013,99.894,-37.76290356242282,17.16,-4.16
482.744,14,-35.3629715,149.1689964,99.898,-37.941649613002056,17.14,-4.74
482.845,14,-35.3629561,149.1689908,99.903,-38.097719435536845,17.1,-5.3100000000000005
482.945,14,-35.3629405,149.1689845,99.905,-38.204704103601344,17.05,-5.9
483.045,14,-35.3629251,149.1689776,99.908,-38.314857979440724,16.98,-6.47
483.144,14,-35.3629098,149.16897,99.907,-38.423109647596256,16.91,-7.04
483.244,14,-35.362894499999996,149.1689618,99.904,-38.35795305800892,16.82,-7.62
483.344,14,-35.3628792,149.168953,99.9,-38.190517800695226,16.71,-8.19
483.444,14,-35.362864099999996,149.16894349999998,99.896,-37.9935488054104,16.580000000000002,-8.75
483.544,14,-35.3628491,149.1689334,99.893,-37.83144792583849,16.44,-9.31
483.644,14,-35.362834299999996,149.1689228,99.892,-37.7493797878662,16.28,-9.870000000000001
483.744,14,-35.3628198,149.1689116,99.895,-37.77992439383449,16.1,-10.42
483.844,14,-35.3628054,149.1688998,99.902,-37.913550214756626,15.9,-10.96
483.944,14,-35.3627913,149.16888749999998,99.91,-38.105936153108374,15.67,-11.5
484.044,14,-35.3627774,149.16887459999998,99.919,-38.35005735932838,15.44,-12.030000000000001
484.144,14,-35.362763799999996,149.1688611,99.927,-38.66842613692102,15.19,-12.56
484.244,14,-35.3627503,149.168847,99.935,-38.929342778310094,14.92,-13.09
484.344,14,-35.3627372,149.16883239999999,99.94200000000001,-39.123866565872056,14.64,-13.620000000000001
484.444,14,-35.362724199999995,149.1688172,99.94800000000001,-39.305481295902695,14.34,-14.13
484.544,14,-35.3627116,149.1688014,99.95,-39.4799516480615,14.040000000000001,-14.63
484.644,14,-35.3626992,149.16878509999998,99.952,-39.584760900875345,13.71,-15.13
484.744,14,-35.362687099999995,149.1687682,99.952,-39.66746766153503,13.370000000000001,-15.64
484.844,14,-35.3626753,149.1687507,99.95400000000001,-39.68443385143334,13.0,-16.13
484.945,14,-35.3626637,149.1687326,99.95700000000001,-39.58219274974742,12.61,-16.63
485.045,14,-35.3626526,149.168714,99.96000000000001,-39.40090928389152,12.21,-17.11
485.145,14,-35.3626418,149.1686947,99.965,-39.20481796791505,11.8,-17.57
485.244,14,-35.3626313,149.16867489999998,99.973,-39.00370987799319,11.39,-18.02
485.344,14,-35.3626212,149.1686546,99.98100000000001,-38.79337420250265,10.98,-18.44
485.444,14,-35.3626114,149.1686339,99.989,-38.622885850629956,10.56,-18.84
485.544,14,-35.362601999999995,149.1686126,99.994,-38.51574067311997,10.13,-19.23
485.644,14,-35.362593,149.168591,99.998,-38.47585578346168,9.69,-19.6
485.744,14,-35.362584399999996,149.168569,99.999,-38.56512977100833,9.25,-19.95
485.844,14,-35.3625763,149.1685467,99.998,-38.64740964484489,8.8,-20.29
485.944,14,-35.362568599999996,149.16852409999998,99.997,-38.707279668014635,8.32,-20.63
486.044,14,-35.362561299999996,149.16850119999998,99.996,-38.787418277546394,7.84,-20.95
486.144,14,-35.362554599999996,149.1684781,99.994,-38.887606907386726,7.3500000000000005,-21.25
486.244,14,-35.3625482,149.16845469999998,99.993,-39.05755567431498,6.84,-21.55
486.344,14,-35.362542399999995,149.1684309,99.993,-39.26729370825315,6.3100000000000005,-21.84
486.444,14,-35.362536999999996,149.16840689999998,99.994,-39.48576755413976,5.76,-22.12
486.544,14,-35.362532099999996,149.1683825,99.995,-39.674349077123814,5.2,-22.39
486.644,14,-35.3625277,149.1683579,99.999,-39.831050692156836,4.62,-22.64
486.744,14,-35.3625239,149.168333,100.004,-39.922670849683385,4.03,-22.88
486.844,14,-35.362520499999995,149.16830779999998,100.012,-39.91797850972359,3.44,-23.1
486.944,14,-35.3625177,149.1682823,100.021,-39.866192015436546,2.86,-23.29
487.045,14,-35.3625154,149.1682564,100.029,-39.69204268216873,2.27,-23.47
487.145,14,-35.3625137,149.1682303,100.032,-39.3774783199438,1.68,-23.64
487.245,14,-35.3625125,149.1682041,100.037,-39.03178537057653,1.09,-23.78
487.344,14,-35.3625117,149.1681776,100.04,-38.65684213608868,0.51,-23.91
487.444,14,-35.3625116,149.1681509,100.045,-38.31265865852798,-0.04,-24.01
487.544,14,-35.3625119,149.1681242,100.048,-38.06572341436992,-0.6,-24.09
487.644,14,-35.362512699999996,149.1680974,100.049,-37.908407082311605,-1.1400000000000001,-24.16
487.744,14,-35.362514,149.1680705,100.045,-37.87766781595196,-1.69,-24.21
487.844,14,-35.3625158,149.1680436,100.041,-37.94288587724183,-2.25,-24.25
487.944,14,-35.362518,149.1680169,100.036,-38.098552718615586,-2.8000000000000003,-24.27
488.044,14,-35.3625207,149.1679902,100.028,-38.26587186271339,-3.35,-24.27
488.144,14,-35.362524,149.1679637,100.019,-38.45910132942764,-3.93,-24.26
488.244,14,-35.362527799999995,149.1679371,100.011,-38.6548545510402,-4.51,-24.23
488.344,14,-35.362532099999996,149.1679107,100.005,-38.864370603830345,-5.11,-24.19
488.444,14,-35.362536899999995,149.1678843,100.0,-39.11126145175879,-5.72,-24.13
488.544,14,-35.3625423,149.1678579,99.998,-39.33045929769743,-6.33,-24.05
488.644,14,-35.3625483,149.1678317,99.997,-39.562347635113944,-6.95,-23.96
488.744,14,-35.3625547,149.16780559999998,99.998,-39.723444476877866,-7.5600000000000005,-23.84
488.844,14,-35.3625618,149.1677795,99.999,-39.83859463609511,-8.19,-23.71
488.944,14,-35.3625694,149.1677536,100.001,-39.886006394218754,-8.81,-23.56
489.045,14,-35.3625776,149.1677279,100.004,-39.87384182730696,-9.42,-23.39
489.145,14,-35.3625864,149.16770219999998,100.007,-39.69549192769959,-10.02,-23.21
489.245,14,-35.3625956,149.16767679999998,100.01,-39.36778628151155,-10.59,-23.01
489.345,14,-35.3626055,149.16765139999998,100.01,-38.94637043991093,-11.15,-22.81
489.444,14,-35.3626158,149.1676262,100.012,-38.45710349909541,-11.69,-22.59
489.544,14,-35.3626267,149.1676012,100.014,-37.99456650359673,-12.22,-22.36
489.644,14,-35.362638,149.1675766,100.017,-37.63609427029237,-12.73,-22.11
489.744,14,-35.3626498,149.1675521,100.018,-37.42401689656347,-13.21,-21.87
489.844,14,-35.362662,149.167528,100.017,-37.31594281332636,-13.68,-21.61
489.944,14,-35.3626745,149.1675043,100.015,-37.32618809708138,-14.13,-21.330000000000002
490.044,14,-35.3626874,149.16748099999998,100.011,-37.444121558385405,-14.59,-21.04
490.144,14,-35.3627006,149.1674581,100.005,-37.57223541664733,-15.030000000000001,-20.740000000000002
490.244,14,-35.3627143,149.16743549999998,99.997,-37.736607334118276,-15.48,-20.42
490.344,14,-35.3627283,149.1674133,99.98700000000001,-37.58885326689797,-15.93,-20.080000000000002
490.444,14,-35.3627427,149.16739149999998,99.977,-36.617972612231924,-16.38,-19.72
490.544,14,-35.3627575,149.1673701,99.96900000000001,-34.85608091959753,-16.8,-19.36
490.644,14,-35.3627727,149.1673491,99.968,-32.73660150315629,-17.150000000000002,-19.03
490.744,14,-35.3627882,149.1673284,99.974,-30.67962856290442,-17.44,-18.71
490.844,14,-35.362803899999996,149.16730809999999,99.985,-28.63863997285767,-17.7,-18.41
490.944,14,-35.3628198,149.16728799999999,99.998,-26.320618910075208,-17.900000000000002,-18.14
491.044,14,-35.3628359,149.1672683,100.008,-23.698777372632236,-18.05,-17.900000000000002
491.145,14,-35.3628521,149.1672487,100.009,-21.10694939394959,-18.16,-17.71
491.245,14,-35.3628685,149.1672291,100.003,-18.84529105219807,-18.240000000000002,-17.55
491.345,14,-35.362885,149.1672097,99.982,-17.391442598678545,-18.31,-17.41
491.445,14,-35.3629016,149.1671905,99.953,-17.19494659399374,-18.39,-17.27
491.544,14,-35.3629183,149.1671713,99.911,-18.272752152569044,-18.5,-17.12
491.644,14,-35.3629351,149.1671524,99.85900000000001,-20.10878896373851,-18.66,-16.92
491.744,14,-35.3629521,149.1671337,99.797,-22.058410113258,-18.86,-16.68
491.844,14,-35.362969299999996,149.1671153,99.73400000000001,-23.943591843053003,-19.11,-16.41
491.944,14,-35.3629868,149.1670972,99.675,-25.824905978230483,-19.39,-16.11
492.044,14,-35.3630044,149.1670795,99.625,-27.580525849659512,-19.69,-15.77
492.144,14,-35.363022199999996,149.1670623,99.589,-28.915479492749338,-20.0,-15.39
492.244,14,-35.3630403,149.1670456,99.563,-29.655554394982314,-20.32,-14.98
492.344,14,-35.363058599999995,149.1670294,99.553,-29.889648883500744,-20.62,-14.56
492.444,14,-35.3630772,149.16701369999998,99.555,-29.759878704365086,-20.91,-14.16
492.544,14,-35.3630959,149.16699839999998,99.57000000000001,-29.431500284543798,-21.16,-13.780000000000001
492.644,14,-35.3631149,149.1669835,99.592,-29.058343144523906,-21.38,-13.42
492.744,14,-35.363134099999996,149.1669691,99.616,-28.88034499965879,-21.57,-13.08
492.844,14,-35.3631534,149.1669549,99.638,-28.9710635722149,-21.75,-12.75
492.944,14,-35.363172899999995,149.1669412,99.653,-29.323504748482144,-21.92,-12.41
493.044,14,-35.3631926,149.1669278,99.661,-29.93246392431297,-22.1,-12.08
493.144,14,-35.3632124,149.1669147,99.659,-30.742859039145813,-22.27,-11.72
493.245,14,-35.363232499999995,149.1669021,99.648,-31.680797691444887,-22.46,-11.34
493.345,14,-35.363253,149.16688969999998,99.629,-32.730047936647665,-22.67,-10.93
493.445,14,-35.3632736,149.16687779999998,99.60300000000001,-33.81508154291213,-22.88,-10.49
493.545,14,-35.3632944,149.1668665,99.577,-34.953134492608825,-23.09,-10.0
493.644,14,-35.3633154,149.16685569999999,99.555,-36.009249077927464,-23.32,-9.44
493.744,14,-35.3633367,149.1668456,99.541,-36.89683899075979,-23.54,-8.84
493.844,14,-35.3633581,149.16683609999998,99.537,-37.663165725067714,-23.75,-8.21
493.944,14,-35.3633798,149.1668274,99.543,-38.280420165645516,-23.94,-7.5600000000000005
494.044,14,-35.3634015,149.16681939999998,99.559,-38.70150132797681,-24.1,-6.9
494.144,14,-35.3634232,149.16681219999998,99.586,-38.978923121495214,-24.23,-6.25
494.244,14,-35.3634449,149.1668058,99.618,-39.05891146686523,-24.330000000000002,-5.62
494.344,14,-35.3634667,149.1668,99.656,-38.96592527150468,-24.400000000000002,-5.01
494.444,14,-35.363488499999995,149.16679489999999,99.696,-38.66857640108276,-24.44,-4.42
494.544,14,-35.3635103,149.1667904,99.738,-38.24492367252896,-24.46,-3.85
494.644,14,-35.3635322,149.1667865,99.778,-37.7145765589504,-24.46,-3.3000000000000003
494.744,14,-35.3635539,149.1667832,99.819,-37.22828416551842,-24.43,-2.7600000000000002
494.844,14,-35.3635757,149.1667805,99.86,-36.82464389123275,-24.400000000000002,-2.25
494.944,14,-35.3635975,149.1667784,99.896,-36.643838538618766,-24.34,-1.74
495.044,14,-35.363619199999995,149.16677679999998,99.929,-36.61642215929033,-24.27,-1.25
495.144,14,-35.3636408,149.1667757,99.955,-36.780210095587236,-24.19,-0.76
495.244,14,-35.363662399999996,149.1667752,99.974,-37.136677668370204,-24.1,-0.24
495.345,14,-35.363684,149.16677529999998,99.98700000000001,-37.70909874723605,-23.990000000000002,0.28
495.445,14,-35.3637055,149.1667759,99.994,-38.38970319236572,-23.88,0.8200000000000001
495.545,14,-35.363727,149.1667771,99.993,-39.09198665792102,-23.76,1.3800000000000001
495.644,14,-35.3637484,149.1667789,99.98700000000001,-39.761177856947604,-23.63,1.96
495.744,14,-35.3637697,149.16678149999998,99.977,-40.40235845018797,-23.48,2.57
495.844,14,-35.3637909,149.1667848,99.96900000000001,-40.92057514780059,-23.3,3.22
495.944,14,-35.363811999999996,149.1667888,99.965,-41.332828290629635,-23.09,3.89
496.044,14,-35.3638328,149.16679349999998,99.967,-41.580490949934294,-22.85,4.5600000000000005
496.144,14,-35.363853399999996,149.166799,99.976,-41.76878218987862,-22.580000000000002,5.24
496.244,14,-35.3638736,149.1668052,99.994,-41.85368144126188,-22.28,5.9
496.344,14,-35.363893499999996,149.1668121,100.023,-41.808001136092834,-21.96,6.54
496.444,14,-35.363913,149.1668196,100.057,-41.65617286103262,-21.61,7.15
496.544,14,-35.3639321,149.1668278,100.09700000000001,-41.404627239184805,-21.25,7.71
496.644,14,-35.3639509,149.1668365,100.138,-41.05204604403958,-20.89,8.25
496.744,14,-35.363969399999995,149.1668459,100.178,-40.686275753607056,-20.52,8.74
496.844,14,-35.3639875,149.16685569999999,100.217,-40.278062667672074,-20.150000000000002,9.200000000000001
496.944,14,-35.364005299999995,149.166866,100.251,-39.94333558701726,-19.78,9.63
497.044,14,-35.3640227,149.16687679999998,100.28,-39.66412086884172,-19.42,10.02
497.144,14,-35.3640399,149.166888,100.299,-39.4388168337851,-19.04,10.4
497.244,14,-35.3640567,149.1668996,100.31,-39.3137936361226,-18.66,10.77
497.344,14,-35.3640732,149.1669116,100.311,-39.34760307251416,-18.27,11.14
497.445,14,-35.3640894,149.16692419999998,100.304,-39.514092348627806,-17.85,11.51
497.545,14,-35.3641053,149.16693709999998,100.291,-39.83413793766168,-17.42,11.9
497.64500000000004,14,-35.364120799999995,149.1669506,100.275,-40.23719764586789,-16.96,12.3
497.744,14,-35.364135999999995,149.1669645,100.257,-40.65063924161252,-16.47,12.700000000000001
497.844,14,-35.364150599999995,149.16697879999998,100.24000000000001,-41.02319190989086,-15.96,13.1
497.944,14,-35.3641648,149.16699359999998,100.224,-41.34929929181312,-15.42,13.51
498.044,14,-35.3641785,149.1670088,100.21000000000001,-41.539902550791496,-14.84,13.91
498.144,14,-35.3641917,149.1670245,100.203,-41.58589362956778,-14.25,14.31
498.244,14,-35.364204199999996,149.1670406,100.20100000000001,-41.435038656464286,-13.65,14.67
498.344,14,-35.3642162,149.1670569,100.20700000000001,-41.06624600732403,-13.040000000000001,15.0
498.444,14,-35.3642276,149.16707359999998,100.217,-40.55277287608999,-12.44,15.290000000000001
498.544,14,-35.3642384,149.1670905,100.23100000000001,-39.945476851322056,-11.85,15.540000000000001
498.644,14,-35.3642487,149.16710759999998,100.249,-39.275933897553216,-11.27,15.76
498.744,14,-35.3642585,149.1671249,100.27,-38.65500140010736,-10.72,15.94
498.844,14,-35.3642678,149.16714249999998,100.291,-38.16323461005561,-10.18,16.1
498.944,14,-35.3642766,149.1671601,100.31,-37.78727709247601,-9.66,16.23
499.044,14,-35.3642849,149.167178,100.325,-37.564749529317,-9.16,16.35
499.144,14,-35.364292899999995,149.1671959,100.333,-37.42863068934781,-8.67,16.45
499.244,14,-35.3643004,149.167214,100.331,-37.387547101490185,-8.19,16.55
499.344,14,-35.364307499999995,149.1672321,100.31700000000001,-37.38129406330504,-7.71,16.63
499.445,14,-35.3643141,149.1672504,100.295,-37.406972159489705,-7.21,16.72
499.545,14,-35.3643204,149.16726889999998,100.266,-37.45570897431233,-6.69,16.8
499.64500000000004,14,-35.3643261,149.1672874,100.235,-37.5614232271912,-6.140000000000001,16.87
499.745,14,-35.3643314,149.1673061,100.203,-37.83510890723361,-5.57,16.94
499.844,14,-35.3643362,149.16732489999998,100.173,-38.21915336879051,-4.98,17.0
499.944,14,-35.364340399999996,149.1673438,100.143,-38.572380016812296,-4.37,17.05
500.044,14,-35.364343999999996,149.16736269999998,100.118,-38.936760363748725,-3.74,17.080000000000002
500.144,14,-35.364347099999996,149.1673818,100.09700000000001,-39.26479727411151,-3.09,17.1
500.244,14,-35.3643496,149.1674007,100.08,-39.49225281875669,-2.44,17.1
500.344,14,-35.3643515,149.1674195,100.07000000000001,-39.51314978252235,-1.77,17.07
500.444,14,-35.3643528,149.1674383,100.06700000000001,-39.31270422094998,-1.12,17.01
500.544,14,-35.3643535,149.1674569,100.07000000000001,-38.89953583277215,-0.5,16.94
500.644,14,-35.364353699999995,149.1674755,100.08,-38.41053185423968,0.09,16.84
500.744,14,-35.3643533,149.1674938,100.093,-37.86511734335206,0.65,16.72
500.844,14,-35.364352499999995,149.16751209999998,100.107,-37.29806479317385,1.18,16.59
500.944,14,-35.3643512,149.1675301,100.118,-36.776668642502585,1.69,16.45
501.044,14,-35.364349499999996,149.1675481,100.126,-36.42230476798399,2.17,16.3
501.144,14,-35.3643473,149.1675658,100.129,-36.27448239887198,2.64,16.14
501.244,14,-35.3643448,149.16758339999998,100.127,-36.22492596134896,3.1,15.96
501.344,14,-35.3643418,149.1676008,100.116,-36.2009315067947,3.56,15.780000000000001
501.444,14,-35.3643384,149.167618,100.10000000000001,-36.16528816461099,4.03,15.59
501.545,14,-35.3643346,149.167635,100.081,-36.222391961166885,4.5,15.38
501.64500000000004,14,-35.3643303,149.16765189999998,100.058,-36.34671506443945,4.99,15.16
501.745,14,-35.3643256,149.16766859999998,100.035,-36.592154497169275,5.48,14.93
501.845,14,-35.3643204,149.167685,100.015,-36.98205926103404,5.98,14.68
501.944,14,-35.364314799999995,149.16770119999998,99.996,-37.464581390044174,6.48,14.42
502.044,14,-35.3643086,149.16771699999998,99.976,-37.91051078057597,6.99,14.14
502.144,14,-35.364302099999996,149.1677326,99.958,-38.24946233323244,7.5200000000000005,13.84
502.244,14,-35.364295,149.1677478,99.94200000000001,-38.47005353776175,8.05,13.52
502.344,14,-35.364287399999995,149.1677626,99.93,-38.5207676923491,8.58,13.17
502.444,14,-35.3642794,149.1677771,99.923,-38.44904387587479,9.08,12.82
502.544,14,-35.364271099999996,149.167791,99.922,-38.30760431854217,9.57,12.450000000000001
502.644,14,-35.3642623,149.1678044,99.926,-38.14470430683737,10.040000000000001,12.06
502.744,14,-35.3642531,149.1678174,99.934,-37.92293830977081,10.48,11.67
502.844,14,-35.3642435,149.16782999999998,99.944,-37.738021183276466,10.9,11.28
502.944,14,-35.3642336,149.1678421,99.953,-37.60734941917037,11.290000000000001,10.870000000000001
503.044,14,-35.3642233,149.1678537,99.964,-37.508414129042734,11.68,10.46
503.144,14,-35.3642128,149.16786489999998,99.973,-37.389517611065735,12.040000000000001,10.05
503.244,14,-35.3642018,149.1678757,99.98100000000001,-37.2535251295962,12.39,9.63
503.344,14,-35.3641906,149.16788599999998,99.98700000000001,-37.0327016986351,12.72,9.21
503.444,14,-35.3641791,149.1678958,99.992,-36.8178239473465,13.030000000000001,8.78
503.544,14,-35.3641673,149.16790509999998,99.994,-36.73083124298263,13.33,8.34
503.64500000000004,14,-35.3641552,149.167914,99.992,-36.71044654340473,13.620000000000001,7.91
503.745,14,-35.364142699999995,149.1679226,99.98400000000001,-36.790735417098226,13.91,7.46
503.845,14,-35.364129999999996,149.1679306,99.974,-37.042315189891895,14.19,7.0
503.945,14,-35.364117,149.1679381,99.96000000000001,-37.42392810410426,14.47,6.53
504.044,14,-35.3641037,149.167945,99.94500000000001,-37.764395958756474,14.76,6.03
504.144,14,-35.3640902,149.1679514,99.928,-37.99985990020349,15.030000000000001,5.5200000000000005
504.244,14,-35.364076499999996,149.1679572,99.911,-38.13263536257395,15.3,4.99
504.344,14,-35.364062499999996,149.1679625,99.896,-38.15515791136207,15.56,4.44
504.444,14,-35.3640483,149.1679671,99.887,-38.157244534153506,15.8,3.87
504.544,14,-35.364034,149.167971,99.886,-38.17197042200406,16.01,3.3000000000000003
504.644,14,-35.3640196,149.1679743,99.89,-38.2195870858028,16.21,2.73
504.744,14,-35.364005,149.16797689999999,99.901,-38.2747067124048,16.38,2.15
504.844,14,-35.3639903,149.167979,99.913,-38.332985301497935,16.53,1.58
504.944,14,-35.363975499999995,149.1679804,99.927,-38.38516453166225,16.66,1.01
505.044,14,-35.3639606,149.1679811,99.943,-38.408762835244644,16.78,0.43
505.144,14,-35.3639456,149.16798129999998,99.958,-38.36464664339553,16.88,-0.13
505.244,14,-35.363930499999995,149.1679809,99.97,-38.16802940285296,16.96,-0.68
505.344,14,-35.363915299999995,149.16797979999998,99.977,-37.95846895383321,17.02,-1.23
505.444,14,-35.363900099999995,149.1679781,99.98400000000001,-37.743246277991524,17.07,-1.78
505.544,14,-35.3638848,149.1679758,99.99000000000001,-37.557967151471175,17.1,-2.31
505.644,14,-35.3638695,149.167973,99.995,-37.3998209514287,17.12,-2.86
505.745,14,-35.3638542,149.1679695,100.0,-37.38771785621944,17.13,-3.41
505.845,14,-35.363838699999995,149.16796539999999,100.001,-37.553442151146044,17.12,-3.96
505.945,14,-35.3638233,149.16796069999998,99.998,-37.84384471918206,17.1,-4.5
506.045,14,-35.3638078,149.16795539999998,99.991,-38.185313196547675,17.07,-5.07
506.144,14,-35.3637923,149.1679494,99.979,-38.572813733824596,17.03,-5.65
506.244,14,-35.3637769,149.1679428,99.967,-38.904566267095866,16.98,-6.25
506.344,14,-35.363761499999995,149.1679355,99.952,-39.126656698148004,16.91,-6.8500000000000005
506.444,14,-35.363746299999995,149.1679275,99.93900000000001,-39.17483343745869,16.82,-7.48
506.544,14,-35.363731,149.1679188,99.93,-39.12348066018395,16.71,-8.11
506.644,14,-35.363716,149.16790939999998,99.927,-38.98713642397215,16.580000000000002,-8.72
506.744,14,-35.3637012,149.1678995,99.931,-38.82495016703562,16.42,-9.32
506.844,14,-35.3636865,149.16788889999998,99.938,-38.72243244268831,16.25,-9.91
506.944,14,-35.363672099999995,149.1678777,99.95,-38.62188181282197,16.05,-10.49
507.044,14,-35.3636578,149.16786589999998,99.964,-38.49117248267543,15.84,-11.040000000000001
507.144,14,-35.3636438,149.1678535,99.97800000000001,-38.41773770381404,15.620000000000001,-11.57
507.244,14,-35.36363,149.16784049999998,99.99000000000001,-38.38914994704295,15.38,-12.08
507.344,14,-35.3636164,149.167827,100.0,-38.36925360599071,15.13,-12.59
507.444,14,-35.363603,149.167813,100.008,-38.38534894676984,14.870000000000001,-13.09
507.544,14,-35.3635899,149.1677983,100.013,-38.413236609151,14.59,-13.58
507.644,14,-35.363577,149.1677832,100.017,-38.48832087869695,14.3,-14.07
507.744,14,-35.3635644,149.1677675,100.019,-38.54796550562409,14.0,-14.55
507.845,14,-35.3635519,149.1677511,100.018,-38.52205176791306,13.700000000000001,-15.02
507.945,15,-35.3635397,149.16773419999998,100.01,-38.456604895286,13.38,-15.5
508.045,15,-35.3635277,149.1677167,100.002,-38.36760411530614,13.040000000000001,-15.97
508.144,15,-35.3635161,149.1676987,99.993,-38.283497165866606,12.69,-16.44
508.244,15,-35.3635048,149.16768009999998,99.985,-38.26013450381058,12.32,-16.9
508.344,15,-35.3634938,149.1676611,99.98,-38.30005354441472,11.93,-17.35
508.444,15,-35.363483099999996,149.1676415,99.97800000000001,-38.40131109886016,11.540000000000001,-17.79
508.544,15,-35.3634729,149.1676215,99.976,-38.57501988492651,11.120000000000001,-18.22
508.644,15,-35.363462999999996,149.16760109999998,99.97500000000001,-38.76435955890843,10.700000000000001,-18.64
508.744,15,-35.3634536,149.1675804,99.979,-38.91661130569719,10.26,-19.03
508.844,15,-35.3634446,149.1675592,99.98400000000001,-39.00181450049851,9.8,-19.42
508.944,15,-35.3634361,149.1675377,99.993,-39.11943377310072,9.34,-19.79
509.044,15,-35.363428,149.16751589999998,100.0,-39.23018187539789,8.870000000000001,-20.150000000000002
509.144,15,-35.3634203,149.1674937,100.006,-39.30627018275183,8.38,-20.490000000000002
509.244,15,-35.363413099999995,149.167471,100.012,-39.38464318838314,7.88,-20.830000000000002
509.344,15,-35.3634063,149.1674481,100.017,-39.47129096819392,7.37,-21.150000000000002
509.444,15,-35.3634,149.1674248,100.022,-39.52905387800472,6.84,-21.46
509.544,15,-35.3633941,149.1674011,100.03,-39.46696062826013,6.29,-21.76
509.644,15,-35.363388799999996,149.16737709999998,100.041,-39.291622842076734,5.75,-22.04
509.744,15,-35.363383899999995,149.1673529,100.053,-39.02214114346847,5.21,-22.29
509.844,15,-35.3633795,149.16732829999998,100.06400000000001,-38.691338006491826,4.68,-22.52
509.945,15,-35.3633756,149.1673033,100.07300000000001,-38.35805551084647,4.15,-22.73
510.045,15,-35.3633721,149.1672782,100.078,-38.07378986777971,3.63,-22.92
510.14500000000004,15,-35.3633691,149.1672527,100.07900000000001,-37.897260213586144,3.11,-23.11
510.244,15,-35.3633665,149.167227,100.075,-37.85881990893731,2.59,-23.27
510.344,15,-35.3633644,149.167201,100.068,-37.91444155444331,2.07,-23.43
510.444,15,-35.363362699999996,149.1671749,100.059,-38.075900396233244,1.53,-23.580000000000002
510.544,15,-35.3633616,149.1671486,100.045,-38.29853041222981,0.98,-23.72
510.644,15,-35.363361,149.1671221,100.03,-38.56170784623416,0.42,-23.85
510.744,15,-35.363360899999996,149.1670955,100.013,-38.818447826945764,-0.15,-23.98
510.844,15,-35.3633613,149.1670689,99.997,-38.455150064992786,-0.76,-24.080000000000002
510.944,15,-35.3633622,149.1670423,99.985,-36.35798146147539,-1.3800000000000001,-24.16
511.044,15,-35.3633637,149.1670157,99.98100000000001,-31.91592012343341,-1.95,-24.2
511.144,15,-35.363365699999996,149.16698929999998,99.997,-25.414387703450622,-2.38,-24.18
511.244,15,-35.3633679,149.1669628,100.034,-17.722990226274717,-2.62,-24.11
511.344,15,-35.3633702,149.16693659999999,100.09100000000001,-9.747195624890532,-2.65,-24.0
511.444,15,-35.3633725,149.1669104,100.149,-2.3552645902226637,-2.54,-23.87
511.544,15,-35.3633746,149.1668844,100.18900000000001,3.8770796158427525,-2.37,-23.76
511.644,15,-35.363376699999996,149.1668585,100.199,8.622262614815785,-2.2,-23.66
511.744,15,-35.363378499999996,149.1668327,100.166,11.747969768651537,-2.05,-23.580000000000002
511.844,15,-35.3633802,149.16680689999998,100.099,13.388439480863322,-1.9000000000000001,-23.52
511.945,15,-35.3633818,149.1667812,100.008,13.885157304289683,-1.75,-23.47
512.045,15,-35.3633832,149.16675519999998,99.907,13.553033379482288,-1.58,-23.45
512.145,15,-35.363384499999995,149.1667293,99.812,12.836367243082238,-1.4000000000000001,-23.44
512.245,15,-35.3633856,149.1667034,99.73400000000001,12.042648888881628,-1.22,-23.44
512.344,15,-35.3633866,149.1666773,99.682,11.363957750493203,-1.03,-23.44
512.444,15,-35.3633874,149.1666514,99.654,10.79940590332486,-0.86,-23.43
512.544,15,-35.363388,149.1666253,99.65,10.290258843156368,-0.7000000000000001,-23.42
512.644,15,-35.3633885,149.1665994,99.658,9.715113372585336,-0.55,-23.400000000000002
512.744,15,-35.3633889,149.1665734,99.672,8.986102523034134,-0.43,-23.39
512.844,15,-35.3633892,149.1665475,99.685,8.105136186149426,-0.33,-23.38
512.944,15,-35.363389399999996,149.1665218,99.693,7.098013267086822,-0.26,-23.36
513.044,15,-35.3633896,149.1664961,99.691,6.027779826980122,-0.21,-23.36
513.144,15,-35.3633897,149.1664706,99.678,5.003817503405674,-0.17,-23.35
513.244,15,-35.3633898,149.16644499999998,99.654,4.094534482882564,-0.13,-23.35
513.344,15,-35.3633899,149.1664195,99.621,3.379729573031342,-0.1,-23.36
513.444,15,-35.3633899,149.166394,99.58200000000001,2.8322412459569835,-0.07,-23.37
513.544,15,-35.363389999999995,149.1663685,99.545,2.438930779017323,-0.03,-23.37
513.644,15,-35.363389999999995,149.1663429,99.512,2.114673738029903,0.0,-23.39
513.744,15,-35.3633899,149.1663173,99.491,1.8671250575070153,0.01,-23.39
513.844,15,-35.3633899,149.1662917,99.48100000000001,1.6244872829973667,0.03,-23.400000000000002
513.944,15,-35.3633898,149.1662661,99.479,1.4260126578873744,0.05,-23.41
514.045,15,-35.3633897,149.1662404,99.483,1.257936109843641,0.07,-23.43
514.145,15,-35.3633897,149.1662143,99.489,1.0348724835564853,0.08,-23.45
514.245,15,-35.3633897,149.1661883,99.493,0.8328986137964779,0.09,-23.47
514.345,15,-35.3633896,149.1661623,99.49000000000001,0.5987883838264432,0.1,-23.490000000000002
514.444,15,-35.3633895,149.16613619999998,99.483,0.39135604566125837,0.11,-23.51
514.544,15,-35.363389399999996,149.1661101,99.471,0.23645351846387808,0.11,-23.54
514.644,15,-35.3633893,149.1660839,99.456,0.0893210584890079,0.12,-23.57
514.744,15,-35.3633891,149.16605769999998,99.44,-0.05695437282758435,0.12,-23.6
514.844,15,-35.363389,149.1660316,99.428,-0.1279349526623998,0.12,-23.63
514.944,15,-35.3633889,149.1660056,99.42,-0.20825245445347557,0.12,-23.64
515.044,15,-35.363388799999996,149.1659796,99.418,-0.2767562236003019,0.11,-23.66
515.144,15,-35.3633887,149.16595379999998,99.423,-0.3160801839730041,0.11,-23.66
515.244,15,-35.3633887,149.16592789999999,99.432,-0.38853082862453253,0.1,-23.67
515.344,15,-35.3633886,149.16590209999998,99.44200000000001,-0.4695866578566308,0.09,-23.67
515.444,15,-35.3633885,149.16587619999999,99.453,-0.518989896371009,0.08,-23.68
515.544,15,-35.3633884,149.1658503,99.464,-0.5085198567036142,0.07,-23.68
515.644,15,-35.3633884,149.1658244,99.47200000000001,-0.4870929129470495,0.07,-23.68
515.744,15,-35.3633883,149.1657986,99.479,-0.43936525857429287,0.06,-23.68
515.844,15,-35.3633883,149.1657727,99.48700000000001,-0.43898258121778705,0.05,-23.68
515.944,15,-35.363388199999996,149.1657468,99.493,-0.4524801289152165,0.04,-23.69
516.044,15,-35.363388199999996,149.1657208,99.498,-0.43523910394409115,0.04,-23.69
516.145,15,-35.363388199999996,149.1656949,99.5,-0.3853641554901589,0.03,-23.69
516.245,15,-35.363388199999996,149.1656686,99.503,-0.3568848813329974,0.02,-23.7
516.345,15,-35.3633881,149.1656424,99.508,-0.3094569815513544,0.02,-23.71
516.445,15,-35.3633881,149.1656162,99.515,-0.2689735165257633,0.01,-23.72
516.544,15,-35.3633881,149.1655898,99.524,-0.22750965255001082,0.01,-23.740000000000002
516.644,15,-35.3633881,149.1655634,99.536,-0.17506264428567953,0.0,-23.76
516.744,15,-35.3633881,149.165537,99.545,-0.1217867151923305,0.01,-23.78
516.844,15,-35.3633881,149.1655106,99.551,-0.0840385341560245,0.0,-23.8
516.944,15,-35.3633881,149.16548419999998,99.554,-0.08188675776320603,0.0,-23.82
517.044,15,-35.3633881,149.16545779999998,99.559,-0.02640827275540639,0.0,-23.830000000000002
517.144,15,-35.3633881,149.1654316,99.565,0.055542001098006125,0.0,-23.830000000000002
517.244,15,-35.3633881,149.1654054,99.572,0.11835611927955937,0.0,-23.84
517.344,15,-35.3633881,149.16537929999998,99.57900000000001,0.156863872046445,0.0,-23.830000000000002
517.444,15,-35.3633881,149.1653532,99.58800000000001,0.1762581274936301,0.0,-23.830000000000002
517.544,15,-35.3633881,149.1653272,99.598,0.2021554700826078,0.0,-23.82
517.644,15,-35.363388,149.1653011,99.61,0.17632416154908237,0.0,-23.82
517.744,15,-35.363388,149.1652752,99.625,0.16919543174735924,0.0,-23.81
517.844,15,-35.363388,149.16524909999998,99.637,0.1833001992702587,0.0,-23.81
517.944,15,-35.363388,149.1652231,99.646,0.20980977760487812,0.0,-23.81
518.044,15,-35.363388,149.165197,99.652,0.22563636644842905,0.0,-23.81
518.144,15,-35.363388,149.165171,99.657,0.22557438781779646,0.0,-23.82
518.245,15,-35.3633879,149.1651448,99.659,0.2415208518173664,0.01,-23.82
518.345,15,-35.3633879,149.1651183,99.662,0.22229649732578535,0.01,-23.830000000000002
518.445,15,-35.3633879,149.1650919,99.664,0.17315630113573194,0.02,-23.85
518.544,15,-35.3633878,149.1650655,99.667,0.1232238296823835,0.03,-23.86
518.644,15,-35.3633878,149.165039,99.672,0.056452460645294196,0.03,-23.88
518.744,15,-35.3633877,149.1650125,99.681,-0.00048604566618842934,0.03,-23.89
518.844,15,-35.3633877,149.164986,99.694,-0.031825073004582684,0.03,-23.900000000000002
518.944,15,-35.363387599999996,149.1649594,99.711,-0.04775451489208047,0.03,-23.91
519.044,15,-35.363387599999996,149.164933,99.73,0.05885700739825603,0.03,-23.91
519.144,15,-35.3633875,149.1649067,99.749,0.4912729353582444,0.03,-23.900000000000002
519.244,15,-35.3633875,149.16488049999998,99.765,1.4423944397248267,0.05,-23.89
519.344,15,-35.3633874,149.1648544,99.778,3.008283181955127,0.09,-23.87
519.444,15,-35.3633872,149.16482829999998,99.788,5.072557380986329,0.17,-23.85
519.544,15,-35.363386999999996,149.1648023,99.795,7.511196596303457,0.28,-23.81
519.644,15,-35.3633866,149.1647762,99.8,10.075360601300257,0.44,-23.78
519.744,15,-35.3633861,149.16475029999998,99.799,12.658632060500167,0.64,-23.73
519.844,15,-35.3633854,149.16472439999998,99.797,15.045822449007352,0.87,-23.69
519.944,15,-35.363384499999995,149.16469859999998,99.792,17.07400272681303,1.1300000000000001,-23.64
520.044,15,-35.363383299999995,149.1646728,99.787,18.66058395402071,1.41,-23.580000000000002
520.144,15,-35.3633819,149.164647,99.785,19.788004006726986,1.7,-23.52
520.244,15,-35.3633802,149.1646213,99.786,20.563517345468576,2.0,-23.46
520.345,15,-35.3633781,149.1645955,99.79,21.116364809720455,2.3000000000000003,-23.39
520.445,15,-35.3633759,149.16456979999998,99.8,21.699521238414263,2.61,-23.32
520.545,15,-35.3633733,149.1645441,99.81400000000001,22.495431229564804,2.92,-23.25
520.644,15,-35.363370499999995,149.16451849999999,99.828,23.66156308693942,3.23,-23.17
520.744,15,-35.3633674,149.1644928,99.84400000000001,25.230831492148408,3.5700000000000003,-23.080000000000002
520.844,15,-35.363363899999996,149.16446729999998,99.85600000000001,27.158898272194627,3.93,-22.98
520.944,15,-35.3633601,149.16444189999999,99.864,29.300736312883906,4.33,-22.86
521.044,15,-35.3633559,149.16441659999998,99.868,31.539006379370008,4.7700000000000005,-22.72
521.144,15,-35.3633513,149.1643915,99.868,33.70367774245464,5.26,-22.55
521.244,15,-35.363346299999996,149.1643666,99.867,35.67160892159164,5.8,-22.35
521.344,15,-35.363340699999995,149.1643423,99.87,37.38645768631757,6.37,-22.1
521.444,15,-35.363334699999996,149.1643182,99.877,38.7868923529803,6.98,-21.830000000000002
521.544,15,-35.3633281,149.16429449999998,99.892,39.91794777387232,7.61,-21.51
521.644,15,-35.363321,149.1642712,99.913,40.75966272114426,8.25,-21.16
521.744,15,-35.3633132,149.1642484,99.944,41.45893748837016,8.89,-20.77
521.844,15,-35.363304899999996,149.16422599999999,99.983,42.10003953443507,9.5,-20.37
521.944,15,-35.3632961,149.1642041,100.027,42.66020383883532,10.1,-19.94
522.044,15,-35.3632868,149.1641826,100.075,43.06379288670221,10.67,-19.51
522.144,15,-35.363276899999995,149.1641616,100.124,43.31530777269876,11.22,-19.04
522.244,15,-35.363266599999996,149.1641411,100.175,43.4284532713946,11.75,-18.55
522.344,16,-35.3632558,149.1641213,100.226,43.448868706823774,12.26,-18.04
522.445,16,-35.3632445,149.1641017,100.278,43.38887574024896,12.74,-17.52
522.545,16,-35.3632327,149.1640828,100.33,43.27716799637341,13.19,-17.0
522.645,16,-35.3632206,149.1640644,100.379,43.122252475808345,13.6,-16.490000000000002
522.744,16,-35.363208,149.16404649999998,100.423,42.96397650217164,13.99,-15.97
522.844,16,-35.3631952,149.1640292,100.46300000000001,42.95536363362826,14.36,-15.44
522.944,16,-35.363182,149.16401249999998,100.5,43.110859720272764,14.71,-14.89
523.044,16,-35.3631685,149.1639964,100.531,43.38669690990373,15.040000000000001,-14.33
523.144,16,-35.363154699999996,149.16398089999998,100.556,43.71121627284396,15.36,-13.75
523.244,16,-35.3631406,149.16396609999998,100.575,44.07950348798563,15.67,-13.15
523.344,16,-35.3631265,149.1639521,100.59,44.40279683196985,15.950000000000001,-12.530000000000001
523.444,16,-35.363112099999995,149.16393879999998,100.602,44.609601299659495,16.240000000000002,-11.88
523.544,16,-35.363097499999995,149.16392629999999,100.613,44.71158968434612,16.490000000000002,-11.200000000000001
523.644,16,-35.3630827,149.1639145,100.626,44.7876472558488,16.740000000000002,-10.5
523.744,16,-35.363067699999995,149.1639036,100.643,44.835441504565964,16.96,-9.77
523.844,16,-35.363052499999995,149.1638934,100.662,44.82884354182774,17.150000000000002,-9.040000000000001
523.944,16,-35.3630372,149.1638841,100.684,44.80339425698027,17.31,-8.31
524.044,16,-35.3630217,149.1638755,100.70700000000001,44.77285648120114,17.45,-7.57
524.144,16,-35.3630061,149.1638678,100.73,44.70569181599782,17.55,-6.84
524.244,16,-35.3629904,149.16386079999998,100.753,44.63897111309055,17.62,-6.11
524.344,16,-35.362974699999995,149.16385459999998,100.774,44.53318514322539,17.67,-5.39
524.445,16,-35.362959,149.1638492,100.793,44.393504359604044,17.69,-4.69
524.545,16,-35.362943099999995,149.16384449999998,100.808,44.18722581648049,17.68,-3.99
524.645,16,-35.362927299999996,149.1638406,100.82000000000001,43.926391137361456,17.66,-3.33
524.745,16,-35.3629114,149.1638374,100.824,43.64349494722329,17.63,-2.68
524.844,16,-35.3628955,149.1638348,100.825,43.32990388695507,17.56,-2.02
524.944,16,-35.3628796,149.16383299999998,100.822,43.06021728267171,17.48,-1.36
525.044,16,-35.3628639,149.1638319,100.81700000000001,42.90026108249918,17.38,-0.72
525.144,16,-35.362848199999995,149.16383159999998,100.809,42.820125888062,17.26,-0.07
525.244,16,-35.3628327,149.1638319,100.798,42.79258315023393,17.12,0.55
525.344,16,-35.3628174,149.1638328,100.783,42.788129866895076,16.96,1.18
525.444,16,-35.3628023,149.1638345,100.766,42.79109416899487,16.78,1.81
525.544,16,-35.362787399999995,149.16383679999998,100.747,42.782471055167726,16.580000000000002,2.44
525.644,16,-35.3627727,149.1638399,100.72800000000001,42.736975165106266,16.35,3.0700000000000003
525.744,16,-35.362758299999996,149.1638436,100.709,42.6531482534227,16.11,3.68
525.844,16,-35.362744,149.163848,100.68900000000001,42.57757221025651,15.860000000000001,4.3
525.944,16,-35.36273,149.16385309999998,100.67,42.500141770730664,15.58,4.91
526.044,16,-35.362716299999995,149.16385889999998,100.652,42.36956904436753,15.27,5.53
526.144,16,-35.3627028,149.1638653,100.635,42.130741234754275,14.950000000000001,6.13
526.244,16,-35.362689599999996,149.16387229999998,100.618,41.75348256613779,14.620000000000001,6.71
526.344,16,-35.362676799999996,149.16388,100.60300000000001,41.29994092977602,14.27,7.2700000000000005
526.444,16,-35.3626642,149.1638883,100.59,40.75834790972903,13.91,7.79
526.545,16,-35.362651899999996,149.16389719999998,100.57600000000001,40.26875653492793,13.540000000000001,8.290000000000001
526.645,16,-35.3626399,149.16390669999998,100.562,39.87126343089528,13.16,8.78
526.745,16,-35.362628199999996,149.1639167,100.545,39.5438173318957,12.790000000000001,9.24
526.845,16,-35.3626168,149.1639272,100.527,39.2092917418214,12.41,9.67
526.944,16,-35.362605699999996,149.1639382,100.506,38.850187716018816,12.030000000000001,10.09
527.044,16,-35.362595,149.1639497,100.48100000000001,38.43580355416872,11.66,10.48
527.144,16,-35.3625846,149.1639616,100.44800000000001,38.041554789991835,11.290000000000001,10.86
527.244,16,-35.3625745,149.1639739,100.413,37.73882714559853,10.9,11.23
527.344,16,-35.3625648,149.1639866,100.377,37.57844064350829,10.49,11.6
527.444,16,-35.3625555,149.1639997,100.34,37.59088866327064,10.08,11.97
527.544,16,-35.362546699999996,149.16401299999998,100.303,37.72092863487851,9.64,12.32
527.644,16,-35.362538199999996,149.1640268,100.265,37.94098366955798,9.19,12.67
527.744,16,-35.3625302,149.16404079999998,100.23100000000001,38.18464042291443,8.73,13.01
527.844,16,-35.3625226,149.1640553,100.199,38.43427017670005,8.26,13.35
527.944,16,-35.3625155,149.1640701,100.169,38.612732774428736,7.76,13.69
528.044,16,-35.3625088,149.16408529999998,100.141,38.63356826649186,7.25,14.02
528.144,16,-35.3625026,149.1641008,100.117,38.551448902100795,6.72,14.34
528.244,16,-35.362496799999995,149.1641166,100.098,38.43867223362013,6.18,14.64
528.344,16,-35.3624916,149.1641328,100.083,38.35424085019502,5.64,14.91
528.444,16,-35.3624868,149.1641493,100.071,38.31796230041849,5.1000000000000005,15.17
528.544,16,-35.3624825,149.1641661,100.061,38.29357169489238,4.5600000000000005,15.41
528.645,16,-35.3624787,149.1641831,100.052,38.175037176941395,4.01,15.63
528.745,16,-35.3624753,149.16420069999998,100.04,37.92076630961474,3.46,15.84
528.845,16,-35.3624724,149.16421839999998,100.028,37.62099613713205,2.92,16.03
528.945,16,-35.36247,149.1642363,100.014,37.325255776259674,2.39,16.21
529.044,16,-35.3624681,149.1642544,99.999,37.091314966997565,1.87,16.36
529.144,16,-35.3624666,149.1642727,99.98100000000001,36.99466096005271,1.35,16.5
529.244,16,-35.3624657,149.16429119999998,99.964,36.994268224175435,0.8200000000000001,16.62
529.344,16,-35.362465199999995,149.1643097,99.94800000000001,37.09289615579042,0.29,16.73
529.444,16,-35.3624651,149.1643284,99.932,37.26189552642405,-0.23,16.830000000000002
529.544,16,-35.3624656,149.1643469,99.917,37.518727714689454,-0.78,16.92
529.644,16,-35.362466399999995,149.1643656,99.901,37.87856598582782,-1.33,16.990000000000002
529.744,16,-35.3624679,149.1643842,99.886,38.26036673024236,-1.9000000000000001,17.05
529.844,16,-35.3624698,149.1644029,99.87,38.64598896549753,-2.5,17.09
529.944,16,-35.3624723,149.1644216,99.85600000000001,39.015700275081144,-3.11,17.12
530.044,16,-35.3624754,149.1644404,99.846,39.340622619182405,-3.7600000000000002,17.13
530.144,16,-35.362479,149.1644591,99.84100000000001,39.614127299211816,-4.4,17.12
530.244,16,-35.3624833,149.1644778,99.839,39.80995223781066,-5.05,17.1
530.344,16,-35.3624881,149.16449649999998,99.842,39.87200109132564,-5.7,17.05
530.444,16,-35.3624934,149.1645151,99.849,39.76925797073573,-6.34,16.98
530.544,16,-35.3624994,149.1645337,99.85900000000001,39.52965493465168,-6.96,16.89
530.644,16,-35.362505899999995,149.1645522,99.87,39.23643832867762,-7.5600000000000005,16.79
530.745,16,-35.3625129,149.1645705,99.884,38.8985454553425,-8.14,16.67
530.845,16,-35.362520499999995,149.16458889999998,99.897,38.5779602813642,-8.700000000000001,16.53
530.945,16,-35.3625286,149.1646072,99.906,38.34312130222624,-9.25,16.38
531.044,16,-35.3625373,149.1646252,99.914,38.277090448425135,-9.78,16.23
531.144,16,-35.3625464,149.1646432,99.915,38.31464965867104,-10.31,16.05
531.244,16,-35.362556,149.1646609,99.914,38.44170142251703,-10.84,15.860000000000001
531.344,16,-35.362566,149.16467849999998,99.908,38.60511369840958,-11.370000000000001,15.67
531.444,16,-35.3625766,149.1646958,99.901,38.81658660039694,-11.9,15.450000000000001
531.544,16,-35.3625876,149.16471289999998,99.891,39.068729863797124,-12.44,15.21
531.644,16,-35.3625991,149.1647296,99.88,39.38660345267493,-12.97,14.96
531.744,16,-35.362611,149.16474589999999,99.872,39.72299709948723,-13.51,14.68
531.844,16,-35.362623299999996,149.1647619,99.86200000000001,40.03246955568593,-14.06,14.38
531.944,16,-35.362636099999996,149.16477749999999,99.855,40.32460357667654,-14.6,14.06
532.044,16,-35.362649399999995,149.1647927,99.85000000000001,40.55088774387906,-15.15,13.71
532.144,16,-35.3626632,149.1648075,99.851,40.72062819003764,-15.69,13.34
532.244,16,-35.362677399999995,149.1648219,99.855,40.86107053975144,-16.23,12.950000000000001
532.344,16,-35.3626921,149.1648358,99.86500000000001,40.96169630169865,-16.76,12.530000000000001
532.444,16,-35.3627073,149.1648492,99.879,41.037852910944295,-17.29,12.08
532.544,16,-35.362722999999995,149.1648622,99.9,41.01530304139949,-17.78,11.63
532.644,16,-35.3627391,149.16487469999998,99.923,40.92646960105431,-18.240000000000002,11.18
532.744,16,-35.3627556,149.16488669999998,99.947,40.73682256855974,-18.68,10.72
532.845,16,-35.3627726,149.1648983,99.968,40.43739049044096,-19.1,10.25
532.945,16,-35.3627901,149.1649093,99.986,40.05731095369726,-19.5,9.78
533.045,16,-35.3628078,149.1649199,100.003,39.50481353664034,-19.88,9.32
533.144,16,-35.362826,149.16493,100.016,38.94883613820131,-20.22,8.86
533.244,16,-35.3628445,149.1649395,100.026,38.45219942327134,-20.54,8.41
533.344,16,-35.3628632,149.1649486,100.03,38.088488434873575,-20.830000000000002,7.97
533.444,16,-35.3628822,149.1649572,100.028,37.879593929297904,-21.1,7.53
533.544,16,-35.3629014,149.1649654,100.019,37.825956453745796,-21.36,7.08
533.644,16,-35.3629209,149.164973,100.004,37.949275519210374,-21.62,6.62
533.744,16,-35.3629403,149.16497999999999,99.988,38.24436018192244,-21.87,6.13
533.844,16,-35.36296,149.1649865,99.971,38.59364239569855,-22.12,5.62
533.944,16,-35.3629799,149.1649923,99.95400000000001,39.021888426469175,-22.37,5.09
534.044,16,-35.363,149.1649976,99.937,39.5171010469572,-22.62,4.53
534.144,16,-35.3630202,149.1650022,99.921,40.00914104457575,-22.86,3.95
534.244,16,-35.3630407,149.1650062,99.908,40.436109829971585,-23.09,3.34
534.344,16,-35.3630614,149.1650095,99.9,40.79949638438377,-23.31,2.71
534.444,16,-35.363082299999995,149.1650122,99.895,41.06715783757823,-23.51,2.08
534.544,16,-35.3631033,149.16501409999998,99.891,41.22278028272239,-23.69,1.44
534.644,16,-35.3631245,149.1650153,99.892,41.277486682879605,-23.85,0.77
534.744,16,-35.3631459,149.1650157,99.898,41.24025532171387,-23.990000000000002,0.1
534.844,16,-35.3631674,149.16501549999998,99.911,41.13842744647273,-24.11,-0.5700000000000001
534.945,16,-35.3631891,149.16501449999998,99.928,41.00996524856313,-24.19,-1.23
535.045,16,-35.3632108,149.1650127,99.946,40.83494506617614,-24.25,-1.8800000000000001
535.145,16,-35.3632328,149.1650103,99.961,40.55489364982728,-24.3,-2.5100000000000002
535.244,16,-35.3632547,149.1650071,99.977,40.26107940230084,-24.32,-3.12
535.344,16,-35.3632767,149.1650034,99.989,39.9419593038995,-24.32,-3.72
535.444,16,-35.363298799999995,149.164999,99.997,39.635355527152214,-24.310000000000002,-4.29
535.544,16,-35.3633208,149.16499389999998,99.999,39.35331652575488,-24.28,-4.84
535.644,16,-35.3633428,149.16498819999998,99.999,39.18049566428063,-24.240000000000002,-5.4
535.744,16,-35.363364499999996,149.16498199999998,100.001,39.14138941618772,-24.17,-5.96
535.844,16,-35.3633861,149.1649751,99.998,39.18080985298245,-24.080000000000002,-6.5200000000000005
535.944,16,-35.363407599999995,149.1649677,99.993,39.34249409101499,-23.990000000000002,-7.07
536.044,16,-35.363429,149.1649596,99.983,39.56603252217117,-23.87,-7.63
536.144,16,-35.3634503,149.164951,99.97,39.806943539481274,-23.740000000000002,-8.22
536.244,16,-35.3634714,149.16494169999999,99.956,40.06368352019288,-23.59,-8.81
536.344,16,-35.3634924,149.16493169999998,99.943,40.333858483001904,-23.42,-9.41
536.444,16,-35.3635133,149.164921,99.929,40.58919485983908,-23.23,-10.03
536.544,16,-35.3635339,149.16490969999998,99.92,40.791132817745094,-23.02,-10.65
536.644,16,-35.3635544,149.16489769999998,99.913,40.91591354369206,-22.78,-11.28
536.744,16,-35.3635746,149.164885,99.909,40.93728179051044,-22.53,-11.89
536.844,16,-35.3635947,149.1648716,99.908,40.884084862159796,-22.26,-12.49
536.945,16,-35.363614399999996,149.1648576,99.911,40.80863176239866,-21.97,-13.07
537.045,16,-35.3636342,149.1648428,99.915,40.66969546939685,-21.66,-13.64
537.145,16,-35.3636536,149.1648274,99.918,40.50884792953764,-21.34,-14.21
537.245,16,-35.363672699999995,149.1648113,99.925,40.33321303012534,-21.01,-14.75
537.344,16,-35.363691599999996,149.1647946,99.931,40.12735795873033,-20.66,-15.280000000000001
537.444,16,-35.3637101,149.1647774,99.938,39.50777100855096,-20.31,-15.790000000000001
537.544,16,-35.3637284,149.1647595,99.94200000000001,38.00190212676532,-19.95,-16.27
537.644,16,-35.363746299999995,149.16474119999998,99.94800000000001,35.71376826424354,-19.61,-16.69
537.744,16,-35.363763999999996,149.16472249999998,99.959,33.005383107374634,-19.28,-17.04
537.844,16,-35.3637813,149.16470339999998,99.97500000000001,30.407107430115495,-18.990000000000002,-17.31
537.944,16,-35.3637982,149.1646843,99.993,27.90931920347288,-18.71,-17.51
538.044,16,-35.3638149,149.16466499999999,100.006,25.236184652910406,-18.47,-17.67
538.144,16,-35.3638313,149.1646456,100.01,22.496670908899162,-18.27,-17.78
538.244,16,-35.3638475,149.1646261,100.004,20.300857298293856,-18.1,-17.85
538.344,16,-35.3638636,149.1646067,99.986,19.29761520734029,-17.94,-17.900000000000002
538.444,16,-35.3638796,149.1645871,99.952,19.67883538567538,-17.78,-17.98
538.544,16,-35.3638954,149.1645675,99.905,21.04757455949467,-17.57,-18.1
538.644,16,-35.363911,149.1645476,99.846,22.832502772652226,-17.330000000000002,-18.28
538.744,16,-35.363926299999996,149.16452759999999,99.781,24.77237382713152,-17.06,-18.5
538.844,16,-35.363941499999996,149.1645072,99.714,26.850715014201775,-16.75,-18.76
538.944,16,-35.3639563,149.1644866,99.651,28.886809773708208,-16.39,-19.07
539.045,16,-35.3639708,149.16446539999998,99.596,30.48812713405019,-15.99,-19.42
539.145,16,-35.3639852,149.1644436,99.549,31.422124767198166,-15.56,-19.79
539.245,16,-35.363999,149.1644215,99.516,31.586534250709544,-15.13,-20.150000000000002
539.345,16,-35.3640125,149.164399,99.496,31.153268030898953,-14.700000000000001,-20.490000000000002
539.444,16,-35.3640256,149.1643761,99.492,30.4298382996733,-14.3,-20.79
539.544,16,-35.3640384,149.1643528,99.503,29.6797469250225,-13.92,-21.05
539.644,16,-35.364050899999995,149.1643293,99.52,29.041247181031366,-13.58,-21.28
539.744,16,-35.364063099999996,149.16430549999998,99.538,28.626072424784848,-13.26,-21.490000000000002
539.844,16,-35.3640749,149.16428159999998,99.551,28.517330690556367,-12.950000000000001,-21.67
539.944,16,-35.3640864,149.1642577,99.562,28.734161875947592,-12.63,-21.84
540.044,16,-35.3640976,149.1642336,99.566,29.26131929118376,-12.31,-22.01
540.144,16,-35.3641085,149.1642094,99.56400000000001,30.065253047061773,-11.96,-22.18
540.244,16,-35.364118999999995,149.164185,99.553,31.12238533056674,-11.6,-22.35
540.344,16,-35.3641292,149.16416049999998,99.535,32.302628358766604,-11.200000000000001,-22.53
540.444,16,-35.364139,149.1641357,99.513,33.544493353658325,-10.76,-22.73
540.544,16,-35.3641484,149.1641108,99.493,34.7823353671289,-10.26,-22.94
540.644,16,-35.364157399999996,149.1640855,99.47800000000001,36.01672130487946,-9.71,-23.150000000000002
540.744,16,-35.3641657,149.1640601,99.46900000000001,37.19835427657542,-9.120000000000001,-23.37
540.844,16,-35.3641736,149.1640344,99.46600000000001,38.22608259570348,-8.49,-23.580000000000002
540.944,16,-35.3641809,149.1640084,99.47,39.03043982331003,-7.8500000000000005,-23.77
541.044,16,-35.3641876,149.1639823,99.48100000000001,39.586878259518045,-7.19,-23.94
541.145,16,-35.3641937,149.1639559,99.502,39.93946969994703,-6.53,-24.09
541.245,16,-35.364199299999996,149.1639291,99.529,40.10761871202899,-5.8500000000000005,-24.22
541.345,16,-35.364204199999996,149.1639022,99.561,40.15071379059719,-5.19,-24.32
541.445,16,-35.3642086,149.1638752,99.60000000000001,40.092783541151725,-4.54,-24.400000000000002
541.544,16,-35.3642124,149.163848,99.639,39.91495273592127,-3.92,-24.45
541.644,16,-35.3642156,149.1638209,99.679,39.69812496562463,-3.3200000000000003,-24.48
541.744,16,-35.3642183,149.1637936,99.717,39.470884571938306,-2.74,-24.490000000000002
541.844,16,-35.3642205,149.1637664,99.752,39.25289225438818,-2.16,-24.48
541.944,16,-35.3642222,149.16373919999998,99.785,39.148267416681925,-1.6,-24.44
542.044,16,-35.3642234,149.1637121,99.816,39.174310927987186,-1.05,-24.39
542.144,16,-35.3642241,149.1636853,99.84400000000001,39.28410963398972,-0.49,-24.3
542.244,16,-35.3642243,149.1636586,99.868,39.445117683294434,0.07,-24.2
542.344,16,-35.364224,149.1636322,99.89,39.69274960674783,0.64,-24.080000000000002
542.444,16,-35.3642232,149.1636059,99.91,40.04511223583962,1.22,-23.95
542.544,16,-35.3642219,149.1635799,99.927,40.42902692380228,1.79,-23.79
542.644,16,-35.364219999999996,149.16355389999998,99.94,40.839579349527995,2.37,-23.63
542.744,16,-35.364217599999996,149.1635282,99.949,41.24771388828752,2.97,-23.44
542.844,16,-35.3642147,149.16350269999998,99.956,41.61851461304376,3.58,-23.23
542.944,16,-35.3642112,149.1634774,99.964,41.94468005157396,4.22,-22.990000000000002
543.044,16,-35.3642071,149.16345239999998,99.97500000000001,42.26476320664827,4.86,-22.73
543.144,16,-35.364202399999996,149.1634277,99.99000000000001,42.52156807415699,5.51,-22.43
543.245,16,-35.3641971,149.16340309999998,100.007,42.68443051982136,6.15,-22.12
543.345,16,-35.3641913,149.1633789,100.025,42.76394075194948,6.79,-21.79
543.445,16,-35.3641848,149.163355,100.044,42.75567622305376,7.41,-21.44
543.544,16,-35.3641778,149.1633314,100.065,42.60734841994318,8.02,-21.07
543.644,16,-35.3641703,149.16330829999998,100.089,42.32984807924932,8.59,-20.69
543.744,16,-35.364162199999996,149.1632855,100.114,42.04141260569426,9.13,-20.3
543.844,16,-35.364153699999996,149.16326329999998,100.141,41.75194235847996,9.66,-19.89
543.944,16,-35.3641447,149.1632415,100.169,41.458677941181705,10.14,-19.48
544.044,16,-35.3641353,149.1632201,100.194,41.16214186327101,10.59,-19.07
544.144,16,-35.3641256,149.1631994,100.21900000000001,40.901344750192415,11.02,-18.64
544.244,16,-35.3641156,149.1631792,100.239,40.76796823117499,11.42,-18.21
544.344,16,-35.3641052,149.1631596,100.254,40.7501550978196,11.81,-17.76
544.444,16,-35.3640945,149.1631404,100.263,40.79791178049633,12.18,-17.31
544.544,16,-35.3640835,149.1631218,100.268,40.811507272039236,12.55,-16.84
544.644,16,-35.364072199999995,149.1631037,100.267,40.80998072475974,12.91,-16.37
544.744,16,-35.3640605,149.1630861,100.264,40.84946604835159,13.25,-15.88
544.844,16,-35.3640486,149.163069,100.255,40.938371205683055,13.6,-15.38
544.944,16,-35.364036299999995,149.1630526,100.245,41.08109825367423,13.93,-14.84
545.044,16,-35.3640237,149.1630367,100.23400000000001,41.25939351176824,14.27,-14.290000000000001
545.144,16,-35.3640109,149.1630214,100.22200000000001,41.46969845140752,14.59,-13.72
545.244,16,-35.3639977,149.16300669999998,100.212,41.61125070686145,14.91,-13.13
545.345,16,-35.3639842,149.1629926,100.203,41.70744367603732,15.21,-12.51
545.445,16,-35.3639704,149.1629792,100.196,41.779724152928985,15.5,-11.870000000000001
545.545,16,-35.3639563,149.16296649999998,100.19,41.77862449247261,15.780000000000001,-11.23
545.644,16,-35.3639419,149.16295449999998,100.188,41.67637656059752,16.03,-10.59
545.744,16,-35.3639273,149.1629431,100.191,41.4559458655137,16.25,-9.96
545.844,16,-35.3639125,149.1629324,100.196,41.17859920407616,16.45,-9.33
545.944,16,-35.3638975,149.16292239999999,100.20100000000001,40.83570321717401,16.62,-8.72
546.044,16,-35.3638824,149.1629131,100.20700000000001,40.47976156895714,16.76,-8.13
546.144,16,-35.3638671,149.1629044,100.21000000000001,40.16857815037135,16.89,-7.54
546.244,16,-35.3638518,149.1628963,100.211,39.88609860177255,16.98,-6.97
546.344,16,-35.3638366,149.162889,100.208,39.562716465329125,17.06,-6.4
546.444,16,-35.3638213,149.1628823,100.2,39.2104767796424,17.11,-5.83
546.544,16,-35.3638061,149.1628762,100.191,38.849405659358844,17.14,-5.26
546.644,16,-35.363790699999996,149.16287069999998,100.181,38.51591825803839,17.16,-4.71
546.744,16,-35.363775499999996,149.16286589999999,100.17,38.2521124466304,17.16,-4.15
546.844,16,-35.3637602,149.16286159999999,100.156,38.088334755617254,17.14,-3.6
546.944,16,-35.363745,149.162858,100.142,38.09974117153117,17.11,-3.0500000000000003
547.044,16,-35.3637297,149.16285499999998,100.125,38.26951918373018,17.080000000000002,-2.5
547.144,16,-35.3637146,149.16285249999999,100.10600000000001,38.4978080114541,17.03,-1.94
547.244,16,-35.3636994,149.1628507,100.084,38.761050332255564,16.97,-1.37
547.345,16,-35.363684299999996,149.1628495,100.061,39.04739576792459,16.89,-0.78
547.445,16,-35.3636692,149.162849,100.038,39.37075399870592,16.8,-0.17
547.545,16,-35.3636541,149.1628491,100.016,39.682634096587044,16.7,0.45
547.645,16,-35.3636391,149.16285,99.995,39.937844114924566,16.580000000000002,1.08
547.744,16,-35.363624099999996,149.1628515,99.974,40.01918142265566,16.44,1.72
547.844,16,-35.3636093,149.1628538,99.956,39.918852773937346,16.29,2.36
547.944,16,-35.3635947,149.1628567,99.944,39.67150088823992,16.11,2.99
548.044,16,-35.3635802,149.1628604,99.935,39.35138016712518,15.92,3.6
548.144,16,-35.3635659,149.1628647,99.932,39.00383623649284,15.72,4.18
548.244,16,-35.363551799999996,149.1628697,99.93,38.66125102319792,15.5,4.74
548.344,16,-35.363538,149.1628752,99.933,38.3774088518597,15.25,5.26
548.444,16,-35.3635245,149.1628812,99.936,38.12398151289555,15.0,5.7700000000000005
548.544,16,-35.3635112,149.1628878,99.94,37.93824476370081,14.73,6.2700000000000005
548.644,16,-35.363498199999995,149.1628949,99.941,37.84157026618845,14.46,6.74
548.744,16,-35.363485499999996,149.1629025,99.941,37.87933096701486,14.17,7.2
548.844,16,-35.363473,149.1629106,99.936,37.96206163333664,13.870000000000001,7.66
548.944,16,-35.3634608,149.1629192,99.929,38.05266409267686,13.55,8.11
549.044,16,-35.3634489,149.1629283,99.918,38.074851962195645,13.22,8.57
549.144,16,-35.3634373,149.1629379,99.906,38.045465073291666,12.88,9.02
549.244,16,-35.363425899999996,149.162948,99.894,37.99699463584667,12.540000000000001,9.46
549.344,16,-35.363414899999995,149.1629585,99.883,37.96607095437944,12.17,9.89
549.445,16,-35.3634042,149.1629696,99.873,38.10051298290738,11.790000000000001,10.33
549.545,16,-35.363393699999996,149.1629814,99.86200000000001,38.37529490831158,11.38,10.77
549.645,16,-35.3633836,149.1629936,99.854,38.67344291086639,10.950000000000001,11.21
549.745,16,-35.3633739,149.1630063,99.849,38.99757295302393,10.51,11.65
549.844,16,-35.3633646,149.1630194,99.845,39.288334105991375,10.05,12.07
549.944,16,-35.3633557,149.1630331,99.84100000000001,39.49232795083756,9.58,12.49
550.044,16,-35.3633473,149.1630472,99.84100000000001,39.56633988068382,9.1,12.89
550.144,16,-35.3633393,149.1630617,99.84,39.45171564603267,8.620000000000001,13.27
550.244,16,-35.363331699999996,149.16307659999998,99.84,39.18198123042511,8.120000000000001,13.63
550.344,16,-35.3633247,149.1630918,99.846,38.88204030321317,7.61,13.97
550.444,16,-35.3633181,149.1631073,99.85600000000001,38.57132133749095,7.1000000000000005,14.290000000000001
550.544,16,-35.363312,149.1631231,99.87,38.324713942413055,6.59,14.57
550.644,16,-35.3633063,149.1631392,99.884,38.18141998872077,6.09,14.83
550.744,16,-35.3633011,149.1631555,99.897,38.17327157304094,5.59,15.06
550.844,16,-35.363296399999996,149.1631721,99.906,38.2601754849456,5.09,15.290000000000001
550.944,16,-35.363292099999995,149.1631889,99.912,38.430407704724416,4.59,15.5
551.044,16,-35.3632882,149.16320589999998,99.914,38.66322153277347,4.07,15.700000000000001
551.144,16,-35.363284799999995,149.1632232,99.913,38.94450238317293,3.54,15.9
551.244,16,-35.3632819,149.1632407,99.909,39.24669727281098,2.99,16.09
551.344,16,-35.3632795,149.1632584,99.904,39.52623642497209,2.41,16.28
551.444,16,-35.3632777,149.1632763,99.898,39.69024975751161,1.81,16.46
551.545,16,-35.363276299999995,149.16329439999998,99.895,39.76745138570026,1.19,16.62
551.645,16,-35.3632755,149.1633129,99.896,39.73158947746311,0.5700000000000001,16.76
551.745,16,-35.3632753,149.1633316,99.898,39.69595638056315,-0.04,16.89
551.845,16,-35.363275699999996,149.1633503,99.903,39.667146642644035,-0.67,16.990000000000002
551.944,16,-35.3632766,149.1633693,99.91,39.57196112637074,-1.29,17.080000000000002
552.044,16,-35.363278,149.16338829999998,99.92,39.52614763251288,-1.9000000000000001,17.150000000000002
552.144,16,-35.363279999999996,149.16340739999998,99.93,39.51666391485032,-2.5100000000000002,17.2
552.244,16,-35.3632825,149.16342649999999,99.93900000000001,39.520249764164575,-3.1,17.23
552.344,16,-35.3632856,149.16344569999998,99.946,39.56260718230241,-3.69,17.240000000000002
552.444,16,-35.3632892,149.16346479999999,99.952,39.61835518630805,-4.28,17.23
552.544,16,-35.363293299999995,149.1634837,99.958,39.65357505676322,-4.8500000000000005,17.2
552.644,16,-35.3632979,149.1635026,99.962,39.71994400492824,-5.44,17.150000000000002
552.744,16,-35.363303,149.16352129999999,99.967,39.82720529565412,-6.04,17.080000000000002
552.844,16,-35.363308599999996,149.1635399,99.971,39.944404511622366,-6.63,16.990000000000002
552.944,16,-35.3633148,149.1635584,99.976,40.07519238894435,-7.24,16.88
553.044,16,-35.3633215,149.1635768,99.98,40.26736659143183,-7.8500000000000005,16.75
553.144,16,-35.3633288,149.163595,99.983,40.40087288404349,-8.46,16.61
553.244,16,-35.3633366,149.1636131,99.98700000000001,40.43225418818511,-9.07,16.45
553.344,16,-35.363344999999995,149.16363099999998,99.992,40.32848653921969,-9.68,16.26
553.444,16,-35.3633539,149.16364869999998,99.999,40.11895682605121,-10.28,16.06
553.544,16,-35.363363299999996,149.1636661,100.007,39.893188338131026,-10.86,15.84
553.645,16,-35.3633733,149.1636834,100.017,39.70074775826591,-11.43,15.610000000000001
553.745,16,-35.363383999999996,149.1637006,100.025,39.56341997481364,-11.99,15.36
553.845,16,-35.3633951,149.1637175,100.032,39.441828947209075,-12.540000000000001,15.11
553.945,16,-35.3634067,149.1637341,100.038,39.385035924260414,-13.07,14.84
554.044,16,-35.3634187,149.1637504,100.044,39.371283338366595,-13.58,14.56
554.144,16,-35.363431299999995,149.1637664,100.045,39.40530792571701,-14.08,14.280000000000001
554.244,16,-35.363444199999996,149.1637821,100.041,39.45483021229419,-14.56,13.99
554.344,16,-35.3634576,149.1637975,100.031,39.47745862901444,-15.040000000000001,13.68
554.444,16,-35.363471499999996,149.16381239999998,100.02,39.54522435086473,-15.530000000000001,13.35
554.544,16,-35.3634856,149.1638269,100.01,39.65101715091905,-16.01,13.0
554.644,16,-35.363500099999996,149.163841,99.999,39.83000225811924,-16.48,12.63
554.744,16,-35.363515,149.16385459999998,99.989,40.03361019727732,-16.96,12.24
554.844,16,-35.3635304,149.1638678,99.979,40.26267083637745,-17.43,11.83
554.944,16,-35.3635461,149.16388039999998,99.97200000000001,40.494951909671244,-17.89,11.39
555.044,16,-35.3635623,149.1638926,99.967,40.689680602908304,-18.36,10.94
555.144,16,-35.3635788,149.16390429999998,99.965,40.82007915944761,-18.82,10.46
555.244,16,-35.3635958,149.16391539999998,99.96600000000001,40.87645554085689,-19.26,9.97
555.344,16,-35.363613199999996,149.163926,99.971,40.82287953700731,-19.68,9.46
555.444,16,-35.363631,149.1639361,99.97800000000001,40.77345287307851,-20.080000000000002,8.94
555.544,16,-35.363649099999996,149.1639456,99.986,40.64116576923371,-20.45,8.42
555.644,16,-35.3636675,149.1639545,99.996,40.3015858391736,-20.81,7.890000000000001
555.745,16,-35.3636864,149.1639629,100.01,39.8099215019594,-21.14,7.36
555.845,16,-35.3637055,149.1639707,100.025,39.30367129577264,-21.45,6.84
555.945,16,-35.363724999999995,149.163978,100.038,38.819499676077946,-21.73,6.33
556.044,16,-35.3637447,149.1639847,100.047,38.417256175477554,-21.98,5.83
556.144,16,-35.3637648,149.1639909,100.05,38.127389777291384,-22.21,5.3500000000000005
556.244,16,-35.363785,149.1639966,100.048,37.92113513982992,-22.43,4.86
556.344,16,-35.3638054,149.1640017,100.041,37.81263416976969,-22.63,4.37
556.444,16,-35.363825999999996,149.16400629999998,100.03,37.82314924599692,-22.830000000000002,3.86
556.544,16,-35.363846699999996,149.1640103,100.013,38.01882050533945,-23.02,3.36
556.644,16,-35.3638676,149.1640138,99.995,38.329542886156254,-23.2,2.83
556.744,16,-35.3638885,149.1640166,99.97800000000001,38.69041934604846,-23.37,2.2800000000000002
556.844,16,-35.3639095,149.16401879999998,99.959,39.09829775271411,-23.53,1.72
556.944,16,-35.363930599999996,149.1640204,99.941,39.489923724249714,-23.67,1.12
557.044,16,-35.363951799999995,149.1640213,99.924,39.875983091611765,-23.81,0.5
557.144,16,-35.363973099999995,149.1640215,99.912,40.17516586782583,-23.93,-0.14
557.244,16,-35.3639945,149.1640209,99.904,39.84947171234836,-24.04,-0.8200000000000001
557.344,16,-35.3640159,149.1640196,99.904,37.84314462479213,-24.11,-1.51
557.444,16,-35.3640374,149.1640177,99.913,33.43808583657869,-24.150000000000002,-2.14
557.544,16,-35.364059,149.1640151,99.944,26.954347766931086,-24.13,-2.62
557.644,16,-35.3640805,149.16401199999999,99.999,19.14787867771339,-24.05,-2.89
557.744,16,-35.3641019,149.1640088,100.072,10.931097926938229,-23.92,-2.94
557.845,16,-35.3641234,149.1640057,100.143,3.1538571381697245,-23.8,-2.84
557.945,16,-35.3641448,149.1640027,100.187,-3.4402151670000363,-23.69,-2.67
558.045,16,-35.3641661,149.1639999,100.19,-8.545757665922473,-23.6,-2.5
558.144,16,-35.3641875,149.1639973,100.142,-12.031472991852194,-23.53,-2.35
558.244,16,-35.3642087,149.16399479999998,100.056,-14.004844416663108,-23.48,-2.19
558.344,16,-35.36423,149.1639926,99.94,-14.728129860142548,-23.46,-2.02
558.444,16,-35.3642512,149.16399049999998,99.81700000000001,-14.587024982079255,-23.45,-1.84
558.544,16,-35.3642725,149.1639887,99.703,-13.995738920725836,-23.45,-1.6300000000000001
558.644,16,-35.3642937,149.16398709999999,99.61200000000001,-13.271370892262949,-23.45,-1.42
558.744,16,-35.3643147,149.1639858,99.553,-12.624010685371019,-23.43,-1.19
558.844,16,-35.3643357,149.1639846,99.524,-12.07332668353874,-23.400000000000002,-0.97
558.944,16,-35.3643566,149.16398379999998,99.527,-11.558244188981508,-23.36,-0.77
559.044,16,-35.364377499999996,149.1639831,99.549,-10.877910390097695,-23.32,-0.6
559.144,16,-35.3643983,149.1639827,99.578,-10.014717912980652,-23.28,-0.46
559.244,16,-35.3644191,149.1639823,99.605,-8.914927683014369,-23.25,-0.35000000000000003
559.344,16,-35.3644398,149.1639821,99.622,-7.626707901773067,-23.23,-0.28
559.444,16,-35.3644606,149.1639818,99.626,-6.310374208134346,-23.22,-0.24
559.544,16,-35.364481399999995,149.1639817,99.613,-5.0299852387764625,-23.22,-0.21
559.644,16,-35.364502099999996,149.1639815,99.584,-3.921461758182672,-23.22,-0.18
559.744,16,-35.3645229,149.16398139999998,99.542,-3.053719521304756,-23.23,-0.16
559.845,16,-35.3645438,149.1639812,99.494,-2.4592591295345736,-23.25,-0.14
559.945,16,-35.3645648,149.1639812,99.449,-2.103089096867327,-23.26,-0.11
560.045,16,-35.3645857,149.1639811,99.413,-1.920845349102812,-23.28,-0.08
560.145,16,-35.3646068,149.1639811,99.387,-1.8318721033230523,-23.3,-0.04
560.244,16,-35.364627899999995,149.163981,99.373,-1.762128187934406,-23.330000000000002,-0.01
560.344,16,-35.3646491,149.1639811,99.374,-1.6566141449755796,-23.35,0.01
560.444,16,-35.3646703,149.163981,99.384,-1.4658353287911932,-23.36,0.03
560.544,16,-35.3646916,149.1639811,99.401,-1.2129737215893877,-23.38,0.05
560.644,16,-35.3647128,149.1639812,99.42,-0.9207019228766083,-23.400000000000002,0.06
560.744,16,-35.3647339,149.1639812,99.436,-0.6405660896584724,-23.41,0.06
560.844,16,-35.364754999999995,149.1639813,99.444,-0.3906043513265867,-23.43,0.07
560.944,16,-35.364776,149.16398139999998,99.43900000000001,-0.14737424466942467,-23.44,0.07
561.044,16,-35.364796999999996,149.1639815,99.429,0.021301202241781003,-23.45,0.07
561.144,16,-35.364818,149.1639815,99.415,0.14426792265967045,-23.46,0.07
561.244,16,-35.364838999999996,149.1639816,99.403,0.2192608917863246,-23.47,0.06
561.344,16,-35.3648601,149.1639816,99.397,0.2703695698395169,-23.48,0.06
561.444,16,-35.3648811,149.1639817,99.395,0.31505106656415355,-23.5,0.05
561.544,16,-35.364902199999996,149.1639817,99.398,0.3280999028496249,-23.51,0.05
561.644,16,-35.3649232,149.1639817,99.402,0.2779370992747736,-23.52,0.05
561.744,16,-35.3649443,149.1639817,99.41,0.22121648700349034,-23.53,0.05
561.844,16,-35.364965399999996,149.1639817,99.419,0.2473039676515309,-23.54,0.04
561.945,16,-35.3649865,149.1639817,99.427,0.24417891598241206,-23.55,0.04
562.045,16,-35.3650079,149.1639817,99.436,0.25161328340928,-23.56,0.04
562.145,16,-35.365029299999996,149.1639817,99.446,0.2526918930091867,-23.59,0.04
562.245,16,-35.3650506,149.1639817,99.45700000000001,0.23686196911233012,-23.61,0.03
562.344,16,-35.3650721,149.1639817,99.46600000000001,0.19282352402587954,-23.63,0.03
562.444,16,-35.3650935,149.1639817,99.473,0.16541285430870767,-23.650000000000002,0.03
562.544,16,-35.3651151,149.1639816,99.48,0.16080762594125303,-23.68,0.03
562.644,16,-35.3651366,149.1639816,99.489,0.13775188217083864,-23.7,0.02
562.744,16,-35.365158099999995,149.1639816,99.498,0.09938049306351524,-23.71,0.02
562.844,16,-35.3651796,149.1639816,99.51,0.07057948631395569,-23.73,0.02
562.944,16,-35.3652009,149.1639815,99.525,0.05790727092818708,-23.73,0.02
563.044,16,-35.3652222,149.1639815,99.542,0.03247887351957298,-23.73,0.01
563.144,16,-35.3652434,149.1639815,99.562,-0.018036300114868835,-23.73,0.01
563.244,16,-35.365264599999996,149.1639815,99.58200000000001,-0.030272538989727052,-23.72,0.01
563.344,16,-35.365285799999995,149.16398139999998,99.602,-0.05903500586328626,-23.72,0.01
563.444,16,-35.365307,149.16398139999998,99.619,-0.13127699623979877,-23.71,0.01
563.544,16,-35.3653281,149.16398139999998,99.632,-0.18485822945296207,-23.71,0.01
563.644,16,-35.3653493,149.16398139999998,99.641,-0.23731457586654925,-23.7,0.01
563.744,16,-35.365370399999996,149.16398139999998,99.648,-0.26670061099688286,-23.7,0.02
563.844,16,-35.365391599999995,149.16398139999998,99.655,-0.2970513303062014,-23.7,0.02
563.944,16,-35.3654127,149.1639813,99.661,-0.2906693189396179,-23.69,0.02
564.045,16,-35.3654339,149.1639813,99.667,-0.2691750604671315,-23.69,0.02
564.145,16,-35.365455499999996,149.1639813,99.674,-0.2336746453278878,-23.7,0.02
564.245,16,-35.3654769,149.1639812,99.683,-0.2182477826333413,-23.71,0.02
564.345,16,-35.3654984,149.1639812,99.69500000000001,-0.20821862367274283,-23.73,0.02
564.444,16,-35.3655198,149.1639811,99.70400000000001,-0.20302503854131507,-23.740000000000002,0.03
564.544,16,-35.3655413,149.1639811,99.712,-0.15332535380870238,-23.75,0.03
564.644,16,-35.3655628,149.163981,99.72,-0.13981589330086508,-23.77,0.03
564.744,16,-35.365584399999996,149.163981,99.729,-0.17445829260605242,-23.78,0.03
564.844,16,-35.3656058,149.163981,99.736,-0.20469208494647417,-23.79,0.03
564.944,16,-35.3656272,149.163981,99.743,-0.17980070115619243,-23.79,0.03
565.044,16,-35.3656485,149.163981,99.75,-0.17499524952847856,-23.79,0.03
565.144,16,-35.3656697,149.163981,99.756,-0.20815769891895486,-23.79,0.04
565.244,16,-35.365691,149.163981,99.762,-0.2487387342640567,-23.79,0.04
565.344,16,-35.365712099999996,149.163981,99.77,-0.2989674118118016,-23.78,0.04
565.444,16,-35.365733299999995,149.163981,99.78,-0.33031584566804445,-23.77,0.04
565.544,16,-35.3657545,149.163981,99.794,-0.4756359109445878,-23.77,0.04
565.644,16,-35.3657757,149.163981,99.806,-0.9988631926436493,-23.77,0.04
565.744,16,-35.3657968,149.163981,99.816,-2.012828787315843,-23.76,0.06
565.844,16,-35.365818,149.163981,99.82300000000001,-3.588101996022329,-23.75,0.1
565.944,16,-35.365839199999996,149.1639811,99.82600000000001,-5.6721301693502655,-23.740000000000002,0.18
566.044,16,-35.365860399999995,149.1639813,99.827,-8.135243660010842,-23.72,0.31
566.145,16,-35.3658815,149.1639817,99.828,-10.744070271990354,-23.69,0.48
566.245,16,-35.3659029,149.16398239999998,99.828,-13.276975916250592,-23.650000000000002,0.68
566.345,16,-35.365924199999995,149.1639832,99.82600000000001,-15.523959596570338,-23.62,0.91
566.444,16,-35.365945499999995,149.16398429999998,99.824,-17.408584665947984,-23.580000000000002,1.17
566.544,16,-35.365966799999995,149.1639858,99.821,-18.93136338857128,-23.54,1.45
566.644,16,-35.365988099999996,149.1639875,99.822,-20.067833441927824,-23.490000000000002,1.75
566.744,16,-35.366009399999996,149.16398959999998,99.824,-20.84322383726435,-23.44,2.05
566.844,16,-35.3660305,149.1639921,99.82900000000001,-21.415506604799504,-23.39,2.35
566.944,16,-35.3660517,149.1639949,99.836,-22.002959222481252,-23.330000000000002,2.65
567.044,16,-35.3660727,149.163998,99.846,-22.763003890300052,-23.26,2.95
567.144,16,-35.3660935,149.1640014,99.857,-23.87255787568487,-23.18,3.2600000000000002
567.244,16,-35.3661143,149.1640051,99.869,-25.41959060005088,-23.080000000000002,3.6
567.344,16,-35.3661348,149.1640093,99.882,-27.377886089816283,-22.95,3.97
567.444,16,-35.3661552,149.1640138,99.894,-29.621543468010234,-22.81,4.38
567.544,16,-35.366175399999996,149.1640189,99.905,-31.96806520265187,-22.64,4.84
567.644,16,-35.366195499999996,149.1640244,99.915,-34.21851691152269,-22.45,5.34
567.744,16,-35.3662154,149.1640306,99.922,-36.151166748501986,-22.23,5.86
567.844,16,-35.3662351,149.1640373,99.926,-37.75789361866662,-21.990000000000002,6.41
567.944,16,-35.3662546,149.1640447,99.933,-39.049656560539866,-21.72,7.0
568.044,16,-35.3662738,149.16405269999998,99.946,-40.06795580351873,-21.41,7.62
568.144,16,-35.366292699999995,149.1640615,99.97,-40.793502893387085,-21.05,8.25
568.245,16,-35.3663115,149.164071,100.001,-41.3392589137332,-20.67,8.89
568.345,16,-35.36633,149.1640813,100.041,-41.7473080751281,-20.27,9.5
568.445,16,-35.366347999999995,149.1640922,100.08800000000001,-42.07018819266753,-19.85,10.1
568.544,16,-35.366365699999996,149.1641038,100.142,-42.368595742410804,-19.41,10.67
568.644,16,-35.3663831,149.164116,100.199,-42.63890730900322,-18.96,11.21
568.744,16,-35.3664,149.1641287,100.258,-42.79064679160423,-18.5,11.71
568.844,16,-35.3664165,149.1641421,100.316,-42.86948083500452,-18.04,12.19
568.944,16,-35.3664325,149.1641559,100.374,-43.001484485998766,-17.57,12.64
569.044,16,-35.3664482,149.1641701,100.426,-43.06792173605548,-17.080000000000002,13.06
569.144,16,-35.3664632,149.1641847,100.474,-43.08247686917678,-16.59,13.44
569.244,16,-35.3664778,149.16419969999998,100.514,-43.09728130420278,-16.080000000000002,13.82
569.344,16,-35.3664919,149.16421499999998,100.549,-43.15308736481637,-15.530000000000001,14.18
569.444,16,-35.366505499999995,149.1642307,100.581,-43.26716859942851,-14.97,14.540000000000001
569.544,16,-35.3665185,149.1642468,100.611,-43.440252423185804,-14.38,14.870000000000001
569.644,16,-35.366531099999996,149.1642632,100.638,-43.67847234596292,-13.780000000000001,15.18
569.744,16,-35.366543,149.16428,100.664,-43.99121646277405,-13.15,15.49
569.844,16,-35.3665544,149.1642971,100.688,-44.29953461700301,-12.51,15.780000000000001
569.944,16,-35.3665652,149.1643144,100.71000000000001,-44.51842510442899,-11.86,16.05
570.044,16,-35.366575499999996,149.1643322,100.73,-44.64645017023172,-11.19,16.3
570.144,16,-35.3665851,149.1643501,100.751,-44.70995726913449,-10.5,16.54
570.244,16,-35.3665942,149.1643684,100.773,-44.73297500663743,-9.8,16.76
570.345,16,-35.3666026,149.164387,100.796,-44.725967232549,-9.08,16.95
570.445,16,-35.3666104,149.1644057,100.82000000000001,-44.73476451619998,-8.370000000000001,17.12
570.545,16,-35.3666176,149.16442469999998,100.842,-44.76379282017253,-7.66,17.26
570.644,16,-35.3666242,149.16444389999998,100.864,-44.76588285805855,-6.95,17.38
570.744,16,-35.3666301,149.1644633,100.884,-44.73223393111249,-6.24,17.48
570.844,16,-35.3666354,149.16448269999998,100.903,-44.7040559856916,-5.54,17.55
570.944,16,-35.3666401,149.1645022,100.921,-44.70611187263177,-4.83,17.59
571.044,16,-35.366644099999995,149.1645218,100.936,-44.66569081312364,-4.13,17.61
571.144,16,-35.3666475,149.16454109999998,100.95,-44.499727461576086,-3.43,17.6
571.244,16,-35.366650299999996,149.1645605,100.96000000000001,-44.28841165393965,-2.75,17.56
571.344,16,-35.3666524,149.1645797,100.96900000000001,-44.09019614913129,-2.07,17.5
571.444,16,-35.366654,149.1645988,100.97200000000001,-43.83207647020734,-1.4000000000000001,17.42
571.544,16,-35.3666549,149.1646178,100.973,-43.493562049657754,-0.73,17.31
571.644,16,-35.3666552,149.1646367,100.973,-43.14155800549739,-0.06,17.17
571.744,16,-35.366655,149.1646553,100.97200000000001,-42.69272578456834,0.5700000000000001,17.01
571.844,16,-35.3666542,149.1646738,100.968,-42.23239152507699,1.19,16.84
571.944,16,-35.3666528,149.1646922,100.962,-41.81880991045438,1.78,16.65
572.044,16,-35.3666511,149.1647103,100.952,-41.45899554497811,2.36,16.45
572.144,16,-35.3666487,149.16472819999998,100.93900000000001,-41.153166994701614,2.93,16.23
572.244,16,-35.3666458,149.1647458,100.926,-40.95660781076699,3.49,15.99
572.345,16,-35.366642399999996,149.16476319999998,100.908,-40.8326535377096,4.0200000000000005,15.75
572.445,16,-35.3666385,149.1647805,100.886,-40.76313245724263,4.5600000000000005,15.5
572.545,16,-35.3666342,149.16479759999999,100.85600000000001,-40.70894856655691,5.1000000000000005,15.25
572.645,16,-35.3666293,149.1648143,100.821,-40.56770708471022,5.62,14.98
572.744,16,-35.3666239,149.1648308,100.782,-40.39472912888506,6.16,14.700000000000001
572.844,16,-35.3666181,149.16484699999998,100.741,-40.1887033027608,6.69,14.4
572.944,16,-35.3666117,149.16486279999998,100.7,-40.031503083918366,7.22,14.08
573.044,16,-35.3666049,149.1648783,100.661,-39.94260134168148,7.75,13.74
573.144,16,-35.3665976,149.1648933,100.625,-39.88526873378839,8.27,13.39
573.244,16,-35.3665899,149.164908,100.593,-39.852029618192525,8.78,13.030000000000001
573.344,16,-35.3665818,149.16492209999998,100.565,-39.73262083602778,9.28,12.64
573.444,16,-35.3665732,149.1649358,100.537,-39.51767819794206,9.76,12.24
573.544,16,-35.3665643,149.16494889999998,100.511,-39.200405665711216,10.22,11.84
573.644,16,-35.366555,149.1649617,100.488,-38.78692650392615,10.65,11.42
573.744,16,-35.3665452,149.1649739,100.46900000000001,-38.345139623125974,11.07,11.0
573.844,16,-35.3665351,149.1649857,100.45100000000001,-37.927920932770334,11.47,10.58
573.944,16,-35.3665247,149.164997,100.436,-37.62646370356265,11.83,10.15
574.044,16,-35.366513999999995,149.16500779999998,100.42,-37.464772635340935,12.19,9.72
574.144,16,-35.3665029,149.1650182,100.401,-37.38333970496146,12.52,9.290000000000001
574.244,16,-35.366491599999996,149.1650281,100.378,-37.22007769323064,12.84,8.86
574.344,16,-35.3664799,149.16503749999998,100.35000000000001,-36.95409988166659,13.14,8.43
574.445,16,-35.366468,149.1650465,100.319,-36.694282900733896,13.44,7.99
574.545,16,-35.3664556,149.1650551,100.284,-36.524901039506744,13.73,7.54
574.645,16,-35.366443,149.1650632,100.249,-36.45673575159002,14.02,7.08
574.745,16,-35.366430099999995,149.1650708,100.214,-36.513849793429664,14.3,6.62
574.844,16,-35.366417,149.1650778,100.18,-36.73470054514744,14.57,6.15
574.944,16,-35.3664036,149.16508439999998,100.143,-37.062935530996164,14.84,5.66
575.044,16,-35.366389999999996,149.1650903,100.10600000000001,-37.38429593144526,15.1,5.14
575.144,16,-35.3663762,149.1650957,100.07000000000001,-37.58614509689206,15.370000000000001,4.6000000000000005
575.244,16,-35.366362099999996,149.1651005,100.038,-37.66367798925546,15.610000000000001,4.05
575.344,16,-35.366347999999995,149.1651046,100.01,-37.69947159560091,15.84,3.5
575.444,16,-35.3663336,149.1651081,99.986,-37.63035349629497,16.05,2.94
575.544,16,-35.3663192,149.165111,99.967,-37.529840432469065,16.240000000000002,2.37
575.644,16,-35.3663046,149.16511319999998,99.95400000000001,-37.47137401317375,16.41,1.81
575.744,16,-35.3662898,149.1651148,99.94800000000001,-37.476097088984815,16.55,1.24
575.844,16,-35.366275,149.1651159,99.94500000000001,-37.547718452621574,16.68,0.68
575.944,16,-35.36626,149.1651162,99.943,-37.61673068399538,16.79,0.12
576.044,16,-35.366245,149.16511599999998,99.94200000000001,-37.72256105009014,16.89,-0.44
576.144,16,-35.3662298,149.1651152,99.941,-37.84692171940315,16.97,-1.01
576.244,16,-35.3662146,149.1651137,99.941,-38.00228120226426,17.03,-1.57
576.344,16,-35.3661994,149.1651116,99.93900000000001,-38.21493572697802,17.07,-2.13
576.444,16,-35.366184,149.165109,99.935,-38.31428082845586,17.11,-2.69
576.545,16,-35.366168699999996,149.1651058,99.928,-38.28544718487465,17.13,-3.27
576.645,16,-35.3661532,149.1651018,99.921,-38.22504099185505,17.14,-3.85
576.745,16,-35.366137699999996,149.1650971,99.91,-38.159426779593325,17.13,-4.43
576.845,16,-35.3661222,149.1650918,99.899,-38.12100696551201,17.11,-5.01
576.944,16,-35.3661066,149.16508589999998,99.888,-38.147552495721264,17.07,-5.6000000000000005
577.044,16,-35.3660912,149.1650793,99.878,-38.286632222695644,17.02,-6.2
577.144,16,-35.366075699999996,149.16507199999998,99.87,-38.495615520730524,16.94,-6.8
577.244,16,-35.366060399999995,149.1650641,99.863,-38.74396119895219,16.85,-7.4
577.344,16,-35.3660451,149.1650554,99.857,-38.926419457345325,16.75,-8.0
577.444,16,-35.366029999999995,149.1650462,99.852,-39.135682793136176,16.62,-8.61
577.544,16,-35.3660151,149.1650363,99.852,-39.333676316796506,16.46,-9.21
577.644,16,-35.3660004,149.1650258,99.852,-39.49535713973446,16.29,-9.8
577.744,16,-35.3659859,149.1650148,99.85300000000001,-39.60884414788881,16.11,-10.38
577.844,16,-35.3659716,149.16500299999998,99.85600000000001,-39.64856511300702,15.9,-10.96
577.944,16,-35.3659575,149.1649907,99.864,-39.66398768015291,15.67,-11.540000000000001
578.044,16,-35.3659436,149.16497769999998,99.875,-39.71709240094975,15.42,-12.11
578.144,16,-35.36593,149.1649641,99.888,-39.805932671484115,15.16,-12.66
578.244,16,-35.3659166,149.16494989999998,99.899,-39.929186850151574,14.88,-13.200000000000001
578.344,16,-35.3659034,149.1649352,99.91,-40.04732863222529,14.58,-13.73
578.444,16,-35.3658905,149.1649198,99.922,-40.133720279942196,14.27,-14.26
578.544,16,-35.3658779,149.16490389999998,99.933,-40.23153541904595,13.950000000000001,-14.780000000000001
578.645,16,-35.3658655,149.16488719999998,99.941,-40.28113283770399,13.6,-15.290000000000001
578.745,16,-35.3658534,149.16486989999999,99.94500000000001,-40.335651407659036,13.25,-15.8
578.845,16,-35.365841599999996,149.1648521,99.94800000000001,-40.410961073447595,12.870000000000001,-16.3
578.944,16,-35.3658301,149.16483359999998,99.94800000000001,-40.4608658506183,12.48,-16.81
579.044,16,-35.365819,149.1648147,99.949,-40.50710281620469,12.07,-17.3
579.144,16,-35.3658082,149.1647951,99.949,-40.55551861213633,11.63,-17.79
579.244,16,-35.3657979,149.164775,99.953,-40.54679304547164,11.19,-18.27
579.344,16,-35.365787999999995,149.1647544,99.96000000000001,-40.55350370633118,10.74,-18.72
579.444,16,-35.3657785,149.1647334,99.968,-40.53122021416401,10.290000000000001,-19.14
579.544,16,-35.3657694,149.1647121,99.98,-40.467132549181784,9.83,-19.54
579.644,16,-35.3657609,149.16469039999998,99.99000000000001,-40.34321242707024,9.35,-19.93
579.744,16,-35.3657527,149.16466839999998,100.002,-40.11566808996585,8.86,-20.29
579.844,16,-35.3657451,149.16464589999998,100.015,-39.80227852027816,8.36,-20.63
579.944,16,-35.3657378,149.1646232,100.029,-39.41343926592391,7.86,-20.95
580.044,16,-35.3657311,149.1646001,100.043,-39.09700343186639,7.3500000000000005,-21.25
580.144,16,-35.365724799999995,149.1645767,100.056,-38.85035164055889,6.83,-21.53
580.244,16,-35.3657189,149.16455299999998,100.069,-38.67852457160888,6.33,-21.78
580.344,16,-35.3657135,149.164529,100.078,-38.627386945293,5.83,-22.01
580.444,16,-35.3657085,149.1645048,100.08200000000001,-38.668497853907304,5.33,-22.23
580.544,16,-35.365704,149.16448029999998,100.07900000000001,-38.77197180473841,4.82,-22.44
580.644,16,-35.3657,149.1644556,100.074,-38.90760570127652,4.3,-22.650000000000002
580.745,16,-35.365696299999996,149.1644304,100.066,-39.080747581641766,3.77,-22.85
580.845,16,-35.365693199999995,149.1644052,100.053,-39.322037674450804,3.23,-23.04
580.945,16,-35.3656905,149.1643796,100.033,-39.66408330280129,2.67,-23.23
581.044,16,-35.365688399999996,149.1643537,100.012,-39.96519902255047,2.08,-23.42
581.144,16,-35.3656868,149.16432749999998,99.989,-40.30700217918542,1.45,-23.61
581.244,16,-35.3656858,149.16430119999998,99.97,-40.632347995015216,0.81,-23.78
581.344,16,-35.3656854,149.1642746,99.95400000000001,-40.86941361582261,0.15,-23.94
581.444,16,-35.3656856,149.1642479,99.943,-40.993248360569524,-0.51,-24.07
581.544,16,-35.3656862,149.1642211,99.937,-41.022491815500935,-1.18,-24.18
581.644,16,-35.3656876,149.1641942,99.934,-40.985772718522945,-1.85,-24.27
581.744,16,-35.365689599999996,149.1641675,99.938,-40.86094759634638,-2.52,-24.32
581.844,16,-35.3656922,149.1641407,99.947,-40.688676565100316,-3.19,-24.35
581.944,16,-35.3656954,149.16411399999998,99.96300000000001,-40.46606020948209,-3.84,-24.34
582.044,16,-35.3656991,149.1640874,99.983,-40.17228694309067,-4.48,-24.32
582.144,16,-35.3657034,149.1640608,100.007,-39.884968205464915,-5.09,-24.26
582.244,16,-35.3657083,149.1640343,100.029,-39.57563576814421,-5.67,-24.19
582.344,16,-35.3657136,149.1640079,100.051,-39.27000529335365,-6.23,-24.1
582.444,16,-35.365719399999996,149.1639816,100.069,-39.008081199062,-6.78,-24.0
582.544,16,-35.3657257,149.1639554,100.083,-38.842117847514444,-7.32,-23.89
582.644,16,-35.3657325,149.1639293,100.09100000000001,-38.80455522217396,-7.8500000000000005,-23.76
582.745,16,-35.3657398,149.16390339999998,100.09400000000001,-38.848186470592,-8.38,-23.62
582.845,16,-35.3657476,149.1638773,100.09,-38.946766590882795,-8.92,-23.47
582.945,16,-35.365755899999996,149.1638515,100.078,-39.098799771618104,-9.48,-23.31
583.045,16,-35.3657648,149.16382579999998,100.063,-39.30085725783459,-10.040000000000001,-23.13
583.144,16,-35.365774099999996,149.1638002,100.045,-39.56543829571338,-10.620000000000001,-22.94
583.244,16,-35.365784,149.1637749,100.026,-39.88879652649471,-11.200000000000001,-22.73
583.344,16,-35.3657945,149.16374969999998,100.006,-40.16114007436521,-11.790000000000001,-22.5
583.444,16,-35.3658054,149.1637249,99.988,-40.34131021938639,-12.370000000000001,-22.25
583.544,16,-35.3658169,149.1637003,99.96900000000001,-40.47688264422197,-12.96,-21.990000000000002
583.644,16,-35.3658289,149.1636761,99.952,-40.548637196547546,-13.55,-21.7
583.744,16,-35.3658414,149.1636524,99.941,-40.57556521735032,-14.120000000000001,-21.38
583.844,16,-35.365854299999995,149.16362909999998,99.938,-40.567594386588915,-14.700000000000001,-21.03
583.944,16,-35.365867699999995,149.1636064,99.943,-40.47257620995028,-15.27,-20.66
584.044,16,-35.3658816,149.163584,99.953,-40.19137732182086,-15.81,-20.26
584.144,16,-35.3658959,149.1635621,99.96900000000001,-39.32378278778374,-16.330000000000002,-19.86
584.244,16,-35.3659107,149.1635406,99.98700000000001,-37.42024663214162,-16.79,-19.46
584.344,16,-35.3659259,149.1635196,100.009,-34.59209752327112,-17.18,-19.080000000000002
584.444,16,-35.3659414,149.16349889999998,100.037,-31.384811443762384,-17.48,-18.75
584.544,16,-35.365957099999996,149.1634786,100.072,-28.270815503032267,-17.69,-18.45
584.644,16,-35.365973,149.1634585,100.105,-25.324702197006477,-17.84,-18.2
584.744,16,-35.3659889,149.1634387,100.129,-22.386575089667726,-17.94,-17.990000000000002
584.845,16,-35.366005,149.1634191,100.139,-19.491806023180214,-18.0,-17.82
584.945,16,-35.3660212,149.1633995,100.129,-17.021138770184425,-18.03,-17.68
585.045,16,-35.366037399999996,149.16338009999998,100.099,-15.646131190254357,-18.04,-17.57
585.145,16,-35.3660536,149.1633607,100.047,-15.87828932014309,-18.080000000000002,-17.46
585.244,16,-35.36607,149.1633414,99.979,-17.599701896661404,-18.17,-17.32
585.344,16,-35.3660865,149.16332219999998,99.898,-20.206411149998214,-18.35,-17.11
585.444,16,-35.3661032,149.1633034,99.81400000000001,-22.909407287611984,-18.59,-16.830000000000002
585.544,16,-35.3661202,149.16328479999999,99.73,-25.407110136889973,-18.89,-16.53
585.644,16,-35.3661374,149.1632666,99.656,-27.711902830797417,-19.21,-16.17
585.744,16,-35.3661548,149.16324899999998,99.598,-29.64835537559712,-19.56,-15.77
585.844,16,-35.3661726,149.1632318,99.556,-31.030092399406943,-19.93,-15.33
585.944,16,-35.366190599999996,149.1632153,99.533,-31.77104498094827,-20.29,-14.88
586.044,16,-35.3662089,149.16319919999998,99.525,-31.96998107071406,-20.63,-14.43
586.144,16,-35.3662275,149.1631836,99.53,-31.76207011237887,-20.93,-13.99
586.244,16,-35.3662463,149.16316849999998,99.548,-31.423121974816986,-21.2,-13.58
586.344,16,-35.366265399999996,149.1631539,99.57300000000001,-31.08713130916572,-21.45,-13.17
586.444,16,-35.3662847,149.1631397,99.602,-30.842958876526936,-21.66,-12.790000000000001
586.544,16,-35.3663041,149.1631258,99.627,-30.70181984751779,-21.85,-12.450000000000001
586.644,16,-35.366323799999996,149.1631124,99.645,-30.777935475628414,-22.02,-12.11
586.744,16,-35.3663435,149.1630993,99.654,-31.044558740069032,-22.19,-11.77
586.844,16,-35.3663635,149.1630865,99.653,-31.588795043324815,-22.36,-11.42
586.945,16,-35.3663836,149.16307419999998,99.64,-32.33819998396403,-22.53,-11.040000000000001
587.045,16,-35.3664041,149.16306219999998,99.62,-33.27809207036573,-22.72,-10.61
587.145,16,-35.366424699999996,149.16305069999999,99.593,-34.324094560618164,-22.92,-10.15
587.245,16,-35.3664455,149.16303969999998,99.568,-35.40529301566367,-23.13,-9.64
587.344,16,-35.366466599999995,149.1630293,99.547,-36.51495969916979,-23.35,-9.08
587.444,16,-35.366487899999996,149.16301959999998,99.536,-37.54098388609994,-23.57,-8.46
587.544,16,-35.3665094,149.16301049999998,99.534,-38.38695745631938,-23.77,-7.82
587.644,16,-35.366531099999996,149.1630022,99.54,-38.99569123590759,-23.94,-7.16
587.744,16,-35.366552899999995,149.16299469999998,99.555,-39.42491398372954,-24.1,-6.49
587.844,16,-35.3665747,149.1629879,99.578,-39.66263530269725,-24.23,-5.8100000000000005
587.944,16,-35.3665966,149.1629819,99.611,-39.709592853241084,-24.330000000000002,-5.15
588.044,16,-35.3666184,149.16297659999998,99.649,-39.62471750751992,-24.400000000000002,-4.51
588.144,16,-35.3666402,149.162972,99.694,-39.4284520217196,-24.43,-3.88
588.244,16,-35.3666621,149.1629681,99.739,-39.171541286278746,-24.43,-3.29
588.344,16,-35.3666839,149.1629649,99.783,-38.96410844118545,-24.41,-2.71
588.444,16,-35.366705599999996,149.16296219999998,99.827,-38.7747312011631,-24.38,-2.14
588.544,16,-35.3667273,149.1629602,99.868,-38.60487122669405,-24.330000000000002,-1.6
588.644,16,-35.366749,149.16295879999998,99.903,-38.540588901320476,-24.26,-1.08
588.744,16,-35.366770599999995,149.16295789999998,99.932,-38.591033263435605,-24.18,-0.56
588.844,16,-35.3667922,149.1629576,99.952,-38.767054068536005,-24.09,-0.03
588.944,16,-35.3668137,149.16295789999998,99.96600000000001,-39.04696888110146,-23.98,0.5
589.045,16,-35.366835099999996,149.16295879999998,99.973,-39.437519097842795,-23.86,1.05
589.145,16,-35.3668567,149.16296029999998,99.97200000000001,-39.90625107491867,-23.73,1.6300000000000001
589.245,16,-35.3668781,149.1629625,99.968,-40.417487319199545,-23.580000000000002,2.22
589.345,16,-35.3668994,149.1629652,99.961,-40.92659937464854,-23.42,2.83
589.444,16,-35.3669205,149.1629687,99.956,-41.35890253778616,-23.22,3.48
589.544,16,-35.3669414,149.162973,99.95400000000001,-41.78126436058682,-23.0,4.14
589.644,16,-35.366962099999995,149.16297799999998,99.956,-42.14288189600398,-22.75,4.8
589.744,16,-35.3669826,149.1629838,99.965,-42.36587049693197,-22.47,5.47
589.844,16,-35.3670028,149.1629902,99.979,-42.40738097161272,-22.18,6.12
589.944,16,-35.3670225,149.1629973,99.999,-42.362499798576565,-21.85,6.75
590.044,16,-35.3670419,149.1630051,100.025,-42.240837053985715,-21.490000000000002,7.37
590.144,16,-35.3670609,149.1630135,100.056,-42.00372020675955,-21.11,7.96
590.244,16,-35.3670796,149.1630226,100.089,-41.73251047029127,-20.72,8.52
590.344,16,-35.367097799999996,149.1630322,100.125,-41.394470747888995,-20.32,9.040000000000001
590.444,16,-35.3671157,149.1630424,100.161,-40.99714498349102,-19.92,9.52
590.544,16,-35.3671333,149.16305309999998,100.196,-40.61122221991237,-19.52,9.96
590.644,16,-35.3671505,149.16306419999998,100.227,-40.30236789583356,-19.13,10.370000000000001
590.744,16,-35.3671673,149.1630758,100.249,-40.06053480298551,-18.740000000000002,10.76
590.844,16,-35.3671839,149.1630878,100.264,-39.93068949176898,-18.34,11.13
590.944,16,-35.3672,149.1631002,100.272,-39.92111015145804,-17.92,11.5
591.044,16,-35.3672158,149.1631131,100.274,-40.03792346173818,-17.5,11.870000000000001
591.145,16,-35.3672314,149.16312639999998,100.27,-40.23249506062433,-17.05,12.24
591.245,16,-35.3672464,149.1631401,100.261,-40.51953376049412,-16.580000000000002,12.61
591.345,16,-35.3672611,149.1631543,100.245,-40.83371221703095,-16.09,13.0
591.444,16,-35.3672754,149.1631689,100.22800000000001,-41.20308884734524,-15.58,13.38
591.544,16,-35.367289299999996,149.163184,100.211,-41.5816281764311,-15.030000000000001,13.77
591.644,16,-35.367302599999995,149.1631995,100.196,-41.90311493537985,-14.47,14.14
591.744,16,-35.3673155,149.1632155,100.183,-42.14709612272187,-13.89,14.51
591.844,16,-35.3673278,149.1632318,100.173,-42.23147627972821,-13.280000000000001,14.86
591.944,16,-35.3673395,149.16324849999998,100.168,-42.24279390318292,-12.66,15.200000000000001
592.044,16,-35.3673506,149.1632656,100.169,-42.18671805009711,-12.01,15.52
592.144,16,-35.3673611,149.1632828,100.177,-41.99043548882388,-11.36,15.8
592.244,16,-35.367371,149.1633003,100.19,-41.742263980426046,-10.700000000000001,16.05
592.344,16,-35.3673802,149.163318,100.208,-41.39445025732149,-10.07,16.26
592.444,16,-35.3673889,149.1633359,100.229,-40.980725208726305,-9.450000000000001,16.43
592.544,16,-35.367397,149.163354,100.25,-40.452512529263366,-8.85,16.580000000000002
592.644,16,-35.3674047,149.1633722,100.269,-39.84441054217338,-8.27,16.7
592.744,16,-35.3674117,149.1633905,100.286,-39.152269907535555,-7.72,16.79
592.844,16,-35.3674184,149.1634089,100.298,-38.46691848093272,-7.2,16.86
592.944,16,-35.3674246,149.1634274,100.302,-37.93310504635037,-6.7,16.91
593.044,16,-35.367430299999995,149.1634459,100.3,-37.59205662561871,-6.19,16.95
593.144,16,-35.3674356,149.1634645,100.292,-37.45340378546745,-5.68,16.97
593.245,16,-35.3674405,149.1634833,100.279,-37.51673671454639,-5.15,16.990000000000002
593.345,16,-35.367444899999995,149.1635021,100.261,-37.76471697764746,-4.62,17.01
593.445,16,-35.3674488,149.16352089999998,100.23700000000001,-38.19717040494682,-4.08,17.02
593.544,16,-35.367452199999995,149.1635398,100.20700000000001,-38.77886005051637,-3.5100000000000002,17.03
593.644,16,-35.3674551,149.16355869999998,100.174,-39.39555783067682,-2.91,17.02
593.744,16,-35.3674574,149.1635777,100.139,-40.01277470521419,-2.2800000000000002,17.0
593.844,16,-35.3674592,149.16359649999998,100.10600000000001,-40.56177848051065,-1.6300000000000001,16.97
593.944,16,-35.3674604,149.1636154,100.075,-40.9169961286755,-0.96,16.93
594.044,16,-35.3674609,149.1636341,100.048,-41.06991040381374,-0.27,16.85
594.144,16,-35.367460799999996,149.1636526,100.03,-41.005249002941234,0.42,16.75
594.244,16,-35.367460099999995,149.1636709,100.021,-40.77329919382219,1.1300000000000001,16.62
594.344,16,-35.3674588,149.163689,100.026,-40.37333697640458,1.8,16.46
594.444,16,-35.3674568,149.1637069,100.04,-39.86214171325873,2.45,16.28
594.544,16,-35.3674545,149.1637246,100.061,-39.269807217867715,3.06,16.080000000000002
594.644,16,-35.3674515,149.1637421,100.08800000000001,-38.72450199000682,3.62,15.860000000000001
594.744,16,-35.367447999999996,149.16375929999998,100.114,-38.21925240653347,4.14,15.64
594.844,16,-35.367444,149.1637763,100.135,-37.78189490341004,4.62,15.42
594.944,16,-35.3674397,149.163793,100.15,-37.4010503854793,5.07,15.19
595.044,16,-35.367435,149.16380949999999,100.159,-37.1064984775225,5.51,14.950000000000001
595.144,16,-35.3674298,149.1638257,100.16,-36.91629478461057,5.95,14.71
595.245,16,-35.367424299999996,149.1638417,100.152,-36.78141220888116,6.37,14.46
595.345,16,-35.3674184,149.1638575,100.137,-36.748050149880235,6.8,14.200000000000001
595.445,16,-35.367412099999996,149.163873,100.116,-36.79836473840113,7.23,13.93
595.545,16,-35.3674053,149.1638883,100.086,-36.98943245024307,7.67,13.65
595.644,16,-35.3673982,149.1639032,100.052,-37.32712041790308,8.120000000000001,13.35
595.744,16,-35.3673906,149.1639179,100.016,-37.76564588337458,8.6,13.02
595.844,16,-35.3673826,149.16393209999998,99.983,-38.30344814843222,9.09,12.67
595.944,16,-35.3673741,149.16394599999998,99.952,-38.87625513298617,9.59,12.3
596.044,16,-35.3673652,149.1639595,99.926,-39.351745582245776,10.1,11.89
596.144,16,-35.3673559,149.16397229999998,99.907,-39.707311570058295,10.61,11.46
596.244,16,-35.3673461,149.1639847,99.895,-39.940299567931184,11.11,11.01
596.344,16,-35.3673359,149.1639965,99.893,-40.017347516863516,11.6,10.53
596.444,16,-35.3673253,149.1640078,99.896,-39.85301999562218,12.05,10.05
596.544,16,-35.3673144,149.1640185,99.905,-39.49357787545567,12.48,9.57
596.644,16,-35.367303,149.16402879999998,99.918,-39.02398870963896,12.870000000000001,9.09
596.744,16,-35.3672913,149.16403839999998,99.935,-38.54166807120934,13.22,8.61
596.844,16,-35.3672794,149.1640476,99.955,-38.09783554875274,13.540000000000001,8.14
596.944,16,-35.3672671,149.1640563,99.976,-37.72814472973663,13.83,7.68
597.044,16,-35.367254599999995,149.1640644,99.993,-37.52401428110704,14.1,7.23
597.144,16,-35.367241899999996,149.1640721,100.006,-37.44575055850245,14.36,6.7700000000000005
597.244,16,-35.3672289,149.1640793,100.013,-37.497455090519445,14.6,6.32
597.345,16,-35.3672158,149.1640859,100.012,-37.63272015684238,14.83,5.86
597.445,16,-35.3672022,149.1640922,100.006,-37.747720051897886,15.06,5.37
597.545,16,-35.3671885,149.1640979,99.992,-37.857662191873,15.290000000000001,4.89
597.645,16,-35.3671746,149.16410299999998,99.976,-37.9632330107793,15.52,4.38
597.744,16,-35.367160399999996,149.1641075,99.958,-38.12001317298777,15.75,3.84
597.844,16,-35.367146,149.1641115,99.94,-38.37664387067266,15.97,3.2800000000000002
597.944,16,-35.3671314,149.1641148,99.925,-38.68128396803357,16.17,2.71
598.044,16,-35.367116599999996,149.1641175,99.913,-39.05545880623979,16.37,2.12
598.144,16,-35.3671017,149.1641195,99.903,-39.45710808038239,16.55,1.51
598.244,16,-35.3670866,149.1641208,99.896,-39.7901959156364,16.72,0.89
598.344,16,-35.3670715,149.1641215,99.894,-40.04925474557123,16.86,0.26
598.444,16,-35.3670563,149.1641214,99.896,-40.24110109897855,16.98,-0.36
598.544,16,-35.3670411,149.1641206,99.901,-40.36911250440293,17.080000000000002,-0.99
598.644,16,-35.3670258,149.16411929999998,99.908,-40.41229296033575,17.16,-1.6400000000000001
598.744,16,-35.3670105,149.1641171,99.918,-40.37584024073539,17.21,-2.2800000000000002
598.844,16,-35.3669951,149.1641142,99.932,-40.244608401117354,17.240000000000002,-2.92
598.944,16,-35.3669797,149.1641106,99.94800000000001,-40.073577049205646,17.240000000000002,-3.5500000000000003
599.044,16,-35.3669643,149.16410639999998,99.964,-39.80561165259312,17.23,-4.16
599.144,16,-35.366949,149.1641014,99.98,-39.47783770451338,17.19,-4.76
599.244,16,-35.3669337,149.1640959,99.994,-39.11282556507873,17.14,-5.34
599.344,16,-35.366918399999996,149.1640897,100.007,-38.820978412033256,17.06,-5.91
599.445,16,-35.366903199999996,149.1640828,100.018,-38.574220752793615,16.97,-6.48
599.545,16,-35.3668878,149.16407529999998,100.025,-38.42561632702165,16.88,-7.03
599.645,16,-35.3668726,149.16406709999998,100.028,-38.40871843901504,16.77,-7.58
599.745,16,-35.3668575,149.1640584,100.024,-38.52851312686789,16.65,-8.120000000000001
599.844,16,-35.366842399999996,149.164049,100.016,-38.74514965186777,16.52,-8.66
599.944,16,-35.3668275,149.1640391,100.004,-38.98288121611924,16.38,-9.21
600.044,16,-35.3668128,149.1640285,99.99000000000001,-39.275442123932976,16.22,-9.77
600.144,16,-35.3667981,149.16401729999998,99.97500000000001,-39.56860408839368,16.04,-10.35
600.244,16,-35.3667837,149.1640055,99.96000000000001,-39.88665184709532,15.84,-10.94
600.344,16,-35.3667696,149.1639931,99.95100000000001,-40.16819907487242,15.6,-11.55
600.444,16,-35.3667558,149.16397999999998,99.947,-40.42164007421491,15.34,-12.18
600.544,16,-35.3667422,149.1639663,99.95100000000001,-40.624411315199666,15.05,-12.790000000000001
600.644,16,-35.3667289,149.163952,99.958,-40.71509573680992,14.74,-13.39
600.744,16,-35.366716,149.163937,99.96900000000001,-40.7419315500589,14.42,-13.96
600.844,16,-35.3667033,149.1639214,99.982,-40.70883586843561,14.09,-14.51
600.944,16,-35.3666909,149.1639052,99.996,-40.60821010648839,13.75,-15.05
601.044,16,-35.366678799999995,149.1638884,100.011,-40.34168929488533,13.38,-15.57
601.144,17,-35.3666671,149.1638711,100.029,-39.956309531345696,13.01,-16.07
601.244,17,-35.3666556,149.1638532,100.048,-39.4873077617976,12.63,-16.54
601.344,17,-35.3666445,149.1638348,100.068,-38.98762819759239,12.25,-16.97
601.444,17,-35.366633799999995,149.1638159,100.086,-38.54663703383052,11.870000000000001,-17.37
601.545,17,-35.3666233,149.1637967,100.099,-38.14914051470329,11.49,-17.75
601.645,17,-35.366613099999995,149.1637768,100.107,-37.898182289124094,11.11,-18.11
601.745,17,-35.3666033,149.1637565,100.105,-37.901979874302626,10.74,-18.47
601.844,17,-35.3665938,149.16373579999998,100.096,-38.00680961768398,10.35,-18.82
601.944,17,-35.366584599999996,149.16371469999999,100.08,-38.18201080008397,9.950000000000001,-19.17
602.044,17,-35.3665757,149.16369319999998,100.059,-38.483491934953754,9.53,-19.53
602.144,17,-35.3665673,149.16367119999998,100.033,-38.877665567049775,9.07,-19.900000000000002
602.244,17,-35.3665593,149.1636489,100.006,-39.30122608804977,8.6,-20.27
602.344,17,-35.366551699999995,149.1636261,99.979,-39.74362085568609,8.08,-20.66
602.444,17,-35.3665447,149.163603,99.95700000000001,-40.172836773318856,7.55,-21.04
602.544,17,-35.3665382,149.1635796,99.943,-40.539853573274904,6.97,-21.400000000000002
602.644,17,-35.3665322,149.1635559,99.934,-40.795008950099074,6.38,-21.75
602.744,17,-35.366526799999995,149.16353189999998,99.933,-40.89407059872635,5.78,-22.080000000000002
602.844,17,-35.366521899999995,149.16350749999998,99.938,-40.90432271267054,5.16,-22.38
602.944,17,-35.3665176,149.1634829,99.952,-40.86873401200019,4.53,-22.66
603.044,17,-35.3665139,149.1634579,99.97200000000001,-40.77989032637125,3.9,-22.91
603.144,17,-35.3665107,149.1634327,99.995,-40.56298059380457,3.29,-23.13
603.244,17,-35.366507999999996,149.1634073,100.017,-40.24714581639401,2.69,-23.31
603.344,17,-35.3665059,149.1633817,100.037,-39.856155052451214,2.12,-23.47
603.444,17,-35.366504299999995,149.1633559,100.056,-39.48420344081983,1.56,-23.61
603.544,17,-35.3665032,149.16333,100.07300000000001,-39.179655551012715,1.0,-23.72
603.645,17,-35.366502499999996,149.1633036,100.086,-38.915955607536866,0.44,-23.830000000000002
603.745,17,-35.3665024,149.16327719999998,100.092,-38.794105032743836,-0.09,-23.92
603.845,17,-35.3665027,149.1632507,100.09,-38.71104310224731,-0.62,-24.0
603.944,17,-35.3665036,149.16322399999999,100.077,-38.14894585431195,-1.17,-24.07
604.044,17,-35.3665048,149.16319719999998,100.058,-35.909159485830095,-1.75,-24.13
604.144,17,-35.366506699999995,149.16317039999998,100.041,-31.24966590574993,-2.2800000000000002,-24.16
604.244,17,-35.3665089,149.16314359999998,100.039,-24.38412367659319,-2.68,-24.14
604.344,17,-35.3665115,149.16311679999998,100.057,-16.20629549465461,-2.88,-24.080000000000002
604.444,17,-35.366514099999996,149.1630901,100.09100000000001,-7.824073901803401,-2.87,-23.98
604.544,17,-35.3665166,149.1630638,100.128,-0.11880960648785119,-2.73,-23.86
604.644,17,-35.366518899999996,149.1630377,100.145,6.239024771403923,-2.54,-23.76
604.744,17,-35.366521,149.1630118,100.13,10.91009509524044,-2.34,-23.66
604.844,17,-35.366523,149.1629859,100.081,13.829829356917994,-2.15,-23.580000000000002
604.944,17,-35.3665247,149.1629602,100.004,15.215685838570982,-1.97,-23.52
605.044,17,-35.3665263,149.1629345,99.912,15.394966351452771,-1.79,-23.490000000000002
605.144,17,-35.3665277,149.1629088,99.818,14.82152415930601,-1.59,-23.46
605.244,17,-35.366529,149.16288319999998,99.73400000000001,13.91670167919774,-1.3900000000000001,-23.44
605.344,17,-35.3665301,149.1628576,99.671,12.961746464355224,-1.2,-23.43
605.444,17,-35.366531,149.1628319,99.63,12.09757300131864,-1.01,-23.400000000000002
605.544,17,-35.366531699999996,149.1628063,99.61200000000001,11.361280316338558,-0.8300000000000001,-23.38
605.644,17,-35.366532299999996,149.16278069999998,99.60900000000001,10.632788561164276,-0.66,-23.35
605.745,17,-35.3665328,149.162755,99.614,9.835861725601053,-0.53,-23.330000000000002
605.845,17,-35.3665331,149.1627294,99.62,8.981599720823802,-0.41000000000000003,-23.31
605.945,17,-35.3665334,149.1627036,99.622,8.018982741279824,-0.32,-23.31
606.044,17,-35.3665336,149.16267779999998,99.61500000000001,6.975216711093747,-0.25,-23.31
606.144,17,-35.3665337,149.1626519,99.596,5.893073982395484,-0.2,-23.32
606.244,17,-35.3665338,149.162626,99.568,4.8973741278329035,-0.15,-23.330000000000002
606.344,17,-35.3665339,149.1626001,99.533,4.062744221164386,-0.11,-23.35
606.444,17,-35.366534,149.1625741,99.495,3.354096513406519,-0.08,-23.37
606.544,17,-35.366534,149.16254809999998,99.459,2.831417781275174,-0.04,-23.400000000000002
606.644,17,-35.366534,149.16252219999998,99.428,2.4323857502451585,-0.01,-23.42
606.744,17,-35.3665339,149.16249639999998,99.406,2.1247779356898793,0.01,-23.44
606.844,17,-35.3665339,149.1624707,99.394,1.8849894172811836,0.04,-23.45
606.944,17,-35.3665339,149.162445,99.392,1.6568413554871881,0.07,-23.45
607.044,17,-35.3665338,149.16241929999998,99.397,1.3819542024810898,0.09,-23.46
607.144,17,-35.3665337,149.1623937,99.406,1.0602335095532716,0.1,-23.46
607.244,17,-35.3665336,149.162368,99.414,0.7850183473844539,0.11,-23.46
607.344,17,-35.366533499999996,149.1623424,99.419,0.4993829845848412,0.11,-23.47
607.444,17,-35.3665334,149.1623167,99.42,0.24174576781230078,0.12,-23.48
607.544,17,-35.3665333,149.16229099999998,99.417,0.049379959842304665,0.11,-23.490000000000002
607.644,17,-35.3665332,149.1622653,99.408,-0.11178769177340207,0.11,-23.5
607.745,17,-35.3665331,149.1622396,99.395,-0.2579123720104714,0.1,-23.51
607.845,17,-35.366533,149.1622135,99.38,-0.36206600670527517,0.1,-23.53
607.945,17,-35.366532899999996,149.1621875,99.367,-0.3933628139363463,0.09,-23.56
608.045,17,-35.3665328,149.1621614,99.358,-0.3840570813986006,0.08,-23.580000000000002
608.144,17,-35.3665327,149.1621352,99.355,-0.3819060787381491,0.08,-23.61
608.244,17,-35.3665327,149.162109,99.357,-0.40181592008617756,0.08,-23.63
608.344,17,-35.3665326,149.16208269999998,99.363,-0.4306133316482736,0.07,-23.66
608.444,17,-35.3665326,149.1620565,99.373,-0.3816908477380143,0.06,-23.68
608.544,17,-35.3665325,149.16203009999998,99.385,-0.3505185847375901,0.05,-23.7
608.644,17,-35.3665325,149.1620039,99.396,-0.2932733018802588,0.04,-23.71
608.744,17,-35.3665324,149.1619778,99.407,-0.24369701411995592,0.04,-23.72
608.844,17,-35.3665324,149.1619517,99.418,-0.20200691346816002,0.04,-23.73
608.944,17,-35.3665324,149.1619258,99.427,-0.15886238272954809,0.04,-23.73
609.044,17,-35.366532299999996,149.1618998,99.434,-0.1591551603891463,0.04,-23.740000000000002
609.144,17,-35.366532299999996,149.1618739,99.44,-0.1697866833376017,0.04,-23.740000000000002
609.244,17,-35.366532299999996,149.1618479,99.444,-0.18588381170530857,0.04,-23.740000000000002
609.344,17,-35.3665322,149.161822,99.44800000000001,-0.18653922972115214,0.04,-23.740000000000002
609.444,17,-35.3665322,149.16179599999998,99.45100000000001,-0.1718683168892953,0.04,-23.740000000000002
609.544,17,-35.3665322,149.16177009999998,99.45400000000001,-0.1591470495395069,0.04,-23.740000000000002
609.644,17,-35.3665321,149.1617441,99.45700000000001,-0.1338816995519537,0.04,-23.740000000000002
609.744,17,-35.3665321,149.1617181,99.462,-0.13996175519224188,0.03,-23.740000000000002
609.845,17,-35.3665321,149.16169209999998,99.467,-0.13972053745674937,0.03,-23.75
609.945,17,-35.366532,149.1616656,99.473,-0.1664857276169286,0.03,-23.76
610.045,17,-35.366532,149.1616393,99.48100000000001,-0.18651667142059258,0.03,-23.77
610.145,17,-35.366532,149.1616129,99.49000000000001,-0.19284857694631174,0.02,-23.79
610.244,17,-35.366532,149.1615865,99.502,-0.19951582875202267,0.02,-23.8
610.344,17,-35.3665319,149.1615601,99.513,-0.18951724556013058,0.02,-23.81
610.444,17,-35.3665319,149.1615337,99.524,-0.1963413115722741,0.02,-23.81
610.544,17,-35.3665319,149.1615072,99.537,-0.20051418362918166,0.02,-23.82
610.644,17,-35.3665319,149.1614808,99.55,-0.15385163856055037,0.02,-23.830000000000002
610.744,17,-35.3665319,149.16145459999998,99.565,-0.09288416273971992,0.02,-23.830000000000002
610.844,17,-35.3665318,149.1614284,99.58,-0.08432181358380814,0.02,-23.82
610.944,17,-35.3665318,149.1614024,99.596,-0.030674673047218163,0.02,-23.82
611.044,17,-35.3665318,149.1613763,99.61,0.004422468280067247,0.02,-23.81
611.144,17,-35.366531699999996,149.16135029999998,99.623,0.002315878732928135,0.02,-23.8
611.244,17,-35.366531699999996,149.1613243,99.633,-0.03685777849959824,0.02,-23.8
611.344,17,-35.366531699999996,149.1612983,99.642,-0.05290293673164286,0.03,-23.79
611.444,17,-35.3665316,149.1612723,99.65,-0.08240902711087399,0.03,-23.79
611.544,17,-35.3665316,149.1612463,99.657,-0.12122306450324578,0.03,-23.79
611.644,17,-35.3665316,149.1612203,99.663,-0.14752200087107908,0.03,-23.79
611.744,17,-35.3665315,149.1611943,99.67,-0.22108291144849163,0.02,-23.78
611.844,17,-35.3665315,149.1611682,99.677,-0.2741398609417903,0.02,-23.79
611.945,17,-35.3665315,149.1611421,99.683,-0.27924540066594844,0.02,-23.79
612.045,17,-35.3665314,149.1611158,99.68900000000001,-0.2895988735502035,0.02,-23.79
612.145,17,-35.3665314,149.16108939999998,99.69500000000001,-0.373996399514157,0.01,-23.81
612.245,17,-35.3665314,149.1610631,99.702,-0.7135715804583587,0.01,-23.82
612.344,17,-35.3665314,149.1610366,99.70700000000001,-1.514795832309137,0.0,-23.830000000000002
612.444,17,-35.3665314,149.1610101,99.711,-2.902293160188515,-0.03,-23.85
612.544,17,-35.3665314,149.16098359999998,99.71600000000001,-4.8690429300425135,-0.11,-23.88
612.644,17,-35.3665315,149.1609571,99.724,-7.175259718391904,-0.22,-23.900000000000002
612.744,17,-35.3665318,149.1609305,99.735,-9.685928828035518,-0.38,-23.94
612.844,17,-35.3665322,149.1609039,99.746,-12.27078489112287,-0.58,-23.97
612.944,17,-35.3665328,149.1608776,99.757,-14.655994524770751,-0.8200000000000001,-24.0
613.044,17,-35.3665337,149.1608511,99.767,-16.728605183127364,-1.07,-24.03
613.144,17,-35.366534699999995,149.1608248,99.778,-18.43421270190627,-1.34,-24.060000000000002
613.244,17,-35.3665361,149.1607984,99.787,-19.740894484474115,-1.62,-24.1
613.344,17,-35.366537699999995,149.1607721,99.794,-20.62966260493827,-1.9100000000000001,-24.13
613.444,17,-35.3665395,149.1607457,99.802,-21.32962039108118,-2.2,-24.150000000000002
613.544,17,-35.3665416,149.1607192,99.811,-22.031357441502873,-2.5,-24.18
613.644,17,-35.366544,149.1606928,99.819,-22.96334870658216,-2.81,-24.2
613.744,17,-35.3665467,149.1606663,99.827,-24.24248775132193,-3.14,-24.22
613.844,17,-35.3665496,149.1606397,99.834,-25.844161989048043,-3.5,-24.240000000000002
613.944,17,-35.366552899999995,149.1606132,99.84,-27.68687018748932,-3.89,-24.25
614.045,17,-35.366556599999996,149.1605865,99.845,-29.657787866840906,-4.32,-24.26
614.145,17,-35.366560799999995,149.16055939999998,99.846,-31.663981765708318,-4.79,-24.27
614.245,17,-35.3665654,149.16053259999998,99.845,-33.49184625553586,-5.3,-24.28
614.344,17,-35.3665705,149.1605056,99.843,-35.175843055780845,-5.8500000000000005,-24.28
614.444,17,-35.366576099999996,149.1604786,99.84400000000001,-36.70740710922407,-6.46,-24.26
614.544,17,-35.3665823,149.16045169999998,99.851,-37.995420277242985,-7.11,-24.22
614.644,17,-35.3665891,149.1604248,99.863,-39.07348367545946,-7.78,-24.150000000000002
614.744,17,-35.3665965,149.160398,99.883,-39.98171783505815,-8.48,-24.060000000000002
614.844,17,-35.3666045,149.1603714,99.91,-40.81939272543602,-9.17,-23.94
614.944,17,-35.366613099999995,149.1603452,99.94800000000001,-41.575259025030064,-9.870000000000001,-23.79
615.044,17,-35.366622299999996,149.16031909999998,99.992,-42.25287526239786,-10.58,-23.6
615.144,17,-35.3666322,149.1602934,100.045,-42.830572662397536,-11.290000000000001,-23.36
615.244,17,-35.3666426,149.16026789999998,100.101,-43.25320086257583,-11.99,-23.11
615.344,17,-35.3666537,149.1602428,100.161,-43.52142580637682,-12.66,-22.830000000000002
615.444,17,-35.3666653,149.160218,100.221,-43.62163834187925,-13.31,-22.53
615.544,17,-35.3666775,149.16019359999999,100.281,-43.592729566217166,-13.92,-22.21
615.644,17,-35.3666903,149.1601695,100.34,-43.456136028100666,-14.5,-21.88
615.744,17,-35.3667035,149.16014579999998,100.397,-43.250202409530196,-15.05,-21.52
615.844,17,-35.3667172,149.1601224,100.45100000000001,-43.03236035614181,-15.58,-21.16
615.944,17,-35.3667314,149.1600994,100.501,-42.898410101234106,-16.080000000000002,-20.79
616.044,17,-35.366746,149.16007679999998,100.545,-42.86197787220126,-16.580000000000002,-20.400000000000002
616.145,17,-35.3667612,149.1600545,100.584,-42.8857469305129,-17.06,-19.98
616.245,17,-35.366776699999996,149.1600327,100.618,-42.94362936863418,-17.52,-19.57
616.345,17,-35.3667928,149.16001129999998,100.642,-43.04953828190439,-17.98,-19.150000000000002
616.444,17,-35.3668093,149.1599903,100.661,-43.24707418289033,-18.44,-18.69
616.544,17,-35.3668262,149.1599698,100.677,-43.47815655798479,-18.91,-18.21
616.644,17,-35.366843599999996,149.1599498,100.69,-43.70181110235686,-19.37,-17.71
616.744,17,-35.3668614,149.15993039999998,100.699,-43.9064299095121,-19.830000000000002,-17.19
616.844,17,-35.3668796,149.1599116,100.706,-44.1060012068707,-20.28,-16.63
616.944,17,-35.3668982,149.1598934,100.71300000000001,-44.27237436976846,-20.72,-16.06
617.044,17,-35.366917199999996,149.1598759,100.72,-44.354456168119086,-21.14,-15.46
617.144,17,-35.3669363,149.1598592,100.73,-44.35273837554283,-21.53,-14.85
617.244,17,-35.3669558,149.15984319999998,100.74000000000001,-44.271407898000895,-21.900000000000002,-14.22
617.344,17,-35.366975499999995,149.159828,100.756,-44.07275184599108,-22.240000000000002,-13.57
617.444,17,-35.3669955,149.15981349999998,100.772,-43.83310099858284,-22.55,-12.92
617.544,17,-35.3670158,149.1597998,100.791,-43.594204887077886,-22.830000000000002,-12.26
617.644,17,-35.367036299999995,149.1597868,100.811,-43.36012064384321,-23.07,-11.61
617.744,17,-35.3670569,149.1597745,100.834,-43.0749090195764,-23.28,-10.97
617.844,17,-35.3670778,149.15976279999998,100.852,-42.7741177338128,-23.47,-10.35
617.944,17,-35.3670988,149.15975179999998,100.867,-42.47561797651573,-23.62,-9.74
618.044,17,-35.3671199,149.1597415,100.878,-42.11990513963605,-23.76,-9.14
618.144,17,-35.3671412,149.1597318,100.882,-41.83292791146879,-23.87,-8.56
618.245,17,-35.367162799999996,149.1597227,100.88,-41.63143733095342,-23.96,-7.98
618.345,17,-35.3671844,149.1597142,100.869,-41.500792887604,-24.05,-7.41
618.445,17,-35.3672062,149.15970629999998,100.85000000000001,-41.41508425880409,-24.13,-6.82
618.544,17,-35.3672281,149.159699,100.824,-41.3894129928086,-24.2,-6.23
618.644,17,-35.36725,149.1596925,100.793,-41.50602139741365,-24.26,-5.62
618.744,17,-35.367272,149.1596866,100.759,-41.68183729683894,-24.310000000000002,-4.99
618.844,17,-35.367294099999995,149.15968139999998,100.723,-41.88737476443755,-24.35,-4.34
618.944,17,-35.3673161,149.1596769,100.686,-42.10695510096971,-24.36,-3.66
619.044,17,-35.3673382,149.15967329999998,100.651,-42.3400114007343,-24.36,-2.96
619.144,17,-35.36736,149.15967039999998,100.621,-42.46067352261174,-24.330000000000002,-2.24
619.244,17,-35.3673818,149.1596683,100.59700000000001,-42.45626805059708,-24.27,-1.52
619.344,17,-35.3674034,149.1596671,100.58200000000001,-42.37714372415707,-24.18,-0.81
619.444,17,-35.367424899999996,149.15966659999998,100.569,-42.15238610423405,-24.07,-0.12
619.544,17,-35.3674463,149.1596669,100.561,-41.83131940191926,-23.94,0.55
619.644,17,-35.3674676,149.1596677,100.556,-41.458677941181705,-23.78,1.2
619.744,17,-35.367488699999996,149.15966939999998,100.555,-41.027013400731484,-23.61,1.83
619.844,17,-35.3675097,149.15967179999998,100.553,-40.59190986003416,-23.41,2.43
619.944,17,-35.3675305,149.1596748,100.551,-40.17163124493035,-23.2,3.0
620.044,17,-35.3675511,149.1596784,100.546,-39.693941474758,-22.990000000000002,3.54
620.144,17,-35.3675715,149.1596826,100.539,-39.23747310233688,-22.76,4.0600000000000005
620.245,17,-35.3675918,149.1596873,100.526,-38.86234886783602,-22.53,4.5600000000000005
620.345,17,-35.367612,149.1596926,100.508,-38.507312219684174,-22.28,5.05
620.445,17,-35.3676318,149.1596985,100.485,-38.183687611525215,-22.03,5.54
620.545,17,-35.367651599999995,149.15970489999998,100.45700000000001,-37.94388991504982,-21.78,6.01
620.644,17,-35.3676712,149.1597118,100.425,-37.76474771349873,-21.52,6.48
620.744,17,-35.367690599999996,149.1597193,100.391,-37.6458580257109,-21.240000000000002,6.95
620.844,17,-35.3677097,149.1597273,100.35600000000001,-37.62627245826589,-20.95,7.43
620.944,17,-35.3677286,149.1597358,100.318,-37.762766958639425,-20.64,7.91
621.044,17,-35.3677472,149.1597449,100.281,-37.94383527353646,-20.31,8.39
621.144,17,-35.367765299999995,149.1597544,100.245,-38.16842896891941,-19.97,8.86
621.244,17,-35.3677831,149.1597644,100.211,-38.43893861099776,-19.61,9.33
621.344,17,-35.3678005,149.1597749,100.179,-38.73597670781245,-19.22,9.8
621.444,17,-35.3678175,149.1597859,100.15,-38.95909849742925,-18.81,10.27
621.544,17,-35.367834099999996,149.1597974,100.124,-39.13019473613807,-18.39,10.73
621.644,17,-35.3678504,149.1598095,100.10000000000001,-39.23792730991668,-17.94,11.19
621.744,17,-35.3678662,149.159822,100.08200000000001,-39.281165822457446,-17.48,11.63
621.844,17,-35.3678817,149.159835,100.068,-39.28276408672323,-17.01,12.06
621.944,17,-35.3678966,149.1598484,100.057,-39.219427742549705,-16.53,12.46
622.044,17,-35.3679112,149.1598623,100.051,-39.121363301541244,-16.04,12.85
622.144,17,-35.3679254,149.1598766,100.047,-38.992313707363024,-15.55,13.21
622.244,17,-35.3679391,149.1598914,100.047,-38.76179823796968,-15.06,13.56
622.345,17,-35.3679524,149.15990639999998,100.047,-38.3549511898687,-14.58,13.88
622.445,17,-35.367965399999996,149.159922,100.047,-37.865998437754996,-14.09,14.18
622.545,17,-35.3679779,149.15993799999998,100.04,-37.36143528829323,-13.63,14.450000000000001
622.645,17,-35.36799,149.1599541,100.031,-36.934586031207864,-13.16,14.700000000000001
622.744,17,-35.3680018,149.1599707,100.019,-36.64071372707348,-12.69,14.94
622.844,17,-35.3680131,149.1599874,100.006,-36.5376666630655,-12.22,15.17
622.944,17,-35.368024,149.16000449999999,99.99000000000001,-36.62042465014396,-11.74,15.38
623.044,17,-35.3680345,149.1600217,99.97200000000001,-36.81916266442382,-11.26,15.58
623.144,17,-35.368044499999996,149.1600392,99.952,-37.111593798643334,-10.76,15.790000000000001
623.244,17,-35.368054,149.1600569,99.931,-37.51291863880036,-10.23,15.98
623.344,17,-35.368063,149.1600746,99.912,-37.95776202925412,-9.69,16.16
623.444,17,-35.3680715,149.1600925,99.891,-38.37985405958256,-9.13,16.330000000000002
623.544,17,-35.3680794,149.1601105,99.872,-38.807738090327184,-8.53,16.5
623.644,17,-35.3680868,149.1601287,99.857,-39.20004366568521,-7.91,16.66
623.744,17,-35.3680936,149.160147,99.849,-39.524986500353975,-7.2700000000000005,16.79
623.844,17,-35.368099799999996,149.1601655,99.846,-39.80055048241814,-6.62,16.91
623.944,17,-35.3681054,149.16018409999998,99.848,-39.95321545565168,-5.97,17.01
624.044,17,-35.3681105,149.16020279999998,99.85300000000001,-39.996938911623516,-5.33,17.080000000000002
624.144,17,-35.3681149,149.1602215,99.86200000000001,-39.94919588932513,-4.69,17.13
624.244,17,-35.3681188,149.1602403,99.873,-39.85317708997309,-4.0600000000000005,17.16
624.344,17,-35.368122199999995,149.16025919999998,99.887,-39.62061939401791,-3.45,17.17
624.445,17,-35.368125,149.1602781,99.903,-39.215917025316315,-2.85,17.150000000000002
624.545,17,-35.3681274,149.1602972,99.917,-38.747806595454904,-2.27,17.13
624.645,17,-35.3681291,149.16031619999998,99.93,-38.27539314641639,-1.71,17.09
624.745,17,-35.3681304,149.1603352,99.941,-37.82683071795956,-1.1500000000000001,17.03
624.844,17,-35.3681313,149.1603541,99.95100000000001,-37.554210547427665,-0.62,16.96
624.944,17,-35.3681316,149.160373,99.95700000000001,-37.463577352236186,-0.1,16.87
625.044,17,-35.3681315,149.1603917,99.96000000000001,-37.53398294220067,0.4,16.78
625.144,17,-35.3681309,149.1604103,99.956,-37.72953808832731,0.93,16.67
625.244,17,-35.3681298,149.1604288,99.94800000000001,-38.01595182588804,1.46,16.54
625.344,17,-35.3681282,149.16044689999998,99.938,-38.39049549430944,2.0,16.39
625.444,17,-35.3681263,149.1604649,99.926,-38.81101316603421,2.54,16.240000000000002
625.544,17,-35.3681238,149.1604826,99.913,-39.24280064988949,3.09,16.06
625.644,17,-35.3681208,149.1605001,99.9,-39.681216832334265,3.68,15.860000000000001
625.744,17,-35.3681173,149.1605174,99.89,-40.1094389574428,4.28,15.64
625.844,17,-35.368113199999996,149.1605344,99.883,-40.475168266740305,4.89,15.39
625.944,17,-35.3681086,149.1605511,99.882,-40.772206363554986,5.51,15.11
626.044,17,-35.3681033,149.16056749999998,99.885,-40.89652946682756,6.140000000000001,14.8
626.144,17,-35.3680976,149.1605835,99.895,-40.84895378416383,6.74,14.48
626.244,17,-35.368091299999996,149.1605992,99.912,-40.66481871432946,7.33,14.14
626.344,17,-35.3680845,149.16061449999998,99.933,-40.343618823325855,7.87,13.790000000000001
626.444,17,-35.3680772,149.1606294,99.956,-39.89310979095557,8.39,13.44
626.545,17,-35.368069399999996,149.16064409999998,99.98100000000001,-39.430996267185435,8.88,13.07
626.645,17,-35.3680612,149.1606583,100.003,-38.99785640587449,9.32,12.72
626.745,17,-35.3680526,149.1606722,100.018,-38.65198928668338,9.75,12.36
626.844,17,-35.3680436,149.1606857,100.03,-38.40650545772395,10.15,12.0
626.944,17,-35.3680342,149.1606989,100.035,-38.2835210715287,10.540000000000001,11.64
627.044,17,-35.3680245,149.1607117,100.035,-38.29939101606523,10.93,11.26
627.144,17,-35.3680144,149.160724,100.028,-38.4174952320985,11.31,10.88
627.244,17,-35.368004,149.1607359,100.015,-38.504819200637115,11.68,10.48
627.344,17,-35.3679932,149.1607474,99.998,-38.60485073612654,12.06,10.07
627.444,17,-35.3679821,149.1607583,99.979,-38.7128906684178,12.450000000000001,9.620000000000001
627.544,17,-35.3679708,149.1607687,99.964,-38.793975259149605,12.82,9.15
627.644,17,-35.3679591,149.1607785,99.952,-38.91058707884923,13.19,8.67
627.744,17,-35.367947199999996,149.16078779999998,99.946,-39.08904284638874,13.55,8.17
627.844,17,-35.3679349,149.1607965,99.943,-39.28517514350025,13.89,7.65
627.944,17,-35.3679224,149.1608046,99.94200000000001,-39.49545959257201,14.21,7.12
628.044,17,-35.367909499999996,149.1608121,99.94200000000001,-39.68368253062464,14.530000000000001,6.58
628.144,17,-35.3678965,149.160819,99.944,-39.86430005303646,14.83,6.03
628.244,17,-35.3678831,149.1608253,99.947,-39.97642785354597,15.11,5.47
628.344,17,-35.3678695,149.160831,99.949,-40.0617676521307,15.370000000000001,4.91
628.444,17,-35.3678556,149.16083609999998,99.952,-40.06072263318768,15.610000000000001,4.33
628.544,17,-35.3678416,149.1608405,99.956,-39.932738548519985,15.84,3.7600000000000002
628.645,17,-35.3678272,149.1608444,99.96300000000001,-39.633900696859,16.05,3.18
628.745,17,-35.3678126,149.16084759999998,99.97,-39.28930057775893,16.240000000000002,2.59
628.845,17,-35.3677978,149.1608502,99.977,-38.96492806388586,16.41,2.0100000000000002
628.944,17,-35.3677829,149.1608521,99.985,-38.681270307655225,16.56,1.44
629.044,17,-35.367767799999996,149.16085339999998,99.993,-38.53533307075415,16.69,0.87
629.144,17,-35.367752599999996,149.1608541,100.0,-38.46950370753357,16.8,0.31
629.244,17,-35.367737399999996,149.1608541,100.004,-38.47552793438152,16.89,-0.24
629.344,17,-35.367722,149.1608536,100.006,-38.53727625957302,16.97,-0.79
629.444,17,-35.3677066,149.16085239999998,100.005,-38.663703061109956,17.03,-1.35
629.544,17,-35.3676913,149.1608506,100.002,-38.81413114739031,17.080000000000002,-1.92
629.644,17,-35.367675999999996,149.1608482,99.995,-38.53038118360589,17.12,-2.5
629.744,17,-35.3676607,149.1608453,99.988,-37.48592231610588,17.13,-3.08
629.844,17,-35.3676454,149.1608416,99.98100000000001,-35.60200929394921,17.13,-3.64
629.944,17,-35.3676301,149.1608374,99.985,-33.174174157238575,17.09,-4.14
630.044,17,-35.3676149,149.1608326,99.996,-30.62999016311135,17.04,-4.57
630.144,17,-35.3675998,149.16082749999998,100.016,-28.100200792659933,16.96,-4.95
630.244,17,-35.3675847,149.1608219,100.037,-25.370293709716314,16.88,-5.26
630.344,17,-35.367569599999996,149.1608161,100.054,-22.5002157770784,16.79,-5.5
630.444,17,-35.3675547,149.16081,100.06400000000001,-19.879152881200806,16.7,-5.67
630.544,17,-35.367539799999996,149.1608038,100.059,-17.80103709037316,16.62,-5.8
630.645,17,-35.367525,149.1607974,100.038,-16.29465935949436,16.55,-5.92
630.745,17,-35.3675101,149.1607909,100.001,-15.190176789568278,16.48,-6.0600000000000005
630.845,17,-35.3674953,149.1607842,99.95,-14.299319484991747,16.42,-6.2
630.945,17,-35.3674805,149.1607773,99.888,-13.447991900236662,16.37,-6.3500000000000005
631.044,17,-35.3674657,149.1607702,99.824,-12.492645657064163,16.330000000000002,-6.51
631.144,17,-35.3674509,149.160763,99.761,-11.354598683782992,16.3,-6.65
631.244,17,-35.3674361,149.1607556,99.706,-10.060690208736716,16.27,-6.79
631.344,17,-35.3674214,149.16074799999998,99.664,-8.666869726511493,16.25,-6.9
631.444,17,-35.3674067,149.16074039999998,99.634,-7.147326806007491,16.23,-6.99
631.544,17,-35.367391999999995,149.16073269999998,99.618,-5.575176487855581,16.21,-7.05
631.644,17,-35.367377499999996,149.16072499999999,99.61,-3.9731820850121244,16.2,-7.08
631.744,17,-35.367362899999996,149.1607173,99.607,-2.4415817461889344,16.19,-7.09
631.844,17,-35.3673484,149.1607096,99.602,-1.0479764149225663,16.19,-7.08
631.944,17,-35.3673339,149.1607019,99.593,0.1837935470356599,16.19,-7.05
632.044,17,-35.3673194,149.1606943,99.577,1.232045637464473,16.2,-7.0200000000000005
632.144,17,-35.3673049,149.16068669999999,99.557,2.0708563669569786,16.22,-6.98
632.244,17,-35.3672903,149.16067909999998,99.534,2.7134292515709655,16.23,-6.94
632.344,17,-35.3672757,149.1606716,99.51,3.209201520684103,16.25,-6.88
632.444,17,-35.3672611,149.1606641,99.486,3.5453800165375458,16.28,-6.83
632.544,17,-35.3672465,149.1606567,99.46600000000001,3.7626585793194063,16.3,-6.7700000000000005
632.644,17,-35.3672319,149.16064939999998,99.449,3.893586902406204,16.330000000000002,-6.71
632.745,17,-35.3672172,149.1606421,99.436,3.981479057306397,16.35,-6.66
632.845,17,-35.367202299999995,149.1606348,99.425,4.030845530193134,16.38,-6.6000000000000005
632.945,17,-35.3671875,149.1606275,99.418,4.04264724330527,16.41,-6.55
633.045,17,-35.367172599999996,149.1606203,99.414,4.011216420292163,16.43,-6.5
633.144,17,-35.3671576,149.1606132,99.412,3.968287827584987,16.46,-6.45
633.244,17,-35.3671426,149.160606,99.412,3.8601019000002164,16.490000000000002,-6.4
633.344,17,-35.367127599999996,149.160599,99.411,3.7298348246024404,16.52,-6.3500000000000005
633.444,17,-35.3671126,149.16059199999998,99.411,3.565136979042042,16.54,-6.3100000000000005
633.544,17,-35.3670975,149.160585,99.412,3.3524252514939814,16.56,-6.2700000000000005
633.644,17,-35.367082499999995,149.160578,99.415,3.079738913504508,16.580000000000002,-6.24
633.744,17,-35.3670676,149.1605712,99.42,2.8499412543042486,16.59,-6.21
633.844,17,-35.367052699999995,149.1605644,99.427,2.6999321574407857,16.61,-6.18
633.944,17,-35.3670378,149.1605576,99.435,2.5469732726295238,16.62,-6.140000000000001
634.044,17,-35.367022899999995,149.1605509,99.443,2.436131041787853,16.62,-6.11
634.144,17,-35.3670081,149.1605442,99.45100000000001,2.3610578712993036,16.63,-6.09
634.244,17,-35.366993199999996,149.1605376,99.456,2.2737509782336156,16.64,-6.0600000000000005
634.344,17,-35.3669783,149.160531,99.458,2.161587105787547,16.65,-6.03
634.444,17,-35.366963399999996,149.16052439999999,99.458,2.0471428039323407,16.66,-6.01
634.544,17,-35.3669485,149.16051779999998,99.46000000000001,1.9558449459572498,16.67,-5.98
634.644,17,-35.366933599999996,149.1605112,99.46300000000001,1.8890375850248857,16.68,-5.96
634.744,17,-35.3669187,149.1605047,99.46600000000001,1.7892503355199976,16.69,-5.94
634.845,17,-35.3669037,149.1604982,99.47,1.679673610665483,16.7,-5.92
634.945,17,-35.3668885,149.1604916,99.476,1.5295296175659125,16.71,-5.91
635.045,17,-35.366873399999996,149.160485,99.483,1.3894274966501414,16.73,-5.89
635.145,17,-35.366858199999996,149.16047849999998,99.491,1.2640631096942598,16.740000000000002,-5.88
635.244,17,-35.366842999999996,149.1604719,99.5,1.1806885913215008,16.76,-5.86
635.344,17,-35.366827799999996,149.1604654,99.51,1.1294814891751517,16.77,-5.8500000000000005
635.444,17,-35.366812599999996,149.16045889999998,99.517,1.0334728283851617,16.79,-5.84
635.544,17,-35.366797399999996,149.1604524,99.523,0.9023362912503845,16.8,-5.83
635.644,17,-35.366782199999996,149.16044589999998,99.528,0.7778177271736737,16.82,-5.83
635.744,17,-35.3667671,149.1604395,99.532,0.6865970823527155,16.830000000000002,-5.82
635.844,17,-35.366752,149.1604331,99.536,0.609744327420261,16.84,-5.8100000000000005
635.944,17,-35.3667369,149.1604267,99.54,0.5734167390199316,16.85,-5.8100000000000005
636.044,17,-35.3667219,149.1604203,99.547,0.5110813377249276,16.85,-5.8
636.144,17,-35.3667069,149.16041389999998,99.557,0.43949831386097593,16.85,-5.79
636.244,17,-35.3666918,149.16040759999998,99.569,0.36751937914900146,16.86,-5.79
636.344,17,-35.3666768,149.1604012,99.583,0.2773346285652109,16.85,-5.79
636.444,17,-35.3666617,149.1603949,99.595,0.18724051139005526,16.85,-5.79
636.544,17,-35.3666467,149.16038849999998,99.60600000000001,0.13171359473815067,16.85,-5.78
636.644,17,-35.3666317,149.1603822,99.614,0.08872859960946879,16.85,-5.78
636.744,17,-35.3666166,149.1603758,99.62,0.054209337142433416,16.85,-5.7700000000000005
636.844,17,-35.3666015,149.1603695,99.625,0.01939160741486039,16.85,-5.78
636.945,17,-35.3665865,149.16036309999998,99.629,0.030075824205545394,16.85,-5.78
637.045,17,-35.366571199999996,149.1603567,99.633,0.09411937310264763,16.85,-5.78
637.145,17,-35.366555999999996,149.16035019999998,99.635,0.12191635538442852,16.86,-5.78
637.245,17,-35.366540799999996,149.1603438,99.638,0.14051301282324272,16.87,-5.78
637.344,17,-35.3665255,149.16033729999998,99.643,0.1256891144261482,16.88,-5.79
637.444,17,-35.3665102,149.1603309,99.652,0.0878737720863726,16.9,-5.79
637.544,17,-35.3664948,149.16032439999998,99.663,0.11085648485949942,16.91,-5.8
637.644,18,-35.3664795,149.1603179,99.675,0.08519931279927626,16.92,-5.8
637.744,18,-35.366464199999996,149.1603115,99.687,0.055266642421823456,16.93,-5.8
637.844,18,-35.3664488,149.160305,99.697,0.08574089210558405,16.94,-5.8
637.944,18,-35.3664336,149.1602986,99.705,0.14611927745071415,16.94,-5.8
638.044,18,-35.3664184,149.1602922,99.712,0.2050427591314588,16.94,-5.8
638.144,18,-35.3664033,149.1602859,99.717,0.21190669904092493,16.94,-5.79
638.244,18,-35.366388199999996,149.1602795,99.72,0.18144693682872418,16.93,-5.79
638.344,18,-35.3663731,149.1602732,99.724,0.14819788277400622,16.93,-5.78
638.444,18,-35.3663579,149.1602668,99.73,0.13750903692933295,16.93,-5.78
638.544,18,-35.3663428,149.1602605,99.73700000000001,0.13385448551697943,16.93,-5.78
638.644,18,-35.3663277,149.1602542,99.746,0.1063497873069075,16.92,-5.7700000000000005
638.744,18,-35.3663126,149.16024779999998,99.758,0.10421988886377422,16.92,-5.7700000000000005
638.844,18,-35.3662975,149.16024149999998,99.769,0.11674218026323974,16.91,-5.76
638.944,18,-35.366282399999996,149.1602352,99.777,0.12461950947016684,16.91,-5.76
639.045,18,-35.3662671,149.1602288,99.781,0.09979011098062428,16.91,-5.76
639.145,18,-35.3662519,149.16022239999998,99.784,0.03372562316693832,16.91,-5.76
639.245,18,-35.3662366,149.16021609999999,99.786,-0.03506619453389877,16.92,-5.76
639.344,18,-35.3662213,149.1602096,99.787,-0.10158480988611124,16.93,-5.7700000000000005
639.444,18,-35.3662059,149.16020319999998,99.788,-0.16373557596000674,16.93,-5.78
639.544,18,-35.366190599999996,149.1601968,99.791,-0.14654188206539548,16.94,-5.79
639.644,18,-35.3661752,149.1601904,99.795,0.43092143721286463,16.94,-5.8
639.744,18,-35.3661599,149.1601839,99.804,2.0963304112401877,16.95,-5.8
639.844,18,-35.3661445,149.1601775,99.813,4.954667889025086,16.96,-5.74
639.944,18,-35.3661293,149.1601713,99.82300000000001,8.483599529380772,16.97,-5.58
640.044,18,-35.366113999999996,149.1601652,99.833,12.02732194438412,16.990000000000002,-5.37
640.144,18,-35.3660989,149.1601595,99.84100000000001,15.343931177974435,17.01,-5.12
640.244,18,-35.366083599999996,149.1601541,99.84400000000001,18.554750172831362,17.04,-4.84
640.344,18,-35.366068399999996,149.160149,99.84400000000001,21.484370279558863,17.06,-4.51
640.444,18,-35.366053199999996,149.16014429999998,99.84,23.93439670088287,17.09,-4.15
640.544,18,-35.366037899999995,149.1601401,99.836,25.91333643741464,17.12,-3.75
640.644,18,-35.3660226,149.16013619999998,99.833,27.47098327575085,17.150000000000002,-3.33
640.744,18,-35.3660073,149.16013289999998,99.836,28.78404616255078,17.17,-2.88
640.844,18,-35.3659919,149.16012999999998,99.84400000000001,29.96052234142338,17.18,-2.42
640.944,18,-35.365976599999996,149.1601277,99.85600000000001,31.064837571714797,17.18,-1.94
641.044,18,-35.3659612,149.1601259,99.871,32.18848565245194,17.17,-1.44
641.145,18,-35.3659457,149.16012469999998,99.891,33.29754444912193,17.150000000000002,-0.91
641.245,18,-35.365930299999995,149.1601241,99.914,33.8169564298393,17.11,-0.36
641.345,18,-35.3659149,149.1601241,99.937,32.585944605538735,17.07,0.18
641.444,18,-35.3658995,149.1601246,99.964,28.957041193848863,17.01,0.66
641.544,18,-35.365884099999995,149.16012569999998,100.005,23.196206930860818,16.94,1.02
641.644,18,-35.3658688,149.160127,100.063,16.134795366875625,16.86,1.2
641.744,18,-35.3658535,149.1601284,100.137,8.925198579978776,16.81,1.21
641.844,18,-35.3658383,149.1601296,100.209,2.416456041553396,16.78,1.09
641.944,18,-35.3658231,149.1601307,100.261,-2.8336807083245636,16.76,0.93
642.044,18,-35.365808,149.1601317,100.283,-6.565909087344271,16.75,0.77
642.144,18,-35.365793,149.16013239999998,100.27,-8.72267834844602,16.73,0.64
642.244,18,-35.3657779,149.160133,100.232,-9.523776722044829,16.73,0.51
642.344,18,-35.365763,149.1601335,100.18,-9.309390744376469,16.73,0.41000000000000003
642.444,18,-35.365747999999996,149.16013379999998,100.123,-8.449446022209768,16.73,0.31
642.544,18,-35.3657331,149.1601341,100.07300000000001,-7.3410702444567795,16.73,0.23
642.644,18,-35.365718199999996,149.1601342,100.033,-6.29902328750743,16.740000000000002,0.15
642.744,18,-35.3657033,149.16013429999998,100.011,-5.455573472186311,16.73,0.08
642.844,18,-35.365688299999995,149.16013429999998,100.004,-4.821632879466162,16.72,0.01
642.944,18,-35.3656734,149.1601342,100.012,-4.302232424693012,16.71,-0.04
643.044,18,-35.365658499999995,149.1601341,100.027,-3.8232082063115693,16.7,-0.1
643.145,18,-35.3656436,149.1601339,100.046,-3.3661355755923124,16.69,-0.14
643.245,18,-35.3656285,149.16013379999998,100.061,-2.909654610009908,16.68,-0.18
643.345,18,-35.3656134,149.1601335,100.068,-2.406815869870158,16.68,-0.2
643.445,18,-35.365598299999995,149.1601332,100.06400000000001,-1.874484159450881,16.68,-0.21
643.544,18,-35.365583199999996,149.16013289999998,100.052,-1.3808599848317125,16.69,-0.22
643.644,18,-35.3655681,149.1601327,100.034,-0.9718662296189392,16.69,-0.22
643.744,18,-35.3655529,149.16013239999998,100.013,-0.6461325871103271,16.71,-0.23
643.844,18,-35.3655378,149.1601321,99.99000000000001,-0.4042683582046088,16.72,-0.23
643.944,18,-35.3655226,149.1601318,99.968,-0.1974911579107899,16.73,-0.23
644.044,18,-35.3655075,149.1601315,99.949,0.0004927096759054455,16.740000000000002,-0.22
644.144,18,-35.365492499999995,149.1601313,99.93900000000001,0.16785393990568642,16.740000000000002,-0.22
644.244,18,-35.365477399999996,149.160131,99.933,0.3189412595028725,16.740000000000002,-0.21
644.344,18,-35.3654625,149.1601308,99.934,0.4427258717284978,16.740000000000002,-0.2
644.444,18,-35.3654475,149.16013049999998,99.93900000000001,0.5334294498849449,16.73,-0.19
644.544,18,-35.3654326,149.1601303,99.946,0.5699128519757151,16.72,-0.19
644.644,18,-35.3654176,149.1601301,99.953,0.6277863788345555,16.72,-0.19
644.744,18,-35.3654027,149.1601299,99.958,0.6658107889959569,16.71,-0.18
644.844,18,-35.3653878,149.1601297,99.958,0.6942166386195407,16.71,-0.18
644.944,18,-35.3653729,149.16012949999998,99.95400000000001,0.7277971569522027,16.71,-0.16
645.044,18,-35.3653579,149.1601293,99.947,0.8026041635065326,16.71,-0.15
645.144,18,-35.365342999999996,149.1601291,99.938,0.8591403073093727,16.71,-0.13
645.245,18,-35.365328,149.16012899999998,99.926,0.8762330691507412,16.71,-0.12
645.345,18,-35.3653128,149.1601288,99.915,0.876089635178171,16.72,-0.11
645.445,18,-35.3652977,149.1601287,99.906,0.8584065422212723,16.73,-0.09
645.545,18,-35.3652825,149.1601286,99.9,0.8249625743111578,16.740000000000002,-0.08
645.644,18,-35.3652673,149.1601286,99.897,0.7429053219528593,16.75,-0.06
645.744,18,-35.3652521,149.16012849999998,99.896,0.6461638032092681,16.76,-0.05
645.844,18,-35.3652369,149.1601284,99.898,0.5826464056618816,16.76,-0.05
645.944,18,-35.3652217,149.1601284,99.903,0.46864398502946325,16.77,-0.04
646.044,18,-35.3652065,149.1601284,99.91,0.3653541291408281,16.78,-0.04
646.144,18,-35.3651915,149.1601283,99.918,0.2607969529960382,16.78,-0.03
646.244,18,-35.365176399999996,149.1601283,99.922,0.2006762939002637,16.78,-0.03
646.344,18,-35.3651614,149.1601283,99.927,0.19040282227470504,16.78,-0.04
646.444,18,-35.3651464,149.1601282,99.93,0.1810587633043706,16.78,-0.03
646.544,18,-35.365131399999996,149.1601282,99.931,0.15649847026606256,16.77,-0.03
646.644,18,-35.3651165,149.1601282,99.931,0.15325799907214108,16.77,-0.03
646.744,18,-35.3651015,149.1601282,99.932,0.14313783317693748,16.76,-0.03
646.844,18,-35.3650865,149.16012809999998,99.933,0.11747251691654187,16.76,-0.04
646.944,18,-35.3650716,149.16012809999998,99.934,0.0897713573863395,16.76,-0.04
647.044,18,-35.365056599999996,149.16012809999998,99.933,0.027816360609013484,16.75,-0.04
647.144,18,-35.3650416,149.160128,99.929,0.02648967973907115,16.75,-0.04
647.244,18,-35.3650266,149.160128,99.924,0.05123142469010744,16.75,-0.04
647.345,18,-35.3650117,149.160128,99.922,0.04471620795944211,16.740000000000002,-0.04
647.445,18,-35.3649965,149.1601279,99.924,0.08955190420871978,16.75,-0.04
647.545,18,-35.3649814,149.1601279,99.926,0.16342831082884873,16.75,-0.04
647.645,18,-35.3649662,149.1601279,99.929,0.17741090867905487,16.76,-0.03
647.744,18,-35.364951,149.1601278,99.932,0.20824723843010548,16.77,-0.03
647.844,18,-35.3649358,149.1601278,99.933,0.25284802686474495,16.77,-0.02
647.944,18,-35.3649205,149.1601278,99.932,0.274967220965861,16.79,-0.02
648.044,18,-35.3649053,149.1601278,99.93,0.29352959405669293,16.8,-0.01
648.144,18,-35.3648901,149.1601278,99.928,0.2988692812033355,16.81,-0.01
648.244,18,-35.364874799999996,149.1601278,99.927,0.26924696421640176,16.81,-0.01
648.344,18,-35.3648597,149.1601278,99.929,0.23269779487444375,16.81,0.0
648.444,18,-35.3648446,149.1601278,99.935,0.18656784447851477,16.81,0.0
648.544,18,-35.3648296,149.1601278,99.941,0.14729288270897953,16.81,0.0
648.644,18,-35.364814599999995,149.1601278,99.95,0.13649017814445066,16.8,0.0
648.744,18,-35.3647996,149.1601279,99.958,0.11669913139517014,16.8,0.0
648.844,18,-35.3647846,149.1601279,99.965,0.04905868415220953,16.8,0.0
648.944,18,-35.364769599999995,149.1601279,99.968,0.008569278562917643,16.8,0.01
649.044,18,-35.3647546,149.1601279,99.968,-0.015858968876095666,16.79,0.02
649.144,18,-35.3647396,149.1601279,99.96300000000001,-0.019042123843905894,16.79,0.02
649.244,18,-35.364724599999995,149.1601279,99.955,-0.02412909899383797,16.79,0.02
649.344,18,-35.3647096,149.160128,99.946,-0.0608148037506035,16.78,0.02
649.445,18,-35.3646945,149.160128,99.93900000000001,-0.16176681395239023,16.78,0.02
649.545,18,-35.3646793,149.160128,99.935,-0.245029594699196,16.79,0.01
649.645,18,-35.3646641,149.16012809999998,99.933,-0.29139548010618127,16.79,0.01
649.744,18,-35.3646489,149.16012809999998,99.932,-0.3037767187611368,16.8,0.01
649.844,18,-35.3646337,149.16012809999998,99.932,-0.3216041795055312,16.81,0.0
649.944,18,-35.3646184,149.16012809999998,99.934,-0.29393444284757486,16.81,0.0
650.044,18,-35.3646032,149.1601282,99.94,-0.25684352744664374,16.82,0.0
650.144,18,-35.3645879,149.1601282,99.946,-0.21475204645940382,16.830000000000002,0.0
650.244,18,-35.3645727,149.1601282,99.95,-0.22845288566613373,16.830000000000002,-0.01
650.344,18,-35.3645576,149.1601282,99.95400000000001,-0.2148474823447989,16.830000000000002,-0.01
650.444,18,-35.3645425,149.1601282,99.95700000000001,-0.241150901024275,16.830000000000002,-0.01
650.544,18,-35.3645274,149.1601282,99.962,-0.25322718240496,16.82,-0.01
650.644,18,-35.364512399999995,149.1601282,99.968,-0.23078651584560378,16.81,-0.02
650.744,18,-35.3644974,149.1601282,99.973,-0.17845024469123397,16.81,-0.02
650.844,18,-35.3644824,149.1601282,99.977,-0.06933856633976868,16.8,-0.03
650.944,18,-35.364467399999995,149.1601282,99.98,0.006768779165968791,16.8,-0.03
651.044,18,-35.3644524,149.1601282,99.98100000000001,0.06039120529003709,16.79,-0.03
651.144,18,-35.3644374,149.1601282,99.982,0.08774372501777129,16.78,-0.03
651.244,18,-35.364422399999995,149.1601282,99.982,0.0634644835916387,16.78,-0.03
651.344,18,-35.3644074,149.1601282,99.979,-0.012211512789649978,16.78,-0.03
651.444,18,-35.3643924,149.16012809999998,99.974,-0.028737090452956367,16.78,-0.04
651.545,18,-35.3643772,149.16012809999998,99.97,-0.011159330985900773,16.78,-0.04
651.645,18,-35.3643621,149.16012809999998,99.968,0.01415650420483032,16.78,-0.04
651.745,18,-35.364346999999995,149.16012809999998,99.96900000000001,0.06219425516900145,16.79,-0.04
651.844,18,-35.364331799999995,149.160128,99.967,0.08591186027824595,16.79,-0.04
651.944,18,-35.3643165,149.160128,99.965,0.0651620390644381,16.8,-0.04
652.044,18,-35.3643013,149.160128,99.96300000000001,0.0651553889681466,16.81,-0.04
652.144,18,-35.364286,149.1601279,99.961,0.07998158855202205,16.82,-0.05
652.244,18,-35.3642708,149.1601279,99.961,0.15772851796647308,16.830000000000002,-0.05
652.344,18,-35.3642555,149.1601278,99.96300000000001,0.23043806947622733,16.830000000000002,-0.04
652.444,18,-35.3642402,149.1601278,99.967,0.30317576883588143,16.84,-0.04
652.544,18,-35.3642251,149.1601278,99.971,0.3788806517813772,16.830000000000002,-0.03
652.644,18,-35.36421,149.1601277,99.97500000000001,0.4315967454866232,16.830000000000002,-0.02
652.744,18,-35.364194999999995,149.1601277,99.977,0.4000037054807292,16.830000000000002,-0.02
652.844,18,-35.364179899999996,149.1601277,99.97800000000001,0.38548955349445213,16.82,-0.02
652.944,18,-35.3641649,149.1601277,99.98,0.3274271025359522,16.82,-0.01
653.044,18,-35.3641499,149.1601277,99.98100000000001,0.26399641637451315,16.81,-0.01
653.144,18,-35.364134899999996,149.1601277,99.982,0.24916447382884535,16.81,-0.01
653.244,18,-35.3641198,149.1601277,99.982,0.22719180862976723,16.8,0.0
653.344,18,-35.3641048,149.1601277,99.979,0.22785535083546338,16.8,0.0
653.444,18,-35.364089799999995,149.1601277,99.971,0.21108658275263417,16.81,0.0
653.544,18,-35.3640748,149.1601277,99.964,0.19143659541797028,16.81,0.0
653.645,18,-35.3640596,149.1601277,99.959,0.13099895951581164,16.81,0.01
653.745,18,-35.3640444,149.1601277,99.958,0.036003878121321026,16.82,0.01
653.845,18,-35.3640292,149.1601277,99.961,-0.013874330347217516,16.830000000000002,0.0
653.944,18,-35.364013899999996,149.1601277,99.96600000000001,-0.07463926004316136,16.830000000000002,0.0
654.044,18,-35.363998699999996,149.1601277,99.97200000000001,-0.11529132535356738,16.84,0.0
654.144,18,-35.363983399999995,149.1601277,99.97800000000001,-0.13666482821596201,16.85,-0.01
654.244,18,-35.3639681,149.1601277,99.985,-0.1413189084442381,16.86,-0.02
654.344,18,-35.3639528,149.16012759999998,99.991,-0.1272494524657391,16.87,-0.03
654.444,18,-35.3639375,149.16012759999998,99.994,-0.06227158838505333,16.88,-0.03
654.544,18,-35.3639224,149.1601275,99.994,0.032402594180365694,16.88,-0.03
654.644,18,-35.3639072,149.1601275,99.991,0.08190449357668558,16.88,-0.03
654.744,18,-35.3638921,149.1601275,99.988,0.14091120484772654,16.87,-0.03
654.844,18,-35.363877099999996,149.1601274,99.986,0.20872452457878657,16.86,-0.03
654.944,18,-35.363862,149.1601274,99.98400000000001,0.2611739474217112,16.86,-0.03
655.044,18,-35.363847,149.1601273,99.98100000000001,0.3383905700100276,16.85,-0.02
655.144,18,-35.3638319,149.1601273,99.98,0.4040599040327912,16.84,-0.01
655.244,18,-35.363816899999996,149.1601273,99.983,0.4210109127684555,16.830000000000002,-0.01
655.344,18,-35.3638019,149.1601273,99.99000000000001,0.4074354315453791,16.82,-0.01
655.444,18,-35.3637868,149.1601272,99.997,0.37958432134844716,16.81,0.0
655.544,18,-35.363771799999995,149.1601272,100.004,0.40134314292956574,16.8,0.0
655.645,18,-35.3637568,149.1601272,100.009,0.561342512032083,16.8,0.0
655.745,18,-35.3637416,149.1601272,100.008,1.010746974747531,16.79,0.0
655.845,18,-35.3637266,149.1601272,100.002,1.8198097758053982,16.79,0.02
655.945,18,-35.3637114,149.1601272,99.996,3.0343960623691437,16.79,0.07
656.044,18,-35.3636962,149.1601273,99.989,4.546693859711055,16.78,0.14
656.144,18,-35.363681,149.1601275,99.982,6.237704410459995,16.78,0.25
656.244,18,-35.3636658,149.1601279,99.976,8.039810549380132,16.76,0.38
656.344,18,-35.3636506,149.1601284,99.974,9.753037144178185,16.740000000000002,0.54
656.444,18,-35.3636354,149.1601291,99.97500000000001,11.23739093007828,16.71,0.71
656.544,18,-35.363620399999995,149.16012999999998,99.977,12.476794495547857,16.67,0.9
656.644,18,-35.3636054,149.1601311,99.98100000000001,13.483356912211697,16.64,1.09
656.744,18,-35.3635905,149.16013239999998,99.986,14.199813874068415,16.6,1.28
656.844,18,-35.3635757,149.1601339,99.99000000000001,14.667505101069514,16.55,1.48
656.944,18,-35.363560899999996,149.16013569999998,99.997,14.938653365835266,16.5,1.68
657.044,18,-35.3635461,149.1601377,100.004,15.006101483889141,16.45,1.8800000000000001
657.144,18,-35.3635315,149.1601398,100.011,14.978765359283457,16.4,2.07
657.244,18,-35.3635168,149.1601422,100.019,14.87433688951584,16.35,2.2600000000000002
657.344,18,-35.3635022,149.16014479999998,100.027,14.715803076237968,16.3,2.45
657.444,18,-35.3634876,149.1601476,100.032,14.67287704485173,16.240000000000002,2.62
657.544,18,-35.3634731,149.16015059999998,100.035,14.947617989120907,16.19,2.79
657.644,18,-35.363458699999995,149.1601538,100.038,15.753331009277707,16.13,2.97
657.745,18,-35.363444199999996,149.1601572,100.04,17.15670607237813,16.06,3.18
657.845,18,-35.3634297,149.1601609,100.039,19.161774697579784,15.98,3.43
657.945,18,-35.3634153,149.1601648,100.036,21.587000702027474,15.89,3.72
658.045,18,-35.363400999999996,149.16016919999998,100.03,24.26971800799548,15.77,4.07
658.144,18,-35.3633867,149.16017399999998,100.022,27.03674716907812,15.64,4.46
658.244,18,-35.3633726,149.1601792,100.011,29.67529364168365,15.49,4.9
658.344,18,-35.3633586,149.16018499999998,100.001,32.01200722467715,15.32,5.38
658.444,18,-35.3633448,149.16019129999998,99.992,34.002710254506965,15.120000000000001,5.9
658.544,18,-35.3633312,149.1601982,99.99000000000001,35.62509191824927,14.9,6.45
658.644,18,-35.3633178,149.1602057,99.994,36.66065446435533,14.65,7.03
658.744,18,-35.3633048,149.16021379999998,100.005,36.87698704593715,14.370000000000001,7.59
658.844,18,-35.363292,149.1602225,100.023,36.23612064139861,14.07,8.14
658.944,18,-35.3632796,149.1602318,100.055,35.10682740931245,13.76,8.64
659.044,18,-35.3632674,149.1602416,100.099,33.841374356122095,13.44,9.09
659.144,18,-35.363255599999995,149.1602518,100.154,32.38073840211487,13.13,9.49
659.244,18,-35.363244,149.1602624,100.214,30.43910345128242,12.84,9.82
659.344,18,-35.3632327,149.1602733,100.276,28.15882259875886,12.58,10.08
659.444,18,-35.3632215,149.1602845,100.334,25.84433786641917,12.36,10.27
659.544,18,-35.363210599999995,149.1602959,100.384,23.743170187142734,12.17,10.42
659.644,18,-35.3631998,149.1603073,100.42,21.975998758279918,12.0,10.53
659.744,18,-35.3631892,149.1603189,100.438,20.466298140369904,11.84,10.620000000000001
659.845,18,-35.3631786,149.16033059999998,100.437,19.121551713557576,11.68,10.72
659.945,18,-35.363168099999996,149.1603426,100.42,17.918671730901,11.540000000000001,10.81
660.045,18,-35.363157699999995,149.1603547,100.392,16.77133826166955,11.39,10.92
660.145,19,-35.3631475,149.1603668,100.35600000000001,15.667349172911,11.24,11.03
660.244,19,-35.3631373,149.1603791,100.31700000000001,14.556893602555743,11.1,11.14
660.344,19,-35.363127299999995,149.1603916,100.28,13.400808953450214,10.96,11.25
660.444,19,-35.3631175,149.1604041,100.25,12.210945603804388,10.83,11.34
660.544,19,-35.3631077,149.16041669999998,100.23,10.943598880666645,10.71,11.42
660.644,19,-35.363098099999995,149.1604294,100.21600000000001,9.67707690287118,10.61,11.48
660.744,19,-35.3630886,149.160442,100.211,8.85543161270168,10.52,11.52
660.844,19,-35.3630792,149.1604547,100.21000000000001,9.120261098711524,10.450000000000001,11.56
660.944,19,-35.3630699,149.1604673,100.21000000000001,10.516227114109777,10.34,11.620000000000001
661.044,19,-35.3630607,149.1604801,100.209,12.632123242557702,10.200000000000001,11.72
661.144,19,-35.3630517,149.16049289999998,100.20100000000001,14.866442898382598,10.03,11.86
661.244,19,-35.363042799999995,149.1605059,100.186,17.045894790831138,9.84,12.01
661.344,19,-35.3630341,149.1605191,100.163,19.364120759288703,9.64,12.18
661.444,19,-35.3630256,149.1605325,100.136,21.693152087013228,9.41,12.38
661.544,19,-35.363017299999996,149.1605462,100.105,23.69595650450502,9.14,12.620000000000001
661.644,19,-35.3630093,149.1605601,100.07600000000001,25.108910907916385,8.83,12.88
661.744,19,-35.363001499999996,149.16057429999998,100.052,25.952092638312585,8.52,13.14
661.844,19,-35.362994,149.1605889,100.034,26.54812397359187,8.19,13.4
661.945,19,-35.3629868,149.1606038,100.025,27.075100388815034,7.8500000000000005,13.66
662.045,19,-35.3629799,149.160619,100.025,27.66689529926162,7.51,13.92
662.145,19,-35.3629733,149.16063459999998,100.032,28.399030106584455,7.16,14.17
662.244,19,-35.362967,149.16065039999998,100.044,29.26249066862642,6.8,14.41
662.344,19,-35.362961,149.16066659999998,100.057,30.266644589834183,6.45,14.64
662.444,19,-35.362955299999996,149.160683,100.06400000000001,31.337167459206963,6.08,14.88
662.544,19,-35.36295,149.16069969999998,100.068,32.41558944235486,5.7,15.120000000000001
662.644,19,-35.362944999999996,149.1607167,100.069,33.49347184055833,5.29,15.36
662.744,19,-35.3629404,149.1607339,100.065,34.51792508397937,4.84,15.610000000000001
662.844,19,-35.3629362,149.16075139999998,100.06,35.5649760082694,4.36,15.860000000000001
662.944,19,-35.3629325,149.160769,100.058,36.501265169883915,3.86,16.1
663.044,19,-35.3629293,149.16078679999998,100.057,37.3322874560102,3.31,16.34
663.144,19,-35.3629266,149.1608048,100.061,38.1335130418823,2.72,16.56
663.244,19,-35.3629245,149.1608231,100.07300000000001,38.90567958793058,2.1,16.78
663.344,19,-35.3629229,149.1608416,100.09100000000001,39.54654599246912,1.46,16.97
663.444,19,-35.362921899999996,149.1608603,100.114,40.00215034596024,0.81,17.150000000000002
663.544,19,-35.3629215,149.1608791,100.14,40.17839996239783,0.17,17.29
663.644,19,-35.3629217,149.1608981,100.169,39.56010050287701,-0.48,17.42
663.744,19,-35.362922399999995,149.1609173,100.203,37.105593477457475,-1.12,17.51
663.844,19,-35.362923699999996,149.1609365,100.245,32.20717988021026,-1.69,17.55
663.944,19,-35.3629254,149.1609557,100.302,25.13861369306948,-2.08,17.52
664.045,19,-35.3629274,149.16097499999998,100.375,16.7708942993735,-2.27,17.44
664.145,19,-35.3629294,149.1609943,100.456,8.336591660327294,-2.25,17.330000000000002
664.245,19,-35.3629314,149.1610134,100.527,0.691270479209738,-2.11,17.21
664.344,19,-35.3629332,149.16103239999998,100.566,-5.535741963795689,-1.92,17.1
664.444,19,-35.3629348,149.1610513,100.56400000000001,-10.00708603035681,-1.75,17.0
664.544,19,-35.3629363,149.16107019999998,100.514,-12.72342750383514,-1.6,16.93
664.644,19,-35.362937599999995,149.16108889999998,100.433,-13.905612867080224,-1.44,16.87
664.744,19,-35.362938799999995,149.16110759999998,100.334,-13.91568141969047,-1.28,16.830000000000002
664.844,19,-35.3629398,149.1611263,100.23400000000001,-13.226072223913778,-1.11,16.8
664.944,19,-35.362940699999996,149.1611447,100.151,-12.244270950538526,-0.9400000000000001,16.77
665.044,19,-35.3629414,149.16116309999998,100.09,-11.278553065111362,-0.77,16.740000000000002
665.144,19,-35.362941899999996,149.1611814,100.058,-10.470931007081544,-0.6,16.69
665.244,19,-35.3629423,149.1611997,100.048,-9.82890603170504,-0.45,16.65
665.344,19,-35.362942499999996,149.1612178,100.058,-9.185668697750858,-0.31,16.61
665.444,19,-35.3629427,149.161236,100.07600000000001,-8.463588782659926,-0.19,16.56
665.544,19,-35.3629428,149.16125409999998,100.09400000000001,-7.6444851766353175,-0.1,16.53
665.644,19,-35.3629428,149.1612721,100.108,-6.700839901284696,-0.03,16.5
665.744,19,-35.3629427,149.1612902,100.111,-5.67342278265069,0.01,16.48
665.844,19,-35.3629426,149.16130819999998,100.101,-4.6685555335614835,0.04,16.47
665.944,19,-35.362942499999996,149.1613262,100.078,-3.703305089205642,0.07,16.46
666.045,19,-35.362942499999996,149.1613443,100.045,-2.8265495639442473,0.09,16.45
666.145,19,-35.3629423,149.1613625,100.007,-2.1763868450584956,0.11,16.45
666.245,19,-35.3629422,149.1613806,99.968,-1.734354184169901,0.13,16.46
666.345,19,-35.362942,149.1613988,99.932,-1.428321048383427,0.15,16.47
666.444,19,-35.3629418,149.1614171,99.904,-1.1858127273028913,0.17,16.48
666.544,19,-35.3629416,149.1614354,99.887,-0.9949785225532045,0.18,16.5
666.644,19,-35.3629414,149.1614538,99.88,-0.806057837988179,0.19,16.51
666.744,19,-35.3629412,149.1614722,99.881,-0.5605764102671308,0.2,16.53
666.844,19,-35.362941,149.16149049999999,99.885,-0.3254263640372409,0.21,16.54
666.944,19,-35.3629408,149.1615088,99.889,-0.0778044257334408,0.21,16.54
667.044,19,-35.3629406,149.161527,99.891,0.14849963839710326,0.2,16.55
667.144,19,-35.3629404,149.1615452,99.89,0.2968975710085968,0.2,16.55
667.244,19,-35.3629402,149.1615634,99.886,0.4132401585249644,0.19,16.56
667.344,19,-35.362940099999996,149.1615816,99.876,0.4969223555754912,0.19,16.56
667.444,19,-35.3629399,149.16159969999998,99.86500000000001,0.5618800159032512,0.18,16.57
667.544,19,-35.3629397,149.16161789999998,99.854,0.6174407766761018,0.18,16.580000000000002
667.644,19,-35.3629396,149.16163609999998,99.842,0.7103152344107021,0.17,16.580000000000002
667.744,19,-35.3629394,149.16165429999998,99.83200000000001,0.745656180641082,0.16,16.59
667.844,19,-35.3629393,149.16167249999998,99.825,0.7573727831928571,0.15,16.6
667.944,19,-35.3629391,149.1616908,99.824,0.7788602915174527,0.14,16.6
668.044,19,-35.362939,149.161709,99.827,0.7554803939059404,0.13,16.61
668.145,19,-35.362938899999996,149.1617273,99.83,0.7447516074628784,0.12,16.61
668.245,19,-35.362938799999995,149.1617458,99.83500000000001,0.7380877974321789,0.1,16.61
668.345,19,-35.3629387,149.1617642,99.839,0.7432644404928139,0.09,16.63
668.445,19,-35.3629387,149.1617827,99.84100000000001,0.7667298755515101,0.07,16.64
668.544,19,-35.3629386,149.16180119999999,99.839,0.7902023542427877,0.05,16.66
668.644,19,-35.3629386,149.1618198,99.833,0.7877744354362598,0.04,16.67
668.744,19,-35.3629385,149.1618384,99.82300000000001,0.705588423339936,0.04,16.69
668.844,19,-35.3629385,149.161857,99.813,0.6232845371195765,0.03,16.7
668.944,19,-35.3629385,149.1618756,99.803,0.4685590879125141,0.04,16.72
669.044,19,-35.3629384,149.1618942,99.795,0.2945053772930792,0.04,16.73
669.144,19,-35.3629384,149.1619126,99.791,0.17767711263391348,0.04,16.73
669.244,19,-35.3629384,149.1619311,99.791,0.10956670635438433,0.04,16.740000000000002
669.344,19,-35.362938299999996,149.1619494,99.795,0.09173902549647174,0.04,16.740000000000002
669.444,19,-35.362938299999996,149.16196779999999,99.803,0.1610544732467255,0.04,16.740000000000002
669.544,19,-35.362938299999996,149.1619861,99.81400000000001,0.22972999763879387,0.03,16.740000000000002
669.644,19,-35.362938199999995,149.1620045,99.827,0.26990698460580714,0.02,16.740000000000002
669.744,19,-35.362938199999995,149.1620228,99.83500000000001,0.29706459047814476,0.02,16.73
669.844,19,-35.362938199999995,149.1620412,99.83800000000001,0.2849084279006823,0.02,16.740000000000002
669.944,19,-35.362938199999995,149.1620595,99.837,0.24470502731148816,0.02,16.740000000000002
670.044,19,-35.3629381,149.16207789999999,99.834,0.20460574708649698,0.02,16.740000000000002
670.144,19,-35.3629381,149.1620963,99.828,0.21989224405751442,0.03,16.740000000000002
670.245,19,-35.3629381,149.1621147,99.822,0.20593751391273046,0.03,16.75
670.345,19,-35.362938,149.1621334,99.819,0.16516420607445012,0.03,16.76
670.445,19,-35.362938,149.162152,99.81700000000001,0.17314090652967298,0.03,16.76
670.545,19,-35.362938,149.1621707,99.81700000000001,0.18238675485026204,0.03,16.77
670.644,19,-35.362938,149.1621893,99.819,0.18307348234653922,0.02,16.78
670.744,19,-35.3629379,149.162208,99.824,0.20362726912703977,0.02,16.78
670.844,19,-35.3629379,149.1622266,99.82900000000001,0.18354896756643527,0.01,16.79
670.944,19,-35.3629379,149.1622453,99.83500000000001,0.2030658195731368,0.01,16.79
671.044,19,-35.3629379,149.162264,99.842,0.2285352214621441,0.0,16.8
671.144,19,-35.3629379,149.1622825,99.848,0.2690699395869368,0.0,16.8
671.244,19,-35.3629379,149.16230099999999,99.854,0.2874459765794743,0.0,16.8
671.344,19,-35.3629379,149.1623194,99.857,0.23324015458322508,0.0,16.79
671.444,19,-35.3629379,149.1623378,99.858,0.2250840015797307,0.01,16.79
671.544,19,-35.3629379,149.1623562,99.857,0.18980225921563315,0.01,16.79
671.644,19,-35.3629378,149.1623746,99.858,0.1531237965271209,0.01,16.78
671.744,19,-35.3629378,149.16239299999998,99.85900000000001,0.11733604653527384,0.01,16.77
671.844,19,-35.3629378,149.1624114,99.863,0.11040725317922563,0.01,16.77
671.944,19,-35.3629378,149.1624297,99.87,0.12653672489389092,0.01,16.76
672.044,19,-35.3629378,149.1624481,99.877,0.12371554994177153,0.01,16.75
672.144,19,-35.3629378,149.1624665,99.883,0.1165958781448266,0.01,16.75
672.244,19,-35.362937699999996,149.16248489999998,99.891,0.10526096577377887,0.01,16.740000000000002
672.345,19,-35.362937699999996,149.1625032,99.896,0.13186327193050915,0.02,16.73
672.445,19,-35.362937699999996,149.16252179999998,99.9,0.17889590119436408,0.01,16.73
672.545,19,-35.362937699999996,149.16254039999998,99.902,0.22941983768136653,0.01,16.73
672.645,19,-35.362937599999995,149.162559,99.902,0.24483167929582428,0.01,16.740000000000002
672.744,19,-35.362937599999995,149.1625776,99.9,0.25290677716377763,0.01,16.75
672.844,19,-35.362937599999995,149.1625962,99.894,0.2814684671582289,0.01,16.76
672.944,19,-35.362937599999995,149.1626149,99.888,0.33622572020825087,0.0,16.77
673.044,19,-35.3629375,149.1626336,99.886,0.33631622021475355,0.0,16.79
673.144,19,-35.3629375,149.1626523,99.886,0.33198398597068784,0.0,16.8
673.244,19,-35.3629375,149.162671,99.888,0.3599061194628173,0.0,16.81
673.344,19,-35.3629375,149.1626895,99.891,0.37271531215795645,-0.01,16.81
673.444,19,-35.3629375,149.16270799999998,99.898,0.32106139290992675,-0.01,16.81
673.544,19,-35.362937599999995,149.1627265,99.906,0.2613296010295934,-0.02,16.81
673.644,19,-35.362937599999995,149.1627449,99.915,0.15292644141270456,-0.01,16.81
673.744,19,-35.362937599999995,149.1627633,99.923,0.09956640227498652,-0.01,16.81
673.844,19,-35.362937599999995,149.1627818,99.928,0.05461516977404052,0.0,16.8
673.944,19,-35.3629375,149.1628002,99.932,0.007677136795910964,0.0,16.8
674.044,19,-35.3629375,149.16281859999998,99.933,-0.04103802435936463,0.0,16.8
674.144,19,-35.3629375,149.162837,99.931,-0.04135167945265631,0.01,16.79
674.244,19,-35.3629375,149.16285539999998,99.928,-0.015572246005773928,0.02,16.79
674.344,19,-35.3629375,149.1628739,99.924,0.03994993987301656,0.02,16.79
674.445,19,-35.3629374,149.1628925,99.921,0.12671620412258885,0.02,16.79
674.545,19,-35.3629374,149.1629111,99.918,0.25422366965226784,0.02,16.8
674.645,19,-35.3629373,149.1629297,99.916,0.3327177243783618,0.01,16.81
674.744,19,-35.3629373,149.1629484,99.918,0.3565351009422987,0.01,16.81
674.844,19,-35.3629373,149.1629671,99.922,0.36987584777350874,0.01,16.82
674.944,19,-35.3629372,149.1629858,99.927,0.3356848012424976,0.0,16.82
675.044,19,-35.3629372,149.1630045,99.933,0.3139175219661959,0.0,16.82
675.144,19,-35.3629372,149.1630233,99.93900000000001,0.30964398466030996,0.0,16.830000000000002
675.244,19,-35.3629372,149.1630419,99.943,0.33460261646544726,0.0,16.830000000000002
675.344,19,-35.3629372,149.1630605,99.944,0.3734138590831489,0.0,16.830000000000002
675.444,19,-35.362937099999996,149.16307899999998,99.94500000000001,0.36353639168710555,0.0,16.82
675.544,19,-35.362937099999996,149.1630974,99.94500000000001,0.3770973320777692,0.0,16.82
675.644,19,-35.362937099999996,149.16311589999998,99.946,0.4315244682113827,-0.01,16.81
675.744,19,-35.362937099999996,149.1631343,99.94500000000001,0.45136141863436247,-0.01,16.81
675.844,19,-35.362937099999996,149.16315269999998,99.944,0.4679792688850035,-0.03,16.81
675.944,19,-35.362936999999995,149.1631711,99.943,0.4448424833192613,-0.04,16.8
676.044,19,-35.362936999999995,149.1631895,99.941,0.4030899104489436,-0.05,16.8
676.144,19,-35.362937099999996,149.1632079,99.94,0.3272598162621398,-0.05,16.79
676.244,19,-35.362937099999996,149.16322639999999,99.938,0.24633677551246008,-0.05,16.79
676.344,19,-35.362937099999996,149.1632448,99.936,0.15469975595639557,-0.05,16.79
676.444,19,-35.3629372,149.1632632,99.934,0.058321911435574456,-0.05,16.79
676.545,19,-35.3629372,149.1632818,99.931,-0.03717529891967119,-0.05,16.79
676.645,19,-35.3629372,149.1633003,99.927,-0.10161959449208938,-0.04,16.79
676.745,19,-35.3629372,149.1633189,99.925,-0.15005142536001842,-0.04,16.79
676.844,19,-35.3629372,149.16333749999998,99.923,-0.1660305061809178,-0.03,16.8
676.944,19,-35.3629372,149.1633563,99.923,-0.12254632027344319,-0.03,16.81
677.044,19,-35.3629372,149.16337489999998,99.926,-0.06963984838529631,-0.03,16.81
677.144,19,-35.3629372,149.1633937,99.932,-0.008197606882320522,-0.03,16.82
677.244,19,-35.3629372,149.1634124,99.94,0.028791671935356967,-0.03,16.830000000000002
677.344,19,-35.3629372,149.1634312,99.946,0.03748229057645814,-0.03,16.84
677.444,19,-35.3629373,149.1634499,99.953,0.04147870496296268,-0.03,16.84
677.544,20,-35.3629373,149.1634684,99.95700000000001,0.06860145285814942,-0.04,16.84
677.644,20,-35.3629373,149.163487,99.96000000000001,0.06318994867362254,-0.04,16.84
677.744,20,-35.3629373,149.1635054,99.964,0.007638108334601357,-0.04,16.830000000000002
677.844,20,-35.3629373,149.1635239,99.967,-0.1351256610947555,-0.05,16.830000000000002
677.944,20,-35.3629373,149.1635423,99.97,-0.40778451824499024,-0.04,16.82
678.044,20,-35.3629374,149.1635608,99.97200000000001,-1.0596250891086116,-0.04,16.82
678.144,20,-35.3629374,149.1635792,99.973,-2.4273683359695495,-0.02,16.81
678.244,20,-35.3629374,149.1635976,99.974,-4.813253091128203,0.03,16.8
678.344,20,-35.3629372,149.163616,99.97500000000001,-8.284798335851088,0.15,16.77
678.444,20,-35.362937099999996,149.1636344,99.973,-12.680064340342021,0.36,16.740000000000002
678.545,20,-35.3629366,149.1636527,99.97,-17.722539433789496,0.65,16.68
678.645,20,-35.362935799999995,149.16367119999998,99.962,-23.004674766155322,1.03,16.62
678.745,20,-35.362934599999996,149.1636896,99.949,-28.042028071498937,1.48,16.54
678.845,20,-35.362933,149.1637078,99.931,-32.6284078916087,2.0100000000000002,16.44
678.944,20,-35.362930899999995,149.1637261,99.911,-36.54490324849113,2.62,16.34
679.044,20,-35.3629281,149.1637441,99.891,-39.63977465954521,3.31,16.2
679.144,20,-35.3629247,149.16376209999999,99.877,-41.851154271268975,4.0600000000000005,16.03
679.244,20,-35.362920599999995,149.1637797,99.872,-43.25683793830886,4.86,15.83
679.344,20,-35.362915699999995,149.1637972,99.88,-43.97942755626661,5.71,15.57
679.444,20,-35.3629101,149.16381429999998,99.904,-44.27739455880842,6.55,15.26
679.544,20,-35.3629037,149.1638308,99.94800000000001,-44.365346904750666,7.38,14.89
679.644,20,-35.3628966,149.163847,100.01,-44.360053508143906,8.17,14.49
679.744,20,-35.3628889,149.1638626,100.08800000000001,-44.362245998867486,8.9,14.040000000000001
679.844,20,-35.3628806,149.1638777,100.177,-44.402428001754664,9.57,13.59
679.944,20,-35.3628716,149.1638922,100.271,-44.41657332352577,10.18,13.13
680.044,20,-35.362862199999995,149.16390629999998,100.366,-44.4876755927856,10.74,12.67
680.144,20,-35.3628523,149.1639198,100.459,-44.58820231698984,11.24,12.22
680.244,20,-35.362842,149.1639328,100.543,-44.67689232336246,11.71,11.77
680.344,20,-35.362831299999996,149.1639454,100.618,-44.666247473541,12.13,11.32
680.444,20,-35.362820299999996,149.1639574,100.682,-44.654502963263155,12.530000000000001,10.870000000000001
680.544,20,-35.3628089,149.16396899999998,100.733,-44.59769286484158,12.92,10.41
680.645,20,-35.3627971,149.1639801,100.77,-44.57664905200877,13.290000000000001,9.94
680.745,20,-35.3627848,149.1639908,100.795,-44.5815838636841,13.67,9.43
680.845,20,-35.362772199999995,149.1640009,100.81,-44.60088256318397,14.05,8.9
680.945,20,-35.3627593,149.1640104,100.818,-44.648321642064296,14.43,8.33
681.044,20,-35.362746099999995,149.16401919999998,100.822,-44.705906966956675,14.81,7.72
681.144,20,-35.3627325,149.16402739999998,100.82600000000001,-44.677428493212304,15.18,7.08
681.244,20,-35.3627186,149.1640348,100.83,-44.426074116661255,15.530000000000001,6.41
681.344,20,-35.3627043,149.1640414,100.837,-43.68341398782743,15.860000000000001,5.73
681.444,20,-35.3626899,149.1640473,100.84700000000001,-42.17437248317232,16.15,5.05
681.544,20,-35.3626753,149.1640524,100.867,-39.645447131650904,16.37,4.39
681.644,20,-35.3626606,149.1640569,100.894,-35.92985837410982,16.52,3.8000000000000003
681.744,20,-35.3626459,149.1640607,100.932,-30.891005842243388,16.580000000000002,3.31
681.844,20,-35.3626311,149.164064,100.977,-24.438855689959798,16.56,2.96
681.944,20,-35.3626165,149.16406709999998,101.027,-17.11809501300005,16.45,2.7800000000000002
682.044,20,-35.3626019,149.1640701,101.07000000000001,-9.572341928364558,16.29,2.74
682.144,20,-35.3625876,149.1640731,101.092,-2.4326152019125886,16.1,2.81
682.244,20,-35.362573399999995,149.16407619999998,101.078,3.8521716234870085,15.91,2.91
682.344,20,-35.3625593,149.16407949999999,101.019,9.089752351236369,15.74,3.0300000000000002
682.444,20,-35.3625454,149.164083,100.921,13.146287076671568,15.59,3.16
682.544,20,-35.3625316,149.1640866,100.792,16.07574496640628,15.450000000000001,3.34
682.644,20,-35.3625179,149.1640904,100.649,18.11599760356996,15.32,3.5700000000000003
682.745,20,-35.3625044,149.1640946,100.51,19.55026390473906,15.19,3.86
682.845,20,-35.362490799999996,149.16409919999998,100.385,20.626015283921483,15.06,4.2
682.945,20,-35.3624773,149.1641042,100.288,21.553589124155064,14.91,4.58
683.045,20,-35.3624639,149.1641096,100.22200000000001,22.384707032929725,14.74,4.98
683.144,20,-35.3624507,149.16411549999998,100.186,23.136623775636213,14.56,5.38
683.244,20,-35.3624376,149.1641218,100.169,23.70659110904273,14.38,5.75
683.344,20,-35.3624247,149.1641286,100.166,24.032182811682652,14.22,6.09
683.444,20,-35.3624119,149.1641357,100.166,24.112700496713348,14.07,6.4
683.544,20,-35.3623992,149.1641431,100.163,23.983077166644847,13.93,6.68
683.644,20,-35.3623867,149.1641507,100.154,23.727298535058914,13.8,6.95
683.744,20,-35.3623744,149.1641587,100.136,23.406107181791775,13.66,7.19
683.844,20,-35.3623621,149.1641668,100.111,23.040731334783818,13.530000000000001,7.43
683.944,20,-35.3623501,149.1641752,100.08,22.772304900402318,13.39,7.68
684.044,20,-35.362338199999996,149.16418389999998,100.046,22.663887600159413,13.23,7.94
684.144,20,-35.3623265,149.1641928,100.012,22.71829517954044,13.07,8.19
684.244,20,-35.3623149,149.164202,99.97500000000001,22.868866699793372,12.91,8.46
684.344,20,-35.3623034,149.1642115,99.941,23.13530384157911,12.72,8.74
684.444,20,-35.3622921,149.16422129999998,99.912,23.397289407573286,12.52,9.03
684.544,20,-35.362280999999996,149.1642315,99.891,23.589888789336598,12.31,9.32
684.644,20,-35.362270099999996,149.16424189999998,99.875,23.67565718229174,12.1,9.6
684.744,20,-35.3622593,149.1642527,99.86500000000001,23.62972757521799,11.89,9.870000000000001
684.845,20,-35.362248799999996,149.1642637,99.85900000000001,23.414296578606617,11.68,10.120000000000001
684.945,20,-35.3622382,149.16427529999999,99.854,23.064555034608823,11.47,10.370000000000001
685.045,20,-35.3622279,149.164287,99.851,22.717945132345477,11.27,10.61
685.144,20,-35.362217699999995,149.1642989,99.84700000000001,22.332030906503295,11.08,10.84
685.244,20,-35.3622078,149.1643111,99.84,21.92882264168264,10.89,11.05
685.344,20,-35.3621979,149.1643236,99.83,21.527120433573973,10.69,11.25
685.444,20,-35.3621883,149.16433619999998,99.821,21.15051234047593,10.5,11.46
685.544,20,-35.362178799999995,149.16434909999998,99.813,20.84294379950838,10.31,11.65
685.644,20,-35.3621696,149.1643621,99.807,20.59863134799161,10.11,11.84
685.744,20,-35.362160599999996,149.1643752,99.803,20.369917340991854,9.9,12.02
685.844,20,-35.3621517,149.1643886,99.8,20.2117438201927,9.700000000000001,12.200000000000001
685.944,20,-35.3621431,149.164402,99.798,20.10798129386916,9.49,12.370000000000001
686.044,20,-35.3621347,149.16441559999998,99.797,20.016769240145514,9.28,12.530000000000001
686.144,20,-35.362126499999995,149.1644294,99.797,19.921846686155263,9.07,12.69
686.244,20,-35.3621185,149.1644433,99.797,19.830793434329824,8.870000000000001,12.85
686.344,20,-35.3621106,149.1644574,99.795,19.681791150038702,8.67,12.99
686.444,20,-35.362103,149.1644717,99.791,19.534918177221336,8.47,13.14
686.544,20,-35.362095499999995,149.1644861,99.786,19.39336933686199,8.27,13.280000000000001
686.644,20,-35.3620881,149.1645007,99.781,19.29471066939574,8.07,13.42
686.744,20,-35.362080999999996,149.1645154,99.777,19.217044588343526,7.86,13.56
686.844,20,-35.362074,149.1645303,99.776,19.177246783597152,7.65,13.71
686.945,20,-35.3620672,149.1645455,99.776,19.16191642400506,7.42,13.85
687.045,20,-35.3620606,149.1645608,99.779,19.134155120123545,7.2,13.99
687.145,20,-35.3620541,149.1645764,99.784,19.11756971327146,6.98,14.14
687.244,20,-35.3620479,149.1645921,99.789,19.08061155967252,6.76,14.27
687.344,20,-35.3620418,149.164608,99.796,18.985767552857723,6.55,14.41
687.444,20,-35.362035899999995,149.164624,99.8,18.844427033268065,6.34,14.530000000000001
687.544,20,-35.3620302,149.16464019999998,99.802,18.69444632437834,6.13,14.65
687.644,20,-35.3620247,149.1646565,99.804,18.61663339425897,5.92,14.77
687.744,20,-35.3620194,149.164673,99.807,18.554348899217622,5.71,14.89
687.844,20,-35.3620143,149.16468949999998,99.808,18.49251178156691,5.5,15.0
687.944,20,-35.3620094,149.164706,99.808,18.493800979772754,5.29,15.1
688.044,20,-35.3620048,149.1647227,99.81,18.533931756241163,5.07,15.21
688.144,20,-35.3620003,149.16473929999998,99.81,18.63037914996362,4.8500000000000005,15.31
688.244,20,-35.361996,149.1647561,99.809,18.705827127082873,4.61,15.41
688.344,20,-35.361992,149.1647729,99.809,18.78542273657562,4.38,15.5
688.444,20,-35.3619882,149.1647899,99.809,18.87668943181262,4.14,15.59
688.544,20,-35.3619845,149.164807,99.811,18.926128048572465,3.9,15.68
688.644,20,-35.361981199999995,149.1648241,99.81400000000001,18.899263207019512,3.66,15.77
688.744,20,-35.361978,149.1648414,99.818,18.851634590389722,3.42,15.85
688.844,20,-35.361975,149.1648588,99.822,18.802964369911503,3.18,15.93
688.944,20,-35.3619722,149.16487619999998,99.827,18.76361735765035,2.95,16.0
689.045,20,-35.3619696,149.164894,99.827,18.69499786215382,2.72,16.080000000000002
689.145,20,-35.361967299999996,149.1649118,99.824,18.66364729386346,2.5,16.16
689.245,20,-35.3619651,149.1649297,99.82000000000001,18.644937698179504,2.2600000000000002,16.23
689.344,20,-35.3619631,149.1649477,99.816,18.629858348039406,2.0300000000000002,16.31
689.444,20,-35.3619614,149.1649658,99.81400000000001,18.65183277414663,1.8,16.38
689.544,20,-35.3619598,149.1649841,99.81400000000001,18.693117852584773,1.55,16.45
689.644,20,-35.3619585,149.1650024,99.815,18.78017885884034,1.31,16.52
689.744,20,-35.3619574,149.16502079999998,99.819,18.921031019904344,1.06,16.59
689.844,20,-35.3619565,149.1650392,99.82300000000001,19.09310739075906,0.8,16.65
689.944,20,-35.3619559,149.1650575,99.83,19.237222674699037,0.54,16.7
690.044,20,-35.3619555,149.1650759,99.83800000000001,19.371618599450084,0.28,16.75
690.144,20,-35.3619554,149.1650942,99.845,19.498617429330007,0.03,16.79
690.244,20,-35.3619554,149.1651126,99.852,19.64223752455516,-0.22,16.830000000000002
690.344,20,-35.3619558,149.165131,99.85900000000001,19.78940419550684,-0.48,16.87
690.444,20,-35.361956299999996,149.16514949999998,99.86200000000001,19.836785217779216,-0.73,16.9
690.544,20,-35.361956899999996,149.165168,99.863,19.830643170168084,-0.98,16.93
690.644,20,-35.3619579,149.1651865,99.86200000000001,19.866986606741722,-1.24,16.96
690.744,20,-35.3619591,149.16520509999998,99.86200000000001,19.883635192843627,-1.49,16.98
690.844,20,-35.361960599999996,149.16522369999998,99.863,19.954040782808118,-1.75,17.01
690.944,20,-35.3619622,149.1652423,99.86500000000001,20.1058758880575,-2.02,17.03
691.045,20,-35.361964199999996,149.165261,99.868,20.292044646717248,-2.29,17.04
691.145,20,-35.3619663,149.16527979999998,99.871,20.5066833413849,-2.56,17.06
691.245,20,-35.3619687,149.1652986,99.875,20.69967716657278,-2.84,17.07
691.345,20,-35.3619714,149.1653175,99.876,20.901903699971225,-3.13,17.080000000000002
691.444,20,-35.3619744,149.1653364,99.877,21.051235540889795,-3.41,17.09
691.544,20,-35.361977599999996,149.1653555,99.876,21.169389275794554,-3.69,17.11
691.644,20,-35.3619811,149.16537449999998,99.874,21.326268475745994,-3.98,17.11
691.744,20,-35.3619848,149.1653935,99.872,21.4774154394365,-4.2700000000000005,17.12
691.844,20,-35.3619888,149.1654125,99.871,21.621993468692743,-4.58,17.12
691.944,20,-35.3619931,149.1654314,99.872,21.781036131063782,-4.88,17.1
692.044,20,-35.361997599999995,149.16545019999998,99.871,21.91528862184226,-5.17,17.080000000000002
692.144,20,-35.3620023,149.165469,99.873,22.069778963131487,-5.47,17.05
692.244,20,-35.362007399999996,149.1654877,99.878,22.253179787630085,-5.7700000000000005,17.02
692.344,20,-35.3620127,149.1655063,99.884,22.46366743482966,-6.07,16.98
692.444,20,-35.3620182,149.16552489999998,99.892,22.67155277995546,-6.38,16.94
692.544,20,-35.3620241,149.1655434,99.902,22.834367414295638,-6.7,16.89
692.644,20,-35.3620302,149.1655619,99.912,22.980543707817667,-7.01,16.830000000000002
692.744,20,-35.362036599999996,149.16558039999998,99.92,23.133849011285896,-7.3100000000000005,16.77
692.844,20,-35.362043299999996,149.1655987,99.926,23.246656415617824,-7.62,16.71
692.944,20,-35.3620502,149.165617,99.93,23.355495480041977,-7.92,16.65
693.044,20,-35.3620575,149.1656353,99.934,23.451678203934097,-8.23,16.580000000000002
693.145,20,-35.362065,149.1656535,99.936,23.577259769561245,-8.53,16.5
693.245,20,-35.3620729,149.1656717,99.937,23.733626705324934,-8.85,16.42
693.345,20,-35.362080999999996,149.1656899,99.938,23.86623312051344,-9.16,16.35
693.445,20,-35.362089399999995,149.165708,99.938,23.999449130085367,-9.48,16.26
693.544,20,-35.3620982,149.1657261,99.938,24.172415133079475,-9.8,16.17
693.644,20,-35.3621072,149.165744,99.938,24.421194528313436,-10.13,16.080000000000002
693.744,20,-35.3621166,149.1657619,99.938,24.660268224736807,-10.46,15.97
693.844,20,-35.3621262,149.16577959999998,99.94,24.922286234129544,-10.8,15.860000000000001
693.944,20,-35.3621362,149.1657972,99.944,25.166094959195025,-11.13,15.74
694.044,20,-35.3621464,149.1658146,99.95,25.36869544545053,-11.46,15.620000000000001
