time_s,seq,latitude_deg,longitude_deg,altitude_m,roll_deg,vn_mps,ve_mps
76.925,1,-35.3607356,149.16568139999998,99.854,25.99214657515283,-15.08,9.14
77.025,1,-35.3607493,149.1656914,99.863,26.119205169187993,-15.32,8.88
77.124,1,-35.360763299999995,149.1657011,99.869,26.26669627412525,-15.56,8.63
77.224,1,-35.3607775,149.16571059999998,99.873,26.783102971607818,-15.8,8.370000000000001
77.324,1,-35.360791899999995,149.1657198,99.875,28.369732010139685,-16.04,8.1
77.424,1,-35.3608066,149.1657286,99.874,31.218708073336845,-16.31,7.78
77.524,1,-35.3608215,149.1657371,99.866,34.89458952613806,-16.64,7.390000000000001
77.624,1,-35.3608368,149.16574509999998,99.851,38.66069094768598,-17.03,6.93
77.724,1,-35.3608523,149.1657524,99.82900000000001,41.85015706365015,-17.47,6.38
77.824,1,-35.3608682,149.1657591,99.804,44.02310661600884,-17.95,5.75
77.924,1,-35.3608845,149.165765,99.785,45.16712915104013,-18.47,5.03
78.024,1,-35.3609013,149.1657701,99.781,45.56007676418013,-18.990000000000002,4.24
78.124,1,-35.360918399999996,149.1657742,99.801,45.478189626220846,-19.46,3.4
78.224,1,-35.360936099999996,149.1657774,99.84400000000001,45.16423998102121,-19.88,2.52
78.324,1,-35.360954,149.16577959999998,99.912,44.814759691759164,-20.23,1.6500000000000001
78.424,1,-35.3609722,149.1657809,100.0,44.56544071158078,-20.5,0.8
78.524,1,-35.3609906,149.1657813,100.104,44.50761633006745,-20.71,0.01
78.624,1,-35.3610093,149.1657809,100.21300000000001,44.562411522683874,-20.86,-0.71
78.724,1,-35.361028,149.1657798,100.321,44.64799037788955,-20.98,-1.3900000000000001
78.825,1,-35.3610468,149.1657779,100.421,44.77059227349128,-21.07,-2.0100000000000002
78.925,1,-35.361066099999995,149.1657753,100.504,44.84278395792373,-21.150000000000002,-2.58
79.025,1,-35.3610852,149.1657721,100.568,44.9323277379426,-21.2,-3.13
79.125,1,-35.361104499999996,149.1657683,100.61200000000001,44.9586342115309,-21.240000000000002,-3.7
79.224,1,-35.3611237,149.1657639,100.642,44.94798253152027,-21.27,-4.3
79.324,1,-35.3611431,149.1657587,100.659,44.91463071780309,-21.28,-4.92
79.424,1,-35.3611624,149.1657529,100.668,44.844129505190224,-21.26,-5.58
79.524,1,-35.361181699999996,149.1657463,100.672,44.81034738955534,-21.23,-6.2700000000000005
79.624,1,-35.3612009,149.165739,100.675,44.8036606343579,-21.17,-6.98
79.724,1,-35.3612199,149.1657309,100.68,44.77902072692707,-21.07,-7.72
79.824,1,-35.3612387,149.165722,100.688,44.72788993080036,-20.94,-8.46
79.924,1,-35.3612574,149.1657124,100.70400000000001,44.73288279908364,-20.78,-9.21
80.024,1,-35.3612758,149.1657019,100.724,44.72787285532743,-20.59,-9.950000000000001
80.124,1,-35.361294099999995,149.1656906,100.749,44.763946499428855,-20.37,-10.66
80.224,1,-35.3613122,149.16567849999998,100.775,44.837077334872184,-20.14,-11.36
80.324,1,-35.361329999999995,149.1656657,100.803,44.88046952666927,-19.88,-12.040000000000001
80.424,1,-35.361347599999995,149.16565219999998,100.83,44.891739338799795,-19.6,-12.69
80.524,1,-35.361365,149.165638,100.854,44.86839033712211,-19.31,-13.33
80.624,1,-35.3613821,149.16562299999998,100.874,44.85180663781732,-19.0,-13.950000000000001
80.724,1,-35.3613989,149.1656074,100.89,44.85618820416988,-18.67,-14.55
80.824,1,-35.3614155,149.1655911,100.901,44.84518476941699,-18.330000000000002,-15.14
80.925,1,-35.3614317,149.16557419999998,100.907,44.81257061613018,-17.97,-15.72
81.025,1,-35.3614477,149.16555649999998,100.907,44.75572636676275,-17.59,-16.3
81.125,1,-35.3614635,149.1655381,100.901,44.74164593178877,-17.2,-16.87
81.224,1,-35.3614788,149.16551909999998,100.892,44.74330566775708,-16.78,-17.43
81.324,1,-35.3614939,149.1654994,100.881,44.76197257475872,-16.35,-18.0
81.424,1,-35.3615085,149.1654791,100.869,44.80818563468303,-15.9,-18.55
81.524,1,-35.3615227,149.1654581,100.85300000000001,44.84307765605804,-15.42,-19.09
81.624,1,-35.3615365,149.1654366,100.83500000000001,44.90077909416631,-14.92,-19.63
81.724,1,-35.3615498,149.1654145,100.819,44.87065112973738,-14.39,-20.150000000000002
81.824,1,-35.3615626,149.16539179999998,100.805,44.874257469619145,-13.84,-20.66
81.924,1,-35.3615748,149.16536879999998,100.797,44.8793015643212,-13.27,-21.14
82.024,1,-35.3615864,149.16534529999998,100.791,44.836650448049056,-12.68,-21.59
82.124,1,-35.361597499999995,149.16532139999998,100.789,44.81099967262107,-12.07,-22.01
82.224,1,-35.361608,149.1652971,100.787,44.77701606640568,-11.47,-22.41
82.324,1,-35.3616179,149.1652723,100.786,44.7727062170394,-10.85,-22.77
82.424,1,-35.361627299999995,149.16524719999998,100.785,44.7692672167923,-10.22,-23.12
82.524,1,-35.3616361,149.16522179999998,100.784,44.75042613996682,-9.59,-23.44
82.624,1,-35.361644399999996,149.1651959,100.781,44.63177892389453,-8.950000000000001,-23.740000000000002
82.724,1,-35.3616521,149.1651698,100.775,44.18433323136699,-8.3,-24.02
82.824,1,-35.3616592,149.16514329999998,100.768,43.207595689487654,-7.65,-24.28
82.924,1,-35.3616658,149.1651166,100.761,41.511642643100565,-7.01,-24.490000000000002
83.025,1,-35.361671799999996,149.1650894,100.757,39.088554487863085,-6.4,-24.66
83.125,1,-35.3616773,149.1650621,100.754,36.046125269256365,-5.86,-24.78
83.22500000000001,1,-35.3616824,149.16503459999998,100.755,32.54329690436117,-5.41,-24.84
83.324,1,-35.3616872,149.165007,100.755,28.685022079963936,-5.04,-24.86
83.424,1,-35.3616916,149.1649794,100.754,24.621399325717558,-4.7700000000000005,-24.830000000000002
83.524,1,-35.3616959,149.16495179999998,100.743,20.533194720648304,-4.58,-24.78
83.624,1,-35.3617,149.1649243,100.71900000000001,16.64337466756936,-4.46,-24.72
83.724,1,-35.3617041,149.1648969,100.671,13.124311796790698,-4.4,-24.650000000000002
83.824,1,-35.3617081,149.1648696,100.601,10.13776889352031,-4.3500000000000005,-24.580000000000002
83.924,1,-35.361712,149.1648426,100.511,7.7916638004180445,-4.32,-24.52
84.024,1,-35.361716,149.1648156,100.406,6.069596806399879,-4.29,-24.47
84.124,1,-35.361719799999996,149.1647889,100.295,4.924306844390733,-4.25,-24.44
84.224,1,-35.3617237,149.1647621,100.185,4.298368245170078,-4.19,-24.42
84.324,1,-35.3617275,149.16473539999998,100.086,4.028656881450968,-4.14,-24.42
84.424,1,-35.3617312,149.1647087,100.001,3.912287960353699,-4.07,-24.43
84.524,1,-35.3617349,149.164682,99.938,3.801854900531994,-4.01,-24.43
84.624,1,-35.3617385,149.1646553,99.894,3.603388813158464,-3.94,-24.43
84.724,1,-35.361742,149.1646286,99.866,3.2723613471562687,-3.89,-24.43
84.824,1,-35.3617456,149.16460179999999,99.845,2.828088490941616,-3.86,-24.43
84.924,1,-35.3617491,149.16457509999998,99.824,2.281658629745198,-3.84,-24.43
85.024,1,-35.3617525,149.1645483,99.8,1.6602947631645701,-3.83,-24.44
85.125,1,-35.3617561,149.1645213,99.766,1.1145470671115072,-3.84,-24.45
85.22500000000001,1,-35.3617595,149.1644944,99.724,0.6889417048678811,-3.85,-24.46
85.325,1,-35.3617631,149.16446729999998,99.672,0.32720159957163597,-3.86,-24.5
85.424,1,-35.361766599999996,149.1644402,99.61500000000001,0.06852674766410241,-3.86,-24.53
85.524,1,-35.361770199999995,149.16441279999998,99.556,-0.007893896084223025,-3.88,-24.580000000000002
85.624,1,-35.3617737,149.16438549999998,99.501,-0.01972134747024532,-3.89,-24.62
85.724,1,-35.3617773,149.1643581,99.45100000000001,-0.030750832324506452,-3.9,-24.67
85.824,1,-35.3617809,149.1643307,99.411,-0.0215579346452515,-3.9,-24.71
85.924,1,-35.3617844,149.1643034,99.386,0.03924493961967761,-3.91,-24.740000000000002
86.024,1,-35.361788,149.1642761,99.374,0.0524420156895327,-3.91,-24.77
86.124,1,-35.361791499999995,149.1642489,99.37,0.08910207221885097,-3.92,-24.78
86.224,1,-35.361795,149.16422169999998,99.372,0.10638360474742699,-3.92,-24.8
86.324,1,-35.3617986,149.16419449999998,99.373,0.13216841596776477,-3.93,-24.810000000000002
86.424,1,-35.3618021,149.1641673,99.374,0.15751450092574162,-3.93,-24.82
86.524,1,-35.3618056,149.1641401,99.37,0.16743500384964136,-3.94,-24.84
86.624,1,-35.361809099999995,149.1641129,99.363,0.14515144498140864,-3.93,-24.85
86.724,1,-35.3618127,149.1640856,99.352,0.14774686350516059,-3.93,-24.87
86.824,1,-35.3618162,149.1640584,99.337,0.1462054285477062,-3.94,-24.89
86.924,1,-35.3618197,149.1640311,99.318,0.13389377244492023,-3.94,-24.91
87.024,1,-35.3618233,149.1640037,99.301,0.11520353341034892,-3.94,-24.92
87.125,1,-35.361826799999996,149.1639763,99.287,0.10281377702925074,-3.95,-24.94
87.22500000000001,1,-35.361830399999995,149.1639487,99.277,0.13854849300343103,-3.95,-24.95
87.325,1,-35.3618339,149.163921,99.275,0.1804040923404675,-3.95,-24.98
87.425,1,-35.3618375,149.1638934,99.281,0.20668504610087662,-3.96,-25.0
87.524,1,-35.3618411,149.16386549999999,99.291,0.19662616514521802,-3.96,-25.02
87.624,1,-35.3618447,149.1638377,99.303,0.140252851984974,-3.97,-25.04
87.724,1,-35.3618483,149.1638098,99.31400000000001,0.07778857756013226,-3.97,-25.07
87.824,1,-35.3618519,149.163782,99.32300000000001,0.04566051829778274,-3.98,-25.09
87.924,1,-35.3618555,149.1637541,99.32900000000001,0.0406153530436172,-3.98,-25.11
88.024,1,-35.3618591,149.16372619999999,99.336,0.045699921952589234,-3.98,-25.13
88.124,1,-35.361862699999996,149.16369849999998,99.342,0.04681516711305868,-3.98,-25.14
88.224,1,-35.361866299999996,149.1636709,99.349,0.043538520595930594,-3.98,-25.14
88.324,1,-35.3618698,149.1636433,99.35600000000001,0.03198138028291284,-3.98,-25.14
88.424,1,-35.3618734,149.1636158,99.363,0.0402393991545756,-3.98,-25.150000000000002
88.524,1,-35.3618769,149.1635883,99.369,0.04778516403195958,-3.98,-25.150000000000002
88.624,1,-35.3618805,149.1635608,99.374,0.0330980995369434,-3.98,-25.150000000000002
88.724,1,-35.361883999999996,149.16353329999998,99.378,0.014027235871175886,-3.98,-25.150000000000002
88.824,1,-35.361887599999996,149.1635058,99.386,0.035816057924305596,-3.98,-25.150000000000002
88.924,1,-35.3618911,149.16347829999998,99.394,0.02623381111440682,-3.98,-25.150000000000002
89.024,1,-35.3618947,149.1634508,99.403,0.026286549979856036,-3.98,-25.150000000000002
89.124,1,-35.3618983,149.1634233,99.411,0.050123750100641865,-3.97,-25.150000000000002
89.22500000000001,1,-35.3619018,149.1633958,99.416,0.06174995269751344,-3.97,-25.150000000000002
89.325,1,-35.3619054,149.16336769999998,99.422,0.07245841532573066,-3.97,-25.16
89.425,1,-35.361909,149.16333989999998,99.429,0.08449610346956246,-3.96,-25.17
89.525,1,-35.3619126,149.1633119,99.437,0.07683022331232146,-3.96,-25.19
89.624,1,-35.361916199999996,149.163284,99.444,0.042013954338096314,-3.96,-25.21
89.724,1,-35.361919799999995,149.163256,99.45,-0.03338245618694476,-3.96,-25.23
89.824,1,-35.361923399999995,149.163228,99.458,-0.0833986774989052,-3.97,-25.240000000000002
89.924,1,-35.361927,149.1631999,99.46600000000001,-0.12911235988143363,-3.97,-25.26
90.024,1,-35.3619306,149.16317189999998,99.47500000000001,-0.22727729271609817,-3.98,-25.27
90.124,1,-35.3619342,149.16314409999998,99.483,-0.25855131486298494,-3.99,-25.27
90.224,1,-35.3619378,149.16311629999998,99.49000000000001,-0.2742216097684189,-3.99,-25.27
90.324,1,-35.3619414,149.1630887,99.499,-0.26266527653830113,-4.0,-25.26
90.424,1,-35.361945,149.163061,99.512,-0.24904147706293223,-4.0,-25.26
90.524,1,-35.3619486,149.16303349999998,99.528,-0.27395024315104316,-4.0,-25.240000000000002
90.624,1,-35.3619522,149.1630059,99.545,-0.2598108977954705,-4.0,-25.23
90.724,1,-35.3619558,149.1629783,99.561,-0.22516334916797923,-4.01,-25.22
90.824,1,-35.361959399999996,149.1629508,99.575,-0.19260215652766238,-4.0200000000000005,-25.21
90.924,1,-35.361962999999996,149.1629232,99.58500000000001,-0.192168466195793,-4.0200000000000005,-25.21
91.024,1,-35.361966599999995,149.16289559999998,99.59,-0.15667542819446142,-4.0200000000000005,-25.2
91.124,1,-35.3619702,149.1628681,99.593,-0.10519333089273988,-4.0200000000000005,-25.19
91.224,2,-35.3619738,149.1628405,99.595,-0.08807530268752764,-4.03,-25.19
91.325,2,-35.3619775,149.1628129,99.598,-0.048498498583509395,-4.03,-25.18
91.425,2,-35.3619811,149.16278499999999,99.60300000000001,-0.3248663685665792,-4.01,-25.18
91.525,2,-35.3619848,149.1627571,99.61,-2.084609806624446,-3.99,-25.2
91.625,2,-35.3619884,149.1627293,99.617,-6.400116917412789,-4.04,-25.2
91.724,2,-35.361992199999996,149.16270129999998,99.627,-13.190801980813479,-4.24,-25.17
91.824,2,-35.3619962,149.1626734,99.636,-21.524345669223656,-4.61,-25.11
91.924,2,-35.362000699999996,149.1626455,99.64,-30.02376306294853,-5.15,-25.01
92.024,2,-35.3620057,149.1626178,99.632,-37.31336783200926,-5.79,-24.89
92.124,2,-35.3620114,149.16259019999998,99.608,-42.44856359721331,-6.53,-24.76
92.224,2,-35.3620178,149.1625628,99.574,-45.25280362889418,-7.34,-24.61
92.324,2,-35.3620249,149.1625358,99.545,-46.174602544184516,-8.25,-24.41
92.424,2,-35.362032899999996,149.1625092,99.533,-45.89917175080917,-9.22,-24.14
92.524,2,-35.3620417,149.1624829,99.55,-45.14373233803825,-10.17,-23.81
92.624,2,-35.3620513,149.16245709999998,99.598,-44.38886666115761,-11.08,-23.400000000000002
92.724,2,-35.3620617,149.1624318,99.677,-43.92136411813233,-11.92,-22.94
92.824,2,-35.3620729,149.1624071,99.777,-43.804048788948194,-12.68,-22.45
92.924,2,-35.362084599999996,149.16238289999998,99.893,-43.92299653334396,-13.35,-21.95
93.024,2,-35.362097,149.1623593,100.017,-44.16801590943983,-13.94,-21.47
93.124,2,-35.3621098,149.1623362,100.139,-44.40533766234109,-14.450000000000001,-21.01
93.224,2,-35.362123,149.16231349999998,100.253,-44.52254370849851,-14.91,-20.59
93.324,2,-35.3621366,149.1622913,100.352,-44.62753737641995,-15.3,-20.2
93.425,2,-35.3621506,149.16226939999999,100.433,-44.67957317261169,-15.67,-19.81
93.525,2,-35.362165,149.1622478,100.491,-44.66439649227592,-16.02,-19.43
93.625,2,-35.3621797,149.1622266,100.529,-44.61595679068219,-16.39,-19.02
93.724,2,-35.3621948,149.1622059,100.551,-44.562326145319254,-16.77,-18.56
93.824,2,-35.3622102,149.16218569999998,100.562,-44.57455559902816,-17.16,-18.07
93.924,2,-35.362226,149.16216599999998,100.563,-44.590514336023894,-17.56,-17.53
94.024,2,-35.362242099999996,149.162147,100.561,-44.60708437495035,-17.97,-16.93
94.124,2,-35.3622587,149.16212869999998,100.561,-44.67979173866513,-18.38,-16.29
94.224,2,-35.362275499999996,149.1621111,100.566,-44.715131137430774,-18.77,-15.620000000000001
94.324,2,-35.362292499999995,149.1620944,100.577,-44.70908642001532,-19.13,-14.91
94.424,2,-35.3623098,149.1620785,100.596,-44.72269898703115,-19.46,-14.19
94.524,2,-35.3623274,149.16206359999998,100.621,-44.76606727316614,-19.75,-13.48
94.624,2,-35.3623451,149.1620493,100.646,-44.79177269010749,-20.01,-12.780000000000001
94.724,2,-35.362362999999995,149.1620359,100.672,-44.76440753719783,-20.23,-12.09
94.824,2,-35.3623812,149.1620231,100.697,-44.72816655346175,-20.43,-11.41
94.924,2,-35.3623994,149.1620112,100.72,-44.710083627634134,-20.59,-10.73
95.024,2,-35.3624179,149.16199989999998,100.74000000000001,-44.70757353311416,-20.73,-10.06
95.124,2,-35.3624364,149.1619895,100.755,-44.72157883600727,-20.85,-9.38
95.224,2,-35.362455,149.1619797,100.764,-44.71531896763295,-20.95,-8.71
95.324,2,-35.362473699999995,149.1619706,100.768,-44.70340370262586,-21.03,-8.03
95.424,2,-35.3624925,149.1619623,100.768,-44.6881348147363,-21.09,-7.33
95.525,2,-35.3625115,149.1619547,100.765,-44.66494973759869,-21.13,-6.61
95.625,2,-35.3625304,149.1619479,100.76,-44.639609735777945,-21.150000000000002,-5.9
95.72500000000001,2,-35.3625495,149.1619418,100.752,-44.67689573845705,-21.16,-5.19
95.824,2,-35.3625685,149.1619365,100.743,-44.77516167004602,-21.14,-4.47
95.924,2,-35.3625877,149.161932,100.73100000000001,-44.86491718592916,-21.11,-3.75
96.024,2,-35.3626068,149.1619283,100.71900000000001,-44.849948826363075,-21.05,-3.0300000000000002
96.124,2,-35.362625799999996,149.1619254,100.70700000000001,-44.851673449128505,-20.96,-2.3000000000000003
96.224,2,-35.3626447,149.16192329999998,100.696,-44.850474750929166,-20.85,-1.57
96.324,2,-35.362663399999995,149.161922,100.688,-44.8204697299053,-20.71,-0.85
96.424,2,-35.3626819,149.16192139999998,100.681,-44.79320019964402,-20.54,-0.13
96.524,2,-35.3627001,149.1619217,100.675,-44.78886644461565,-20.34,0.56
96.624,2,-35.362718199999996,149.1619227,100.67,-44.80693571006492,-20.11,1.26
96.724,2,-35.362736,149.1619244,100.668,-44.81313069164212,-19.86,1.95
96.824,2,-35.3627536,149.1619269,100.665,-44.81973889966411,-19.59,2.63
96.924,2,-35.3627709,149.1619301,100.661,-44.84511646752529,-19.3,3.29
97.024,2,-35.362788,149.1619341,100.653,-44.876630960355726,-18.990000000000002,3.94
97.124,2,-35.3628048,149.1619388,100.645,-44.8730382808523,-18.650000000000002,4.59
97.224,2,-35.3628213,149.1619442,100.638,-44.85137633589961,-18.29,5.23
97.324,2,-35.3628374,149.1619502,100.632,-44.83250452322286,-17.900000000000002,5.8500000000000005
97.424,2,-35.362853199999996,149.161957,100.626,-44.83211520244017,-17.51,6.45
97.525,2,-35.3628687,149.1619643,100.621,-44.82167184319922,-17.09,7.04
97.625,2,-35.3628839,149.1619724,100.614,-44.817662522156425,-16.66,7.61
97.72500000000001,2,-35.362898799999996,149.16198119999999,100.602,-44.83512731586415,-16.22,8.17
97.825,2,-35.3629132,149.1619905,100.58800000000001,-44.86159088380336,-15.75,8.72
97.924,2,-35.362927299999996,149.1620005,100.57000000000001,-44.86954122399725,-15.280000000000001,9.25
98.024,2,-35.3629409,149.162011,100.553,-44.88849499894404,-14.77,9.77
98.124,2,-35.362954099999996,149.1620222,100.535,-44.90530067939686,-14.25,10.290000000000001
98.224,2,-35.3629667,149.16203389999998,100.519,-44.890171810385276,-13.700000000000001,10.78
98.324,2,-35.3629789,149.1620461,100.505,-44.871706393964146,-13.14,11.26
98.424,2,-35.362990499999995,149.1620589,100.49000000000001,-44.889587829211244,-12.56,11.72
98.524,2,-35.3630016,149.162072,100.479,-44.88375143256547,-11.97,12.14
98.624,2,-35.363012,149.1620855,100.468,-44.84275322207247,-11.36,12.55
98.724,2,-35.3630219,149.1620994,100.461,-44.801167615310845,-10.74,12.93
98.824,2,-35.3630312,149.1621138,100.45400000000001,-44.79035542585471,-10.11,13.280000000000001
98.924,2,-35.36304,149.1621284,100.44800000000001,-44.80506082313775,-9.47,13.61
99.024,2,-35.3630482,149.16214349999998,100.44,-44.81681899379392,-8.83,13.91
99.124,2,-35.3630558,149.1621588,100.431,-44.852100335951626,-8.18,14.19
99.224,2,-35.3630628,149.1621744,100.42,-44.88828667817435,-7.5200000000000005,14.450000000000001
99.324,2,-35.3630692,149.1621903,100.408,-44.92145407678394,-6.84,14.69
99.424,2,-35.363074999999995,149.1622065,100.397,-44.87202399776056,-6.140000000000001,14.92
99.524,2,-35.3630802,149.1622229,100.387,-44.8376886368029,-5.43,15.11
99.625,2,-35.3630847,149.1622396,100.376,-44.84241854280313,-4.72,15.280000000000001
99.72500000000001,2,-35.3630887,149.1622567,100.363,-44.82999101360829,-4.0,15.43
99.825,2,-35.363092,149.16227379999998,100.349,-44.85143439250755,-3.2800000000000002,15.55
99.925,2,-35.3630947,149.1622911,100.33200000000001,-44.887648055486956,-2.56,15.66
100.024,2,-35.3630967,149.1623085,100.316,-44.92238298251106,-1.84,15.74
100.124,2,-35.363098,149.1623261,100.299,-44.94178413484848,-1.1300000000000001,15.8
100.224,2,-35.363098799999996,149.16234359999999,100.278,-44.92743390740228,-0.41000000000000003,15.83
100.324,2,-35.363098799999996,149.1623612,100.256,-44.939974134718426,0.3,15.84
100.424,2,-35.363098199999996,149.1623788,100.235,-44.930340152894125,1.04,15.82
100.524,2,-35.363096999999996,149.1623962,100.22,-44.93456120980119,1.78,15.77
100.624,2,-35.363095099999995,149.16241349999999,100.20700000000001,-44.88295913062174,2.52,15.700000000000001
100.724,2,-35.363092699999996,149.1624306,100.19800000000001,-44.83768522170831,3.25,15.59
100.824,2,-35.3630895,149.1624476,100.188,-44.81034055936617,3.96,15.46
100.924,2,-35.3630857,149.1624644,100.18,-44.830271051364264,4.67,15.31
101.024,2,-35.363081199999996,149.16248099999999,100.172,-44.856157468318614,5.36,15.13
101.124,2,-35.3630762,149.1624974,100.167,-44.88138818711264,6.0600000000000005,14.93
101.224,2,-35.3630705,149.1625137,100.16,-44.89649656555671,6.74,14.700000000000001
101.324,2,-35.3630642,149.1625296,100.154,-44.75663819701695,7.41,14.450000000000001
101.424,2,-35.3630573,149.1625453,100.146,-44.33836765752912,8.09,14.18
101.524,2,-35.3630498,149.1625606,100.14,-43.40425391116525,8.75,13.870000000000001
101.624,2,-35.3630418,149.1625757,100.135,-41.84998972401549,9.370000000000001,13.55
101.72500000000001,2,-35.3630332,149.1625903,100.136,-39.59031725976515,9.93,13.22
101.825,2,-35.363023999999996,149.1626048,100.141,-36.606012950995236,10.41,12.9
101.925,2,-35.3630145,149.16261889999998,100.149,-33.04554120459972,10.78,12.59
102.025,2,-35.3630047,149.1626327,100.16,-29.052960955457937,11.05,12.33
102.124,2,-35.3629947,149.1626463,100.168,-24.80564197103136,11.22,12.11
102.224,2,-35.362984499999996,149.1626597,100.168,-20.502904539226588,11.3,11.93
102.324,2,-35.3629743,149.16267299999998,100.151,-16.359329298103333,11.32,11.8
102.424,2,-35.3629642,149.16268599999998,100.11200000000001,-12.574502912945828,11.3,11.69
102.524,2,-35.362953999999995,149.1626991,100.046,-9.35215626631721,11.26,11.620000000000001
102.624,2,-35.3629439,149.162712,99.95700000000001,-6.7984394625427695,11.23,11.56
102.724,2,-35.362933999999996,149.1627248,99.852,-4.943286232546906,11.200000000000001,11.51
102.824,2,-35.362924,149.1627375,99.73700000000001,-3.7344123320068183,11.200000000000001,11.47
102.924,2,-35.3629141,149.1627502,99.626,-3.002368665020719,11.200000000000001,11.44
103.024,2,-35.362904199999996,149.1627628,99.527,-2.632938460410127,11.22,11.41
103.124,2,-35.3628943,149.1627754,99.449,-2.443731334786784,11.24,11.38
103.224,2,-35.3628843,149.16278789999998,99.391,-2.3305427205218026,11.27,11.35
103.324,2,-35.3628743,149.1628005,99.35600000000001,-2.212073089367931,11.290000000000001,11.33
103.424,2,-35.3628643,149.162813,99.336,-2.0329330222509525,11.31,11.3
103.524,2,-35.362854299999995,149.1628255,99.327,-1.7996762991229047,11.32,11.28
103.624,2,-35.3628442,149.1628379,99.322,-1.4728988116100443,11.32,11.28
103.724,2,-35.3628342,149.1628504,99.31400000000001,-1.1073063195393533,11.32,11.28
103.825,2,-35.3628241,149.1628629,99.299,-0.7449063005754086,11.32,11.290000000000001
103.925,2,-35.3628139,149.1628757,99.27,-0.4364700854594273,11.32,11.31
104.025,2,-35.3628037,149.1628883,99.232,-0.22953477695849317,11.33,11.33
104.125,2,-35.362793499999995,149.1629011,99.188,-0.11135604249415577,11.34,11.36
104.224,2,-35.362783199999996,149.16291379999998,99.142,-0.030446778849681794,11.35,11.38
104.324,2,-35.362773,149.1629266,99.101,-0.017696399819588184,11.370000000000001,11.41
104.424,2,-35.3627627,149.1629394,99.066,-0.06277003211190559,11.38,11.44
104.524,2,-35.3627524,149.1629523,99.042,-0.17343685916001816,11.4,11.47
104.624,2,-35.3627421,149.1629652,99.029,-0.25658197922619985,11.42,11.48
104.724,2,-35.3627318,149.1629779,99.025,-0.346634368214395,11.43,11.5
104.824,2,-35.3627215,149.1629907,99.027,-0.4119402881485463,11.44,11.51
104.924,2,-35.3627113,149.16300339999998,99.033,-0.46382651386963575,11.450000000000001,11.52
105.024,2,-35.362701,149.1630162,99.038,-0.4952413286268747,11.46,11.540000000000001
105.124,2,-35.362690799999996,149.1630289,99.041,-0.4869749321013081,11.47,11.55
105.224,2,-35.362680499999996,149.16304169999998,99.043,-0.4864478869573064,11.48,11.56
105.324,2,-35.3626703,149.1630544,99.043,-0.48147081348648274,11.49,11.57
105.424,2,-35.36266,149.1630672,99.043,-0.5026897032776265,11.5,11.58
105.524,2,-35.3626496,149.16307999999998,99.043,-0.5034531369999341,11.51,11.59
105.624,2,-35.3626393,149.1630928,99.044,-0.46612055029626087,11.52,11.6
105.724,2,-35.362629,149.1631056,99.045,-0.451817227039755,11.540000000000001,11.6
105.824,2,-35.3626186,149.1631184,99.048,-0.513472384182108,11.55,11.61
105.925,2,-35.362608099999996,149.1631313,99.054,-0.567550460296537,11.57,11.61
106.025,2,-35.362597699999995,149.16314409999998,99.063,-0.6110845919623172,11.58,11.61
106.125,2,-35.3625872,149.1631571,99.07300000000001,-0.6058800945364734,11.6,11.620000000000001
106.224,2,-35.3625766,149.16316999999998,99.08500000000001,-0.5700550586486689,11.620000000000001,11.63
106.324,2,-35.362566,149.163183,99.098,-0.495295383170853,11.64,11.64
106.424,2,-35.3625554,149.163196,99.111,-0.4379923371902674,11.65,11.65
106.524,2,-35.362544799999995,149.163209,99.124,-0.37240918094492237,11.67,11.66
106.624,2,-35.3625341,149.16322209999998,99.138,-0.32619281264773686,11.69,11.67
106.724,2,-35.3625234,149.16323509999998,99.155,-0.2628834423853449,11.700000000000001,11.68
106.824,2,-35.362512699999996,149.1632481,99.174,-0.18392161308259763,11.71,11.69
106.924,2,-35.3625021,149.163261,99.193,-0.11324021420972727,11.72,11.700000000000001
107.024,2,-35.3624915,149.1632739,99.21300000000001,-0.059424633470881116,11.73,11.700000000000001
107.124,2,-35.362480999999995,149.16328679999998,99.229,-0.030863473749905463,11.73,11.700000000000001
107.224,2,-35.3624704,149.16329969999998,99.243,0.008957397058891675,11.73,11.700000000000001
107.324,2,-35.3624599,149.1633125,99.256,0.016283869674977938,11.73,11.700000000000001
107.424,2,-35.3624493,149.1633253,99.268,0.027899605207049667,11.73,11.71
107.524,2,-35.3624388,149.1633381,99.28,0.012069206065097026,11.74,11.71
107.624,2,-35.3624282,149.163351,99.293,0.027611563323145537,11.74,11.700000000000001
107.724,2,-35.3624177,149.16336379999998,99.306,0.06053640017075275,11.74,11.700000000000001
107.824,2,-35.3624071,149.1633766,99.319,0.09260249080762961,11.74,11.71
107.924,2,-35.3623966,149.1633895,99.33200000000001,0.08914623499472465,11.75,11.71
108.025,2,-35.3623859,149.1634024,99.346,0.0675130982324836,11.75,11.71
108.125,2,-35.362375199999995,149.1634154,99.35900000000001,0.09779572242340699,11.75,11.72
108.22500000000001,2,-35.3623646,149.1634284,99.372,0.16035870108588335,11.75,11.73
108.324,2,-35.3623538,149.16344139999998,99.385,0.20534618228120868,11.76,11.74
108.424,2,-35.3623431,149.1634545,99.397,0.2514791609055392,11.76,11.76
108.524,2,-35.3623324,149.1634675,99.408,0.27027127914849214,11.77,11.77
108.624,2,-35.3623216,149.16348059999999,99.418,0.25235665345090075,11.78,11.78
108.724,2,-35.3623109,149.1634937,99.427,0.20725399285461077,11.790000000000001,11.790000000000001
108.824,2,-35.3623001,149.1635068,99.438,0.1513326594585644,11.8,11.790000000000001
108.924,2,-35.362289499999996,149.1635198,99.449,0.08588395255218409,11.8,11.790000000000001
109.024,2,-35.3622788,149.1635327,99.462,0.013228234639126642,11.8,11.790000000000001
109.124,2,-35.362268199999995,149.1635456,99.47800000000001,-0.02637665978512194,11.8,11.790000000000001
109.224,2,-35.3622576,149.1635585,99.496,0.02160341643470758,11.8,11.790000000000001
109.324,2,-35.362246999999996,149.1635714,99.518,0.3747808040516506,11.8,11.78
109.424,2,-35.3622365,149.1635843,99.538,1.4505882121296092,11.790000000000001,11.77
109.524,2,-35.3622259,149.1635972,99.558,3.4922921577702097,11.76,11.790000000000001
109.624,2,-35.3622154,149.1636101,99.57600000000001,6.658894428931178,11.69,11.84
109.724,2,-35.3622049,149.1636231,99.59100000000001,10.73195863904463,11.55,11.93
109.824,2,-35.362194699999996,149.16363619999998,99.602,15.328592280645879,11.35,12.07
109.924,2,-35.3621846,149.1636495,99.607,20.005186946860466,11.09,12.25
110.025,2,-35.3621748,149.16366309999998,99.60300000000001,24.305906057765498,10.78,12.47
110.125,2,-35.3621651,149.1636772,99.592,27.979125444337704,10.41,12.74
110.22500000000001,2,-35.3621559,149.1636914,99.57900000000001,30.765972399297137,10.01,13.030000000000001
110.325,2,-35.362147,149.16370609999998,99.568,32.699578462760236,9.56,13.35
110.424,2,-35.3621386,149.1637211,99.563,33.88503975548599,9.07,13.66
110.524,2,-35.3621305,149.1637365,99.571,34.45719104187962,8.57,13.98
110.624,2,-35.362123,149.1637522,99.59,34.63173311102471,8.040000000000001,14.280000000000001
110.724,2,-35.362116,149.1637683,99.623,34.43472313460486,7.5200000000000005,14.55
110.824,2,-35.3621094,149.16378459999999,99.667,34.01694778383186,7.0200000000000005,14.780000000000001
110.924,2,-35.3621033,149.163801,99.721,33.413377627256175,6.53,14.98
111.024,2,-35.3620977,149.1638176,99.782,32.57298090649405,6.07,15.14
111.124,2,-35.3620924,149.1638342,99.843,31.51893245339934,5.65,15.26
111.224,2,-35.362087599999995,149.163851,99.902,30.301338535723264,5.28,15.36
111.324,2,-35.362083,149.1638678,99.955,28.964018232086033,4.94,15.43
111.424,2,-35.3620787,149.16388469999998,100.001,27.565200612709297,4.62,15.47
111.524,2,-35.3620747,149.1639017,100.039,26.228296950611437,4.33,15.51
111.624,2,-35.362071,149.1639186,100.065,24.949784575728014,4.0600000000000005,15.530000000000001
111.724,2,-35.362067499999995,149.1639356,100.081,23.782191057871014,3.8000000000000003,15.540000000000001
111.824,2,-35.3620642,149.1639526,100.086,22.77502843833386,3.5500000000000003,15.55
111.924,2,-35.3620611,149.1639696,100.083,21.89410820522605,3.31,15.56
112.024,2,-35.3620582,149.1639866,100.072,21.156060161629274,3.06,15.57
112.125,2,-35.3620556,149.1640037,100.055,20.455598649035082,2.81,15.57
112.22500000000001,2,-35.3620531,149.1640209,100.037,19.72827741752981,2.56,15.58
112.325,2,-35.3620509,149.1640381,100.022,19.046880670456414,2.31,15.59
112.425,2,-35.3620489,149.1640554,100.01,18.309334645763634,2.05,15.6
112.524,2,-35.3620471,149.1640727,100.005,17.526311514029615,1.81,15.6
112.62400000000001,2,-35.3620455,149.16409,100.005,16.658016885602574,1.58,15.6
112.724,2,-35.3620441,149.16410729999998,100.011,15.694905571117417,1.37,15.6
112.824,2,-35.362043,149.16412459999998,100.019,14.627399937810493,1.19,15.59
112.924,2,-35.3620419,149.164142,100.026,13.450590787215853,1.03,15.58
113.024,2,-35.362041,149.1641592,100.031,12.226655038895418,0.89,15.57
113.12400000000001,2,-35.362040199999996,149.16417629999998,100.034,10.988369916902432,0.78,15.55
113.224,2,-35.3620395,149.1641934,100.033,9.875584398266554,0.67,15.530000000000001
113.324,2,-35.3620389,149.1642104,100.03,8.871392057244709,0.58,15.51
113.424,2,-35.362038399999996,149.1642274,100.022,7.931671579345905,0.51,15.49
113.524,2,-35.3620379,149.1642443,100.011,7.128869500436,0.43,15.47
113.62400000000001,2,-35.3620375,149.1642612,99.998,6.449416795955118,0.35000000000000003,15.46
113.724,2,-35.362037199999996,149.164278,99.98400000000001,5.887495425390877,0.28,15.44
113.824,2,-35.3620369,149.1642949,99.96900000000001,5.393832830957627,0.22,15.43
113.924,2,-35.3620367,149.1643118,99.95700000000001,4.937777684981291,0.16,15.42
114.024,2,-35.362036499999995,149.1643287,99.946,4.501529660711168,0.11,15.41
114.12400000000001,2,-35.3620364,149.1643455,99.937,4.073290887016531,0.07,15.41
114.22500000000001,2,-35.3620363,149.1643624,99.927,3.6614087088367833,0.03,15.4
114.325,2,-35.3620362,149.1643796,99.916,3.2759954346815388,0.0,15.41
114.425,2,-35.3620362,149.1643966,99.904,2.957338508483294,-0.02,15.42
114.525,2,-35.3620361,149.1644138,99.893,2.6235098111477475,-0.05,15.42
114.62400000000001,2,-35.3620362,149.16443089999999,99.885,2.266427521339481,-0.08,15.43
114.724,2,-35.3620361,149.1644481,99.879,1.9167331483356411,-0.1,15.44
114.824,2,-35.3620362,149.1644652,99.873,1.5988800500253426,-0.11,15.450000000000001
114.924,2,-35.3620362,149.1644824,99.867,1.2924537514747698,-0.13,15.46
115.024,2,-35.3620363,149.1644996,99.86200000000001,1.0322393389097397,-0.14,15.47
115.12400000000001,2,-35.3620364,149.16451659999998,99.86,0.8441856081216298,-0.14,15.47
115.224,2,-35.362036499999995,149.1645336,99.85900000000001,0.7087089126561327,-0.15,15.48
115.324,2,-35.362036599999996,149.16455059999998,99.857,0.5705316777866889,-0.15,15.48
115.424,3,-35.3620367,149.1645676,99.855,0.44469176559027146,-0.14,15.48
115.524,3,-35.3620368,149.1645845,99.852,0.32234197333802483,-0.14,15.48
115.62400000000001,3,-35.3620369,149.1646015,99.84700000000001,-0.14904649375774062,-0.16,15.48
115.724,3,-35.362037,149.1646184,99.843,-2.1416788119042525,-0.17,15.49
115.824,3,-35.362037099999995,149.16463539999998,99.839,-6.583888706560683,-0.12,15.49
115.924,3,-35.362037099999995,149.1646524,99.837,-13.43686125321048,0.08,15.49
116.024,3,-35.3620368,149.16466939999998,99.836,-21.74116319423654,0.47000000000000003,15.48
116.12400000000001,3,-35.3620362,149.1646863,99.828,-30.157849921639635,1.01,15.48
116.224,3,-35.362035,149.16470329999999,99.807,-37.328424984034555,1.6500000000000001,15.48
116.325,3,-35.3620331,149.1647203,99.771,-42.398252423787,2.37,15.49
116.425,3,-35.362030499999996,149.1647375,99.724,-45.214540909163766,3.2,15.51
116.525,3,-35.3620271,149.1647547,99.683,-46.05734868670291,4.16,15.5
116.62400000000001,3,-35.3620228,149.1647719,99.662,-45.75028728728123,5.19,15.43
116.724,3,-35.3620174,149.16478899999998,99.679,-44.96658113663021,6.24,15.280000000000001
116.824,3,-35.3620112,149.16480579999998,99.73100000000001,-44.19004668460771,7.23,15.06
116.924,3,-35.3620041,149.16482249999999,99.819,-43.61253369971562,8.14,14.790000000000001
117.024,3,-35.3619962,149.1648387,99.93,-43.35002562424993,8.96,14.48
117.12400000000001,3,-35.3619876,149.16485459999998,100.058,-43.28035086452663,9.69,14.15
117.224,3,-35.3619785,149.1648702,100.19,-43.32159154673517,10.34,13.82
117.324,3,-35.3619689,149.1648852,100.318,-43.47033599138512,10.88,13.51
117.424,3,-35.3619588,149.1648999,100.432,-43.68550061061887,11.35,13.22
117.524,3,-35.361948399999996,149.1649142,100.526,-43.914974476163785,11.78,12.94
117.62400000000001,3,-35.3619377,149.1649282,100.59700000000001,-44.12686060459592,12.18,12.67
117.724,3,-35.3619266,149.1649419,100.644,-44.2842315781676,12.57,12.370000000000001
117.824,3,-35.3619152,149.16495519999998,100.67,-44.38302684941725,13.0,12.040000000000001
117.924,3,-35.361903399999996,149.1649682,100.681,-44.423915776883526,13.46,11.67
118.024,3,-35.361891199999995,149.1649807,100.683,-44.46087734557705,13.950000000000001,11.25
118.12400000000001,3,-35.361878499999996,149.1649927,100.68,-44.51820995347014,14.48,10.77
118.224,3,-35.3618653,149.1650042,100.678,-44.552261861577236,15.01,10.25
118.324,3,-35.3618516,149.1650151,100.682,-44.62436475355048,15.530000000000001,9.69
118.425,3,-35.3618374,149.1650254,100.69,-44.63701426389334,16.05,9.1
118.525,3,-35.3618227,149.16503509999998,100.70400000000001,-44.65528160482854,16.55,8.5
118.625,3,-35.3618075,149.1650441,100.72200000000001,-44.641392415151316,17.02,7.88
118.724,3,-35.3617919,149.1650525,100.743,-44.586211316846786,17.46,7.26
118.824,3,-35.3617759,149.1650602,100.765,-44.44089904225476,17.86,6.65
118.924,3,-35.3617595,149.1650671,100.788,-44.11575813210006,18.22,6.03
119.024,3,-35.361742899999996,149.1650735,100.809,-43.506211560000615,18.56,5.42
119.12400000000001,3,-35.361726,149.16507909999999,100.831,-42.58314564461924,18.86,4.8100000000000005
119.224,3,-35.361708799999995,149.1650841,100.852,-41.37992244495687,19.12,4.22
119.324,3,-35.3616916,149.1650884,100.874,-39.83687342842427,19.32,3.66
119.424,3,-35.361674199999996,149.16509209999998,100.897,-38.035697902778544,19.48,3.13
119.524,3,-35.3616568,149.1650952,100.919,-36.029251286911844,19.580000000000002,2.65
119.62400000000001,3,-35.3616393,149.1650979,100.936,-33.86609964091754,19.650000000000002,2.22
119.724,3,-35.361621899999996,149.1651001,100.94500000000001,-31.604425931240392,19.68,1.85
119.824,3,-35.361604299999996,149.165102,100.941,-29.27476793365952,19.69,1.54
119.924,3,-35.3615869,149.1651035,100.923,-26.925370689377306,19.68,1.26
120.024,3,-35.3615694,149.1651048,100.89,-24.61634669327904,19.66,1.0
120.12400000000001,3,-35.361551899999995,149.1651058,100.84400000000001,-22.40935547809701,19.63,0.78
120.224,3,-35.3615344,149.1651066,100.787,-20.398206276986755,19.61,0.5700000000000001
120.324,3,-35.361517,149.1651071,100.72,-18.52702472744299,19.59,0.37
120.424,3,-35.3614996,149.1651075,100.647,-16.817906491430698,19.580000000000002,0.19
120.525,3,-35.361481999999995,149.1651076,100.572,-15.22079311252286,19.57,0.0
120.625,3,-35.3614645,149.1651076,100.502,-13.761294385012441,19.57,-0.16
120.72500000000001,3,-35.3614469,149.1651075,100.437,-12.411722429551498,19.580000000000002,-0.32
120.824,3,-35.361429199999996,149.1651071,100.376,-11.065519464898665,19.580000000000002,-0.47000000000000003
120.924,3,-35.361411499999996,149.1651066,100.32000000000001,-9.734580265493518,19.59,-0.59
121.024,3,-35.3613938,149.1651059,100.27,-8.395349216435976,19.6,-0.6900000000000001
121.12400000000001,3,-35.361376,149.1651052,100.224,-7.0177167094305055,19.6,-0.77
121.224,3,-35.3613583,149.1651044,100.181,-5.667448501561045,19.61,-0.8300000000000001
121.324,3,-35.3613407,149.1651035,100.142,-4.371863641960354,19.6,-0.86
121.424,3,-35.3613231,149.16510259999998,100.101,-3.2005199233621937,19.6,-0.89
121.524,3,-35.3613056,149.16510169999998,100.058,-2.168890925887818,19.6,-0.9
121.62400000000001,3,-35.361288,149.1651008,100.012,-1.227021819886517,19.6,-0.9
121.724,3,-35.361270499999996,149.1650999,99.96300000000001,-0.41595291756422303,19.6,-0.89
121.824,3,-35.361253,149.165099,99.913,0.23589021462033713,19.6,-0.87
121.924,3,-35.3612355,149.1650981,99.866,0.7812683067258525,19.61,-0.85
122.024,3,-35.3612179,149.16509729999999,99.82300000000001,1.2095475279469798,19.62,-0.8200000000000001
122.12400000000001,3,-35.3612004,149.1650965,99.786,1.5284934565244803,19.63,-0.78
122.224,3,-35.3611828,149.1650957,99.751,1.7329167495147306,19.64,-0.75
122.324,3,-35.361165299999996,149.16509489999999,99.72,1.880399103272112,19.64,-0.72
122.424,3,-35.3611477,149.1650942,99.693,1.9955953662662544,19.66,-0.68
122.525,3,-35.361129999999996,149.1650936,99.67,2.0743679379640114,19.67,-0.64
122.625,3,-35.361112299999995,149.1650929,99.649,2.1589276008794736,19.68,-0.6
122.72500000000001,3,-35.3610944,149.1650923,99.63,2.153176368154911,19.7,-0.5700000000000001
122.825,3,-35.3610766,149.1650917,99.61200000000001,2.0786978510109764,19.72,-0.54
122.924,3,-35.3610587,149.1650912,99.593,2.0071575958706167,19.740000000000002,-0.51
123.024,3,-35.3610407,149.16509069999998,99.574,1.9346111684881495,19.76,-0.48
123.12400000000001,3,-35.3610227,149.16509019999998,99.555,1.8697177546272699,19.79,-0.45
123.224,3,-35.361004799999996,149.16508969999998,99.537,1.8187754290329645,19.81,-0.42
123.324,3,-35.3609867,149.1650893,99.518,1.7782423117337585,19.84,-0.39
123.424,3,-35.3609687,149.1650889,99.501,1.745650463283456,19.86,-0.36
123.524,3,-35.3609508,149.1650885,99.49000000000001,1.6914205755425529,19.87,-0.33
123.62400000000001,3,-35.360932999999996,149.1650881,99.48400000000001,1.594679910572608,19.88,-0.31
123.724,3,-35.3609151,149.16508779999998,99.482,1.482534821146757,19.88,-0.29
123.824,3,-35.3608973,149.1650875,99.485,1.3524030688719122,19.89,-0.27
123.924,3,-35.360879499999996,149.1650872,99.49000000000001,1.249534656999408,19.89,-0.26
124.024,3,-35.3608617,149.1650869,99.495,1.1565402440675092,19.89,-0.25
124.12400000000001,3,-35.3608439,149.1650866,99.501,1.1147281738462185,19.89,-0.23
124.224,3,-35.3608261,149.16508629999998,99.506,1.0668490813729579,19.89,-0.22
124.324,3,-35.360808399999996,149.1650861,99.512,1.0611613480633355,19.89,-0.2
124.424,3,-35.3607905,149.16508579999999,99.518,1.0495712640937644,19.89,-0.19
124.524,3,-35.3607727,149.1650856,99.522,0.9834441473140513,19.89,-0.18
124.625,3,-35.360754899999996,149.16508539999998,99.524,0.8820476945685377,19.89,-0.16
124.72500000000001,3,-35.3607367,149.1650852,99.525,0.8412553502459885,19.900000000000002,-0.15
124.825,3,-35.3607188,149.165085,99.527,0.809063868274925,19.91,-0.14
124.925,3,-35.3607006,149.1650848,99.529,0.7546341975007993,19.93,-0.13
125.024,3,-35.3606826,149.1650846,99.532,0.7353598839106993,19.94,-0.12
125.12400000000001,3,-35.3606644,149.16508439999998,99.535,0.7046444698522991,19.96,-0.12
125.224,3,-35.3606463,149.1650843,99.539,0.6850196288195599,19.97,-0.11
125.324,3,-35.3606282,149.1650841,99.545,0.6446754089395871,19.98,-0.11
125.424,3,-35.36061,149.16508389999998,99.553,0.5898854456867431,19.990000000000002,-0.11
125.524,3,-35.3605921,149.1650838,99.563,0.6250069720900362,19.990000000000002,-0.11
125.62400000000001,3,-35.3605741,149.1650836,99.57300000000001,0.6742359340588734,19.98,-0.09
125.724,3,-35.3605562,149.16508349999998,99.58500000000001,0.6921598445448678,19.98,-0.08
125.824,3,-35.3605383,149.1650833,99.595,0.7128356809361427,19.97,-0.07
125.924,3,-35.3605205,149.1650832,99.604,0.7390037364720482,19.96,-0.07
126.024,3,-35.3605027,149.1650831,99.611,0.7759825940819088,19.96,-0.06
126.12400000000001,3,-35.3604848,149.16508299999998,99.617,0.7481184638368715,19.95,-0.05
126.224,3,-35.360467,149.1650829,99.621,0.7743533271605963,19.95,-0.04
126.324,3,-35.3604492,149.1650828,99.625,0.7891195558159292,19.94,-0.04
126.424,3,-35.3604313,149.1650827,99.631,0.754496099613518,19.94,-0.02
126.524,3,-35.3604135,149.1650826,99.638,0.725223082769607,19.94,-0.01
126.62400000000001,3,-35.3603956,149.16508249999998,99.647,0.725710907686734,19.94,0.0
126.72500000000001,3,-35.360377799999995,149.16508249999998,99.657,0.644113892684618,19.93,0.0
126.825,3,-35.3603598,149.1650824,99.668,0.5669118376091408,19.93,0.0
126.925,3,-35.3603417,149.1650824,99.681,0.5486640267460997,19.94,0.01
127.025,3,-35.360323699999995,149.1650824,99.694,0.5263689019130029,19.95,0.01
127.12400000000001,3,-35.3603056,149.1650823,99.708,0.5222553671245098,19.95,0.02
127.224,3,-35.3602875,149.1650823,99.72,0.480085352302028,19.96,0.02
127.324,3,-35.3602693,149.1650823,99.72800000000001,0.422039790053468,19.97,0.03
127.424,3,-35.3602512,149.1650823,99.73400000000001,0.3508456334049574,19.98,0.03
127.524,3,-35.360233,149.1650823,99.741,0.2997710262563359,19.98,0.03
127.62400000000001,3,-35.360214899999995,149.1650823,99.747,0.27539175991145964,19.990000000000002,0.03
127.724,3,-35.3601969,149.1650823,99.753,0.2871786120260653,19.990000000000002,0.03
127.824,3,-35.3601789,149.1650822,99.758,0.2710454384022308,19.990000000000002,0.03
127.924,3,-35.3601611,149.1650822,99.763,0.23084932156945615,19.98,0.03
128.024,3,-35.360143199999996,149.1650822,99.768,0.22621941380753954,19.97,0.03
128.124,3,-35.3601253,149.1650822,99.774,0.28068288868197167,19.97,0.04
128.224,3,-35.3601075,149.1650823,99.778,0.30917862466225,19.96,0.04
128.324,3,-35.360089599999995,149.1650823,99.781,0.2951542719446568,19.96,0.05
128.424,3,-35.3600718,149.1650823,99.783,0.22272662582072428,19.96,0.05
128.524,3,-35.360054,149.1650823,99.784,0.18893761329560507,19.95,0.05
128.624,3,-35.360036099999995,149.1650823,99.784,0.15943527818639613,19.95,0.05
128.724,3,-35.3600183,149.1650824,99.786,0.10538009387785742,19.95,0.05
128.825,3,-35.3600002,149.1650824,99.79,0.029526334152796548,19.95,0.05
128.925,3,-35.3599822,149.1650824,99.797,-0.034478424739307435,19.96,0.05
129.025,3,-35.3599642,149.16508249999998,99.805,-0.05706401604006157,19.97,0.05
129.124,3,-35.3599461,149.16508249999998,99.812,-0.02706033904267774,19.98,0.05
129.224,3,-35.359928,149.16508249999998,99.82000000000001,0.04037245444125862,19.990000000000002,0.05
129.324,3,-35.3599098,149.1650826,99.82900000000001,0.06323029614851454,20.0,0.05
129.424,3,-35.3598917,149.1650826,99.83800000000001,0.0574474004278682,20.0,0.06
129.524,3,-35.3598735,149.1650827,99.846,0.03345340611096959,20.01,0.06
129.624,3,-35.3598554,149.1650827,99.851,-0.01302327060059341,20.02,0.06
129.724,3,-35.359837399999996,149.1650828,99.85600000000001,-0.08595356178478004,20.01,0.05
129.824,3,-35.3598194,149.1650828,99.85900000000001,-0.1415252148417269,20.02,0.05
129.924,3,-35.359801499999996,149.1650828,99.863,-0.1890516054175929,20.01,0.04
130.024,3,-35.3597836,149.1650829,99.868,-0.20364314398077477,20.01,0.04
130.124,3,-35.3597657,149.1650829,99.871,-0.19892681831760162,20.0,0.03
130.224,3,-35.3597478,149.16508299999998,99.874,-0.14997238459667403,20.0,0.03
130.324,3,-35.35973,149.16508299999998,99.876,-0.06285960497358928,19.990000000000002,0.04
130.424,3,-35.359712099999996,149.16508299999998,99.879,0.017348548757226814,19.98,0.04
130.524,3,-35.3596943,149.1650831,99.882,0.08439841308813277,19.98,0.05
130.624,3,-35.3596764,149.1650831,99.885,0.09545477513698429,19.97,0.05
130.724,3,-35.359658599999996,149.1650831,99.888,0.02853138103000932,19.97,0.05
130.824,3,-35.3596407,149.1650832,99.891,-0.039564884623503785,19.96,0.04
130.925,3,-35.359622699999996,149.1650832,99.893,-0.07095912210184675,19.96,0.04
131.025,3,-35.3596048,149.1650833,99.897,-0.06243296494440811,19.96,0.03
131.125,3,-35.3595867,149.1650833,99.902,-0.07616791507634839,19.96,0.03
131.224,3,-35.3595687,149.1650833,99.905,-0.10230786278299378,19.97,0.03
131.324,3,-35.3595506,149.1650834,99.907,-0.14220493872606216,19.98,0.03
131.424,3,-35.3595325,149.1650834,99.912,-0.14862131448190732,19.98,0.03
131.524,3,-35.3595143,149.1650834,99.917,-0.13983070093754227,19.990000000000002,0.02
131.624,3,-35.359496199999995,149.16508349999998,99.923,-0.14180103709031905,19.990000000000002,0.02
131.724,3,-35.3594782,149.16508349999998,99.927,-0.11905530653498654,19.990000000000002,0.02
131.824,3,-35.3594602,149.16508349999998,99.929,-0.10193057487262991,19.98,0.02
131.924,3,-35.3594423,149.16508349999998,99.931,-0.10685171282941087,19.98,0.02
132.024,3,-35.3594244,149.1650836,99.933,-0.13772744290021469,19.98,0.01
132.124,3,-35.3594065,149.1650836,99.932,-0.17965813429748162,19.98,0.01
132.224,3,-35.359388599999996,149.1650836,99.932,-0.17126107038339886,19.97,0.0
132.324,3,-35.3593708,149.1650836,99.933,-0.16039857498320595,19.97,0.0
132.424,3,-35.3593529,149.1650836,99.938,-0.12256012739412867,19.97,0.0
132.524,3,-35.359335099999996,149.1650836,99.946,-0.09851021090340058,19.96,0.0
132.624,3,-35.3593172,149.1650836,99.953,-0.0800768443445386,19.96,0.0
132.724,3,-35.359299299999996,149.1650836,99.959,-0.04661456365672261,19.95,0.0
132.824,3,-35.3592815,149.1650836,99.961,0.010909306208391303,19.95,-0.01
132.925,3,-35.3592636,149.1650836,99.962,0.09666673350826488,19.95,0.0
133.025,3,-35.3592455,149.1650836,99.96300000000001,0.14440923553833832,19.95,0.0
133.125,3,-35.359227499999996,149.1650836,99.961,0.17525394294329277,19.95,0.0
133.225,3,-35.3592094,149.1650836,99.956,0.19944500556002345,19.96,0.0
133.324,3,-35.3591913,149.1650836,99.95100000000001,0.18727651662554326,19.97,0.01
133.424,3,-35.3591732,149.1650836,99.949,0.12797953565498998,19.97,0.01
133.524,3,-35.359155,149.1650837,99.95,0.07681033972451305,19.98,0.02
133.624,3,-35.359136899999996,149.1650837,99.95400000000001,0.05017541674645331,19.990000000000002,0.01
133.724,3,-35.359118699999996,149.1650837,99.958,0.04112620983887316,20.0,0.01
133.824,3,-35.3591006,149.1650837,99.96300000000001,0.02866657742091458,20.01,0.01
133.924,3,-35.3590826,149.1650837,99.967,0.009447943379516106,20.01,0.01
134.024,3,-35.3590647,149.1650837,99.971,0.03799239364966702,20.0,0.01
134.124,3,-35.3590468,149.1650837,99.974,0.05700946790819403,20.0,0.02
134.224,3,-35.3590289,149.1650838,99.97800000000001,0.06715742813764708,19.990000000000002,0.02
134.324,3,-35.359010999999995,149.1650838,99.97800000000001,0.056636855742564704,19.990000000000002,0.02
134.424,3,-35.3589932,149.1650838,99.977,0.028128346508125675,19.98,0.02
134.524,3,-35.3589753,149.1650838,99.974,-0.03979602382790657,19.98,0.02
134.624,3,-35.358957499999995,149.1650838,99.97,-0.11400004607446473,19.97,0.02
134.724,3,-35.3589396,149.16508389999998,99.965,-0.14868692165053649,19.97,0.02
134.824,3,-35.3589218,149.16508389999998,99.96000000000001,-0.150206918885342,19.97,0.01
134.924,3,-35.3589039,149.16508389999998,99.955,-0.16090498281735213,19.98,0.01
135.025,3,-35.358886,149.16508389999998,99.952,-0.11957171952904974,19.98,0.02
135.125,3,-35.3588678,149.16508389999998,99.95100000000001,-0.07378642021183536,19.990000000000002,0.02
135.225,3,-35.3588498,149.16508389999998,99.952,-0.07245480012794732,19.990000000000002,0.02
135.325,3,-35.358831699999996,149.16508389999998,99.956,-0.050665916376331464,20.0,0.02
135.424,3,-35.3588135,149.165084,99.964,-0.030196072887534644,20.01,0.02
135.524,3,-35.3587954,149.165084,99.97200000000001,-0.05650446079643621,20.02,0.02
135.624,3,-35.3587772,149.165084,99.976,-0.07545192582236726,20.03,0.02
135.724,3,-35.3587591,149.165084,99.977,-0.13034526238747382,20.04,0.02
135.824,3,-35.3587409,149.165084,99.97500000000001,-0.1667735960780608,20.05,0.02
135.924,3,-35.3587229,149.1650841,99.973,-0.15602423902620946,20.05,0.02
136.024,3,-35.3587049,149.1650841,99.971,-0.15020678548320976,20.05,0.02
136.124,3,-35.358686999999996,149.1650841,99.96900000000001,-0.1367464569806716,20.05,0.02
136.224,3,-35.358669,149.1650841,99.97,-0.15087521020694544,20.04,0.01
136.324,3,-35.3586512,149.1650841,99.974,-0.17083454374603008,20.03,0.01
136.424,3,-35.3586333,149.1650842,99.977,-0.15552543511360017,20.03,0.01
136.524,3,-35.3586154,149.1650842,99.979,-0.12987173817892153,20.02,0.01
136.624,3,-35.3585975,149.1650842,99.982,-0.14734693725295783,20.01,0.01
136.724,3,-35.3585797,149.1650842,99.983,-0.18266545858491032,20.01,0.01
136.824,3,-35.3585618,149.1650842,99.98100000000001,-0.1903530499391712,20.01,0.01
136.924,3,-35.3585439,149.1650842,99.976,-0.1708132661059399,20.01,0.0
137.024,3,-35.358526,149.1650842,99.96900000000001,-0.15458066787295668,20.01,0.0
137.125,3,-35.3585081,149.1650842,99.961,-0.1774070400172203,20.01,0.0
137.225,3,-35.3584901,149.1650842,99.953,-0.16342549604385875,20.01,0.0
137.32500000000002,3,-35.358472,149.1650842,99.94800000000001,-0.1506861527051536,20.02,0.0
137.425,3,-35.3584539,149.1650842,99.946,-0.12256435624172025,20.03,0.0
137.524,3,-35.3584357,149.1650842,99.947,-0.08870151897662674,20.04,0.0
137.624,3,-35.358417599999996,149.1650842,99.949,-0.08711860929626307,20.05,0.0
137.724,3,-35.358399299999995,149.1650842,99.953,-0.048747476988044214,20.06,0.0
137.824,3,-35.358381099999995,149.1650843,99.959,-0.04079904110958691,20.07,0.0
137.924,3,-35.358362899999996,149.1650843,99.96600000000001,-0.04106487820858189,20.080000000000002,0.0
138.024,3,-35.358344699999996,149.1650843,99.974,-0.03177367316303569,20.080000000000002,0.0
138.124,3,-35.3583267,149.1650843,99.98,-0.02196542980093148,20.080000000000002,0.0
138.224,3,-35.3583086,149.1650843,99.98400000000001,-0.03745263528246412,20.080000000000002,0.0
138.324,3,-35.3582907,149.1650843,99.983,-0.01081177424199363,20.07,0.0
138.424,3,-35.3582727,149.1650843,99.98100000000001,0.03331237671183271,20.06,0.0
138.524,3,-35.3582548,149.1650843,99.97800000000001,0.04745700145678823,20.05,0.0
138.624,3,-35.3582369,149.1650843,99.97500000000001,0.032591314841773654,20.05,0.01
138.724,3,-35.358219,149.1650843,99.974,-0.04462565792713986,20.04,0.01
138.824,3,-35.358201099999995,149.1650843,99.971,-0.11626306650534714,20.03,0.01
138.924,3,-35.3581832,149.1650843,99.96900000000001,-0.15756534047833326,20.03,0.01
139.024,3,-35.358165299999996,149.1650843,99.96600000000001,-0.22363786910553918,20.03,0.0
139.124,3,-35.3581474,149.1650843,99.96300000000001,-0.2465898927181472,20.03,0.0
139.225,3,-35.3581295,149.1650843,99.961,-0.2323119959080438,20.02,0.0
139.32500000000002,3,-35.358111199999996,149.1650843,99.961,-0.2146355730577566,20.03,0.0
139.425,3,-35.3580932,149.1650843,99.96000000000001,-0.19054058665665569,20.04,0.0
139.525,3,-35.358075,149.1650843,99.96000000000001,-0.17522945031181594,20.05,0.0
139.624,3,-35.3580568,149.1650843,99.959,-0.1560447829545724,20.06,0.0
139.724,3,-35.3580386,149.1650843,99.958,-0.14883156958251,20.07,0.0
139.824,3,-35.3580204,149.1650843,99.958,-0.1627982525583415,20.080000000000002,0.0
139.924,3,-35.3580022,149.1650843,99.96000000000001,-0.1418969932440298,20.09,0.0
140.024,3,-35.357984,149.1650843,99.964,-0.058288474191131805,20.09,0.0
140.124,3,-35.357965899999996,149.1650843,99.971,-0.03144090154419591,20.09,0.0
140.224,3,-35.3579479,149.1650843,99.98,-0.049761169775356,20.080000000000002,0.0
140.324,3,-35.357929999999996,149.1650843,99.99000000000001,-0.0691147842629582,20.07,0.0
140.424,3,-35.357912,149.1650843,100.0,-0.08388023918592416,20.07,0.0
140.524,3,-35.357894099999996,149.1650843,100.007,-0.08470735241605022,20.06,0.0
140.624,3,-35.3578762,149.1650843,100.011,-0.12087187004994547,20.05,0.0
140.724,3,-35.3578583,149.1650843,100.012,-0.11611310916851099,20.04,0.0
140.824,3,-35.3578404,149.1650843,100.011,-0.11406126431294362,20.04,0.0
140.924,3,-35.3578225,149.1650843,100.007,-0.13226539931789366,20.03,0.0
141.024,3,-35.3578046,149.1650843,100.003,-0.14795822584346074,20.03,0.0
141.124,3,-35.3577867,149.1650843,100.0,-0.134051613847771,20.03,-0.01
141.224,3,-35.357768799999995,149.1650843,99.997,-0.11204847960169226,20.03,-0.01
141.32500000000002,3,-35.3577507,149.1650843,99.994,-0.07391952885937127,20.02,-0.01
141.425,3,-35.3577327,149.1650843,99.988,-0.06532273527291851,20.02,-0.02
141.525,3,-35.3577146,149.1650843,99.983,-0.01267346686452157,20.03,-0.02
141.624,3,-35.3576966,149.1650842,99.98,0.028914375216579188,20.03,-0.03
141.724,3,-35.3576784,149.1650842,99.982,0.03824697494375536,20.04,-0.03
141.824,3,-35.3576602,149.1650841,99.988,0.042507172036418586,20.05,-0.04
141.924,3,-35.357642,149.1650841,99.993,0.07962130941351708,20.06,-0.04
142.024,3,-35.3576238,149.165084,99.996,0.1380760493521498,20.06,-0.04
142.124,3,-35.3576056,149.165084,99.998,0.19284394789232348,20.07,-0.04
142.224,3,-35.3575874,149.16508389999998,99.999,0.2305674962249138,20.07,-0.03
142.324,3,-35.3575693,149.16508389999998,100.0,0.2785107017629225,20.07,-0.03
142.424,3,-35.3575513,149.16508389999998,99.999,0.2933763150067643,20.07,-0.03
142.524,3,-35.3575333,149.1650838,99.998,0.29357471065781204,20.07,-0.03
142.624,3,-35.3575154,149.1650838,99.997,0.2973251515228102,20.06,-0.02
142.724,3,-35.3574975,149.1650838,99.997,0.3051398484286568,20.06,-0.02
142.824,3,-35.3574795,149.1650837,99.998,0.33788708368257714,20.06,-0.02
142.924,3,-35.3574616,149.1650837,99.998,0.3624019933155016,20.05,-0.02
143.024,3,-35.3574437,149.1650837,100.0,0.3751513418141238,20.05,-0.01
143.124,3,-35.3574258,149.1650837,100.001,0.3999463425638717,20.05,-0.01
143.224,3,-35.3574079,149.1650836,100.0,0.4077337987543176,20.04,-0.01
143.324,3,-35.3573899,149.1650836,99.997,0.38912585549511697,20.04,0.0
143.425,3,-35.357371799999996,149.1650836,99.995,0.3463237280092916,20.03,0.0
143.525,3,-35.3573537,149.1650836,99.997,0.31658978011811045,20.04,0.0
143.625,3,-35.3573357,149.1650836,99.998,0.26904080456125845,20.04,0.0
143.724,3,-35.3573175,149.1650836,99.997,0.23310637892502803,20.05,0.0
143.824,3,-35.3572993,149.1650836,99.995,0.21111292967374895,20.06,0.0
143.924,3,-35.3572811,149.1650836,99.994,0.17932166743957917,20.07,0.0
144.024,3,-35.357262899999995,149.1650836,99.992,0.11117196756200261,20.080000000000002,0.0
144.124,3,-35.357244699999995,149.1650836,99.991,0.07012165686625989,20.09,0.0
144.224,3,-35.357226499999996,149.1650836,99.992,0.10060958693868036,20.1,0.0
144.324,3,-35.3572084,149.1650836,99.993,0.1655928404655081,20.09,0.0
144.424,3,-35.3571904,149.1650836,99.994,0.1948682585477992,20.09,0.0
144.524,3,-35.357172399999996,149.1650836,99.994,0.1905235512043703,20.080000000000002,0.01
144.624,3,-35.3571545,149.1650836,99.996,0.18657419442000878,20.07,0.01
144.724,3,-35.357136499999996,149.1650836,100.0,0.1490194798259647,20.06,0.01
144.824,3,-35.3571186,149.16508349999998,100.004,0.14634819550961536,20.05,0.01
144.924,3,-35.3571007,149.16508349999998,100.009,0.1621498648348663,20.04,0.02
145.024,3,-35.3570828,149.16508349999998,100.013,0.17224347036554355,20.03,0.02
145.124,3,-35.3570649,149.16508349999998,100.018,0.172095047153228,20.02,0.02
145.224,3,-35.357047099999996,149.16508349999998,100.021,0.13937964164805697,20.02,0.02
145.324,3,-35.3570292,149.16508349999998,100.021,0.08643299570778998,20.02,0.02
145.425,3,-35.357011199999995,149.1650836,100.019,0.06607383596810175,20.01,0.02
145.525,3,-35.356992999999996,149.1650836,100.016,0.06985603321067647,20.02,0.02
145.625,3,-35.3569749,149.1650836,100.011,0.029470615417218713,20.03,0.03
145.725,3,-35.3569568,149.1650836,100.002,-0.0032437176598737174,20.04,0.03
145.824,3,-35.3569386,149.1650836,99.993,-0.01299584729102421,20.05,0.03
145.924,3,-35.3569204,149.1650837,99.986,-0.003809134468124626,20.06,0.03
146.024,3,-35.3569022,149.1650837,99.982,0.022106227413863613,20.07,0.03
146.124,3,-35.356884,149.1650837,99.98400000000001,0.05851887968380734,20.07,0.03
146.224,3,-35.3568658,149.1650838,99.988,0.04868614535775294,20.080000000000002,0.03
146.324,3,-35.3568478,149.1650838,99.995,0.042012717033319914,20.080000000000002,0.02
146.424,3,-35.3568298,149.1650838,100.002,0.013033174041384599,20.07,0.02
146.524,3,-35.356811799999996,149.1650838,100.01,0.003934781767652428,20.07,0.02
146.624,3,-35.3567938,149.1650838,100.017,0.0006227230813124486,20.06,0.01
146.724,3,-35.356775899999995,149.16508389999998,100.024,0.005331893960830561,20.05,0.01
146.824,3,-35.356758,149.16508389999998,100.029,0.03107222807652059,20.04,0.01
146.924,3,-35.356740099999996,149.16508389999998,100.034,0.01914743148708574,20.04,0.01
147.024,3,-35.3567222,149.16508389999998,100.036,-0.03056697083576485,20.03,0.01
147.124,3,-35.3567043,149.16508389999998,100.036,-0.10099090359343747,20.02,0.01
147.224,3,-35.3566864,149.16508389999998,100.032,-0.1586772872710834,20.02,0.01
147.324,3,-35.3566685,149.16508389999998,100.026,-0.14359558925346055,20.02,0.0
147.424,3,-35.3566506,149.16508389999998,100.022,-0.11753410868099098,20.02,0.0
147.525,3,-35.3566327,149.16508389999998,100.02,-0.10344189429873407,20.02,0.0
147.625,3,-35.3566146,149.16508389999998,100.018,-0.05446648642756712,20.02,0.0
147.725,3,-35.356596499999995,149.16508389999998,100.016,-0.0032590795407221296,20.03,0.0
147.82500000000002,3,-35.3565784,149.16508389999998,100.01,0.01619644125256979,20.03,0.0
147.924,3,-35.3565602,149.16508389999998,100.005,0.01207940632563242,20.04,-0.01
148.024,3,-35.356542,149.16508389999998,100.0,0.0619363154762343,20.05,0.0
148.124,3,-35.3565238,149.16508389999998,99.997,0.12939873423868492,20.06,0.0
148.224,3,-35.3565056,149.16508389999998,99.996,0.18143526414215433,20.07,0.0
148.324,3,-35.3564874,149.16508389999998,100.0,0.2014703167314909,20.080000000000002,0.0
148.424,3,-35.3564692,149.16508389999998,100.004,0.19224337149303836,20.09,0.0
148.524,3,-35.3564511,149.16508389999998,100.006,0.1501016245823754,20.09,0.0
148.624,3,-35.3564331,149.16508389999998,100.01,0.15819131664359434,20.080000000000002,0.0
148.724,3,-35.3564151,149.16508389999998,100.015,0.13105420133876677,20.07,0.0
148.824,3,-35.356397099999995,149.16508389999998,100.019,0.1422749481650548,20.06,0.0
148.924,3,-35.3563792,149.16508389999998,100.023,0.14849232796025724,20.05,0.0
149.024,3,-35.356361299999996,149.16508389999998,100.024,0.15325028842889837,20.04,0.01
149.124,3,-35.3563434,149.16508389999998,100.02,0.15238297446622576,20.04,0.01
149.224,3,-35.3563255,149.16508389999998,100.015,0.15871257213505738,20.03,0.01
149.324,3,-35.3563076,149.165084,100.009,0.1472651617459028,20.03,0.02
149.424,3,-35.3562897,149.165084,100.003,0.13944326112491592,20.03,0.02
149.524,3,-35.3562718,149.165084,99.997,0.13072577862943757,20.02,0.02
149.625,3,-35.3562539,149.165084,99.996,0.0985555742984643,20.02,0.02
149.725,3,-35.3562356,149.1650841,99.999,0.012216356954576464,20.02,0.02
149.82500000000002,3,-35.3562176,149.1650841,100.003,-0.04536533606475116,20.02,0.01
149.925,3,-35.3561994,149.1650841,100.008,-0.09354255562311212,20.04,0.01
150.024,3,-35.356181299999996,149.1650841,100.012,-0.10695743401920062,20.04,0.0
150.124,3,-35.356163099999996,149.1650841,100.015,-0.10100078202132887,20.05,0.0
150.224,3,-35.3561449,149.1650841,100.017,-0.09484584109411517,20.06,0.0
150.324,3,-35.3561267,149.1650841,100.016,-0.07933428138581788,20.07,0.0
150.424,3,-35.3561085,149.165084,100.013,-0.07603827488425038,20.07,0.0
150.524,3,-35.3560905,149.165084,100.01,-0.10380774297625948,20.080000000000002,-0.01
150.624,3,-35.356072399999995,149.165084,100.008,-0.08402107848702262,20.07,-0.01
150.724,3,-35.3560545,149.165084,100.008,-0.057061868265732715,20.07,-0.01
150.824,3,-35.3560365,149.165084,100.008,0.01674020335126615,20.06,-0.01
150.924,3,-35.3560186,149.165084,100.009,0.07807723309384464,20.05,-0.01
151.024,3,-35.356000699999996,149.165084,100.012,0.1204744650980418,20.04,-0.01
151.124,3,-35.3559828,149.165084,100.015,0.21747682503077612,20.04,-0.01
151.224,3,-35.3559649,149.16508389999998,100.017,0.2927022073521958,20.03,-0.01
151.324,3,-35.355947,149.16508389999998,100.018,0.3423434886313196,20.02,0.0
151.424,3,-35.3559291,149.16508389999998,100.018,0.2972825962426298,20.02,0.0
151.524,3,-35.355911299999995,149.16508389999998,100.015,0.23524102648406858,20.01,0.0
151.624,3,-35.3558934,149.16508389999998,100.012,0.18352103315994697,20.01,0.0
151.725,3,-35.355875499999996,149.16508389999998,100.011,0.17328791567938692,20.0,0.0
151.82500000000002,3,-35.3558574,149.16508389999998,100.01,0.1765148598971006,20.01,0.01
151.925,3,-35.3558393,149.16508389999998,100.006,0.17799043422187458,20.01,0.01
152.024,3,-35.3558212,149.16508389999998,100.002,0.17349331494237655,20.02,0.01
152.124,3,-35.355803,149.16508389999998,100.0,0.1889168692640438,20.03,0.02
152.224,3,-35.355784899999996,149.16508389999998,99.999,0.18030569492773701,20.04,0.02
152.324,3,-35.3557667,149.16508389999998,99.999,0.12652111684442038,20.05,0.02
152.424,3,-35.3557485,149.16508389999998,99.999,0.09766055271292817,20.06,0.02
152.524,3,-35.3557303,149.16508389999998,99.999,0.0769152938520425,20.07,0.02
152.624,3,-35.3557121,149.16508389999998,100.001,0.0366009093589422,20.080000000000002,0.01
152.724,3,-35.355694,149.16508389999998,100.004,0.02790458777668834,20.080000000000002,0.01
152.824,3,-35.355675999999995,149.16508389999998,100.008,0.06005621919580234,20.07,0.01
152.924,3,-35.355658,149.16508389999998,100.009,0.07535961154686631,20.07,0.01
153.024,3,-35.355640099999995,149.16508389999998,100.01,0.07280965646977726,20.06,0.01
153.124,3,-35.3556222,149.16508389999998,100.012,0.030037511113169855,20.05,0.01
153.224,3,-35.355604299999996,149.165084,100.014,-0.006670490976234056,20.04,0.02
153.324,3,-35.3555864,149.165084,100.014,-0.0627088739043862,20.03,0.01
153.424,3,-35.3555685,149.165084,100.013,-0.08101771624292108,20.03,0.0
153.524,3,-35.3555506,149.165084,100.01,-0.059766276331513976,20.02,0.0
153.624,3,-35.3555327,149.165084,100.006,0.02190798517526796,20.02,0.0
153.724,3,-35.3555148,149.165084,100.001,0.08857624103425255,20.02,0.0
153.82500000000002,3,-35.355496699999996,149.165084,99.995,0.08520567608098348,20.02,0.0
153.925,3,-35.3554786,149.165084,99.991,0.08052265426012076,20.02,0.0
154.025,3,-35.3554605,149.165084,99.988,0.09115958666503797,20.03,0.0
154.124,3,-35.3554424,149.165084,99.985,0.06360066715832244,20.04,0.0
154.224,3,-35.3554242,149.165084,99.985,0.009648366742973667,20.04,0.0
154.324,3,-35.355405999999995,149.165084,99.98400000000001,-0.021759313501481137,20.06,0.0
154.424,3,-35.355387799999995,149.165084,99.983,-0.01910400742551926,20.06,0.0
154.524,3,-35.355369599999996,149.165084,99.982,-0.02124074939803577,20.07,0.0
154.624,3,-35.355351399999996,149.1650841,99.982,-0.01525869263160807,20.080000000000002,0.0
154.724,3,-35.3553334,149.1650841,99.985,0.034919422172969526,20.080000000000002,0.0
154.824,3,-35.355315399999995,149.1650841,99.989,0.10407649491184362,20.07,0.0
154.924,3,-35.3552974,149.1650841,99.993,0.10729992398337312,20.07,0.0
155.024,3,-35.3552795,149.1650841,99.997,0.0697494715874537,20.06,0.0
155.124,3,-35.3552615,149.1650841,100.001,0.04031029905280084,20.06,0.0
155.224,3,-35.3552436,149.1650841,100.002,0.03104371337075711,20.06,0.0
155.324,3,-35.3552257,149.1650841,99.998,0.0013884140614956976,20.06,0.0
155.424,3,-35.355207799999995,149.1650841,99.992,0.013751320241091172,20.06,0.0
155.524,3,-35.3551899,149.1650841,99.98400000000001,0.03149692043457126,20.05,0.0
155.624,3,-35.355171899999995,149.1650841,99.977,0.024167798952396968,20.05,-0.01
155.724,3,-35.355154,149.1650841,99.97200000000001,0.02777915808938873,20.05,-0.02
155.824,3,-35.355136099999996,149.1650841,99.971,0.05408194144121012,20.05,-0.03
155.925,3,-35.355118,149.165084,99.97200000000001,0.0884494089570379,20.04,-0.03
156.025,3,-35.3551,149.165084,99.974,0.09291942759337407,20.04,-0.03
156.125,3,-35.3550819,149.165084,99.97800000000001,0.1461682360332414,20.05,-0.03
156.224,3,-35.355063799999996,149.16508389999998,99.979,0.24908067060938047,20.05,-0.03
156.324,3,-35.3550456,149.16508389999998,99.98,0.3283663869489612,20.06,-0.03
156.424,3,-35.3550274,149.1650838,99.979,0.3829095562571856,20.07,-0.02
156.524,3,-35.3550091,149.1650838,99.97800000000001,0.3673863505427449,20.080000000000002,-0.01
156.624,3,-35.3549909,149.1650838,99.977,0.3725228395615796,20.09,-0.01
156.724,3,-35.3549728,149.1650838,99.97500000000001,0.3870288806982173,20.09,-0.01
156.824,3,-35.3549548,149.1650838,99.97200000000001,0.3690246354481959,20.09,0.0
156.924,3,-35.3549368,149.1650837,99.971,0.28168911428493204,20.09,0.0
157.024,3,-35.3549188,149.1650837,99.974,0.22145211518964253,20.080000000000002,0.0
157.124,3,-35.354900799999996,149.1650837,99.983,0.22476719819611848,20.080000000000002,-0.01
157.224,3,-35.3548828,149.1650837,99.993,0.23908231420111317,20.07,-0.01
157.324,3,-35.354864899999995,149.1650837,100.002,0.2328337583276093,20.06,-0.01
157.424,3,-35.3548469,149.1650837,100.009,0.26026118335258885,20.05,0.0
157.524,3,-35.354828999999995,149.1650837,100.012,0.3287347102360394,20.04,0.0
157.624,3,-35.3548111,149.1650837,100.011,0.3607665098548274,20.03,0.01
157.724,3,-35.354793099999995,149.1650837,100.007,0.3678593678231947,20.02,0.01
157.824,3,-35.3547752,149.1650837,100.003,0.36210477336490027,20.02,0.01
157.925,3,-35.354757299999996,149.1650837,99.999,0.3143549475577676,20.01,0.02
158.025,3,-35.3547392,149.1650837,99.995,0.2820642144003274,20.01,0.02
158.125,3,-35.3547211,149.1650837,99.993,0.24023314771540744,20.01,0.02
158.225,3,-35.354703,149.1650837,99.991,0.19077710863709382,20.02,0.02
158.324,3,-35.3546848,149.1650837,99.989,0.19598782260229952,20.03,0.03
158.424,3,-35.3546666,149.1650837,99.989,0.23531028887112074,20.03,0.03
158.524,3,-35.354648399999995,149.1650837,99.99000000000001,0.22294711286486874,20.04,0.04
158.624,3,-35.354630199999995,149.1650838,99.993,0.16975035793699633,20.04,0.04
158.724,3,-35.354611999999996,149.1650838,99.996,0.12145477066671052,20.05,0.04
158.824,3,-35.354593799999996,149.1650838,99.998,0.048105649314421274,20.06,0.04
158.924,3,-35.3545757,149.16508389999998,99.998,-0.030390349747749856,20.06,0.04
159.024,3,-35.3545577,149.16508389999998,99.998,-0.10524745213778429,20.06,0.03
159.124,3,-35.3545398,149.16508389999998,99.998,-0.15710544996769454,20.06,0.03
159.224,3,-35.3545218,149.16508389999998,99.996,-0.14887868721561254,20.06,0.02
159.324,3,-35.3545039,149.16508389999998,99.995,-0.11594183417094499,20.05,0.02
159.424,3,-35.354486,149.165084,99.993,-0.07482086036576172,20.04,0.02
159.524,3,-35.3544681,149.165084,99.992,-0.009497216290817406,20.04,0.02
159.624,3,-35.354450199999995,149.165084,99.991,0.046288892366370606,20.03,0.02
159.724,3,-35.3544322,149.165084,99.99000000000001,0.05457970481718802,20.03,0.01
159.824,3,-35.354414299999995,149.165084,99.988,0.009877503247866397,20.02,0.01
159.924,3,-35.3543964,149.165084,99.986,-0.009165259258747534,20.02,0.01
160.025,3,-35.354378499999996,149.165084,99.98400000000001,-0.013054369972668785,20.01,0.01
160.125,3,-35.354360299999996,149.165084,99.98100000000001,-0.03593368858944989,20.02,0.02
160.225,3,-35.3543422,149.165084,99.97800000000001,-0.08474966757239256,20.03,0.02
160.32500000000002,3,-35.354324,149.165084,99.97500000000001,-0.12009136085471285,20.03,0.02
160.424,3,-35.3543059,149.1650841,99.973,-0.12915129996383065,20.04,0.03
160.524,3,-35.3542877,149.1650841,99.97200000000001,-0.09921751567857374,20.05,0.03
160.624,3,-35.3542695,149.1650841,99.973,-0.0756667432758921,20.06,0.03
160.724,3,-35.3542513,149.1650841,99.977,-0.04107114810879655,20.07,0.03
160.824,3,-35.3542331,149.1650842,99.98,-0.002982758910101608,20.07,0.03
160.924,3,-35.3542151,149.1650842,99.98,0.007665867650791104,20.07,0.03
161.024,3,-35.3541971,149.1650842,99.97800000000001,-0.0032542545523521513,20.07,0.03
161.124,3,-35.354179099999996,149.1650843,99.976,-0.06372101589191086,20.06,0.03
161.224,3,-35.3541612,149.1650843,99.976,-0.10860722485855621,20.06,0.03
161.324,3,-35.3541433,149.1650843,99.97800000000001,-0.10247747692401356,20.05,0.03
161.424,3,-35.3541253,149.1650843,99.98400000000001,-0.11240827849252119,20.05,0.03
161.524,3,-35.3541075,149.16508439999998,99.99000000000001,-0.12835805086497035,20.04,0.03
161.624,3,-35.3540896,149.16508439999998,99.997,-0.13053162516619468,20.03,0.03
161.724,3,-35.3540717,149.16508439999998,100.003,-0.1729208196919252,20.02,0.03
161.824,3,-35.354053799999996,149.1650845,100.008,-0.201519088551033,20.01,0.03
161.924,3,-35.3540359,149.1650845,100.01,-0.2577588261562783,20.0,0.03
162.024,3,-35.354017999999996,149.1650845,100.01,-0.26691047923130207,20.0,0.02
162.125,3,-35.3540001,149.1650845,100.006,-0.2806200029168399,20.0,0.02
162.225,3,-35.353982099999996,149.1650846,99.999,-0.27106107313212774,19.990000000000002,0.02
162.32500000000002,3,-35.353964,149.1650846,99.99000000000001,-0.2662830890034394,20.0,0.01
162.425,3,-35.3539459,149.1650846,99.982,-0.27511876578807065,20.01,0.01
162.524,3,-35.3539277,149.1650846,99.979,-0.2757666999442963,20.02,0.0
162.624,3,-35.3539096,149.1650846,99.97800000000001,-0.2594075964693224,20.02,0.0
162.724,3,-35.353891399999995,149.1650846,99.979,-0.2137661513413948,20.03,0.0
162.824,3,-35.353873199999995,149.1650846,99.982,-0.19135964906810185,20.04,0.0
162.924,3,-35.353854999999996,149.1650846,99.989,-0.11947643038600013,20.04,0.0
163.024,3,-35.3538369,149.1650846,99.996,-0.08550832549836644,20.05,0.01
163.124,3,-35.3538189,149.1650846,100.003,-0.09744792972447848,20.04,0.0
163.224,3,-35.353800899999996,149.1650846,100.009,-0.10815864017862373,20.04,0.0
163.324,3,-35.3537829,149.1650846,100.013,-0.13324998709500685,20.04,0.0
163.424,3,-35.353764999999996,149.1650846,100.016,-0.13987386986753086,20.04,0.0
163.524,3,-35.3537471,149.1650846,100.017,-0.15097974411775836,20.03,0.0
163.624,3,-35.3537292,149.1650846,100.017,-0.13870544061199588,20.03,0.0
163.724,3,-35.3537113,149.1650846,100.018,-0.0940160731615578,20.03,0.01
163.824,3,-35.3536934,149.1650847,100.018,-0.06709747054931774,20.03,0.01
163.924,3,-35.3536755,149.1650847,100.02,-0.04185385843921092,20.02,0.01
164.024,3,-35.3536576,149.1650847,100.022,0.0024824761097921037,20.02,0.01
164.124,3,-35.353639699999995,149.1650847,100.023,0.01556869584153004,20.02,0.01
164.225,3,-35.3536218,149.1650847,100.025,-0.02593327945587295,20.01,0.01
164.32500000000002,3,-35.3536036,149.1650847,100.026,-0.0622467489080327,20.02,0.0
164.425,3,-35.3535855,149.1650847,100.025,-0.05839935137333212,20.02,0.0
164.524,3,-35.3535673,149.1650847,100.022,-0.07283981869187374,20.03,0.0
164.624,3,-35.353549199999996,149.1650847,100.019,-0.07066757841197167,20.04,0.0
164.724,3,-35.353531,149.1650847,100.014,-0.07356192443361746,20.05,0.0
164.824,3,-35.3535128,149.1650847,100.008,-0.0855231731556833,20.06,0.0
164.924,3,-35.3534946,149.1650847,100.003,-0.07794860675795154,20.07,-0.01
165.024,4,-35.3534764,149.1650847,99.998,-0.06834636797101193,20.080000000000002,-0.01
165.124,4,-35.3534583,149.1650847,99.996,-0.060229481885138526,20.080000000000002,-0.01
165.224,4,-35.353440299999995,149.1650847,99.999,0.38962205806614786,20.080000000000002,-0.03
165.324,4,-35.3534223,149.1650846,100.005,2.314427102618569,20.080000000000002,-0.04
165.424,4,-35.353404399999995,149.1650846,100.015,6.707748637630163,20.06,0.0
165.524,4,-35.3533865,149.1650847,100.026,13.590324504803267,19.990000000000002,0.2
165.624,4,-35.3533687,149.165085,100.037,21.893034157979066,19.87,0.5700000000000001
165.724,4,-35.353350999999996,149.165086,100.039,30.316013197155037,19.72,1.09
165.824,4,-35.3533335,149.1650875,100.027,37.476967938103996,19.55,1.69
165.924,4,-35.3533161,149.1650898,99.994,42.511831639495135,19.37,2.37
166.024,5,-35.3532989,149.1650929,99.94800000000001,45.28367608394264,19.17,3.15
166.124,5,-35.3532819,149.16509689999998,99.904,46.23647039768649,18.93,4.03
166.224,5,-35.3532651,149.1651019,99.876,45.94372507476516,18.61,4.99
166.32500000000002,5,-35.3532485,149.1651081,99.878,45.126451959438114,18.2,5.96
166.425,5,-35.353232399999996,149.1651153,99.914,44.332606392964216,17.72,6.88
166.525,5,-35.353216599999996,149.1651235,99.991,43.80323941153154,17.19,7.73
166.624,5,-35.353201399999996,149.1651326,100.095,43.63290473891518,16.66,8.46
166.724,5,-35.3531865,149.1651425,100.22,43.76266808786167,16.15,9.1
166.824,5,-35.3531721,149.1651531,100.352,44.0461209384172,15.67,9.65
166.924,5,-35.3531581,149.1651642,100.47800000000001,44.33763341219334,15.23,10.120000000000001
167.024,5,-35.3531445,149.1651757,100.59100000000001,44.54774710653586,14.82,10.540000000000001
167.124,5,-35.3531313,149.1651876,100.687,44.64903198173798,14.43,10.91
167.224,5,-35.3531185,149.1651999,100.761,44.71014851443125,14.05,11.26
167.324,5,-35.3531061,149.1652125,100.815,44.72513053437567,13.64,11.6
167.424,5,-35.353094,149.1652254,100.85000000000001,44.707658910478784,13.19,11.94
167.524,5,-35.3530824,149.1652387,100.87,44.591504713453546,12.700000000000001,12.31
167.624,5,-35.353071299999996,149.16525239999999,100.882,44.4878565927986,12.16,12.67
167.724,5,-35.3530607,149.1652665,100.89,44.44482298593294,11.57,13.040000000000001
167.824,5,-35.353050599999996,149.165281,100.897,44.43292821149336,10.950000000000001,13.4
167.924,5,-35.3530411,149.1652958,100.907,44.44846006166597,10.32,13.74
168.024,5,-35.3530321,149.1653111,100.918,44.463623081623396,9.65,14.07
168.124,5,-35.353023799999995,149.16532669999998,100.931,44.52675793521641,8.98,14.370000000000001
168.224,5,-35.3530161,149.1653426,100.94500000000001,44.63429243350909,8.3,14.65
168.324,5,-35.3530089,149.1653588,100.959,44.707693061424635,7.61,14.9
168.425,5,-35.3530024,149.1653754,100.973,44.7595410274142,6.93,15.120000000000001
168.525,5,-35.352996399999995,149.16539229999998,100.985,44.76990583947969,6.25,15.33
168.625,5,-35.3529911,149.1654094,100.997,44.75718802724513,5.5600000000000005,15.52
168.724,5,-35.3529864,149.16542669999998,101.007,44.76076021618105,4.87,15.68
168.824,5,-35.3529822,149.1654442,101.015,44.75895704624016,4.19,15.82
168.924,5,-35.3529787,149.1654619,101.018,44.71361483543503,3.5100000000000002,15.94
169.024,5,-35.3529759,149.1654797,101.018,44.70517955181007,2.81,16.04
169.124,5,-35.3529736,149.1654975,101.016,44.70773404255965,2.09,16.11
169.224,5,-35.352972099999995,149.1655154,101.014,44.72454996829622,1.37,16.16
169.324,5,-35.3529711,149.1655332,101.011,44.70114632510518,0.65,16.17
169.424,5,-35.352970899999995,149.1655509,101.006,44.684637757881255,-0.05,16.16
169.524,5,-35.3529712,149.1655686,101.002,44.66409596395244,-0.78,16.12
169.624,5,-35.3529723,149.1655862,100.999,44.65362528395481,-1.51,16.06
169.724,5,-35.352973999999996,149.1656036,100.998,44.66843996426457,-2.24,15.96
169.824,5,-35.3529763,149.165621,100.995,44.691498682902534,-2.95,15.85
169.924,5,-35.3529791,149.1656382,100.99000000000001,44.73482598790251,-3.64,15.71
170.024,5,-35.3529827,149.1656553,100.983,44.762655593675724,-4.33,15.55
170.124,5,-35.3529869,149.1656721,100.974,44.75962981987341,-5.0200000000000005,15.370000000000001
170.224,5,-35.3529917,149.1656888,100.965,44.78290027437564,-5.71,15.17
170.324,5,-35.352997099999996,149.16570529999998,100.95400000000001,44.82371406976105,-6.390000000000001,14.94
170.425,5,-35.353003099999995,149.1657215,100.94200000000001,44.812123238739545,-7.07,14.69
170.525,5,-35.353009899999996,149.1657377,100.926,44.76269998990533,-7.75,14.43
170.625,5,-35.353017099999995,149.1657535,100.91,44.742042082760626,-8.41,14.14
170.725,5,-35.353025099999996,149.16576899999998,100.895,44.77581395311176,-9.07,13.83
170.824,5,-35.353033599999996,149.1657841,100.88,44.77719706641868,-9.72,13.51
170.924,5,-35.353042699999996,149.165799,100.86200000000001,44.79712414332219,-10.35,13.16
171.024,5,-35.3530523,149.1658133,100.842,44.84352161835409,-10.97,12.8
171.124,5,-35.3530626,149.1658273,100.819,44.81396397472086,-11.58,12.41
171.224,5,-35.3530733,149.1658409,100.796,44.7658726127748,-12.19,11.99
171.324,5,-35.3530845,149.16585379999998,100.778,44.717224590411384,-12.780000000000001,11.540000000000001
171.424,5,-35.3530963,149.16586619999998,100.763,44.71182532587249,-13.35,11.07
171.524,5,-35.353108399999996,149.1658781,100.753,44.71050026917351,-13.9,10.58
171.624,5,-35.353121099999996,149.1658894,100.744,44.74796044167644,-14.43,10.08
171.724,5,-35.3531342,149.1659001,100.73700000000001,44.78578261420539,-14.94,9.56
171.824,5,-35.353147799999995,149.1659103,100.73,44.79940201141039,-15.44,9.02
171.924,5,-35.353161799999995,149.16591979999998,100.723,44.8172117296712,-15.9,8.47
172.024,5,-35.3531762,149.1659288,100.71300000000001,44.83768522170831,-16.35,7.92
172.124,5,-35.3531909,149.16593709999998,100.70100000000001,44.830250560796756,-16.78,7.34
172.224,5,-35.3532061,149.1659448,100.69,44.863612619797685,-17.19,6.74
172.324,5,-35.3532216,149.1659518,100.68,44.85788209108404,-17.580000000000002,6.12
172.424,5,-35.3532375,149.1659582,100.668,44.829021126746156,-17.94,5.5
172.525,5,-35.353253699999996,149.16596389999998,100.655,44.81029957823115,-18.29,4.87
172.625,5,-35.3532704,149.1659689,100.641,44.77579346254424,-18.61,4.22
172.725,5,-35.3532874,149.1659732,100.623,44.7717943867852,-18.92,3.5700000000000003
172.82500000000002,5,-35.3533046,149.16597679999998,100.60600000000001,44.80757433275232,-19.2,2.92
172.924,5,-35.3533222,149.16597969999998,100.583,44.882781545703324,-19.47,2.25
173.024,5,-35.3533399,149.1659818,100.559,44.935534511757915,-19.72,1.57
173.124,5,-35.353358,149.1659832,100.532,44.92698994510623,-19.95,0.87
173.224,5,-35.3533762,149.1659838,100.505,44.92433983170827,-20.150000000000002,0.16
173.324,5,-35.3533946,149.1659836,100.479,44.8930814709717,-20.34,-0.55
173.424,5,-35.3534131,149.1659826,100.458,44.85815529865084,-20.5,-1.29
173.524,5,-35.3534316,149.1659807,100.443,44.804032879667666,-20.62,-2.02
173.624,5,-35.353450099999996,149.1659781,100.431,44.77935199110182,-20.71,-2.77
173.724,5,-35.3534687,149.1659747,100.424,44.780390179855665,-20.77,-3.5100000000000002
173.824,5,-35.3534873,149.1659705,100.419,44.78675250106753,-20.8,-4.25
173.924,5,-35.3535058,149.1659655,100.416,44.78822782192825,-20.8,-4.98
174.024,5,-35.3535244,149.16595959999998,100.412,44.79280746376675,-20.78,-5.7
174.124,5,-35.3535429,149.165953,100.409,44.821784541320525,-20.73,-6.42
174.224,5,-35.3535614,149.1659456,100.404,44.84793392055792,-20.650000000000002,-7.140000000000001
174.324,5,-35.3535798,149.1659374,100.399,44.921785340958685,-20.55,-7.86
174.424,5,-35.3535981,149.16592839999998,100.395,44.92702409605208,-20.43,-8.57
174.524,5,-35.3536163,149.1659187,100.39,44.90816935884826,-20.29,-9.28
174.625,5,-35.3536344,149.1659081,100.385,44.875616677263984,-20.12,-9.98
174.725,5,-35.3536526,149.1658966,100.372,44.88768903662198,-19.95,-10.68
174.82500000000002,5,-35.3536706,149.16588439999998,100.358,44.7817937837301,-19.75,-11.35
174.925,5,-35.353688399999996,149.1658714,100.337,44.299879541556095,-19.53,-12.040000000000001
175.024,5,-35.353705999999995,149.1658577,100.316,42.9138087627179,-19.28,-12.71
175.124,5,-35.3537234,149.16584319999998,100.295,40.0814010308999,-19.0,-13.36
175.224,5,-35.3537405,149.165828,100.287,35.40942528011153,-18.71,-13.93
175.324,5,-35.3537573,149.1658123,100.298,28.784930672048297,-18.43,-14.36
175.424,5,-35.3537739,149.16579629999998,100.331,20.6792412405761,-18.21,-14.57
175.524,5,-35.3537902,149.1657803,100.381,11.873933824872205,-18.05,-14.55
175.624,5,-35.353806399999996,149.1657644,100.426,2.8861854396915096,-17.97,-14.4
175.724,5,-35.3538225,149.16574889999998,100.447,-6.11712980038129,-17.92,-14.16
175.824,5,-35.3538385,149.16573359999998,100.429,-15.051213175809783,-17.91,-13.9
175.924,5,-35.3538546,149.16571869999999,100.36200000000001,-23.597354186099423,-17.95,-13.6
176.024,5,-35.3538707,149.1657041,100.251,-30.96329997951339,-18.05,-13.23
176.124,5,-35.3538869,149.16568999999998,100.104,-36.567658023711026,-18.240000000000002,-12.77
176.224,5,-35.3539034,149.1656765,99.936,-40.26615764794874,-18.52,-12.19
176.324,5,-35.353920099999996,149.16566369999998,99.77,-42.272874056287655,-18.89,-11.450000000000001
176.424,5,-35.3539373,149.1656518,99.623,-43.031031884348245,-19.31,-10.56
176.524,5,-35.3539548,149.165641,99.516,-43.03270186560031,-19.72,-9.55
176.624,5,-35.3539727,149.1656313,99.45100000000001,-42.59833257023877,-20.05,-8.49
176.725,5,-35.353991,149.1656228,99.436,-41.83648985512096,-20.3,-7.43
176.82500000000002,5,-35.3540093,149.1656154,99.46300000000001,-40.707538132493305,-20.45,-6.45
176.925,5,-35.3540279,149.165609,99.532,-38.98231772551271,-20.54,-5.58
177.024,5,-35.354046499999995,149.1656035,99.624,-36.508658849660456,-20.56,-4.86
177.124,5,-35.3540652,149.1655987,99.73400000000001,-33.22317734943883,-20.53,-4.3
177.224,5,-35.3540838,149.16559429999998,99.846,-29.252180498074285,-20.490000000000002,-3.94
177.324,5,-35.354102399999995,149.1655902,99.946,-24.86093747500449,-20.43,-3.74
177.424,5,-35.3541209,149.1655862,100.022,-20.47026477273039,-20.37,-3.67
177.524,5,-35.3541394,149.16558229999998,100.055,-16.49280143976914,-20.31,-3.66
177.624,5,-35.3541577,149.1655782,100.048,-13.332308986264158,-20.25,-3.69
177.724,5,-35.3541759,149.16557419999998,99.995,-11.242709939894429,-20.19,-3.7
177.824,5,-35.354194,149.1655702,99.905,-10.274681742980508,-20.14,-3.66
177.924,5,-35.354211899999996,149.1655662,99.792,-10.30670337735682,-20.1,-3.5700000000000003
178.024,5,-35.3542299,149.1655623,99.672,-11.02054523053507,-20.080000000000002,-3.42
178.124,5,-35.354247799999996,149.1655587,99.563,-12.174877082344844,-20.06,-3.2
178.224,5,-35.3542656,149.1655553,99.47500000000001,-13.437964328761439,-20.04,-2.94
178.324,5,-35.3542835,149.1655523,99.417,-14.53543144063627,-20.01,-2.65
178.424,5,-35.354301299999996,149.1655495,99.388,-15.291290910041146,-19.97,-2.35
178.524,5,-35.3543191,149.1655471,99.383,-15.587948223809603,-19.93,-2.08
178.624,5,-35.3543368,149.1655449,99.392,-15.351302659636172,-19.89,-1.84
178.724,5,-35.3543546,149.16554299999999,99.405,-14.570555688443061,-19.86,-1.6400000000000001
178.82500000000002,5,-35.354372399999995,149.1655413,99.417,-13.387957098753189,-19.830000000000002,-1.49
178.925,5,-35.3543903,149.1655396,99.421,-11.97954477113988,-19.82,-1.37
179.025,5,-35.3544082,149.1655381,99.415,-10.531423431239409,-19.81,-1.28
179.124,5,-35.3544261,149.1655367,99.397,-9.170708875921237,-19.82,-1.21
179.224,5,-35.354444,149.1655353,99.37,-8.076706377502894,-19.82,-1.1400000000000001
179.324,5,-35.354462,149.16553399999998,99.33500000000001,-7.237569826642638,-19.830000000000002,-1.08
179.424,5,-35.354479999999995,149.1655328,99.296,-6.692411020962077,-19.85,-1.01
179.524,5,-35.354498,149.1655317,99.258,-6.38350333603038,-19.86,-0.93
179.624,5,-35.354515899999996,149.16553059999998,99.227,-6.192495815230504,-19.87,-0.8300000000000001
179.724,5,-35.3545338,149.16552969999998,99.208,-6.094952603033082,-19.86,-0.74
179.824,5,-35.3545516,149.1655289,99.20100000000001,-6.0652105442922615,-19.85,-0.65
179.924,5,-35.3545693,149.1655281,99.20400000000001,-5.93660064354186,-19.830000000000002,-0.5700000000000001
180.024,5,-35.354586999999995,149.1655275,99.21300000000001,-5.719966679862919,-19.81,-0.49
180.124,5,-35.3546046,149.1655269,99.227,-5.38744873851778,-19.8,-0.42
180.224,5,-35.354622299999996,149.1655264,99.239,-4.969737847655073,-19.79,-0.37
180.324,5,-35.354639899999995,149.165526,99.245,-4.471765830742368,-19.78,-0.33
180.424,5,-35.354657599999996,149.1655256,99.246,-3.958992367011423,-19.78,-0.29
180.524,5,-35.354675199999996,149.1655252,99.239,-3.5318523999995124,-19.78,-0.26
180.624,5,-35.354692899999996,149.16552489999998,99.223,-3.1751880323910857,-19.79,-0.22
180.72400000000002,5,-35.354710499999996,149.1655246,99.20400000000001,-2.872243529491633,-19.79,-0.19
180.82500000000002,5,-35.3547282,149.16552439999998,99.186,-2.647472249190268,-19.8,-0.15
180.925,5,-35.354746299999995,149.1655242,99.173,-2.5063899961286005,-19.81,-0.11
181.025,5,-35.3547641,149.165524,99.166,-2.3405822448280746,-19.82,-0.08
181.125,5,-35.3547821,149.16552389999998,99.169,-2.1199342643512824,-19.830000000000002,-0.05
181.22400000000002,5,-35.3548001,149.1655238,99.177,-1.897822702401403,-19.84,-0.03
181.324,5,-35.354818099999996,149.1655237,99.191,-1.6469754673962222,-19.85,-0.01
181.424,5,-35.3548361,149.1655237,99.208,-1.4269076261120577,-19.86,0.0
181.524,5,-35.3548541,149.1655237,99.227,-1.2373772404419026,-19.86,0.01
181.624,5,-35.3548721,149.1655237,99.247,-1.023721986293028,-19.87,0.02
181.72400000000002,5,-35.354889899999996,149.1655237,99.264,-0.8373932517963165,-19.87,0.03
181.824,5,-35.3549078,149.1655237,99.278,-0.7118709167158783,-19.87,0.04
181.924,5,-35.3549255,149.1655237,99.289,-0.6206787665903638,-19.87,0.05
182.024,5,-35.354943299999995,149.1655237,99.297,-0.49959333306693643,-19.87,0.05
182.124,5,-35.354960999999996,149.1655237,99.303,-0.3908321221271508,-19.86,0.06
182.22400000000002,5,-35.3549788,149.1655238,99.309,-0.28123605396346335,-19.86,0.06
182.324,5,-35.3549965,149.16552389999998,99.316,-0.17779880205893078,-19.85,0.06
182.424,5,-35.3550142,149.16552389999998,99.32300000000001,-0.1287732650015263,-19.84,0.07
182.524,5,-35.3550319,149.165524,99.32900000000001,-0.10959470079183213,-19.84,0.07
182.624,5,-35.355049699999995,149.1655241,99.33500000000001,-0.07071439589027667,-19.84,0.07
182.72400000000002,5,-35.355067399999996,149.1655242,99.34100000000001,-0.009534736474269523,-19.84,0.08
182.824,5,-35.3550852,149.1655243,99.348,0.041247469042014026,-19.84,0.07
182.925,5,-35.3551029,149.16552439999998,99.354,0.08444763180481785,-19.84,0.07
183.025,5,-35.355120899999996,149.1655245,99.36,0.1291194035140152,-19.84,0.06
183.125,5,-35.3551388,149.1655246,99.366,0.20327053848525206,-19.86,0.06
183.225,5,-35.355156799999996,149.1655247,99.374,0.2860765503313132,-19.87,0.06
183.324,5,-35.3551749,149.1655248,99.381,0.3491454232297267,-19.88,0.06
183.424,5,-35.3551929,149.16552489999998,99.39,0.34834543732318896,-19.89,0.06
183.524,5,-35.355211,149.165525,99.4,0.3397788326392591,-19.91,0.06
183.624,5,-35.355229099999995,149.1655251,99.412,0.31887004944468983,-19.92,0.06
183.72400000000002,5,-35.3552472,149.1655252,99.427,0.31082888907917494,-19.93,0.06
183.824,5,-35.3552653,149.16552529999998,99.444,0.28810346232836737,-19.94,0.06
183.924,5,-35.355283199999995,149.1655254,99.462,0.27460615475477596,-19.95,0.06
184.024,5,-35.3553012,149.1655256,99.479,0.2791675471815809,-19.95,0.06
184.124,5,-35.355319,149.1655257,99.495,0.273760091751767,-19.94,0.06
184.22400000000002,5,-35.3553369,149.16552579999998,99.51,0.3003672003852575,-19.94,0.06
184.324,5,-35.3553547,149.1655259,99.522,0.42651295031001807,-19.93,0.06
184.424,5,-35.3553725,149.165526,99.532,0.5403968298077397,-19.93,0.05
184.524,5,-35.355390299999996,149.1655262,99.539,0.61621449091582,-19.92,0.04
184.624,5,-35.3554081,149.1655262,99.547,0.6688486757118787,-19.92,0.03
184.72400000000002,5,-35.355426,149.16552629999998,99.556,0.6720445105523571,-19.92,0.02
184.824,5,-35.355443799999996,149.1655264,99.565,0.6619892981553347,-19.92,0.02
184.924,5,-35.3554616,149.1655265,99.57300000000001,0.6544868689606046,-19.91,0.02
185.025,5,-35.3554794,149.1655266,99.57900000000001,0.6149789737279882,-19.91,0.02
185.125,5,-35.3554976,149.1655267,99.586,0.5793653001784839,-19.91,0.01
185.225,5,-35.3555156,149.16552679999998,99.593,0.5864509811121374,-19.91,0.01
185.32500000000002,5,-35.355533699999995,149.1655269,99.60300000000001,0.5601711345894258,-19.92,0.0
185.424,5,-35.3555517,149.1655269,99.617,0.5624332078651694,-19.93,0.0
185.524,5,-35.3555698,149.165527,99.634,0.6081578025421139,-19.93,-0.01
185.624,5,-35.355587899999996,149.165527,99.652,0.6523841311915928,-19.94,-0.01
185.72400000000002,5,-35.355606,149.1655271,99.67,0.6575795039115924,-19.95,-0.02
185.824,5,-35.3556241,149.1655271,99.686,0.6432663088973017,-19.95,-0.03
185.924,5,-35.355641999999996,149.16552719999999,99.697,0.6227030105447734,-19.95,-0.04
186.024,5,-35.35566,149.16552729999998,99.70400000000001,0.561221382896021,-19.95,-0.04
186.124,5,-35.355677799999995,149.16552729999998,99.70700000000001,0.502151825880488,-19.95,-0.04
186.22400000000002,5,-35.3556957,149.16552729999998,99.705,0.4485406038680001,-19.95,-0.04
186.324,5,-35.3557135,149.16552729999998,99.70400000000001,0.3810991025598826,-19.94,-0.04
186.424,5,-35.355731299999995,149.16552729999998,99.706,0.31772017642574757,-19.95,-0.04
186.524,5,-35.3557491,149.16552729999998,99.71000000000001,0.28988328689611104,-19.94,-0.05
186.624,5,-35.355767,149.16552729999998,99.71600000000001,0.3257474896499373,-19.94,-0.05
186.72400000000002,5,-35.355784799999995,149.16552729999998,99.72500000000001,0.3256109125469635,-19.94,-0.05
186.824,5,-35.3558026,149.16552729999998,99.73400000000001,0.28465045485738216,-19.94,-0.05
186.924,5,-35.3558205,149.16552729999998,99.744,0.2553552132182421,-19.93,-0.05
187.024,5,-35.355838299999995,149.1655274,99.753,0.23320661728718325,-19.93,-0.04
187.125,5,-35.3558561,149.1655274,99.763,0.24067649636165,-19.92,-0.03
187.225,5,-35.3558741,149.1655274,99.773,0.2948124956818917,-19.92,-0.03
187.32500000000002,5,-35.3558922,149.1655275,99.78,0.33207203137795754,-19.93,-0.04
187.425,5,-35.3559102,149.1655275,99.787,0.3525638261876123,-19.94,-0.04
187.524,5,-35.355928299999995,149.1655275,99.794,0.3866659201768546,-19.95,-0.04
187.624,5,-35.3559464,149.1655275,99.799,0.3867134913772067,-19.96,-0.05
187.72400000000002,5,-35.3559646,149.1655275,99.802,0.375954049124159,-19.97,-0.05
187.824,5,-35.3559827,149.1655275,99.805,0.35800119037547135,-19.990000000000002,-0.05
187.924,5,-35.3560008,149.1655275,99.807,0.30009567368532303,-20.0,-0.05
188.024,5,-35.356018999999996,149.1655276,99.811,0.2722530745444272,-20.01,-0.05
188.124,5,-35.356037,149.1655276,99.81700000000001,0.3104049104225317,-20.01,-0.05
188.22400000000002,5,-35.356055,149.1655276,99.82300000000001,0.3313925609576735,-20.01,-0.05
188.324,5,-35.3560729,149.1655276,99.83,0.3530496500727559,-20.0,-0.04
188.424,5,-35.3560908,149.1655276,99.837,0.325726865680295,-20.0,-0.04
188.524,5,-35.3561086,149.1655276,99.845,0.29885207232827826,-19.990000000000002,-0.04
188.624,5,-35.356126499999995,149.1655276,99.85300000000001,0.26838105097611753,-19.990000000000002,-0.04
188.72400000000002,5,-35.3561444,149.1655276,99.86200000000001,0.25400171518466885,-19.98,-0.05
188.824,5,-35.3561622,149.1655276,99.868,0.2882598629881901,-19.98,-0.06
188.924,5,-35.356180099999996,149.1655276,99.87,0.3731150116265344,-19.98,-0.06
189.024,5,-35.3561979,149.1655276,99.87,0.4550719722618248,-19.98,-0.07
189.124,5,-35.3562158,149.1655276,99.868,0.48219561395129745,-19.98,-0.08
189.225,5,-35.3562339,149.1655276,99.86500000000001,0.4870893911307587,-19.98,-0.09
189.32500000000002,5,-35.3562519,149.1655276,99.863,0.444419518518823,-19.990000000000002,-0.09
189.425,5,-35.356269999999995,149.1655275,99.861,0.35511724972013925,-20.0,-0.08
189.524,5,-35.3562881,149.1655275,99.861,0.22354434087063496,-20.0,-0.08
189.624,5,-35.3563062,149.1655274,99.864,0.07857308214922508,-20.01,-0.08
189.72400000000002,5,-35.3563244,149.1655274,99.869,-0.031760736491263,-20.02,-0.07
189.824,5,-35.3563426,149.1655274,99.872,-0.09961904275636323,-20.02,-0.06
189.924,5,-35.356360699999996,149.1655274,99.876,-0.09964089402562197,-20.03,-0.05
190.024,5,-35.356378899999996,149.1655274,99.883,-0.03332734776612187,-20.04,-0.05
190.124,5,-35.3563969,149.1655274,99.892,0.03654493048920653,-20.04,-0.05
190.22400000000002,5,-35.3564149,149.1655274,99.903,0.10207457580426214,-20.04,-0.06
190.324,5,-35.3564328,149.1655274,99.913,0.1539742751407065,-20.03,-0.06
190.424,5,-35.356450699999996,149.16552729999998,99.922,0.20614824926100916,-20.02,-0.06
190.524,5,-35.3564686,149.16552729999998,99.93,0.25645780852152317,-20.02,-0.06
190.624,5,-35.356486499999995,149.16552729999998,99.935,0.29424204148406347,-20.01,-0.06
190.72400000000002,5,-35.3565043,149.16552729999998,99.93900000000001,0.30551505526575795,-20.0,-0.07
190.824,5,-35.3565222,149.16552719999999,99.944,0.298997453971979,-19.990000000000002,-0.07
190.924,5,-35.356539999999995,149.16552719999999,99.947,0.2615618541418003,-19.990000000000002,-0.07
191.024,5,-35.3565579,149.16552719999999,99.946,0.17861639704692245,-19.98,-0.07
191.124,5,-35.3565758,149.16552719999999,99.943,0.10387260309294816,-19.98,-0.06
191.22400000000002,5,-35.3565936,149.1655271,99.938,0.09509840468095358,-19.98,-0.06
191.32500000000002,5,-35.356611699999995,149.1655271,99.933,0.08278395380349744,-19.98,-0.06
191.425,5,-35.3566295,149.1655271,99.93,0.06413828442130311,-19.98,-0.06
191.525,5,-35.356647599999995,149.1655271,99.93,0.05518589077613326,-19.990000000000002,-0.05
191.624,5,-35.3566657,149.165527,99.934,0.07325681374689491,-19.990000000000002,-0.05
191.72400000000002,5,-35.3566838,149.165527,99.93900000000001,0.10553504045443886,-20.0,-0.05
191.824,5,-35.3567019,149.165527,99.943,0.15703345283693174,-20.01,-0.05
191.924,5,-35.3567201,149.165527,99.946,0.1926624542914289,-20.02,-0.05
192.024,5,-35.356738299999996,149.165527,99.949,0.1941409768033251,-20.03,-0.05
192.124,5,-35.3567563,149.1655269,99.952,0.17605853122339235,-20.02,-0.05
192.22400000000002,5,-35.3567743,149.1655269,99.95400000000001,0.18209868628593148,-20.02,-0.05
192.324,5,-35.3567922,149.1655269,99.955,0.16046404874970285,-20.02,-0.04
192.424,5,-35.3568102,149.1655269,99.95700000000001,0.1809954906730554,-20.02,-0.05
192.524,5,-35.3568281,149.1655269,99.961,0.18801097540473122,-20.01,-0.05
192.624,5,-35.356846,149.16552679999998,99.965,0.15980278772046777,-20.01,-0.05
192.72400000000002,5,-35.3568638,149.16552679999998,99.96900000000001,0.16395674335502558,-20.0,-0.05
192.824,5,-35.356881699999995,149.16552679999998,99.97200000000001,0.15139108959247974,-20.0,-0.05
192.924,5,-35.3568996,149.1655267,99.974,0.15499781634042992,-19.990000000000002,-0.05
193.024,5,-35.3569175,149.1655267,99.974,0.18446438633798887,-19.990000000000002,-0.06
193.124,5,-35.3569354,149.1655267,99.97,0.22218972225915104,-19.990000000000002,-0.06
193.22400000000002,5,-35.3569533,149.1655267,99.965,0.24490577084006307,-19.990000000000002,-0.06
193.32500000000002,5,-35.3569712,149.1655266,99.959,0.19186797789295212,-19.990000000000002,-0.06
193.425,5,-35.356989299999995,149.1655266,99.952,0.10109328305981494,-19.98,-0.05
193.525,5,-35.3570073,149.1655266,99.946,0.04600407547901306,-19.990000000000002,-0.05
193.625,5,-35.3570254,149.1655265,99.94,0.056530520902966716,-20.0,-0.05
193.72400000000002,5,-35.3570436,149.1655265,99.938,0.08194588825831556,-20.01,-0.05
193.824,5,-35.357061699999996,149.1655265,99.938,0.08545979380266233,-20.02,-0.05
193.924,5,-35.357079899999995,149.1655265,99.94200000000001,0.0941254095491309,-20.03,-0.05
194.024,5,-35.3570981,149.1655264,99.947,0.08768189979959078,-20.04,-0.05
194.124,5,-35.3571163,149.1655264,99.95400000000001,0.0682947146654137,-20.05,-0.05
194.22400000000002,5,-35.3571344,149.1655264,99.96000000000001,0.06250896413913772,-20.05,-0.05
194.324,5,-35.3571525,149.1655264,99.96600000000001,0.05809087895287745,-20.05,-0.05
194.424,5,-35.357170499999995,149.16552629999998,99.97200000000001,0.04448848384962433,-20.05,-0.05
194.524,5,-35.3571884,149.16552629999998,99.97500000000001,0.05958374886409464,-20.05,-0.04
194.624,5,-35.357206399999995,149.16552629999998,99.97500000000001,0.029264098911371692,-20.05,-0.04
194.72400000000002,5,-35.3572243,149.16552629999998,99.974,0.005502606168151232,-20.04,-0.03
194.824,5,-35.3572422,149.16552629999998,99.971,0.020057564199149856,-20.04,-0.03
194.924,5,-35.3572601,149.16552629999998,99.967,0.014533020050353925,-20.03,-0.03
195.024,5,-35.3572779,149.16552629999998,99.96300000000001,-0.0025625048826782948,-20.03,-0.03
195.124,5,-35.357295799999996,149.16552629999998,99.96000000000001,0.01982580133977891,-20.03,-0.03
195.22400000000002,5,-35.3573137,149.16552629999998,99.95700000000001,0.0764318912155988,-20.02,-0.03
195.324,5,-35.357331599999995,149.16552629999998,99.95400000000001,0.09038698154613978,-20.02,-0.03
195.425,5,-35.3573496,149.16552629999998,99.95400000000001,0.058219558649623436,-20.02,-0.03
195.525,5,-35.3573678,149.16552629999998,99.955,0.05221878389651766,-20.02,-0.03
195.625,5,-35.357385799999996,149.16552629999998,99.958,0.050047737565699024,-20.03,-0.03
195.725,5,-35.357403999999995,149.16552629999998,99.961,0.0927845780480126,-20.04,-0.04
195.824,5,-35.3574221,149.16552629999998,99.965,0.11656134033279307,-20.04,-0.04
195.924,5,-35.3574403,149.16552629999998,99.968,0.09214545510262055,-20.05,-0.03
196.024,5,-35.3574585,149.16552629999998,99.971,0.09432132392051919,-20.05,-0.03
196.124,5,-35.3574767,149.16552629999998,99.973,0.049113098881944844,-20.06,-0.03
196.22400000000002,5,-35.3574948,149.16552629999998,99.973,0.01580954171857898,-20.07,-0.02
196.324,5,-35.357512899999996,149.16552629999998,99.97,0.028660320860913142,-20.07,-0.02
196.424,5,-35.3575309,149.16552629999998,99.968,0.09357748697143571,-20.07,-0.01
196.524,5,-35.357548799999996,149.16552629999998,99.967,0.15732693752783072,-20.06,-0.02
196.624,5,-35.3575667,149.16552629999998,99.967,0.2082695966274667,-20.06,-0.02
196.72400000000002,5,-35.357584599999996,149.16552629999998,99.96900000000001,0.22407150607655565,-20.06,-0.03
196.824,5,-35.3576025,149.16552629999998,99.97200000000001,0.22013718371249608,-20.05,-0.03
196.924,5,-35.3576204,149.16552629999998,99.974,0.20153628408587707,-20.04,-0.03
197.024,5,-35.3576383,149.16552629999998,99.976,0.22492474611427835,-20.04,-0.03
197.124,5,-35.3576562,149.16552629999998,99.97800000000001,0.27923334111319514,-20.04,-0.03
197.22400000000002,5,-35.3576741,149.16552629999998,99.97800000000001,0.28823024771483574,-20.03,-0.04
197.324,5,-35.357692,149.16552629999998,99.97800000000001,0.2538261579786584,-20.03,-0.04
197.424,5,-35.357709899999996,149.16552629999998,99.979,0.264286059084004,-20.03,-0.04
197.525,5,-35.3577279,149.16552629999998,99.98100000000001,0.23205541024691875,-20.02,-0.05
197.625,5,-35.3577459,149.16552629999998,99.983,0.20266785433227777,-20.02,-0.05
197.725,5,-35.357763999999996,149.1655262,99.98700000000001,0.15898504599013066,-20.03,-0.05
197.82500000000002,5,-35.3577821,149.1655262,99.991,0.11689095032109907,-20.03,-0.05
197.924,5,-35.3578003,149.1655262,99.993,0.11088371223468692,-20.03,-0.06
198.024,5,-35.3578184,149.1655262,99.994,0.09049517067537573,-20.04,-0.06
198.124,5,-35.3578367,149.1655261,99.995,0.043942588984339,-20.04,-0.07
198.22400000000002,5,-35.3578548,149.1655261,99.996,0.014076529626560346,-20.04,-0.06
198.324,5,-35.357873,149.1655261,99.995,-0.03787271192673974,-20.05,-0.06
198.424,5,-35.3578912,149.1655261,99.994,-0.14388497849890017,-20.05,-0.05
198.524,5,-35.3579092,149.165526,99.992,-0.18843884940363548,-20.05,-0.04
198.624,5,-35.3579272,149.165526,99.991,-0.19165018557187863,-20.05,-0.04
198.72400000000002,5,-35.357945099999995,149.165526,99.992,-0.2016238359052575,-20.04,-0.03
198.824,5,-35.3579631,149.165526,99.995,-0.1751449800816899,-20.03,-0.03
198.924,5,-35.357980999999995,149.1655261,100.001,-0.2115155506490227,-20.02,-0.02
199.024,5,-35.3579988,149.1655261,100.008,-0.21127095783958486,-20.02,-0.02
199.124,5,-35.3580167,149.1655261,100.014,-0.15070230770336626,-20.01,-0.02
199.22400000000002,5,-35.358034599999996,149.1655261,100.019,-0.047228623676522544,-20.0,-0.03
199.324,5,-35.3580524,149.1655261,100.022,0.05759272871071609,-20.0,-0.03
199.424,5,-35.3580703,149.1655261,100.024,0.11707443161376384,-19.990000000000002,-0.03
199.524,5,-35.3580882,149.1655261,100.024,0.15155836252607893,-19.990000000000002,-0.03
199.625,5,-35.3581061,149.1655261,100.02,0.17228926731753702,-19.990000000000002,-0.03
199.725,5,-35.3581243,149.1655261,100.013,0.18608195389230506,-20.0,-0.03
199.82500000000002,5,-35.3581423,149.1655261,100.004,0.18458081971899643,-20.02,-0.04
199.924,5,-35.3581605,149.1655261,99.993,0.14268317202988207,-20.03,-0.04
200.024,5,-35.358178599999995,149.1655261,99.985,0.14645040822332756,-20.04,-0.04
200.124,5,-35.358196899999996,149.1655261,99.98,0.12227237899491543,-20.06,-0.04
200.22400000000002,5,-35.358215,149.1655261,99.98,0.09051169252945201,-20.07,-0.05
200.324,5,-35.358233299999995,149.1655261,99.985,0.04469350958664372,-20.080000000000002,-0.04
200.424,5,-35.3582514,149.165526,99.993,-0.0006313439335565668,-20.080000000000002,-0.04
200.524,5,-35.3582695,149.165526,100.002,-0.03375581873956786,-20.080000000000002,-0.04
200.624,5,-35.358287499999996,149.165526,100.011,-0.034720723032070994,-20.07,-0.04
200.72400000000002,5,-35.3583055,149.165526,100.018,-0.0004085944726258586,-20.06,-0.04
200.824,5,-35.358323399999996,149.165526,100.024,0.039361473052284345,-20.05,-0.04
200.924,5,-35.3583413,149.1655259,100.027,0.03742212287977054,-20.05,-0.05
201.024,5,-35.358359199999995,149.1655259,100.028,-0.01011600208115147,-20.04,-0.05
201.124,5,-35.3583771,149.1655259,100.024,-0.05840203275618988,-20.03,-0.05
201.22400000000002,5,-35.358395,149.16552579999998,100.014,-0.11016716269175043,-20.02,-0.04
201.324,5,-35.3584129,149.16552579999998,100.004,-0.15027670154070985,-20.02,-0.04
201.424,5,-35.3584307,149.16552579999998,99.995,-0.18433753425045438,-20.02,-0.03
201.524,5,-35.358448599999996,149.16552579999998,99.98700000000001,-0.1752490204046136,-20.01,-0.02
201.624,5,-35.3584665,149.16552579999998,99.98100000000001,-0.13754944443518444,-20.01,-0.02
201.725,5,-35.3584846,149.16552579999998,99.977,-0.09038019137760944,-20.01,-0.01
201.82500000000002,5,-35.3585025,149.16552579999998,99.973,-0.051338073024716165,-20.01,-0.01
201.925,5,-35.3585206,149.1655259,99.974,-3.2574231005160256e-05,-20.02,-0.02
202.024,5,-35.3585387,149.1655259,99.979,0.022807042175303945,-20.02,-0.02
202.124,5,-35.358556899999996,149.1655259,99.98700000000001,0.0532586801976521,-20.03,-0.02
202.22400000000002,5,-35.358575,149.1655259,99.995,0.11819475606041782,-20.03,-0.02
202.324,5,-35.3585932,149.1655259,99.998,0.11849213609357782,-20.04,-0.02
202.424,5,-35.3586114,149.1655259,99.999,0.13173595293551188,-20.04,-0.02
202.524,5,-35.3586294,149.1655259,100.0,0.11670373376873197,-20.04,-0.03
202.624,5,-35.3586475,149.1655259,99.998,0.12644104888465785,-20.05,-0.03
202.72400000000002,5,-35.3586654,149.1655259,99.996,0.1406120372259947,-20.04,-0.02
202.824,5,-35.3586834,149.1655259,99.994,0.13868959243868734,-20.04,-0.02
202.924,5,-35.3587013,149.1655259,99.992,0.12256653069647555,-20.04,-0.02
203.024,5,-35.358719199999996,149.1655259,99.992,0.10067437368419631,-20.04,-0.01
203.124,5,-35.3587371,149.1655259,99.993,0.07529135634591247,-20.03,0.0
203.22400000000002,5,-35.358755099999996,149.1655259,99.995,0.053855824827085674,-20.02,0.0
203.324,5,-35.358773,149.1655259,99.997,0.08151201116346107,-20.01,0.0
203.424,5,-35.358790899999995,149.1655259,100.0,0.1070985267843503,-20.0,0.0
203.524,5,-35.3588088,149.1655259,100.002,0.12780300461341426,-20.0,0.0
203.624,5,-35.3588267,149.1655259,100.004,0.18867537138407361,-20.0,0.0
203.72400000000002,5,-35.3588446,149.1655259,100.004,0.20610766833238578,-20.0,0.0
203.82500000000002,5,-35.358862699999996,149.165526,100.001,0.21971580639743124,-20.0,0.0
203.925,5,-35.3588808,149.165526,99.995,0.2289899893309053,-20.01,0.0
204.025,5,-35.3588989,149.165526,99.989,0.24271045199128577,-20.02,0.0
204.124,5,-35.3589171,149.165526,99.985,0.2756636601373643,-20.04,0.0
204.22400000000002,5,-35.3589352,149.165526,99.982,0.3454227833690846,-20.05,-0.01
204.324,5,-35.3589535,149.1655261,99.982,0.36062392965590334,-20.06,-0.01
204.424,5,-35.3589717,149.1655261,99.983,0.37408273737413417,-20.07,-0.01
204.524,5,-35.3589899,149.1655261,99.98400000000001,0.3529535471766997,-20.09,-0.02
204.624,5,-35.3590081,149.1655261,99.986,0.3108207515491091,-20.1,-0.02
204.72400000000002,5,-35.359026199999995,149.1655261,99.98700000000001,0.31884299549227424,-20.1,-0.03
204.824,5,-35.3590443,149.1655261,99.988,0.2903457920885414,-20.1,-0.04
204.924,5,-35.3590623,149.165526,99.991,0.24291549106851837,-20.1,-0.04
205.024,5,-35.3590802,149.165526,99.995,0.21143788392764026,-20.1,-0.05
205.124,5,-35.3590982,149.1655261,100.0,0.1580325547660312,-20.09,-0.05
205.22400000000002,5,-35.3591161,149.1655261,100.003,0.0793500561879537,-20.080000000000002,-0.04
205.324,5,-35.3591341,149.1655261,100.004,0.009961037161776848,-20.07,-0.04
205.424,5,-35.359152,149.1655261,100.003,-0.03952629805675718,-20.07,-0.04
205.524,5,-35.3591699,149.1655261,100.002,-0.035924920734309286,-20.06,-0.04
205.624,5,-35.3591878,149.165526,100.001,-0.0012755285518828749,-20.05,-0.04
205.72400000000002,5,-35.3592058,149.165526,100.0,0.006310371503406115,-20.05,-0.04
205.82500000000002,5,-35.3592237,149.165526,100.0,0.023568454855308306,-20.04,-0.03
205.925,5,-35.359242,149.1655261,100.0,0.0017047154153650105,-20.04,-0.03
206.025,5,-35.35926,149.1655261,100.0,-0.007679370447862437,-20.04,-0.02
206.125,5,-35.3592782,149.1655261,100.001,-0.019843070245795673,-20.04,-0.02
206.22400000000002,5,-35.3592964,149.1655261,100.002,0.0012625136105779123,-20.04,-0.02
206.324,5,-35.3593146,149.1655261,100.003,0.08202505575368556,-20.05,-0.03
206.424,5,-35.359332699999996,149.1655261,100.005,0.15923433455462288,-20.05,-0.04
206.524,5,-35.359350899999995,149.1655261,100.009,0.15809652108843397,-20.05,-0.04
206.624,5,-35.359369099999995,149.1655261,100.014,0.19687213199661782,-20.06,-0.04
206.72400000000002,5,-35.3593871,149.1655261,100.021,0.22725282676504777,-20.05,-0.04
206.824,5,-35.3594051,149.165526,100.028,0.23296676025343946,-20.05,-0.05
206.924,5,-35.359423,149.165526,100.034,0.19919416953079738,-20.04,-0.05
207.024,5,-35.359440899999996,149.165526,100.038,0.14358437013414027,-20.03,-0.05
207.124,5,-35.3594588,149.165526,100.039,0.06633288956867299,-20.02,-0.04
207.22400000000002,5,-35.3594767,149.165526,100.038,-0.022201141363416336,-20.02,-0.04
207.324,5,-35.3594945,149.165526,100.037,-0.1189825890327097,-20.01,-0.03
207.424,5,-35.3595124,149.165526,100.035,-0.14374393242449676,-20.01,-0.02
207.524,5,-35.359530299999996,149.165526,100.033,-0.13580819976408076,-20.0,-0.02
207.624,5,-35.3595481,149.165526,100.033,-0.11736177980658039,-20.0,-0.02
207.72400000000002,5,-35.359566,149.165526,100.032,-0.06038384816244478,-20.0,-0.01
207.824,5,-35.3595839,149.165526,100.03,-0.027069313671123297,-20.0,-0.01
207.925,5,-35.3596018,149.165526,100.029,0.031118862126893777,-20.0,-0.01
208.025,5,-35.3596199,149.165526,100.028,0.09050522252603901,-20.0,-0.01
208.125,5,-35.359638,149.1655261,100.029,0.1424905126705201,-20.01,-0.01
208.225,5,-35.359656,149.1655261,100.029,0.19309562435498256,-20.01,-0.02
208.324,5,-35.3596742,149.1655261,100.028,0.23129245677228719,-20.02,-0.02
208.424,5,-35.3596923,149.1655261,100.027,0.23287375228685092,-20.03,-0.03
208.524,5,-35.3597105,149.1655261,100.025,0.25006536510819943,-20.05,-0.03
208.624,5,-35.3597287,149.1655261,100.02,0.2598737835606022,-20.05,-0.03
208.72400000000002,5,-35.3597469,149.1655261,100.015,0.24866117426438003,-20.07,-0.03
208.824,5,-35.3597651,149.1655261,100.01,0.23270769331265498,-20.080000000000002,-0.02
208.924,5,-35.359783199999995,149.1655261,100.005,0.2209855545723925,-20.07,-0.02
209.024,5,-35.3598012,149.1655261,100.0,0.17866032636906473,-20.07,-0.02
209.124,5,-35.359819099999996,149.1655261,99.999,0.15981704840840283,-20.07,-0.03
209.22400000000002,5,-35.3598371,149.1655261,99.999,0.13128833542103804,-20.06,-0.03
209.324,5,-35.359854999999996,149.1655261,100.0,0.09511504659694889,-20.05,-0.03
209.424,5,-35.3598729,149.1655261,100.002,0.04577922618514477,-20.04,-0.02
209.524,5,-35.359890799999995,149.1655261,100.003,0.019158113662823804,-20.04,-0.02
209.624,5,-35.3599087,149.1655261,100.002,0.015197524418928772,-20.03,-0.02
209.72400000000002,5,-35.3599266,149.1655261,100.003,0.06759493377049813,-20.02,-0.02
209.824,5,-35.359944399999996,149.1655261,100.004,0.11885246859293568,-20.02,-0.02
209.924,5,-35.3599623,149.1655261,100.004,0.14216365076613796,-20.01,-0.03
210.025,5,-35.359980199999995,149.1655261,100.004,0.18057277933666832,-20.01,-0.03
210.125,5,-35.359998499999996,149.1655261,100.005,0.21737407870853503,-20.01,-0.03
210.225,5,-35.3600165,149.1655261,100.005,0.23982264267411907,-20.02,-0.03
210.32500000000002,5,-35.3600347,149.1655261,100.005,0.2480607045868007,-20.03,-0.03
210.424,5,-35.3600528,149.1655261,100.005,0.23413448247767363,-20.03,-0.03
210.524,5,-35.360071,149.1655261,100.004,0.18936566071728125,-20.04,-0.03
210.624,5,-35.3600892,149.1655261,100.003,0.14626301824818855,-20.05,-0.03
210.72400000000002,5,-35.3601074,149.1655261,100.002,0.13973610548558021,-20.06,-0.03
210.824,5,-35.360125599999996,149.1655261,100.003,0.1487320382516556,-20.07,-0.03
210.924,5,-35.3601436,149.1655261,100.005,0.11776211960539305,-20.07,-0.03
211.024,5,-35.3601616,149.1655261,100.008,0.10121856767229574,-20.07,-0.03
211.124,5,-35.360179599999995,149.1655261,100.009,0.0934880208314578,-20.07,-0.03
211.22400000000002,5,-35.3601975,149.1655261,100.007,0.1048879734120727,-20.07,-0.03
211.324,5,-35.3602154,149.1655261,100.0,0.07294648703680229,-20.07,-0.03
211.424,5,-35.3602334,149.1655261,99.994,0.0932074094463187,-20.06,-0.04
211.524,5,-35.3602513,149.1655261,99.991,0.17107544131640526,-20.06,-0.04
211.624,5,-35.3602692,149.165526,99.99000000000001,0.19632594364664158,-20.05,-0.04
211.72400000000002,5,-35.3602871,149.165526,99.993,0.1924400195761539,-20.04,-0.05
211.824,5,-35.360305,149.165526,99.994,0.15482196564972855,-20.04,-0.05
211.924,5,-35.3603229,149.165526,99.993,0.07151464193097226,-20.04,-0.05
212.024,5,-35.3603409,149.1655259,99.989,0.0487686445713753,-20.04,-0.05
212.125,5,-35.3603589,149.1655259,99.98700000000001,0.010699210356583971,-20.04,-0.05
212.225,5,-35.3603769,149.1655259,99.986,-0.020490305708353758,-20.04,-0.05
212.32500000000002,5,-35.360395,149.16552579999998,99.983,-0.04328425613190629,-20.05,-0.05
212.424,5,-35.360413099999995,149.16552579999998,99.98,-0.0399070844380387,-20.06,-0.05
212.524,5,-35.3604313,149.16552579999998,99.979,-0.03845209406226731,-20.07,-0.05
212.624,5,-35.3604495,149.16552579999998,99.977,-0.016261052907787194,-20.07,-0.04
212.72400000000002,5,-35.360467799999995,149.1655257,99.97500000000001,-0.04499048607835374,-20.080000000000002,-0.03
212.824,5,-35.360486,149.1655257,99.974,-0.09039938127433027,-20.09,-0.03
212.924,5,-35.3605042,149.1655257,99.973,-0.11014725242351558,-20.09,-0.03
213.024,5,-35.3605224,149.1655257,99.974,-0.14776728737160452,-20.1,-0.03
213.124,5,-35.3605405,149.1655257,99.97800000000001,-0.15357254795971867,-20.09,-0.03
213.22400000000002,5,-35.360558499999996,149.1655257,99.983,-0.10736560452317499,-20.09,-0.03
213.324,5,-35.3605765,149.1655257,99.99000000000001,-0.07948713354892337,-20.080000000000002,-0.03
213.424,5,-35.3605945,149.1655257,99.997,-0.04427037803354011,-20.07,-0.03
213.524,5,-35.3606124,149.1655257,100.003,0.034841832157813106,-20.06,-0.03
213.624,5,-35.3606303,149.1655257,100.008,0.06456313019180583,-20.05,-0.03
213.72400000000002,5,-35.3606482,149.1655257,100.008,0.04717277153881248,-20.05,-0.03
213.824,5,-35.360666099999996,149.1655257,100.004,0.04040225647759809,-20.05,-0.04
213.924,5,-35.360684,149.1655257,99.996,0.056754016165192905,-20.04,-0.04
214.024,5,-35.360701899999995,149.1655256,99.98700000000001,0.03355080300770839,-20.04,-0.04
214.124,5,-35.3607199,149.1655256,99.979,0.002442025873570124,-20.04,-0.04
214.225,5,-35.3607379,149.1655256,99.974,-0.01863140035662603,-20.04,-0.04
214.32500000000002,5,-35.360756099999996,149.1655256,99.971,-0.04089257601459774,-20.05,-0.04
214.425,5,-35.3607741,149.1655256,99.971,-0.06394745934125927,-20.05,-0.04
214.524,5,-35.3607923,149.1655256,99.976,-0.06925016741684857,-20.06,-0.04
214.624,5,-35.3608105,149.1655255,99.983,-0.07991376690799792,-20.06,-0.04
214.72400000000002,5,-35.3608287,149.1655255,99.99000000000001,-0.09463350492024976,-20.06,-0.03
214.824,5,-35.3608469,149.1655255,99.997,-0.1324777488319723,-20.07,-0.03
214.924,5,-35.3608651,149.1655255,100.001,-0.17413935478832454,-20.080000000000002,-0.02
215.024,5,-35.3608833,149.1655255,100.002,-0.18644842288974534,-20.080000000000002,-0.02
215.124,5,-35.360901399999996,149.1655255,100.0,-0.15523862052931253,-20.080000000000002,-0.01
215.22400000000002,5,-35.3609194,149.1655255,99.997,-0.15020887989668574,-20.080000000000002,-0.01
215.324,5,-35.360937299999996,149.1655255,99.995,-0.13037714549707602,-20.07,-0.01
215.424,5,-35.3609553,149.1655255,99.995,-0.0626071747888831,-20.07,-0.01
215.524,5,-35.3609732,149.1655255,99.999,-0.02102454622986243,-20.06,-0.02
215.624,5,-35.3609911,149.1655255,100.003,0.030271098246699,-20.05,-0.02
215.72400000000002,5,-35.361008999999996,149.1655255,100.005,0.06679794274182888,-20.04,-0.02
215.824,5,-35.3610269,149.1655255,100.005,0.07130610104776869,-20.03,-0.02
215.924,5,-35.3610448,149.1655255,100.004,0.0961709311436307,-20.03,-0.02
216.024,5,-35.3610627,149.1655255,100.003,0.09318968030294576,-20.02,-0.02
216.124,5,-35.3610806,149.1655255,100.001,0.09392571989740058,-20.01,-0.03
216.225,5,-35.3610985,149.1655255,100.0,0.08638406380568919,-20.01,-0.03
216.32500000000002,5,-35.3611167,149.1655255,99.998,0.07732429144923668,-20.01,-0.03
216.425,5,-35.361134799999995,149.1655255,99.996,0.09965037224711669,-20.02,-0.03
216.525,5,-35.3611529,149.1655255,99.992,0.10333553277870963,-20.03,-0.03
216.624,5,-35.3611711,149.1655255,99.98700000000001,0.0630495362593472,-20.04,-0.04
216.72400000000002,5,-35.3611893,149.1655255,99.985,0.02849105690049046,-20.05,-0.04
216.824,5,-35.3612074,149.1655255,99.986,-0.002968868621524323,-20.06,-0.04
216.924,5,-35.3612256,149.1655255,99.98700000000001,-0.07155738397413773,-20.07,-0.04
217.024,5,-35.3612438,149.1655254,99.989,-0.10517081261281999,-20.07,-0.04
217.124,5,-35.3612618,149.1655254,99.991,-0.12739168581911933,-20.07,-0.03
217.22400000000002,5,-35.3612799,149.1655254,99.995,-0.12105311018678883,-20.07,-0.03
217.324,5,-35.361297799999996,149.1655254,99.998,-0.10203382812297346,-20.06,-0.02
217.424,5,-35.3613157,149.1655254,100.001,-0.0781017990964942,-20.05,-0.02
217.524,5,-35.3613336,149.1655254,100.004,-0.09551706059252099,-20.04,-0.02
217.624,5,-35.3613515,149.1655254,100.007,-0.10232978075331864,-20.03,-0.01
217.72400000000002,5,-35.3613694,149.1655255,100.009,-0.08017626895368724,-20.02,-0.01
217.824,5,-35.3613873,149.1655255,100.01,-0.061086663955868516,-20.02,-0.01
217.924,5,-35.3614052,149.1655255,100.011,-0.042714985878001516,-20.02,-0.01
218.024,5,-35.361422999999995,149.1655255,100.012,-0.0378267548921876,-20.01,-0.01
218.124,5,-35.3614409,149.1655255,100.009,-0.07036222760141111,-20.0,0.0
218.22400000000002,5,-35.3614588,149.1655255,100.005,-0.07342800203307497,-20.0,0.0
218.32500000000002,5,-35.3614767,149.1655255,100.003,-0.04433078251901241,-20.0,0.0
218.425,5,-35.361494799999996,149.1655256,99.998,-0.002240724974211508,-19.990000000000002,0.0
218.525,5,-35.3615129,149.1655256,99.991,0.021563836022075886,-20.0,0.0
218.625,5,-35.3615309,149.1655257,99.983,0.07507972720334785,-20.01,0.0
218.72400000000002,5,-35.3615491,149.1655257,99.977,0.1643354720084175,-20.02,0.0
218.824,5,-35.361567199999996,149.16552579999998,99.977,0.20848114572875198,-20.03,0.0
218.924,5,-35.361585399999996,149.16552579999998,99.982,0.20095450404702273,-20.03,0.0
219.024,5,-35.361603599999995,149.1655259,99.989,0.22764937794330517,-20.04,0.0
219.124,6,-35.3616218,149.1655259,99.997,0.26861487823348473,-20.05,0.0
219.22400000000002,6,-35.36164,149.1655259,100.003,0.27501204408228924,-20.05,0.0
219.324,6,-35.361658,149.165526,100.006,-0.09607601552655133,-20.05,-0.02
219.424,6,-35.361675999999996,149.1655259,100.008,-1.927824308330684,-20.06,-0.04
219.524,6,-35.361694,149.165526,100.008,-6.278475517163094,-20.04,0.0
219.624,6,-35.361711899999996,149.1655261,100.009,-13.13131274068996,-19.990000000000002,0.2
219.72400000000002,6,-35.3617297,149.1655266,100.009,-21.47443747695837,-19.89,0.5700000000000001
219.824,6,-35.3617474,149.1655275,100.005,-29.976310323689866,-19.75,1.09
219.924,6,-35.3617649,149.16552919999998,99.986,-37.22389576897668,-19.580000000000002,1.72
220.024,6,-35.3617823,149.1655315,99.952,-42.37814434687048,-19.400000000000002,2.44
220.124,7,-35.3617996,149.1655348,99.909,-45.272836573729826,-19.21,3.25
220.22400000000002,7,-35.3618166,149.1655389,99.867,-46.23998111491988,-18.97,4.14
220.324,7,-35.3618334,149.1655441,99.84400000000001,-45.9729616995074,-18.650000000000002,5.11
220.425,7,-35.361849899999996,149.1655504,99.849,-45.15684288615009,-18.25,6.08
220.525,7,-35.3618662,149.16555789999998,99.893,-44.33773586503089,-17.79,7.0
220.625,7,-35.361882,149.1655663,99.96900000000001,-43.807463883533195,-17.3,7.8100000000000005
220.725,7,-35.3618974,149.16557559999998,100.07300000000001,-43.664989552541314,-16.79,8.540000000000001
220.824,7,-35.3619123,149.1655855,100.193,-43.85710228332626,-16.27,9.19
220.924,7,-35.3619267,149.16559619999998,100.32000000000001,-44.18254030670986,-15.77,9.76
221.024,7,-35.3619407,149.1656075,100.443,-44.47598230892653,-15.31,10.25
221.124,7,-35.3619543,149.16561919999998,100.553,-44.7061972499964,-14.870000000000001,10.69
221.22400000000002,7,-35.3619675,149.1656314,100.646,-44.81632038998452,-14.47,11.07
221.324,7,-35.3619802,149.1656438,100.721,-44.80352061547991,-14.06,11.42
221.424,7,-35.3619926,149.1656566,100.777,-44.75230785708315,-13.64,11.76
221.524,7,-35.3620045,149.1656697,100.81400000000001,-44.66034277500352,-13.200000000000001,12.1
221.624,7,-35.362016,149.1656831,100.837,-44.56333701331641,-12.72,12.44
221.72400000000002,7,-35.362027,149.1656969,100.848,-44.516929293000764,-12.19,12.780000000000001
221.824,7,-35.3620376,149.16571109999998,100.851,-44.49746325386622,-11.63,13.13
221.924,7,-35.3620476,149.1657256,100.85000000000001,-44.56957297602864,-11.01,13.48
222.024,7,-35.362057,149.1657405,100.849,-44.62595960272167,-10.35,13.83
222.124,7,-35.3620659,149.1657558,100.851,-44.678019304575514,-9.65,14.17
222.22400000000002,7,-35.3620741,149.1657715,100.857,-44.685932078728975,-8.94,14.48
222.324,7,-35.3620817,149.1657875,100.867,-44.65259051029555,-8.22,14.76
222.424,7,-35.3620886,149.1658038,100.878,-44.6827150596299,-7.5200000000000005,15.02
222.525,7,-35.362095,149.1658203,100.892,-44.72164372280439,-6.8100000000000005,15.24
222.625,7,-35.3621008,149.1658373,100.909,-44.70098923075427,-6.09,15.44
222.725,7,-35.362105899999996,149.1658544,100.924,-44.67957317261169,-5.39,15.620000000000001
222.82500000000002,7,-35.3621104,149.1658718,100.93900000000001,-44.68641702216004,-4.69,15.77
222.924,7,-35.3621143,149.1658893,100.95,-44.69515624920307,-4.01,15.9
223.024,7,-35.3621176,149.165907,100.95700000000001,-44.750685687155276,-3.3200000000000003,16.0
223.124,7,-35.3621202,149.1659248,100.961,-44.79517070921957,-2.63,16.09
223.22400000000002,7,-35.362122299999996,149.1659427,100.962,-44.795003369584904,-1.94,16.15
223.324,7,-35.3621237,149.1659606,100.96000000000001,-44.74993095125199,-1.24,16.19
223.424,7,-35.3621245,149.1659786,100.95400000000001,-44.74851027190463,-0.54,16.21
223.524,7,-35.3621246,149.16599639999998,100.947,-44.800129426557,0.15,16.19
223.624,7,-35.3621242,149.16601409999998,100.936,-44.80281369090081,0.86,16.16
223.72400000000002,7,-35.3621231,149.1660317,100.926,-44.75485893273816,1.57,16.1
223.824,7,-35.3621213,149.1660492,100.917,-44.72252140211273,2.3000000000000003,16.01
223.924,7,-35.3621189,149.1660666,100.911,-44.73115476122363,3.0300000000000002,15.89
224.024,7,-35.3621159,149.1660839,100.907,-44.725912591035645,3.7600000000000002,15.75
224.124,7,-35.3621123,149.1661009,100.905,-44.700579419404065,4.48,15.58
224.22400000000002,7,-35.362108,149.1661178,100.904,-44.69946609856935,5.18,15.39
224.324,7,-35.362103,149.1661344,100.904,-44.75615666868046,5.87,15.18
224.424,7,-35.3620975,149.1661509,100.905,-44.78825514268493,6.55,14.94
224.524,7,-35.362091299999996,149.166167,100.904,-44.80336010603442,7.21,14.69
224.625,7,-35.3620845,149.16618309999998,100.899,-44.80640978549883,7.86,14.42
224.725,7,-35.3620771,149.1661988,100.89,-44.77713900981074,8.52,14.13
224.82500000000002,7,-35.3620692,149.16621419999998,100.879,-44.7407272713454,9.16,13.82
224.924,7,-35.3620606,149.1662294,100.86500000000001,-44.773679518996126,9.8,13.49
225.024,7,-35.3620514,149.1662441,100.849,-44.83053401364731,10.42,13.14
225.124,7,-35.3620417,149.1662585,100.82900000000001,-44.866071487898886,11.040000000000001,12.77
225.22400000000002,7,-35.3620314,149.1662724,100.806,-44.84725090164092,11.64,12.38
225.324,7,-35.3620206,149.1662859,100.782,-44.83122386275348,12.25,11.96
225.424,7,-35.3620093,149.1662989,100.757,-44.80238680407769,12.84,11.52
225.524,7,-35.3619975,149.1663113,100.73700000000001,-44.77899340617039,13.41,11.05
225.624,7,-35.3619852,149.1663232,100.721,-44.77231006606754,13.97,10.56
225.72400000000002,7,-35.3619725,149.1663345,100.71000000000001,-44.77115917919239,14.51,10.05
225.824,7,-35.361959399999996,149.1663452,100.699,-44.774724537939136,15.01,9.53
225.924,7,-35.3619458,149.1663553,100.69,-44.79632159609472,15.5,8.99
226.024,7,-35.3619317,149.1663648,100.683,-44.79768080373955,15.97,8.43
226.124,7,-35.3619173,149.16637369999998,100.676,-44.80024553977289,16.42,7.86
226.22400000000002,7,-35.3619025,149.1663819,100.669,-44.80133153985092,16.84,7.28
226.324,7,-35.3618873,149.1663896,100.663,-44.82330767350544,17.25,6.67
226.424,7,-35.3618717,149.1663965,100.658,-44.84467592032382,17.63,6.0600000000000005
226.524,7,-35.3618558,149.1664028,100.65,-44.874107205457406,17.990000000000002,5.44
226.624,7,-35.361839599999996,149.1664084,100.64,-44.85636920418288,18.330000000000002,4.8100000000000005
226.725,7,-35.3618229,149.16641339999998,100.628,-44.847821222436615,18.650000000000002,4.16
226.82500000000002,7,-35.361806099999995,149.1664176,100.61500000000001,-44.86445956325476,18.94,3.5100000000000002
226.925,7,-35.3617889,149.16642109999998,100.596,-44.885496545898405,19.23,2.86
227.024,7,-35.361771399999995,149.16642389999998,100.575,-44.90231247163498,19.490000000000002,2.19
227.124,7,-35.3617536,149.166426,100.55,-44.91058383071986,19.740000000000002,1.51
227.22400000000002,7,-35.361735599999996,149.16642729999998,100.526,-44.906267151164414,19.97,0.81
227.324,7,-35.361717299999995,149.16642779999998,100.501,-44.895741829653424,20.17,0.1
227.424,7,-35.3616989,149.1664276,100.477,-44.87193520530134,20.35,-0.6
227.524,7,-35.3616806,149.1664265,100.458,-44.90788590599771,20.5,-1.32
227.624,7,-35.3616621,149.1664247,100.44,-44.86909384660662,20.62,-2.05
227.72400000000002,7,-35.3616436,149.1664222,100.426,-44.85448748706655,20.7,-2.7800000000000002
227.824,7,-35.361625,149.16641869999998,100.414,-44.85672095892514,20.77,-3.52
227.924,7,-35.3616065,149.1664145,100.405,-44.84561848642929,20.8,-4.25
228.024,7,-35.361587899999996,149.1664095,100.398,-44.82404874903038,20.81,-5.0
228.124,7,-35.3615693,149.1664036,100.393,-44.85093578869814,20.79,-5.75
228.22400000000002,7,-35.361550699999995,149.1663969,100.388,-44.84302301454468,20.740000000000002,-6.48
228.324,7,-35.3615322,149.16638939999999,100.385,-44.82319156028955,20.66,-7.21
228.424,7,-35.3615138,149.1663812,100.381,-44.84926580744607,20.57,-7.92
228.524,7,-35.361495399999995,149.1663721,100.377,-44.905905151138406,20.44,-8.620000000000001
228.624,7,-35.361477199999996,149.1663623,100.371,-44.922181491930544,20.3,-9.31
228.725,7,-35.3614591,149.1663518,100.363,-44.91621532169054,20.13,-10.0
228.82500000000002,7,-35.361441,149.1663403,100.35300000000001,-44.8751112432654,19.94,-10.700000000000001
228.925,7,-35.361422999999995,149.1663281,100.339,-44.742315290327426,19.73,-11.4
229.025,7,-35.3614053,149.1663151,100.327,-44.28599035187887,19.5,-12.1
229.124,7,-35.3613877,149.1663013,100.312,-42.982493145011546,19.240000000000002,-12.790000000000001
229.22400000000002,7,-35.3613703,149.1662867,100.3,-40.325525652214495,18.95,-13.44
229.324,7,-35.361353199999996,149.1662714,100.294,-35.77837502360269,18.66,-13.99
229.424,7,-35.3613364,149.1662557,100.302,-29.216349325688398,18.39,-14.41
229.524,7,-35.3613198,149.16623959999998,100.328,-21.193470815260728,18.16,-14.61
229.624,7,-35.3613034,149.1662234,100.366,-12.442103110979716,18.01,-14.61
229.72400000000002,7,-35.3612872,149.1662074,100.405,-3.4473322241151894,17.92,-14.46
229.824,7,-35.361271099999996,149.16619169999998,100.422,5.537879813005904,17.87,-14.23
229.924,7,-35.3612551,149.16617639999998,100.4,14.460903831507677,17.86,-13.97
230.024,7,-35.3612391,149.1661614,100.333,23.037078891125155,17.900000000000002,-13.67
230.124,7,-35.361222999999995,149.1661468,100.224,30.51904398532825,17.990000000000002,-13.31
230.22400000000002,7,-35.3612068,149.1661326,100.08,36.34856604570453,18.18,-12.86
230.324,7,-35.3611904,149.16611899999998,99.917,40.24081081593882,18.46,-12.280000000000001
230.424,7,-35.3611737,149.16610609999998,99.752,42.36027657200172,18.830000000000002,-11.540000000000001
230.524,7,-35.3611566,149.1660942,99.61,43.22851655891541,19.25,-10.64
230.624,7,-35.361139099999995,149.1660833,99.502,43.212581727581764,19.66,-9.64
230.72400000000002,7,-35.3611213,149.1660736,99.44200000000001,42.78176754568321,20.0,-8.57
230.82500000000002,7,-35.361103199999995,149.166065,99.427,42.06092987124757,20.25,-7.51
230.925,7,-35.3610845,149.1660575,99.461,40.9694075852716,20.42,-6.5
231.025,7,-35.361066,149.16605099999998,99.529,39.313110617205595,20.51,-5.6000000000000005
231.125,7,-35.361047299999996,149.1660455,99.628,36.847521609857715,20.53,-4.8500000000000005
231.22400000000002,7,-35.3610286,149.1660407,99.743,33.48011882073095,20.51,-4.2700000000000005
231.324,7,-35.3610099,149.1660364,99.86500000000001,29.380772469578115,20.46,-3.89
231.424,7,-35.360991399999996,149.16603229999998,99.97500000000001,24.885104391835288,20.400000000000002,-3.68
231.524,7,-35.3609728,149.1660284,100.056,20.378547285008167,20.34,-3.61
231.624,7,-35.3609544,149.1660245,100.10000000000001,16.27851279229645,20.27,-3.61
231.72400000000002,7,-35.3609362,149.1660205,100.09400000000001,12.959180874548238,20.2,-3.63
231.824,7,-35.3609181,149.16601649999998,100.044,10.663304992602248,20.13,-3.65
231.924,7,-35.360900099999995,149.1660125,99.95400000000001,9.528507481818709,20.07,-3.63
232.024,7,-35.3608822,149.1660086,99.837,9.468299364285047,20.03,-3.56
232.124,7,-35.360864299999996,149.1660047,99.71300000000001,10.185838057351567,20.0,-3.42
232.22400000000002,7,-35.3608464,149.166001,99.596,11.357360641528617,19.98,-3.23
232.324,7,-35.3608286,149.1659976,99.501,12.635975469249589,19.96,-2.99
232.424,7,-35.360810799999996,149.1659944,99.433,13.809845077180183,19.93,-2.71
232.524,7,-35.360793,149.1659915,99.397,14.671934478746268,19.900000000000002,-2.43
232.624,7,-35.3607753,149.165989,99.389,15.103322396535104,19.86,-2.15
232.72400000000002,7,-35.3607575,149.1659867,99.401,14.993498077323176,19.82,-1.9100000000000001
232.824,7,-35.3607398,149.1659847,99.422,14.412614394075685,19.79,-1.71
232.925,7,-35.3607221,149.1659828,99.44500000000001,13.463435811723707,19.76,-1.55
233.025,7,-35.3607043,149.16598109999998,99.46300000000001,12.202799749445502,19.740000000000002,-1.42
233.125,7,-35.3606864,149.1659795,99.46600000000001,10.832281311347424,19.75,-1.33
233.225,7,-35.3606686,149.165978,99.45700000000001,9.523576085237961,19.75,-1.26
233.324,7,-35.3606506,149.1659765,99.433,8.391023145370418,19.76,-1.19
233.424,7,-35.3606327,149.1659751,99.402,7.497682213256941,19.77,-1.1300000000000001
233.524,7,-35.3606147,149.1659738,99.363,6.907851409083558,19.79,-1.06
233.624,7,-35.360596799999996,149.1659726,99.325,6.573496573738509,19.8,-0.99
233.72400000000002,7,-35.3605788,149.1659714,99.293,6.398260813505838,19.81,-0.9
233.824,7,-35.3605608,149.1659703,99.272,6.385174171056094,19.82,-0.81
233.924,7,-35.360543,149.1659694,99.264,6.402781544962741,19.82,-0.72
234.024,7,-35.3605252,149.1659685,99.266,6.3605043815476545,19.81,-0.62
234.124,7,-35.3605075,149.1659678,99.278,6.204646294877133,19.79,-0.54
234.22400000000002,7,-35.360489799999996,149.1659671,99.293,5.938144693181107,19.78,-0.46
234.324,7,-35.3604722,149.1659665,99.307,5.572369706993529,19.77,-0.4
234.424,7,-35.3604546,149.165966,99.319,5.1281162741293285,19.76,-0.35000000000000003
234.524,7,-35.360436899999996,149.1659655,99.324,4.649125352920089,19.75,-0.3
234.624,7,-35.3604193,149.1659651,99.322,4.186812473003552,19.75,-0.26
234.72400000000002,7,-35.3604017,149.1659647,99.315,3.7831013355052545,19.740000000000002,-0.23
234.824,7,-35.360383999999996,149.1659644,99.307,3.403806843629283,19.75,-0.19
234.924,7,-35.3603664,149.165964,99.3,3.0745729426144512,19.75,-0.16
235.025,7,-35.360348699999996,149.1659638,99.296,2.844349677251535,19.75,-0.13
235.125,7,-35.3603307,149.1659635,99.296,2.6390271471683704,19.75,-0.1
235.225,7,-35.3603129,149.1659633,99.297,2.487241347347058,19.76,-0.06
235.324,7,-35.360295,149.1659632,99.303,2.3416693121231646,19.76,-0.03
235.424,7,-35.3602771,149.1659631,99.312,2.159074449946629,19.77,0.0
235.524,7,-35.3602591,149.165963,99.322,1.9809717178098456,19.78,0.01
235.624,7,-35.3602412,149.16596289999998,99.333,1.8137693272581683,19.79,0.04
235.72400000000002,7,-35.3602232,149.16596289999998,99.34100000000001,1.6207743281315243,19.81,0.06
235.824,7,-35.3602053,149.16596289999998,99.346,1.408375295181403,19.82,0.07
235.924,7,-35.360187499999995,149.165963,99.349,1.2173564618807144,19.830000000000002,0.09
236.024,7,-35.3601697,149.165963,99.354,1.0514754994900228,19.830000000000002,0.1
236.124,7,-35.3601519,149.165963,99.361,0.8738442104885292,19.830000000000002,0.1
236.22400000000002,7,-35.3601342,149.165963,99.37,0.6933269531192937,19.830000000000002,0.11
236.324,7,-35.3601165,149.1659631,99.382,0.5622994855678252,19.830000000000002,0.11
236.424,7,-35.360098799999996,149.1659631,99.395,0.423327440794574,19.830000000000002,0.12
236.524,7,-35.360081099999995,149.1659632,99.408,0.3083119643700253,19.830000000000002,0.12
236.624,7,-35.3600634,149.1659633,99.422,0.24450457726760416,19.830000000000002,0.12
236.72400000000002,7,-35.3600457,149.16596339999998,99.434,0.18278081140864683,19.82,0.13
236.824,7,-35.360028,149.16596339999998,99.44500000000001,0.14307242611150667,19.82,0.13
236.924,7,-35.3600103,149.1659635,99.452,0.15619856893260345,19.82,0.14
237.024,7,-35.3599925,149.1659637,99.456,0.15414863172752694,19.82,0.14
237.125,7,-35.359974699999995,149.1659638,99.458,0.10482942988634497,19.82,0.14
237.225,7,-35.3599569,149.16596389999998,99.458,-0.0012467273441963537,19.830000000000002,0.14
237.32500000000002,7,-35.359939,149.165964,99.46000000000001,-0.1382581566028526,19.85,0.14
237.424,7,-35.359921,149.1659641,99.464,-0.20718079510465792,19.86,0.13
237.524,7,-35.359902999999996,149.1659642,99.471,-0.2691198586648161,19.88,0.13
237.624,7,-35.359885,149.1659644,99.482,-0.3125549792680577,19.89,0.12
237.72400000000002,7,-35.3598669,149.1659645,99.497,-0.34874721786502966,19.900000000000002,0.11
237.824,7,-35.359848899999996,149.1659646,99.515,-0.3753082760824754,19.91,0.1
237.924,7,-35.3598309,149.1659647,99.533,-0.40466309511386794,19.92,0.1
238.024,7,-35.359812999999995,149.1659647,99.552,-0.4351749641989165,19.92,0.09
238.124,7,-35.3597951,149.16596479999998,99.56400000000001,-0.43451094174554433,19.92,0.09
238.22400000000002,7,-35.3597773,149.1659649,99.571,-0.395352853584053,19.92,0.08
238.324,7,-35.359759499999996,149.165965,99.574,-0.3069346140352099,19.92,0.08
238.424,7,-35.3597417,149.1659651,99.575,-0.2542946929474654,19.92,0.08
238.524,7,-35.3597238,149.1659652,99.577,-0.21547248467449473,19.91,0.08
238.624,7,-35.359705999999996,149.16596529999998,99.58200000000001,-0.19188434633457635,19.91,0.08
238.72400000000002,7,-35.3596882,149.1659654,99.589,-0.19116241401560452,19.91,0.08
238.824,7,-35.3596704,149.1659655,99.59700000000001,-0.19678931595293142,19.900000000000002,0.08
238.924,7,-35.3596526,149.1659656,99.607,-0.2424699813077337,19.900000000000002,0.08
239.024,7,-35.3596347,149.1659657,99.616,-0.29843382996332074,19.900000000000002,0.08
239.124,7,-35.3596169,149.1659657,99.622,-0.3084680715451571,19.91,0.07
239.225,7,-35.3595989,149.16596579999998,99.625,-0.3560570944221036,19.91,0.07
239.32500000000002,7,-35.3595809,149.1659659,99.628,-0.3951241756489898,19.92,0.07
239.425,7,-35.3595629,149.165966,99.629,-0.39220800503851166,19.93,0.06
239.524,7,-35.3595447,149.1659661,99.631,-0.3938387927441316,19.94,0.06
239.624,7,-35.359526599999995,149.16596619999999,99.634,-0.37383631695548475,19.95,0.06
239.72400000000002,7,-35.3595085,149.16596629999998,99.64,-0.3792974534033067,19.97,0.06
239.824,7,-35.3594904,149.1659664,99.649,-0.39261608216099353,19.97,0.05
239.924,7,-35.3594722,149.1659664,99.662,-0.3911078910148901,19.990000000000002,0.05
240.024,7,-35.3594541,149.1659665,99.677,-0.3576588271433245,19.990000000000002,0.04
240.124,7,-35.359436099999996,149.1659666,99.691,-0.362441613748773,20.0,0.03
240.22400000000002,7,-35.3594181,149.16596669999998,99.70700000000001,-0.42853858164660286,20.0,0.02
240.324,7,-35.359400199999996,149.16596669999998,99.72,-0.49218065682676854,20.0,0.01
240.424,7,-35.3593823,149.16596669999998,99.72800000000001,-0.48922692017585534,20.0,0.0
240.524,7,-35.3593645,149.16596669999998,99.73,-0.444597263519802,19.990000000000002,0.0
240.624,7,-35.359346599999995,149.1659668,99.729,-0.35616776483099893,19.990000000000002,0.0
240.72400000000002,7,-35.3593288,149.1659668,99.73,-0.2602702280171539,19.98,0.0
240.824,7,-35.3593109,149.1659668,99.732,-0.20136753038861013,19.98,0.0
240.924,7,-35.359293099999995,149.1659668,99.736,-0.1554352819526413,19.98,0.0
241.024,7,-35.3592752,149.1659668,99.739,-0.09249411491540856,19.97,0.0
241.124,7,-35.3592574,149.1659668,99.744,-0.08319918128026663,19.97,0.0
241.225,7,-35.3592395,149.1659669,99.75,-0.10650902943214664,19.96,0.0
241.32500000000002,7,-35.3592213,149.1659669,99.758,-0.14679049027901336,19.97,0.0
241.425,7,-35.3592033,149.1659669,99.765,-0.12416431471458252,19.97,0.0
241.525,7,-35.3591852,149.1659669,99.771,-0.11750307934503502,19.98,0.0
241.624,7,-35.3591671,149.1659669,99.776,-0.13264656923030532,19.98,0.0
241.72400000000002,7,-35.3591489,149.1659669,99.778,-0.143321421191308,19.990000000000002,0.0
241.824,7,-35.359130799999996,149.1659669,99.78,-0.14590608750320247,20.0,0.0
241.924,7,-35.359112599999996,149.1659669,99.784,-0.12836668198292542,20.01,0.0
242.024,7,-35.3590945,149.165967,99.79,-0.12667955855686616,20.01,0.0
242.124,7,-35.3590765,149.165967,99.795,-0.16352413358042725,20.01,0.0
242.22400000000002,7,-35.3590586,149.165967,99.8,-0.1687999344459464,20.01,0.0
242.324,7,-35.3590407,149.165967,99.805,-0.17039562405057743,20.0,0.0
242.424,7,-35.3590228,149.1659671,99.81,-0.17783731525450466,20.0,0.0
242.524,7,-35.359004899999995,149.1659671,99.81700000000001,-0.2079258726935711,19.990000000000002,0.0
242.624,7,-35.3589871,149.1659671,99.824,-0.24977393481013677,19.990000000000002,0.0
242.72400000000002,7,-35.3589693,149.1659671,99.833,-0.3040526210510083,19.98,-0.01
242.824,7,-35.358951399999995,149.1659671,99.842,-0.3422247607336377,19.97,-0.01
242.924,7,-35.3589336,149.1659671,99.849,-0.3431788527833239,19.97,-0.02
243.024,7,-35.3589157,149.1659671,99.855,-0.3082643664892467,19.96,-0.02
243.124,7,-35.358897899999995,149.165967,99.858,-0.22399039758016176,19.96,-0.02
243.22400000000002,7,-35.35888,149.165967,99.85900000000001,-0.15782790255498205,19.96,-0.02
243.32500000000002,7,-35.3588622,149.1659671,99.858,-0.10054139176868601,19.96,-0.02
243.425,7,-35.3588442,149.1659671,99.858,-0.04323453048711875,19.96,-0.02
243.525,7,-35.3588261,149.1659671,99.85900000000001,-0.0025547992420155434,19.97,-0.02
243.625,7,-35.3588081,149.165967,99.85900000000001,0.039633409963775394,19.98,-0.01
243.72400000000002,7,-35.3587899,149.165967,99.86,0.047236934629360273,19.990000000000002,0.0
243.824,7,-35.3587718,149.165967,99.86,-0.01747603783994267,19.990000000000002,0.0
243.924,7,-35.3587536,149.165967,99.86500000000001,-0.08225499433889831,20.0,0.0
244.024,7,-35.3587355,149.165967,99.871,-0.1465423222924318,20.01,-0.01
244.124,7,-35.358717299999995,149.165967,99.88,-0.207593741404966,20.01,-0.01
244.22400000000002,7,-35.3586992,149.165967,99.892,-0.2198848669196023,20.01,-0.01
244.324,7,-35.3586812,149.165967,99.906,-0.192917665910592,20.01,0.0
244.424,7,-35.358663199999995,149.165967,99.918,-0.15874432184252737,20.01,0.0
244.524,7,-35.3586453,149.165967,99.927,-0.12019769569431084,20.0,0.0
244.624,7,-35.358627399999996,149.165967,99.934,-0.09523400794836215,19.990000000000002,0.0
244.72400000000002,7,-35.3586096,149.165967,99.93900000000001,-0.09890728234997367,19.990000000000002,0.0
244.824,7,-35.3585917,149.165967,99.941,-0.10928546130911715,19.98,0.0
244.924,7,-35.358573899999996,149.165967,99.94,-0.15187672671463823,19.98,-0.01
245.024,7,-35.358556,149.165967,99.936,-0.18108699119554977,19.98,-0.01
245.124,7,-35.3585382,149.165967,99.931,-0.18733171842785873,19.98,-0.01
245.22400000000002,7,-35.358520299999995,149.165967,99.928,-0.2087378381115828,19.98,-0.01
245.324,7,-35.3585024,149.165967,99.924,-0.22748169146309608,19.98,-0.02
245.425,7,-35.358484499999996,149.165967,99.92,-0.2152140447237317,19.98,-0.02
245.525,7,-35.358466299999996,149.165967,99.918,-0.17696358464927192,19.990000000000002,-0.02
245.625,7,-35.3584483,149.1659669,99.917,-0.14458918167449908,19.990000000000002,-0.01
245.725,7,-35.3584302,149.1659669,99.918,-0.17033663362770673,20.0,-0.02
245.824,7,-35.358412,149.1659669,99.921,-0.128070595950448,20.01,-0.02
245.924,7,-35.358393899999996,149.1659669,99.925,-0.12495434882205614,20.03,-0.02
246.024,7,-35.358375699999996,149.1659668,99.927,-0.12792649496721661,20.03,-0.03
246.124,7,-35.3583575,149.1659668,99.931,-0.07801012515122793,20.04,-0.03
246.22400000000002,7,-35.3583394,149.16596669999998,99.933,-0.06405314718051595,20.04,-0.03
246.324,7,-35.3583214,149.16596669999998,99.934,-0.05614065317153386,20.04,-0.03
246.424,7,-35.3583034,149.16596669999998,99.933,-0.00771211566874416,20.04,-0.03
246.524,7,-35.3582854,149.1659666,99.933,0.051350846278876885,20.03,-0.03
246.624,7,-35.3582675,149.1659666,99.931,0.093663291222884,20.03,-0.03
246.72400000000002,7,-35.3582496,149.1659665,99.929,0.11525319902417695,20.02,-0.03
246.824,7,-35.3582318,149.1659665,99.927,0.1581254293304875,20.01,-0.02
246.924,7,-35.358213899999996,149.1659664,99.926,0.22241908054508858,20.0,-0.02
247.024,7,-35.358196,149.1659664,99.926,0.2455035457945714,19.990000000000002,-0.02
247.124,7,-35.3581782,149.1659664,99.926,0.2393789471823327,19.990000000000002,-0.02
247.22400000000002,7,-35.3581603,149.16596629999998,99.927,0.20688077370927982,19.990000000000002,-0.01
247.324,7,-35.3581424,149.16596629999998,99.93,0.16798407368567367,19.98,0.0
247.424,7,-35.3581246,149.16596629999998,99.933,0.11818823269615193,19.97,0.0
247.525,7,-35.3581067,149.16596629999998,99.93900000000001,0.11068619036760528,19.97,0.0
247.625,7,-35.358088599999995,149.16596629999998,99.943,0.10520224882527925,19.96,0.0
247.725,7,-35.3580706,149.16596629999998,99.943,0.09817873995535001,19.97,0.01
247.824,7,-35.3580525,149.16596629999998,99.93900000000001,0.07742807163800253,19.98,0.01
247.924,7,-35.3580344,149.16596629999998,99.935,0.03395338396234246,19.990000000000002,0.01
248.024,7,-35.358016299999996,149.1659664,99.93,0.01343222901091125,20.0,0.01
248.124,7,-35.357998099999996,149.1659664,99.927,-0.009714220705547434,20.02,0.01
248.22400000000002,7,-35.3579799,149.1659664,99.925,-0.04674240959014218,20.02,0.01
248.324,7,-35.3579617,149.16596629999998,99.927,-0.09058024788520337,20.04,0.0
248.424,7,-35.3579436,149.16596629999998,99.933,-0.19314214167849006,20.04,0.0
248.524,7,-35.3579255,149.16596629999998,99.941,-0.22808848440174295,20.04,0.0
248.624,7,-35.357907499999996,149.16596629999998,99.95100000000001,-0.22470311181179672,20.04,0.0
248.72400000000002,7,-35.3578896,149.16596629999998,99.96000000000001,-0.23462478867446004,20.03,0.0
248.824,7,-35.3578717,149.16596629999998,99.96900000000001,-0.1727850163213183,20.03,0.0
248.924,7,-35.3578538,149.16596629999998,99.977,-0.09806564162764811,20.02,0.0
249.024,7,-35.3578359,149.16596629999998,99.983,-0.012557172721989522,20.02,0.0
249.124,7,-35.357818,149.16596629999998,99.98700000000001,0.011707677115365776,20.01,0.0
249.22400000000002,7,-35.3578002,149.16596629999998,99.99000000000001,0.020281541376578716,20.0,0.0
249.324,7,-35.3577823,149.16596629999998,99.99000000000001,0.01266349422137429,20.0,0.0
249.424,7,-35.3577644,149.16596629999998,99.988,0.02657086994427104,20.0,0.0
249.524,7,-35.3577465,149.16596629999998,99.985,0.041280922961723206,20.0,0.0
249.625,7,-35.3577285,149.16596629999998,99.979,0.0356596072386833,20.0,0.0
249.725,7,-35.357710399999995,149.16596629999998,99.97200000000001,0.05091756615856412,20.01,0.0
249.82500000000002,7,-35.3576923,149.16596619999999,99.96300000000001,0.04114774094301457,20.02,0.0
249.924,7,-35.3576742,149.16596619999999,99.958,-0.006212429325451843,20.03,0.0
250.024,7,-35.357656,149.16596619999999,99.95700000000001,-0.01997521172787294,20.04,0.0
250.124,7,-35.3576378,149.16596619999999,99.958,-0.003014148223373745,20.05,0.0
250.22400000000002,7,-35.3576196,149.16596619999999,99.96300000000001,0.006500218995949733,20.05,0.0
250.324,7,-35.3576014,149.16596619999999,99.97,0.04104429092452598,20.06,0.0
250.424,7,-35.3575833,149.16596619999999,99.97800000000001,0.04414228197112262,20.06,0.0
250.524,7,-35.357565199999996,149.16596619999999,99.986,0.052133523258758196,20.06,0.0
250.624,7,-35.3575472,149.16596619999999,99.993,0.05843884507457787,20.06,0.0
250.72400000000002,7,-35.357529299999996,149.16596619999999,99.998,0.04384910744018106,20.05,0.0
250.824,7,-35.3575113,149.16596619999999,100.0,0.05361204243560109,20.05,0.0
250.924,7,-35.357493399999996,149.16596619999999,99.999,0.020820751127512836,20.05,0.0
251.024,7,-35.3574755,149.16596619999999,99.995,0.008981743781786395,20.04,0.0
251.124,7,-35.3574576,149.16596619999999,99.989,0.035665693710966145,20.04,0.0
251.22400000000002,7,-35.3574397,149.16596619999999,99.983,0.041626574556429485,20.04,0.0
251.324,7,-35.3574218,149.16596619999999,99.977,0.047864248150996935,20.04,0.0
251.424,7,-35.3574039,149.16596619999999,99.971,0.042574793577244356,20.04,0.0
251.524,7,-35.357386,149.16596619999999,99.967,0.030006831957810995,20.03,0.0
251.624,7,-35.357368099999995,149.1659661,99.96600000000001,0.03136468223594813,20.03,0.0
251.725,7,-35.35735,149.1659661,99.967,-0.018657410437356952,20.02,0.0
251.82500000000002,7,-35.3573321,149.1659661,99.971,-0.01548246470325863,20.01,0.0
251.925,7,-35.357313999999995,149.1659661,99.977,0.035107245705038266,20.02,-0.01
252.024,7,-35.3572959,149.1659661,99.98400000000001,0.08462567029048775,20.01,-0.01
252.124,7,-35.3572777,149.1659661,99.988,0.10969975497096074,20.02,0.0
252.22400000000002,7,-35.3572596,149.1659661,99.988,0.090372287301275,20.02,0.0
252.324,7,-35.3572414,149.165966,99.98400000000001,0.07943115801424099,20.03,0.0
252.424,7,-35.3572232,149.165966,99.97800000000001,0.06761268959429752,20.04,0.0
252.524,7,-35.357205199999996,149.165966,99.971,0.0942491066762382,20.04,0.0
252.624,7,-35.3571872,149.165966,99.96600000000001,0.13036275140700876,20.04,0.0
252.72400000000002,7,-35.3571692,149.165966,99.965,0.1267205797125259,20.04,0.0
252.824,7,-35.3571513,149.165966,99.965,0.15545498544757122,20.04,0.0
252.924,7,-35.3571333,149.165966,99.96600000000001,0.15685141228729502,20.03,0.0
253.024,7,-35.3571154,149.1659659,99.96900000000001,0.16048052391303289,20.03,0.0
253.124,7,-35.3570975,149.1659659,99.976,0.14540908451937828,20.02,0.0
253.22400000000002,7,-35.3570796,149.1659659,99.986,0.09189359854708296,20.01,0.0
253.324,7,-35.357061699999996,149.1659659,99.995,0.05414470047431622,20.01,0.0
253.424,7,-35.3570438,149.1659659,100.002,0.0725644766909576,20.0,0.0
253.524,7,-35.3570259,149.1659659,100.005,0.07344573117644791,20.0,-0.01
253.624,7,-35.3570079,149.1659659,100.005,0.04252222646704038,20.0,-0.01
253.725,7,-35.356989999999996,149.16596579999998,100.001,0.03497942311699184,20.0,-0.01
253.82500000000002,7,-35.3569719,149.16596579999998,99.995,0.04130632272769919,19.990000000000002,-0.01
253.925,7,-35.3569538,149.16596579999998,99.98700000000001,0.06519459585480805,20.0,-0.01
254.025,7,-35.356935799999995,149.16596579999998,99.982,0.09065612034790738,20.0,-0.01
254.124,7,-35.356917599999996,149.1659657,99.98,0.1010330920177542,20.02,-0.01
254.22400000000002,7,-35.356899399999996,149.1659657,99.979,0.1425628032859738,20.03,-0.01
254.324,7,-35.3568812,149.1659657,99.98,0.15559286989144083,20.04,-0.01
254.424,7,-35.356863,149.1659657,99.983,0.13988998484510384,20.05,0.0
254.524,7,-35.3568448,149.1659656,99.989,0.17881852795767253,20.06,0.0
254.624,7,-35.3568266,149.1659656,99.994,0.23716660622148325,20.07,0.0
254.72400000000002,7,-35.3568085,149.1659656,99.999,0.24187730231467644,20.06,0.0
254.824,7,-35.356790499999995,149.1659656,100.004,0.2128530804473684,20.06,0.0
254.924,7,-35.3567726,149.1659656,100.009,0.178877985288006,20.05,0.0
255.024,7,-35.356754599999995,149.1659656,100.013,0.18520927716391694,20.05,0.0
255.124,7,-35.3567367,149.1659656,100.018,0.194193270439158,20.04,0.0
255.22400000000002,7,-35.356718799999996,149.1659656,100.02,0.1675328409734165,20.03,0.0
255.324,7,-35.3567009,149.1659656,100.021,0.16308884242297117,20.03,0.0
255.424,7,-35.356683,149.1659656,100.02,0.20070019956235874,20.02,0.0
255.524,7,-35.3566651,149.1659656,100.019,0.24314627675727077,20.02,0.0
255.624,7,-35.3566472,149.1659656,100.019,0.24636001416389397,20.02,0.01
255.72400000000002,7,-35.3566293,149.1659656,100.021,0.23015992603053445,20.01,0.01
255.82500000000002,7,-35.3566114,149.1659656,100.023,0.2052518002726582,20.0,0.02
255.925,7,-35.3565932,149.1659656,100.026,0.18337985368341134,20.01,0.02
256.025,7,-35.3565752,149.1659656,100.028,0.16540306259220222,20.01,0.01
256.125,7,-35.356556999999995,149.1659656,100.028,0.13508496010421311,20.02,0.01
256.224,7,-35.3565389,149.1659656,100.026,0.1140760719496208,20.02,0.02
256.324,7,-35.3565207,149.1659656,100.021,0.10310528069848615,20.04,0.02
256.424,7,-35.3565025,149.1659657,100.013,0.08707806171817273,20.05,0.02
256.524,7,-35.3564843,149.1659657,100.002,0.08791319908655224,20.06,0.03
256.624,7,-35.3564661,149.1659657,99.988,0.11487684492873868,20.07,0.03
256.724,7,-35.3564481,149.16596579999998,99.977,0.11533449428355598,20.07,0.04
256.824,7,-35.3564301,149.16596579999998,99.971,0.08240899376034093,20.07,0.04
256.924,7,-35.3564121,149.1659659,99.973,0.06033122769138791,20.06,0.05
257.024,7,-35.3563942,149.1659659,99.98,0.032541789300184455,20.05,0.05
257.124,7,-35.3563763,149.165966,99.993,0.01155567789214322,20.03,0.05
257.224,7,-35.3563584,149.165966,100.006,-0.07020367916725954,20.02,0.04
257.324,7,-35.356340599999996,149.165966,100.018,-0.12511073614166562,20.01,0.04
257.424,7,-35.3563227,149.1659661,100.025,-0.2011730567602499,20.0,0.04
257.524,7,-35.3563048,149.1659661,100.026,-0.23353884195728092,19.990000000000002,0.03
257.624,7,-35.356287,149.1659661,100.023,-0.26509244829288864,19.98,0.02
257.724,7,-35.3562691,149.16596619999999,100.018,-0.33294920375820175,19.98,0.02
257.824,7,-35.356251199999996,149.16596619999999,100.012,-0.3607029570790345,19.98,0.01
257.925,7,-35.3562333,149.16596619999999,100.005,-0.36040901882088594,19.98,0.0
258.025,7,-35.356215299999995,149.16596619999999,99.997,-0.28817819420284085,19.98,0.0
258.125,7,-35.3561972,149.16596619999999,99.991,-0.23627505309138502,19.990000000000002,0.0
258.225,7,-35.3561792,149.16596619999999,99.98700000000001,-0.16643878340659796,20.0,0.0
258.324,7,-35.356161,149.16596619999999,99.98400000000001,-0.09759694657628243,20.01,0.0
258.424,7,-35.3561429,149.16596619999999,99.983,-0.06850202824900078,20.02,0.0
258.524,7,-35.356124699999995,149.16596619999999,99.986,-0.015630726165488856,20.03,0.0
258.624,7,-35.356106499999996,149.16596619999999,99.991,0.0430754050887453,20.04,0.0
258.724,7,-35.356088299999996,149.16596619999999,100.0,0.05595685171375176,20.05,0.0
258.824,7,-35.3560701,149.16596619999999,100.009,0.03803927115893152,20.06,0.0
258.924,7,-35.3560521,149.16596619999999,100.015,0.03946979558365251,20.06,0.0
259.024,7,-35.356034099999995,149.16596619999999,100.019,0.014108459426908833,20.05,0.0
259.124,7,-35.3560161,149.16596619999999,100.021,-0.01053215670273962,20.05,0.0
259.224,7,-35.3559982,149.16596619999999,100.018,0.0004461681211512823,20.05,0.0
259.324,7,-35.3559803,149.16596619999999,100.012,0.013096052302646379,20.04,0.0
259.424,7,-35.355962399999996,149.16596619999999,100.006,0.019738231177605273,20.04,0.0
259.524,7,-35.3559445,149.16596619999999,100.001,0.02510947459862611,20.04,0.0
259.624,7,-35.3559266,149.16596619999999,99.999,0.037310948877826024,20.03,0.0
259.724,7,-35.3559087,149.16596619999999,99.996,0.014734412246796785,20.03,0.0
259.824,7,-35.3558908,149.16596619999999,99.995,-0.013672051026595348,20.02,0.0
259.924,7,-35.3558729,149.16596619999999,99.996,0.01530174650225762,20.02,0.0
260.025,7,-35.355854799999996,149.16596619999999,100.0,0.03976306349608663,20.01,0.0
260.125,7,-35.3558367,149.16596619999999,100.004,0.028144728289963127,20.02,0.0
260.225,7,-35.3558186,149.16596619999999,100.008,0.04657707765756688,20.02,0.0
260.324,7,-35.3558005,149.16596619999999,100.012,0.0655640463899036,20.02,0.0
260.424,7,-35.3557823,149.16596619999999,100.014,0.06372736583340485,20.03,0.0
260.524,7,-35.3557641,149.16596629999998,100.014,0.033274217031909234,20.03,0.0
260.624,7,-35.355745999999996,149.16596629999998,100.013,-0.004419016499895878,20.04,0.0
260.724,7,-35.3557278,149.16596629999998,100.011,-0.020080395974080477,20.05,0.0
260.824,7,-35.3557096,149.16596629999998,100.008,-0.02810097572564604,20.05,0.0
260.924,7,-35.3556916,149.16596629999998,100.006,-0.036792498166193045,20.05,0.0
261.024,7,-35.355673599999996,149.16596629999998,100.008,-0.0554894640032819,20.04,0.0
261.124,7,-35.3556557,149.16596629999998,100.013,-0.07526158098999944,20.04,0.0
261.224,7,-35.3556378,149.16596629999998,100.019,-0.09698828600778438,20.03,0.0
261.324,7,-35.3556199,149.16596629999998,100.026,-0.11913457408195571,20.02,0.0
261.424,7,-35.355602,149.16596629999998,100.034,-0.1404251941995978,20.01,-0.01
261.524,7,-35.3555841,149.16596629999998,100.039,-0.12628025929468487,20.0,-0.02
261.624,7,-35.3555663,149.16596629999998,100.041,-0.074409314787842,20.0,-0.02
261.724,7,-35.355548399999996,149.16596629999998,100.04,-0.0196215259897533,19.990000000000002,-0.02
261.824,7,-35.3555305,149.16596629999998,100.037,0.003975973011030761,19.990000000000002,-0.02
261.924,7,-35.3555127,149.16596629999998,100.031,0.05824746637568528,19.990000000000002,-0.01
262.024,7,-35.355494799999995,149.16596629999998,100.024,0.11366423288701018,19.990000000000002,-0.02
262.125,7,-35.3554767,149.16596619999999,100.015,0.13739264356896505,19.990000000000002,-0.02
262.225,7,-35.3554588,149.16596619999999,100.008,0.1578227398924649,19.990000000000002,-0.02
262.325,7,-35.355440699999996,149.16596619999999,100.002,0.17861103428120695,20.0,-0.01
262.424,7,-35.3554227,149.16596619999999,99.997,0.1553649390083181,20.01,-0.01
262.524,7,-35.3554045,149.1659661,99.995,0.18159390595779845,20.02,-0.01
262.624,7,-35.3553864,149.1659661,99.994,0.19439369380261556,20.03,-0.01
262.724,7,-35.3553681,149.1659661,99.994,0.21884190236942663,20.05,-0.01
262.824,7,-35.3553499,149.1659661,99.997,0.22498552412572087,20.06,0.0
262.924,7,-35.355331899999996,149.1659661,100.002,0.19510831568474138,20.06,0.0
263.024,7,-35.3553138,149.1659661,100.008,0.17671392255880944,20.05,0.0
263.124,7,-35.3552959,149.1659661,100.013,0.1657970524495209,20.05,0.0
263.224,7,-35.3552779,149.1659661,100.016,0.1342082546314317,20.04,0.0
263.324,7,-35.35526,149.1659661,100.019,0.1131360138042449,20.03,0.01
263.424,7,-35.3552421,149.1659661,100.02,0.08174631199839764,20.03,0.01
263.524,7,-35.355224199999995,149.1659661,100.021,0.0763363686188178,20.02,0.01
263.624,7,-35.3552062,149.1659661,100.022,0.08409044092567394,20.01,0.01
263.724,7,-35.3551883,149.1659661,100.021,0.07271660181244244,20.01,0.01
263.824,7,-35.3551704,149.1659661,100.019,0.03920573940312276,20.0,0.01
263.924,7,-35.355152499999996,149.1659661,100.016,0.004267182361811953,20.0,0.01
264.024,7,-35.3551346,149.1659661,100.014,-0.010470635808173248,20.0,0.0
264.125,7,-35.355116699999996,149.1659661,100.011,-0.02706470295992821,20.0,0.0
264.225,7,-35.3550986,149.1659661,100.007,0.008294775327907879,20.0,0.0
264.325,7,-35.3550805,149.1659661,100.002,-0.0003094021447289351,20.0,0.0
264.425,7,-35.3550624,149.1659661,99.996,-0.00576479763700145,20.01,0.0
264.524,7,-35.3550442,149.1659661,99.992,-0.025173140766231356,20.02,0.0
264.624,7,-35.355026099999996,149.1659661,99.99000000000001,-0.024705948156379883,20.02,0.0
264.724,7,-35.3550079,149.1659661,99.99000000000001,-0.01035128508928655,20.04,0.0
264.824,7,-35.3549897,149.1659661,99.99000000000001,0.046488108440531514,20.05,0.0
264.924,7,-35.3549715,149.1659661,99.99000000000001,0.03496019653468465,20.06,0.0
265.024,7,-35.3549533,149.1659661,99.99000000000001,-0.03081431839923319,20.06,0.0
265.124,7,-35.3549352,149.1659661,99.992,-0.08101061257938,20.07,-0.01
265.224,7,-35.354917199999996,149.1659661,99.994,-0.13012424173480044,20.06,-0.02
265.324,7,-35.3548993,149.1659661,99.998,-0.14430636915417822,20.06,-0.03
265.424,7,-35.354881299999995,149.165966,100.005,-0.09155834564858374,20.05,-0.04
265.524,7,-35.3548634,149.1659659,100.014,-0.02402514704982688,20.05,-0.04
265.624,7,-35.354845499999996,149.1659659,100.022,0.08491855467179171,20.04,-0.04
265.724,7,-35.3548276,149.16596579999998,100.03,0.2000151395927344,20.03,-0.04
265.824,7,-35.3548097,149.1659657,100.033,0.2553693805246846,20.03,-0.03
265.924,7,-35.3547918,149.1659657,100.031,0.3558896480657325,20.02,-0.03
266.024,7,-35.3547739,149.1659656,100.025,0.42586120085281076,20.02,-0.03
266.124,7,-35.354756,149.1659656,100.017,0.501597086453836,20.02,-0.02
266.225,7,-35.3547381,149.1659655,100.01,0.5485299309227852,20.02,-0.01
266.325,7,-35.3547199,149.1659655,100.005,0.5430100708563571,20.03,-0.01
266.425,7,-35.3547018,149.1659655,100.002,0.5456302488158504,20.03,0.0
266.525,7,-35.3546836,149.1659655,100.002,0.5409559981851816,20.04,0.0
266.624,7,-35.354665499999996,149.1659655,100.004,0.4540565152313143,20.04,0.0
266.724,7,-35.354647299999996,149.1659654,100.007,0.3899444109784607,20.05,0.0
266.824,7,-35.3546291,149.1659655,100.013,0.35478302401805817,20.05,0.01
266.924,7,-35.3546109,149.1659655,100.019,0.2979776747123844,20.06,0.01
267.024,7,-35.3545928,149.1659655,100.023,0.3434321834324226,20.06,0.02
267.124,7,-35.3545747,149.1659655,100.025,0.32852388150626816,20.06,0.03
267.224,7,-35.354556699999996,149.1659655,100.024,0.24816526517804008,20.05,0.03
267.324,7,-35.3545388,149.1659655,100.022,0.14723841461839132,20.05,0.02
267.424,7,-35.3545209,149.1659655,100.018,0.07293833616652323,20.05,0.02
267.524,7,-35.354503,149.1659655,100.012,0.024046628128168702,20.04,0.01
267.624,7,-35.3544851,149.1659655,100.007,-0.015621478062672231,20.03,0.01
267.724,7,-35.354467199999995,149.1659655,100.006,-0.015482873247288574,20.03,0.01
267.824,7,-35.3544493,149.1659655,100.006,0.04561783295052346,20.02,0.01
267.924,7,-35.354431399999996,149.1659655,100.009,0.10607581934795329,20.01,0.01
268.024,7,-35.3544136,149.1659655,100.014,0.11900726842717166,20.0,0.01
268.124,7,-35.3543957,149.1659655,100.018,0.1371530533394857,20.0,0.01
268.224,7,-35.3543778,149.1659655,100.022,0.141744901473078,19.990000000000002,0.01
268.325,7,-35.3543599,149.1659655,100.025,0.17501077753666974,19.990000000000002,0.01
268.425,7,-35.3543419,149.1659655,100.026,0.20526732828084943,19.990000000000002,0.02
268.525,7,-35.354323799999996,149.1659655,100.024,0.14914039551861508,19.990000000000002,0.02
268.625,7,-35.3543057,149.1659655,100.018,0.10217985009690893,20.0,0.01
268.724,7,-35.3542876,149.1659655,100.012,0.10771882668888515,20.01,0.01
268.824,7,-35.3542694,149.1659655,100.006,0.11298952492284664,20.02,0.01
268.924,7,-35.3542512,149.1659655,100.003,0.057563640375784035,20.03,0.01
269.024,7,-35.3542331,149.1659655,100.004,0.014747567364561,20.04,0.01
269.124,7,-35.354214899999995,149.1659656,100.004,-0.023464819741361255,20.05,0.01
269.224,7,-35.354196699999996,149.1659656,100.004,-0.008192539268822557,20.06,0.01
269.324,7,-35.3541787,149.1659656,100.003,-0.001890749482894426,20.06,0.01
269.424,7,-35.3541607,149.1659656,100.003,0.03584688382200991,20.06,0.01
269.524,7,-35.3541427,149.1659656,100.004,0.07890017750733862,20.05,0.02
269.624,7,-35.3541248,149.1659656,100.007,0.10834452270966856,20.05,0.02
269.724,7,-35.3541069,149.1659656,100.009,0.08019318434405359,20.04,0.02
269.824,7,-35.354089,149.1659657,100.012,0.03532784614099513,20.03,0.03
269.924,7,-35.3540711,149.1659657,100.013,0.0026797739029797577,20.02,0.03
270.024,7,-35.354053199999996,149.1659657,100.012,-0.0026271061158541177,20.02,0.03
270.124,7,-35.3540353,149.16596579999998,100.01,-0.015591435902494753,20.01,0.03
270.224,7,-35.3540174,149.16596579999998,100.006,-0.010556254964163068,20.01,0.03
270.324,7,-35.3539995,149.16596579999998,100.001,-0.007589066375741476,20.01,0.03
270.425,7,-35.3539816,149.1659659,99.994,-0.04402120286086026,20.01,0.02
270.525,7,-35.3539634,149.1659659,99.99000000000001,-0.08371530745974554,20.02,0.02
270.625,7,-35.3539453,149.1659659,99.99000000000001,-0.1178172547066424,20.02,0.02
270.725,7,-35.3539271,149.1659659,99.992,-0.1751036921217657,20.03,0.01
270.824,7,-35.353909,149.165966,99.994,-0.2298239927811609,20.03,0.01
270.924,7,-35.353890799999995,149.165966,99.996,-0.2740580854347353,20.04,0.0
271.024,7,-35.353872599999995,149.165966,99.997,-0.25576665207445604,20.05,0.0
271.124,7,-35.353854399999996,149.165966,99.995,-0.20104040167996357,20.06,0.0
271.224,7,-35.3538363,149.165966,99.992,-0.09564790807391566,20.07,0.0
271.324,7,-35.3538182,149.165966,99.99000000000001,-0.0067734715859698695,20.07,0.0
271.424,7,-35.353800199999995,149.165966,99.99000000000001,0.007496851318076366,20.06,0.0
271.524,7,-35.3537823,149.165966,99.991,0.012630358799255803,20.06,0.01
271.624,7,-35.3537643,149.165966,99.993,0.007627610420558434,20.06,0.01
271.724,7,-35.3537464,149.165966,99.994,-0.005764193992353123,20.05,0.0
271.824,7,-35.353728499999995,149.165966,99.993,0.011168358141435896,20.05,0.0
271.924,7,-35.3537106,149.165966,99.99000000000001,0.04645496468077976,20.05,0.0
272.024,7,-35.353692699999996,149.165966,99.986,0.0626469953253528,20.04,0.0
272.124,7,-35.3536748,149.165966,99.985,0.12037469364334936,20.04,0.0
272.224,7,-35.3536569,149.165966,99.98400000000001,0.15645728902784414,20.03,0.0
272.324,7,-35.353639,149.165966,99.98400000000001,0.18197802405733232,20.03,0.01
272.424,7,-35.353621,149.165966,99.98400000000001,0.162796905196806,20.02,0.01
272.525,7,-35.353603,149.165966,99.983,0.11077528298161296,20.02,0.02
272.625,7,-35.353584999999995,149.165966,99.977,0.05386291181536022,20.02,0.01
272.725,7,-35.3535669,149.1659661,99.96900000000001,-0.014987902978454171,20.03,0.01
272.824,7,-35.3535488,149.1659661,99.961,-0.0705836017697349,20.04,0.01
272.924,7,-35.3535306,149.1659661,99.955,-0.1342880557869298,20.05,0.01
273.024,7,-35.3535124,149.1659661,99.95400000000001,-0.16288772536842602,20.06,0.01
273.124,7,-35.3534942,149.1659661,99.958,-0.1506955041946227,20.07,0.01
273.224,8,-35.353476,149.1659661,99.96600000000001,-0.12678410580789232,20.07,0.01
273.324,8,-35.3534577,149.1659661,99.977,-0.08530700834062296,20.080000000000002,0.0
273.424,8,-35.3534395,149.1659661,99.989,0.37996232963032506,20.09,-0.01
273.524,8,-35.353421499999996,149.1659661,99.998,2.2958287109520357,20.09,-0.03
273.624,8,-35.3534034,149.1659661,100.005,6.63372774316062,20.07,0.01
273.724,8,-35.3533855,149.1659661,100.012,13.45776419339166,20.01,0.2
273.824,8,-35.3533676,149.1659665,100.016,21.730159759483648,19.91,0.56
273.924,8,-35.3533499,149.1659675,100.013,30.1768993192348,19.76,1.07
274.024,8,-35.3533323,149.165969,99.996,37.374682440188465,19.59,1.68
274.124,8,-35.3533149,149.1659713,99.96000000000001,42.49614952516079,19.41,2.38
274.224,9,-35.3532977,149.16597439999998,99.913,45.31261901055057,19.21,3.17
274.324,9,-35.3532807,149.1659784,99.869,46.241541813145226,18.96,4.0600000000000005
274.424,9,-35.3532638,149.16598349999998,99.84100000000001,45.92146890335467,18.64,5.0200000000000005
274.524,9,-35.3532474,149.1659896,99.84700000000001,45.103714259691145,18.23,5.98
274.625,9,-35.353231099999995,149.16599689999998,99.888,44.27939238914065,17.75,6.9
274.725,9,-35.353215399999996,149.1660052,99.97200000000001,43.75196176633767,17.23,7.74
274.825,9,-35.353200099999995,149.1660143,100.081,43.62343468163096,16.71,8.46
274.924,9,-35.3531852,149.16602419999998,100.208,43.78409780638258,16.21,9.09
275.024,9,-35.3531707,149.16603469999998,100.34,44.09599156464205,15.73,9.64
275.124,9,-35.3531567,149.1660458,100.468,44.40588749256928,15.3,10.120000000000001
275.224,9,-35.353142999999996,149.1660574,100.584,44.65196213289192,14.88,10.540000000000001
275.324,9,-35.3531297,149.1660694,100.681,44.76854663183486,14.5,10.93
275.424,9,-35.3531167,149.1660818,100.757,44.806088766607836,14.120000000000001,11.28
275.524,9,-35.3531042,149.1660944,100.808,44.75057298903397,13.72,11.61
275.624,9,-35.3530921,149.1661074,100.84100000000001,44.65054828373372,13.290000000000001,11.950000000000001
275.724,9,-35.353080399999996,149.1661207,100.858,44.57520446699931,12.8,12.3
275.824,9,-35.3530692,149.1661344,100.866,44.5400392380575,12.26,12.66
275.924,9,-35.353058499999996,149.1661484,100.87,44.5070118583259,11.67,13.030000000000001
276.024,9,-35.3530484,149.1661629,100.874,44.498463876579635,11.040000000000001,13.39
276.124,9,-35.3530388,149.1661777,100.882,44.50127108432851,10.38,13.74
276.224,9,-35.353029899999996,149.1661929,100.893,44.532532860159655,9.69,14.07
276.324,9,-35.3530216,149.16620849999998,100.908,44.60782203538071,9.0,14.370000000000001
276.424,9,-35.3530138,149.1662244,100.925,44.65621392565025,8.290000000000001,14.64
276.524,9,-35.353006799999996,149.1662405,100.944,44.71672598660197,7.58,14.9
276.625,9,-35.3530003,149.166257,100.964,44.7071773821423,6.88,15.120000000000001
276.725,9,-35.3529944,149.166274,100.983,44.688329475127645,6.19,15.33
276.825,9,-35.352989099999995,149.166291,100.999,44.68635213536293,5.5,15.5
276.925,9,-35.3529844,149.1663084,101.014,44.69828789093752,4.82,15.66
277.024,9,-35.3529804,149.16632579999998,101.028,44.69819226828915,4.13,15.8
277.124,9,-35.3529769,149.1663434,101.04,44.69622517380818,3.44,15.91
277.224,9,-35.3529741,149.1663611,101.048,44.6953099284594,2.7600000000000002,15.99
277.324,9,-35.3529719,149.166379,101.053,44.70593087261877,2.07,16.05
277.424,9,-35.3529704,149.1663968,101.053,44.69718823048115,1.37,16.09
277.524,9,-35.3529694,149.1664145,101.052,44.67101836067625,0.68,16.11
277.624,9,-35.352969099999996,149.1664322,101.048,44.660322284436006,-0.01,16.1
277.724,9,-35.3529694,149.1664497,101.041,44.65205775554029,-0.72,16.06
277.824,9,-35.3529704,149.1664673,101.033,44.66030520896308,-1.43,16.0
277.924,9,-35.352972,149.16648469999998,101.027,44.6755399459068,-2.16,15.91
278.024,9,-35.3529743,149.16650199999998,101.022,44.739180233498395,-2.89,15.8
278.124,9,-35.3529771,149.1665191,101.018,44.78581676515124,-3.61,15.66
278.224,9,-35.352980599999995,149.1665361,101.014,44.79061155794859,-4.33,15.5
278.324,9,-35.3529848,149.1665529,101.011,44.758168159391026,-5.03,15.32
278.424,9,-35.3529896,149.1665696,101.007,44.760131838777404,-5.72,15.11
278.524,9,-35.352995,149.166586,101.003,44.78128834973152,-6.38,14.9
278.624,9,-35.353001,149.1666021,100.995,44.78883570876438,-7.04,14.66
278.725,9,-35.3530076,149.166618,100.985,44.77975838735744,-7.7,14.39
278.825,9,-35.3530148,149.1666338,100.97200000000001,44.77347119822644,-8.34,14.11
278.925,9,-35.3530227,149.1666492,100.953,44.77585834934136,-8.97,13.82
279.02500000000003,9,-35.353031,149.16666429999998,100.931,44.787623350186706,-9.6,13.5
279.124,9,-35.35304,149.1666792,100.905,44.779457859033954,-10.24,13.16
279.224,9,-35.3530496,149.1666936,100.88,44.77166802828556,-10.86,12.8
279.324,9,-35.353059699999996,149.1667076,100.852,44.75352363075542,-11.48,12.41
279.424,9,-35.3530704,149.16672119999998,100.827,44.7558049139382,-12.09,12.0
279.524,9,-35.3530817,149.1667343,100.804,44.782937840416075,-12.69,11.57
279.624,9,-35.3530934,149.1667469,100.782,44.80119835116211,-13.27,11.11
279.724,9,-35.3531056,149.1667588,100.764,44.80661810626851,-13.83,10.63
279.824,9,-35.3531182,149.1667703,100.746,44.77885338729241,-14.38,10.120000000000001
279.924,9,-35.3531313,149.16678109999998,100.73100000000001,44.73165336503304,-14.9,9.59
280.024,9,-35.3531449,149.1667913,100.718,44.75205514008387,-15.4,9.040000000000001
280.124,9,-35.353158799999996,149.1668008,100.709,44.799811822760596,-15.88,8.48
280.224,9,-35.3531732,149.16680979999998,100.70100000000001,44.83432135354209,-16.330000000000002,7.91
280.324,9,-35.353187999999996,149.1668181,100.691,44.8599652987809,-16.77,7.32
280.424,9,-35.3532031,149.1668258,100.68,44.88334845140444,-17.18,6.72
280.524,9,-35.3532186,149.16683279999998,100.668,44.91379743472435,-17.56,6.11
280.624,9,-35.3532345,149.1668392,100.656,44.92321968068438,-17.93,5.5
280.724,9,-35.3532507,149.1668449,100.643,44.88842669705234,-18.28,4.86
280.825,9,-35.3532672,149.1668498,100.629,44.8680283370961,-18.6,4.21
280.925,9,-35.3532843,149.1668542,100.61,44.87712956416514,-18.92,3.54
281.02500000000003,9,-35.3533015,149.16685769999998,100.592,44.88769928190573,-19.21,2.87
281.125,9,-35.353319,149.16686049999998,100.57000000000001,44.89533201830322,-19.48,2.19
281.224,9,-35.3533368,149.1668626,100.548,44.88685575354324,-19.73,1.51
281.324,9,-35.3533548,149.16686389999998,100.525,44.87560984707481,-19.96,0.81
281.424,9,-35.353373,149.16686439999998,100.504,44.87976260209018,-20.16,0.1
281.524,9,-35.3533914,149.1668641,100.48400000000001,44.88849841403862,-20.34,-0.61
281.624,9,-35.353409899999996,149.166863,100.467,44.88384364011926,-20.490000000000002,-1.34
281.724,9,-35.3534284,149.1668612,100.453,44.85328537377262,-20.61,-2.08
281.824,9,-35.3534469,149.1668585,100.44,44.81403227661256,-20.7,-2.81
281.924,9,-35.3534654,149.1668551,100.431,44.79133555800061,-20.75,-3.5500000000000003
282.024,9,-35.353484,149.1668508,100.426,44.80289223807627,-20.78,-4.28
282.124,9,-35.3535025,149.16684569999998,100.424,44.82166842810464,-20.79,-5.0200000000000005
282.224,9,-35.3535211,149.1668398,100.422,44.82555480574237,-20.76,-5.75
282.324,9,-35.3535396,149.16683319999999,100.419,44.840868089861544,-20.71,-6.47
282.424,9,-35.3535581,149.1668257,100.413,44.87005348818501,-20.64,-7.18
282.524,9,-35.353576499999996,149.16681739999999,100.406,44.900328301681085,-20.54,-7.91
282.624,9,-35.353594799999996,149.16680839999998,100.4,44.91539228389555,-20.41,-8.64
282.724,9,-35.3536129,149.1667985,100.396,44.88657913088185,-20.26,-9.35
282.824,9,-35.353631,149.1667879,100.391,44.84511646752529,-20.09,-10.06
282.925,9,-35.353648899999996,149.1667765,100.385,44.817751314615634,-19.89,-10.74
283.02500000000003,9,-35.3536668,149.16676429999998,100.378,44.692393437683805,-19.67,-11.42
283.125,9,-35.3536845,149.1667512,100.363,44.13013226520835,-19.44,-12.11
283.224,9,-35.3537019,149.16673749999998,100.348,42.65881389533923,-19.18,-12.790000000000001
283.324,9,-35.3537192,149.1667229,100.334,39.75400615831909,-18.91,-13.42
283.424,9,-35.3537362,149.1667077,100.327,34.97253564494625,-18.61,-13.97
283.524,9,-35.3537531,149.1666919,100.33500000000001,28.199334158273498,-18.34,-14.38
283.624,9,-35.3537696,149.1666758,100.364,20.029353863691263,-18.12,-14.56
283.724,9,-35.353786,149.1666597,100.407,11.194744082674367,-17.98,-14.55
283.824,9,-35.3538023,149.1666436,100.446,2.16722094463575,-17.91,-14.39
283.924,9,-35.3538184,149.166628,100.461,-6.838674826282846,-17.87,-14.15
284.024,9,-35.3538345,149.1666127,100.438,-15.756206518918281,-17.87,-13.89
284.124,9,-35.3538505,149.16659769999998,100.367,-24.21992934404067,-17.92,-13.58
284.224,9,-35.353866599999996,149.1665832,100.252,-31.516808264567466,-18.02,-13.22
284.324,9,-35.3538828,149.1665691,100.102,-37.04061105769397,-18.22,-12.75
284.424,9,-35.3538993,149.16655559999998,99.932,-40.603203577826775,-18.51,-12.16
284.524,9,-35.3539161,149.1665429,99.766,-42.48305263742729,-18.900000000000002,-11.41
284.624,9,-35.3539332,149.166531,99.62,-43.13855272226258,-19.32,-10.51
284.724,9,-35.3539507,149.1665203,99.516,-43.13907523173409,-19.73,-9.51
284.824,9,-35.3539686,149.1665107,99.456,-42.690280576845474,-20.07,-8.45
284.924,9,-35.3539868,149.1665023,99.447,-41.953371467292804,-20.32,-7.37
285.02500000000003,9,-35.354005199999996,149.1664949,99.48,-40.84158401004939,-20.48,-6.36
285.125,9,-35.3540239,149.1664887,99.553,-39.121612603445946,-20.56,-5.47
285.225,9,-35.3540425,149.16648329999998,99.65,-36.57201909949608,-20.580000000000002,-4.75
285.324,9,-35.3540612,149.1664786,99.764,-33.1801813086136,-20.56,-4.2
285.424,9,-35.3540798,149.1664744,99.879,-29.06626616396112,-20.51,-3.84
285.524,9,-35.3540984,149.16647039999998,99.98100000000001,-24.565388359428866,-20.45,-3.64
285.624,9,-35.3541169,149.1664666,100.057,-20.037915505815874,-20.39,-3.5700000000000003
285.724,9,-35.3541354,149.16646269999998,100.08800000000001,-15.995309243645625,-20.32,-3.58
285.824,9,-35.3541537,149.1664588,100.075,-12.7669631296048,-20.26,-3.6
285.924,9,-35.3541719,149.1664549,100.014,-10.606281450769103,-20.19,-3.61
286.024,9,-35.3541899,149.166451,99.916,-9.55084732304653,-20.14,-3.58
286.124,9,-35.3542079,149.1664471,99.795,-9.537729090971872,-20.09,-3.5
286.224,9,-35.3542258,149.1664433,99.67,-10.306863886802315,-20.07,-3.35
286.324,9,-35.3542437,149.1664398,99.558,-11.486765405543679,-20.05,-3.15
286.424,9,-35.3542615,149.16643639999998,99.468,-12.80059583485159,-20.03,-2.9
286.524,9,-35.354279399999996,149.1664334,99.409,-13.938487421329143,-20.0,-2.61
286.624,9,-35.3542972,149.1664307,99.379,-14.670138138994554,-19.96,-2.33
286.724,9,-35.3543149,149.1664283,99.374,-14.9210844117427,-19.92,-2.07
286.824,9,-35.3543327,149.1664262,99.385,-14.653267571744623,-19.87,-1.84
286.924,9,-35.3543504,149.1664242,99.404,-13.926744618598597,-19.84,-1.6600000000000001
287.024,9,-35.354368099999995,149.16642249999998,99.424,-12.831744058787786,-19.81,-1.52
287.125,9,-35.3543859,149.1664208,99.436,-11.53982829143186,-19.79,-1.41
287.225,9,-35.3544036,149.1664193,99.437,-10.21479805943242,-19.78,-1.33
287.325,9,-35.3544215,149.1664178,99.421,-9.015854827058709,-19.79,-1.27
287.424,9,-35.354439299999996,149.1664164,99.393,-7.981042747987695,-19.79,-1.21
287.524,9,-35.3544573,149.166415,99.35600000000001,-7.222251419881592,-19.81,-1.1500000000000001
287.624,9,-35.354475199999996,149.1664137,99.315,-6.7323223776034,-19.82,-1.08
287.724,9,-35.3544932,149.1664125,99.272,-6.482982479970676,-19.84,-1.0
287.824,9,-35.3545112,149.1664113,99.23400000000001,-6.4317893583677845,-19.85,-0.91
287.924,9,-35.354529,149.1664103,99.20700000000001,-6.46650592925849,-19.85,-0.81
288.024,9,-35.3545468,149.1664094,99.193,-6.488983654930179,-19.85,-0.71
288.124,9,-35.354564599999996,149.16640859999998,99.191,-6.455214772786813,-19.84,-0.62
288.224,9,-35.3545823,149.1664079,99.197,-6.229975624527302,-19.830000000000002,-0.53
288.324,9,-35.3546,149.1664073,99.206,-5.872262822881279,-19.82,-0.45
288.424,9,-35.3546177,149.1664068,99.217,-5.443274862812057,-19.81,-0.39
288.524,9,-35.3546354,149.1664063,99.226,-5.020578787628886,-19.8,-0.33
288.624,9,-35.3546531,149.1664059,99.232,-4.497050337276109,-19.8,-0.28
288.724,9,-35.3546708,149.1664056,99.23400000000001,-3.993609900159163,-19.8,-0.24
288.824,9,-35.3546885,149.16640529999998,99.233,-3.5223496858733205,-19.8,-0.21
288.924,9,-35.354706199999995,149.166405,99.22800000000001,-3.091525258691011,-19.8,-0.18
289.024,9,-35.354723899999996,149.16640479999998,99.22200000000001,-2.7397045624211813,-19.8,-0.15
289.125,9,-35.3547417,149.1664046,99.217,-2.4277418619397846,-19.8,-0.13
289.225,9,-35.3547595,149.1664044,99.214,-2.148107300573704,-19.8,-0.1
289.325,9,-35.3547775,149.1664042,99.214,-1.964797616411844,-19.81,-0.08
289.425,9,-35.3547954,149.1664041,99.218,-1.8256340061767151,-19.82,-0.05
289.524,9,-35.3548134,149.166404,99.224,-1.7029640221266977,-19.84,-0.03
289.624,9,-35.3548314,149.166404,99.23100000000001,-1.5593524646380095,-19.84,-0.02
289.724,9,-35.3548494,149.1664039,99.24000000000001,-1.4906871855296961,-19.86,0.0
289.824,9,-35.354867399999996,149.1664039,99.251,-1.396205072019204,-19.86,0.01
289.924,9,-35.3548855,149.1664039,99.264,-1.231193998252337,-19.87,0.02
290.024,9,-35.3549035,149.1664039,99.278,-1.068323761903446,-19.88,0.04
290.124,9,-35.354921399999995,149.166404,99.291,-0.914007270272938,-19.88,0.04
290.224,9,-35.3549392,149.166404,99.303,-0.7581464621989197,-19.88,0.05
290.324,9,-35.354957,149.1664041,99.311,-0.6252228167399793,-19.88,0.06
290.424,9,-35.3549748,149.166404,99.318,-0.5033876098725842,-19.88,0.07
290.524,9,-35.354992599999996,149.1664041,99.32300000000001,-0.4285863662903665,-19.87,0.08
290.624,9,-35.3550103,149.1664042,99.327,-0.32852174707215254,-19.87,0.08
290.724,9,-35.3550281,149.16640429999998,99.33,-0.2750605490975669,-19.87,0.08
290.824,9,-35.3550458,149.1664044,99.333,-0.1904767804168116,-19.87,0.09
290.924,9,-35.3550636,149.1664045,99.336,-0.1461624864013424,-19.86,0.09
291.024,9,-35.3550813,149.1664046,99.34100000000001,-0.12677095235765476,-19.85,0.09
291.124,9,-35.3550991,149.1664047,99.346,-0.08145728960882163,-19.85,0.1
291.225,9,-35.3551168,149.16640479999998,99.354,0.014638297678054019,-19.84,0.11
291.325,9,-35.355134899999996,149.166405,99.36500000000001,0.1380478881620367,-19.85,0.11
291.425,9,-35.3551528,149.1664051,99.376,0.25632990255714405,-19.86,0.11
291.52500000000003,9,-35.3551709,149.16640529999998,99.386,0.362396203662963,-19.87,0.1
291.624,9,-35.3551889,149.1664054,99.397,0.43572687550036526,-19.88,0.1
291.724,9,-35.355207,149.1664056,99.406,0.4643940599009815,-19.89,0.09
291.824,9,-35.355225,149.16640569999998,99.414,0.5281342390091868,-19.900000000000002,0.09
291.924,9,-35.355243099999996,149.1664058,99.42,0.6256912716675069,-19.92,0.08
292.024,9,-35.3552611,149.1664059,99.427,0.6527493328687769,-19.94,0.07
292.124,9,-35.3552791,149.1664061,99.436,0.6282527526888203,-19.95,0.06
292.224,9,-35.355297,149.16640619999998,99.44800000000001,0.6230476682935946,-19.95,0.05
292.324,9,-35.355314799999995,149.1664063,99.464,0.6176710287563252,-19.95,0.05
292.424,9,-35.3553327,149.1664064,99.483,0.5820678672948404,-19.94,0.05
292.524,9,-35.3553505,149.1664065,99.502,0.5534316588693272,-19.94,0.04
292.624,9,-35.355368299999995,149.1664066,99.521,0.5613666311375896,-19.93,0.04
292.724,9,-35.3553861,149.16640669999998,99.537,0.5676620378399314,-19.93,0.04
292.824,9,-35.3554039,149.1664068,99.551,0.5643083082357494,-19.92,0.03
292.924,9,-35.3554217,149.1664069,99.56,0.538651929918213,-19.92,0.03
293.024,9,-35.355439499999996,149.166407,99.56700000000001,0.5010175342305898,-19.92,0.03
293.124,9,-35.3554573,149.1664071,99.574,0.45817373191865685,-19.92,0.02
293.224,9,-35.3554752,149.16640719999998,99.58200000000001,0.46205162518078446,-19.91,0.02
293.325,9,-35.355492999999996,149.1664073,99.592,0.5166424990914932,-19.91,0.02
293.425,9,-35.355511,149.1664074,99.604,0.5932190048885324,-19.900000000000002,0.01
293.52500000000003,9,-35.355529,149.1664075,99.617,0.6429153012069866,-19.91,0.0
293.625,9,-35.355547,149.16640759999999,99.628,0.6637241128436651,-19.92,0.0
293.724,9,-35.3555651,149.16640759999999,99.637,0.6559627234298563,-19.93,0.0
293.824,9,-35.3555832,149.16640769999998,99.644,0.6367438517659098,-19.94,0.0
293.924,9,-35.3556013,149.1664078,99.649,0.62726701765337,-19.95,0.0
294.024,9,-35.3556194,149.1664078,99.653,0.6029645642562299,-19.96,0.0
294.124,9,-35.3556376,149.1664079,99.659,0.5922980499284914,-19.97,-0.01
294.224,9,-35.3556557,149.1664079,99.667,0.5735780488782203,-19.97,-0.01
294.324,9,-35.355673599999996,149.166408,99.677,0.5866517780015652,-19.97,-0.02
294.424,9,-35.3556916,149.16640809999998,99.69,0.5729968424685346,-19.96,-0.03
294.524,9,-35.355709399999995,149.16640809999998,99.70700000000001,0.56112666738214,-19.96,-0.03
294.624,9,-35.3557273,149.16640809999998,99.72500000000001,0.5609969471487626,-19.95,-0.04
294.724,9,-35.3557451,149.16640809999998,99.741,0.5370294931860705,-19.94,-0.04
294.824,9,-35.355762899999995,149.16640809999998,99.753,0.5146935473005123,-19.94,-0.05
294.924,9,-35.3557807,149.16640809999998,99.761,0.48467918812739047,-19.93,-0.05
295.024,9,-35.3557985,149.16640809999998,99.765,0.42793240235776425,-19.93,-0.06
295.124,9,-35.3558163,149.16640809999998,99.767,0.3853590862091343,-19.93,-0.06
295.224,9,-35.3558342,149.16640809999998,99.768,0.3472636260721088,-19.92,-0.06
295.324,9,-35.355852,149.16640809999998,99.768,0.29484771384479963,-19.92,-0.06
295.425,9,-35.3558699,149.1664082,99.768,0.2469140865798848,-19.92,-0.06
295.52500000000003,9,-35.355888,149.1664082,99.767,0.21118796837312653,-19.93,-0.06
295.625,9,-35.355905899999996,149.1664082,99.768,0.16884631836732167,-19.93,-0.06
295.724,9,-35.355924,149.1664082,99.769,0.142226016262954,-19.95,-0.05
295.824,9,-35.3559421,149.1664082,99.772,0.12436903362669778,-19.96,-0.05
295.924,9,-35.3559602,149.1664082,99.778,0.0996380859107386,-19.97,-0.05
296.024,9,-35.3559783,149.1664082,99.783,0.07678932888868734,-19.98,-0.05
296.124,9,-35.355996499999996,149.1664082,99.789,0.1130788509905857,-19.990000000000002,-0.04
296.224,9,-35.3560146,149.1664082,99.794,0.16428064373207227,-20.01,-0.05
296.324,9,-35.3560326,149.1664082,99.799,0.20347769865638707,-20.01,-0.04
296.424,9,-35.356050599999996,149.1664082,99.804,0.21273288512623204,-20.01,-0.04
296.524,9,-35.3560685,149.1664082,99.808,0.2184492865540699,-20.0,-0.03
296.624,9,-35.3560863,149.1664082,99.81400000000001,0.199961978843042,-19.990000000000002,-0.03
296.724,9,-35.3561042,149.1664083,99.818,0.20377122336792572,-19.990000000000002,-0.02
296.824,9,-35.3561221,149.1664083,99.82300000000001,0.266586498812976,-19.98,-0.02
296.924,9,-35.356139899999995,149.1664083,99.83,0.34669357208067725,-19.97,-0.03
297.024,9,-35.3561577,149.1664084,99.84,0.4196698211331793,-19.97,-0.03
297.124,9,-35.3561756,149.1664084,99.849,0.49607050291994365,-19.97,-0.04
297.224,9,-35.356193399999995,149.1664084,99.857,0.5371241553390986,-19.96,-0.04
297.324,9,-35.3562113,149.1664084,99.86200000000001,0.5471733379597444,-19.96,-0.05
297.424,9,-35.3562291,149.1664084,99.866,0.5312403742559558,-19.96,-0.05
297.52500000000003,9,-35.3562471,149.1664084,99.867,0.5424874546631454,-19.96,-0.05
297.625,9,-35.356265,149.1664084,99.866,0.548020281416826,-19.97,-0.06
297.725,9,-35.3562831,149.1664084,99.863,0.5644974190983941,-19.98,-0.06
297.824,9,-35.356301099999996,149.1664084,99.85900000000001,0.5430012663156302,-19.990000000000002,-0.07
297.924,9,-35.356319299999996,149.1664084,99.854,0.4715715215016071,-20.0,-0.07
298.024,9,-35.3563374,149.1664084,99.849,0.3833738757186142,-20.01,-0.07
298.124,9,-35.3563556,149.1664083,99.84400000000001,0.35521895550574895,-20.03,-0.07
298.224,9,-35.3563738,149.1664083,99.84,0.2994827175681673,-20.04,-0.07
298.324,9,-35.3563918,149.1664083,99.839,0.25870496743888377,-20.04,-0.07
298.424,9,-35.356409899999996,149.1664083,99.843,0.2436094222799358,-20.04,-0.07
298.524,9,-35.3564278,149.1664082,99.851,0.1872606684522347,-20.04,-0.06
298.624,9,-35.356445799999996,149.1664082,99.861,0.14372244134099502,-20.04,-0.06
298.724,9,-35.3564637,149.1664082,99.87,0.13247877602839045,-20.03,-0.06
298.824,9,-35.356481599999995,149.1664082,99.878,0.10689235378899377,-20.03,-0.06
298.924,9,-35.3564995,149.1664082,99.886,0.1207920688944474,-20.02,-0.07
299.024,9,-35.3565174,149.16640809999998,99.894,0.18211641542930443,-20.01,-0.08
299.124,9,-35.3565353,149.16640809999998,99.899,0.21462443397971565,-20.01,-0.08
299.224,9,-35.3565532,149.166408,99.903,0.22529122845193184,-20.0,-0.09
299.324,9,-35.3565712,149.166408,99.907,0.24530066783188087,-20.0,-0.1
299.424,9,-35.3565891,149.1664079,99.908,0.21371053599246945,-19.990000000000002,-0.11
299.52500000000003,9,-35.356607,149.1664078,99.908,0.15811110194148636,-19.990000000000002,-0.11
299.625,9,-35.356625099999995,149.1664078,99.907,0.11582908268878687,-19.990000000000002,-0.11
299.725,9,-35.3566432,149.16640769999998,99.905,0.041812763912378446,-20.01,-0.1
299.825,9,-35.3566613,149.16640759999999,99.903,-0.02602331422243948,-20.01,-0.1
299.924,9,-35.3566795,149.16640759999999,99.899,-0.09819098627108842,-20.03,-0.09
300.024,9,-35.3566976,149.1664075,99.894,-0.1642578319674615,-20.04,-0.09
300.124,9,-35.356715799999996,149.1664074,99.894,-0.2024064395139661,-20.05,-0.09
300.224,9,-35.356733999999996,149.1664074,99.901,-0.2260830501479773,-20.06,-0.09
300.324,9,-35.3567523,149.1664073,99.913,-0.2088244027551848,-20.07,-0.09
300.424,9,-35.356770399999995,149.16640719999998,99.927,-0.16353629985488632,-20.07,-0.1
300.524,9,-35.3567885,149.16640719999998,99.941,-0.189381522230803,-20.07,-0.11
300.624,9,-35.3568065,149.1664071,99.953,-0.20635370188485166,-20.07,-0.11
300.724,9,-35.3568245,149.166407,99.96000000000001,-0.24792175292587326,-20.06,-0.11
300.824,9,-35.3568424,149.1664069,99.965,-0.3064590087533948,-20.05,-0.1
300.924,9,-35.3568603,149.1664068,99.967,-0.3613870432130936,-20.03,-0.1
301.024,9,-35.3568782,149.16640669999998,99.965,-0.3949950157045678,-20.02,-0.09
301.124,9,-35.3568961,149.16640669999998,99.961,-0.4519394767537277,-20.01,-0.08
301.224,9,-35.356913899999995,149.1664066,99.959,-0.49596474170951427,-20.0,-0.07
301.324,9,-35.3569318,149.1664066,99.95700000000001,-0.5376657146350866,-20.0,-0.06
301.424,9,-35.3569497,149.1664066,99.958,-0.5490756523652988,-19.990000000000002,-0.06
301.524,9,-35.356967499999996,149.1664065,99.961,-0.50252049601311,-19.98,-0.05
301.625,9,-35.3569854,149.1664065,99.967,-0.4613967807941095,-19.98,-0.04
301.725,9,-35.3570036,149.1664065,99.976,-0.421337321105588,-19.98,-0.03
301.825,9,-35.357021599999996,149.1664065,99.985,-0.36997517900116483,-19.97,-0.02
301.925,9,-35.3570397,149.1664065,99.993,-0.31167441847365496,-19.98,-0.02
302.024,9,-35.3570578,149.1664065,99.998,-0.2758446868307961,-19.990000000000002,-0.01
302.124,9,-35.357076,149.1664066,100.0,-0.21817087630411255,-20.0,0.0
302.224,9,-35.3570941,149.1664066,99.998,-0.1187597941316777,-20.0,0.0
302.324,9,-35.3571123,149.1664066,99.995,-0.053530760516435294,-20.02,0.0
302.424,9,-35.357130399999996,149.16640669999998,99.989,0.022531726854814253,-20.03,0.0
302.524,9,-35.3571484,149.16640669999998,99.983,0.07944978762200647,-20.03,-0.01
302.624,9,-35.3571664,149.16640669999998,99.979,0.10735298468146634,-20.03,-0.01
302.724,9,-35.3571843,149.16640669999998,99.977,0.12753286529565497,-20.02,-0.01
302.824,9,-35.357202199999996,149.16640669999998,99.977,0.15282775051528316,-20.02,-0.01
302.924,9,-35.35722,149.16640669999998,99.98,0.1885221456949979,-20.02,-0.01
303.024,9,-35.3572379,149.16640669999998,99.98400000000001,0.2574618196490886,-20.02,-0.01
303.124,9,-35.3572558,149.16640669999998,99.989,0.27886976694202414,-20.01,-0.02
303.224,9,-35.3572736,149.16640669999998,99.99000000000001,0.29382937532823306,-20.01,-0.02
303.324,9,-35.357291499999995,149.16640669999998,99.989,0.26520757433300035,-20.01,-0.03
303.424,9,-35.3573094,149.16640669999998,99.985,0.24869223028076243,-20.01,-0.04
303.524,9,-35.3573273,149.16640669999998,99.98100000000001,0.24472514435302797,-20.01,-0.05
303.624,9,-35.3573452,149.16640669999998,99.97800000000001,0.1938557230239845,-20.02,-0.05
303.725,9,-35.3573631,149.16640669999998,99.97500000000001,0.12565561715074605,-20.02,-0.05
303.825,9,-35.3573812,149.1664066,99.971,0.028586619517911135,-20.02,-0.05
303.925,9,-35.3573993,149.1664066,99.967,-0.0882333708740032,-20.03,-0.05
304.02500000000003,9,-35.357417399999996,149.1664066,99.96300000000001,-0.16514927837585394,-20.03,-0.04
304.124,9,-35.3574355,149.1664066,99.96000000000001,-0.20187737999776778,-20.05,-0.03
304.224,9,-35.3574537,149.1664066,99.95700000000001,-0.2078380540699262,-20.06,-0.03
304.324,9,-35.3574719,149.1664066,99.95700000000001,-0.19267467392674087,-20.06,-0.02
304.424,9,-35.3574901,149.1664066,99.958,-0.16510358814556625,-20.07,-0.02
304.524,9,-35.3575083,149.1664066,99.96000000000001,-0.1642559509973971,-20.07,-0.02
304.624,9,-35.3575265,149.16640669999998,99.965,-0.15680516176805198,-20.07,-0.02
304.724,9,-35.3575446,149.16640669999998,99.968,-0.09128856651658147,-20.07,-0.01
304.824,9,-35.3575626,149.16640669999998,99.973,-0.0047556705376651225,-20.06,-0.02
304.924,9,-35.3575805,149.16640669999998,99.97800000000001,0.058197980854735744,-20.06,-0.02
305.024,9,-35.3575985,149.16640669999998,99.982,0.08275280440562248,-20.05,-0.02
305.124,9,-35.3576164,149.16640669999998,99.985,0.0769941678627216,-20.04,-0.02
305.224,9,-35.3576343,149.16640669999998,99.986,0.05687611913682011,-20.04,-0.02
305.324,9,-35.3576522,149.16640669999998,99.98700000000001,0.023094672180124825,-20.03,-0.01
305.424,9,-35.3576701,149.16640669999998,99.985,-0.008262931405182012,-20.03,-0.01
305.524,9,-35.3576879,149.16640669999998,99.98100000000001,-0.012366872079077995,-20.02,-0.01
305.624,9,-35.3577058,149.16640669999998,99.97500000000001,0.025263729151646628,-20.02,0.0
305.724,9,-35.3577237,149.16640669999998,99.968,0.004544313618826584,-20.02,0.0
305.825,9,-35.3577417,149.16640669999998,99.961,0.05103256213159694,-20.02,0.0
305.925,9,-35.3577599,149.1664068,99.958,0.10688875193142365,-20.03,0.0
306.02500000000003,9,-35.357777899999995,149.1664068,99.95700000000001,0.14649580496892434,-20.03,0.0
306.125,9,-35.3577961,149.1664068,99.961,0.15026277435810537,-20.04,0.0
306.224,9,-35.3578143,149.1664069,99.967,0.17933503433322828,-20.05,0.0
306.324,9,-35.3578325,149.1664069,99.974,0.23634682343852306,-20.07,0.0
306.424,9,-35.3578506,149.1664069,99.979,0.30446261916419415,-20.07,0.0
306.524,9,-35.3578689,149.1664069,99.982,0.3603247620341715,-20.080000000000002,-0.01
306.624,9,-35.357887,149.1664069,99.983,0.4177969619184207,-20.09,-0.01
306.724,9,-35.357905099999996,149.1664069,99.985,0.42619673389578766,-20.09,-0.01
306.824,9,-35.3579231,149.1664069,99.988,0.39841451255993765,-20.09,-0.01
306.924,9,-35.3579411,149.1664069,99.991,0.35311157534253557,-20.080000000000002,-0.02
307.024,9,-35.357959,149.1664069,99.993,0.32560939176265613,-20.07,-0.02
307.124,9,-35.3579769,149.1664069,99.996,0.28537221375358207,-20.07,-0.02
307.224,9,-35.3579948,149.1664069,99.998,0.2425963131269525,-20.06,-0.03
307.324,9,-35.358012699999996,149.1664069,100.002,0.22990000531610372,-20.06,-0.04
307.424,9,-35.3580306,149.1664069,100.003,0.21043044436527658,-20.05,-0.04
307.524,9,-35.358048499999995,149.1664069,100.004,0.17528422522730827,-20.04,-0.04
307.624,9,-35.3580664,149.1664069,100.002,0.13655783970591612,-20.04,-0.04
307.724,9,-35.3580843,149.1664069,99.999,0.10481706350868754,-20.04,-0.04
307.824,9,-35.3581023,149.1664069,99.996,0.07662236945009886,-20.03,-0.04
307.925,9,-35.358120299999996,149.1664069,99.993,0.05019572722108484,-20.03,-0.05
308.02500000000003,9,-35.3581383,149.1664068,99.99000000000001,0.012272811903171523,-20.03,-0.04
308.125,9,-35.3581564,149.1664068,99.988,-0.040612768377305306,-20.03,-0.04
308.224,9,-35.358174399999996,149.1664068,99.98700000000001,-0.0829047894548685,-20.03,-0.04
308.324,9,-35.358192599999995,149.1664068,99.986,-0.1040901819706101,-20.04,-0.04
308.424,9,-35.3582108,149.1664068,99.985,-0.15352676434793844,-20.04,-0.03
308.524,9,-35.358229,149.1664068,99.98400000000001,-0.11848933464880107,-20.05,-0.02
308.624,9,-35.3582471,149.1664068,99.98100000000001,-0.1048647947915983,-20.06,-0.02
308.724,9,-35.3582654,149.1664068,99.97800000000001,-0.06194033088041433,-20.06,-0.01
308.824,9,-35.3582835,149.1664068,99.97500000000001,0.018520364759393695,-20.07,-0.01
308.924,9,-35.3583016,149.1664068,99.974,0.08764655490465728,-20.07,-0.02
309.024,9,-35.3583196,149.1664068,99.977,0.14763912794317421,-20.07,-0.01
309.124,9,-35.3583375,149.1664068,99.98400000000001,0.19106468361353515,-20.06,-0.01
309.224,9,-35.3583555,149.1664068,99.993,0.18770026849856175,-20.05,-0.02
309.324,9,-35.3583734,149.1664068,100.003,0.11379171196456613,-20.04,-0.02
309.424,9,-35.3583913,149.1664068,100.013,0.0883424137768854,-20.03,-0.02
309.524,9,-35.358409099999996,149.1664068,100.021,0.11430535019427901,-20.02,-0.03
309.624,9,-35.358427,149.1664068,100.027,0.14485969451822858,-20.02,-0.03
309.724,9,-35.358444899999995,149.1664068,100.031,0.15159059248122492,-20.01,-0.04
309.824,9,-35.3584628,149.16640669999998,100.031,0.16805100153541186,-20.01,-0.03
309.924,9,-35.3584807,149.16640669999998,100.028,0.17700147085482434,-20.0,-0.04
310.02500000000003,9,-35.3584987,149.16640669999998,100.023,0.15266838832812502,-20.0,-0.04
310.125,9,-35.3585168,149.16640669999998,100.017,0.08368703954792668,-20.0,-0.04
310.225,9,-35.3585348,149.16640669999998,100.01,0.02089512281622928,-20.01,-0.04
310.324,9,-35.358553,149.1664066,100.005,-0.03933658354946412,-20.02,-0.03
310.424,9,-35.3585711,149.1664066,100.001,-0.0929717946003797,-20.03,-0.03
310.524,9,-35.3585893,149.1664066,100.001,-0.08240680596537242,-20.04,-0.03
310.624,9,-35.3586074,149.1664066,100.004,-0.048777339055343184,-20.05,-0.04
310.724,9,-35.358625599999996,149.1664066,100.009,0.0022212086591483883,-20.06,-0.04
310.824,9,-35.358643799999996,149.1664065,100.015,0.04541857352066958,-20.07,-0.04
310.924,9,-35.3586618,149.1664065,100.021,0.025962749654408507,-20.07,-0.04
311.024,9,-35.3586798,149.1664065,100.025,-0.00948271798033433,-20.080000000000002,-0.04
311.124,9,-35.3586978,149.1664064,100.027,-0.06742918829131293,-20.07,-0.04
311.224,9,-35.3587157,149.1664064,100.028,-0.09313238408715434,-20.07,-0.05
311.324,9,-35.3587336,149.1664064,100.027,-0.10789728539127157,-20.06,-0.05
311.424,9,-35.3587516,149.1664063,100.026,-0.16072787814660783,-20.06,-0.05
311.524,9,-35.3587694,149.1664063,100.025,-0.26394967226738086,-20.05,-0.04
311.624,9,-35.358787299999996,149.16640619999998,100.024,-0.31047470641811276,-20.04,-0.03
311.724,9,-35.3588052,149.16640619999998,100.023,-0.3505042039877361,-20.04,-0.03
311.824,9,-35.358823099999995,149.16640619999998,100.021,-0.33072192175854287,-20.03,-0.03
311.924,9,-35.358841,149.16640619999998,100.02,-0.3035453727834291,-20.02,-0.02
312.02500000000003,9,-35.3588589,149.16640619999998,100.02,-0.24044971273686444,-20.02,-0.01
312.125,9,-35.358877199999995,149.16640619999998,100.019,-0.18348804281264727,-20.03,-0.01
312.225,9,-35.3588952,149.16640619999998,100.016,-0.10843940497621488,-20.03,-0.01
312.325,9,-35.3589134,149.16640619999998,100.011,-0.02308903427251159,-20.04,-0.01
312.424,9,-35.3589315,149.16640619999998,100.006,-0.021769542109969627,-20.05,-0.02
312.524,9,-35.3589497,149.16640619999998,100.001,-0.05030792174934089,-20.06,-0.02
312.624,9,-35.358967899999996,149.16640619999998,99.997,-0.035529243340017946,-20.07,-0.02
312.724,9,-35.358986099999996,149.16640619999998,99.994,-0.0189759880693278,-20.080000000000002,-0.02
312.824,9,-35.359004299999995,149.16640619999998,99.99000000000001,-0.01886845261053977,-20.080000000000002,-0.02
312.924,9,-35.3590223,149.1664061,99.98700000000001,-0.022381882909790485,-20.080000000000002,-0.02
313.024,9,-35.3590403,149.1664061,99.98400000000001,-0.059238704249089995,-20.080000000000002,-0.02
313.124,9,-35.3590583,149.1664061,99.983,-0.0969586507241102,-20.080000000000002,-0.01
313.224,9,-35.3590762,149.1664061,99.98100000000001,-0.14194536485717524,-20.080000000000002,-0.01
313.324,9,-35.3590941,149.1664061,99.98100000000001,-0.1599813731548798,-20.07,0.0
313.424,9,-35.3591121,149.1664061,99.985,-0.14992576055146076,-20.06,0.0
313.524,9,-35.35913,149.1664061,99.992,-0.09227676282137141,-20.05,0.0
313.624,9,-35.359147899999996,149.1664061,99.998,-0.035725617948762424,-20.04,0.0
313.724,9,-35.3591657,149.1664061,100.003,0.008128286131835513,-20.03,-0.01
313.824,9,-35.3591836,149.1664061,100.006,0.01962901985453114,-20.03,-0.01
313.924,9,-35.3592015,149.1664061,100.006,0.021723633433690423,-20.02,-0.01
314.024,9,-35.3592194,149.1664061,100.003,-0.002797082527039226,-20.02,0.0
314.125,9,-35.3592373,149.1664061,99.998,-0.015030983529530167,-20.02,0.0
314.225,9,-35.359255399999995,149.1664061,99.989,-0.004513480217252336,-20.02,0.0
314.325,9,-35.3592735,149.1664061,99.98,0.05070118456503892,-20.03,0.0
314.425,9,-35.3592916,149.1664061,99.97200000000001,0.07872253255795877,-20.05,0.0
314.524,9,-35.3593098,149.1664061,99.96900000000001,0.08262233045019805,-20.06,0.0
314.624,9,-35.3593279,149.1664061,99.96900000000001,0.07602679563077226,-20.07,0.0
314.724,9,-35.3593462,149.1664061,99.974,0.028369610934364475,-20.07,0.0
314.824,9,-35.359364299999996,149.1664061,99.98,0.026700701901934132,-20.080000000000002,0.01
314.924,9,-35.359382599999996,149.1664061,99.988,0.03838487939794483,-20.080000000000002,0.01
315.024,9,-35.3594007,149.1664061,99.996,0.03951111022400316,-20.09,0.0
315.124,9,-35.3594188,149.1664061,100.003,0.0824699652048752,-20.09,0.0
315.224,9,-35.3594368,149.1664061,100.007,0.09293843072710978,-20.09,0.0
315.324,9,-35.3594548,149.1664061,100.01,0.09016469357321025,-20.080000000000002,0.0
315.424,9,-35.3594727,149.1664061,100.013,0.09763976199062063,-20.07,0.0
315.524,9,-35.3594906,149.1664061,100.016,0.07071906496490461,-20.07,0.0
315.624,9,-35.3595086,149.1664061,100.017,0.05471329371239995,-20.06,0.0
315.724,9,-35.3595264,149.1664061,100.015,0.07227513413626425,-20.06,0.0
315.824,9,-35.3595444,149.1664061,100.013,0.06311918551258282,-20.05,0.0
315.924,9,-35.3595622,149.1664061,100.009,0.04926498054453838,-20.05,0.0
316.024,9,-35.359580199999996,149.1664061,100.005,0.06634104710905867,-20.05,0.0
316.124,9,-35.3595981,149.1664061,100.003,0.056653390936854224,-20.05,0.0
316.225,9,-35.359615999999995,149.16640619999998,100.0,0.04037205423486194,-20.05,0.0
316.325,9,-35.359634199999995,149.16640619999998,99.998,0.005742512810812961,-20.05,0.0
316.425,9,-35.3596523,149.16640619999998,99.994,0.03430108327977842,-20.06,0.0
316.52500000000003,9,-35.3596705,149.16640619999998,99.991,0.08384208617610729,-20.07,0.0
316.624,9,-35.3596886,149.16640619999998,99.991,0.10952801973603855,-20.080000000000002,0.0
316.724,9,-35.3597069,149.16640619999998,99.992,0.15790663649342232,-20.09,0.0
316.824,9,-35.359725,149.16640619999998,99.995,0.1692078248054431,-20.09,0.0
316.92400000000004,9,-35.3597433,149.16640619999998,100.002,0.14409117817468317,-20.1,0.0
317.024,9,-35.3597615,149.16640619999998,100.01,0.10912219710959137,-20.11,0.0
317.124,9,-35.3597795,149.16640619999998,100.016,0.08372136391654864,-20.11,0.0
317.224,9,-35.3597975,149.16640619999998,100.021,0.041114857317420664,-20.11,0.0
317.324,9,-35.359815499999996,149.16640619999998,100.024,0.010670723165010262,-20.1,0.0
317.42400000000004,9,-35.3598335,149.16640619999998,100.026,0.006410034568866112,-20.1,-0.01
317.524,9,-35.3598514,149.1664063,100.026,0.03696220568870538,-20.09,-0.01
317.624,9,-35.3598693,149.1664063,100.026,0.03344831681962514,-20.080000000000002,-0.01
317.724,9,-35.359887199999996,149.1664063,100.027,0.051731345845574116,-20.07,-0.02
317.824,9,-35.3599051,149.1664063,100.027,0.08440063423363434,-20.07,-0.02
317.92400000000004,9,-35.359922999999995,149.1664063,100.027,0.06973697180766404,-20.06,-0.02
318.024,9,-35.3599409,149.1664063,100.027,0.07494563805014007,-20.05,-0.02
318.124,9,-35.3599588,149.16640619999998,100.026,0.053959988546981676,-20.05,-0.02
318.224,9,-35.3599767,149.16640619999998,100.025,0.02043804375552725,-20.04,-0.02
318.325,9,-35.3599946,149.16640619999998,100.022,-0.0026734275049798985,-20.04,-0.01
318.425,9,-35.3600127,149.16640619999998,100.019,-0.036076842417542485,-20.03,-0.01
318.52500000000003,9,-35.3600308,149.16640619999998,100.017,-0.0738139077211807,-20.04,-0.01
318.624,9,-35.360048899999995,149.16640619999998,100.017,-0.10678375111314792,-20.04,-0.01
318.724,9,-35.360067099999995,149.16640619999998,100.019,-0.14535085448866128,-20.05,-0.02
318.824,9,-35.3600852,149.16640619999998,100.021,-0.14730596945815097,-20.06,-0.02
318.92400000000004,9,-35.3601034,149.16640619999998,100.023,-0.12894351280267416,-20.06,-0.02
319.024,9,-35.3601216,149.1664061,100.024,-0.09734021417281194,-20.07,-0.01
319.124,9,-35.3601398,149.1664061,100.025,-0.06697120543116507,-20.080000000000002,-0.01
319.224,9,-35.360158,149.1664061,100.028,-0.08500848104912581,-20.080000000000002,-0.01
319.324,9,-35.360175999999996,149.1664061,100.033,-0.08729639431788173,-20.080000000000002,-0.01
319.42400000000004,9,-35.360194,149.1664061,100.036,-0.06111499189864687,-20.07,-0.01
319.524,9,-35.360212,149.1664061,100.039,-0.07453484619426744,-20.06,-0.01
319.624,9,-35.3602299,149.166406,100.041,-0.0746169885571861,-20.06,-0.01
319.724,9,-35.360247799999996,149.166406,100.043,-0.09247654585459428,-20.05,0.0
319.824,9,-35.3602657,149.166406,100.044,-0.11206747606532136,-20.04,0.0
319.92400000000004,9,-35.360283599999995,149.166406,100.042,-0.10110683004634256,-20.03,0.0
320.024,9,-35.3603014,149.166406,100.038,-0.10879914383608431,-20.03,0.0
320.124,9,-35.3603193,149.166406,100.031,-0.12272337158333461,-20.03,0.0
320.224,9,-35.3603372,149.1664061,100.022,-0.12581396548169926,-20.03,0.01
320.324,9,-35.3603551,149.1664061,100.011,-0.11157418166077306,-20.02,0.01
320.425,9,-35.3603732,149.1664061,100.004,-0.06962013822025981,-20.02,0.01
320.52500000000003,9,-35.360391199999995,149.1664061,100.001,0.04088699313536404,-20.03,0.01
320.625,9,-35.3604093,149.1664061,100.002,0.12757328614171967,-20.04,0.01
320.724,9,-35.3604275,149.1664061,100.005,0.1878272806686549,-20.05,0.01
320.824,9,-35.3604456,149.1664061,100.008,0.22126922086635958,-20.06,0.0
320.92400000000004,9,-35.3604638,149.1664061,100.01,0.2727287331870951,-20.07,0.0
321.024,9,-35.360482,149.1664061,100.012,0.3109210699525437,-20.09,0.0
321.124,9,-35.3605002,149.1664061,100.01,0.3178820999338445,-20.1,0.0
321.224,9,-35.3605184,149.1664061,100.005,0.2760577300359623,-20.11,0.0
321.324,9,-35.3605364,149.1664061,100.0,0.17959404791315986,-20.11,-0.01
321.42400000000004,9,-35.3605545,149.1664061,99.997,0.10675310864337542,-20.11,0.0
321.524,9,-35.360572399999995,149.1664061,99.997,0.025046171951831182,-20.1,-0.01
321.624,9,-35.3605904,149.1664061,100.001,-0.02841051536315852,-20.09,-0.01
321.724,9,-35.360608299999996,149.1664061,100.011,-0.08054960149083058,-20.080000000000002,-0.02
321.824,9,-35.3606262,149.166406,100.023,-0.10218943504010942,-20.07,-0.02
321.92400000000004,9,-35.3606441,149.166406,100.035,-0.12420481560192657,-20.06,-0.02
322.024,9,-35.360662,149.166406,100.043,-0.12331953237204302,-20.04,-0.02
322.124,9,-35.3606798,149.1664059,100.049,-0.08698165199721242,-20.03,-0.02
322.224,9,-35.360697699999996,149.1664059,100.051,-0.09210346678150216,-20.02,-0.02
322.324,9,-35.3607156,149.1664059,100.049,-0.10684627002241602,-20.02,-0.02
322.42400000000004,9,-35.360733499999995,149.1664059,100.043,-0.1146369478743552,-20.02,-0.02
322.52500000000003,9,-35.3607515,149.1664058,100.034,-0.14572588790299051,-20.01,-0.02
322.625,9,-35.360769399999995,149.1664058,100.024,-0.1428053150221489,-20.01,-0.02
322.725,9,-35.3607875,149.1664058,100.017,-0.12938880912004724,-20.02,-0.01
322.824,9,-35.3608056,149.1664058,100.01,-0.13529342761624394,-20.03,-0.01
322.92400000000004,9,-35.3608237,149.16640569999998,100.004,-0.14575722406385058,-20.04,-0.01
323.024,9,-35.3608419,149.16640569999998,100.001,-0.1550330211631246,-20.05,0.0
323.124,9,-35.3608601,149.16640569999998,100.001,-0.13814653903881843,-20.06,0.0
323.224,9,-35.360878299999996,149.16640569999998,100.003,-0.15175605114582585,-20.06,0.0
323.324,9,-35.3608963,149.16640569999998,100.005,-0.19574503072164673,-20.06,0.0
323.42400000000004,9,-35.3609143,149.16640569999998,100.008,-0.2506967307196025,-20.07,0.0
323.524,9,-35.3609323,149.16640569999998,100.012,-0.2945680229343729,-20.07,0.0
323.624,9,-35.3609503,149.16640569999998,100.015,-0.30216666174686496,-20.07,0.0
323.724,9,-35.360968199999995,149.16640569999998,100.017,-0.22315868864658048,-20.06,0.01
323.824,9,-35.3609861,149.16640569999998,100.016,-0.13372984790483994,-20.06,0.01
323.92400000000004,9,-35.361004,149.16640569999998,100.015,-0.08653779642286737,-20.05,0.01
324.024,9,-35.361022,149.16640569999998,100.015,-0.06840954722083455,-20.05,0.01
324.124,9,-35.3610399,149.16640569999998,100.015,-0.09439343444309439,-20.04,0.02
324.224,9,-35.3610578,149.16640569999998,100.014,-0.11252555230696179,-20.04,0.02
324.324,9,-35.3610757,149.16640569999998,100.011,-0.07180190341240286,-20.04,0.02
324.42400000000004,9,-35.3610936,149.16640569999998,100.008,-0.019796232757170837,-20.03,0.02
324.52500000000003,9,-35.3611116,149.16640569999998,100.005,0.08965847917215578,-20.03,0.01
324.625,9,-35.3611297,149.16640569999998,100.003,0.1423163028260451,-20.03,0.01
324.725,9,-35.3611478,149.16640569999998,100.001,0.1534015264262039,-20.04,0.01
324.825,9,-35.361165899999996,149.16640569999998,99.999,0.14362265654608938,-20.04,0.01
324.92400000000004,9,-35.361184099999996,149.16640569999998,99.996,0.10128718305900661,-20.05,0.01
325.024,9,-35.3612022,149.16640569999998,99.992,0.049501802679774026,-20.06,0.01
325.124,9,-35.3612205,149.16640569999998,99.99000000000001,0.02650248634376492,-20.07,0.01
325.224,9,-35.3612386,149.16640569999998,99.988,0.023159003690864554,-20.07,0.01
325.324,9,-35.3612569,149.16640569999998,99.988,-0.010978688657362469,-20.080000000000002,0.0
325.42400000000004,9,-35.361275,149.16640569999998,99.989,-0.01806701595581406,-20.080000000000002,0.0
325.524,9,-35.3612931,149.16640569999998,99.992,-0.0545095252904768,-20.080000000000002,0.0
325.624,9,-35.3613111,149.16640569999998,99.996,-0.07878743936539373,-20.080000000000002,0.0
325.724,9,-35.361329,149.16640569999998,100.005,-0.0652507915030086,-20.07,0.0
325.824,9,-35.361346999999995,149.16640569999998,100.016,-0.031846100515674935,-20.06,0.0
325.92400000000004,9,-35.3613649,149.16640569999998,100.027,0.004026090941463385,-20.05,0.0
326.024,9,-35.3613828,149.16640569999998,100.034,-0.00806514273383593,-20.04,0.0
326.124,9,-35.361400599999996,149.16640569999998,100.035,-0.009194090794575054,-20.04,0.0
326.224,9,-35.3614185,149.16640569999998,100.031,-0.035664826597106666,-20.03,0.0
326.324,9,-35.361436399999995,149.16640569999998,100.024,-0.0497362302467362,-20.03,0.0
326.42400000000004,9,-35.3614543,149.16640569999998,100.016,-0.06597336415221512,-20.02,0.0
326.524,9,-35.3614722,149.16640569999998,100.006,-0.08671859633267436,-20.02,0.0
326.625,9,-35.3614901,149.16640569999998,99.999,-0.10734254596461959,-20.02,0.0
326.725,9,-35.3615083,149.16640569999998,99.995,-0.13549381095906182,-20.03,0.0
326.825,9,-35.3615263,149.16640569999998,99.994,-0.16694728565422012,-20.04,0.0
326.925,9,-35.3615445,149.16640569999998,99.997,-0.19683860804078923,-20.05,0.01
327.024,9,-35.3615626,149.16640569999998,100.002,-0.19774846394342896,-20.06,0.01
327.124,9,-35.3615808,149.16640569999998,100.01,-0.17320200470623284,-20.06,0.01
327.224,9,-35.361599,149.16640569999998,100.017,-0.1306906671882355,-20.07,0.02
327.324,10,-35.3616172,149.16640569999998,100.023,-0.052909186621537686,-20.080000000000002,0.02
327.42400000000004,10,-35.361635299999996,149.16640569999998,100.026,-0.03436290182785232,-20.080000000000002,0.02
327.524,10,-35.3616534,149.16640569999998,100.026,-0.3833455144253028,-20.09,0.01
327.624,10,-35.3616714,149.16640569999998,100.023,-2.2556565264617827,-20.09,0.0
327.724,10,-35.3616893,149.16640569999998,100.017,-6.588884136164901,-20.080000000000002,0.04
327.824,10,-35.3617073,149.1664058,100.013,-13.39566923609978,-20.03,0.24
327.92400000000004,10,-35.3617251,149.1664063,100.01,-21.71444349420345,-19.92,0.62
328.024,10,-35.3617428,149.1664073,100.006,-30.158717355664226,-19.78,1.16
328.124,10,-35.3617603,149.166409,99.99000000000001,-37.43400263313003,-19.61,1.8
328.224,10,-35.3617777,149.1664114,99.96000000000001,-42.586499267501715,-19.42,2.5100000000000002
328.324,11,-35.3617949,149.1664146,99.92,-45.38650458189718,-19.22,3.31
328.42400000000004,11,-35.361812,149.1664188,99.881,-46.26300226751741,-18.98,4.2
328.524,11,-35.3618287,149.1664241,99.86200000000001,-45.932595281512626,-18.66,5.15
328.624,11,-35.3618452,149.1664303,99.873,-45.108789090244464,-18.25,6.11
328.725,11,-35.3618613,149.1664377,99.92,-44.29933995661167,-17.79,7.01
328.825,11,-35.361877,149.16644599999998,100.001,-43.71099087660135,-17.28,7.82
328.925,11,-35.3618923,149.1664552,100.111,-43.5435009777743,-16.76,8.540000000000001
329.02500000000003,11,-35.3619072,149.16646509999998,100.23400000000001,-43.67387221355692,-16.25,9.16
329.124,11,-35.361921599999995,149.1664758,100.36200000000001,-43.980807254478954,-15.77,9.71
329.224,11,-35.361935599999995,149.1664869,100.485,-44.327435939762516,-15.33,10.17
329.324,11,-35.3619492,149.1664985,100.595,-44.62761933868999,-14.91,10.6
329.42400000000004,11,-35.3619625,149.1665105,100.69,-44.78881521819687,-14.52,10.98
329.524,11,-35.3619754,149.16652299999998,100.761,-44.816767767375154,-14.13,11.33
329.624,11,-35.361987899999995,149.1665358,100.811,-44.76196232947497,-13.73,11.67
329.724,11,-35.362,149.1665488,100.842,-44.68022545567742,-13.290000000000001,12.01
329.824,11,-35.3620117,149.1665622,100.85600000000001,-44.59808560071885,-12.81,12.36
329.92400000000004,11,-35.3620228,149.1665759,100.863,-44.53092435061012,-12.26,12.72
330.024,11,-35.362033499999995,149.16658999999999,100.866,-44.48458834728075,-11.67,13.1
330.124,11,-35.3620435,149.1666045,100.871,-44.50472716004853,-11.02,13.47
330.224,11,-35.362052999999996,149.1666194,100.878,-44.5277175767948,-10.36,13.82
330.324,11,-35.3620619,149.1666347,100.891,-44.57505420283757,-9.67,14.15
330.42400000000004,11,-35.3620701,149.1666503,100.908,-44.60863141279735,-8.97,14.46
330.524,11,-35.3620778,149.16666619999998,100.928,-44.623114828932366,-8.27,14.74
330.624,11,-35.3620848,149.1666825,100.949,-44.65110494415108,-7.57,14.98
330.724,11,-35.3620912,149.1666989,100.96900000000001,-44.65248122726884,-6.88,15.200000000000001
330.825,11,-35.362097,149.1667157,100.988,-44.67847009706073,-6.21,15.39
330.925,11,-35.362102199999995,149.1667329,101.003,-44.6672037000248,-5.53,15.56
331.02500000000003,11,-35.3621069,149.1667501,101.015,-44.68339466345231,-4.87,15.71
331.124,11,-35.3621109,149.1667676,101.02,-44.74106536570932,-4.2,15.84
331.224,11,-35.362114399999996,149.1667852,101.021,-44.752464951434064,-3.5100000000000002,15.94
331.324,11,-35.3621172,149.1668029,101.021,-44.7433705545542,-2.81,16.03
331.42400000000004,11,-35.3621194,149.1668207,101.019,-44.71193460889921,-2.1,16.1
331.524,11,-35.362121,149.1668386,101.017,-44.67140085126977,-1.3800000000000001,16.15
331.624,11,-35.3621219,149.1668565,101.014,-44.67198141734922,-0.66,16.17
331.724,11,-35.3621222,149.1668742,101.011,-44.67246294568571,0.04,16.15
331.824,11,-35.3621218,149.1668919,101.007,-44.72032208119999,0.76,16.12
331.92400000000004,11,-35.3621208,149.1669095,101.002,-44.71533604310588,1.47,16.05
332.024,11,-35.3621191,149.166927,100.996,-44.70103362698387,2.19,15.97
332.124,11,-35.3621169,149.16694429999998,100.991,-44.700702362809125,2.91,15.860000000000001
332.224,11,-35.362114,149.16696149999999,100.985,-44.69192556972566,3.62,15.72
332.324,11,-35.3621104,149.1669786,100.979,-44.667026115106374,4.32,15.57
332.42400000000004,11,-35.3621062,149.1669954,100.97200000000001,-44.672896662698,5.0,15.39
332.524,11,-35.3621014,149.1670121,100.964,-44.66786622837429,5.69,15.19
332.624,11,-35.362096,149.16702859999998,100.955,-44.69090445644474,6.36,14.97
332.724,11,-35.362090099999996,149.16704479999999,100.94500000000001,-44.75248202690699,7.03,14.73
332.824,11,-35.3620835,149.16706069999998,100.933,-44.80137252098594,7.68,14.47
332.925,11,-35.3620762,149.1670765,100.921,-44.834126693150736,8.34,14.18
333.02500000000003,11,-35.3620685,149.1670919,100.908,-44.846687411034395,9.0,13.86
333.125,11,-35.36206,149.167107,100.892,-44.854688977647065,9.65,13.530000000000001
333.224,11,-35.362051,149.1671217,100.876,-44.872939243109336,10.3,13.17
333.324,11,-35.3620413,149.1671362,100.858,-44.856963430640675,10.93,12.8
333.42400000000004,11,-35.362031099999996,149.1671501,100.842,-44.848750128163736,11.55,12.4
333.524,11,-35.3620204,149.1671637,100.822,-44.84695037331744,12.15,12.0
333.624,11,-35.3620091,149.1671768,100.801,-44.89145588594924,12.72,11.57
333.724,11,-35.3619974,149.1671893,100.779,-44.89851488645645,13.290000000000001,11.120000000000001
333.824,11,-35.3619852,149.1672012,100.759,-44.841021769117866,13.85,10.64
333.92400000000004,11,-35.3619726,149.1672126,100.741,-44.81601303147186,14.39,10.120000000000001
334.024,11,-35.361959399999996,149.16722339999998,100.727,-44.7440535734712,14.91,9.59
334.124,11,-35.361945899999995,149.1672336,100.717,-44.736250082344455,15.42,9.040000000000001
334.224,11,-35.3619319,149.1672431,100.71000000000001,-44.74057359208907,15.9,8.47
334.324,11,-35.3619175,149.16725209999998,100.70400000000001,-44.72583404386019,16.35,7.890000000000001
334.42400000000004,11,-35.3619026,149.1672604,100.699,-44.73251738396304,16.78,7.29
334.524,11,-35.3618875,149.167268,100.694,-44.75839014053905,17.19,6.69
334.624,11,-35.3618719,149.167275,100.68900000000001,-44.793217275116945,17.580000000000002,6.08
334.724,11,-35.361855999999996,149.16728129999998,100.682,-44.78212163281026,17.93,5.46
334.824,11,-35.3618398,149.1672869,100.671,-44.81021761596111,18.27,4.84
334.92400000000004,11,-35.3618233,149.16729189999998,100.655,-44.822645145155946,18.580000000000002,4.21
335.02500000000003,11,-35.3618064,149.16729619999998,100.636,-44.82848495689631,18.87,3.5700000000000003
335.125,11,-35.361789099999996,149.1672997,100.61,-44.84808418471966,19.17,2.9
335.225,11,-35.3617717,149.1673025,100.586,-44.888696489524555,19.44,2.21
335.324,11,-35.3617539,149.1673046,100.558,-44.89449190503531,19.7,1.52
335.42400000000004,11,-35.3617359,149.1673059,100.531,-44.893375169106015,19.93,0.81
335.524,11,-35.3617176,149.1673064,100.505,-44.87359835636424,20.14,0.09
335.624,11,-35.3616993,149.167306,100.483,-44.86027607238813,20.32,-0.64
335.724,11,-35.3616807,149.167305,100.461,-44.881425753153074,20.48,-1.3800000000000001
335.824,11,-35.3616621,149.167303,100.443,-44.924124680749415,20.61,-2.12
335.92400000000004,11,-35.3616435,149.1673003,100.429,-44.94160654993006,20.71,-2.86
336.024,11,-35.361624899999995,149.16729669999998,100.419,-44.903869754765736,20.77,-3.6
336.124,11,-35.3616063,149.16729229999999,100.411,-44.890540640600456,20.8,-4.33
336.224,11,-35.3615877,149.1672872,100.404,-44.86552848785987,20.81,-5.07
336.324,11,-35.3615691,149.1672812,100.401,-44.86609539356098,20.78,-5.79
336.42400000000004,11,-35.3615506,149.1672744,100.396,-44.89021962170947,20.73,-6.51
336.524,11,-35.3615321,149.1672669,100.388,-44.8721264505981,20.66,-7.22
336.624,11,-35.361513699999996,149.1672586,100.378,-44.856751694776406,20.57,-7.94
336.724,11,-35.361495399999995,149.1672495,100.366,-44.850064939578964,20.44,-8.67
336.824,11,-35.361477199999996,149.1672396,100.35600000000001,-44.87283679027178,20.29,-9.38
336.92400000000004,11,-35.3614591,149.1672289,100.34700000000001,-44.85086065661727,20.12,-10.09
337.02500000000003,11,-35.3614412,149.1672174,100.34,-44.81386493697789,19.92,-10.8
337.125,11,-35.361423099999996,149.1672049,100.327,-44.71404172225816,19.71,-11.52
337.225,11,-35.3614055,149.16719179999998,100.315,-44.17840804226201,19.46,-12.21
337.325,11,-35.3613879,149.1671777,100.298,-42.609315514424146,19.2,-12.9
337.42400000000004,11,-35.3613707,149.167163,100.289,-39.441887003817016,18.91,-13.540000000000001
337.524,11,-35.3613536,149.1671476,100.289,-34.35028150589599,18.62,-14.08
337.624,11,-35.3613369,149.1671318,100.305,-27.34986865384089,18.36,-14.450000000000001
337.724,11,-35.361320299999996,149.1671156,100.33800000000001,-19.038443679284153,18.150000000000002,-14.6
337.824,11,-35.361303899999996,149.16709939999998,100.381,-10.170290839253326,18.02,-14.57
337.92400000000004,11,-35.3612878,149.1670835,100.418,-1.1260886994266537,17.94,-14.39
338.024,11,-35.361271699999996,149.16706779999998,100.43,7.896224605100831,17.91,-14.15
338.124,11,-35.3612556,149.1670526,100.398,16.811962519305492,17.91,-13.88
338.224,11,-35.3612396,149.1670376,100.321,25.231784303537623,17.96,-13.57
338.324,11,-35.3612235,149.1670231,100.19800000000001,32.36550708026574,18.07,-13.19
338.42400000000004,11,-35.361207199999996,149.167009,100.042,37.657411290691975,18.28,-12.72
338.524,11,-35.361190799999996,149.1669956,99.869,41.00621205961421,18.59,-12.11
338.624,11,-35.3611739,149.1669828,99.70100000000001,42.69279750155463,18.98,-11.35
338.724,11,-35.361156699999995,149.16697109999998,99.559,43.175562102280296,19.41,-10.42
338.824,11,-35.361139099999995,149.1669604,99.456,43.02435195933997,19.82,-9.4
338.92400000000004,11,-35.3611212,149.16695099999998,99.405,42.546925151450665,20.150000000000002,-8.32
339.024,11,-35.361103,149.1669426,99.403,41.79759192779773,20.39,-7.28
339.125,11,-35.3610846,149.1669354,99.446,40.61933648464635,20.53,-6.3
339.225,11,-35.361066,149.1669292,99.523,38.822638148001566,20.6,-5.44
339.325,11,-35.361047299999996,149.1669238,99.625,36.269851530614716,20.61,-4.75
339.425,11,-35.3610287,149.1669191,99.739,32.88909572166058,20.59,-4.23
339.524,11,-35.36101,149.1669148,99.85300000000001,28.851675280617663,20.54,-3.88
339.624,11,-35.360991399999996,149.1669107,99.955,24.471876239502222,20.48,-3.69
339.724,11,-35.3609729,149.1669068,100.025,20.161478750543285,20.42,-3.62
339.824,11,-35.3609544,149.1669029,100.058,16.285342981466464,20.35,-3.62
339.92400000000004,11,-35.360935999999995,149.1668989,100.044,13.227081384363649,20.29,-3.63
340.024,11,-35.3609177,149.1668949,99.98700000000001,11.222747004497773,20.23,-3.64
340.124,11,-35.360899599999996,149.1668909,99.893,10.293567216035592,20.18,-3.6
340.224,11,-35.3608815,149.16688689999998,99.777,10.357225432873758,20.14,-3.5100000000000002
340.324,11,-35.3608636,149.1668831,99.656,11.14310358368084,20.11,-3.36
340.42400000000004,11,-35.3608457,149.1668796,99.544,12.301773459387219,20.09,-3.14
340.524,11,-35.360827799999996,149.16687629999998,99.45700000000001,13.530804528828483,20.07,-2.87
340.624,11,-35.3608099,149.1668732,99.399,14.597121709219826,20.04,-2.58
340.724,11,-35.3607921,149.16687059999998,99.371,15.311665364335294,20.0,-2.29
340.824,11,-35.3607744,149.16686819999998,99.366,15.483183367225362,19.96,-2.02
340.92400000000004,11,-35.360756599999995,149.1668661,99.377,15.126568945375242,19.91,-1.78
341.024,11,-35.3607389,149.1668642,99.393,14.322677878179544,19.87,-1.59
341.124,11,-35.3607212,149.16686249999998,99.409,13.16677679040796,19.84,-1.44
341.225,11,-35.3607035,149.16686099999998,99.419,11.825039915698667,19.82,-1.33
341.325,11,-35.360685499999995,149.1668595,99.418,10.428101452117334,19.81,-1.24
341.425,11,-35.3606677,149.16685809999998,99.405,9.107728555358197,19.8,-1.16
341.52500000000003,11,-35.3606498,149.1668568,99.38,8.023425779334918,19.81,-1.1
341.624,11,-35.3606319,149.1668556,99.345,7.215736273187046,19.82,-1.03
341.724,11,-35.360614,149.1668544,99.302,6.6456344704312444,19.830000000000002,-0.96
341.824,11,-35.360596099999995,149.16685329999999,99.259,6.262356697608687,19.85,-0.88
341.92400000000004,11,-35.3605781,149.1668523,99.221,6.0490042129391135,19.86,-0.8
342.024,11,-35.3605601,149.16685139999998,99.194,5.944042134642589,19.87,-0.72
342.124,11,-35.3605423,149.1668506,99.178,5.854771989077346,19.87,-0.63
342.224,11,-35.3605245,149.1668498,99.172,5.717000670215842,19.87,-0.55
342.324,11,-35.360506799999996,149.1668492,99.173,5.488942361376409,19.86,-0.47000000000000003
342.42400000000004,11,-35.360489099999995,149.1668487,99.18,5.1574937715232,19.86,-0.41000000000000003
342.524,11,-35.360471499999996,149.1668482,99.188,4.793796870390599,19.85,-0.34
342.624,11,-35.3604538,149.1668478,99.196,4.408827771974816,19.84,-0.29
342.724,11,-35.360436199999995,149.1668474,99.20100000000001,4.034973098885937,19.84,-0.25
342.824,11,-35.3604185,149.16684709999998,99.20400000000001,3.6250763713205467,19.830000000000002,-0.21
342.92400000000004,11,-35.3604008,149.1668468,99.20400000000001,3.2258947164590257,19.830000000000002,-0.17
343.024,11,-35.3603831,149.16684659999999,99.202,2.914525602105185,19.82,-0.14
343.124,11,-35.3603655,149.1668464,99.199,2.6120677501840954,19.82,-0.11
343.224,11,-35.3603478,149.16684619999998,99.19800000000001,2.2484803455216262,19.82,-0.08
343.325,11,-35.360329899999996,149.1668461,99.19800000000001,1.9345686932492485,19.82,-0.06
343.425,11,-35.360312199999996,149.166846,99.20100000000001,1.690015691007646,19.82,-0.04
343.52500000000003,11,-35.3602944,149.1668459,99.20700000000001,1.4924460659626801,19.830000000000002,-0.02
343.624,11,-35.3602765,149.1668458,99.21600000000001,1.3278254869172676,19.84,-0.01
343.724,11,-35.3602585,149.16684569999998,99.227,1.1675188126629528,19.85,0.0
343.824,11,-35.3602406,149.16684569999998,99.241,1.0523896776217467,19.86,0.0
343.92400000000004,11,-35.3602225,149.16684569999998,99.259,0.958283331237311,19.87,0.01
344.024,11,-35.360204599999996,149.16684569999998,99.279,0.8863226459370251,19.88,0.02
344.124,11,-35.3601865,149.1668456,99.301,0.8138280853035676,19.89,0.02
344.224,11,-35.3601685,149.16684569999998,99.32000000000001,0.7338107116295758,19.900000000000002,0.03
344.324,11,-35.3601507,149.16684569999998,99.337,0.6942622087879095,19.900000000000002,0.04
344.42400000000004,11,-35.360132799999995,149.16684569999998,99.351,0.610240423269586,19.900000000000002,0.04
344.524,11,-35.3601151,149.16684569999998,99.358,0.5155822723054073,19.900000000000002,0.04
344.624,11,-35.3600973,149.16684569999998,99.363,0.42293801329017755,19.900000000000002,0.04
344.724,11,-35.3600795,149.16684569999998,99.36500000000001,0.3366891592156068,19.900000000000002,0.05
344.824,11,-35.3600618,149.1668458,99.368,0.24582264369485793,19.900000000000002,0.05
344.92400000000004,11,-35.360044099999996,149.1668458,99.373,0.20647573815541276,19.900000000000002,0.05
345.024,11,-35.3600263,149.1668459,99.378,0.2005427850463311,19.900000000000002,0.05
345.124,11,-35.3600086,149.1668459,99.386,0.1726911412408703,19.89,0.06
345.224,11,-35.3599908,149.166846,99.397,0.12539136086701796,19.89,0.06
345.324,11,-35.359973,149.166846,99.409,0.08471556998739539,19.900000000000002,0.06
345.425,11,-35.3599551,149.1668461,99.421,0.0917011259507061,19.900000000000002,0.06
345.52500000000003,11,-35.3599372,149.16684619999998,99.434,0.09718404029661401,19.91,0.07
345.625,11,-35.3599192,149.1668463,99.446,0.0463306472337576,19.91,0.07
345.724,11,-35.359901199999996,149.1668464,99.458,-0.01285799953274094,19.92,0.07
345.824,11,-35.3598832,149.1668465,99.467,-0.060463842751034585,19.93,0.08
345.92400000000004,11,-35.3598651,149.16684659999999,99.47500000000001,-0.1089847528927581,19.95,0.08
346.024,11,-35.359846999999995,149.16684669999998,99.483,-0.16570617891704797,19.95,0.08
346.124,11,-35.359829,149.1668468,99.492,-0.2318437544239277,19.96,0.08
346.224,11,-35.3598109,149.166847,99.501,-0.2436165459537967,19.97,0.08
346.324,11,-35.359792999999996,149.16684709999998,99.511,-0.2660878683231387,19.97,0.08
346.42400000000004,11,-35.3597751,149.1668472,99.523,-0.3342349068281773,19.97,0.08
346.524,11,-35.3597573,149.1668473,99.537,-0.38771598172046473,19.96,0.07
346.624,11,-35.359739399999995,149.1668474,99.551,-0.4334948443847991,19.96,0.07
346.724,11,-35.3597217,149.1668475,99.565,-0.5124681329307047,19.95,0.06
346.824,11,-35.3597039,149.16684759999998,99.57900000000001,-0.5286923935304237,19.94,0.04
346.92400000000004,11,-35.3596861,149.1668477,99.592,-0.5555341831949275,19.94,0.03
347.024,11,-35.359668299999996,149.1668478,99.602,-0.5919176404082335,19.94,0.03
347.124,11,-35.3596506,149.1668479,99.61,-0.5716063653639081,19.93,0.02
347.224,11,-35.3596328,149.1668479,99.619,-0.5028582702119083,19.93,0.02
347.324,11,-35.359615,149.166848,99.628,-0.4555510459990777,19.92,0.02
347.425,11,-35.359597199999996,149.16684809999998,99.636,-0.4528448503447246,19.92,0.01
347.52500000000003,11,-35.3595791,149.16684809999998,99.643,-0.43608241886317617,19.93,0.01
347.625,11,-35.3595611,149.1668482,99.648,-0.3985299320847403,19.94,0.0
347.725,11,-35.359542999999995,149.1668482,99.651,-0.3805822760192095,19.95,0.0
347.824,11,-35.359525,149.1668483,99.651,-0.3748271212719598,19.96,0.0
347.92400000000004,11,-35.3595069,149.1668483,99.651,-0.3569659364685384,19.98,0.0
348.024,11,-35.3594888,149.1668484,99.654,-0.3654188291749581,19.98,0.0
348.124,11,-35.359470699999996,149.1668484,99.661,-0.36894179272408306,20.0,0.0
348.224,11,-35.3594526,149.1668484,99.669,-0.3657962504874542,20.01,0.0
348.324,11,-35.3594347,149.1668485,99.677,-0.38121961804613635,20.01,0.0
348.42400000000004,11,-35.3594167,149.1668485,99.685,-0.3547869994015985,20.01,-0.01
348.524,11,-35.359398899999995,149.1668485,99.69500000000001,-0.29687841446240903,20.01,-0.01
348.624,11,-35.359381,149.16684859999998,99.706,-0.25235233122181655,20.0,-0.01
348.724,11,-35.3593632,149.16684859999998,99.717,-0.28314490507349677,20.0,-0.01
348.824,11,-35.3593453,149.16684859999998,99.72500000000001,-0.3059379133444905,20.0,-0.01
348.92400000000004,11,-35.3593275,149.1668487,99.732,-0.2878469833889481,20.0,0.0
349.024,11,-35.3593097,149.1668487,99.739,-0.28355927877661974,19.990000000000002,-0.01
349.124,11,-35.359291899999995,149.1668487,99.747,-0.28906142303988813,19.990000000000002,-0.01
349.224,11,-35.359274,149.1668487,99.754,-0.3303697401294641,19.98,-0.01
349.324,11,-35.3592562,149.1668488,99.761,-0.35707396551521564,19.98,-0.02
349.42400000000004,11,-35.359238399999995,149.1668488,99.768,-0.35700366259153216,19.98,-0.02
349.52500000000003,11,-35.3592205,149.1668488,99.776,-0.3338897154708272,19.98,-0.03
349.625,11,-35.359202499999995,149.1668489,99.785,-0.3541684670753157,19.98,-0.04
349.725,11,-35.3591845,149.1668489,99.792,-0.35494774897093184,19.990000000000002,-0.04
349.825,11,-35.3591664,149.1668489,99.799,-0.32556395499641966,19.990000000000002,-0.04
349.92400000000004,11,-35.3591483,149.1668489,99.803,-0.2665644074198793,20.0,-0.04
350.024,11,-35.359130199999996,149.1668489,99.808,-0.19558135964561765,20.01,-0.04
350.124,11,-35.3591121,149.1668489,99.812,-0.15969595929298055,20.02,-0.04
350.224,11,-35.3590939,149.1668489,99.816,-0.14671418425937963,20.03,-0.03
350.324,11,-35.3590758,149.1668489,99.82300000000001,-0.14519837585152603,20.04,-0.03
350.42400000000004,11,-35.3590577,149.1668489,99.83,-0.14109770102857963,20.05,-0.03
350.524,11,-35.3590397,149.1668489,99.83500000000001,-0.15203638238648726,20.05,-0.03
350.624,11,-35.3590217,149.1668489,99.84,-0.139432962480308,20.05,-0.03
350.724,11,-35.359003799999996,149.1668489,99.846,-0.13562086314979466,20.04,-0.02
350.824,11,-35.3589859,149.1668489,99.851,-0.17992312429293697,20.04,-0.03
350.92400000000004,11,-35.358968,149.1668489,99.854,-0.23365215372839435,20.03,-0.03
351.024,11,-35.3589501,149.1668489,99.85600000000001,-0.22859858747495185,20.03,-0.04
351.124,11,-35.3589323,149.1668489,99.861,-0.22829773898635394,20.02,-0.04
351.224,11,-35.358914399999996,149.1668488,99.867,-0.21685863955003706,20.02,-0.04
351.324,11,-35.3588966,149.1668488,99.874,-0.17935537815839286,20.01,-0.04
351.42400000000004,11,-35.3588787,149.1668488,99.882,-0.17958214844296524,20.01,-0.04
351.524,11,-35.358860899999996,149.1668488,99.889,-0.19033473382641647,20.01,-0.04
351.625,11,-35.358843,149.1668488,99.893,-0.1709590079353977,20.01,-0.04
351.725,11,-35.3588248,149.1668487,99.896,-0.16466445500670204,20.01,-0.04
351.825,11,-35.358806799999996,149.1668487,99.897,-0.17774726881525155,20.02,-0.04
351.925,11,-35.3587887,149.1668487,99.897,-0.1578191647153212,20.03,-0.05
352.024,11,-35.3587706,149.16684859999998,99.897,-0.08799630861492953,20.04,-0.05
352.124,11,-35.3587524,149.16684859999998,99.898,-0.02295286237851442,20.05,-0.05
352.224,11,-35.3587343,149.16684859999998,99.899,-0.0007800649557102721,20.06,-0.05
352.324,11,-35.358716099999995,149.1668485,99.903,-0.020425247155993396,20.07,-0.05
352.42400000000004,11,-35.358697899999996,149.1668485,99.907,-0.026926465000408177,20.07,-0.05
352.524,11,-35.3586799,149.1668485,99.91,-0.017821349259211774,20.07,-0.05
352.624,11,-35.358661999999995,149.1668484,99.91,-0.0034076780517770596,20.07,-0.05
352.724,11,-35.358644,149.1668484,99.909,-0.016358401446253057,20.07,-0.05
352.824,11,-35.358626099999995,149.1668483,99.908,-0.02101209647587236,20.06,-0.05
352.92400000000004,11,-35.3586083,149.1668483,99.907,0.009680709256168731,20.06,-0.06
353.024,11,-35.3585904,149.1668482,99.908,0.03426029224279677,20.05,-0.06
353.124,11,-35.3585725,149.1668482,99.912,0.0565142191624086,20.05,-0.06
353.224,11,-35.3585547,149.16684809999998,99.917,0.10751333404440297,20.04,-0.06
353.324,11,-35.358536799999996,149.16684809999998,99.922,0.15172586224330292,20.03,-0.06
353.42400000000004,11,-35.3585189,149.166848,99.926,0.15352725793582767,20.02,-0.06
353.524,11,-35.3585011,149.166848,99.929,0.1346538310932825,20.02,-0.06
353.624,11,-35.358483199999995,149.1668479,99.931,0.09775848988830249,20.01,-0.06
353.725,11,-35.3584653,149.1668479,99.932,0.0986669784190869,20.01,-0.05
353.825,11,-35.3584473,149.1668479,99.933,0.1342067605275508,20.01,-0.05
353.925,11,-35.358429199999996,149.1668478,99.933,0.15896795717699239,20.02,-0.05
354.02500000000003,11,-35.3584112,149.1668478,99.935,0.17280271878426479,20.03,-0.04
354.124,11,-35.358393,149.1668477,99.937,0.1958106112098494,20.04,-0.04
354.224,11,-35.3583749,149.1668477,99.93900000000001,0.2056971499508842,20.05,-0.03
354.324,11,-35.3583567,149.1668477,99.93900000000001,0.2468796688297703,20.06,-0.02
354.42400000000004,11,-35.358338599999996,149.1668477,99.938,0.25202658989534515,20.06,-0.02
354.524,11,-35.3583204,149.1668477,99.938,0.22308068841986745,20.07,-0.01
354.624,11,-35.3583022,149.1668477,99.93900000000001,0.16881340806130132,20.080000000000002,-0.01
354.724,11,-35.3582842,149.1668477,99.94,0.13820279471797847,20.080000000000002,0.0
354.824,11,-35.358266199999996,149.1668477,99.94200000000001,0.18858228337620575,20.07,0.0
354.92400000000004,11,-35.3582483,149.1668477,99.94500000000001,0.1889011011320146,20.07,0.0
355.024,11,-35.3582304,149.1668477,99.94800000000001,0.11639125261420388,20.06,0.0
355.124,11,-35.3582125,149.1668477,99.952,0.011572002144311151,20.05,0.0
355.224,11,-35.3581946,149.1668477,99.958,-0.06033084749531106,20.04,0.0
355.324,11,-35.358176799999995,149.1668477,99.96600000000001,-0.09552481792650998,20.04,0.0
355.42400000000004,11,-35.3581589,149.1668477,99.973,-0.12413634028745456,20.04,0.0
355.524,11,-35.3581411,149.1668477,99.97500000000001,-0.1392205062445236,20.03,0.0
355.624,11,-35.3581232,149.1668477,99.97500000000001,-0.18123017170406883,20.02,0.0
355.724,11,-35.3581053,149.1668477,99.973,-0.18552145149354088,20.02,0.0
355.825,11,-35.3580873,149.1668477,99.96900000000001,-0.1743117770442277,20.02,-0.01
355.925,11,-35.358069199999996,149.1668477,99.965,-0.21337176127767946,20.03,-0.01
356.02500000000003,11,-35.3580512,149.1668477,99.96000000000001,-0.2321759524135989,20.04,-0.02
356.124,11,-35.358033,149.1668477,99.959,-0.18209515112942745,20.05,-0.02
356.224,11,-35.3580149,149.1668477,99.96000000000001,-0.1539237690934454,20.06,-0.03
356.324,11,-35.3579967,149.1668477,99.965,-0.08752958124501421,20.07,-0.03
356.42400000000004,11,-35.357978599999996,149.1668477,99.97200000000001,-0.019123807636995026,20.07,-0.03
356.524,11,-35.357960399999996,149.1668477,99.98100000000001,0.0574543973697035,20.07,-0.02
356.624,11,-35.3579422,149.1668477,99.98700000000001,0.12514480704623637,20.080000000000002,-0.01
356.724,11,-35.3579242,149.1668477,99.991,0.14124464347722746,20.07,-0.01
356.824,11,-35.357906199999995,149.1668477,99.992,0.1065327683415764,20.07,-0.01
356.92400000000004,11,-35.3578883,149.1668477,99.993,0.09498752082864666,20.06,-0.01
357.024,11,-35.357870399999996,149.1668477,99.991,0.08180777703082114,20.06,-0.01
357.124,11,-35.3578526,149.1668477,99.989,0.02844206830248347,20.05,0.0
357.224,11,-35.3578347,149.1668477,99.98700000000001,-0.00031537189014608493,20.04,0.0
357.324,11,-35.357816899999996,149.1668477,99.988,-0.020858592309845624,20.03,0.0
357.42400000000004,11,-35.357799,149.1668477,99.98700000000001,-0.04739674704871469,20.03,0.0
357.524,11,-35.3577812,149.1668477,99.98700000000001,-0.06792697167761066,20.02,0.0
357.624,11,-35.357763299999995,149.1668477,99.986,-0.06996154762716127,20.01,0.0
357.724,11,-35.3577455,149.1668477,99.983,-0.10632103914741262,20.01,0.0
357.824,11,-35.3577276,149.1668477,99.98100000000001,-0.14950651767051157,20.01,0.0
357.925,11,-35.3577096,149.1668477,99.977,-0.1707829171208583,20.01,0.0
358.02500000000003,11,-35.3576917,149.1668477,99.974,-0.1735235171851127,20.01,0.0
358.125,11,-35.3576736,149.1668477,99.974,-0.1676955915747332,20.01,0.0
358.224,11,-35.3576556,149.1668477,99.97800000000001,-0.17643866059917265,20.02,0.0
358.324,11,-35.3576374,149.1668477,99.983,-0.21659955926903937,20.02,0.0
358.42400000000004,11,-35.357619299999996,149.1668477,99.989,-0.2569021443435442,20.03,0.0
358.524,11,-35.3576012,149.1668477,99.993,-0.22986729511328172,20.04,0.0
358.624,11,-35.357583,149.1668477,99.994,-0.19722035158236947,20.05,0.0
358.724,11,-35.357565,149.1668477,99.992,-0.1796024789279166,20.05,0.0
358.824,11,-35.357547,149.1668477,99.98700000000001,-0.16442302382779794,20.05,-0.01
358.92400000000004,11,-35.3575291,149.1668477,99.983,-0.18007045360776824,20.05,-0.01
359.024,11,-35.357511099999996,149.1668477,99.977,-0.167948388615303,20.05,-0.01
359.124,11,-35.3574932,149.1668477,99.97200000000001,-0.14231486208301705,20.05,-0.01
359.224,11,-35.3574753,149.1668477,99.968,-0.14110385086687527,20.05,-0.02
359.324,11,-35.3574574,149.1668477,99.967,-0.1356660597921931,20.05,-0.02
359.42400000000004,11,-35.3574395,149.1668477,99.967,-0.08436124725409437,20.04,-0.02
359.524,11,-35.357421599999995,149.1668477,99.968,-0.05876543350458893,20.04,-0.02
359.624,11,-35.3574037,149.1668477,99.968,-0.05101911853172178,20.04,-0.02
359.724,11,-35.357385799999996,149.1668477,99.97,-0.006013767287021338,20.04,-0.02
359.824,11,-35.3573679,149.1668477,99.974,0.03208619433820344,20.03,-0.02
359.925,11,-35.35735,149.1668477,99.979,0.042133612715650456,20.03,-0.02
360.02500000000003,11,-35.3573319,149.1668477,99.985,0.06788144152988165,20.02,-0.02
360.125,11,-35.3573138,149.16684759999998,99.99000000000001,0.07676375569993944,20.03,-0.01
360.225,11,-35.357295799999996,149.16684759999998,99.994,0.08674264873711486,20.03,-0.01
360.324,11,-35.357277599999996,149.16684759999998,99.995,0.10872714003521489,20.04,-0.01
360.42400000000004,11,-35.3572595,149.16684759999998,99.994,0.08495740804280277,20.05,0.0
360.524,11,-35.3572412,149.16684759999998,99.989,0.026446906012899275,20.06,0.0
360.624,11,-35.3572231,149.16684759999998,99.986,-0.012434294350468753,20.07,0.0
360.724,11,-35.3572049,149.1668477,99.983,-0.02783628421746156,20.09,0.0
360.824,11,-35.3571867,149.1668477,99.98,-0.04977596407181996,20.09,0.0
360.92400000000004,11,-35.3571686,149.1668477,99.97800000000001,-0.06584439097077824,20.1,0.0
361.024,11,-35.3571506,149.1668477,99.977,-0.08171585629161025,20.1,0.0
361.124,11,-35.3571327,149.1668477,99.97800000000001,-0.10738480109000244,20.1,0.0
361.224,11,-35.3571147,149.1668477,99.98100000000001,-0.0999988119463865,20.09,-0.01
361.324,11,-35.3570968,149.1668477,99.985,-0.10926298304983693,20.09,-0.01
361.42400000000004,11,-35.3570789,149.1668477,99.989,-0.08662964379090553,20.080000000000002,-0.01
361.524,11,-35.357061,149.16684759999998,99.994,-0.05778193962495999,20.080000000000002,-0.01
361.624,11,-35.3570431,149.16684759999998,99.999,-0.06888335824397113,20.07,-0.01
361.724,11,-35.357025199999995,149.16684759999998,100.004,-0.03850110267059413,20.07,-0.02
361.824,11,-35.3570073,149.16684759999998,100.007,-0.03993388159134976,20.06,-0.01
361.92400000000004,11,-35.356989299999995,149.16684759999998,100.01,-0.02281970704023223,20.06,-0.01
362.02500000000003,11,-35.3569714,149.16684759999998,100.012,-0.045507619443930974,20.06,-0.01
362.125,11,-35.3569532,149.16684759999998,100.012,-0.05990946351013963,20.07,-0.01
362.225,11,-35.3569351,149.16684759999998,100.008,-0.06272402838660718,20.07,-0.02
362.325,11,-35.3569169,149.16684759999998,100.002,-0.08190586094854091,20.080000000000002,-0.02
362.42400000000004,11,-35.356898799999996,149.1668475,99.997,-0.09499513809039681,20.09,-0.01
362.524,11,-35.3568806,149.1668475,99.995,-0.08786973000176614,20.1,-0.01
362.624,11,-35.3568624,149.1668475,99.994,-0.027746172744669,20.11,-0.01
362.724,11,-35.3568442,149.1668475,99.993,0.026859071910733844,20.11,-0.01
362.824,11,-35.356826,149.1668475,99.992,0.09078749476772434,20.12,-0.01
362.92400000000004,11,-35.3568079,149.1668475,99.993,0.11890916449913207,20.11,0.0
363.024,11,-35.356789899999995,149.1668475,99.995,0.14946490954547004,20.11,0.0
363.124,11,-35.356772,149.1668475,99.997,0.14428191654334105,20.1,0.01
363.224,11,-35.356753999999995,149.1668475,100.001,0.0932261057551503,20.09,0.01
363.324,11,-35.3567362,149.1668475,100.007,-0.008189877062521306,20.07,0.01
363.42400000000004,11,-35.3567183,149.1668475,100.013,-0.11033090046884562,20.06,0.01
363.524,11,-35.3567004,149.1668475,100.017,-0.19642048573775073,20.05,0.01
363.624,11,-35.3566825,149.1668475,100.016,-0.21652014497972477,20.05,0.01
363.724,11,-35.356664699999996,149.16684759999998,100.013,-0.2157897816459962,20.04,0.01
363.824,11,-35.3566468,149.16684759999998,100.007,-0.2578172029293408,20.04,0.01
363.92400000000004,11,-35.3566289,149.16684759999998,99.999,-0.30223136178099497,20.04,0.0
364.024,11,-35.356611,149.16684759999998,99.988,-0.3153895344540394,20.04,0.0
364.125,11,-35.3565931,149.16684759999998,99.977,-0.3246883034004829,20.05,0.0
364.225,11,-35.356575,149.16684759999998,99.96600000000001,-0.3435223632738079,20.05,0.0
364.325,11,-35.3565569,149.16684759999998,99.958,-0.33617011819953874,20.06,0.0
364.425,11,-35.3565389,149.16684759999998,99.956,-0.3095591142237873,20.07,0.0
364.524,11,-35.3565207,149.1668477,99.958,-0.28479943835865307,20.09,0.0
364.624,11,-35.3565025,149.1668477,99.962,-0.24805157988095639,20.1,0.0
364.724,11,-35.3564843,149.1668477,99.968,-0.27138449326149844,20.11,0.0
364.824,11,-35.3564661,149.1668477,99.974,-0.3066896076791621,20.11,-0.01
364.92400000000004,11,-35.3564478,149.1668477,99.98100000000001,-0.32340596206423944,20.12,-0.01
365.024,11,-35.3564296,149.1668477,99.988,-0.24538324375172926,20.13,-0.02
365.124,11,-35.3564116,149.1668477,99.994,-0.17963442873858493,20.13,-0.02
365.224,11,-35.356393499999996,149.1668477,99.998,-0.13805144999896715,20.12,-0.02
365.324,11,-35.3563756,149.1668477,99.999,-0.14838764730709886,20.11,-0.02
365.42400000000004,11,-35.356357599999996,149.1668477,99.999,-0.10715665009336153,20.11,-0.02
365.524,11,-35.3563397,149.1668477,99.998,-0.046938844229846156,20.1,-0.02
365.624,11,-35.356321799999996,149.1668477,99.998,-0.027582219856635597,20.09,-0.02
365.724,11,-35.3563039,149.1668477,100.001,0.01809876066070408,20.080000000000002,-0.02
365.824,11,-35.356286,149.16684759999998,100.004,-0.016230130293537016,20.080000000000002,-0.03
365.92400000000004,11,-35.3562681,149.16684759999998,100.009,-0.026458528673669535,20.07,-0.03
366.024,11,-35.3562502,149.16684759999998,100.014,-0.031416522304531465,20.06,-0.03
366.124,11,-35.356232299999995,149.16684759999998,100.015,-0.0053746447585109585,20.06,-0.03
366.225,11,-35.3562143,149.16684759999998,100.013,0.010739280188288274,20.06,-0.02
366.325,11,-35.3561961,149.16684759999998,100.009,0.040418888388433466,20.07,-0.02
366.425,11,-35.356178,149.16684759999998,100.004,0.06066312552626161,20.080000000000002,-0.01
366.524,11,-35.3561598,149.16684759999998,99.996,0.07995797637461789,20.09,-0.01
366.624,11,-35.356141699999995,149.16684759999998,99.988,0.03669605509469967,20.09,-0.01
366.724,11,-35.356123499999995,149.16684759999998,99.98100000000001,0.054783920136254126,20.1,0.0
366.824,11,-35.356105299999996,149.16684759999998,99.977,0.039723990011557395,20.11,-0.01
366.92400000000004,11,-35.356087099999996,149.16684759999998,99.976,0.016130400527010907,20.12,-0.01
367.024,11,-35.3560689,149.16684759999998,99.976,-0.02063890567849451,20.12,-0.02
367.124,11,-35.3560508,149.16684759999998,99.97800000000001,-0.05301110585055897,20.12,-0.02
367.224,11,-35.3560328,149.16684759999998,99.98100000000001,-0.05381657124967793,20.11,-0.02
367.324,11,-35.3560149,149.16684759999998,99.983,-0.016150837733668055,20.1,-0.02
367.42400000000004,11,-35.3559969,149.1668475,99.985,-0.03638277352737823,20.1,-0.02
367.524,11,-35.355979,149.1668475,99.986,-0.06642461020468554,20.09,-0.02
367.624,11,-35.3559611,149.1668475,99.988,-0.061435210376844115,20.080000000000002,-0.02
367.724,11,-35.3559432,149.1668475,99.989,-0.03243611813619429,20.07,-0.02
367.824,11,-35.355925299999996,149.1668475,99.989,0.008736695737572311,20.06,-0.02
367.92400000000004,11,-35.3559075,149.1668474,99.99000000000001,0.03611335124607965,20.05,-0.01
368.024,11,-35.3558896,149.1668474,99.988,0.07892490359254685,20.05,-0.01
368.124,11,-35.3558717,149.1668474,99.985,0.08539678797561161,20.04,-0.01
368.224,11,-35.3558538,149.1668474,99.98100000000001,0.0909241052212312,20.04,-0.01
368.325,11,-35.3558358,149.1668474,99.977,0.11259143962006861,20.04,-0.01
368.425,11,-35.3558178,149.1668474,99.97500000000001,0.11981944728859494,20.04,-0.01
368.52500000000003,11,-35.3557998,149.1668474,99.97500000000001,0.10876281176537234,20.05,-0.01
368.624,11,-35.3557817,149.1668474,99.97500000000001,0.0804392712573724,20.05,-0.01
368.724,11,-35.3557635,149.1668474,99.976,0.030942417796703987,20.06,0.0
368.824,11,-35.355745399999996,149.1668474,99.976,0.00967004542322385,20.07,0.0
368.92400000000004,11,-35.3557272,149.1668474,99.977,-0.031033648179880597,20.080000000000002,0.0
369.024,11,-35.355709,149.1668474,99.98,-0.03864142837348351,20.09,0.0
369.124,11,-35.3556909,149.1668474,99.983,-0.06024439624352148,20.1,0.0
369.224,11,-35.3556729,149.1668474,99.98400000000001,-0.08037064253044832,20.1,0.0
369.324,11,-35.3556549,149.1668474,99.985,-0.09060376668111496,20.09,0.0
369.42400000000004,11,-35.3556369,149.1668474,99.985,-0.08219644414306396,20.09,0.0
369.524,11,-35.355619,149.1668474,99.985,-0.06427651571071653,20.080000000000002,0.01
369.624,11,-35.3556011,149.1668474,99.98400000000001,-0.028075129062527095,20.080000000000002,0.01
369.724,11,-35.3555831,149.1668474,99.983,-0.01623149599786569,20.07,0.02
369.824,11,-35.3555652,149.1668474,99.98100000000001,-0.019512292988832683,20.07,0.02
369.92400000000004,11,-35.3555473,149.1668475,99.979,-0.03404185959148859,20.06,0.03
370.024,11,-35.3555294,149.1668475,99.977,-0.12161493326666203,20.06,0.03
370.124,11,-35.3555115,149.16684759999998,99.974,-0.20728287441623786,20.06,0.03
370.224,11,-35.3554935,149.16684759999998,99.96900000000001,-0.25745024034401126,20.06,0.02
370.324,11,-35.3554756,149.16684759999998,99.964,-0.28558245551397154,20.05,0.02
370.425,11,-35.3554575,149.1668477,99.96300000000001,-0.3081341926886198,20.06,0.02
370.52500000000003,11,-35.3554394,149.1668477,99.964,-0.3508381628855527,20.06,0.01
370.625,11,-35.355421299999996,149.1668477,99.967,-0.3833277452612902,20.07,0.01
370.724,11,-35.3554031,149.1668477,99.973,-0.40163852193074234,20.080000000000002,0.01
370.824,11,-35.3553849,149.1668478,99.979,-0.4379749148717986,20.080000000000002,0.01
370.92400000000004,11,-35.3553667,149.1668478,99.986,-0.4463879203406825,20.09,0.01
371.024,11,-35.3553485,149.1668478,99.992,-0.43436249185280235,20.1,0.0
371.124,11,-35.3553302,149.1668478,99.993,-0.4094053007906931,20.11,0.0
371.224,11,-35.355312,149.1668478,99.99000000000001,-0.4020906751177119,20.12,-0.01
371.324,11,-35.3552939,149.1668478,99.985,-0.39620718751925993,20.12,-0.01
371.42400000000004,11,-35.355275899999995,149.1668478,99.982,-0.3537109244422042,20.12,-0.02
371.524,11,-35.3552579,149.1668478,99.98100000000001,-0.28286961643343356,20.12,-0.02
371.624,11,-35.3552399,149.1668477,99.98400000000001,-0.2475826447057527,20.11,-0.02
371.724,11,-35.355222,149.1668478,99.99000000000001,-0.20216322074649018,20.11,-0.02
371.824,11,-35.3552041,149.1668478,99.996,-0.18418748353212566,20.1,-0.03
371.92400000000004,11,-35.3551862,149.1668478,100.002,-0.14126664148883164,20.1,-0.03
372.024,11,-35.3551682,149.1668478,100.007,-0.08386349054822309,20.1,-0.03
372.124,11,-35.3551503,149.1668477,100.009,-0.05561510880151972,20.09,-0.03
372.224,11,-35.355132399999995,149.1668477,100.007,0.0011036877416794814,20.09,-0.03
372.324,11,-35.3551145,149.1668477,100.006,0.025602740655221317,20.09,-0.03
372.425,11,-35.3550965,149.16684759999998,100.004,0.03987784269065458,20.09,-0.03
372.52500000000003,11,-35.355078299999995,149.16684759999998,100.001,0.035032907366854875,20.09,-0.03
372.625,11,-35.3550602,149.16684759999998,99.998,0.049830192038570156,20.1,-0.03
372.725,11,-35.355042,149.16684759999998,99.995,0.0835349477769749,20.11,-0.03
372.824,11,-35.3550238,149.1668475,99.994,0.12498367061071959,20.11,-0.03
372.92400000000004,11,-35.3550056,149.1668475,99.996,0.13960471772555003,20.11,-0.02
373.024,11,-35.3549874,149.1668475,99.997,0.13942646579646856,20.12,-0.02
373.124,11,-35.3549692,149.1668475,99.999,0.14704588866116158,20.12,-0.01
373.224,11,-35.354951,149.1668475,100.001,0.16643060585589245,20.13,-0.01
373.324,11,-35.3549329,149.1668475,100.004,0.1389639606040382,20.12,-0.01
373.42400000000004,11,-35.3549149,149.1668475,100.008,0.11550251426909565,20.12,-0.02
373.524,11,-35.3548969,149.1668474,100.012,0.08500208441688553,20.11,-0.02
373.624,11,-35.354879,149.1668474,100.016,0.0817475793186538,20.1,-0.02
373.724,11,-35.3548611,149.1668474,100.02,0.10790485596227543,20.09,-0.02
373.824,11,-35.3548432,149.1668474,100.024,0.11700794399106199,20.080000000000002,-0.02
373.92400000000004,11,-35.3548253,149.1668474,100.026,0.07849418812822614,20.07,-0.01
374.024,11,-35.3548074,149.1668474,100.027,0.07379052899750795,20.07,-0.01
374.124,11,-35.3547896,149.1668474,100.027,0.0866220999003281,20.06,-0.01
374.224,11,-35.3547717,149.1668474,100.024,0.07792981039752078,20.06,-0.01
374.324,11,-35.3547538,149.1668474,100.018,0.05533142916733941,20.05,0.0
374.42400000000004,11,-35.3547359,149.1668474,100.013,0.0521664569101517,20.05,-0.01
374.52500000000003,11,-35.354718,149.1668474,100.01,0.018872086151116296,20.05,-0.01
374.625,11,-35.3546999,149.1668474,100.009,-0.018565766507570438,20.05,-0.01
374.725,11,-35.3546818,149.1668474,100.01,-0.07841113196070174,20.05,-0.02
374.825,11,-35.354663699999996,149.1668474,100.012,-0.0846432260110888,20.06,-0.03
374.92400000000004,11,-35.3546456,149.1668474,100.013,-0.06169445741050709,20.07,-0.02
375.024,11,-35.3546274,149.1668473,100.013,-0.024700755478382953,20.080000000000002,-0.02
375.124,11,-35.3546092,149.1668473,100.013,0.02928393580843382,20.080000000000002,-0.02
375.224,11,-35.354591,149.1668473,100.013,0.06573838963651082,20.09,-0.02
375.324,11,-35.3545728,149.1668473,100.013,0.06231572448050057,20.1,-0.02
375.42400000000004,11,-35.3545546,149.1668473,100.014,0.04513615787169212,20.11,-0.02
375.524,11,-35.354536599999996,149.1668473,100.017,0.009015089312263138,20.11,-0.02
375.624,11,-35.3545186,149.1668472,100.021,-0.03685432338437356,20.1,-0.03
375.724,11,-35.3545006,149.1668472,100.027,-0.039413526564279246,20.1,-0.03
375.824,11,-35.3544827,149.1668472,100.033,-0.00904402506850646,20.09,-0.03
375.92400000000004,11,-35.354464799999995,149.1668472,100.037,0.04276371434185067,20.080000000000002,-0.03
376.024,11,-35.3544469,149.16684709999998,100.037,0.07647562043454276,20.080000000000002,-0.03
376.124,11,-35.354428999999996,149.16684709999998,100.035,0.08059873349612971,20.07,-0.03
376.224,11,-35.3544111,149.166847,100.032,0.09865764026983104,20.07,-0.03
376.324,11,-35.3543932,149.166847,100.028,0.11756281681984619,20.06,-0.03
376.42400000000004,11,-35.3543753,149.166847,100.024,0.15692854540014856,20.05,-0.04
376.524,11,-35.3543574,149.1668469,100.02,0.18625796466556513,20.05,-0.04
376.625,11,-35.3543395,149.1668469,100.018,0.1975690380755839,20.05,-0.04
376.725,11,-35.354321299999995,149.1668469,100.018,0.2166983302077401,20.06,-0.04
376.825,11,-35.3543032,149.1668468,100.016,0.2427224048223333,20.06,-0.04
376.925,11,-35.354285,149.1668468,100.013,0.2584969935147422,20.07,-0.04
377.024,11,-35.3542669,149.16684669999998,100.009,0.31610254217036526,20.080000000000002,-0.04
377.124,11,-35.3542487,149.16684669999998,100.007,0.3693752962929673,20.09,-0.03
377.224,11,-35.3542305,149.16684659999999,100.007,0.46406338269561764,20.09,-0.03
377.324,11,-35.3542123,149.16684659999999,100.008,0.49575940914759076,20.1,-0.02
377.42400000000004,11,-35.3541941,149.16684659999999,100.008,0.5135446347769221,20.1,-0.01
377.524,11,-35.3541761,149.16684659999999,100.009,0.4951675305673268,20.1,-0.01
377.624,11,-35.3541581,149.16684659999999,100.01,0.48881604160859676,20.09,0.0
377.724,11,-35.354140099999995,149.1668465,100.014,0.4359723887845155,20.080000000000002,0.0
377.824,11,-35.3541222,149.16684659999999,100.017,0.38807077803133516,20.07,0.0
377.92400000000004,11,-35.354104299999996,149.16684659999999,100.02,0.32297333894942787,20.06,0.0
378.024,11,-35.3540864,149.16684659999999,100.022,0.2635966101842294,20.05,0.0
378.124,11,-35.3540686,149.16684659999999,100.022,0.2253651332331855,20.04,0.0
378.224,11,-35.3540507,149.16684659999999,100.02,0.1465377732797229,20.04,0.0
378.324,11,-35.3540328,149.16684659999999,100.017,0.07922793987611328,20.03,0.0
378.42400000000004,11,-35.354015,149.16684659999999,100.016,0.06261273765779696,20.02,0.0
378.524,11,-35.3539971,149.16684659999999,100.017,0.10236035652202503,20.02,0.0
378.624,11,-35.3539792,149.16684659999999,100.016,0.15346453225325463,20.02,0.01
378.725,11,-35.3539612,149.16684659999999,100.012,0.15804722900057616,20.02,0.01
378.825,11,-35.3539433,149.16684659999999,100.007,0.17465924957803888,20.02,0.01
378.925,11,-35.3539252,149.16684659999999,100.002,0.15313306797531065,20.03,0.02
379.024,11,-35.3539071,149.16684659999999,99.998,0.16217507783785717,20.04,0.02
379.124,11,-35.353888999999995,149.16684669999998,99.994,0.1447212364451904,20.05,0.03
379.224,11,-35.353870799999996,149.16684669999998,99.991,0.09197401335238926,20.06,0.03
379.324,11,-35.353852599999996,149.16684669999998,99.99000000000001,0.03189315811781794,20.07,0.03
379.42400000000004,11,-35.3538345,149.1668468,99.992,-0.004349426860738098,20.080000000000002,0.03
379.524,11,-35.3538163,149.1668468,99.998,-0.03818680057696115,20.09,0.04
379.624,11,-35.3537981,149.1668469,100.005,-0.15079539571123413,20.09,0.04
379.724,11,-35.3537801,149.1668469,100.012,-0.24133243464580925,20.09,0.04
379.824,11,-35.3537621,149.166847,100.019,-0.22737339561215436,20.09,0.04
379.92400000000004,11,-35.3537441,149.166847,100.025,-0.23927777500525188,20.080000000000002,0.04
380.024,11,-35.3537262,149.16684709999998,100.028,-0.246457184277008,20.080000000000002,0.03
380.124,11,-35.3537083,149.16684709999998,100.028,-0.2575364181214298,20.07,0.03
380.224,11,-35.3536904,149.1668472,100.024,-0.2636140858635511,20.07,0.03
380.324,11,-35.3536725,149.1668473,100.018,-0.2920043541180909,20.07,0.03
380.42400000000004,11,-35.3536546,149.1668473,100.011,-0.2810714624127219,20.07,0.03
380.524,11,-35.353636699999996,149.1668473,100.004,-0.2778857661342928,20.06,0.02
380.624,11,-35.3536188,149.1668474,99.998,-0.29821931933470003,20.06,0.02
380.724,11,-35.353600899999996,149.1668474,99.994,-0.3162091037935881,20.06,0.02
380.825,11,-35.3535828,149.1668475,99.995,-0.31772644632596225,20.06,0.01
380.925,11,-35.3535647,149.1668475,99.998,-0.3307037523881336,20.06,0.0
381.02500000000003,11,-35.353546699999995,149.1668475,100.004,-0.34404727398369395,20.06,0.0
381.124,11,-35.353528499999996,149.1668475,100.011,-0.3626456389698007,20.07,0.0
381.224,11,-35.3535104,149.1668475,100.016,-0.3417699128235972,20.080000000000002,0.0
381.324,11,-35.3534922,149.16684759999998,100.017,-0.3365197118272523,20.080000000000002,0.0
381.42400000000004,12,-35.353474,149.16684759999998,100.017,-0.3537535330832374,20.09,0.0
381.524,12,-35.3534558,149.16684759999998,100.015,-0.34852555688212156,20.1,0.0
381.624,12,-35.3534376,149.16684759999998,100.014,0.0831242359623816,20.11,-0.01
381.724,12,-35.353419599999995,149.16684759999998,100.014,1.9810613640427022,20.12,-0.03
381.824,12,-35.3534015,149.16684759999998,100.013,6.3963112213846225,20.11,0.01
381.92400000000004,12,-35.3533836,149.1668477,100.016,13.29655977614831,20.05,0.21
382.024,12,-35.3533657,149.1668482,100.019,21.63515012058148,19.95,0.59
382.124,12,-35.353348,149.1668492,100.017,30.130498429108318,19.81,1.12
382.224,12,-35.3533304,149.1668508,100.0,37.37033160968717,19.64,1.74
382.324,12,-35.353313,149.1668532,99.96600000000001,42.46393152284584,19.47,2.45
382.42400000000004,13,-35.3532958,149.1668564,99.92,45.21773402260075,19.28,3.24
382.524,13,-35.3532787,149.16686049999998,99.877,46.07398019733189,19.04,4.14
382.624,13,-35.3532619,149.1668657,99.852,45.79716629064961,18.740000000000002,5.09
382.724,13,-35.3532454,149.1668719,99.85900000000001,44.986822402235546,18.36,6.0200000000000005
382.825,13,-35.3532292,149.1668791,99.898,44.1992503645143,17.93,6.91
382.925,13,-35.3532132,149.1668875,99.97200000000001,43.746678615014666,17.44,7.73
383.02500000000003,13,-35.3531978,149.1668966,100.068,43.64647973989058,16.93,8.46
383.125,13,-35.3531828,149.16690649999998,100.182,43.791430014456594,16.44,9.11
383.224,13,-35.3531682,149.16691699999998,100.302,44.065423053011656,15.96,9.67
383.324,13,-35.353153999999996,149.1669281,100.42,44.35256420571899,15.51,10.17
383.42400000000004,13,-35.3531403,149.1669397,100.526,44.5908319398203,15.09,10.6
383.524,13,-35.3531269,149.1669518,100.616,44.78599435006966,14.69,10.99
383.624,13,-35.3531139,149.1669642,100.687,44.83744274999278,14.290000000000001,11.36
383.724,13,-35.3531014,149.16697689999998,100.739,44.813099955790854,13.85,11.71
383.824,13,-35.3530893,149.16699,100.773,44.71598491107703,13.38,12.07
383.92400000000004,13,-35.3530777,149.1670034,100.795,44.60378539358123,12.86,12.43
384.024,13,-35.3530666,149.1670172,100.807,44.53737887937578,12.31,12.8
384.124,13,-35.353055999999995,149.1670313,100.815,44.494249649861736,11.72,13.15
384.224,13,-35.3530459,149.1670459,100.822,44.486671554977605,11.1,13.5
384.324,13,-35.3530364,149.1670608,100.831,44.4920469138544,10.450000000000001,13.84
384.42400000000004,13,-35.353027499999996,149.1670761,100.84,44.530996067596405,9.77,14.16
384.524,13,-35.3530192,149.1670917,100.85000000000001,44.59927063853985,9.09,14.46
384.624,13,-35.3530115,149.16710759999998,100.86200000000001,44.652966170699905,8.39,14.74
384.724,13,-35.3530045,149.16712379999998,100.875,44.66580692633953,7.69,14.98
384.824,13,-35.352998,149.1671403,100.889,44.69659400402336,6.99,15.21
384.925,13,-35.352992199999996,149.1671571,100.904,44.70693149533218,6.28,15.41
385.02500000000003,13,-35.3529869,149.1671742,100.921,44.73062883665754,5.57,15.59
385.125,13,-35.3529822,149.1671915,100.936,44.724959779646426,4.88,15.74
385.225,13,-35.352978199999995,149.1672089,100.94800000000001,44.74935038517254,4.18,15.870000000000001
385.324,13,-35.3529748,149.1672266,100.955,44.731018157440225,3.5,15.98
385.42400000000004,13,-35.352972,149.1672444,100.958,44.71380266563721,2.8000000000000003,16.07
385.524,13,-35.3529698,149.1672623,100.959,44.7538924609706,2.09,16.14
385.624,13,-35.3529683,149.1672802,100.958,44.75826378203941,1.3900000000000001,16.18
385.724,13,-35.3529674,149.1672982,100.952,44.73936806370057,0.6900000000000001,16.21
385.824,13,-35.3529671,149.1673161,100.944,44.7261038363324,-0.02,16.21
385.92400000000004,13,-35.3529675,149.1673339,100.936,44.725902345751884,-0.73,16.18
386.024,13,-35.3529684,149.1673516,100.927,44.71272008065376,-1.46,16.12
386.124,13,-35.35297,149.1673692,100.92,44.7116170051028,-2.18,16.03
386.224,13,-35.3529723,149.1673866,100.916,44.71563998652394,-2.89,15.93
386.324,13,-35.3529753,149.16740389999998,100.912,44.74058383737283,-3.6,15.8
386.42400000000004,13,-35.352978799999995,149.16742109999998,100.908,44.76888814129336,-4.3100000000000005,15.64
386.524,13,-35.352983,149.167438,100.903,44.76883008468542,-5.0,15.450000000000001
386.624,13,-35.3529878,149.16745469999998,100.895,44.74054627133239,-5.69,15.26
386.724,13,-35.3529932,149.1674713,100.884,44.733941478404994,-6.37,15.030000000000001
386.824,13,-35.3529992,149.1674875,100.872,44.7758720097197,-7.04,14.790000000000001
386.92400000000004,13,-35.3530058,149.16750349999998,100.857,44.78843272760335,-7.71,14.52
387.02500000000003,13,-35.353013,149.16751929999998,100.84100000000001,44.77233397172964,-8.38,14.23
387.125,13,-35.353021,149.1675349,100.822,44.78317006684786,-9.05,13.92
387.225,13,-35.3530294,149.1675501,100.804,44.78615485951516,-9.700000000000001,13.58
387.325,13,-35.3530386,149.1675649,100.785,44.757334876312285,-10.36,13.23
387.42400000000004,13,-35.353048199999996,149.1675794,100.767,44.78951872768138,-10.99,12.86
387.524,13,-35.353058499999996,149.1675934,100.748,44.83361784405757,-11.61,12.47
387.624,13,-35.3530693,149.167607,100.73,44.87184982793672,-12.21,12.05
387.724,13,-35.3530807,149.1676202,100.711,44.82669886242835,-12.81,11.61
387.824,13,-35.353092499999995,149.1676328,100.69500000000001,44.80398165324889,-13.39,11.15
387.92400000000004,13,-35.3531048,149.16764469999998,100.683,44.81590716353973,-13.950000000000001,10.65
388.024,13,-35.353117499999996,149.1676561,100.672,44.85442260026943,-14.49,10.15
388.124,13,-35.3531307,149.1676669,100.663,44.878567318985425,-15.01,9.620000000000001
388.224,13,-35.3531444,149.16767719999999,100.654,44.89609699949026,-15.51,9.07
388.324,13,-35.3531584,149.1676867,100.646,44.9019436414198,-15.98,8.51
388.42400000000004,13,-35.3531729,149.1676957,100.637,44.89809141472791,-16.44,7.94
388.524,13,-35.3531877,149.167704,100.628,44.88820130080973,-16.86,7.37
388.624,13,-35.353203,149.1677118,100.617,44.889253149941915,-17.27,6.7700000000000005
388.724,13,-35.3532185,149.1677188,100.605,44.853544920961085,-17.66,6.16
388.824,13,-35.3532345,149.1677252,100.593,44.83316705157235,-18.03,5.53
388.92400000000004,13,-35.3532507,149.1677308,100.57900000000001,44.8137044275324,-18.37,4.89
389.024,13,-35.3532673,149.1677358,100.565,44.81818503162793,-18.69,4.25
389.125,13,-35.353284099999996,149.1677401,100.549,44.778289896685884,-18.98,3.6
389.225,13,-35.3533014,149.1677437,100.531,44.76307565030968,-19.25,2.94
389.325,13,-35.3533189,149.1677466,100.506,44.79007197300415,-19.51,2.2800000000000002
389.425,13,-35.3533366,149.1677488,100.483,44.81009467255605,-19.75,1.6
389.524,13,-35.3533547,149.1677501,100.459,44.855423222982836,-19.98,0.89
389.624,13,-35.3533729,149.1677507,100.436,44.89994922618215,-20.18,0.17
389.724,13,-35.3533913,149.16775049999998,100.412,44.923813907142176,-20.37,-0.55
389.824,13,-35.3534098,149.16774959999998,100.39,44.96108283434835,-20.52,-1.29
389.92400000000004,13,-35.3534285,149.1677477,100.369,44.9783358921918,-20.650000000000002,-2.0300000000000002
390.024,13,-35.3534472,149.167745,100.351,44.94900364480118,-20.76,-2.7800000000000002
390.124,13,-35.353465899999996,149.1677416,100.33800000000001,44.928554058426165,-20.82,-3.5300000000000002
390.224,13,-35.3534846,149.1677373,100.32900000000001,44.89784894301237,-20.86,-4.28
390.324,13,-35.3535032,149.1677322,100.325,44.87563716783149,-20.86,-5.04
390.42400000000004,13,-35.353521799999996,149.1677262,100.32300000000001,44.877003205665495,-20.84,-5.78
390.524,13,-35.3535404,149.1677195,100.32300000000001,44.895403735289506,-20.79,-6.53
390.624,13,-35.353558899999996,149.167712,100.325,44.89425967860353,-20.71,-7.26
390.724,13,-35.3535773,149.16770359999998,100.32900000000001,44.88250492304194,-20.6,-7.98
390.824,13,-35.3535956,149.16769449999998,100.331,44.8560242796298,-20.48,-8.68
390.92400000000004,13,-35.3536138,149.1676847,100.33200000000001,44.90437518876432,-20.330000000000002,-9.38
391.024,13,-35.353631899999996,149.167674,100.33200000000001,44.94999060713625,-20.16,-10.07
391.124,13,-35.3536498,149.1676626,100.33,44.93819828553422,-19.96,-10.77
391.225,13,-35.353667699999995,149.1676503,100.32600000000001,44.80065535112309,-19.740000000000002,-11.46
391.325,13,-35.353685399999996,149.1676373,100.31400000000001,44.3290786002579,-19.51,-12.13
391.425,13,-35.3537029,149.1676235,100.302,42.973535351915075,-19.25,-12.8
391.524,13,-35.3537202,149.1676089,100.288,40.224568626092534,-18.97,-13.450000000000001
391.624,13,-35.3537372,149.1675937,100.283,35.70702003734357,-18.67,-14.01
391.724,13,-35.353753999999995,149.1675778,100.293,29.255182366214505,-18.400000000000002,-14.42
391.824,13,-35.3537706,149.1675617,100.318,21.241123337552615,-18.17,-14.63
391.92400000000004,13,-35.353787,149.1675455,100.357,12.469073820464804,-18.01,-14.63
392.024,13,-35.3538032,149.1675294,100.394,3.476096712031052,-17.93,-14.49
392.124,13,-35.3538193,149.1675137,100.411,-5.538176072461153,-17.89,-14.26
392.224,13,-35.3538354,149.16749819999998,100.391,-14.483540785964392,-17.88,-14.0
392.324,13,-35.353851399999996,149.1674832,100.32300000000001,-23.09041413080649,-17.91,-13.700000000000001
392.42400000000004,13,-35.3538674,149.16746849999998,100.21300000000001,-30.593079820836603,-18.01,-13.33
392.524,13,-35.353883599999996,149.1674543,100.068,-36.365101933685125,-18.2,-12.870000000000001
392.624,13,-35.353899999999996,149.1674407,99.902,-40.222075607045475,-18.47,-12.290000000000001
392.724,13,-35.3539167,149.16742779999998,99.736,-42.27236520719449,-18.84,-11.56
392.824,13,-35.3539338,149.1674158,99.587,-43.039555960432416,-19.25,-10.67
392.92400000000004,13,-35.3539513,149.16740489999998,99.47800000000001,-43.06386118859391,-19.66,-9.67
393.024,13,-35.3539691,149.1673951,99.415,-42.691424633531454,-20.0,-8.6
393.124,13,-35.3539872,149.1673866,99.406,-42.023691679892664,-20.25,-7.53
393.224,13,-35.3540054,149.1673791,99.43900000000001,-40.965825151051924,-20.41,-6.53
393.325,13,-35.354023999999995,149.1673727,99.511,-39.29817299349078,-20.48,-5.65
393.425,13,-35.3540424,149.1673671,99.608,-36.79993909700482,-20.490000000000002,-4.92
393.52500000000003,13,-35.354061,149.16736229999998,99.72200000000001,-33.4726363484952,-20.47,-4.36
393.624,13,-35.3540795,149.16735789999998,99.83800000000001,-29.47167204214723,-20.42,-3.98
393.724,13,-35.3540981,149.1673538,99.941,-25.06221802720289,-20.37,-3.7600000000000002
393.824,13,-35.3541166,149.16734979999998,100.021,-20.613609952841447,-20.31,-3.67
393.92400000000004,13,-35.354135,149.1673458,100.059,-16.58921809764033,-20.25,-3.67
394.024,13,-35.3541534,149.1673418,100.054,-13.354927157700654,-20.19,-3.69
394.124,13,-35.3541716,149.16733779999998,100.003,-11.12425567666619,-20.13,-3.7
394.224,13,-35.3541897,149.1673337,99.918,-9.994650817199155,-20.080000000000002,-3.67
394.324,13,-35.354207699999996,149.16732969999998,99.809,-9.913579033072041,-20.05,-3.59
394.42400000000004,13,-35.3542257,149.1673258,99.694,-10.578682363880374,-20.03,-3.45
394.524,13,-35.3542436,149.1673222,99.58800000000001,-11.7336169798844,-20.01,-3.2600000000000002
394.624,13,-35.3542615,149.16731869999998,99.503,-13.00464090611655,-19.990000000000002,-3.02
394.724,13,-35.354279399999996,149.1673155,99.44500000000001,-14.16680442358339,-19.96,-2.74
394.824,13,-35.3542972,149.1673127,99.413,-14.97225960409902,-19.93,-2.45
394.92400000000004,13,-35.354315,149.16731009999998,99.407,-15.35893539603366,-19.88,-2.17
395.024,13,-35.3543328,149.1673078,99.418,-15.236867962734484,-19.84,-1.93
395.124,13,-35.354350499999995,149.16730579999998,99.436,-14.600524850973784,-19.81,-1.73
395.224,13,-35.354368199999996,149.1673039,99.453,-13.57907859833484,-19.78,-1.57
395.325,13,-35.354386,149.1673022,99.462,-12.315253691487884,-19.76,-1.45
395.425,13,-35.3544038,149.1673006,99.46000000000001,-10.942553861723633,-19.740000000000002,-1.36
395.52500000000003,13,-35.354421699999996,149.16729909999998,99.44500000000001,-9.665444236941003,-19.740000000000002,-1.28
395.625,13,-35.3544395,149.16729759999998,99.421,-8.585179810264494,-19.740000000000002,-1.21
395.724,13,-35.354457499999995,149.16729619999998,99.39,-7.76084086424107,-19.75,-1.1400000000000001
395.824,13,-35.3544753,149.1672949,99.357,-7.175135921213197,-19.76,-1.06
395.92400000000004,13,-35.3544933,149.1672937,99.325,-6.8391802602814264,-19.77,-0.98
396.024,13,-35.3545112,149.1672926,99.297,-6.665102643999896,-19.78,-0.89
396.124,13,-35.3545292,149.1672915,99.277,-6.580599543588499,-19.79,-0.8
396.224,13,-35.3545471,149.1672906,99.268,-6.493168426457281,-19.79,-0.7000000000000001
396.324,13,-35.3545649,149.1672898,99.27,-6.360155188126337,-19.78,-0.61
396.42400000000004,13,-35.3545826,149.1672891,99.28,-6.135456051698081,-19.78,-0.52
396.524,13,-35.3546003,149.1672884,99.292,-5.8472143847607265,-19.77,-0.44
396.624,13,-35.354617999999995,149.1672879,99.306,-5.484360158216976,-19.76,-0.37
396.724,13,-35.3546356,149.1672874,99.321,-5.03470874147435,-19.75,-0.32
396.824,13,-35.3546532,149.167287,99.33500000000001,-4.535511132492451,-19.75,-0.28
396.92400000000004,13,-35.3546708,149.16728659999998,99.34400000000001,-4.023074482464952,-19.740000000000002,-0.24
397.024,13,-35.3546884,149.1672862,99.346,-3.560851675668094,-19.740000000000002,-0.21
397.124,13,-35.354706,149.1672859,99.342,-3.1320009597125065,-19.75,-0.18
397.224,13,-35.3547236,149.16728569999998,99.33200000000001,-2.7895425318040603,-19.75,-0.16
397.324,13,-35.3547413,149.1672854,99.319,-2.5382521882764753,-19.76,-0.13
397.425,13,-35.3547589,149.16728519999998,99.306,-2.34284175678288,-19.76,-0.1
397.52500000000003,13,-35.3547769,149.167285,99.297,-2.229663387801653,-19.77,-0.07
397.625,13,-35.3547947,149.1672848,99.295,-2.1631680811369938,-19.78,-0.04
397.725,13,-35.354812599999995,149.16728469999998,99.301,-2.0800348605410064,-19.79,-0.01
397.824,13,-35.3548305,149.1672846,99.316,-1.9589851254281632,-19.8,0.01
397.92400000000004,13,-35.3548484,149.1672846,99.336,-1.7710746685300647,-19.8,0.03
398.024,13,-35.3548663,149.1672846,99.35600000000001,-1.5189839122091184,-19.81,0.05
398.124,13,-35.3548842,149.1672846,99.375,-1.3128166798246934,-19.81,0.07
398.224,13,-35.3549021,149.1672846,99.391,-1.1568130247474866,-19.82,0.08
398.324,13,-35.3549199,149.1672846,99.401,-0.9817553830417656,-19.82,0.08
398.42400000000004,13,-35.3549376,149.1672846,99.407,-0.7638531386113182,-19.830000000000002,0.09
398.524,13,-35.3549553,149.1672846,99.408,-0.5587839658576785,-19.830000000000002,0.09
398.624,13,-35.354973,149.1672846,99.407,-0.40866030324305924,-19.830000000000002,0.1
398.724,13,-35.3549907,149.16728469999998,99.409,-0.3093136809809164,-19.830000000000002,0.1
398.824,13,-35.3550083,149.1672848,99.413,-0.1857057999000651,-19.84,0.1
398.92400000000004,13,-35.355025999999995,149.1672848,99.418,-0.1314959891800623,-19.84,0.1
399.024,13,-35.355043699999996,149.1672849,99.424,-0.10952264363010981,-19.85,0.1
399.124,13,-35.355061299999996,149.1672849,99.434,-0.12349983869396076,-19.84,0.1
399.224,13,-35.3550791,149.167285,99.45,-0.12281492546668188,-19.85,0.11
399.324,13,-35.3550967,149.1672851,99.46600000000001,-0.10317731117978202,-19.85,0.11
399.42400000000004,13,-35.3551145,149.16728519999998,99.48,-0.07409409221949666,-19.85,0.11
399.52500000000003,13,-35.3551322,149.16728519999998,99.492,-0.04533068486090525,-19.85,0.12
399.625,13,-35.355150099999996,149.1672853,99.5,-0.011876304080607077,-19.85,0.12
399.725,13,-35.355168,149.1672854,99.507,0.02993212676376398,-19.86,0.12
399.825,13,-35.355185899999995,149.1672855,99.513,0.05868904744367586,-19.87,0.12
399.92400000000004,13,-35.3552039,149.16728559999999,99.521,0.06290045937658374,-19.89,0.12
400.024,13,-35.355221799999995,149.16728569999998,99.529,0.10509378622167223,-19.89,0.12
400.124,13,-35.3552399,149.1672859,99.537,0.17310350057179658,-19.91,0.12
400.224,13,-35.3552579,149.167286,99.543,0.22846937416967694,-19.92,0.12
400.324,13,-35.355275899999995,149.16728609999998,99.549,0.30864944508413267,-19.93,0.11
400.42400000000004,13,-35.3552939,149.1672862,99.556,0.36126196537391775,-19.94,0.1
400.524,13,-35.355311799999996,149.1672863,99.565,0.38075596559536884,-19.94,0.09
400.624,13,-35.3553297,149.1672864,99.575,0.38471510075602255,-19.94,0.08
400.724,13,-35.3553475,149.1672864,99.58800000000001,0.3820976175196003,-19.94,0.08
400.824,13,-35.355365299999995,149.1672865,99.602,0.38968841228671747,-19.93,0.07
400.92400000000004,13,-35.355382999999996,149.16728659999998,99.614,0.3972275804286628,-19.93,0.06
401.024,13,-35.3554008,149.16728659999998,99.625,0.4115226327529706,-19.92,0.05
401.124,13,-35.3554185,149.1672867,99.635,0.41194002134428187,-19.92,0.04
401.224,13,-35.3554363,149.1672867,99.644,0.3971697105837028,-19.92,0.04
401.324,13,-35.355454,149.1672868,99.651,0.3558972786676958,-19.92,0.04
401.42400000000004,13,-35.3554718,149.1672868,99.655,0.2997021107148275,-19.92,0.04
401.524,13,-35.3554896,149.1672868,99.658,0.2451866890501063,-19.93,0.04
401.625,13,-35.3555074,149.1672869,99.66,0.1665324317034212,-19.93,0.04
401.725,13,-35.3555255,149.167287,99.663,0.13377234982416739,-19.94,0.05
401.825,13,-35.3555434,149.167287,99.668,0.10907402559964427,-19.95,0.05
401.92400000000004,13,-35.3555615,149.16728709999998,99.676,0.10248630147506035,-19.96,0.04
402.024,13,-35.3555795,149.16728709999998,99.686,0.12304652490844084,-19.97,0.03
402.124,13,-35.3555977,149.1672872,99.696,0.1604828984709865,-19.990000000000002,0.03
402.224,13,-35.3556157,149.1672872,99.70400000000001,0.19498205056658868,-20.0,0.02
402.324,13,-35.3556339,149.1672872,99.711,0.20355787333785538,-20.01,0.02
402.42400000000004,13,-35.3556519,149.1672873,99.71900000000001,0.22999941658503914,-20.02,0.02
402.524,13,-35.355669899999995,149.1672873,99.72800000000001,0.22173932998032686,-20.02,0.02
402.624,13,-35.3556879,149.1672873,99.739,0.20715228706900105,-20.02,0.02
402.724,13,-35.3557057,149.1672873,99.748,0.17723861982528394,-20.02,0.02
402.824,13,-35.3557236,149.1672874,99.757,0.13718879177070925,-20.02,0.02
402.92400000000004,13,-35.3557414,149.1672874,99.765,0.12377707500515453,-20.01,0.02
403.024,13,-35.355759299999995,149.1672874,99.774,0.145565725303039,-20.01,0.01
403.124,13,-35.3557771,149.1672874,99.783,0.16439626336007326,-20.0,0.01
403.224,13,-35.3557949,149.1672875,99.789,0.15515871265210868,-20.0,0.0
403.324,13,-35.3558127,149.1672875,99.795,0.11617945004886737,-20.0,0.01
403.42400000000004,13,-35.3558306,149.1672875,99.799,0.0751378038216128,-19.990000000000002,0.0
403.524,13,-35.3558484,149.1672875,99.802,0.06496907955027863,-19.990000000000002,0.01
403.624,13,-35.355866299999995,149.1672875,99.807,0.056442809001027584,-19.98,0.01
403.725,13,-35.3558843,149.1672875,99.813,0.043170494128596575,-19.98,0.01
403.825,13,-35.3559021,149.16728759999998,99.821,0.040422910462720105,-19.98,0.01
403.925,13,-35.3559201,149.16728759999998,99.828,0.0391936464998364,-19.98,0.01
404.024,13,-35.3559382,149.16728759999998,99.833,0.06386073461509861,-19.990000000000002,0.0
404.124,13,-35.355956299999995,149.16728759999998,99.83800000000001,0.058343162395238186,-20.0,0.0
404.224,13,-35.3559744,149.16728759999998,99.84100000000001,0.07072893005258278,-20.01,0.0
404.324,13,-35.3559925,149.16728759999998,99.842,0.07762424614354867,-20.02,0.0
404.42400000000004,13,-35.3560107,149.16728759999998,99.843,0.07047061016373879,-20.03,0.0
404.524,13,-35.356028699999996,149.1672877,99.84400000000001,0.05227399903904634,-20.03,0.01
404.624,13,-35.3560466,149.1672877,99.846,0.0696441972948069,-20.03,0.0
404.724,13,-35.356064499999995,149.1672877,99.851,0.05374143249870118,-20.03,0.01
404.824,13,-35.3560825,149.1672877,99.857,0.017175736300086897,-20.03,0.01
404.92400000000004,13,-35.3561003,149.1672877,99.86200000000001,-0.01987758804750936,-20.02,0.01
405.024,13,-35.3561182,149.1672877,99.867,-0.030680055823253515,-20.01,0.01
405.124,13,-35.3561361,149.1672877,99.872,-0.00022971980050487094,-20.01,0.01
405.224,13,-35.356153899999995,149.1672878,99.876,0.042568136810846244,-20.0,0.01
405.324,13,-35.3561718,149.1672878,99.88,0.10702877080940891,-20.0,0.01
405.42400000000004,13,-35.3561896,149.1672878,99.88,0.131112444709697,-20.0,0.0
405.524,13,-35.3562075,149.1672878,99.876,0.11645396495656371,-20.01,0.0
405.624,13,-35.3562254,149.1672878,99.868,0.13552889571983748,-20.01,0.01
405.724,13,-35.356243299999996,149.1672878,99.86,0.12299789983124416,-20.01,0.01
405.825,13,-35.3562614,149.1672878,99.855,0.09729028175471945,-20.02,0.01
405.925,13,-35.3562795,149.1672878,99.85600000000001,0.10147822158246202,-20.03,0.01
406.02500000000003,13,-35.3562975,149.1672878,99.85900000000001,0.1116930162801607,-20.04,0.01
406.124,13,-35.356315699999996,149.1672878,99.86500000000001,0.11519520911729797,-20.05,0.01
406.224,13,-35.3563338,149.1672879,99.872,0.1177924419100482,-20.06,0.01
406.324,13,-35.356352099999995,149.1672879,99.881,0.11377326244967916,-20.07,0.01
406.42400000000004,13,-35.3563702,149.1672879,99.89,0.10204568757252842,-20.080000000000002,0.01
406.524,13,-35.3563884,149.1672879,99.896,0.14243969979835489,-20.09,0.01
406.624,13,-35.3564066,149.1672879,99.899,0.16265133679012012,-20.09,0.0
406.724,13,-35.3564247,149.1672879,99.903,0.17370693177671134,-20.09,0.0
406.824,13,-35.356442699999995,149.1672879,99.905,0.19453449975318096,-20.1,-0.01
406.92400000000004,13,-35.3564606,149.1672878,99.908,0.20754126100614798,-20.09,-0.01
407.024,13,-35.356478599999996,149.1672878,99.91,0.19755112216922585,-20.09,-0.02
407.124,13,-35.3564965,149.1672878,99.91,0.1659516922011982,-20.080000000000002,-0.02
407.224,13,-35.3565144,149.1672878,99.908,0.09278061600468547,-20.07,-0.02
407.324,13,-35.3565323,149.1672878,99.909,-0.01638523028257052,-20.06,-0.02
407.42400000000004,13,-35.3565502,149.1672878,99.913,-0.05089601504410288,-20.06,-0.02
407.524,13,-35.356567999999996,149.1672877,99.918,-0.09526975304969232,-20.05,-0.02
407.624,13,-35.3565859,149.1672877,99.924,-0.12682125830171748,-20.04,-0.01
407.724,13,-35.356603799999995,149.1672877,99.929,-0.14670315190304445,-20.03,-0.01
407.825,13,-35.3566217,149.16728759999998,99.935,-0.18733504014095118,-20.03,-0.01
407.925,13,-35.3566399,149.16728759999998,99.941,-0.212180480236894,-20.03,-0.01
408.02500000000003,13,-35.3566579,149.16728759999998,99.94500000000001,-0.21444747605131678,-20.03,-0.01
408.125,13,-35.3566761,149.16728759999998,99.94500000000001,-0.19975748671455154,-20.04,0.0
408.224,13,-35.3566942,149.1672875,99.944,-0.20252175231706296,-20.04,0.0
408.324,13,-35.3567123,149.1672875,99.943,-0.2162601975848676,-20.05,0.0
408.42400000000004,13,-35.3567305,149.1672875,99.941,-0.198249829176977,-20.06,0.0
408.524,13,-35.356748599999996,149.1672875,99.941,-0.18997340081106695,-20.06,0.0
408.624,13,-35.356766799999995,149.1672875,99.94200000000001,-0.16543776048679443,-20.06,0.0
408.724,13,-35.3567848,149.1672875,99.946,-0.14872702233148385,-20.06,0.0
408.824,13,-35.3568028,149.1672875,99.952,-0.11315809185712844,-20.06,0.0
408.92400000000004,13,-35.3568207,149.1672874,99.959,-0.09692402620069072,-20.06,0.0
409.024,13,-35.356838599999996,149.1672874,99.964,-0.06313580741825829,-20.05,0.0
409.124,13,-35.3568564,149.1672874,99.96600000000001,-0.013874730553614196,-20.05,0.0
409.224,13,-35.3568743,149.1672874,99.965,0.004211727512326931,-20.05,0.0
409.324,13,-35.3568922,149.1672874,99.964,-0.004758648740267086,-20.04,-0.01
409.42400000000004,13,-35.3569101,149.1672874,99.964,-0.03105240118461838,-20.04,-0.01
409.524,13,-35.356927899999995,149.1672873,99.962,-0.06661878367824828,-20.04,-0.01
409.624,13,-35.3569458,149.1672873,99.96000000000001,-0.06225305882888703,-20.03,-0.01
409.724,13,-35.3569637,149.1672873,99.958,-0.05674216338574455,-20.03,-0.02
409.824,13,-35.3569816,149.1672872,99.958,-0.05245268786011085,-20.03,-0.02
409.925,13,-35.3569994,149.1672872,99.959,-0.07863074522088012,-20.03,-0.02
410.02500000000003,13,-35.3570175,149.16728709999998,99.959,-0.11658311156077249,-20.03,-0.02
410.125,13,-35.357035599999996,149.16728709999998,99.959,-0.15724296088559395,-20.04,-0.02
410.225,13,-35.3570537,149.167287,99.959,-0.20948434310331082,-20.05,-0.01
410.324,13,-35.3570719,149.167287,99.95700000000001,-0.24429006663898345,-20.06,-0.01
410.42400000000004,13,-35.35709,149.167287,99.956,-0.27156848148226564,-20.07,0.0
410.524,13,-35.3571082,149.1672869,99.955,-0.31221176226226455,-20.09,0.0
410.624,13,-35.3571264,149.1672869,99.955,-0.3325806403472855,-20.1,0.0
410.724,13,-35.3571446,149.1672869,99.95400000000001,-0.34229759829783357,-20.1,0.0
410.824,13,-35.3571628,149.1672869,99.956,-0.35539315201001076,-20.11,0.01
410.92400000000004,13,-35.357180899999996,149.1672869,99.96000000000001,-0.33271436264462967,-20.12,0.01
411.024,13,-35.3571989,149.1672869,99.964,-0.2996129980905,-20.12,0.01
411.124,13,-35.3572169,149.1672869,99.96900000000001,-0.2774936705872517,-20.11,0.01
411.224,13,-35.3572349,149.1672869,99.976,-0.2398987619307677,-20.1,0.01
411.324,13,-35.3572528,149.1672869,99.985,-0.20022498114672718,-20.1,0.02
411.42400000000004,13,-35.3572707,149.1672869,99.993,-0.1381621070676493,-20.09,0.02
411.524,13,-35.3572886,149.1672869,99.998,-0.0900799098480735,-20.080000000000002,0.02
411.624,13,-35.3573065,149.1672869,100.0,-0.0748614879851314,-20.080000000000002,0.02
411.724,13,-35.357324399999996,149.1672869,99.996,-0.08952318939975795,-20.07,0.02
411.824,13,-35.3573423,149.1672869,99.988,-0.08286130702986916,-20.07,0.01
411.92400000000004,13,-35.357360199999995,149.1672869,99.979,-0.05579849004258531,-20.07,0.01
412.02500000000003,13,-35.3573782,149.1672869,99.97,-0.037193665058225515,-20.07,0.01
412.125,13,-35.3573964,149.1672869,99.96300000000001,-0.01229204849063863,-20.080000000000002,0.01
412.225,13,-35.3574145,149.1672869,99.95700000000001,0.0011700391482978708,-20.080000000000002,0.0
412.325,13,-35.3574327,149.1672869,99.953,-0.012812783713785988,-20.09,0.0
412.42400000000004,13,-35.357450799999995,149.1672869,99.953,-0.08164632710029364,-20.1,0.0
412.524,13,-35.357469099999996,149.1672869,99.958,-0.12172888536801017,-20.1,0.0
412.624,13,-35.357487299999995,149.1672869,99.964,-0.12816441767004313,-20.1,0.0
412.724,13,-35.357505499999995,149.1672868,99.97200000000001,-0.1275722456050883,-20.11,0.0
412.824,13,-35.3575237,149.1672868,99.97800000000001,-0.17775786094455037,-20.11,0.0
412.92400000000004,13,-35.3575417,149.1672868,99.982,-0.20120396603428684,-20.1,0.01
413.024,13,-35.357559699999996,149.1672868,99.982,-0.23002895181711416,-20.1,0.01
413.124,13,-35.3575777,149.1672868,99.98,-0.262972234844555,-20.09,0.01
413.224,13,-35.357595599999996,149.1672868,99.97500000000001,-0.2846246815654359,-20.09,0.01
413.324,13,-35.3576135,149.1672868,99.971,-0.3171633826062593,-20.09,0.01
413.42400000000004,13,-35.357631399999995,149.1672868,99.96600000000001,-0.32274919668686036,-20.080000000000002,0.02
413.524,13,-35.3576493,149.1672868,99.96000000000001,-0.2856060676913757,-20.07,0.02
413.624,13,-35.3576672,149.1672868,99.955,-0.25137932274978064,-20.07,0.02
413.724,13,-35.3576851,149.1672868,99.953,-0.21625857007885443,-20.06,0.02
413.824,13,-35.357703,149.1672868,99.95400000000001,-0.18475236152082689,-20.06,0.03
413.92400000000004,13,-35.3577209,149.1672867,99.95700000000001,-0.1620495864520714,-20.05,0.03
414.024,13,-35.3577388,149.1672867,99.962,-0.15763258849318879,-20.04,0.03
414.125,13,-35.357756699999996,149.1672867,99.968,-0.1325350450477637,-20.04,0.02
414.225,13,-35.3577747,149.1672867,99.97200000000001,-0.10283031222354025,-20.03,0.02
414.325,13,-35.3577928,149.1672867,99.97500000000001,-0.07735494058911578,-20.04,0.02
414.42400000000004,13,-35.3578109,149.1672867,99.97500000000001,-0.05867664771548538,-20.05,0.02
414.524,13,-35.3578291,149.1672867,99.97200000000001,-0.05565805761799015,-20.06,0.02
414.624,13,-35.3578472,149.1672867,99.965,-0.06581015998364885,-20.06,0.02
414.724,13,-35.3578654,149.1672867,99.959,-0.10020465143641248,-20.080000000000002,0.02
414.824,13,-35.3578836,149.1672867,99.952,-0.1270065405231673,-20.09,0.03
414.92400000000004,13,-35.3579018,149.1672867,99.947,-0.11979243335681901,-20.1,0.02
415.024,13,-35.35792,149.1672868,99.946,-0.10876147774405007,-20.11,0.02
415.124,13,-35.357938,149.1672867,99.94800000000001,-0.13009640070980472,-20.1,0.02
415.224,13,-35.357956099999996,149.1672868,99.953,-0.1799697216577238,-20.1,0.03
415.324,13,-35.357974,149.1672868,99.959,-0.24751903856910695,-20.09,0.03
415.42400000000004,13,-35.357991999999996,149.1672868,99.967,-0.2619174508654641,-20.09,0.03
415.524,13,-35.3580099,149.1672868,99.974,-0.1977379518554095,-20.080000000000002,0.04
415.624,13,-35.358027799999995,149.1672868,99.97800000000001,-0.1295358182697612,-20.07,0.04
415.724,13,-35.3580457,149.1672869,99.97800000000001,-0.07498658583462708,-20.06,0.04
415.824,13,-35.3580636,149.1672869,99.976,-0.06569891594558491,-20.06,0.04
415.92400000000004,13,-35.3580815,149.1672869,99.974,-0.040693570048795084,-20.05,0.04
416.024,13,-35.3580994,149.167287,99.973,-0.013994072101104302,-20.05,0.05
416.124,13,-35.358117299999996,149.167287,99.97200000000001,0.05034332667523389,-20.05,0.05
416.225,13,-35.3581353,149.167287,99.97,0.0657443260313949,-20.05,0.06
416.325,13,-35.3581534,149.16728709999998,99.97,0.05644587057996219,-20.06,0.06
416.425,13,-35.3581715,149.16728709999998,99.97,0.05050580380217953,-20.06,0.06
416.524,13,-35.3581897,149.1672872,99.97200000000001,0.08918208681776062,-20.07,0.05
416.624,13,-35.358207799999995,149.1672872,99.977,0.09425802460877757,-20.080000000000002,0.05
416.724,13,-35.358226,149.1672873,99.98400000000001,0.1171024060408918,-20.09,0.05
416.824,13,-35.3582442,149.1672873,99.991,0.17117937491762317,-20.09,0.05
416.92400000000004,13,-35.3582624,149.1672874,99.997,0.17602003136803168,-20.1,0.04
417.024,13,-35.3582806,149.1672874,100.001,0.2008804925440633,-20.11,0.04
417.124,13,-35.3582986,149.1672874,100.004,0.17552892475845192,-20.11,0.03
417.224,13,-35.358316699999996,149.1672874,100.006,0.13278261272475023,-20.11,0.03
417.324,13,-35.3583346,149.1672875,100.007,0.14637955835090188,-20.1,0.03
417.42400000000004,13,-35.358352599999996,149.1672875,100.008,0.20499374718807867,-20.1,0.02
417.524,13,-35.3583705,149.1672875,100.009,0.2264635930703675,-20.09,0.02
417.624,13,-35.358388399999995,149.1672875,100.009,0.2248706648898736,-20.080000000000002,0.01
417.724,13,-35.3584063,149.1672875,100.01,0.18868232163516263,-20.080000000000002,0.01
417.824,13,-35.3584242,149.1672875,100.009,0.14959831167769683,-20.07,0.01
417.92400000000004,13,-35.3584421,149.1672875,100.008,0.10689734969884566,-20.07,0.01
418.024,13,-35.35846,149.1672875,100.007,0.07353945951455047,-20.07,0.0
418.124,13,-35.3584779,149.1672875,100.004,0.037884818170239316,-20.06,0.0
418.224,13,-35.3584958,149.1672875,100.001,0.033944552741189044,-20.06,0.0
418.325,13,-35.3585139,149.1672875,99.994,0.047605684803261626,-20.06,0.0
418.425,13,-35.3585318,149.1672875,99.98700000000001,0.039401807186963116,-20.06,0.01
418.52500000000003,13,-35.35855,149.1672875,99.97800000000001,0.019936244965049487,-20.07,0.01
418.624,13,-35.3585681,149.1672875,99.96900000000001,0.004450760787904237,-20.080000000000002,0.01
418.724,13,-35.3585863,149.1672875,99.961,-0.01725755349530825,-20.09,0.01
418.824,13,-35.3586044,149.1672875,99.95400000000001,-0.009351886340442863,-20.09,0.01
418.92400000000004,13,-35.3586227,149.1672875,99.95400000000001,0.051999670894335125,-20.1,0.01
419.024,13,-35.3586409,149.1672875,99.95700000000001,0.08531647989201108,-20.11,0.0
419.124,13,-35.3586589,149.1672875,99.964,0.10592897695090463,-20.11,0.0
419.224,13,-35.358677,149.1672875,99.971,0.08174236329528373,-20.11,0.0
419.324,13,-35.358695,149.1672875,99.979,0.05332132917399912,-20.1,0.0
419.42400000000004,13,-35.358713,149.1672875,99.98400000000001,-0.031007201207166633,-20.1,0.0
419.524,13,-35.3587309,149.1672875,99.98700000000001,-0.09788246048978087,-20.09,-0.01
419.624,13,-35.3587488,149.1672874,99.988,-0.13129408505293702,-20.09,0.0
419.724,13,-35.3587668,149.1672874,99.985,-0.1498658496538777,-20.080000000000002,0.0
419.824,13,-35.3587847,149.1672874,99.979,-0.16793975749734794,-20.080000000000002,0.0
419.92400000000004,13,-35.3588026,149.1672874,99.97200000000001,-0.15901768949188655,-20.080000000000002,0.0
420.024,13,-35.3588206,149.1672874,99.964,-0.18557026333372267,-20.080000000000002,0.0
420.124,13,-35.3588385,149.1672873,99.959,-0.19456862401860459,-20.080000000000002,0.0
420.224,13,-35.3588565,149.1672873,99.956,-0.20078341581244183,-20.07,0.0
420.325,13,-35.3588744,149.1672873,99.956,-0.18103681865361929,-20.07,0.0
420.425,13,-35.358892499999996,149.1672873,99.96000000000001,-0.1708636787717084,-20.07,0.0
420.52500000000003,13,-35.358910699999996,149.1672873,99.968,-0.15094589999681243,-20.07,0.0
420.625,13,-35.3589288,149.1672872,99.97500000000001,-0.1556495391172108,-20.07,0.0
420.724,13,-35.358947,149.1672872,99.98100000000001,-0.18973250324069177,-20.080000000000002,0.0
420.824,13,-35.3589652,149.1672872,99.98400000000001,-0.19586745385839127,-20.09,0.01
420.92400000000004,13,-35.3589834,149.1672872,99.985,-0.19493680056333734,-20.1,0.01
421.024,13,-35.3590016,149.1672872,99.985,-0.21241421411276862,-20.1,0.01
421.124,13,-35.3590198,149.1672872,99.986,-0.20614623488881254,-20.11,0.02
421.224,13,-35.359038,149.1672872,99.988,-0.1875028733635057,-20.11,0.02
421.324,13,-35.3590561,149.1672872,99.992,-0.1669089725618446,-20.11,0.02
421.42400000000004,13,-35.3590741,149.1672872,99.995,-0.11445821569759772,-20.11,0.02
421.524,13,-35.3590921,149.1672872,99.999,-0.057404378240225054,-20.1,0.02
421.624,13,-35.35911,149.1672872,100.004,-0.017133622914469543,-20.09,0.02
421.724,13,-35.3591279,149.1672872,100.008,0.008742762199535325,-20.09,0.01
421.824,13,-35.3591459,149.1672872,100.009,-0.012578771360960368,-20.080000000000002,0.01
421.92400000000004,13,-35.3591638,149.16728709999998,100.007,-0.03845911101442244,-20.07,0.01
422.024,13,-35.3591817,149.16728709999998,100.002,-0.022077605986394352,-20.07,0.0
422.124,13,-35.3591996,149.16728709999998,99.998,-0.02525892667488646,-20.06,0.0
422.224,13,-35.3592175,149.16728709999998,99.995,-0.03165770668949092,-20.06,0.0
422.324,13,-35.359235399999996,149.16728709999998,99.993,-0.06784942501814722,-20.06,0.01
422.425,13,-35.3592533,149.16728709999998,99.991,-0.09803597966354748,-20.05,0.01
422.52500000000003,13,-35.3592716,149.16728709999998,99.989,-0.1312521967834178,-20.06,0.01
422.625,13,-35.3592896,149.16728709999998,99.98700000000001,-0.19336340245500144,-20.06,0.01
422.725,13,-35.359307799999996,149.16728709999998,99.98700000000001,-0.2096390628962675,-20.07,0.02
422.824,13,-35.3593259,149.16728709999998,99.98700000000001,-0.20375063941892313,-20.080000000000002,0.02
422.92400000000004,13,-35.3593441,149.16728709999998,99.988,-0.1934523149761306,-20.09,0.02
423.024,13,-35.3593623,149.16728709999998,99.988,-0.18971215941552716,-20.09,0.03
423.124,13,-35.3593805,149.16728709999998,99.988,-0.14620437467086164,-20.09,0.04
423.224,13,-35.3593987,149.16728709999998,99.991,-0.12890998884684557,-20.09,0.04
423.324,13,-35.3594167,149.16728709999998,99.997,-0.07156785604151754,-20.09,0.04
423.42400000000004,13,-35.3594347,149.16728709999998,100.006,0.004386251685575983,-20.080000000000002,0.04
423.524,13,-35.3594526,149.1672872,100.016,0.05653000730475764,-20.07,0.04
423.624,13,-35.3594705,149.1672872,100.026,0.09339763421676753,-20.05,0.03
423.724,13,-35.3594884,149.1672872,100.035,0.10921502498330139,-20.04,0.03
423.824,13,-35.3595063,149.1672872,100.043,0.09175015790440606,-20.03,0.02
423.92400000000004,13,-35.3595241,149.1672872,100.05,0.0777595492561597,-20.02,0.02
424.024,13,-35.359542,149.1672872,100.054,0.06827917331700928,-20.02,0.01
424.124,13,-35.3595598,149.1672872,100.055,0.03524700778391899,-20.01,0.01
424.224,13,-35.359577699999996,149.1672872,100.051,-0.004406136940911042,-20.0,0.0
424.324,13,-35.3595955,149.16728709999998,100.044,-0.061701914589698564,-20.0,0.0
424.42400000000004,13,-35.3596134,149.16728709999998,100.035,-0.06269948906438405,-20.0,0.0
424.52500000000003,13,-35.3596313,149.16728709999998,100.025,-0.0470532665737104,-20.0,0.0
424.625,13,-35.3596493,149.16728709999998,100.014,-0.0743229102267987,-20.0,0.01
424.725,13,-35.3596674,149.16728709999998,100.007,-0.09535421660971172,-20.01,0.01
424.825,13,-35.3596854,149.16728709999998,100.005,-0.08259410922912547,-20.02,0.01
424.92400000000004,13,-35.359703599999996,149.16728709999998,100.008,-0.10765694810985174,-20.03,0.02
425.024,13,-35.3597217,149.16728709999998,100.011,-0.13398719395811867,-20.04,0.02
425.124,13,-35.3597399,149.16728709999998,100.016,-0.16496895871372294,-20.05,0.02
425.224,13,-35.359758,149.16728709999998,100.021,-0.1863273604547495,-20.06,0.02
425.324,13,-35.3597762,149.16728709999998,100.026,-0.16109283969995394,-20.07,0.02
425.42400000000004,13,-35.3597944,149.16728709999998,100.028,-0.1396583987435581,-20.080000000000002,0.02
425.524,13,-35.359812399999996,149.16728709999998,100.029,-0.1427358391916852,-20.080000000000002,0.02
425.624,13,-35.3598304,149.16728709999998,100.027,-0.14214386722992872,-20.080000000000002,0.03
425.724,13,-35.3598484,149.16728709999998,100.026,-0.12900538471160095,-20.07,0.03
425.824,13,-35.3598663,149.16728709999998,100.023,-0.13661751047966117,-20.07,0.04
425.92400000000004,13,-35.359884199999996,149.16728709999998,100.019,-0.11213420381186122,-20.06,0.04
426.024,13,-35.3599021,149.1672872,100.014,-0.070010206054891,-20.06,0.04
426.124,13,-35.359919999999995,149.1672872,100.009,-0.03363721757391161,-20.05,0.04
426.224,13,-35.3599379,149.1672872,100.004,0.0008367396009418434,-20.05,0.04
426.324,13,-35.3599557,149.1672872,99.999,0.04832604631212649,-20.05,0.04
426.42400000000004,13,-35.3599736,149.1672873,99.996,0.05388204168112155,-20.04,0.04
426.524,13,-35.3599915,149.1672873,99.994,0.06896884233030207,-20.04,0.04
426.625,13,-35.3600096,149.1672873,99.993,0.07838082966636642,-20.04,0.03
426.725,13,-35.360027699999996,149.1672873,99.991,0.09212916670227567,-20.05,0.03
426.825,13,-35.3600457,149.1672873,99.98700000000001,0.09587575891575906,-20.05,0.03
426.92400000000004,13,-35.3600639,149.1672873,99.98400000000001,0.11693628036562975,-20.06,0.03
427.024,13,-35.360082,149.1672874,99.98100000000001,0.1182423272607699,-20.07,0.03
427.124,13,-35.3601002,149.1672874,99.979,0.09117280681634166,-20.080000000000002,0.03
427.224,13,-35.3601184,149.1672874,99.979,0.06463103854721589,-20.080000000000002,0.03
427.324,13,-35.3601366,149.1672874,99.98400000000001,0.048810489485201544,-20.09,0.02
427.42400000000004,13,-35.3601548,149.1672874,99.992,0.05041539384211612,-20.1,0.02
427.524,13,-35.3601728,149.1672874,100.002,0.06836692523958808,-20.1,0.01
427.624,13,-35.3601908,149.1672874,100.011,0.09432341833399516,-20.1,0.0
427.724,13,-35.360208799999995,149.1672874,100.019,0.09339974197045671,-20.09,0.0
427.824,13,-35.3602267,149.1672873,100.025,0.06207580741579726,-20.09,0.0
427.92400000000004,13,-35.3602446,149.1672873,100.029,0.008429919191723577,-20.080000000000002,0.0
428.024,13,-35.3602625,149.1672873,100.03,-0.06688630831421592,-20.07,0.0
428.124,13,-35.3602804,149.1672873,100.029,-0.11436959666115945,-20.06,0.0
428.224,13,-35.3602983,149.1672873,100.026,-0.15993146741721376,-20.06,0.0
428.324,13,-35.3603162,149.1672873,100.021,-0.20238182682057027,-20.06,0.0
428.42400000000004,13,-35.360334099999996,149.1672873,100.015,-0.22878340278893886,-20.06,0.0
428.524,13,-35.360352,149.1672872,100.008,-0.2625971614095861,-20.05,0.0
428.624,13,-35.360369899999995,149.1672872,99.999,-0.3118782569316975,-20.05,0.0
428.725,13,-35.360388,149.1672872,99.991,-0.3430266676308795,-20.04,0.0
428.825,13,-35.360405899999996,149.1672872,99.983,-0.32919481419008967,-20.04,0.0
428.925,13,-35.360424,149.1672872,99.97800000000001,-0.29897173404088573,-20.05,0.01
429.024,13,-35.360442,149.1672872,99.977,-0.29236304577122235,-20.05,0.0
429.124,13,-35.3604602,149.16728709999998,99.97800000000001,-0.25920258407251623,-20.06,0.0
429.224,13,-35.3604784,149.16728709999998,99.982,-0.23463460707139194,-20.07,0.0
429.324,13,-35.3604966,149.16728709999998,99.985,-0.23946603209425038,-20.080000000000002,0.0
429.42400000000004,13,-35.3605148,149.16728709999998,99.988,-0.2696282808711589,-20.09,0.01
429.524,13,-35.3605328,149.16728709999998,99.988,-0.28886436141016264,-20.09,0.02
429.624,13,-35.3605509,149.16728709999998,99.986,-0.25868965287410417,-20.09,0.02
429.724,13,-35.3605689,149.16728709999998,99.985,-0.24519682761215553,-20.09,0.02
429.824,13,-35.3605868,149.16728709999998,99.983,-0.2695938898014708,-20.080000000000002,0.03
429.92400000000004,13,-35.3606048,149.16728709999998,99.98100000000001,-0.25310922823964505,-20.080000000000002,0.03
430.024,13,-35.3606227,149.16728709999998,99.98100000000001,-0.22445962624005633,-20.080000000000002,0.03
430.124,13,-35.360640599999996,149.16728709999998,99.98100000000001,-0.14167261085762428,-20.07,0.04
430.224,13,-35.3606586,149.16728709999998,99.979,-0.05403212908503663,-20.07,0.04
430.324,13,-35.3606765,149.16728709999998,99.97500000000001,0.017051502229397372,-20.07,0.03
430.42400000000004,13,-35.3606944,149.16728709999998,99.97200000000001,0.016681403026433877,-20.07,0.03
430.524,13,-35.3607124,149.1672872,99.971,-0.00021429910025929042,-20.07,0.03
430.624,13,-35.3607303,149.1672872,99.97200000000001,0.008560698304525478,-20.06,0.04
430.725,13,-35.360748199999996,149.1672872,99.973,0.02332906306150064,-20.06,0.04
430.825,13,-35.3607663,149.1672872,99.974,0.030179134151795142,-20.05,0.04
430.925,13,-35.3607845,149.1672872,99.974,0.015265382748539245,-20.06,0.04
431.02500000000003,13,-35.3608026,149.1672873,99.974,-0.03294577431226021,-20.07,0.05
431.124,13,-35.3608208,149.1672873,99.97200000000001,-0.014443713992934686,-20.080000000000002,0.04
431.224,13,-35.360839,149.1672873,99.97,0.028019920590105028,-20.09,0.04
431.324,13,-35.3608572,149.1672873,99.96900000000001,0.07223870868405972,-20.1,0.04
431.42400000000004,13,-35.3608754,149.1672873,99.968,0.11687252748663855,-20.11,0.03
431.524,13,-35.3608937,149.1672873,99.96900000000001,0.11702571315507461,-20.12,0.03
431.624,13,-35.3609119,149.1672873,99.97200000000001,0.11193157931322191,-20.13,0.03
431.724,13,-35.360929899999995,149.1672873,99.98,0.09767492679267561,-20.12,0.04
431.824,13,-35.360948,149.1672873,99.993,0.10355109061406832,-20.12,0.04
431.92400000000004,13,-35.3609659,149.1672873,100.006,0.10010147822734826,-20.11,0.04
432.024,13,-35.3609839,149.1672873,100.017,0.08768664891549806,-20.1,0.04
432.124,13,-35.3610018,149.1672874,100.026,0.08669877944593207,-20.09,0.04
432.224,13,-35.3610197,149.1672874,100.033,0.08026897009537165,-20.080000000000002,0.03
432.324,13,-35.361037599999996,149.1672874,100.037,0.07944282403070423,-20.07,0.03
432.42400000000004,13,-35.3610555,149.1672874,100.036,0.1048533222082268,-20.06,0.02
432.524,13,-35.361073399999995,149.1672874,100.029,0.09520619360379286,-20.06,0.02
432.624,13,-35.3610913,149.1672874,100.019,0.09779620934118963,-20.05,0.02
432.724,13,-35.3611092,149.1672874,100.011,0.08360568425758816,-20.04,0.02
432.825,13,-35.3611271,149.1672874,100.006,0.09138597008342687,-20.04,0.02
432.925,13,-35.3611453,149.1672874,100.002,0.08547101292198261,-20.04,0.02
433.02500000000003,13,-35.361163399999995,149.1672874,100.0,0.07963181483142995,-20.05,0.01
433.125,13,-35.3611815,149.1672874,100.002,0.05287820731138132,-20.06,0.01
433.224,13,-35.3611997,149.1672874,100.006,0.0041894760366714984,-20.07,0.01
433.324,13,-35.3612179,149.1672874,100.011,-0.015409998997506374,-20.07,0.01
433.42400000000004,13,-35.361236,149.1672874,100.016,0.0034035219500356995,-20.080000000000002,0.0
433.524,13,-35.3612542,149.1672874,100.021,-0.009777618401361573,-20.09,0.0
433.624,13,-35.3612724,149.1672874,100.026,-0.02473702585060877,-20.1,0.0
433.724,13,-35.3612904,149.1672874,100.031,-0.06157676337934998,-20.09,0.0
433.824,13,-35.3613084,149.1672874,100.033,-0.13521518726569293,-20.09,0.0
433.92400000000004,13,-35.361326399999996,149.1672873,100.033,-0.1583278137052888,-20.09,0.0
434.024,13,-35.3613443,149.1672873,100.031,-0.1851609188909847,-20.080000000000002,0.0
434.124,13,-35.361362199999995,149.1672873,100.029,-0.2209852077268487,-20.07,0.0
434.224,13,-35.3613801,149.1672873,100.026,-0.21581274015295243,-20.07,0.01
434.324,13,-35.361398,149.1672873,100.021,-0.17179298470522683,-20.06,0.0
434.42400000000004,13,-35.3614159,149.1672873,100.015,-0.16233553392249958,-20.06,0.0
434.524,13,-35.3614337,149.1672872,100.009,-0.17351261823090977,-20.05,0.0
434.624,13,-35.361451599999995,149.1672872,100.004,-0.19023824406417683,-20.05,0.0
434.724,13,-35.3614695,149.1672872,100.002,-0.1743236498339959,-20.04,0.01
434.824,13,-35.3614874,149.1672872,100.004,-0.19399008565156334,-20.03,0.01
434.925,13,-35.3615053,149.1672872,100.009,-0.2201038465196526,-20.02,0.02
435.02500000000003,13,-35.3615233,149.16728709999998,100.016,-0.2742613102429696,-20.02,0.03
435.125,13,-35.3615414,149.16728709999998,100.023,-0.26905833360143305,-20.02,0.03
435.225,13,-35.3615595,149.16728709999998,100.027,-0.22469377366254084,-20.02,0.03
435.324,13,-35.3615776,149.16728709999998,100.027,-0.17612603270229912,-20.03,0.03
435.42400000000004,13,-35.361595699999995,149.16728709999998,100.024,-0.14793712162614248,-20.04,0.02
435.524,14,-35.3616139,149.16728709999998,100.018,-0.12835320836757053,-20.05,0.02
435.624,14,-35.3616321,149.16728709999998,100.011,-0.15293355174635223,-20.06,0.02
435.724,14,-35.3616503,149.16728709999998,100.006,-0.5688973949452046,-20.07,0.01
435.824,14,-35.3616684,149.16728709999998,100.002,-2.446424563753885,-20.080000000000002,0.0
435.92400000000004,14,-35.361686399999996,149.16728709999998,100.001,-6.796191476532189,-20.06,0.05
436.024,14,-35.3617044,149.1672872,100.005,-13.589824193446562,-20.0,0.25
436.124,14,-35.361722199999996,149.1672877,100.011,-21.8633928445285,-19.89,0.62
436.224,14,-35.361739899999996,149.1672886,100.013,-30.29353162950194,-19.740000000000002,1.1500000000000001
436.324,14,-35.3617574,149.1672903,100.001,-37.48907444840784,-19.56,1.78
436.42400000000004,14,-35.3617748,149.1672926,99.974,-42.52237062138447,-19.37,2.48
436.524,15,-35.361792,149.1672958,99.937,-45.27152859250377,-19.18,3.25
436.624,15,-35.361809,149.1672999,99.899,-46.18178448809678,-18.94,4.1
436.724,15,-35.3618257,149.167305,99.878,-45.834998708462315,-18.64,5.01
436.824,15,-35.3618422,149.1673111,99.883,-44.967028514020846,-18.25,5.94
436.92400000000004,15,-35.3618582,149.16731819999998,99.924,-44.24561710369493,-17.8,6.82
437.02500000000003,15,-35.3618739,149.1673262,99.993,-43.78385191957246,-17.31,7.62
437.125,15,-35.361889399999995,149.1673353,100.089,-43.66452509967775,-16.79,8.35
437.225,15,-35.3619042,149.16734499999998,100.202,-43.81982311083634,-16.28,9.0
437.325,15,-35.3619187,149.1673554,100.322,-44.12409779307665,-15.8,9.57
437.42400000000004,15,-35.3619328,149.1673664,100.43900000000001,-44.39336092563148,-15.33,10.07
437.524,15,-35.3619464,149.1673779,100.546,-44.61429705471388,-14.89,10.52
437.624,15,-35.3619597,149.1673899,100.639,-44.79544391678637,-14.48,10.92
437.724,15,-35.3619726,149.1674023,100.709,-44.85267065674732,-14.09,11.290000000000001
437.824,15,-35.3619852,149.1674151,100.761,-44.79589129417701,-13.68,11.65
437.92400000000004,15,-35.3619973,149.1674281,100.798,-44.68814164492547,-13.23,12.01
438.024,15,-35.3620089,149.1674415,100.821,-44.58561709038899,-12.74,12.36
438.124,15,-35.362020099999995,149.1674553,100.837,-44.51715127414879,-12.19,12.73
438.224,15,-35.3620307,149.1674694,100.848,-44.51987651962762,-11.61,13.09
438.324,15,-35.362040799999995,149.16748389999998,100.85900000000001,-44.542662030698786,-10.99,13.44
438.42400000000004,15,-35.3620503,149.1674988,100.871,-44.58603373192837,-10.34,13.780000000000001
438.524,15,-35.3620592,149.1675141,100.886,-44.61299590367699,-9.68,14.1
438.624,15,-35.362067499999995,149.1675297,100.903,-44.62805988589145,-9.0,14.4
438.724,15,-35.3620752,149.16754559999998,100.922,-44.66052377501652,-8.3,14.67
438.824,15,-35.3620823,149.1675618,100.94200000000001,-44.687803550561554,-7.6000000000000005,14.92
438.92400000000004,15,-35.3620887,149.16757819999998,100.96600000000001,-44.70973187289188,-6.9,15.14
439.024,15,-35.3620946,149.16759489999998,100.99000000000001,-44.67744215359065,-6.22,15.33
439.125,15,-35.3620999,149.1676119,101.011,-44.672292190956455,-5.54,15.49
439.225,15,-35.3621045,149.167629,101.026,-44.66831702085951,-4.87,15.63
439.325,15,-35.3621086,149.1676464,101.037,-44.649124189291776,-4.21,15.76
439.42400000000004,15,-35.3621121,149.16766389999998,101.044,-44.647058057067845,-3.5300000000000002,15.860000000000001
439.524,15,-35.362114999999996,149.16768159999998,101.047,-44.63801830170133,-2.83,15.950000000000001
439.624,15,-35.3621173,149.16769929999998,101.049,-44.60901048829629,-2.13,16.02
439.724,15,-35.3621189,149.1677172,101.049,-44.60943054493024,-1.43,16.06
439.824,15,-35.362119799999995,149.167735,101.047,-44.64353026436153,-0.73,16.080000000000002
439.92400000000004,15,-35.3621202,149.16775289999998,101.043,-44.72410942109476,-0.03,16.080000000000002
440.024,15,-35.36212,149.1677707,101.037,-44.79543025640803,0.68,16.06
440.124,15,-35.3621191,149.16778829999998,101.031,-44.83576252345696,1.3900000000000001,16.01
440.224,15,-35.3621175,149.1678059,101.023,-44.792110784471404,2.12,15.93
440.324,15,-35.3621153,149.1678232,101.016,-44.73738047865209,2.84,15.82
440.42400000000004,15,-35.3621124,149.16784049999998,101.008,-44.71367630713756,3.56,15.69
440.524,15,-35.362108899999996,149.1678575,101.002,-44.69936023063722,4.28,15.530000000000001
440.624,15,-35.362104699999996,149.1678744,100.998,-44.68732543731966,5.0,15.35
440.724,15,-35.3620999,149.167891,100.996,-44.705019042364576,5.7,15.14
440.824,15,-35.3620945,149.1679074,100.994,-44.71645277903517,6.38,14.92
440.92400000000004,15,-35.3620885,149.1679236,100.991,-44.75247861181241,7.0600000000000005,14.67
441.024,15,-35.3620819,149.1679395,100.985,-44.77399712279253,7.72,14.4
441.124,15,-35.3620747,149.1679551,100.97500000000001,-44.79991427559815,8.36,14.120000000000001
441.225,15,-35.3620668,149.1679705,100.96300000000001,-44.828771824841446,8.99,13.81
441.325,15,-35.362058399999995,149.16798559999998,100.944,-44.82794878704646,9.620000000000001,13.49
441.425,15,-35.3620494,149.1680003,100.925,-44.81792889953405,10.25,13.16
441.524,15,-35.3620398,149.1680147,100.9,-44.82356039050473,10.870000000000001,12.8
441.624,15,-35.3620297,149.16802869999998,100.874,-44.805255483529095,11.48,12.42
441.724,15,-35.362018899999995,149.1680422,100.846,-44.76405578245558,12.08,12.01
441.824,15,-35.3620077,149.1680553,100.819,-44.76680834869109,12.67,11.58
441.92400000000004,15,-35.3619959,149.16806789999998,100.794,-44.79047836925977,13.26,11.120000000000001
442.024,15,-35.361983599999995,149.16808,100.771,-44.82599193784925,13.83,10.64
442.124,15,-35.361970899999996,149.16809139999998,100.75,-44.83328999497741,14.38,10.13
442.224,15,-35.3619577,149.1681022,100.729,-44.811867106645664,14.9,9.61
442.324,15,-35.361944199999996,149.1681125,100.71000000000001,-44.77595397198974,15.4,9.07
442.42400000000004,15,-35.361930199999996,149.1681221,100.69200000000001,-44.777955217416554,15.88,8.51
442.524,15,-35.3619158,149.168131,100.676,-44.78769506717299,16.34,7.930000000000001
442.624,15,-35.361900999999996,149.1681393,100.665,-44.79218933164686,16.78,7.33
442.724,15,-35.361885799999996,149.168147,100.655,-44.76082168788358,17.2,6.71
442.824,15,-35.3618702,149.1681539,100.646,-44.732343214139206,17.59,6.09
442.92400000000004,15,-35.3618543,149.1681602,100.638,-44.7265819495743,17.96,5.47
443.024,15,-35.3618381,149.1681658,100.63,-44.752413725015295,18.3,4.8500000000000005
443.124,15,-35.3618215,149.16817079999998,100.617,-44.774410349237314,18.61,4.21
443.225,15,-35.3618047,149.168175,100.60300000000001,-44.78559136890863,18.91,3.56
443.325,15,-35.361787299999996,149.16817849999998,100.581,-44.83548590079557,19.2,2.9
443.425,15,-35.3617698,149.1681813,100.559,-44.850037618822284,19.46,2.22
443.52500000000003,15,-35.361751999999996,149.1681834,100.532,-44.85633505323703,19.72,1.54
443.624,15,-35.361734,149.16818469999998,100.507,-44.88869990461914,19.94,0.8300000000000001
443.724,15,-35.3617157,149.1681851,100.479,-44.90314575471372,20.16,0.11
443.824,15,-35.361697299999996,149.1681848,100.45400000000001,-44.8789156586331,20.34,-0.62
443.92400000000004,15,-35.3616788,149.1681837,100.431,-44.922987454252606,20.5,-1.37
444.024,15,-35.3616601,149.16818179999999,100.413,-44.91749256706533,20.63,-2.12
444.124,15,-35.3616415,149.16817899999998,100.403,-44.88480328169765,20.72,-2.86
444.224,15,-35.3616229,149.1681754,100.394,-44.82232071117037,20.78,-3.59
444.324,15,-35.361604199999995,149.168171,100.386,-44.772170047189555,20.82,-4.32
444.42400000000004,15,-35.3615856,149.1681659,100.38,-44.77941004770977,20.82,-5.07
444.524,15,-35.361567,149.1681599,100.375,-44.79216884107935,20.79,-5.8100000000000005
444.624,15,-35.3615485,149.16815309999998,100.371,-44.82592022086297,20.740000000000002,-6.55
444.724,15,-35.36153,149.16814549999998,100.366,-44.860412676171535,20.67,-7.26
444.824,15,-35.3615115,149.1681371,100.358,-44.87270701667756,20.57,-7.97
444.92400000000004,15,-35.3614932,149.1681279,100.349,-44.87870050767424,20.44,-8.69
445.024,15,-35.361475,149.168118,100.34,-44.88273714947372,20.29,-9.4
445.124,15,-35.3614569,149.1681073,100.32900000000001,-44.90415662271088,20.12,-10.1
445.224,15,-35.361439,149.1680958,100.318,-44.88821154609349,19.92,-10.8
445.325,15,-35.361421199999995,149.1680835,100.304,-44.68923789028726,19.7,-11.5
445.425,15,-35.3614035,149.1680704,100.29,-44.031900484565234,19.46,-12.18
445.52500000000003,15,-35.361385999999996,149.16805639999998,100.269,-42.38734802677707,19.2,-12.85
445.625,15,-35.3613688,149.1680418,100.256,-39.12277373560485,18.91,-13.48
445.724,15,-35.3613517,149.1680264,100.25,-33.95545217563965,18.63,-14.02
445.824,15,-35.361335,149.1680106,100.262,-26.915507896215807,18.37,-14.38
445.92400000000004,15,-35.3613183,149.1679944,100.292,-18.583879222094172,18.16,-14.540000000000001
446.024,15,-35.3613019,149.1679783,100.33200000000001,-9.717499669926609,18.04,-14.5
446.124,15,-35.3612855,149.1679623,100.363,-0.6979873299282109,17.98,-14.32
446.224,15,-35.3612693,149.1679465,100.368,8.294292298797405,17.96,-14.1
446.324,15,-35.3612531,149.1679312,100.334,17.1778045267243,17.97,-13.83
446.42400000000004,15,-35.3612369,149.16791619999998,100.255,25.504940643919358,18.03,-13.530000000000001
446.524,15,-35.3612207,149.1679017,100.133,32.520446506492895,18.150000000000002,-13.15
446.624,15,-35.3612043,149.1678876,99.98,37.714907823125145,18.37,-12.67
446.724,15,-35.361187699999995,149.1678742,99.81,40.992507285044574,18.68,-12.06
446.824,15,-35.3611708,149.1678615,99.643,42.63115162920067,19.07,-11.290000000000001
446.92400000000004,15,-35.3611535,149.1678498,99.505,43.157038629251225,19.51,-10.370000000000001
447.024,15,-35.3611359,149.1678392,99.404,42.99794986310329,19.91,-9.34
447.124,15,-35.361117899999996,149.1678298,99.355,42.51040071486402,20.240000000000002,-8.27
447.224,15,-35.361099599999996,149.1678215,99.354,41.76056205721251,20.48,-7.22
447.324,15,-35.3610812,149.1678144,99.398,40.66868460139969,20.62,-6.23
447.425,15,-35.3610626,149.1678083,99.477,38.95739778032592,20.68,-5.36
447.52500000000003,15,-35.3610438,149.167803,99.584,36.355563574509205,20.69,-4.65
447.625,15,-35.3610251,149.1677983,99.705,32.90500323223754,20.650000000000002,-4.12
447.725,15,-35.3610064,149.1677942,99.824,28.780221256615572,20.6,-3.7800000000000002
447.824,15,-35.3609878,149.1677903,99.931,24.28165034847549,20.54,-3.59
447.92400000000004,15,-35.3609692,149.16778639999998,100.007,19.829811594636634,20.47,-3.5300000000000002
448.024,15,-35.3609507,149.16778259999998,100.044,15.852546337161312,20.400000000000002,-3.54
448.124,15,-35.3609323,149.16777869999999,100.028,12.72190351787658,20.330000000000002,-3.5700000000000003
448.224,15,-35.360914,149.1677747,99.967,10.684320630904729,20.27,-3.58
448.324,15,-35.360895899999996,149.1677708,99.867,9.761684163667422,20.21,-3.5500000000000003
448.42400000000004,15,-35.3608778,149.167767,99.746,9.873208346209035,20.18,-3.46
448.524,15,-35.3608599,149.1677632,99.622,10.703987306846136,20.150000000000002,-3.31
448.624,15,-35.3608419,149.1677597,99.513,11.944615183724435,20.13,-3.09
448.724,15,-35.360824,149.1677564,99.429,13.25390097591335,20.11,-2.83
448.824,15,-35.3608062,149.1677535,99.374,14.3339852563505,20.07,-2.54
448.92400000000004,15,-35.3607884,149.1677508,99.349,15.05853684614733,20.02,-2.25
449.024,15,-35.360770599999995,149.1677485,99.348,15.345220376180274,19.98,-1.97
449.124,15,-35.3607528,149.1677464,99.363,15.043662401682335,19.93,-1.74
449.224,15,-35.3607351,149.1677446,99.386,14.230879281960926,19.89,-1.55
449.324,15,-35.3607174,149.167743,99.405,13.061297325281807,19.85,-1.4000000000000001
449.42400000000004,15,-35.3606998,149.16774139999998,99.415,11.64376669512653,19.830000000000002,-1.3
449.52500000000003,15,-35.3606821,149.16773999999998,99.413,10.163012418919031,19.81,-1.22
449.625,15,-35.360664299999996,149.1677386,99.397,8.783772683024491,19.81,-1.16
449.725,15,-35.3606464,149.1677373,99.366,7.630609647336437,19.81,-1.1
449.824,15,-35.3606286,149.16773609999998,99.325,6.805813505525445,19.82,-1.04
449.92400000000004,15,-35.360610699999995,149.1677349,99.277,6.297144558598854,19.84,-0.98
450.024,15,-35.3605927,149.16773379999998,99.23,5.987080010376486,19.86,-0.9
450.124,15,-35.3605747,149.1677327,99.191,5.886422231917538,19.87,-0.8200000000000001
450.224,15,-35.3605568,149.16773179999998,99.164,5.892522871506829,19.88,-0.73
450.324,15,-35.3605388,149.167731,99.155,5.932161874354998,19.89,-0.64
450.42400000000004,15,-35.360520799999996,149.1677303,99.162,5.87505850468593,19.89,-0.55
450.524,15,-35.360503,149.1677296,99.181,5.673223853391114,19.88,-0.47000000000000003
450.624,15,-35.3604852,149.1677291,99.20700000000001,5.372251994501325,19.86,-0.4
450.724,15,-35.3604675,149.1677286,99.233,4.998054104406653,19.85,-0.35000000000000003
450.824,15,-35.3604498,149.1677282,99.256,4.583164508557983,19.84,-0.3
450.92400000000004,15,-35.3604322,149.1677278,99.272,4.129166103295467,19.830000000000002,-0.26
451.024,15,-35.3604145,149.16772749999998,99.279,3.6346232682329322,19.82,-0.23
451.124,15,-35.3603969,149.1677272,99.277,3.1783023852092,19.82,-0.21
451.224,15,-35.3603792,149.1677269,99.265,2.7797484674210855,19.830000000000002,-0.19
451.324,15,-35.3603616,149.16772659999998,99.245,2.4249276105583277,19.830000000000002,-0.17
451.42400000000004,15,-35.3603439,149.1677264,99.224,2.166478161563511,19.830000000000002,-0.14
451.524,15,-35.360326199999996,149.1677262,99.209,2.0237893199430093,19.84,-0.12
451.625,15,-35.3603083,149.16772609999998,99.2,1.9524260093908352,19.84,-0.09
451.725,15,-35.3602905,149.1677259,99.20100000000001,1.9276813012449368,19.85,-0.07
451.825,15,-35.3602726,149.1677258,99.211,1.8710423844394293,19.86,-0.04
451.92400000000004,15,-35.3602546,149.1677257,99.227,1.841479831607733,19.87,-0.02
452.024,15,-35.3602367,149.1677257,99.246,1.7187425061613675,19.87,0.0
452.124,15,-35.3602187,149.1677257,99.267,1.5477409296055762,19.88,0.01
452.224,15,-35.3602007,149.1677257,99.289,1.343858715663638,19.88,0.03
452.324,15,-35.360182699999996,149.1677257,99.307,1.1689589153607676,19.89,0.04
452.42400000000004,15,-35.3601647,149.1677257,99.321,0.9901000599385229,19.900000000000002,0.05
452.524,15,-35.3601469,149.1677257,99.331,0.8312941063109067,19.900000000000002,0.06
452.624,15,-35.3601291,149.1677258,99.337,0.7167696564546584,19.900000000000002,0.07
452.724,15,-35.3601113,149.1677258,99.34100000000001,0.5421660622461846,19.89,0.07
452.824,15,-35.3600936,149.1677259,99.345,0.4078295014439771,19.89,0.07
452.92400000000004,15,-35.3600759,149.167726,99.351,0.28848968818159043,19.89,0.07
453.024,15,-35.360058099999996,149.16772609999998,99.358,0.20780411656748768,19.89,0.07
453.124,15,-35.360040399999995,149.16772609999998,99.367,0.12689285522608362,19.89,0.07
453.224,15,-35.3600227,149.1677262,99.377,0.09004749312994238,19.88,0.07
453.324,15,-35.360005,149.1677263,99.389,0.08846260909802175,19.88,0.08
453.42400000000004,15,-35.3599872,149.1677264,99.401,0.060418879562367536,19.88,0.08
453.524,15,-35.3599695,149.1677265,99.413,0.03807680384883354,19.88,0.08
453.624,15,-35.359951699999996,149.16772659999998,99.424,-0.017391495906170583,19.89,0.08
453.725,15,-35.3599338,149.1677267,99.43,-0.07478686950247034,19.89,0.08
453.825,15,-35.359916,149.1677268,99.435,-0.11713923836959962,19.900000000000002,0.07
453.925,15,-35.359898099999995,149.16772699999999,99.44,-0.12344914588371458,19.91,0.08
454.024,15,-35.3598801,149.16772709999998,99.44500000000001,-0.1400117009505476,19.92,0.08
454.124,15,-35.3598621,149.1677272,99.45,-0.16496390277291156,19.93,0.08
454.224,15,-35.359843999999995,149.1677273,99.458,-0.19186512308732245,19.95,0.08
454.324,15,-35.3598259,149.1677274,99.467,-0.225964295569869,19.96,0.08
454.42400000000004,15,-35.3598079,149.16772749999998,99.477,-0.2679617413941022,19.97,0.08
454.524,15,-35.359789899999996,149.1677277,99.49000000000001,-0.30760111776824145,19.98,0.08
454.624,15,-35.359772,149.1677278,99.504,-0.3545423932519475,19.98,0.08
454.724,15,-35.359754099999996,149.16772799999998,99.518,-0.390970220014432,19.97,0.08
454.824,15,-35.3597363,149.1677281,99.533,-0.423894639980376,19.97,0.08
454.92400000000004,15,-35.3597184,149.1677282,99.546,-0.4453896988656557,19.97,0.08
455.024,15,-35.3597006,149.1677283,99.557,-0.48422930277666876,19.97,0.07
455.124,15,-35.3596828,149.16772849999998,99.565,-0.5415751975221256,19.97,0.07
455.224,15,-35.3596649,149.1677286,99.571,-0.6199267520905748,19.96,0.06
455.324,15,-35.3596471,149.1677287,99.57900000000001,-0.6914079367667846,19.96,0.05
455.42400000000004,15,-35.3596293,149.1677288,99.586,-0.7374894088278623,19.96,0.04
455.524,15,-35.3596114,149.1677289,99.593,-0.806000688514733,19.96,0.03
455.624,15,-35.3595936,149.16772899999998,99.60300000000001,-0.8457917164327877,19.96,0.01
455.725,15,-35.3595757,149.16772899999998,99.611,-0.8191890901109401,19.96,0.0
455.825,15,-35.359557699999996,149.1677291,99.619,-0.7615583017718996,19.96,0.0
455.925,15,-35.3595397,149.1677291,99.626,-0.7258191768572493,19.98,-0.01
456.02500000000003,15,-35.3595216,149.1677292,99.632,-0.6458408633275734,19.990000000000002,-0.02
456.124,15,-35.359503499999995,149.1677292,99.638,-0.5425120540163281,20.0,-0.02
456.224,15,-35.3594854,149.1677292,99.644,-0.440024425190052,20.01,-0.03
456.324,15,-35.3594672,149.1677292,99.651,-0.36669065842318205,20.02,-0.03
456.42400000000004,15,-35.3594491,149.1677292,99.658,-0.35266088957902053,20.03,-0.03
456.524,15,-35.3594309,149.1677292,99.667,-0.3093340915071471,20.04,-0.03
456.624,15,-35.3594128,149.1677292,99.677,-0.2536991858292049,20.04,-0.03
456.724,15,-35.3593948,149.1677293,99.688,-0.2202972929515947,20.04,-0.03
456.824,15,-35.3593768,149.1677293,99.7,-0.18048845584888776,20.04,-0.04
456.92400000000004,15,-35.3593589,149.1677293,99.712,-0.18623963521259715,20.03,-0.04
457.024,15,-35.359341,149.16772939999998,99.724,-0.197522734195488,20.02,-0.04
457.124,15,-35.3593232,149.16772939999998,99.735,-0.18164137043644474,20.02,-0.04
457.224,15,-35.359305299999995,149.16772939999998,99.746,-0.1954618179949292,20.01,-0.05
457.324,15,-35.3592875,149.16772939999998,99.755,-0.17863081781741616,20.01,-0.06
457.42400000000004,15,-35.3592697,149.1677293,99.762,-0.17689024015697363,20.0,-0.06
457.524,15,-35.359251799999996,149.1677293,99.766,-0.12074493792113167,20.0,-0.06
457.624,15,-35.359234,149.1677293,99.768,-0.04952762933257313,19.990000000000002,-0.06
457.724,15,-35.3592162,149.1677293,99.768,-0.007203372463520666,19.990000000000002,-0.05
457.825,15,-35.359198299999996,149.1677293,99.768,-0.012817851327283955,19.990000000000002,-0.05
457.925,15,-35.359180099999996,149.1677293,99.77,0.012603637518407446,20.0,-0.05
458.02500000000003,15,-35.3591621,149.1677293,99.774,0.060579869255538855,20.0,-0.04
458.125,15,-35.359144,149.1677293,99.778,0.1071715110908916,20.01,-0.03
458.224,15,-35.359125899999995,149.1677293,99.785,0.11912758381022702,20.02,-0.03
458.324,15,-35.3591078,149.1677293,99.792,0.1424660600596829,20.03,-0.02
458.42400000000004,15,-35.3590897,149.1677293,99.802,0.07654300852163713,20.03,-0.02
458.524,15,-35.3590716,149.16772939999998,99.81400000000001,-0.05737957211373748,20.03,-0.02
458.624,15,-35.3590534,149.16772939999998,99.825,-0.1838359555734948,20.04,-0.02
458.724,15,-35.3590355,149.16772939999998,99.83500000000001,-0.24515923489129401,20.03,-0.02
458.824,15,-35.3590175,149.16772939999998,99.84100000000001,-0.2579691212775207,20.03,-0.03
458.92400000000004,15,-35.3589997,149.16772939999998,99.846,-0.27006149095535226,20.02,-0.03
459.024,15,-35.358981799999995,149.16772939999998,99.848,-0.24291722529623733,20.02,-0.03
459.124,15,-35.358964,149.16772939999998,99.849,-0.21039788090480002,20.01,-0.03
459.224,15,-35.3589461,149.16772939999998,99.849,-0.2182993692378734,20.01,-0.03
459.324,15,-35.358928299999995,149.16772939999998,99.85000000000001,-0.25890181562519765,20.0,-0.04
459.42400000000004,15,-35.3589105,149.16772939999998,99.852,-0.2693827142261558,20.0,-0.04
459.524,15,-35.3588927,149.16772939999998,99.855,-0.28327126357314203,19.990000000000002,-0.04
459.624,15,-35.358874799999995,149.1677293,99.86,-0.24975918053431248,19.990000000000002,-0.04
459.724,15,-35.358857,149.1677293,99.867,-0.1918562118248897,19.98,-0.04
459.824,15,-35.3588392,149.1677293,99.875,-0.16902843895823771,19.98,-0.05
459.925,15,-35.358821299999995,149.1677292,99.881,-0.13874424729226065,19.98,-0.05
460.02500000000003,15,-35.3588033,149.1677292,99.885,-0.09428422478754692,19.97,-0.04
460.125,15,-35.3587853,149.1677292,99.885,-0.06868380866447965,19.98,-0.04
460.225,15,-35.3587673,149.1677292,99.883,-0.08268300841004142,19.990000000000002,-0.03
460.324,15,-35.3587492,149.1677292,99.879,-0.07406631789556704,20.01,-0.03
460.42400000000004,15,-35.3587311,149.1677291,99.876,-0.03901067213527411,20.02,-0.03
460.524,15,-35.3587129,149.1677291,99.876,-0.024888674059470903,20.03,-0.03
460.624,15,-35.358694799999995,149.1677291,99.876,-0.05611204508427782,20.04,-0.03
460.724,15,-35.358676599999995,149.1677291,99.881,-0.07585432668412283,20.05,-0.03
460.824,15,-35.3586585,149.1677291,99.89,-0.06759165874815197,20.05,-0.03
460.92400000000004,15,-35.3586405,149.1677291,99.904,-0.05765253955669998,20.05,-0.03
461.024,15,-35.358622499999996,149.1677291,99.919,-0.04082324692647946,20.05,-0.02
461.124,15,-35.3586046,149.1677291,99.933,-0.05025342030821963,20.04,-0.02
461.224,15,-35.3585867,149.1677291,99.94200000000001,-0.07675281005499024,20.04,-0.02
461.324,15,-35.3585689,149.1677291,99.947,-0.12145549103822455,20.03,-0.02
461.42400000000004,15,-35.358551,149.1677291,99.946,-0.17090439310246403,20.03,-0.02
461.524,15,-35.3585332,149.1677291,99.941,-0.24027164757076808,20.03,-0.02
461.624,15,-35.3585153,149.16772899999998,99.933,-0.2763574579466495,20.04,-0.03
461.724,15,-35.3584974,149.16772899999998,99.924,-0.2846326856933695,20.04,-0.03
461.824,15,-35.358479599999995,149.16772899999998,99.918,-0.278426444976208,20.04,-0.03
461.92400000000004,15,-35.3584617,149.16772899999998,99.915,-0.26243966685227915,20.04,-0.03
462.02500000000003,15,-35.3584436,149.16772899999998,99.915,-0.21652067858825366,20.04,-0.03
462.125,15,-35.3584256,149.16772899999998,99.917,-0.1456252626746518,20.05,-0.02
462.225,15,-35.3584075,149.16772899999998,99.921,-0.10631677027918136,20.05,-0.02
462.324,15,-35.3583894,149.16772899999998,99.926,-0.10258736026032877,20.06,-0.02
462.42400000000004,15,-35.3583712,149.16772899999998,99.93,-0.13360745144852182,20.07,-0.02
462.524,15,-35.358353,149.1677289,99.934,-0.18581254828627303,20.080000000000002,-0.03
462.624,15,-35.358334899999996,149.1677289,99.938,-0.19026324362375613,20.09,-0.03
462.724,15,-35.358316699999996,149.1677289,99.93900000000001,-0.16946986661377625,20.09,-0.03
462.824,15,-35.3582985,149.1677289,99.94,-0.2069010641735915,20.1,-0.03
462.92400000000004,15,-35.3582805,149.1677289,99.941,-0.22036053890248344,20.1,-0.03
463.024,15,-35.358262499999995,149.1677288,99.944,-0.1855531078195183,20.1,-0.03
463.124,15,-35.3582446,149.1677288,99.95,-0.13849482532563617,20.09,-0.04
463.224,15,-35.358226699999996,149.1677288,99.95700000000001,-0.08226850797489288,20.080000000000002,-0.04
463.324,15,-35.3582088,149.1677287,99.964,-0.042627614151499564,20.07,-0.04
463.42400000000004,15,-35.3581909,149.1677287,99.96900000000001,0.018079210578226243,20.06,-0.04
463.524,15,-35.358173,149.1677287,99.973,0.04815985727085163,20.05,-0.04
463.624,15,-35.3581552,149.1677286,99.977,0.058486509656422506,20.04,-0.04
463.724,15,-35.358137299999996,149.1677286,99.979,0.08335570200200834,20.03,-0.03
463.824,15,-35.3581195,149.1677286,99.979,0.0950580038452087,20.03,-0.03
463.92400000000004,15,-35.3581016,149.16772849999998,99.976,0.14385892506247627,20.02,-0.03
464.024,15,-35.3580837,149.16772849999998,99.97,0.21211938206033415,20.02,-0.02
464.125,15,-35.3580657,149.16772849999998,99.96300000000001,0.24390501472452397,20.02,-0.01
464.225,15,-35.3580478,149.16772849999998,99.95700000000001,0.21678553518157678,20.02,-0.01
464.325,15,-35.3580298,149.16772849999998,99.95400000000001,0.17227731448648947,20.03,-0.01
464.42400000000004,15,-35.3580117,149.16772849999998,99.953,0.08278068545125788,20.03,-0.01
464.524,15,-35.3579935,149.16772849999998,99.95400000000001,-0.013548633210202388,20.04,-0.01
464.624,15,-35.3579754,149.16772849999998,99.95400000000001,-0.07095574702790142,20.05,-0.01
464.724,15,-35.3579572,149.16772849999998,99.95400000000001,-0.0646252822452103,20.06,-0.01
464.824,15,-35.357939099999996,149.16772849999998,99.95400000000001,-0.07444599370409777,20.07,-0.01
464.92400000000004,15,-35.357921,149.16772849999998,99.953,-0.04683843577997234,20.07,-0.01
465.024,15,-35.357903,149.16772849999998,99.953,-0.006623758124906688,20.080000000000002,-0.01
465.124,15,-35.3578851,149.16772849999998,99.953,0.01637813662418936,20.080000000000002,-0.01
465.224,15,-35.3578671,149.16772849999998,99.95400000000001,-0.03993753347471946,20.07,0.0
465.324,15,-35.3578492,149.16772849999998,99.95700000000001,-0.07630003654810583,20.06,0.0
465.42400000000004,15,-35.3578313,149.16772849999998,99.96000000000001,-0.0924347376263544,20.06,0.0
465.524,15,-35.3578134,149.16772849999998,99.964,-0.08425429876468814,20.05,0.0
465.624,15,-35.3577955,149.16772849999998,99.96600000000001,-0.15204466665889854,20.05,0.0
465.724,15,-35.3577776,149.16772849999998,99.968,-0.21059718369034688,20.05,-0.01
465.824,15,-35.357759699999995,149.16772849999998,99.968,-0.24637258064474973,20.04,-0.02
465.92400000000004,15,-35.3577418,149.16772849999998,99.968,-0.25831148450966757,20.04,-0.02
466.024,15,-35.357723899999996,149.16772849999998,99.96900000000001,-0.23338647004185145,20.04,-0.02
466.125,15,-35.357706,149.16772849999998,99.971,-0.1795741309748184,20.04,-0.02
466.225,15,-35.3576879,149.16772849999998,99.973,-0.16745281303429363,20.04,-0.03
466.325,15,-35.3576698,149.16772849999998,99.973,-0.18248876746077589,20.05,-0.03
466.425,15,-35.3576517,149.1677284,99.97200000000001,-0.17478287333397347,20.06,-0.03
466.524,15,-35.3576335,149.1677284,99.971,-0.12877740046762534,20.07,-0.04
466.624,15,-35.3576153,149.1677284,99.97,-0.037985740218322205,20.080000000000002,-0.03
466.724,15,-35.3575971,149.1677283,99.97,0.023367084336711932,20.1,-0.03
466.824,15,-35.3575789,149.1677283,99.97200000000001,0.040561131746973615,20.1,-0.03
466.92400000000004,15,-35.3575606,149.1677283,99.974,0.0820326663453291,20.12,-0.03
467.024,15,-35.3575424,149.1677282,99.974,0.08572121529108061,20.12,-0.02
467.124,15,-35.357524399999996,149.1677282,99.97500000000001,0.06770117522860357,20.12,-0.02
467.224,15,-35.3575063,149.1677282,99.98,0.0747180406723479,20.12,-0.02
467.324,15,-35.3574884,149.1677282,99.986,0.10605440163562428,20.11,-0.02
467.42400000000004,15,-35.3574704,149.1677282,99.99000000000001,0.11253862571592002,20.1,-0.02
467.524,15,-35.3574525,149.1677282,99.992,0.11113347437674856,20.1,-0.02
467.624,15,-35.3574346,149.1677281,99.994,0.1068146737273981,20.09,-0.02
467.724,15,-35.3574167,149.1677281,99.995,0.10704815413922146,20.080000000000002,-0.02
467.824,15,-35.3573988,149.1677281,99.995,0.1443741641177759,20.080000000000002,-0.02
467.92400000000004,15,-35.357380899999995,149.1677281,99.996,0.18682677801716702,20.07,-0.01
468.024,15,-35.357363,149.1677281,99.995,0.22286821884386981,20.06,-0.01
468.124,15,-35.357345099999996,149.1677281,99.992,0.2237063977808641,20.06,0.0
468.225,15,-35.3573272,149.1677281,99.988,0.1513926103767871,20.05,0.0
468.325,15,-35.3573089,149.1677281,99.98400000000001,0.09622595285306766,20.06,0.0
468.425,15,-35.357290899999995,149.1677281,99.98100000000001,0.08884347885563591,20.06,0.0
468.52500000000003,15,-35.357272699999996,149.1677281,99.97800000000001,0.053677496191778175,20.07,0.0
468.624,15,-35.3572546,149.1677281,99.976,0.009521083599799435,20.080000000000002,0.0
468.724,15,-35.3572364,149.1677281,99.97500000000001,-0.03131680421069192,20.09,0.0
468.824,15,-35.3572182,149.1677281,99.976,-0.06128872816555246,20.1,0.0
468.92400000000004,15,-35.3572,149.1677281,99.97800000000001,-0.08105863067687503,20.1,0.0
469.024,15,-35.3571819,149.1677281,99.98100000000001,-0.1793153441785116,20.11,0.0
469.124,15,-35.357163799999995,149.1677281,99.98400000000001,-0.2761981224399178,20.12,-0.01
469.224,15,-35.3571458,149.1677281,99.98700000000001,-0.27222852855209745,20.12,-0.02
469.324,15,-35.3571279,149.1677281,99.99000000000001,-0.22372946300952612,20.11,-0.02
469.42400000000004,15,-35.3571099,149.1677281,99.992,-0.12497419905933149,20.1,-0.01
469.524,15,-35.357092,149.1677281,99.995,-0.03278783619286358,20.1,-0.01
469.624,15,-35.3570741,149.1677281,99.995,0.022638223444497566,20.09,0.0
469.724,15,-35.357056199999995,149.1677281,99.993,0.06426146128009473,20.09,0.0
469.824,15,-35.3570383,149.1677281,99.988,0.05672818284228718,20.080000000000002,0.0
469.92400000000004,15,-35.357020399999996,149.1677281,99.98,0.033226245625160473,20.080000000000002,0.0
470.024,15,-35.3570025,149.1677281,99.97200000000001,0.03599849534528567,20.07,0.0
470.124,15,-35.3569846,149.1677281,99.967,0.0006320455975059551,20.07,0.0
470.224,15,-35.3569667,149.1677281,99.964,-0.03843611248682653,20.07,0.0
470.325,15,-35.3569488,149.1677281,99.964,-0.05886601871228795,20.07,0.0
470.425,15,-35.3569307,149.1677281,99.967,-0.058406608449325256,20.07,0.0
470.52500000000003,15,-35.3569126,149.1677281,99.96900000000001,-0.13991162267095103,20.080000000000002,0.0
470.625,15,-35.356894499999996,149.1677281,99.971,-0.18672105682737727,20.09,0.0
470.724,15,-35.356876299999996,149.1677281,99.97200000000001,-0.20553949531101856,20.1,0.0
470.824,15,-35.3568581,149.1677281,99.973,-0.20414525626626326,20.11,0.0
470.92400000000004,15,-35.356839799999996,149.1677281,99.974,-0.1795981967194721,20.11,0.0
471.024,15,-35.3568217,149.1677281,99.974,-0.14597208153801508,20.12,0.0
471.124,15,-35.3568034,149.1677281,99.977,-0.1300478156532477,20.12,0.0
471.224,15,-35.3567852,149.1677281,99.982,-0.12152049789725868,20.13,0.0
471.324,15,-35.3567671,149.1677281,99.98700000000001,-0.081249882643742,20.13,0.0
471.42400000000004,15,-35.3567491,149.1677281,99.991,-0.06793104044264359,20.13,0.0
471.524,15,-35.3567311,149.1677281,99.994,-0.0655199369748828,20.11,0.0
471.624,15,-35.3567132,149.1677282,99.997,-0.026537974645990562,20.1,0.01
471.724,15,-35.3566953,149.1677282,100.0,-0.007459589601255439,20.09,0.01
471.824,15,-35.356677399999995,149.1677282,100.003,-0.03854943759815321,20.07,0.01
471.92400000000004,15,-35.3566595,149.1677282,100.007,-0.0921173072527207,20.07,0.01
472.024,15,-35.356641599999996,149.1677282,100.011,-0.13153191437427098,20.06,0.0
472.124,15,-35.3566237,149.1677283,100.014,-0.21605047609279382,20.05,0.0
472.224,15,-35.3566058,149.1677283,100.014,-0.2786797756253067,20.05,0.0
472.324,15,-35.3565879,149.1677283,100.011,-0.27087433682743667,20.05,-0.01
472.425,15,-35.35657,149.1677282,100.006,-0.24741068935731234,20.05,-0.01
472.52500000000003,15,-35.3565518,149.1677282,99.999,-0.21457926401774366,20.06,-0.01
472.625,15,-35.3565337,149.1677282,99.991,-0.16628989328681962,20.06,-0.01
472.725,15,-35.3565156,149.1677282,99.986,-0.10715549616491776,20.07,-0.01
472.824,15,-35.356497399999995,149.1677282,99.982,-0.060357614633142376,20.080000000000002,0.0
472.92400000000004,15,-35.356479199999995,149.1677282,99.97800000000001,0.002635868759973935,20.09,0.0
473.024,15,-35.3564611,149.1677282,99.974,0.039166485825715025,20.1,0.0
473.124,15,-35.356442799999996,149.1677282,99.97200000000001,0.014348316460652641,20.11,0.0
473.224,15,-35.3564247,149.1677282,99.97200000000001,-0.01873969287251445,20.12,0.0
473.324,15,-35.3564066,149.1677282,99.97500000000001,-0.058910428282106256,20.12,0.0
473.42400000000004,15,-35.356388599999995,149.1677282,99.98100000000001,-0.07223184514435665,20.12,0.0
473.524,15,-35.3563706,149.1677282,99.989,-0.048668609647471724,20.11,0.0
473.624,15,-35.356352699999995,149.1677282,99.997,-0.02231532525096922,20.1,0.0
473.724,15,-35.3563348,149.1677282,100.002,-0.008936942343204673,20.09,0.0
473.824,15,-35.356316899999996,149.1677282,100.005,0.006143549218884844,20.09,0.0
473.92400000000004,15,-35.356299,149.1677282,100.006,-0.016902558748766137,20.080000000000002,0.0
474.024,15,-35.3562811,149.1677282,100.004,-0.03743283840604166,20.07,-0.01
474.124,15,-35.3562632,149.1677282,100.0,-0.030698582044366513,20.06,-0.01
474.224,15,-35.3562453,149.1677282,99.995,-0.007386355999479551,20.06,-0.01
474.324,15,-35.3562274,149.1677282,99.988,-0.021966235216304798,20.06,-0.02
474.42400000000004,15,-35.3562095,149.1677282,99.98,-0.026662795686061884,20.06,-0.02
474.52500000000003,15,-35.3561914,149.1677282,99.974,-0.07803852646517903,20.06,-0.02
474.625,15,-35.3561735,149.1677282,99.967,-0.063833320476926,20.06,-0.03
474.725,15,-35.3561554,149.1677282,99.96300000000001,-0.043259419989938964,20.06,-0.03
474.824,15,-35.3561373,149.1677282,99.96000000000001,-0.04486290361414533,20.07,-0.03
474.92400000000004,15,-35.3561191,149.1677282,99.958,-0.04782588503282181,20.080000000000002,-0.03
475.024,15,-35.3561009,149.1677281,99.958,0.006735271468525058,20.09,-0.03
475.124,15,-35.3560827,149.1677281,99.96300000000001,0.11178200217246259,20.1,-0.02
475.224,15,-35.356064499999995,149.1677281,99.96900000000001,0.19856629905525866,20.11,-0.02
475.324,15,-35.356046299999996,149.1677281,99.973,0.2665639271722033,20.11,-0.01
475.42400000000004,15,-35.356028099999996,149.1677281,99.97800000000001,0.3208292465194257,20.12,0.0
475.524,15,-35.35601,149.1677282,99.985,0.31016054439671864,20.11,0.0
475.624,15,-35.355992,149.1677282,99.992,0.24663543620608946,20.11,0.01
475.724,15,-35.355973999999996,149.1677282,99.998,0.17457919495848956,20.11,0.0
475.824,15,-35.355956,149.1677282,99.999,0.056714375721601706,20.1,0.0
475.92400000000004,15,-35.355938099999996,149.1677282,99.998,-0.05442374438440165,20.1,0.0
476.024,15,-35.3559202,149.1677282,99.997,-0.14133606395844248,20.1,0.0
476.124,15,-35.3559023,149.1677282,99.995,-0.18929709202131667,20.09,0.0
476.224,15,-35.3558844,149.1677282,99.994,-0.2179638762155362,20.080000000000002,0.0
476.324,15,-35.3558665,149.1677282,99.996,-0.222466491662882,20.080000000000002,-0.01
476.42400000000004,15,-35.3558486,149.1677282,99.996,-0.25226812779595503,20.080000000000002,-0.01
476.524,15,-35.3558307,149.1677282,99.996,-0.2317048828042796,20.07,-0.02
476.625,15,-35.3558126,149.1677282,99.994,-0.225253315565953,20.07,-0.03
476.725,15,-35.3557945,149.1677282,99.995,-0.19731513379731663,20.080000000000002,-0.03
476.825,15,-35.355776399999996,149.1677282,99.996,-0.139354962253595,20.080000000000002,-0.04
476.92400000000004,15,-35.3557582,149.1677282,99.998,-0.04844230293530885,20.09,-0.04
477.024,15,-35.35574,149.1677281,99.999,0.043566901899561854,20.1,-0.04
477.124,15,-35.3557218,149.1677281,100.002,0.08714728408458522,20.11,-0.04
477.224,15,-35.3557036,149.1677281,100.005,0.13998157874909078,20.11,-0.03
477.324,15,-35.3556854,149.1677281,100.008,0.19475566714819978,20.11,-0.02
477.42400000000004,15,-35.3556672,149.16772799999998,100.011,0.26220469233657484,20.12,-0.01
477.524,15,-35.355649199999995,149.16772799999998,100.014,0.30594220889314816,20.11,-0.01
477.624,15,-35.3556312,149.1677281,100.014,0.28028897886593235,20.11,0.0
477.724,15,-35.3556132,149.1677281,100.011,0.23993931617896466,20.1,0.0
477.824,15,-35.3555953,149.1677281,100.007,0.23423938991445678,20.09,0.0
477.92400000000004,15,-35.3555774,149.1677281,100.004,0.18066808181993116,20.09,0.0
478.024,15,-35.3555595,149.1677281,100.0,0.10221517498152259,20.080000000000002,0.0
478.124,15,-35.355541599999995,149.1677282,99.997,0.033522158234865984,20.07,0.01
478.224,15,-35.3555237,149.1677282,99.994,-0.019082139480993982,20.07,0.01
478.324,15,-35.355505799999996,149.1677282,99.995,-0.09995533619149378,20.06,0.0
478.42400000000004,15,-35.3554879,149.1677282,99.997,-0.18625080097106453,20.05,0.0
478.524,15,-35.35547,149.1677282,99.998,-0.23439034776728465,20.04,0.0
478.625,15,-35.3554521,149.1677282,99.998,-0.23122674288195225,20.04,0.0
478.725,15,-35.3554339,149.1677282,99.996,-0.19814992432015233,20.04,0.0
478.825,15,-35.3554159,149.1677282,99.993,-0.197849649460723,20.04,0.0
478.925,15,-35.3553977,149.1677282,99.989,-0.23797838487650985,20.05,0.0
479.024,15,-35.3553796,149.1677282,99.989,-0.2531001835750801,20.06,0.0
479.124,15,-35.3553614,149.1677282,99.994,-0.24611039209407118,20.07,0.0
479.224,15,-35.3553433,149.1677282,99.999,-0.2170814611314955,20.07,0.0
479.324,15,-35.3553251,149.1677282,100.004,-0.2040692837519601,20.080000000000002,0.0
479.42400000000004,15,-35.355306899999995,149.1677282,100.007,-0.1990141967142102,20.09,-0.01
479.524,15,-35.3552889,149.1677282,100.009,-0.20301428632945756,20.09,-0.01
479.624,15,-35.3552709,149.1677282,100.011,-0.18050993359217626,20.09,-0.01
479.724,15,-35.355253,149.1677282,100.012,-0.13272679727262654,20.080000000000002,-0.01
479.824,15,-35.355235,149.1677282,100.016,-0.05145698768538315,20.080000000000002,-0.01
479.92400000000004,15,-35.3552172,149.1677282,100.018,-0.0012402356629368663,20.07,-0.01
480.024,15,-35.355199299999995,149.1677282,100.018,0.059413947960089745,20.07,-0.01
480.124,15,-35.3551814,149.1677282,100.014,0.07292510934511295,20.06,0.0
480.224,15,-35.355163499999996,149.1677282,100.01,0.07291586457734962,20.06,-0.01
480.324,15,-35.3551456,149.1677282,100.004,0.031861628523866134,20.06,0.0
480.42400000000004,15,-35.3551277,149.1677282,99.999,0.03645375346688281,20.05,-0.01
480.524,15,-35.3551098,149.1677282,99.994,0.0468989303118839,20.06,0.0
480.624,15,-35.3550919,149.1677282,99.99000000000001,0.046475905480486066,20.06,0.0
480.725,15,-35.355074,149.1677282,99.98700000000001,0.03143796336223362,20.05,0.0
480.825,15,-35.355055899999996,149.1677282,99.986,-0.00594957334723047,20.06,0.0
480.925,15,-35.3550378,149.1677282,99.983,-0.011947863485623518,20.07,0.0
481.02500000000003,15,-35.3550197,149.1677282,99.979,-0.04019400574403212,20.07,0.0
481.124,15,-35.3550015,149.1677282,99.97500000000001,-0.06438627231500614,20.080000000000002,0.0
481.224,15,-35.3549834,149.1677282,99.97200000000001,-0.10186047872225133,20.09,0.0
481.324,15,-35.3549651,149.1677282,99.973,-0.11750351957207138,20.11,0.0
481.42400000000004,15,-35.3549469,149.1677282,99.97500000000001,-0.1329014073234982,20.12,0.0
481.524,15,-35.354928699999995,149.1677282,99.979,-0.15673862078449727,20.12,0.0
481.624,15,-35.354910499999995,149.1677282,99.986,-0.1408249603692419,20.13,-0.01
481.724,15,-35.3548924,149.1677282,99.996,-0.14760033460312266,20.13,-0.02
481.824,15,-35.3548744,149.1677282,100.005,-0.15343715813572167,20.12,-0.02
481.92400000000004,15,-35.354856399999996,149.1677282,100.012,-0.17616621342452582,20.11,-0.02
482.024,15,-35.3548384,149.1677282,100.017,-0.17068090451034446,20.11,-0.03
482.124,15,-35.354820499999995,149.1677281,100.019,-0.14215576670012336,20.1,-0.03
482.224,15,-35.3548026,149.1677281,100.019,-0.09554208016242013,20.09,-0.03
482.324,15,-35.354784699999996,149.1677281,100.016,0.004196733112664637,20.09,-0.04
482.42400000000004,15,-35.3547668,149.16772799999998,100.014,0.08545986717383505,20.080000000000002,-0.04
482.524,15,-35.3547489,149.16772799999998,100.013,0.11634034636054613,20.07,-0.04
482.624,15,-35.354731,149.16772799999998,100.01,0.1547935243151378,20.07,-0.03
482.724,15,-35.3547131,149.1677279,100.007,0.17168300798741903,20.06,-0.02
482.825,15,-35.3546951,149.1677279,100.005,0.2047300245128795,20.05,-0.02
482.925,15,-35.3546769,149.1677279,100.005,0.26423843452279905,20.05,-0.01
483.02500000000003,15,-35.354658799999996,149.1677279,100.007,0.3038024120118037,20.05,0.0
483.125,15,-35.3546407,149.1677279,100.01,0.25909415481944226,20.06,0.0
483.224,15,-35.3546226,149.1677279,100.012,0.21814825130248688,20.06,0.0
483.324,15,-35.3546044,149.1677279,100.013,0.18985255181948266,20.07,0.0
483.42400000000004,15,-35.3545862,149.1677279,100.013,0.14300349722978506,20.080000000000002,0.0
483.524,15,-35.354568,149.1677279,100.011,0.10785571728686968,20.09,0.0
483.624,15,-35.354549899999995,149.1677279,100.009,0.0894084635660429,20.1,-0.01
483.724,15,-35.3545318,149.1677279,100.006,0.07424826506371118,20.1,-0.01
483.824,15,-35.3545138,149.1677279,100.006,0.06248640583857817,20.1,-0.01
483.92400000000004,15,-35.354495899999996,149.1677279,100.007,0.06485554766564701,20.09,-0.01
484.024,15,-35.3544779,149.1677279,100.009,0.07237892766524333,20.09,0.0
484.124,15,-35.354459999999996,149.1677279,100.013,0.021233397273023417,20.080000000000002,0.0
484.224,15,-35.3544421,149.1677279,100.017,-0.016291020029265295,20.080000000000002,0.0
484.324,15,-35.3544243,149.1677279,100.022,-0.008813584557771214,20.07,0.0
484.42400000000004,15,-35.354406399999995,149.1677279,100.026,0.01418306623688333,20.07,0.0
484.524,15,-35.3543885,149.1677279,100.025,-0.031724881333173735,20.06,0.0
484.624,15,-35.354370599999996,149.1677279,100.021,-0.014006601896373705,20.06,0.0
484.724,15,-35.3543527,149.1677279,100.012,-0.014863538840685727,20.06,0.0
484.824,15,-35.3543348,149.1677279,100.002,-0.008849358007054485,20.06,0.0
484.925,15,-35.3543169,149.1677279,99.993,-0.0031578517099392777,20.06,0.0
485.02500000000003,15,-35.354298799999995,149.1677279,99.98400000000001,0.004005956390893727,20.06,0.0
485.125,15,-35.3542807,149.1677279,99.98,-0.02104022098039908,20.06,0.0
485.224,15,-35.3542626,149.1677279,99.979,-0.06004574712842253,20.07,0.0
485.324,15,-35.3542444,149.1677279,99.98100000000001,-0.07207590472189013,20.080000000000002,0.0
485.42400000000004,15,-35.3542263,149.1677279,99.985,-0.07559396574265576,20.09,0.0
485.524,15,-35.354208,149.1677279,99.989,-0.07728275002526125,20.09,0.0
485.624,15,-35.3541898,149.1677279,99.993,-0.07036759703723323,20.1,0.0
485.724,15,-35.3541716,149.1677279,99.997,-0.1442417091406879,20.11,0.0
485.824,15,-35.3541534,149.1677279,99.998,-0.18451690675744656,20.11,0.0
485.92400000000004,15,-35.3541354,149.1677279,99.999,-0.15244559342709302,20.11,0.0
486.024,15,-35.3541174,149.1677279,100.0,-0.0850344744545902,20.11,0.0
486.124,15,-35.354099399999996,149.1677279,100.001,0.008327490533309851,20.11,0.0
486.224,15,-35.3540815,149.16772799999998,100.0,0.0650368745138763,20.1,0.0
486.324,15,-35.354063499999995,149.16772799999998,100.0,0.07887261662682056,20.1,0.0
486.42400000000004,15,-35.3540456,149.16772799999998,100.0,0.07263136452005611,20.1,0.0
486.524,15,-35.354027699999996,149.16772799999998,100.0,0.07260154914350343,20.09,0.0
486.624,15,-35.3540098,149.16772799999998,99.999,0.059687142186677034,20.09,0.0
486.724,15,-35.353991799999996,149.16772799999998,99.999,0.06410335974308613,20.09,0.0
486.824,15,-35.3539739,149.16772799999998,100.0,0.1139926155756997,20.080000000000002,0.0
486.92400000000004,15,-35.353956,149.16772799999998,100.001,0.10574711649414643,20.080000000000002,0.0
487.02500000000003,15,-35.3539379,149.16772799999998,100.001,0.04829231224793964,20.080000000000002,0.0
487.125,15,-35.3539198,149.1677281,99.998,0.020575469629567356,20.080000000000002,0.0
487.225,15,-35.3539017,149.1677281,99.995,-0.04632504100915077,20.080000000000002,0.0
487.324,15,-35.353883499999995,149.1677281,99.992,-0.0823463948097935,20.09,0.0
487.42400000000004,15,-35.3538654,149.1677281,99.991,-0.09055792970848184,20.1,0.0
487.524,15,-35.353847099999996,149.1677281,99.992,-0.09474290133878235,20.11,0.0
487.624,15,-35.353828899999996,149.1677281,99.992,-0.10163179411708152,20.11,0.0
487.724,15,-35.3538107,149.1677281,99.993,-0.1155268334778006,20.12,0.0
487.824,15,-35.3537925,149.1677281,99.995,-0.15074347560137147,20.12,0.0
487.92400000000004,15,-35.3537745,149.1677281,99.999,-0.2136162206849851,20.12,-0.01
488.024,15,-35.353756499999996,149.1677281,100.0,-0.243172770420731,20.12,-0.02
488.124,15,-35.3537385,149.1677281,100.002,-0.22443185191612672,20.12,-0.02
488.224,15,-35.3537205,149.1677281,100.003,-0.15304284811328567,20.11,-0.02
488.324,15,-35.3537026,149.1677281,100.004,-0.0466344339043178,20.1,-0.02
488.42400000000004,15,-35.353684699999995,149.1677281,100.004,0.02390024763600287,20.1,-0.01
488.524,15,-35.3536668,149.1677281,100.005,0.10714166236380585,20.09,0.0
488.624,15,-35.353648899999996,149.1677281,100.006,0.12433605661961132,20.080000000000002,0.0
488.724,15,-35.353631,149.1677281,100.006,0.14175145151777033,20.080000000000002,0.0
488.824,15,-35.3536131,149.1677281,100.005,0.11703655874842464,20.080000000000002,-0.01
488.92400000000004,15,-35.3535952,149.1677281,100.004,0.07398032688113364,20.07,-0.01
489.024,15,-35.3535773,149.1677281,100.002,0.01704830224575058,20.07,-0.02
489.125,15,-35.3535592,149.1677281,99.999,-0.00139917815448058,20.07,-0.02
489.225,15,-35.353541199999995,149.1677281,99.993,0.007385883255673472,20.080000000000002,-0.01
489.325,15,-35.3535231,149.1677281,99.985,0.0012549235503562857,20.080000000000002,-0.01
489.42400000000004,15,-35.353505,149.1677281,99.97800000000001,0.016377186133997242,20.09,-0.01
489.524,15,-35.3534868,149.1677281,99.97200000000001,0.044613464972254324,20.1,-0.01
489.624,16,-35.3534686,149.1677281,99.96900000000001,0.0500746014200762,20.11,-0.01
489.724,16,-35.3534504,149.1677281,99.96900000000001,0.06285132070117799,20.12,-0.02
489.824,16,-35.3534322,149.16772799999998,99.97,0.45963736675259653,20.13,-0.03
489.92400000000004,16,-35.3534141,149.16772799999998,99.973,2.3530178848725525,20.14,-0.05
490.024,16,-35.353396,149.16772799999998,99.977,6.691697693080633,20.12,0.0
490.124,16,-35.353378,149.1677281,99.98400000000001,13.571331456268753,20.07,0.2
490.224,16,-35.353360099999996,149.1677284,99.992,21.915901631320267,19.96,0.58
490.324,16,-35.3533423,149.16772939999998,99.994,30.33698529300156,19.82,1.11
490.42400000000004,16,-35.3533247,149.167731,99.982,37.51993665817255,19.66,1.74
490.524,17,-35.3533073,149.16773329999998,99.952,42.6203735906904,19.48,2.44
490.624,17,-35.35329,149.1677365,99.91,45.38008761917195,19.3,3.22
490.724,17,-35.3532729,149.1677406,99.869,46.228547378249274,19.07,4.09
490.824,17,-35.353256,149.16774569999998,99.84400000000001,45.86591897483496,18.77,5.04
490.92400000000004,17,-35.3532394,149.16775189999998,99.85000000000001,44.98959887413315,18.38,6.0
491.024,17,-35.353223199999995,149.16775909999998,99.889,44.206654289574594,17.93,6.9
491.125,17,-35.353207499999996,149.1677672,99.959,43.77118191866209,17.43,7.72
491.225,17,-35.3531921,149.16777629999999,100.055,43.63956417335594,16.91,8.44
491.325,17,-35.353177099999996,149.1677861,100.171,43.79508075056796,16.38,9.1
491.425,17,-35.3531627,149.1677966,100.297,44.122199000487385,15.88,9.68
491.524,17,-35.3531486,149.1678077,100.422,44.441308853604966,15.41,10.18
491.624,17,-35.3531349,149.1678193,100.535,44.64976281197917,14.99,10.6
491.724,17,-35.3531216,149.16783139999998,100.629,44.74550157357524,14.59,10.98
491.824,17,-35.3531087,149.16784389999998,100.703,44.737076535234024,14.200000000000001,11.35
491.92400000000004,17,-35.3530961,149.1678567,100.755,44.690518550756636,13.790000000000001,11.700000000000001
492.024,17,-35.3530839,149.1678699,100.791,44.62725050847481,13.36,12.040000000000001
492.124,17,-35.3530722,149.1678833,100.812,44.54895946511353,12.88,12.39
492.224,17,-35.353061,149.1678971,100.82300000000001,44.485168913360205,12.34,12.75
492.324,17,-35.3530504,149.1679112,100.83,44.437309777845925,11.74,13.120000000000001
492.42400000000004,17,-35.353040299999996,149.1679258,100.836,44.418659946317206,11.11,13.48
492.524,17,-35.3530308,149.1679407,100.845,44.478765611013316,10.44,13.84
492.624,17,-35.3530219,149.16795589999998,100.857,44.618306375756674,9.75,14.17
492.724,17,-35.3530136,149.1679715,100.873,44.71702651492546,9.040000000000001,14.48
492.824,17,-35.353006,149.16798749999998,100.889,44.75279280051423,8.34,14.75
492.92400000000004,17,-35.352999,149.16800369999999,100.908,44.75649476304437,7.63,15.0
493.024,17,-35.3529926,149.1680202,100.928,44.73481574261876,6.94,15.22
493.124,17,-35.3529868,149.168037,100.947,44.699100683448755,6.25,15.42
493.225,17,-35.3529816,149.1680539,100.964,44.691498682902534,5.57,15.59
493.325,17,-35.352976999999996,149.1680714,100.97500000000001,44.69044683377035,4.9,15.74
493.425,17,-35.3529729,149.1680888,100.97800000000001,44.696853551211824,4.24,15.860000000000001
493.52500000000003,17,-35.3529694,149.1681064,100.97500000000001,44.658693284318964,3.58,15.97
493.624,17,-35.352966599999995,149.1681242,100.968,44.62059790422322,2.89,16.06
493.724,17,-35.3529643,149.16814209999998,100.959,44.65471128403284,2.17,16.13
493.824,17,-35.3529627,149.16816,100.949,44.71586196767197,1.45,16.18
493.92400000000004,17,-35.352961799999996,149.1681779,100.93900000000001,44.74564500754781,0.72,16.21
494.024,17,-35.3529615,149.1681959,100.928,44.78989097299115,-0.01,16.2
494.124,17,-35.3529619,149.1682136,100.919,44.77166119809639,-0.74,16.17
494.224,17,-35.3529628,149.1682313,100.909,44.748377083215814,-1.46,16.12
494.324,17,-35.3529645,149.16824889999998,100.901,44.71873064712337,-2.18,16.03
494.42400000000004,17,-35.3529668,149.1682663,100.894,44.72605602500821,-2.89,15.92
494.524,17,-35.352969699999996,149.1682836,100.886,44.723976232405946,-3.59,15.790000000000001
494.624,17,-35.352973299999995,149.1683007,100.877,44.74352764890511,-4.3,15.63
494.724,17,-35.3529775,149.1683176,100.87,44.73919047878215,-5.01,15.450000000000001
494.824,17,-35.3529823,149.1683343,100.86500000000001,44.77153483959674,-5.72,15.24
494.92400000000004,17,-35.3529877,149.16835079999998,100.86,44.765117876871514,-6.41,15.01
495.024,17,-35.3529938,149.16836709999998,100.855,44.78800925587481,-7.09,14.76
495.124,17,-35.3530005,149.168383,100.851,44.843914354231366,-7.76,14.49
495.224,17,-35.3530077,149.16839869999998,100.845,44.89516809376314,-8.43,14.19
495.325,17,-35.3530156,149.1684141,100.839,44.891589074638055,-9.09,13.870000000000001
495.425,17,-35.3530241,149.1684292,100.83200000000001,44.8556144682796,-9.72,13.530000000000001
495.52500000000003,17,-35.3530332,149.168444,100.82000000000001,44.82751848512875,-10.35,13.19
495.625,17,-35.3530428,149.1684583,100.805,44.80828125733141,-10.950000000000001,12.83
495.724,17,-35.353052999999996,149.16847239999998,100.785,44.78020917984266,-11.55,12.46
495.824,17,-35.3530638,149.168486,100.763,44.77154508488049,-12.14,12.05
495.92400000000004,17,-35.3530751,149.1684991,100.741,44.79348365249458,-12.73,11.620000000000001
496.024,17,-35.3530869,149.1685118,100.71900000000001,44.861949468734785,-13.3,11.16
496.124,17,-35.353099199999996,149.1685239,100.69500000000001,44.90277692449854,-13.870000000000001,10.68
496.224,17,-35.353111999999996,149.1685355,100.673,44.906731604027975,-14.43,10.18
496.324,17,-35.3531252,149.1685464,100.657,44.91367790641388,-14.96,9.65
496.42400000000004,17,-35.3531389,149.16855669999998,100.642,44.902667641471815,-15.48,9.1
496.524,17,-35.3531529,149.16856629999998,100.632,44.887245074325925,-15.96,8.53
496.624,17,-35.3531674,149.1685753,100.623,44.88764122529779,-16.43,7.94
496.724,17,-35.3531823,149.1685837,100.614,44.86020435540185,-16.87,7.34
496.824,17,-35.3531975,149.1685913,100.607,44.847667543180286,-17.28,6.74
496.92400000000004,17,-35.3532131,149.16859839999998,100.602,44.81253305008974,-17.66,6.13
497.024,17,-35.353229,149.1686047,100.596,44.77231348116212,-18.02,5.51
497.124,17,-35.353245199999996,149.1686104,100.589,44.78442682165514,-18.36,4.89
497.224,17,-35.3532618,149.1686154,100.58,44.830366674012645,-18.67,4.25
497.324,17,-35.353278599999996,149.1686196,100.56700000000001,44.85005469429521,-18.96,3.61
497.425,17,-35.3532957,149.16862319999998,100.551,44.86975295986152,-19.240000000000002,2.95
497.52500000000003,17,-35.353313299999996,149.16862609999998,100.529,44.863206223542065,-19.51,2.2600000000000002
497.625,17,-35.353331,149.1686282,100.51,44.85875294020322,-19.75,1.57
497.724,17,-35.353349,149.1686296,100.489,44.88755926302775,-19.98,0.87
497.824,17,-35.3533672,149.1686301,100.47,44.935076889083525,-20.17,0.15
497.92400000000004,17,-35.353385599999996,149.16862989999998,100.449,44.96694313665622,-20.35,-0.56
498.024,17,-35.3534041,149.1686288,100.43,44.96919026889316,-20.51,-1.29
498.124,17,-35.353422699999996,149.168627,100.413,44.92724607720011,-20.64,-2.04
498.224,17,-35.353441499999995,149.1686244,100.399,44.83140827786107,-20.740000000000002,-2.77
498.324,17,-35.3534601,149.16862089999998,100.39,44.771702179231404,-20.8,-3.5
498.42400000000004,17,-35.3534788,149.1686167,100.382,44.742714856393874,-20.84,-4.22
498.524,17,-35.353497399999995,149.16861169999999,100.375,44.7512047815322,-20.84,-4.95
498.624,17,-35.353516,149.1686059,100.368,44.834464787514655,-20.82,-5.67
498.724,17,-35.353534499999995,149.16859929999998,100.36200000000001,44.9211433031767,-20.77,-6.4
498.824,17,-35.353553,149.1685918,100.35600000000001,44.94743953148125,-20.7,-7.15
498.92400000000004,17,-35.3535714,149.1685836,100.35300000000001,44.93898717238336,-20.6,-7.890000000000001
499.024,17,-35.3535897,149.1685746,100.352,44.88513796096698,-20.48,-8.620000000000001
499.124,17,-35.3536079,149.16856479999998,100.35300000000001,44.88236148906937,-20.330000000000002,-9.34
499.224,17,-35.3536259,149.1685541,100.355,44.89622677308449,-20.16,-10.03
499.324,17,-35.3536438,149.16854279999998,100.354,44.92275522782082,-19.97,-10.71
499.42400000000004,17,-35.353661599999995,149.1685307,100.349,44.83210495715642,-19.76,-11.39
499.52500000000003,17,-35.353679299999996,149.1685177,100.34100000000001,44.35769367778567,-19.53,-12.07
499.625,17,-35.3536966,149.1685041,100.33200000000001,43.04831567804296,-19.27,-12.74
499.725,17,-35.353713899999995,149.1684896,100.321,40.275351082571575,-18.990000000000002,-13.38
499.824,17,-35.353730899999995,149.1684745,100.31700000000001,35.64651480658101,-18.7,-13.94
499.92400000000004,17,-35.3537478,149.1684588,100.325,29.15321788718997,-18.43,-14.35
500.024,17,-35.3537643,149.16844269999999,100.351,21.15338272747463,-18.2,-14.55
500.124,17,-35.353780799999996,149.16842649999998,100.388,12.37783444598448,-18.05,-14.56
500.224,17,-35.3537971,149.1684105,100.423,3.3695395711199176,-17.96,-14.41
500.324,17,-35.3538132,149.1683948,100.436,-5.637546787148375,-17.92,-14.19
500.42400000000004,17,-35.3538293,149.1683794,100.413,-14.568325631679052,-17.92,-13.93
500.524,17,-35.3538454,149.1683644,100.346,-23.094134876356854,-17.95,-13.63
500.624,17,-35.3538615,149.1683498,100.236,-30.537427439479337,-18.05,-13.27
500.724,17,-35.3538778,149.1683356,100.092,-36.24861988757973,-18.22,-12.82
500.824,17,-35.3538942,149.168322,99.926,-39.99021117529106,-18.490000000000002,-12.25
500.92400000000004,17,-35.353911,149.1683091,99.759,-41.98447273367845,-18.85,-11.53
501.024,17,-35.3539281,149.1682971,99.61,-42.76636205401025,-19.26,-10.65
501.124,17,-35.3539455,149.16828619999998,99.499,-42.85702256995841,-19.66,-9.65
501.224,17,-35.3539634,149.1682764,99.432,-42.541017037818605,-19.990000000000002,-8.6
501.324,17,-35.353981399999995,149.1682678,99.415,-41.94197871175722,-20.240000000000002,-7.54
501.42400000000004,17,-35.353999699999996,149.1682603,99.43900000000001,-40.920240468531254,-20.39,-6.54
501.524,17,-35.3540181,149.1682539,99.503,-39.31679550426282,-20.47,-5.63
501.625,17,-35.3540367,149.1682483,99.59400000000001,-36.84467000587923,-20.47,-4.88
501.725,17,-35.3540553,149.1682435,99.70400000000001,-33.5121319173708,-20.45,-4.3100000000000005
501.825,17,-35.3540738,149.1682391,99.822,-29.466224966284145,-20.400000000000002,-3.92
501.92400000000004,17,-35.3540923,149.1682351,99.931,-25.017297580579005,-20.34,-3.72
502.024,17,-35.3541108,149.16823109999999,100.017,-20.511093936041433,-20.28,-3.64
502.124,17,-35.354129199999996,149.1682272,100.059,-16.385989233981185,-20.22,-3.64
502.224,17,-35.3541476,149.1682232,100.059,-13.106430361543604,-20.16,-3.67
502.324,17,-35.3541659,149.1682191,100.007,-10.867423488400785,-20.11,-3.68
502.42400000000004,17,-35.3541841,149.168215,99.92,-9.76396886194479,-20.07,-3.66
502.524,17,-35.354202199999996,149.16821099999999,99.807,-9.723001387303054,-20.03,-3.58
502.624,17,-35.3542202,149.1682071,99.687,-10.476150125381082,-20.01,-3.44
502.724,17,-35.354238099999996,149.16820339999998,99.575,-11.644781831991923,-20.0,-3.25
502.824,17,-35.354256,149.16819999999998,99.483,-12.947461123706143,-19.990000000000002,-3.0
502.92400000000004,17,-35.3542738,149.1681968,99.42,-14.136664506323417,-19.96,-2.71
503.024,17,-35.354291599999996,149.168194,99.387,-14.980817831129047,-19.92,-2.41
503.124,17,-35.3543094,149.1681915,99.382,-15.345829970563699,-19.88,-2.13
503.224,17,-35.3543271,149.1681892,99.397,-15.235606085285324,-19.84,-1.8800000000000001
503.324,17,-35.3543448,149.1681873,99.422,-14.58620365183156,-19.8,-1.68
503.42400000000004,17,-35.3543625,149.1681855,99.44800000000001,-13.489377723965063,-19.77,-1.52
503.524,17,-35.3543802,149.16818379999998,99.468,-12.18612981900244,-19.740000000000002,-1.4000000000000001
503.625,17,-35.3543978,149.16818229999998,99.47500000000001,-10.76358668377002,-19.73,-1.31
503.725,17,-35.3544158,149.1681808,99.46300000000001,-9.339703977686632,-19.73,-1.24
503.825,17,-35.3544336,149.16817939999999,99.438,-8.185680338163156,-19.740000000000002,-1.18
503.925,17,-35.354451499999996,149.16817799999998,99.401,-7.341573117134422,-19.75,-1.1300000000000001
504.024,17,-35.3544694,149.1681767,99.357,-6.7802907961444,-19.77,-1.05
504.124,17,-35.354487299999995,149.1681755,99.31400000000001,-6.449025340738312,-19.78,-0.97
504.224,17,-35.3545053,149.1681743,99.275,-6.319968062597274,-19.8,-0.88
504.324,17,-35.354523199999996,149.1681733,99.249,-6.251255078886477,-19.81,-0.79
504.42400000000004,17,-35.3545411,149.1681724,99.236,-6.209260941435123,-19.81,-0.7000000000000001
504.524,17,-35.3545589,149.1681716,99.238,-6.14134751674404,-19.8,-0.61
504.624,17,-35.354576699999996,149.1681709,99.251,-5.999252688137918,-19.79,-0.53
504.724,17,-35.354594299999995,149.1681702,99.271,-5.7403317426469584,-19.78,-0.45
504.824,17,-35.354611999999996,149.1681697,99.293,-5.387069663018845,-19.76,-0.39
504.92400000000004,17,-35.354629599999996,149.1681692,99.311,-4.94294941884346,-19.75,-0.34
505.024,17,-35.354647199999995,149.1681687,99.32600000000001,-4.473132722350017,-19.75,-0.3
505.124,17,-35.3546647,149.1681683,99.333,-3.9999022119320373,-19.75,-0.26
505.224,17,-35.3546824,149.1681679,99.33200000000001,-3.5331573930178077,-19.75,-0.23
505.324,17,-35.3546999,149.1681676,99.322,-3.170102102780365,-19.75,-0.2
505.42400000000004,17,-35.3547176,149.1681673,99.309,-2.915295279047281,-19.76,-0.17
505.524,17,-35.3547352,149.16816699999998,99.297,-2.707335869057668,-19.77,-0.14
505.624,17,-35.3547529,149.1681668,99.288,-2.473742972556409,-19.78,-0.11
505.725,17,-35.3547705,149.1681666,99.287,-2.2769904088909056,-19.78,-0.08
505.825,17,-35.354788299999996,149.1681664,99.292,-2.1318783442189306,-19.78,-0.05
505.925,17,-35.3548062,149.1681663,99.304,-2.0198021970150144,-19.79,-0.03
506.02500000000003,17,-35.3548241,149.1681662,99.319,-1.8862988926111222,-19.8,-0.01
506.124,17,-35.354842,149.16816609999998,99.334,-1.7718322859194073,-19.82,0.0
506.224,17,-35.3548599,149.16816599999999,99.349,-1.6554616572748457,-19.830000000000002,0.02
506.324,17,-35.3548779,149.16816599999999,99.361,-1.535838898090006,-19.84,0.04
506.42400000000004,17,-35.354895899999995,149.16816599999999,99.37,-1.3847905452556433,-19.86,0.05
506.524,17,-35.3549139,149.16816599999999,99.377,-1.2267594979337062,-19.87,0.06
506.624,17,-35.3549319,149.16816599999999,99.384,-1.0574392151307959,-19.88,0.08
506.724,17,-35.3549497,149.16816599999999,99.389,-0.8883572418968956,-19.89,0.09
506.824,17,-35.3549675,149.16816599999999,99.393,-0.7615663592606862,-19.900000000000002,0.1
506.92400000000004,17,-35.354985299999996,149.16816609999998,99.399,-0.6628615346566865,-19.900000000000002,0.11
507.024,17,-35.3550031,149.1681662,99.407,-0.512446948672107,-19.900000000000002,0.12
507.124,17,-35.3550208,149.1681662,99.415,-0.3782861051584687,-19.900000000000002,0.12
507.224,17,-35.3550385,149.1681663,99.423,-0.2761701880334295,-19.900000000000002,0.12
507.324,17,-35.3550563,149.1681664,99.43,-0.16984631409070708,-19.900000000000002,0.12
507.42400000000004,17,-35.355074,149.16816649999998,99.44,-0.07802460595268115,-19.900000000000002,0.13
507.524,17,-35.355091699999996,149.1681666,99.45,0.02641562321289209,-19.900000000000002,0.12
507.624,17,-35.3551095,149.1681667,99.461,0.10029082921383099,-19.900000000000002,0.12
507.724,17,-35.3551272,149.1681668,99.473,0.1464369612883991,-19.900000000000002,0.12
507.825,17,-35.355145,149.1681668,99.48400000000001,0.17261690295428606,-19.91,0.12
507.925,17,-35.3551631,149.1681669,99.49000000000001,0.18296689404289002,-19.92,0.11
508.02500000000003,17,-35.355181,149.16816699999998,99.494,0.17615663515143196,-19.93,0.11
508.125,17,-35.3551991,149.1681671,99.497,0.2042563802424082,-19.95,0.1
508.224,17,-35.3552171,149.1681672,99.5,0.23237829676776053,-19.96,0.1
508.324,17,-35.355235199999996,149.1681673,99.507,0.262340629109314,-19.97,0.09
508.42400000000004,17,-35.3552532,149.1681674,99.516,0.2977332820061449,-19.98,0.08
508.524,17,-35.3552713,149.1681674,99.528,0.3017616528734244,-19.990000000000002,0.08
508.624,17,-35.3552894,149.16816749999998,99.543,0.277395860143903,-19.990000000000002,0.07
508.724,17,-35.3553073,149.1681676,99.559,0.2567004136391908,-19.990000000000002,0.06
508.824,17,-35.355325199999996,149.1681676,99.578,0.26304645979092606,-19.990000000000002,0.06
508.92400000000004,17,-35.3553431,149.1681677,99.598,0.21741525994675345,-19.98,0.05
509.024,17,-35.3553609,149.1681677,99.616,0.15248521386036437,-19.97,0.05
509.124,17,-35.355378699999996,149.1681678,99.63,0.1023123450946366,-19.96,0.05
509.224,17,-35.3553965,149.1681678,99.639,0.056372746201182065,-19.95,0.05
509.324,17,-35.3554142,149.1681679,99.646,-0.014844520699210141,-19.95,0.05
509.42400000000004,17,-35.355432,149.1681679,99.65,-0.06638126785192505,-19.94,0.05
509.524,17,-35.3554497,149.16816799999998,99.655,-0.06942671179863753,-19.94,0.05
509.624,17,-35.355467499999996,149.16816799999998,99.662,-0.05544102235401704,-19.94,0.05
509.724,17,-35.3554853,149.1681681,99.671,-0.03988657052515552,-19.93,0.05
509.824,17,-35.3555031,149.1681681,99.678,-0.014633765340611614,-19.94,0.05
509.925,17,-35.3555211,149.1681682,99.684,0.016893982659190607,-19.94,0.05
510.02500000000003,17,-35.3555389,149.1681682,99.688,0.05665637247450949,-19.94,0.05
510.125,17,-35.355556899999996,149.1681683,99.691,0.09667344363551589,-19.95,0.05
510.224,17,-35.3555749,149.1681683,99.693,0.11211071169637607,-19.96,0.05
510.324,17,-35.355593,149.16816839999998,99.696,0.13258843258108088,-19.98,0.05
510.42400000000004,17,-35.355610999999996,149.1681685,99.7,0.14375108277878412,-19.990000000000002,0.05
510.524,17,-35.355629199999996,149.1681685,99.705,0.1299181888013629,-20.0,0.05
510.624,17,-35.3556473,149.1681686,99.709,0.12882399783241216,-20.01,0.06
510.724,17,-35.3556654,149.1681687,99.715,0.09374505338972582,-20.02,0.06
510.824,17,-35.3556835,149.1681687,99.721,0.12363257381552645,-20.04,0.05
510.92400000000004,17,-35.355701499999995,149.1681688,99.727,0.21101133060984503,-20.04,0.05
511.024,17,-35.3557195,149.1681688,99.73400000000001,0.30374635643584197,-20.04,0.04
511.124,17,-35.355737399999995,149.16816889999998,99.742,0.3705821053419439,-20.04,0.03
511.224,17,-35.3557553,149.16816889999998,99.749,0.35630634296595615,-20.03,0.02
511.324,17,-35.3557731,149.168169,99.757,0.32058872247502074,-20.02,0.02
511.42400000000004,17,-35.355790999999996,149.168169,99.764,0.2755180116893991,-20.02,0.02
511.524,17,-35.3558088,149.168169,99.774,0.21467707446109235,-20.01,0.02
511.624,17,-35.3558266,149.168169,99.785,0.20674423662694566,-20.0,0.02
511.724,17,-35.355844499999996,149.1681691,99.797,0.19563445369424393,-19.990000000000002,0.02
511.824,17,-35.3558623,149.1681691,99.805,0.16892724010073046,-19.98,0.02
511.92400000000004,17,-35.3558801,149.1681691,99.811,0.1925137642748489,-19.97,0.02
512.025,17,-35.3558981,149.1681692,99.815,0.1864825071345293,-19.97,0.02
512.125,17,-35.3559161,149.1681692,99.818,0.179885624953568,-19.97,0.02
512.225,17,-35.3559341,149.1681692,99.822,0.18815993222557567,-19.97,0.02
512.324,17,-35.3559522,149.1681692,99.827,0.19984007597461315,-19.990000000000002,0.01
512.424,17,-35.3559702,149.1681693,99.83200000000001,0.2019989627010793,-20.0,0.01
512.524,17,-35.3559884,149.1681693,99.837,0.20960197710350842,-20.0,0.01
512.624,17,-35.3560065,149.1681693,99.842,0.23246292708044522,-20.02,0.01
512.724,17,-35.3560246,149.1681693,99.845,0.23301515854701133,-20.03,0.01
512.824,17,-35.356042699999996,149.1681693,99.848,0.22388901195966937,-20.03,0.0
512.924,17,-35.3560607,149.1681693,99.852,0.1963417651395237,-20.03,0.0
513.024,17,-35.3560787,149.1681693,99.85600000000001,0.14617014368373224,-20.03,0.0
513.124,17,-35.3560965,149.1681693,99.86200000000001,0.10657037440265114,-20.02,0.0
513.224,17,-35.356114399999996,149.1681693,99.867,0.06519184110077757,-20.02,0.0
513.324,17,-35.3561322,149.1681693,99.872,0.07317459134269692,-20.02,0.0
513.424,17,-35.3561501,149.1681693,99.875,0.08492473786062042,-20.01,0.0
513.524,17,-35.356167899999996,149.1681693,99.876,0.11493612883630028,-20.01,-0.01
513.624,17,-35.3561858,149.1681693,99.877,0.09657363216018379,-20.0,-0.01
513.724,17,-35.3562036,149.1681693,99.88,0.07294823460473447,-20.0,-0.01
513.824,17,-35.356221399999995,149.1681693,99.884,0.02644387945202438,-19.990000000000002,0.0
513.924,17,-35.3562392,149.1681693,99.888,-0.02154154952836074,-19.990000000000002,0.0
514.025,17,-35.3562571,149.1681693,99.892,-0.006858312840776142,-19.990000000000002,0.0
514.125,17,-35.3562753,149.1681693,99.894,-0.01945220366589777,-20.0,0.0
514.225,17,-35.3562933,149.1681693,99.894,-0.005435021312911824,-20.01,0.0
514.325,17,-35.356311399999996,149.1681693,99.892,0.0016353065986286477,-20.02,0.0
514.424,17,-35.3563295,149.1681693,99.887,0.009281415830330724,-20.03,0.0
514.524,17,-35.3563477,149.1681693,99.884,0.05048375909982906,-20.04,0.0
514.624,17,-35.3563658,149.1681693,99.881,0.08207838992614984,-20.05,0.0
514.724,17,-35.356384,149.1681693,99.879,0.07981890465177144,-20.07,0.0
514.824,17,-35.3564021,149.1681693,99.88,0.1151230652441897,-20.080000000000002,0.0
514.924,17,-35.356420199999995,149.1681693,99.883,0.12014316090265652,-20.080000000000002,0.0
515.024,17,-35.3564382,149.1681693,99.888,0.11235184939058926,-20.080000000000002,0.0
515.124,17,-35.356456099999996,149.1681693,99.894,0.11861453254989593,-20.080000000000002,0.0
515.224,17,-35.356474,149.1681693,99.901,0.10146328054365261,-20.07,0.0
515.324,17,-35.3564919,149.1681693,99.906,0.04725358321546218,-20.07,0.0
515.424,17,-35.3565098,149.1681693,99.909,0.009253287156987375,-20.06,0.01
515.524,17,-35.3565276,149.1681693,99.911,0.02141731545767122,-20.06,0.0
515.624,17,-35.356545499999996,149.1681693,99.912,0.04530094619057859,-20.05,0.0
515.724,17,-35.3565634,149.1681693,99.913,0.09010829782181136,-20.04,0.0
515.824,17,-35.356581299999995,149.1681693,99.916,0.09972752537029006,-20.04,0.0
515.924,17,-35.3565992,149.1681693,99.92,0.07099211244914645,-20.03,0.01
516.024,17,-35.3566171,149.1681693,99.923,0.0749952969938615,-20.02,0.01
516.125,17,-35.356634899999996,149.1681693,99.925,0.09723245860050572,-20.01,0.01
516.225,17,-35.356653,149.1681693,99.927,0.099056979552652,-20.01,0.01
516.325,17,-35.356671,149.1681693,99.929,0.11490387220072783,-20.01,0.01
516.425,17,-35.3566891,149.1681693,99.931,0.12963700378705523,-20.02,0.01
516.524,17,-35.356707199999995,149.1681693,99.933,0.12653609790386944,-20.03,0.01
516.624,17,-35.3567253,149.1681693,99.936,0.1382672146076308,-20.04,0.01
516.724,17,-35.3567435,149.1681693,99.937,0.14733297004971369,-20.05,0.01
516.824,17,-35.3567617,149.1681693,99.933,0.14735929029040204,-20.06,0.01
516.924,17,-35.3567799,149.1681693,99.926,0.1106448557169348,-20.080000000000002,0.01
517.024,17,-35.3567981,149.1681693,99.921,0.1144698483635279,-20.09,0.02
517.124,17,-35.356816099999996,149.1681693,99.919,0.1602364380316975,-20.09,0.01
517.224,17,-35.3568341,149.1681693,99.919,0.201541073222424,-20.09,0.01
517.324,17,-35.356851999999996,149.1681693,99.92,0.2322438274184759,-20.080000000000002,0.02
517.424,17,-35.35687,149.1681693,99.923,0.2323281642464697,-20.07,0.02
517.524,17,-35.3568879,149.1681693,99.929,0.24957071000190242,-20.07,0.01
517.624,17,-35.3569058,149.1681693,99.935,0.22230219359683145,-20.06,0.01
517.724,17,-35.356923699999996,149.1681693,99.944,0.2087832348571796,-20.06,0.0
517.824,17,-35.3569416,149.1681693,99.95,0.211359990422633,-20.05,0.01
517.924,17,-35.3569594,149.1681693,99.95100000000001,0.22812394268848885,-20.05,0.01
518.024,17,-35.3569773,149.1681693,99.949,0.24974386596953282,-20.05,0.01
518.124,17,-35.3569952,149.1681693,99.946,0.2442549285173549,-20.05,0.01
518.225,17,-35.3570132,149.1681693,99.941,0.258537360999954,-20.06,0.01
518.325,17,-35.3570314,149.1681693,99.936,0.2617001921529195,-20.07,0.0
518.425,17,-35.357049499999995,149.1681693,99.931,0.22412537385754883,-20.080000000000002,0.0
518.525,17,-35.3570677,149.1681693,99.928,0.20108479790956862,-20.09,0.0
518.624,17,-35.3570859,149.1681693,99.927,0.15272018837606868,-20.11,0.0
518.724,17,-35.3571041,149.1681693,99.931,0.11366568697025145,-20.12,-0.01
518.824,17,-35.3571223,149.1681692,99.937,0.09335119693453937,-20.12,-0.01
518.924,17,-35.3571405,149.1681692,99.94800000000001,0.08202195415411129,-20.13,-0.01
519.024,17,-35.3571587,149.1681692,99.961,0.056500278639590895,-20.13,-0.02
519.124,17,-35.3571768,149.1681691,99.974,0.019488875912046916,-20.12,-0.02
519.224,17,-35.357194799999995,149.1681691,99.983,-0.023410773535016215,-20.12,-0.03
519.324,17,-35.3572128,149.168169,99.99000000000001,-0.03763049034020221,-20.1,-0.03
519.424,17,-35.357230699999995,149.16816889999998,99.993,-0.08935219454666964,-20.09,-0.03
519.524,17,-35.3572486,149.16816889999998,99.994,-0.1455726088530619,-20.080000000000002,-0.03
519.624,17,-35.3572665,149.1681688,99.993,-0.25368259060395587,-20.07,-0.03
519.724,17,-35.3572844,149.1681687,99.99000000000001,-0.306142765658738,-20.06,-0.03
519.824,17,-35.3573023,149.1681687,99.985,-0.31954850600876894,-20.06,-0.03
519.924,17,-35.3573202,149.1681686,99.98100000000001,-0.3195900207523179,-20.05,-0.02
520.024,17,-35.3573381,149.1681686,99.977,-0.3381436159828493,-20.05,-0.02
520.124,17,-35.357355999999996,149.1681685,99.976,-0.3879431121907941,-20.04,-0.02
520.224,17,-35.3573739,149.1681685,99.97500000000001,-0.4459552705454445,-20.04,-0.01
520.325,17,-35.357391799999995,149.16816839999998,99.97500000000001,-0.4912129043987423,-20.04,0.0
520.425,17,-35.3574098,149.16816839999998,99.976,-0.49490680944010274,-20.03,0.0
520.525,17,-35.3574279,149.16816839999998,99.98,-0.474237269629469,-20.04,0.0
520.625,17,-35.357445999999996,149.16816839999998,99.982,-0.38529718761978105,-20.04,0.0
520.724,17,-35.357464199999995,149.16816839999998,99.985,-0.2989368360430952,-20.05,0.0
520.824,17,-35.3574823,149.16816839999998,99.98700000000001,-0.2204045082452654,-20.06,0.0
520.924,17,-35.3575005,149.16816839999998,99.988,-0.21768075687031124,-20.07,0.01
521.024,17,-35.3575187,149.16816839999998,99.98700000000001,-0.2382105579474374,-20.07,0.01
521.124,17,-35.3575369,149.16816839999998,99.985,-0.2603250029326462,-20.080000000000002,0.01
521.224,17,-35.357555,149.16816839999998,99.98400000000001,-0.27828407822069556,-20.080000000000002,0.01
521.324,17,-35.357572999999995,149.1681683,99.985,-0.2614284520095735,-20.080000000000002,0.01
521.424,17,-35.3575911,149.1681683,99.99000000000001,-0.2543505083995891,-20.07,0.01
521.524,17,-35.357609,149.1681683,99.996,-0.2389655873354147,-20.06,0.01
521.624,17,-35.3576269,149.1681683,100.002,-0.24966150349309602,-20.06,0.01
521.724,17,-35.357644799999996,149.1681683,100.009,-0.2767684699160403,-20.04,0.01
521.824,17,-35.3576627,149.1681683,100.015,-0.26778837198306027,-20.03,0.02
521.924,17,-35.3576805,149.1681683,100.018,-0.24048679852962349,-20.03,0.02
522.024,17,-35.3576984,149.1681683,100.018,-0.22629091735041312,-20.02,0.02
522.124,17,-35.3577162,149.1681683,100.014,-0.2227738101548929,-20.02,0.02
522.224,17,-35.3577341,149.1681683,100.007,-0.19909040935235137,-20.01,0.01
522.324,17,-35.357752,149.1681683,100.0,-0.16280581645923875,-20.01,0.01
522.425,17,-35.357769999999995,149.1681683,99.992,-0.10059275825969995,-20.01,0.02
522.525,17,-35.357788,149.1681683,99.98700000000001,-0.05962261557531892,-20.01,0.02
522.625,17,-35.3578061,149.1681683,99.982,-0.0526348151211335,-20.02,0.02
522.724,17,-35.357824199999996,149.1681683,99.977,-0.08284581237221102,-20.03,0.02
522.824,17,-35.3578423,149.1681683,99.973,-0.08385423911035315,-20.04,0.02
522.924,17,-35.3578605,149.1681683,99.97200000000001,-0.07749553309626962,-20.06,0.01
523.024,17,-35.3578786,149.1681683,99.973,-0.069017153912488,-20.07,0.01
523.124,17,-35.3578968,149.1681683,99.976,-0.12112593441077144,-20.080000000000002,0.01
523.224,17,-35.357915,149.1681683,99.97800000000001,-0.1391269246487665,-20.09,0.01
523.324,17,-35.357932999999996,149.1681683,99.979,-0.13615669949431009,-20.080000000000002,0.02
523.424,17,-35.357951,149.1681683,99.979,-0.16248447740313082,-20.09,0.02
523.524,17,-35.357968899999996,149.1681683,99.979,-0.20078967237244327,-20.080000000000002,0.03
523.624,17,-35.3579869,149.1681683,99.98,-0.1978335878440029,-20.080000000000002,0.03
523.724,17,-35.358004799999996,149.1681683,99.98400000000001,-0.1460581525937278,-20.080000000000002,0.03
523.824,17,-35.3580227,149.16816839999998,99.98700000000001,-0.10199119280151377,-20.080000000000002,0.03
523.924,17,-35.358040599999995,149.16816839999998,99.99000000000001,-0.0764321780301831,-20.07,0.03
524.024,17,-35.3580585,149.16816839999998,99.992,-0.0406057681004167,-20.07,0.03
524.124,17,-35.3580764,149.16816839999998,99.993,-0.043105503944828975,-20.07,0.04
524.224,17,-35.3580943,149.16816839999998,99.993,-0.03505640281739332,-20.06,0.04
524.324,17,-35.3581122,149.1681685,99.993,-0.017278242498489978,-20.06,0.04
524.424,17,-35.3581301,149.1681685,99.992,0.012057906070734089,-20.06,0.03
524.525,17,-35.358148199999995,149.1681685,99.991,0.043237251890616175,-20.05,0.03
524.625,17,-35.3581661,149.1681685,99.991,0.060822074166809854,-20.06,0.02
524.725,17,-35.3581842,149.1681685,99.988,0.07101776567917366,-20.07,0.02
524.824,17,-35.358202299999995,149.1681685,99.98400000000001,0.03815549109652752,-20.07,0.02
524.924,17,-35.3582205,149.1681685,99.98,-0.016853370047560805,-20.080000000000002,0.02
525.024,17,-35.3582386,149.1681685,99.97800000000001,-0.040041607148176214,-20.09,0.02
525.124,17,-35.3582569,149.1681685,99.97800000000001,-0.05018824002641361,-20.09,0.02
525.224,17,-35.358275,149.1681685,99.979,-0.04287621569501084,-20.1,0.02
525.324,17,-35.3582931,149.1681686,99.979,-0.024620600807234473,-20.1,0.02
525.424,17,-35.3583111,149.1681686,99.979,0.0024930899169373997,-20.1,0.02
525.524,17,-35.3583291,149.1681686,99.98,0.020828088244785308,-20.09,0.02
525.624,17,-35.358347099999996,149.1681686,99.982,0.029729228790753612,-20.080000000000002,0.03
525.724,17,-35.358365,149.1681686,99.985,-0.00777570179507007,-20.07,0.03
525.824,17,-35.358382899999995,149.1681687,99.986,-0.04455036242865774,-20.07,0.03
525.924,17,-35.3584008,149.1681687,99.985,-0.046766815510233074,-20.07,0.03
526.024,17,-35.358418799999995,149.1681687,99.986,-0.018175405188248343,-20.06,0.03
526.124,17,-35.3584367,149.1681687,99.98700000000001,0.0416070544894314,-20.06,0.03
526.224,17,-35.3584546,149.1681688,99.98700000000001,0.09482014784344829,-20.06,0.03
526.324,17,-35.3584725,149.1681688,99.986,0.14443704988290762,-20.05,0.03
526.424,17,-35.3584904,149.1681688,99.985,0.10640961149310461,-20.05,0.03
526.525,17,-35.3585084,149.1681688,99.982,0.08862630018437066,-20.05,0.03
526.625,17,-35.358526499999996,149.1681688,99.98,0.11530712016602304,-20.04,0.03
526.725,17,-35.3585446,149.1681688,99.97800000000001,0.14245261312475446,-20.05,0.03
526.825,17,-35.3585627,149.16816889999998,99.98,0.17192005023617285,-20.05,0.02
526.924,17,-35.3585809,149.16816889999998,99.983,0.19664769624935943,-20.06,0.02
527.024,17,-35.358599,149.16816889999998,99.986,0.19079131596417598,-20.07,0.02
527.124,17,-35.3586172,149.16816889999998,99.986,0.1690961939011957,-20.080000000000002,0.01
527.224,17,-35.3586354,149.16816889999998,99.98400000000001,0.15746148691839468,-20.080000000000002,0.01
527.324,17,-35.3586536,149.16816889999998,99.985,0.13371602744394123,-20.09,0.01
527.424,17,-35.358671799999996,149.16816889999998,99.98700000000001,0.11903241472909641,-20.1,0.01
527.524,17,-35.3586899,149.16816889999998,99.988,0.10342972135416838,-20.1,0.0
527.624,17,-35.3587079,149.1681688,99.99000000000001,0.04153703838033216,-20.1,0.01
527.724,17,-35.358725899999996,149.1681688,99.994,-0.04964696087490332,-20.09,0.01
527.824,17,-35.3587438,149.1681688,99.998,-0.12305713037795288,-20.09,0.02
527.924,17,-35.358761699999995,149.1681688,100.0,-0.11839109731862923,-20.080000000000002,0.02
528.024,17,-35.3587796,149.16816889999998,100.002,-0.122637607352526,-20.07,0.03
528.124,17,-35.3587975,149.16816889999998,100.003,-0.1329095715339905,-20.07,0.04
528.224,17,-35.3588154,149.16816889999998,100.003,-0.1189101249944841,-20.06,0.05
528.324,17,-35.3588333,149.16816889999998,100.004,-0.06796827297774809,-20.05,0.04
528.424,17,-35.3588512,149.168169,100.004,0.026652105172690555,-20.04,0.04
528.524,17,-35.3588691,149.168169,100.004,0.12810520046354765,-20.04,0.03
528.625,17,-35.358886999999996,149.168169,100.006,0.19745331172587716,-20.03,0.02
528.725,17,-35.358905199999995,149.168169,100.007,0.19107060666820602,-20.04,0.02
528.825,17,-35.3589233,149.168169,100.007,0.1982009506357291,-20.04,0.02
528.925,17,-35.3589414,149.168169,100.006,0.20059810691056557,-20.05,0.01
529.024,17,-35.3589595,149.168169,100.003,0.20893930201167174,-20.05,0.01
529.124,17,-35.3589777,149.168169,99.998,0.23607889859615874,-20.06,0.01
529.224,17,-35.3589959,149.168169,99.994,0.249490348557449,-20.07,0.0
529.324,17,-35.359014,149.168169,99.995,0.22018020590013923,-20.07,0.0
529.424,17,-35.3590322,149.16816889999998,99.998,0.1433875753086793,-20.080000000000002,0.01
529.524,17,-35.3590502,149.16816889999998,100.001,0.06581102042740171,-20.07,0.01
529.624,17,-35.359068199999996,149.16816889999998,100.005,0.04555940948671473,-20.07,0.01
529.724,17,-35.3590861,149.16816889999998,100.009,0.02168023605255039,-20.07,0.0
529.824,17,-35.359103999999995,149.16816889999998,100.012,-0.0079272741314695,-20.06,0.0
529.924,17,-35.3591219,149.16816889999998,100.013,-0.03029453033122464,-20.06,0.0
530.024,17,-35.3591398,149.16816889999998,100.014,-0.06995816588310932,-20.05,0.0
530.124,17,-35.359157599999996,149.16816889999998,100.015,-0.1307902518799428,-20.04,0.0
530.224,17,-35.3591755,149.16816889999998,100.015,-0.16234297776147782,-20.03,0.01
530.324,17,-35.3591933,149.16816889999998,100.014,-0.16099414880253254,-20.02,0.01
530.424,17,-35.3592112,149.16816889999998,100.012,-0.1398316080720414,-20.02,0.02
530.524,17,-35.359229,149.16816889999998,100.01,-0.1260787153533166,-20.02,0.02
530.624,17,-35.359246899999995,149.16816889999998,100.006,-0.07991395367098304,-20.02,0.01
530.725,17,-35.3592648,149.16816889999998,100.003,-0.042619586678192815,-20.02,0.01
530.825,17,-35.3592829,149.16816889999998,99.999,-0.018764197176677863,-20.02,0.01
530.925,17,-35.3593009,149.16816889999998,99.995,-0.03547593918303342,-20.03,0.01
531.025,17,-35.359319,149.16816889999998,99.992,-0.010165143257847196,-20.04,0.01
531.124,17,-35.3593372,149.16816889999998,99.988,0.026763247491628672,-20.05,0.01
531.224,17,-35.3593553,149.16816889999998,99.98700000000001,0.068025629224499,-20.06,0.01
531.324,17,-35.3593735,149.16816889999998,99.988,0.07973585515435364,-20.080000000000002,0.0
531.424,17,-35.359391699999996,149.16816889999998,99.991,0.05412329610220043,-20.080000000000002,0.01
531.524,17,-35.359409899999996,149.16816889999998,99.996,0.02563685658301167,-20.09,0.01
531.624,17,-35.359428099999995,149.16816889999998,100.0,0.0012070758532410815,-20.09,0.01
531.724,17,-35.3594461,149.16816889999998,100.004,0.013651502095652461,-20.09,0.01
531.824,17,-35.3594641,149.16816889999998,100.005,0.013320444694211793,-20.09,0.01
531.924,17,-35.3594821,149.16816889999998,100.004,0.028433043648238326,-20.080000000000002,0.01
532.024,17,-35.3595,149.16816889999998,100.0,0.02212072989316332,-20.080000000000002,0.01
532.124,17,-35.3595179,149.16816889999998,99.996,-0.00810321153355683,-20.07,0.01
532.224,17,-35.359535799999996,149.16816889999998,99.992,-0.017274188741196937,-20.07,0.01
532.324,17,-35.3595537,149.1681688,99.988,-0.013972201655289042,-20.07,0.0
532.424,17,-35.359571599999995,149.1681688,99.98700000000001,0.030942000915040777,-20.06,0.0
532.524,17,-35.3595895,149.1681688,99.99000000000001,0.05716302710260031,-20.06,0.0
532.624,17,-35.3596074,149.1681688,99.994,0.05741637109191225,-20.05,0.0
532.724,17,-35.3596253,149.1681688,99.998,0.044795128660867496,-20.05,0.0
532.825,17,-35.3596432,149.1681687,100.001,0.004273270918503117,-20.05,0.0
532.925,17,-35.3596614,149.1681687,100.004,0.03127298828036203,-20.05,0.0
533.025,17,-35.3596795,149.1681686,100.007,-0.0282732245587773,-20.06,-0.01
533.124,17,-35.3596976,149.1681686,100.009,-0.1028202803831968,-20.07,-0.01
533.224,17,-35.3597158,149.1681685,100.011,-0.1686257646221111,-20.07,-0.01
533.324,17,-35.359733999999996,149.1681685,100.01,-0.23639818325943038,-20.080000000000002,-0.01
533.424,17,-35.359752199999996,149.16816839999998,100.006,-0.2856988888949791,-20.09,0.0
533.524,17,-35.359770399999995,149.16816839999998,99.999,-0.3593145343672443,-20.1,0.0
533.624,17,-35.3597885,149.16816839999998,99.991,-0.41971848623101565,-20.11,0.0
533.724,17,-35.3598066,149.1681683,99.98400000000001,-0.4364888684796448,-20.1,0.01
533.824,17,-35.359824599999996,149.1681683,99.982,-0.4808084452195502,-20.1,0.01
533.924,17,-35.3598425,149.1681683,99.983,-0.5195004530114675,-20.09,0.02
534.024,17,-35.359860499999996,149.1681683,99.986,-0.5002134395383795,-20.09,0.03
534.124,17,-35.3598784,149.1681683,99.991,-0.4294513190352987,-20.080000000000002,0.04
534.224,17,-35.359896299999996,149.16816839999998,99.997,-0.36559502671120325,-20.080000000000002,0.04
534.324,17,-35.3599142,149.1681683,100.002,-0.2821573824494746,-20.07,0.05
534.424,17,-35.3599321,149.1681683,100.005,-0.19209863017957227,-20.07,0.04
534.524,17,-35.35995,149.1681683,100.002,-0.10704283806425223,-20.07,0.04
534.624,17,-35.3599679,149.1681683,99.995,-0.04813305011238066,-20.06,0.04
534.724,17,-35.3599858,149.1681683,99.988,-0.007679543036871005,-20.06,0.03
534.824,17,-35.3600037,149.1681683,99.983,0.012110166356033942,-20.06,0.03
534.925,17,-35.3600218,149.1681683,99.98,0.042485430823918924,-20.06,0.03
535.025,17,-35.3600397,149.1681683,99.979,0.0894069361116289,-20.06,0.03
535.125,17,-35.3600578,149.1681683,99.98100000000001,0.07330782005215183,-20.06,0.02
535.224,17,-35.3600759,149.1681683,99.98400000000001,0.04672714505116213,-20.06,0.03
535.324,17,-35.3600941,149.1681683,99.989,-0.0004017862479084762,-20.07,0.02
535.424,17,-35.360112199999996,149.16816839999998,99.993,-0.047875117089720115,-20.07,0.03
535.524,17,-35.360130399999996,149.16816839999998,99.994,-0.12537355168236566,-20.080000000000002,0.03
535.624,17,-35.360148599999995,149.16816839999998,99.995,-0.1762671321375554,-20.080000000000002,0.03
535.724,17,-35.3601667,149.16816839999998,99.997,-0.17488436567617163,-20.080000000000002,0.03
535.824,17,-35.3601847,149.16816839999998,99.999,-0.16635883550875444,-20.080000000000002,0.03
535.924,17,-35.360202699999995,149.16816839999998,100.0,-0.12072720877775872,-20.080000000000002,0.03
536.024,17,-35.3602206,149.16816839999998,99.999,-0.05734360022878252,-20.080000000000002,0.03
536.124,17,-35.360238599999995,149.16816839999998,99.995,-0.012383627386885683,-20.080000000000002,0.03
536.224,17,-35.3602565,149.1681685,99.991,0.0035460358647752656,-20.07,0.03
536.324,17,-35.3602744,149.1681685,99.98700000000001,0.014992688779947808,-20.07,0.03
536.424,17,-35.3602923,149.1681685,99.98100000000001,0.033042424157058534,-20.07,0.03
536.524,17,-35.3603103,149.1681685,99.97800000000001,0.04291501904022231,-20.06,0.03
536.624,17,-35.3603282,149.1681685,99.976,0.04231752089513834,-20.06,0.03
536.724,17,-35.3603461,149.1681685,99.974,-0.00638956818049254,-20.06,0.03
536.824,17,-35.3603641,149.1681686,99.973,-0.07639847398147599,-20.05,0.04
536.924,17,-35.360382,149.1681686,99.971,-0.11974288780490996,-20.05,0.04
537.025,17,-35.3604001,149.1681686,99.96900000000001,-0.1511192160470015,-20.04,0.04
537.125,17,-35.3604182,149.1681686,99.96600000000001,-0.1496370383166823,-20.04,0.05
537.225,17,-35.360436299999996,149.1681687,99.96600000000001,-0.11913289321508964,-20.05,0.05
537.324,17,-35.360454499999996,149.1681687,99.96900000000001,-0.04010728768797808,-20.06,0.04
537.424,17,-35.360472699999995,149.1681687,99.974,0.06008269284894275,-20.06,0.03
537.524,17,-35.360490899999995,149.1681687,99.979,0.12326831929348114,-20.07,0.03
537.624,17,-35.3605091,149.1681687,99.983,0.175622146168452,-20.080000000000002,0.02
537.724,17,-35.3605273,149.1681687,99.988,0.1959459343327803,-20.09,0.02
537.824,17,-35.3605455,149.1681687,99.992,0.194025290474258,-20.09,0.01
537.924,17,-35.3605635,149.1681687,99.994,0.1777012317394201,-20.09,0.0
538.024,17,-35.360581599999996,149.1681687,99.995,0.12797921548987265,-20.09,0.0
538.124,17,-35.3605995,149.1681687,99.996,0.0652109776366455,-20.080000000000002,0.0
538.224,17,-35.3606175,149.1681687,99.996,-0.042089086418966457,-20.080000000000002,0.0
538.324,17,-35.3606354,149.1681687,99.997,-0.14787378229376116,-20.07,0.0
538.424,17,-35.360653299999996,149.1681687,99.998,-0.22261387433856616,-20.07,0.0
538.524,17,-35.3606712,149.1681687,100.0,-0.27520198203815377,-20.06,0.0
538.624,17,-35.3606891,149.1681687,100.004,-0.29569262958947135,-20.04,0.01
538.724,17,-35.3607069,149.1681687,100.008,-0.28573938978232316,-20.04,0.01
538.824,17,-35.3607248,149.1681687,100.013,-0.29863161196456023,-20.03,0.02
538.924,17,-35.360742699999996,149.1681687,100.017,-0.2707746854346632,-20.02,0.02
539.025,17,-35.3607606,149.1681687,100.02,-0.20329624507613217,-20.01,0.02
539.125,17,-35.3607788,149.1681687,100.02,-0.09290760149435216,-20.01,0.02
539.225,17,-35.360796799999996,149.1681687,100.019,0.000394933625293962,-20.02,0.01
539.325,17,-35.360814999999995,149.1681687,100.015,0.022082638581832608,-20.03,0.01
539.424,17,-35.3608331,149.1681687,100.01,0.015573598369889377,-20.04,0.01
539.524,17,-35.3608512,149.1681687,100.006,0.015530107607256783,-20.05,0.01
539.624,17,-35.3608694,149.1681687,100.002,0.001093739173448251,-20.06,0.01
539.724,17,-35.3608876,149.1681687,99.998,-0.0427807331188695,-20.080000000000002,0.0
539.824,17,-35.360905699999996,149.1681687,99.993,-0.06730616484497337,-20.09,0.0
539.924,17,-35.3609238,149.1681687,99.99000000000001,-0.09439863712625124,-20.09,0.0
540.024,17,-35.3609418,149.1681687,99.992,-0.13372333788078725,-20.09,0.01
540.124,17,-35.360959699999995,149.1681687,99.997,-0.1780063891168889,-20.09,0.01
540.224,17,-35.3609776,149.1681687,100.003,-0.18960377018309288,-20.080000000000002,0.01
540.324,17,-35.3609955,149.1681686,100.006,-0.20931002653713005,-20.080000000000002,0.01
540.424,17,-35.3610134,149.1681686,100.008,-0.245381909730407,-20.07,0.02
540.524,17,-35.3610313,149.1681686,100.008,-0.29224693255533213,-20.06,0.03
540.624,17,-35.3610492,149.1681686,100.008,-0.29353066127375077,-20.05,0.03
540.724,17,-35.3610671,149.1681686,100.009,-0.24348581186421445,-20.05,0.03
540.824,17,-35.361084999999996,149.1681686,100.009,-0.1620262277387185,-20.04,0.03
540.924,17,-35.3611028,149.1681686,100.007,-0.11854421628599918,-20.04,0.03
541.024,17,-35.3611207,149.1681686,100.004,-0.08727663079199234,-20.04,0.04
541.125,17,-35.3611386,149.1681686,100.001,-0.06477881475919015,-20.03,0.04
541.225,17,-35.361156699999995,149.1681686,99.998,-0.0399697234092258,-20.03,0.05
541.325,17,-35.3611748,149.1681687,99.997,-0.007879151813558657,-20.04,0.05
541.425,17,-35.3611929,149.1681687,99.997,0.04825491629522315,-20.04,0.05
541.524,17,-35.361211,149.1681687,99.999,0.07382825512050169,-20.05,0.04
541.624,17,-35.3612292,149.1681687,100.0,0.08686597900835855,-20.06,0.04
541.724,17,-35.361247399999996,149.1681688,100.0,0.0896444319276323,-20.07,0.04
541.824,17,-35.3612655,149.1681688,99.998,0.0627212202717238,-20.080000000000002,0.04
541.924,17,-35.361283799999995,149.1681688,99.998,0.0606462968472812,-20.080000000000002,0.04
542.024,17,-35.3613019,149.1681688,100.0,0.09858919163578546,-20.09,0.04
542.124,17,-35.36132,149.1681688,100.001,0.13680914264260496,-20.09,0.03
542.224,17,-35.361337999999996,149.16816889999998,100.004,0.1340970105933678,-20.09,0.03
542.324,17,-35.3613559,149.16816889999998,100.009,0.10400980051583683,-20.080000000000002,0.03
542.424,17,-35.361373799999996,149.16816889999998,100.015,0.09129739106762827,-20.07,0.03
542.524,17,-35.3613917,149.16816889999998,100.021,0.08591586901231936,-20.06,0.03
542.624,17,-35.3614096,149.16816889999998,100.024,0.05849986320985841,-20.06,0.03
542.724,17,-35.3614275,149.16816889999998,100.023,0.04421013363062648,-20.05,0.03
542.824,17,-35.3614454,149.16816889999998,100.018,0.03333321412488654,-20.05,0.03
542.924,17,-35.3614633,149.16816889999998,100.011,0.005195535303848272,-20.04,0.03
543.024,17,-35.3614812,149.16816889999998,100.006,0.009491784322745795,-20.04,0.03
543.124,17,-35.361498999999995,149.168169,100.003,0.05002790733874351,-20.04,0.03
543.225,17,-35.361517,149.168169,100.002,0.07482630984286319,-20.04,0.02
543.325,17,-35.3615352,149.168169,100.003,0.09355077319445729,-20.05,0.02
543.425,17,-35.361553199999996,149.168169,100.003,0.11796020843153664,-20.05,0.01
543.525,17,-35.361571399999995,149.168169,100.005,0.11512290516163103,-20.06,0.01
543.624,17,-35.3615895,149.16816889999998,100.007,0.04140464676925697,-20.06,0.01
543.724,17,-35.3616077,149.16816889999998,100.008,-0.006528348086174745,-20.07,0.01
543.824,18,-35.3616259,149.16816889999998,100.009,-0.0002837938858111379,-20.080000000000002,0.01
543.924,18,-35.3616441,149.16816889999998,100.012,-0.0010740244227134444,-20.09,0.01
544.024,18,-35.3616622,149.16816889999998,100.013,-0.394403564011127,-20.1,0.0
544.124,18,-35.361680299999996,149.16816889999998,100.014,-2.3232329240060077,-20.11,-0.01
544.224,18,-35.3616983,149.16816889999998,100.016,-6.7516663271065225,-20.09,0.03
544.324,18,-35.3617162,149.168169,100.019,-13.617802355834227,-20.03,0.23
544.424,18,-35.3617341,149.16816939999998,100.023,-21.9103828384709,-19.93,0.61
544.524,18,-35.3617517,149.16817039999998,100.022,-30.328047990472598,-19.77,1.1300000000000001
544.624,18,-35.3617693,149.168172,100.008,-37.529864338131155,-19.61,1.75
544.724,18,-35.361786699999996,149.1681743,99.977,-42.57061566258685,-19.43,2.44
544.824,19,-35.3618039,149.1681774,99.932,-45.30970251977497,-19.240000000000002,3.21
544.924,19,-35.3618209,149.1681815,99.891,-46.14451214579603,-18.990000000000002,4.09
545.024,19,-35.361837699999995,149.1681865,99.86500000000001,-45.79072883735687,-18.68,5.0200000000000005
545.124,19,-35.361854199999996,149.1681926,99.87,-44.93145347372884,-18.3,5.95
545.224,19,-35.3618704,149.1681997,99.908,-44.17341858907331,-17.85,6.82
545.325,19,-35.3618862,149.1682078,99.98,-43.73836285970018,-17.34,7.640000000000001
545.425,19,-35.3619015,149.1682167,100.07600000000001,-43.62142319092039,-16.82,8.36
545.525,19,-35.3619164,149.1682265,100.19200000000001,-43.78993078793378,-16.3,9.01
545.624,19,-35.361930799999996,149.1682368,100.316,-44.10612073518117,-15.8,9.58
545.724,19,-35.3619449,149.16824789999998,100.43900000000001,-44.46802513854347,-15.34,10.08
545.824,19,-35.3619585,149.16825939999998,100.553,-44.7048073065003,-14.91,10.52
545.924,19,-35.3619719,149.16827139999998,100.65,-44.85241452465345,-14.51,10.91
546.024,19,-35.3619848,149.16828379999998,100.72800000000001,-44.85630431738577,-14.11,11.27
546.124,19,-35.3619974,149.1682965,100.785,-44.75269376277126,-13.72,11.620000000000001
546.224,19,-35.3620097,149.1683096,100.825,-44.60177048777607,-13.290000000000001,11.96
546.324,19,-35.362021399999996,149.168323,100.851,-44.53168933179716,-12.82,12.3
546.424,19,-35.3620327,149.1683368,100.864,-44.539455256883464,-12.3,12.65
546.524,19,-35.3620434,149.16835079999998,100.872,-44.550451861447186,-11.72,13.01
546.624,19,-35.362053599999996,149.1683653,100.876,-44.57572014628165,-11.1,13.370000000000001
546.724,19,-35.3620632,149.1683801,100.883,-44.598672996987474,-10.450000000000001,13.72
546.824,19,-35.3620722,149.1683953,100.891,-44.63658054688104,-9.76,14.05
546.924,19,-35.3620806,149.1684108,100.904,-44.66330366200872,-9.05,14.36
547.024,19,-35.3620884,149.1684267,100.92,-44.62693973486757,-8.35,14.64
547.124,19,-35.362095499999995,149.16844279999998,100.94,-44.651644529095506,-7.65,14.89
547.224,19,-35.362102,149.1684592,100.96000000000001,-44.70019692881054,-6.94,15.120000000000001
547.324,19,-35.3621078,149.1684759,100.982,-44.753701215673836,-6.24,15.31
547.4250000000001,19,-35.362113099999995,149.1684929,101.003,-44.78963825599186,-5.53,15.49
547.525,19,-35.3621178,149.1685101,101.022,-44.80578482318977,-4.83,15.64
547.625,19,-35.3621218,149.16852749999998,101.038,-44.78391114237281,-4.15,15.77
547.724,19,-35.362125299999995,149.1685451,101.049,-44.75141651739647,-3.47,15.88
547.824,19,-35.3621281,149.1685627,101.054,-44.72420845883772,-2.79,15.96
547.924,19,-35.3621303,149.1685805,101.056,-44.70666170285996,-2.1,16.04
548.024,19,-35.3621319,149.16859829999999,101.055,-44.696672551198816,-1.42,16.080000000000002
548.124,19,-35.3621329,149.1686162,101.05,-44.67314596460271,-0.74,16.11
548.224,19,-35.362133299999996,149.1686341,101.042,-44.661643926040405,-0.05,16.12
548.324,19,-35.362133,149.1686518,101.032,-44.632963961715525,0.64,16.09
548.424,19,-35.3621322,149.1686694,101.019,-44.62491116868408,1.35,16.04
548.524,19,-35.3621307,149.16868689999998,101.007,-44.64187735858239,2.07,15.96
548.624,19,-35.3621285,149.1687043,100.996,-44.67626053086423,2.79,15.860000000000001
548.724,19,-35.3621257,149.1687215,100.985,-44.65279541597066,3.5,15.73
548.824,19,-35.3621222,149.16873859999998,100.97500000000001,-44.663491492210895,4.22,15.57
548.924,19,-35.362118099999996,149.1687555,100.967,-44.66537662442182,4.93,15.39
549.024,19,-35.3621134,149.1687722,100.958,-44.69451079632651,5.63,15.19
549.124,19,-35.362108,149.1687887,100.94800000000001,-44.71192777871004,6.32,14.96
549.224,19,-35.3621021,149.1688049,100.93900000000001,-44.742315290327426,6.99,14.72
549.324,19,-35.362095499999995,149.1688208,100.929,-44.80951752157118,7.65,14.46
549.4250000000001,19,-35.3620884,149.1688365,100.918,-44.806976691199935,8.31,14.17
549.525,19,-35.3620805,149.16885209999998,100.904,-44.745306913183896,8.98,13.86
549.625,19,-35.362072,149.1688672,100.89,-44.71486817514773,9.63,13.530000000000001
549.725,19,-35.362063,149.168882,100.877,-44.71220781646601,10.27,13.17
549.824,19,-35.3620534,149.1688964,100.864,-44.71638789223806,10.89,12.8
549.924,19,-35.362043199999995,149.16891049999998,100.848,-44.75513214030496,11.5,12.41
550.024,19,-35.3620325,149.168924,100.83200000000001,-44.797960841495524,12.09,12.0
550.124,19,-35.3620212,149.1689371,100.812,-44.82998076832454,12.66,11.58
550.224,19,-35.3620095,149.16894969999998,100.791,-44.875585941412716,13.23,11.13
550.324,19,-35.3619973,149.16896169999998,100.77,-44.852131071802894,13.790000000000001,10.65
550.424,19,-35.3619847,149.1689731,100.752,-44.83259331568207,14.33,10.15
550.524,19,-35.3619716,149.1689839,100.73700000000001,-44.81136167264709,14.85,9.63
550.624,19,-35.361958099999995,149.1689941,100.72200000000001,-44.799036596289795,15.34,9.1
550.724,19,-35.361944199999996,149.1690037,100.708,-44.75776176313541,15.81,8.540000000000001
550.824,19,-35.3619298,149.1690127,100.69500000000001,-44.73503772376678,16.27,7.98
550.924,19,-35.3619151,149.16902109999998,100.68,-44.71508674120117,16.71,7.390000000000001
551.024,19,-35.3619,149.1690288,100.667,-44.71795883574716,17.12,6.79
551.124,19,-35.361884499999995,149.16903589999998,100.653,-44.73716874278782,17.52,6.18
551.224,19,-35.3618686,149.1690423,100.639,-44.76359815978119,17.89,5.5600000000000005
551.324,19,-35.3618524,149.169048,100.624,-44.78295833098359,18.25,4.91
551.424,19,-35.361835899999996,149.169053,100.611,-44.79465161484265,18.580000000000002,4.26
551.525,19,-35.3618191,149.1690572,100.598,-44.80166621912025,18.89,3.6
551.625,19,-35.361801899999996,149.16906079999998,100.586,-44.828768409746864,19.18,2.92
551.725,19,-35.3617843,149.1690636,100.566,-44.83805405192349,19.46,2.23
551.825,19,-35.361766599999996,149.1690657,100.547,-44.82506644721672,19.71,1.54
551.924,19,-35.3617485,149.16906699999998,100.523,-44.88779148945953,19.94,0.8300000000000001
552.024,19,-35.3617303,149.16906749999998,100.501,-44.935729172149266,20.150000000000002,0.11
552.124,19,-35.361711899999996,149.1690671,100.477,-44.94020636115021,20.34,-0.61
552.224,19,-35.3616933,149.169066,100.456,-44.9281135112247,20.5,-1.35
552.324,19,-35.3616746,149.16906409999999,100.434,-44.89809141472791,20.63,-2.08
552.424,19,-35.3616558,149.16906129999998,100.415,-44.85063184528008,20.73,-2.82
552.524,19,-35.361637099999996,149.16905789999998,100.4,-44.82937971167758,20.8,-3.5500000000000003
552.624,19,-35.3616184,149.1690535,100.386,-44.82506303212213,20.84,-4.29
552.724,19,-35.3615997,149.16904839999998,100.375,-44.81767959762935,20.84,-5.04
552.824,19,-35.361581099999995,149.1690424,100.367,-44.838897580285995,20.82,-5.78
552.924,19,-35.3615625,149.1690357,100.361,-44.903159415092055,20.77,-6.53
553.024,19,-35.361543999999995,149.1690281,100.355,-44.91454192534388,20.69,-7.2700000000000005
553.124,19,-35.3615255,149.1690197,100.35000000000001,-44.92031002009796,20.580000000000002,-8.0
553.224,19,-35.3615072,149.16901049999998,100.345,-44.89846366003768,20.45,-8.72
553.324,19,-35.361489,149.16900049999998,100.34100000000001,-44.88474180999512,20.3,-9.43
553.424,19,-35.3614709,149.1689898,100.337,-44.87948597942879,20.13,-10.14
553.524,19,-35.361453,149.1689782,100.331,-44.85603794000814,19.92,-10.84
553.625,19,-35.361435199999995,149.1689659,100.327,-44.68404353142346,19.7,-11.53
553.725,19,-35.3614173,149.16895259999998,100.315,-44.025005408598105,19.46,-12.23
553.825,19,-35.361399899999995,149.1689386,100.305,-42.3927404611268,19.19,-12.9
553.9250000000001,19,-35.3613826,149.16892389999998,100.295,-39.22149387477363,18.900000000000002,-13.530000000000001
554.024,19,-35.3613656,149.1689085,100.297,-34.11116341324301,18.61,-14.06
554.124,19,-35.3613488,149.1688926,100.311,-27.062884595484466,18.36,-14.42
554.224,19,-35.3613323,149.16887649999998,100.34,-18.723968109518427,18.150000000000002,-14.56
554.324,19,-35.3613158,149.1688603,100.375,-9.867452204286007,18.03,-14.52
554.424,19,-35.3612995,149.1688443,100.403,-0.8707052049563795,17.96,-14.35
554.524,19,-35.3612834,149.1688287,100.404,8.096548077041781,17.93,-14.11
554.624,19,-35.3612673,149.1688134,100.367,16.964562605741918,17.93,-13.84
554.724,19,-35.3612512,149.1687984,100.284,25.304814393690695,17.990000000000002,-13.530000000000001
554.824,19,-35.361235,149.1687839,100.161,32.37439315637593,18.11,-13.15
554.924,19,-35.361218699999995,149.1687699,100.005,37.62248170327653,18.32,-12.67
555.024,19,-35.3612022,149.1687565,99.83500000000001,40.95128709340355,18.63,-12.06
555.124,19,-35.361185299999995,149.1687438,99.67,42.62662662887554,19.03,-11.290000000000001
555.224,19,-35.3611681,149.1687321,99.528,43.15671419526565,19.46,-10.38
555.324,19,-35.3611505,149.1687215,99.429,42.98482906970769,19.87,-9.35
555.424,19,-35.3611325,149.168712,99.376,42.499892468825955,20.19,-8.28
555.524,19,-35.3611143,149.1687038,99.372,41.79949755057617,20.43,-7.23
555.624,19,-35.361095899999995,149.1686966,99.413,40.62395027743069,20.57,-6.24
555.725,19,-35.3610774,149.1686905,99.491,38.771292200915994,20.63,-5.37
555.825,19,-35.3610587,149.1686852,99.598,36.12343276537715,20.63,-4.65
555.9250000000001,19,-35.3610401,149.1686806,99.72,32.66807080011897,20.6,-4.12
556.025,19,-35.3610215,149.16867639999998,99.842,28.54879395696803,20.55,-3.7800000000000002
556.124,19,-35.361002899999995,149.16867249999999,99.944,24.062623257266107,20.490000000000002,-3.61
556.224,19,-35.3609844,149.1686686,100.018,19.597385379822978,20.43,-3.56
556.324,19,-35.3609659,149.1686647,100.047,15.57060637350694,20.36,-3.5700000000000003
556.424,19,-35.3609475,149.1686608,100.033,12.390417361982935,20.29,-3.59
556.524,19,-35.3609292,149.16865679999998,99.968,10.357181890417799,20.240000000000002,-3.6
556.624,19,-35.3609109,149.16865289999998,99.87,9.486336186335759,20.19,-3.5700000000000003
556.724,19,-35.360892899999996,149.168649,99.752,9.625704488802576,20.16,-3.49
556.824,19,-35.3608748,149.1686452,99.63,10.513113401621897,20.13,-3.34
556.924,19,-35.3608569,149.1686416,99.52,11.775403223452892,20.11,-3.13
557.024,19,-35.360839,149.1686383,99.431,13.120956466360928,20.09,-2.87
557.124,19,-35.3608212,149.1686353,99.373,14.28352467253609,20.06,-2.58
557.224,19,-35.3608033,149.1686326,99.345,15.034610693484774,20.01,-2.29
557.324,19,-35.3607856,149.1686302,99.345,15.331336309144932,19.96,-2.0100000000000002
557.424,19,-35.3607678,149.1686282,99.363,15.02550092867927,19.91,-1.77
557.524,19,-35.3607502,149.1686263,99.388,14.240179438289545,19.87,-1.57
557.624,19,-35.3607325,149.1686246,99.415,13.052403565208802,19.84,-1.42
557.724,19,-35.3607148,149.1686231,99.432,11.594687517071756,19.81,-1.32
557.825,19,-35.360697,149.1686216,99.436,10.084537814223815,19.79,-1.24
557.9250000000001,19,-35.3606792,149.1686202,99.422,8.730667962227642,19.8,-1.18
558.025,19,-35.3606614,149.16861889999998,99.396,7.62261405713929,19.81,-1.1300000000000001
558.124,19,-35.3606435,149.1686176,99.358,6.822066794429136,19.82,-1.07
558.224,19,-35.3606256,149.1686164,99.316,6.295430608004004,19.84,-1.0
558.324,19,-35.360607699999996,149.1686153,99.276,6.012847752794005,19.85,-0.92
558.424,19,-35.3605898,149.1686143,99.243,5.919373198907795,19.86,-0.8300000000000001
558.524,19,-35.360571799999995,149.1686133,99.221,5.902149169368316,19.87,-0.75
558.624,19,-35.3605539,149.1686125,99.211,5.885048937007543,19.87,-0.66
558.724,19,-35.3605361,149.16861169999999,99.211,5.804892398229212,19.87,-0.58
558.824,19,-35.360518299999995,149.1686111,99.21900000000001,5.651722844770737,19.86,-0.5
558.924,19,-35.3605006,149.1686105,99.235,5.3644749703576196,19.85,-0.43
559.024,19,-35.3604829,149.16861,99.252,5.014183596131638,19.84,-0.38
559.124,19,-35.3604653,149.1686095,99.265,4.567503738564791,19.82,-0.33
559.224,19,-35.3604476,149.1686092,99.271,4.096611287277071,19.82,-0.29
559.324,19,-35.36043,149.1686088,99.269,3.6733367804485644,19.81,-0.25
559.424,19,-35.3604124,149.1686085,99.262,3.2710685204124323,19.81,-0.22
559.524,19,-35.3603948,149.1686082,99.25,2.9513913347069174,19.81,-0.2
559.624,19,-35.3603771,149.16860789999998,99.235,2.696745660749563,19.82,-0.17
559.724,19,-35.3603594,149.1686077,99.22,2.502207359035614,19.82,-0.14
559.824,19,-35.3603418,149.1686075,99.208,2.319731171395907,19.82,-0.11
559.9250000000001,19,-35.3603239,149.16860739999998,99.20400000000001,2.1331092723734137,19.830000000000002,-0.08
560.025,19,-35.3603062,149.1686073,99.20700000000001,1.9422594862546827,19.830000000000002,-0.05
560.125,19,-35.3602883,149.1686072,99.215,1.7462287882070855,19.84,-0.04
560.224,19,-35.3602705,149.1686071,99.227,1.5535621717691313,19.84,-0.02
560.324,19,-35.3602525,149.1686071,99.243,1.3740816624107095,19.86,0.0
560.424,19,-35.3602345,149.16860699999998,99.26,1.2375497027184454,19.86,0.01
560.524,19,-35.3602165,149.16860699999998,99.276,1.1184889400362508,19.88,0.02
560.624,19,-35.360198499999996,149.16860699999998,99.292,1.0101655548944337,19.89,0.03
560.724,19,-35.3601807,149.16860699999998,99.305,0.890875287183956,19.89,0.04
560.824,19,-35.3601628,149.16860699999998,99.313,0.7648546150983713,19.89,0.05
560.924,19,-35.360144999999996,149.1686071,99.31400000000001,0.6799065385347178,19.900000000000002,0.06
561.024,19,-35.360127299999995,149.1686071,99.312,0.5888286873560952,19.900000000000002,0.06
561.124,19,-35.3601095,149.1686072,99.312,0.48829113089871073,19.900000000000002,0.06
561.224,19,-35.3600917,149.1686073,99.316,0.39017815819454854,19.89,0.07
561.324,19,-35.360074,149.1686073,99.325,0.2948266896687607,19.89,0.08
561.424,19,-35.360056199999995,149.16860739999998,99.339,0.22338299099170664,19.89,0.08
561.524,19,-35.3600385,149.1686075,99.354,0.15063139112987448,19.89,0.08
561.624,19,-35.3600207,149.1686076,99.367,0.0323537223092244,19.89,0.08
561.724,19,-35.3600029,149.1686077,99.377,-0.08201701160511228,19.89,0.08
561.824,19,-35.3599852,149.1686078,99.386,-0.09497727554489165,19.900000000000002,0.08
561.9250000000001,19,-35.359967399999995,149.16860789999998,99.391,-0.11766376221330221,19.900000000000002,0.08
562.025,19,-35.3599494,149.168608,99.395,-0.14248090771699976,19.91,0.08
562.125,19,-35.3599314,149.1686081,99.401,-0.1706408038293971,19.92,0.08
562.225,19,-35.359913399999996,149.1686082,99.409,-0.20782348655708702,19.93,0.07
562.324,19,-35.3598953,149.1686083,99.418,-0.27083199499066785,19.95,0.07
562.424,19,-35.3598773,149.16860839999998,99.429,-0.3190037450616075,19.97,0.07
562.524,19,-35.3598591,149.1686085,99.44,-0.33460608492088517,19.98,0.07
562.624,19,-35.359840999999996,149.1686086,99.45400000000001,-0.35108084804449974,19.990000000000002,0.06
562.724,19,-35.3598229,149.1686087,99.468,-0.38605104306899474,20.0,0.06
562.824,19,-35.3598048,149.1686088,99.48400000000001,-0.40926517519100203,20.01,0.05
562.924,19,-35.359786899999996,149.16860889999998,99.501,-0.4153944695582951,20.0,0.05
563.024,19,-35.3597689,149.168609,99.518,-0.40418252727273407,20.0,0.04
563.124,19,-35.3597511,149.1686091,99.536,-0.4286164351309704,19.990000000000002,0.04
563.224,19,-35.3597332,149.1686092,99.553,-0.40496599799530214,19.990000000000002,0.03
563.324,19,-35.3597154,149.16860929999999,99.568,-0.37602357831547556,19.98,0.03
563.424,19,-35.3596976,149.16860929999999,99.581,-0.401609146781226,19.98,0.03
563.524,19,-35.359679799999995,149.16860939999998,99.59100000000001,-0.43188404031858685,19.97,0.03
563.624,19,-35.359662,149.1686095,99.59700000000001,-0.46231682861965134,19.96,0.02
563.724,19,-35.3596442,149.1686095,99.604,-0.47960451765662965,19.96,0.01
563.824,19,-35.359626399999996,149.1686096,99.611,-0.4929644743948804,19.95,0.0
563.924,19,-35.3596086,149.1686096,99.618,-0.47582555541576144,19.95,0.0
564.025,19,-35.3595908,149.1686097,99.624,-0.4404126520752585,19.95,0.0
564.125,19,-35.3595726,149.1686097,99.632,-0.38348977549109287,19.95,0.0
564.225,19,-35.3595547,149.16860979999998,99.641,-0.34530944491754473,19.96,0.0
564.325,19,-35.3595366,149.16860979999998,99.65,-0.3207525669738217,19.97,0.0
564.424,19,-35.3595185,149.1686099,99.658,-0.31229764655499215,19.98,0.0
564.524,19,-35.3595004,149.16861,99.663,-0.25528589747033703,19.990000000000002,0.0
564.624,19,-35.3594824,149.16861,99.668,-0.2125934131969889,20.0,0.0
564.724,19,-35.3594642,149.16861,99.674,-0.22094744158321528,20.01,0.0
564.824,19,-35.3594461,149.16861,99.679,-0.24697179634228614,20.02,-0.01
564.924,19,-35.359428199999996,149.16861,99.684,-0.2136057619578185,20.02,-0.01
565.024,19,-35.3594103,149.16861,99.69,-0.19786122876580028,20.02,-0.01
565.124,19,-35.3593924,149.1686101,99.696,-0.2032972055714842,20.02,-0.01
565.224,19,-35.3593745,149.1686101,99.703,-0.23396186011857212,20.01,-0.01
565.324,19,-35.3593567,149.1686101,99.711,-0.2730352646065259,20.01,-0.01
565.424,19,-35.3593389,149.1686102,99.72200000000001,-0.2945377940112103,20.0,-0.01
565.524,19,-35.359321099999995,149.1686102,99.736,-0.27887318203660916,19.990000000000002,-0.01
565.624,19,-35.3593033,149.1686102,99.75,-0.29048799876149517,19.990000000000002,-0.01
565.724,19,-35.3592855,149.1686102,99.761,-0.28585312844025973,19.990000000000002,-0.01
565.824,19,-35.359267599999995,149.16861029999998,99.768,-0.27175751230363104,19.990000000000002,-0.01
565.924,19,-35.3592498,149.16861029999998,99.772,-0.24076646275962377,19.990000000000002,-0.01
566.024,19,-35.3592319,149.16861029999998,99.773,-0.22713975511777232,19.990000000000002,-0.01
566.125,19,-35.359214099999996,149.16861029999998,99.774,-0.22632365423366158,19.990000000000002,-0.01
566.225,19,-35.3591961,149.1686104,99.774,-0.22360044980744956,19.98,-0.01
566.325,19,-35.3591781,149.1686104,99.776,-0.19320749538306797,19.990000000000002,0.0
566.4250000000001,19,-35.359159999999996,149.1686104,99.777,-0.1820126552508584,20.0,0.0
566.524,19,-35.3591419,149.1686105,99.779,-0.20172032566749717,20.01,0.0
566.624,19,-35.3591238,149.1686105,99.783,-0.25688170713688707,20.02,0.0
566.724,19,-35.3591057,149.1686106,99.788,-0.3055796752586086,20.03,0.0
566.824,19,-35.359087599999995,149.1686106,99.792,-0.36173895803790795,20.04,0.0
566.924,19,-35.359069399999996,149.1686106,99.796,-0.406487155828658,20.05,-0.01
567.024,19,-35.3590513,149.1686106,99.798,-0.4448914152213621,20.07,-0.01
567.124,19,-35.3590332,149.1686107,99.8,-0.4690440847044379,20.07,-0.01
567.224,19,-35.3590152,149.1686107,99.803,-0.49504250608900385,20.080000000000002,-0.01
567.324,19,-35.3589973,149.1686107,99.807,-0.5127092706249179,20.07,-0.01
567.424,19,-35.358979399999996,149.1686107,99.812,-0.5206788207258534,20.07,-0.02
567.524,19,-35.3589615,149.1686107,99.821,-0.5423754502329278,20.07,-0.02
567.624,19,-35.358943599999996,149.1686107,99.833,-0.5844057129816889,20.07,-0.04
567.724,19,-35.3589257,149.1686107,99.84400000000001,-0.5562077572409672,20.06,-0.05
567.824,19,-35.3589079,149.1686107,99.851,-0.4986926552309939,20.05,-0.05
567.924,19,-35.358889999999995,149.1686107,99.85600000000001,-0.45309655348781014,20.05,-0.05
568.024,19,-35.3588721,149.1686107,99.86200000000001,-0.40426251519121725,20.04,-0.06
568.124,19,-35.358854199999996,149.1686107,99.867,-0.30661970496187524,20.04,-0.06
568.225,19,-35.3588363,149.1686106,99.872,-0.20785019366395882,20.03,-0.06
568.325,19,-35.3588181,149.1686106,99.876,-0.13244709302198657,20.04,-0.06
568.4250000000001,19,-35.358800099999996,149.1686106,99.879,-0.10640065353992557,20.04,-0.06
568.524,19,-35.3587819,149.1686105,99.883,-0.12941746389804956,20.05,-0.06
568.624,19,-35.3587638,149.1686105,99.886,-0.1863265867223826,20.05,-0.06
568.724,19,-35.3587456,149.1686105,99.888,-0.15381303198348395,20.06,-0.05
568.824,19,-35.3587275,149.1686104,99.888,-0.07626695281931357,20.07,-0.05
568.924,19,-35.3587093,149.1686104,99.89,-0.061190330752821966,20.080000000000002,-0.05
569.024,19,-35.358691199999996,149.1686104,99.892,-0.07649945272546507,20.09,-0.05
569.124,19,-35.3586732,149.1686104,99.892,-0.0681005011712113,20.080000000000002,-0.04
569.224,19,-35.3586552,149.16861029999998,99.891,-0.05259231987191265,20.080000000000002,-0.04
569.324,19,-35.3586373,149.16861029999998,99.888,-0.039610074595795616,20.080000000000002,-0.04
569.424,19,-35.3586193,149.16861029999998,99.888,-0.03911187766288798,20.07,-0.04
569.524,19,-35.3586015,149.16861029999998,99.892,-0.012231193772970064,20.06,-0.04
569.624,19,-35.358583599999996,149.1686102,99.896,-0.007172659123865422,20.05,-0.04
569.724,19,-35.3585657,149.1686102,99.901,-0.023319216316615647,20.04,-0.04
569.824,19,-35.3585479,149.1686102,99.909,-0.06803095863968146,20.04,-0.04
569.924,19,-35.35853,149.1686102,99.916,-0.08725048397407588,20.03,-0.04
570.024,19,-35.3585122,149.1686102,99.919,-0.07032706946946274,20.03,-0.04
570.124,19,-35.3584943,149.1686101,99.92,-0.05421570709424725,20.02,-0.03
570.224,19,-35.3584764,149.1686101,99.921,-0.03818954532583172,20.02,-0.03
570.325,19,-35.358458399999996,149.1686101,99.923,-0.023089958082277262,20.02,-0.03
570.4250000000001,19,-35.3584405,149.1686101,99.925,-0.02546787610211997,20.02,-0.04
570.525,19,-35.358422399999995,149.1686101,99.927,-0.05827659473125701,20.03,-0.04
570.624,19,-35.3584044,149.16861,99.929,-0.08945461403368676,20.04,-0.04
570.724,19,-35.3583862,149.16861,99.931,-0.07303207784483902,20.05,-0.04
570.824,19,-35.3583681,149.16861,99.932,-0.044792247174811395,20.06,-0.03
570.924,19,-35.3583499,149.1686099,99.935,-0.045679081204482094,20.07,-0.03
571.024,19,-35.358331799999995,149.1686099,99.938,-0.07830590435880122,20.080000000000002,-0.03
571.124,19,-35.3583137,149.1686099,99.944,-0.04330687779847865,20.080000000000002,-0.03
571.224,19,-35.3582957,149.1686099,99.949,0.009983999837549714,20.080000000000002,-0.03
571.324,19,-35.358277699999995,149.1686099,99.953,0.0158114960598161,20.07,-0.03
571.424,19,-35.3582598,149.16860979999998,99.956,0.032668868171343714,20.07,-0.02
571.524,19,-35.358241899999996,149.16860979999998,99.95700000000001,0.05556436930052726,20.07,-0.02
571.624,19,-35.358224,149.16860979999998,99.95700000000001,0.023087236678779835,20.06,-0.02
571.724,19,-35.3582061,149.16860979999998,99.959,-0.009994924638415763,20.05,-0.02
571.824,19,-35.3581882,149.16860979999998,99.959,-0.025089607686084234,20.05,-0.02
571.924,19,-35.3581703,149.16860979999998,99.95700000000001,-0.07159340254983897,20.04,-0.02
572.024,19,-35.3581524,149.16860979999998,99.953,-0.10862222592832511,20.04,-0.01
572.124,19,-35.3581345,149.16860979999998,99.949,-0.12330633890116578,20.03,-0.01
572.224,19,-35.358116599999995,149.16860979999998,99.94800000000001,-0.13245947273985723,20.03,-0.01
572.324,19,-35.3580987,149.16860979999998,99.95,-0.13562243729495493,20.02,-0.01
572.4250000000001,19,-35.3580806,149.1686097,99.95100000000001,-0.11616412214387452,20.02,-0.01
572.525,19,-35.358062499999996,149.1686097,99.953,-0.12832503383724422,20.03,-0.02
572.625,19,-35.3580444,149.1686097,99.953,-0.11971171172660856,20.04,-0.02
572.724,19,-35.3580263,149.1686097,99.952,-0.12985258163273378,20.05,-0.01
572.824,19,-35.3580081,149.1686097,99.95100000000001,-0.13051281546555069,20.05,-0.01
572.924,19,-35.3579899,149.1686097,99.949,-0.1332109536311173,20.06,-0.01
573.024,19,-35.3579717,149.1686097,99.94800000000001,-0.16536137442588134,20.07,-0.01
573.124,19,-35.3579535,149.1686096,99.949,-0.17609472322186548,20.09,-0.01
573.224,19,-35.357935399999995,149.1686096,99.952,-0.1944535379991325,20.09,-0.02
573.324,19,-35.3579173,149.1686096,99.95700000000001,-0.20402145908755678,20.1,-0.02
573.424,19,-35.3578993,149.1686096,99.962,-0.21469967278229157,20.1,-0.02
573.524,19,-35.3578814,149.1686096,99.964,-0.22849930960814865,20.1,-0.02
573.624,19,-35.3578634,149.1686096,99.96600000000001,-0.21910553166313326,20.1,-0.02
573.724,19,-35.357845499999996,149.1686096,99.96900000000001,-0.18277454150843217,20.09,-0.02
573.824,19,-35.3578276,149.1686096,99.973,-0.12899926155373173,20.09,-0.03
573.924,19,-35.3578097,149.1686095,99.977,-0.07295098268865834,20.09,-0.03
574.024,19,-35.3577917,149.1686095,99.98100000000001,-0.06769015621248163,20.09,-0.03
574.124,19,-35.3577738,149.1686095,99.98400000000001,-0.13284560521158773,20.080000000000002,-0.03
574.224,19,-35.3577559,149.16860939999998,99.985,-0.17091230384890507,20.080000000000002,-0.04
574.324,19,-35.357738,149.16860939999998,99.98400000000001,-0.13179439640964047,20.07,-0.04
574.4250000000001,19,-35.3577201,149.16860939999998,99.98,-0.07327181481666382,20.07,-0.04
574.525,19,-35.3577018,149.16860929999999,99.977,0.0008033702561000882,20.07,-0.04
574.625,19,-35.3576838,149.16860929999999,99.974,0.07982085899300856,20.080000000000002,-0.03
574.725,19,-35.3576656,149.16860929999999,99.973,0.19650235462629834,20.09,-0.03
574.824,19,-35.3576474,149.1686092,99.973,0.2691900548667938,20.09,-0.02
574.924,19,-35.3576292,149.1686092,99.97200000000001,0.29494949967168865,20.1,-0.01
575.024,19,-35.3576111,149.1686092,99.971,0.273123816941898,20.11,-0.01
575.124,19,-35.3575928,149.1686092,99.971,0.24480081004242701,20.11,0.0
575.224,19,-35.3575747,149.1686092,99.973,0.20358715510587916,20.12,0.0
575.324,19,-35.357556599999995,149.1686092,99.97500000000001,0.08564731050982695,20.12,0.0
575.424,19,-35.3575386,149.1686092,99.976,0.00228171986632647,20.12,0.0
575.524,19,-35.357520699999995,149.1686092,99.976,-0.03531339201996836,20.11,-0.01
575.624,19,-35.3575027,149.1686092,99.976,-0.05861743717909651,20.11,-0.01
575.724,19,-35.3574848,149.1686092,99.977,-0.08367183170485283,20.1,-0.01
575.824,19,-35.3574669,149.1686092,99.98,-0.11379882229821381,20.1,-0.01
575.924,19,-35.357448999999995,149.1686092,99.982,-0.10793485810181325,20.09,-0.01
576.024,19,-35.3574311,149.1686092,99.983,-0.07704195917659186,20.080000000000002,-0.01
576.124,19,-35.357413199999996,149.1686092,99.986,-0.04774928219344387,20.080000000000002,-0.01
576.224,19,-35.3573953,149.1686092,99.989,-0.01684373341103407,20.07,-0.01
576.324,19,-35.3573774,149.1686092,99.993,-0.028696642926465198,20.06,0.0
576.424,19,-35.3573594,149.1686092,99.995,-0.024003700989544765,20.06,0.0
576.525,19,-35.3573415,149.1686092,99.996,-0.002040932144269549,20.05,0.0
576.625,19,-35.3573235,149.1686092,99.996,-0.011139052194275644,20.05,0.0
576.725,19,-35.3573054,149.1686092,99.994,-0.04855223296237036,20.06,0.0
576.825,19,-35.357287299999996,149.1686092,99.99000000000001,-0.07903931593125117,20.06,0.0
576.924,19,-35.357269099999996,149.1686092,99.986,-0.09865655971256,20.07,0.0
577.024,19,-35.3572509,149.1686092,99.982,-0.12908826745635346,20.080000000000002,0.0
577.124,19,-35.3572327,149.1686092,99.98,-0.16410676739292784,20.09,-0.01
577.224,19,-35.3572146,149.1686092,99.98,-0.19077560119299963,20.09,-0.01
577.324,19,-35.3571963,149.1686092,99.983,-0.13746138568770153,20.1,-0.02
577.424,19,-35.3571782,149.1686092,99.986,-0.09816123759560184,20.11,-0.02
577.524,19,-35.3571601,149.1686091,99.991,-0.0760387551319264,20.1,-0.02
577.624,19,-35.3571421,149.1686091,99.995,-0.0617261070663779,20.1,-0.02
577.724,19,-35.3571242,149.1686091,99.997,-0.03169134070207861,20.09,-0.02
577.824,19,-35.3571062,149.1686091,99.996,0.03165140343874321,20.09,-0.02
577.924,19,-35.3570883,149.1686091,99.996,0.11620326232946987,20.080000000000002,-0.01
578.024,19,-35.3570704,149.1686091,99.998,0.19535109422518093,20.07,0.0
578.124,19,-35.3570525,149.1686091,99.998,0.22565549631419038,20.06,0.0
578.224,19,-35.3570346,149.1686091,99.995,0.20038375636450353,20.05,0.0
578.324,19,-35.3570168,149.1686092,99.991,0.1434284497219936,20.05,0.0
578.424,19,-35.3569989,149.1686092,99.989,0.09083431224602934,20.04,0.0
578.524,19,-35.356981,149.1686092,99.98700000000001,0.005818472401784571,20.04,0.01
578.625,19,-35.3569631,149.1686092,99.986,-0.03924206813878143,20.03,0.01
578.725,19,-35.356944899999995,149.1686092,99.985,-0.0683150651606849,20.04,0.0
578.825,19,-35.3569268,149.1686092,99.985,-0.10858163832959511,20.04,0.0
578.9250000000001,19,-35.3569087,149.1686092,99.986,-0.13305766124097548,20.05,0.0
579.024,19,-35.3568905,149.1686092,99.988,-0.1468462657104974,20.05,0.0
579.124,19,-35.3568724,149.1686092,99.992,-0.16870995470775943,20.06,0.0
579.224,19,-35.3568542,149.1686092,99.997,-0.14405829454908925,20.07,0.0
579.324,19,-35.356836,149.1686092,100.005,-0.13415641456284838,20.07,0.0
579.424,19,-35.356817899999996,149.1686092,100.011,-0.14339101708369073,20.080000000000002,0.0
579.524,19,-35.3567999,149.1686092,100.014,-0.1521523755404585,20.080000000000002,0.0
579.624,19,-35.3567819,149.1686092,100.013,-0.15141791676127056,20.09,0.0
579.724,19,-35.3567639,149.1686092,100.011,-0.11769725948870437,20.080000000000002,0.0
579.824,19,-35.356746,149.1686092,100.01,-0.08744116898188088,20.080000000000002,0.0
579.924,19,-35.3567281,149.1686092,100.009,-0.031862238838621076,20.07,0.0
580.024,19,-35.356710199999995,149.1686092,100.01,-0.027625422137157248,20.06,0.0
580.124,19,-35.3566924,149.16860929999999,100.012,-0.06610197047778839,20.06,0.0
580.224,19,-35.3566745,149.16860929999999,100.016,-0.08285997300854689,20.05,0.0
580.324,19,-35.3566566,149.16860929999999,100.02,-0.11643845028858574,20.04,0.0
580.424,19,-35.3566387,149.16860929999999,100.021,-0.1677869320146689,20.04,0.0
580.524,19,-35.356620899999996,149.16860929999999,100.018,-0.20302856035760583,20.03,0.0
580.624,19,-35.356603,149.16860939999998,100.014,-0.19927066231341622,20.03,0.01
580.725,19,-35.3565851,149.16860939999998,100.011,-0.15600337493272917,20.02,0.01
580.825,19,-35.356567,149.1686095,100.005,-0.12163735816508936,20.02,0.02
580.9250000000001,19,-35.356549,149.1686095,99.998,-0.16804658592483515,20.03,0.03
581.024,19,-35.356530899999996,149.1686096,99.989,-0.19378111121143005,20.03,0.03
581.124,19,-35.3565128,149.1686096,99.982,-0.25693592176342406,20.05,0.03
581.224,19,-35.3564946,149.1686097,99.97800000000001,-0.3691751664142006,20.06,0.02
581.324,19,-35.3564764,149.1686097,99.977,-0.4423256119709645,20.07,0.02
581.424,19,-35.3564583,149.16860979999998,99.98,-0.4725983443937833,20.080000000000002,0.01
581.524,19,-35.3564401,149.16860979999998,99.982,-0.4836102101614306,20.09,0.01
581.624,19,-35.3564219,149.16860979999998,99.98400000000001,-0.49776428311240106,20.1,0.0
581.724,19,-35.3564039,149.16860979999998,99.98400000000001,-0.5105846549062207,20.1,0.0
581.824,19,-35.3563858,149.1686099,99.983,-0.5394120019067885,20.11,0.0
581.924,19,-35.356367899999995,149.1686099,99.98400000000001,-0.5678325257649173,20.1,-0.02
582.024,19,-35.3563499,149.1686099,99.98700000000001,-0.5540895981854699,20.1,-0.02
582.124,19,-35.356332,149.16860979999998,99.992,-0.5212848932929862,20.09,-0.03
582.224,19,-35.3563141,149.16860979999998,99.996,-0.45974088680720454,20.09,-0.03
582.324,19,-35.356296199999996,149.16860979999998,99.999,-0.36181352982982273,20.080000000000002,-0.03
582.424,19,-35.3562783,149.16860979999998,100.002,-0.24797399320085328,20.07,-0.03
582.524,19,-35.3562604,149.16860979999998,100.005,-0.15870949054580294,20.07,-0.03
582.624,19,-35.3562425,149.16860979999998,100.008,-0.12128888511528649,20.07,-0.04
582.724,19,-35.3562246,149.16860979999998,100.01,-0.11190854076498634,20.06,-0.04
582.825,19,-35.3562065,149.16860979999998,100.011,-0.09466508120494785,20.06,-0.04
582.9250000000001,19,-35.3561885,149.1686097,100.012,-0.07439225932523681,20.06,-0.04
583.025,19,-35.356170399999996,149.1686097,100.012,-0.018206519568063594,20.07,-0.04
583.124,19,-35.3561522,149.1686097,100.012,0.023995691859031196,20.07,-0.04
583.224,19,-35.3561341,149.1686096,100.012,0.007643278500988473,20.07,-0.04
583.324,19,-35.3561159,149.1686096,100.012,-0.025317145032916894,20.09,-0.04
583.424,19,-35.3560977,149.1686096,100.011,-0.014460831154026039,20.09,-0.04
583.524,19,-35.3560795,149.1686095,100.007,-0.01798191039803331,20.1,-0.05
583.624,19,-35.3560614,149.1686095,99.999,-0.019774039644948255,20.11,-0.05
583.724,19,-35.356043299999996,149.16860939999998,99.989,-0.0308792585572012,20.11,-0.05
583.824,19,-35.3560253,149.16860939999998,99.982,-0.04052545001165624,20.12,-0.04
583.924,19,-35.356007399999996,149.16860929999999,99.979,-0.02031386471321727,20.11,-0.04
584.024,19,-35.3559894,149.16860929999999,99.98,0.034625370523008576,20.1,-0.04
584.124,19,-35.355971499999995,149.1686092,99.985,0.08899922584501072,20.09,-0.04
584.224,19,-35.3559536,149.1686092,99.992,0.14781775339822592,20.09,-0.04
584.324,19,-35.355935699999996,149.1686091,99.998,0.19986211400685702,20.080000000000002,-0.04
584.424,19,-35.3559178,149.1686091,100.004,0.1981122515580115,20.07,-0.04
584.524,19,-35.3559,149.168609,100.008,0.20551868457839118,20.06,-0.04
584.624,19,-35.355882099999995,149.168609,100.011,0.2588299652367803,20.05,-0.04
584.724,19,-35.3558642,149.168609,100.012,0.26556768004873343,20.04,-0.04
584.824,19,-35.355846299999996,149.16860889999998,100.011,0.26059725000409467,20.04,-0.05
584.9250000000001,19,-35.3558282,149.16860889999998,100.009,0.25800850158695404,20.03,-0.05
585.025,19,-35.3558103,149.1686088,100.006,0.26448135980558407,20.03,-0.04
585.125,19,-35.3557923,149.1686088,100.002,0.2773559195455143,20.03,-0.03
585.224,19,-35.3557742,149.1686088,99.997,0.3057994686116655,20.03,-0.03
585.324,19,-35.3557561,149.1686087,99.993,0.3111051115341638,20.04,-0.02
585.424,19,-35.3557379,149.1686087,99.991,0.3313842900254754,20.05,-0.02
585.524,19,-35.3557197,149.1686087,99.991,0.3509423766312483,20.06,-0.02
585.624,19,-35.355701599999996,149.1686087,99.993,0.3510942949794282,20.07,-0.02
585.724,19,-35.3556836,149.1686087,99.994,0.37105715033480363,20.07,-0.01
585.824,19,-35.3556655,149.1686087,99.996,0.36164581666918716,20.07,0.0
585.924,19,-35.3556476,149.1686087,99.999,0.3410066125034218,20.06,0.0
586.024,19,-35.3556296,149.1686087,100.002,0.307037600481289,20.06,0.0
586.124,19,-35.3556117,149.1686087,100.003,0.2928610092503986,20.06,0.0
586.224,19,-35.3555938,149.1686087,100.005,0.24444694754648216,20.05,0.01
586.324,19,-35.3555759,149.1686087,100.008,0.15479425802686503,20.05,0.01
586.424,19,-35.355557999999995,149.1686087,100.012,0.03134498874617814,20.04,0.0
586.524,19,-35.3555402,149.1686087,100.017,-0.020371701207644206,20.03,0.0
586.624,19,-35.3555223,149.1686087,100.019,-0.05779775444773548,20.03,0.0
586.724,19,-35.3555044,149.1686087,100.02,-0.04946423997439226,20.02,0.0
586.824,19,-35.3554865,149.1686087,100.018,-0.0539090122572045,20.02,0.0
586.9250000000001,19,-35.3554686,149.1686087,100.013,-0.05852749746154919,20.02,0.0
587.025,19,-35.355450499999996,149.1686087,100.005,-0.06947690435088788,20.02,0.0
587.125,19,-35.3554324,149.1686087,99.996,-0.07239645670541793,20.03,0.0
587.225,19,-35.3554144,149.1686087,99.989,-0.04419578289625218,20.03,0.0
587.324,19,-35.3553962,149.1686087,99.985,-0.05093556544125482,20.04,0.0
587.424,19,-35.355378099999996,149.1686087,99.986,-0.0720296675428603,20.05,0.0
587.524,19,-35.355359899999996,149.1686087,99.992,-0.06819812485157488,20.06,0.0
587.624,19,-35.3553417,149.1686087,100.0,-0.021028114736899497,20.06,0.0
587.724,19,-35.3553235,149.1686087,100.007,0.016275803848558174,20.07,-0.01
587.824,19,-35.3553053,149.1686087,100.015,0.02493125935513101,20.07,-0.01
587.924,19,-35.3552873,149.1686087,100.022,0.04049221620546524,20.07,-0.01
588.024,19,-35.355269299999996,149.1686087,100.027,0.04059860107086282,20.07,-0.01
588.124,19,-35.3552514,149.1686087,100.03,0.06560035845029574,20.06,-0.01
588.224,19,-35.3552335,149.1686087,100.031,0.10763805836792842,20.05,-0.01
588.324,19,-35.3552156,149.1686087,100.027,0.10101931157749518,20.05,-0.01
588.424,19,-35.3551977,149.1686087,100.024,0.08619895500701126,20.04,0.0
588.524,19,-35.355179899999996,149.1686087,100.022,0.11938407608985951,20.04,0.0
588.624,19,-35.355162,149.1686087,100.019,0.13498382794777194,20.03,0.0
588.724,19,-35.3551441,149.1686087,100.016,0.13330987131216349,20.03,0.0
588.824,19,-35.355126299999995,149.1686087,100.013,0.11825241246196624,20.03,0.0
588.924,19,-35.3551084,149.1686087,100.011,0.11711418544916742,20.02,0.01
589.025,19,-35.355090499999996,149.1686087,100.009,0.10544960972896081,20.02,0.01
589.125,19,-35.355072299999996,149.1686087,100.006,0.09247888706201486,20.03,0.01
589.225,19,-35.3550543,149.1686087,100.003,0.06376172355255988,20.03,0.01
589.325,19,-35.3550361,149.1686088,99.999,0.009143107834691272,20.05,0.01
589.424,19,-35.355018,149.1686088,99.995,0.019623341926278237,20.05,0.02
589.524,19,-35.3549998,149.1686088,99.991,-0.022877693612057916,20.07,0.02
589.624,19,-35.354981699999996,149.16860889999998,99.98700000000001,-0.0967025052900215,20.07,0.02
589.724,19,-35.3549635,149.16860889999998,99.986,-0.13105891043403436,20.080000000000002,0.03
589.8240000000001,19,-35.3549453,149.168609,99.986,-0.10748091732627185,20.09,0.03
589.924,19,-35.3549273,149.168609,99.986,-0.09325664817332362,20.09,0.03
590.024,19,-35.354909299999996,149.1686091,99.986,-0.12749714020464462,20.09,0.03
590.124,19,-35.3548914,149.1686091,99.988,-0.14809345558489906,20.09,0.03
590.224,19,-35.3548735,149.1686092,99.991,-0.20265201949918243,20.080000000000002,0.02
590.3240000000001,19,-35.3548556,149.1686092,99.994,-0.2616564362535491,20.080000000000002,0.02
590.424,19,-35.3548377,149.16860929999999,99.998,-0.2748087125523491,20.07,0.02
590.524,19,-35.3548198,149.16860929999999,100.0,-0.2643252793108787,20.06,0.02
590.624,19,-35.3548019,149.16860929999999,100.001,-0.2832067769824236,20.06,0.01
590.724,19,-35.354783999999995,149.16860939999998,99.998,-0.2987643470861259,20.06,0.01
590.8240000000001,19,-35.3547661,149.16860939999998,99.991,-0.3180687295168298,20.05,0.01
590.924,19,-35.3547483,149.16860939999998,99.985,-0.3330135302663615,20.05,0.0
591.024,19,-35.3547304,149.16860939999998,99.979,-0.36132549146928417,20.05,0.0
591.125,19,-35.3547124,149.1686095,99.97500000000001,-0.35731104778460915,20.06,0.0
591.225,19,-35.3546944,149.1686095,99.973,-0.350187827490947,20.06,0.0
591.325,19,-35.3546763,149.1686095,99.973,-0.3065633825816491,20.07,0.0
591.4250000000001,19,-35.354658199999996,149.1686095,99.974,-0.25656479703156904,20.07,0.0
591.524,19,-35.354639999999996,149.1686095,99.977,-0.23210540936607738,20.080000000000002,0.0
591.624,19,-35.3546218,149.1686095,99.98100000000001,-0.2227454622017947,20.09,0.0
591.724,19,-35.3546036,149.1686095,99.982,-0.22161934810260206,20.1,0.0
591.8240000000001,19,-35.3545854,149.1686095,99.982,-0.18932249178729266,20.1,0.0
591.924,19,-35.3545672,149.1686095,99.982,-0.15336179927122676,20.11,0.0
592.024,19,-35.354549,149.1686095,99.982,-0.17062515575928688,20.12,0.0
592.124,19,-35.3545309,149.1686095,99.983,-0.16385763891099428,20.12,0.0
592.224,19,-35.354512899999996,149.1686095,99.985,-0.18250250788039526,20.12,-0.01
592.3240000000001,19,-35.3544949,149.1686095,99.988,-0.19776886112944644,20.11,-0.01
592.424,19,-35.3544769,149.1686095,99.993,-0.19298049831487082,20.11,-0.01
592.524,19,-35.354459,149.1686095,99.997,-0.17237404437256715,20.1,-0.01
592.624,19,-35.354441099999995,149.1686095,100.0,-0.18332251744698025,20.09,-0.01
592.724,19,-35.3544232,149.1686095,100.003,-0.19539955921981894,20.09,-0.01
592.8240000000001,19,-35.354405299999996,149.1686095,100.003,-0.15833599125599432,20.080000000000002,-0.01
592.924,19,-35.3543874,149.1686095,99.998,-0.15165098362648402,20.080000000000002,-0.02
593.024,19,-35.354369399999996,149.1686095,99.993,-0.15878436916262187,20.07,-0.02
593.124,19,-35.3543515,149.1686095,99.988,-0.1468880205778844,20.07,-0.02
593.225,19,-35.354333499999996,149.1686095,99.986,-0.1304127105055277,20.06,-0.02
593.325,19,-35.3543154,149.1686095,99.99000000000001,-0.06789037947274085,20.06,-0.02
593.4250000000001,19,-35.3542973,149.1686095,99.994,-0.004222147469498835,20.06,-0.01
593.524,19,-35.3542791,149.1686095,99.999,0.02068227804673475,20.07,-0.01
593.624,19,-35.354261,149.1686095,100.002,0.0031348456784734374,20.07,-0.01
593.724,19,-35.3542428,149.1686095,100.005,-0.044451524788890896,20.07,-0.02
593.8240000000001,19,-35.354224699999996,149.1686095,100.006,-0.1256556438311725,20.080000000000002,-0.02
593.924,19,-35.3542065,149.1686095,100.006,-0.15888487432904153,20.080000000000002,-0.02
594.024,19,-35.3541883,149.16860939999998,100.003,-0.15231421900727604,20.09,-0.03
594.124,19,-35.3541703,149.16860939999998,99.998,-0.11994137683745024,20.09,-0.02
594.224,19,-35.354152299999996,149.16860939999998,99.994,-0.09486446403177404,20.09,-0.01
594.3240000000001,19,-35.3541343,149.16860939999998,99.993,-0.06013081766814357,20.09,0.0
594.424,19,-35.354116399999995,149.16860939999998,99.995,-0.01766948260435812,20.080000000000002,0.0
594.524,19,-35.3540985,149.16860939999998,99.999,0.04455087269181351,20.080000000000002,0.0
594.624,19,-35.354080599999996,149.16860939999998,100.005,0.06357080509102347,20.07,0.0
594.724,19,-35.3540627,149.16860939999998,100.013,0.02702365512384202,20.06,0.0
594.8240000000001,19,-35.3540448,149.16860939999998,100.018,-0.030314660712977667,20.06,-0.01
594.924,19,-35.354026999999995,149.16860939999998,100.02,-0.06974262805807047,20.05,-0.02
595.024,19,-35.3540091,149.16860929999999,100.02,-0.06696342808685624,20.05,-0.02
595.124,19,-35.353991199999996,149.16860929999999,100.02,-0.08481915674306952,20.04,-0.03
595.224,19,-35.3539733,149.16860929999999,100.018,-0.07823304011417893,20.04,-0.03
595.325,19,-35.3539552,149.1686092,100.016,-0.09198824068979126,20.04,-0.03
595.4250000000001,19,-35.3539373,149.1686092,100.013,-0.08798430909313573,20.04,-0.03
595.525,19,-35.3539192,149.1686092,100.007,-0.06072753874580732,20.04,-0.03
595.624,19,-35.353901199999996,149.1686091,100.0,-0.0246219681790898,20.05,-0.04
595.724,19,-35.353882999999996,149.1686091,99.992,0.03648820456753039,20.06,-0.04
595.8240000000001,19,-35.3538648,149.1686091,99.986,0.08075846253915149,20.07,-0.04
595.924,19,-35.3538466,149.168609,99.982,0.09298006553257777,20.080000000000002,-0.04
596.024,19,-35.3538284,149.168609,99.98,0.1411484471996787,20.1,-0.04
596.124,19,-35.3538104,149.16860889999998,99.97800000000001,0.22227830127494963,20.1,-0.03
596.224,19,-35.353792299999995,149.16860889999998,99.979,0.29520867333417894,20.1,-0.02
596.3240000000001,19,-35.3537743,149.16860889999998,99.982,0.2998137949799278,20.1,-0.01
596.424,19,-35.3537564,149.16860889999998,99.986,0.29044845836950317,20.1,0.0
596.524,19,-35.3537384,149.16860889999998,99.989,0.2762226417518211,20.1,0.0
596.624,19,-35.3537205,149.16860889999998,99.992,0.2680872994809541,20.09,0.0
596.724,19,-35.3537025,149.16860889999998,99.992,0.22412809526104627,20.09,0.01
596.8240000000001,19,-35.3536846,149.16860889999998,99.991,0.17202535787935272,20.080000000000002,0.02
596.924,19,-35.3536667,149.16860889999998,99.992,0.13144132098627576,20.080000000000002,0.02
597.024,19,-35.3536487,149.168609,99.992,0.048815568771386084,20.080000000000002,0.02
597.124,19,-35.3536308,149.168609,99.992,-0.03744631869150318,20.07,0.01
597.224,19,-35.3536128,149.168609,99.993,-0.09632268273914532,20.07,0.01
597.325,19,-35.3535949,149.1686091,99.994,-0.1853939990964114,20.07,0.01
597.4250000000001,19,-35.3535768,149.1686091,99.995,-0.2582323503648306,20.07,0.01
597.525,19,-35.3535586,149.1686091,99.997,-0.31475968962694373,20.080000000000002,0.0
597.625,19,-35.3535405,149.1686091,99.998,-0.3342285035258304,20.09,0.0
597.724,19,-35.3535223,149.1686091,99.999,-0.30264448150407497,20.1,0.0
597.8240000000001,19,-35.353504099999995,149.1686091,99.999,-0.28087005187348585,20.1,0.0
597.924,19,-35.353485899999995,149.1686091,100.0,-0.22887785149855544,20.12,0.0
598.024,20,-35.353467699999996,149.1686091,100.002,-0.19045850432469652,20.13,0.0
598.124,20,-35.353449399999995,149.1686091,100.004,-0.21011111968136528,20.13,0.0
598.224,20,-35.353431199999996,149.1686091,100.006,-0.6043397267960768,20.14,0.0
598.3240000000001,20,-35.3534131,149.1686092,100.006,-2.468322577119769,20.13,0.02
598.424,20,-35.353395,149.1686092,100.007,-6.833809597159681,20.150000000000002,-0.01
598.524,20,-35.353377,149.1686091,100.009,-13.700890753313786,20.19,-0.21
598.624,20,-35.353359,149.1686087,100.01,-22.01373555344424,20.27,-0.6
598.724,20,-35.3533408,149.1686077,100.007,-30.433769073540642,20.37,-1.1400000000000001
598.8240000000001,20,-35.3533226,149.1686061,99.993,-37.52144271488453,20.51,-1.78
598.924,20,-35.3533042,149.1686037,99.962,-42.53360969766372,20.67,-2.49
599.024,20,-35.3532857,149.1686005,99.921,-45.27143296985539,20.85,-3.29
599.124,20,-35.353266999999995,149.1685963,99.883,-46.14801261774566,21.04,-4.18
599.224,20,-35.3532481,149.1685911,99.85900000000001,-45.8514458039837,21.19,-5.16
599.3240000000001,20,-35.3532291,149.1685847,99.867,-45.1056608636046,21.27,-6.19
599.4250000000001,20,-35.3532101,149.16857729999998,99.907,-44.337705129179625,21.28,-7.2
599.525,20,-35.3531907,149.1685685,99.985,-43.83684735734259,21.22,-8.17
599.625,20,-35.3531717,149.1685589,100.086,-43.67710289303433,21.1,-9.05
599.725,20,-35.3531526,149.1685482,100.203,-43.83514664023926,20.94,-9.870000000000001
599.8240000000001,20,-35.3531337,149.1685367,100.325,-44.16245613545544,20.78,-10.58
599.924,20,-35.3531149,149.1685245,100.444,-44.44435853306938,20.61,-11.23
600.024,20,-35.3530963,149.1685116,100.553,-44.68927545632769,20.44,-11.81
600.124,20,-35.3530778,149.1684981,100.646,-44.794825784666486,20.27,-12.35
600.224,20,-35.3530596,149.1684841,100.71900000000001,-44.83706025939926,20.09,-12.86
600.3240000000001,20,-35.3530416,149.16846959999998,100.774,-44.792237142971054,19.88,-13.370000000000001
600.424,20,-35.3530239,149.1684546,100.815,-44.70148783456368,19.63,-13.91
600.524,20,-35.3530065,149.168439,100.845,-44.610612167656654,19.35,-14.46
600.624,20,-35.3529894,149.1684228,100.866,-44.497326650082826,19.03,-15.040000000000001
600.724,20,-35.3529726,149.1684061,100.882,-44.43240228692727,18.68,-15.610000000000001
600.8240000000001,20,-35.3529561,149.16838869999998,100.895,-44.42120077668845,18.3,-16.19
600.924,20,-35.35294,149.1683707,100.906,-44.47406644086435,17.89,-16.77
601.024,20,-35.3529242,149.168352,100.918,-44.515949160854866,17.46,-17.36
601.124,20,-35.3529088,149.16833269999998,100.933,-44.5550724844207,16.990000000000002,-17.94
