time_s,seq,latitude_deg,longitude_deg,altitude_m,roll_deg,vn_mps,ve_mps
75.944,1,-35.3612204,149.1639061,98.489,11.345198635937763,10.61,-1.1400000000000001
76.044,1,-35.361210899999996,149.16390479999998,98.515,11.388910992852198,10.61,-1.0
76.144,1,-35.3612015,149.1639037,98.542,11.37701194954439,10.620000000000001,-0.85
76.244,1,-35.361191999999996,149.1639028,98.569,10.766009693378082,10.61,-0.68
76.34400000000001,1,-35.3611826,149.1639021,98.598,8.453905281964142,10.61,-0.53
76.444,1,-35.361173099999995,149.16390149999998,98.63,3.5461358196578896,10.6,-0.46
76.544,1,-35.3611637,149.1639009,98.669,-3.6289499423535903,10.58,-0.55
76.644,1,-35.3611542,149.1639001,98.715,-12.114969493134662,10.540000000000001,-0.8200000000000001
76.72500000000001,1,-35.3611467,149.16389909999998,98.755,-19.293657112716264,10.51,-1.1400000000000001
76.825,1,-35.3611372,149.1638975,98.798,-28.26684033293532,10.47,-1.6500000000000001
76.925,1,-35.3611278,149.16389519999998,98.825,-36.013835549955125,10.44,-2.24
77.025,1,-35.361118399999995,149.1638923,98.82900000000001,-41.61571423548405,10.42,-2.89
77.144,1,-35.3611071,149.16388759999998,98.809,-45.300447613449606,10.41,-3.79
77.244,1,-35.361097699999995,149.16388279999998,98.79,-46.21270816956402,10.38,-4.67
77.34400000000001,1,-35.3610883,149.1638769,98.787,-45.923907280888365,10.290000000000001,-5.65
77.444,1,-35.3610791,149.16386989999998,98.81,-45.1081880335975,10.13,-6.640000000000001
77.544,1,-35.36107,149.1638618,98.867,-44.30962963659629,9.9,-7.61
77.644,1,-35.3610612,149.1638527,98.953,-43.773917409424676,9.6,-8.52
77.744,1,-35.361052799999996,149.16384259999998,99.065,-43.573704074284095,9.25,-9.36
77.84400000000001,1,-35.3610447,149.1638318,99.194,-43.721710858503684,8.88,-10.11
77.944,1,-35.361036999999996,149.1638202,99.334,-44.0140053889398,8.5,-10.790000000000001
78.044,1,-35.3610296,149.1638079,99.477,-44.275721162461764,8.13,-11.39
78.144,1,-35.3610226,149.163795,99.614,-44.47612574289911,7.79,-11.91
78.244,1,-35.3610158,149.1637816,99.736,-44.592884411665885,7.46,-12.38
78.34400000000001,1,-35.3610094,149.1637677,99.83800000000001,-44.66363151108888,7.140000000000001,-12.8
78.444,1,-35.3610032,149.1637534,99.92,-44.654014604737505,6.8100000000000005,-13.21
78.544,1,-35.360997399999995,149.1637386,99.98100000000001,-44.5773935426283,6.47,-13.620000000000001
78.644,1,-35.3609918,149.16372339999998,100.023,-44.516707311852734,6.1000000000000005,-14.030000000000001
78.744,1,-35.3609866,149.1637077,100.05,-44.48663057384258,5.68,-14.48
78.825,1,-35.3609827,149.1636948,100.06400000000001,-44.45036226934982,5.33,-14.84
78.925,1,-35.3609782,149.16367789999998,100.075,-44.466915232803345,4.8500000000000005,-15.31
79.025,1,-35.3609741,149.16366069999998,100.08,-44.449399212676845,4.33,-15.780000000000001
79.125,1,-35.3609705,149.1636428,100.08500000000001,-44.47110896895373,3.77,-16.26
79.244,1,-35.3609669,149.1636207,100.095,-44.50291374482389,3.06,-16.82
79.34400000000001,1,-35.3609645,149.1636017,100.105,-44.554263107004054,2.46,-17.27
79.444,1,-35.3609626,149.1635823,100.116,-44.61374039429652,1.84,-17.69
79.544,1,-35.3609613,149.1635624,100.128,-44.62713439525892,1.22,-18.080000000000002
79.644,1,-35.3609605,149.1635421,100.139,-44.632038471082986,0.59,-18.45
79.744,1,-35.360960399999996,149.1635216,100.149,-44.656565680392504,-0.03,-18.78
79.84400000000001,1,-35.3609607,149.16350079999998,100.157,-44.69401560761168,-0.67,-19.09
79.944,1,-35.3609617,149.1634798,100.167,-44.68055330475759,-1.32,-19.38
80.044,1,-35.3609631,149.1634584,100.173,-44.697440947480445,-1.97,-19.64
80.144,1,-35.3609653,149.1634368,100.178,-44.670270454962136,-2.62,-19.88
80.244,1,-35.360968,149.1634149,100.179,-44.62605864046464,-3.2800000000000002,-20.1
80.34400000000001,1,-35.360971299999996,149.1633929,100.18,-44.609539827956965,-3.95,-20.3
80.444,1,-35.3609752,149.16337059999998,100.178,-44.62081305518207,-4.63,-20.47
80.544,1,-35.3609797,149.1633481,100.175,-44.67160575694487,-5.32,-20.63
80.644,1,-35.3609848,149.16332549999998,100.168,-44.69104789041731,-6.0200000000000005,-20.76
80.744,1,-35.3609905,149.1633027,100.159,-44.68591841835063,-6.71,-20.87
80.84400000000001,1,-35.360996899999996,149.1632798,100.149,-44.691717248955975,-7.41,-20.96
80.925,1,-35.3610024,149.16326139999998,100.139,-44.71362508071879,-7.96,-21.02
81.025,1,-35.3610099,149.1632382,100.124,-44.76511104668234,-8.68,-21.07
81.125,1,-35.3610182,149.1632148,100.10300000000001,-44.79508874694953,-9.41,-21.11
81.244,1,-35.3610289,149.1631868,100.078,-44.82242316400792,-10.28,-21.12
81.34400000000001,1,-35.3610386,149.16316329999998,100.057,-44.82446880566434,-11.02,-21.11
81.444,1,-35.3610489,149.1631399,100.035,-44.801655973836496,-11.76,-21.080000000000002
81.544,1,-35.3610599,149.1631165,100.013,-44.78296857626734,-12.5,-21.01
81.644,1,-35.361071599999995,149.1630932,99.991,-44.73666672388383,-13.24,-20.92
81.744,1,-35.361084,149.16307,99.97200000000001,-44.775192405897286,-13.99,-20.8
81.84400000000001,1,-35.361097,149.1630471,99.956,-44.752871347689684,-14.72,-20.650000000000002
81.944,1,-35.361110599999996,149.1630245,99.94500000000001,-44.751638498544494,-15.44,-20.47
82.044,1,-35.3611247,149.1630021,99.936,-44.7703600470595,-16.16,-20.26
82.144,1,-35.3611395,149.1629801,99.93,-44.78840540684667,-16.85,-20.03
82.244,1,-35.361154899999995,149.16295829999999,99.922,-44.809995634813085,-17.53,-19.77
82.34400000000001,1,-35.3611708,149.16293679999998,99.916,-44.82198944699562,-18.2,-19.490000000000002
82.444,1,-35.3611874,149.16291569999999,99.909,-44.83574203288945,-18.86,-19.19
82.544,1,-35.3612045,149.1628949,99.903,-44.840714410605216,-19.51,-18.86
82.644,1,-35.3612223,149.1628745,99.895,-44.80439829478826,-20.150000000000002,-18.52
82.744,1,-35.3612405,149.1628544,99.887,-44.76882666959083,-20.77,-18.150000000000002
82.84400000000001,1,-35.3612594,149.16283479999998,99.879,-44.7016654194821,-21.38,-17.76
82.94500000000001,1,-35.3612788,149.1628156,99.871,-44.568637240112345,-21.98,-17.35
83.025,1,-35.361294799999996,149.16280039999998,99.863,-44.2689251242376,-22.45,-17.0
83.125,1,-35.361315399999995,149.1627818,99.846,-43.56572641333352,-23.02,-16.57
83.22500000000001,1,-35.3613364,149.1627638,99.83,-42.32495766380359,-23.55,-16.13
83.34400000000001,1,-35.3613624,149.1627426,99.812,-40.177051000036755,-24.14,-15.6
83.444,1,-35.3613844,149.1627255,99.803,-37.916442799870126,-24.560000000000002,-15.16
83.544,1,-35.3614068,149.16270889999998,99.8,-35.32372689659538,-24.900000000000002,-14.76
83.644,1,-35.3614295,149.16269269999998,99.799,-32.44142121779585,-25.16,-14.41
83.744,1,-35.3614524,149.16267679999999,99.797,-29.397970885908208,-25.35,-14.11
83.84400000000001,1,-35.361475399999996,149.1626613,99.788,-26.27727111450772,-25.48,-13.86
83.944,1,-35.3614982,149.16264619999998,99.771,-23.186545628279838,-25.55,-13.64
84.044,1,-35.3615211,149.1626312,99.74000000000001,-20.286273136868587,-25.59,-13.46
84.144,1,-35.3615439,149.16261649999998,99.694,-17.663927872974327,-25.6,-13.3
84.244,1,-35.3615668,149.162602,99.632,-15.361360113189015,-25.61,-13.16
84.34400000000001,1,-35.361589599999995,149.1625876,99.557,-13.44718423036731,-25.62,-13.040000000000001
84.444,1,-35.3616124,149.1625733,99.474,-11.960793340547257,-25.650000000000002,-12.92
84.544,1,-35.361635199999995,149.1625592,99.39,-10.855462119616801,-25.68,-12.81
84.644,1,-35.3616581,149.16254519999998,99.308,-10.057667850028984,-25.73,-12.69
84.744,2,-35.3616811,149.1625312,99.236,-9.472331737216294,-25.78,-12.58
84.84400000000001,2,-35.3617041,149.1625175,99.172,-9.037131720096944,-25.84,-12.46
84.944,2,-35.361727099999996,149.1625038,99.118,-9.224027893903296,-25.88,-12.370000000000001
85.045,2,-35.3617503,149.16249019999998,99.075,-11.194034596774333,-25.94,-12.280000000000001
85.125,2,-35.361768999999995,149.1624792,99.046,-14.608562276079597,-26.01,-12.16
85.22500000000001,2,-35.3617924,149.1624659,99.015,-20.864142999144807,-26.2,-11.92
85.325,2,-35.3618162,149.16245279999998,98.98,-28.313715921209116,-26.490000000000002,-11.540000000000001
85.444,2,-35.3618451,149.1624378,98.926,-36.710163090554175,-26.95,-10.96
85.544,2,-35.3618698,149.1624258,98.861,-41.86603383837585,-27.400000000000002,-10.4
85.644,2,-35.361894899999996,149.1624146,98.786,-44.99288761021852,-27.91,-9.77
85.744,2,-35.3619206,149.1624041,98.70700000000001,-46.32081298865239,-28.48,-9.040000000000001
85.84400000000001,2,-35.361946599999996,149.1623945,98.647,-46.2942777037269,-29.07,-8.19
85.944,2,-35.3619731,149.1623859,98.624,-45.59713054042745,-29.62,-7.25
86.044,2,-35.362,149.1623785,98.64,-44.85539590222616,-30.07,-6.28
86.144,2,-35.3620271,149.1623721,98.69800000000001,-44.27885280419621,-30.43,-5.3100000000000005
86.244,2,-35.3620546,149.1623668,98.786,-44.07146094023795,-30.69,-4.38
86.34400000000001,2,-35.362082099999995,149.1623626,98.899,-44.12708941593311,-30.87,-3.5
86.444,2,-35.3621099,149.1623592,99.024,-44.342411129517764,-30.990000000000002,-2.71
86.544,2,-35.3621377,149.16235659999998,99.152,-44.61254169609718,-31.080000000000002,-2.0100000000000002
86.644,2,-35.3621656,149.1623548,99.273,-44.85834312885302,-31.13,-1.3800000000000001
86.744,2,-35.3621935,149.1623536,99.381,-44.9813206848591,-31.17,-0.8
86.84400000000001,2,-35.362221399999996,149.162353,99.46900000000001,-45.0287187826044,-31.19,-0.28
86.944,2,-35.362249399999996,149.162353,99.534,-45.012384385204314,-31.2,0.23
87.044,2,-35.362277399999996,149.1623535,99.58,-44.94758296545382,-31.19,0.77
87.125,2,-35.362299799999995,149.1623544,99.604,-44.884905734535195,-31.17,1.23
87.22500000000001,2,-35.3623279,149.162356,99.624,-44.76828025445723,-31.11,1.87
87.325,2,-35.3623561,149.16235849999998,99.633,-44.687253720333366,-31.05,2.56
87.425,2,-35.3623842,149.1623616,99.642,-44.65833811448212,-30.95,3.2800000000000002
87.544,2,-35.3624179,149.16236659999998,99.653,-44.70849560865211,-30.8,4.18
87.644,2,-35.362445799999996,149.1623717,99.667,-44.81873144676153,-30.63,4.95
87.744,2,-35.3624736,149.16237759999999,99.684,-44.914886849896966,-30.43,5.72
87.84400000000001,2,-35.362501099999996,149.16238439999998,99.706,-44.95955628706885,-30.21,6.47
87.944,2,-35.362528399999995,149.16239199999998,99.732,-44.97103441996906,-29.96,7.21
88.044,2,-35.3625555,149.1624004,99.764,-44.963825155300114,-29.69,7.91
88.144,2,-35.362581999999996,149.1624095,99.803,-44.96082670225447,-29.38,8.58
88.244,2,-35.3626083,149.16241929999998,99.84100000000001,-44.96491115537814,-29.07,9.21
88.34400000000001,2,-35.3626341,149.1624297,99.879,-44.9553318150672,-28.740000000000002,9.81
88.444,2,-35.3626597,149.1624407,99.91,-44.92898094524929,-28.400000000000002,10.38
88.544,2,-35.3626848,149.1624524,99.934,-44.887098225258775,-28.05,10.94
88.644,2,-35.362709699999996,149.1624647,99.949,-44.889188263144796,-27.68,11.49
88.744,2,-35.3627342,149.1624775,99.958,-44.871364884505645,-27.29,12.040000000000001
88.84400000000001,2,-35.3627584,149.162491,99.96300000000001,-44.849515109350776,-26.87,12.58
88.944,2,-35.3627822,149.16250499999998,99.96600000000001,-44.85777280805732,-26.44,13.11
89.044,2,-35.362805699999996,149.1625197,99.964,-44.85225743030254,-25.98,13.64
89.144,2,-35.3628286,149.1625349,99.959,-44.824554183028965,-25.51,14.16
89.22500000000001,2,-35.3628468,149.1625475,99.952,-44.80872180453288,-25.11,14.57
89.325,2,-35.3628694,149.162564,99.941,-44.79431352047873,-24.580000000000002,15.1
89.425,2,-35.3628913,149.162581,99.931,-44.78182793467595,-24.05,15.6
89.525,2,-35.3629129,149.1625986,99.92,-44.78821416154992,-23.51,16.080000000000002
89.644,2,-35.362938,149.16262039999998,99.906,-44.822491465899624,-22.85,16.63
89.744,2,-35.3629585,149.1626392,99.893,-44.870354016508486,-22.27,17.080000000000002
89.84400000000001,2,-35.362978399999996,149.1626584,99.881,-44.87986505492773,-21.69,17.5
89.944,2,-35.362997799999995,149.1626781,99.869,-44.89453288617033,-21.09,17.900000000000002
90.044,2,-35.3630166,149.1626982,99.857,-44.92986545474681,-20.48,18.27
90.144,2,-35.3630347,149.1627184,99.84700000000001,-44.8966809806643,-19.84,18.62
90.244,2,-35.3630522,149.16273909999998,99.836,-44.86560020484616,-19.18,18.95
90.34400000000001,2,-35.363068999999996,149.16276,99.83,-44.84027386340375,-18.490000000000002,19.26
90.444,2,-35.3630852,149.16278119999998,99.82600000000001,-44.838098448153104,-17.79,19.54
90.544,2,-35.3631007,149.1628027,99.827,-44.89995605637132,-17.09,19.79
90.644,2,-35.3631156,149.1628245,99.82900000000001,-44.92060030313768,-16.38,20.02
90.744,2,-35.3631299,149.1628465,99.83,-44.933106379507976,-15.67,20.22
90.84400000000001,2,-35.3631436,149.1628687,99.82900000000001,-44.9334649644394,-14.98,20.39
90.944,2,-35.363156599999996,149.162891,99.82900000000001,-44.96359634396291,-14.280000000000001,20.54
91.044,2,-35.3631691,149.1629136,99.82600000000001,-44.951827928022986,-13.58,20.67
91.144,2,-35.363180899999996,149.16293629999998,99.822,-44.94673602199674,-12.85,20.77
91.244,2,-35.363192,149.1629591,99.818,-44.972137495520016,-12.120000000000001,20.85
91.325,2,-35.3632005,149.1629774,99.81400000000001,-44.963514381692875,-11.53,20.900000000000002
91.425,2,-35.363210599999995,149.16300049999998,99.809,-44.88891847067258,-10.8,20.93
91.525,2,-35.36322,149.1630237,99.801,-44.825390881202296,-10.07,20.95
91.625,2,-35.3632288,149.16304689999998,99.793,-44.823481843329276,-9.36,20.94
91.744,2,-35.3632385,149.1630749,99.781,-44.82647005109116,-8.52,20.91
91.84400000000001,2,-35.363245899999995,149.16309809999998,99.771,-44.88538043268252,-7.8100000000000005,20.86
91.944,2,-35.3632527,149.1631212,99.759,-44.93524422871819,-7.09,20.78
92.044,2,-35.3632588,149.1631443,99.746,-44.96897170283972,-6.3500000000000005,20.67
92.144,2,-35.363264199999996,149.1631672,99.736,-44.93883690822162,-5.62,20.54
92.244,2,-35.363268999999995,149.1631899,99.727,-44.89142515009797,-4.9,20.38
92.34400000000001,2,-35.3632731,149.1632122,99.724,-44.86955146928101,-4.19,20.18
92.444,2,-35.3632766,149.1632343,99.721,-44.874195997916615,-3.49,19.97
92.544,2,-35.3632795,149.163256,99.71900000000001,-44.91435068004712,-2.81,19.72
92.644,2,-35.3632817,149.1632775,99.71600000000001,-44.93243702096932,-2.13,19.46
92.744,2,-35.3632833,149.1632986,99.715,-44.97731477891089,-1.45,19.16
92.84400000000001,2,-35.3632844,149.1633194,99.71000000000001,-44.99879230875599,-0.78,18.85
92.944,2,-35.363284799999995,149.1633398,99.70700000000001,-45.004700422388055,-0.12,18.5
93.044,2,-35.3632846,149.1633599,99.70400000000001,-44.98246474154507,0.52,18.13
93.144,2,-35.3632839,149.1633795,99.70400000000001,-44.9296161528421,1.16,17.740000000000002
93.244,2,-35.3632826,149.1633987,99.70700000000001,-44.841394014427635,1.77,17.32
93.34400000000001,2,-35.3632808,149.1634174,99.712,-44.835793259308225,2.36,16.9
93.425,2,-35.3632789,149.16343229999998,99.71600000000001,-44.85198422273574,2.82,16.55
93.525,2,-35.3632762,149.1634503,99.72,-44.86460641232192,3.37,16.1
93.625,2,-35.363273,149.1634679,99.72200000000001,-44.87892931901144,3.91,15.64
93.744,2,-35.363268399999995,149.1634884,99.72200000000001,-44.9026266603368,4.55,15.06
93.84400000000001,2,-35.363264099999995,149.1635048,99.721,-44.95164009782081,5.05,14.55
93.944,2,-35.363259299999996,149.1635207,99.715,-44.97594191088771,5.54,14.040000000000001
94.044,2,-35.3632541,149.163536,99.708,-44.95962800405514,6.0200000000000005,13.5
94.144,2,-35.363248399999996,149.1635507,99.702,-44.815931069201824,6.49,12.93
94.244,2,-35.3632424,149.1635648,99.697,-44.23563478222296,6.94,12.35
94.34400000000001,2,-35.363236,149.1635781,99.69800000000001,-43.001945523767745,7.3500000000000005,11.74
94.444,2,-35.3632293,149.1635907,99.705,-41.01542939989914,7.72,11.15
94.544,2,-35.3632223,149.1636026,99.721,-38.234067086843226,8.01,10.6
94.644,2,-35.3632151,149.163614,99.742,-34.67852673702846,8.22,10.1
94.744,2,-35.3632077,149.16362479999998,99.771,-30.507941512832392,8.34,9.700000000000001
94.84400000000001,2,-35.363200299999995,149.16363529999998,99.802,-25.97794490432108,8.38,9.39
94.944,2,-35.3631929,149.1636455,99.83,-21.383980159138016,8.35,9.18
95.044,2,-35.3631855,149.1636555,99.843,-17.004158919907773,8.290000000000001,9.040000000000001
95.144,2,-35.3631783,149.16366539999999,99.83200000000001,-13.112282126115012,8.19,8.96
95.244,2,-35.363171,149.1636753,99.794,-9.90589677780307,8.1,8.91
95.34400000000001,2,-35.363163899999996,149.1636852,99.72500000000001,-7.508509770638703,8.02,8.88
95.44500000000001,2,-35.3631568,149.163695,99.632,-5.934572931132013,7.97,8.84
95.525,2,-35.363151099999996,149.1637029,99.545,-5.212979667019444,7.94,8.8
95.625,2,-35.3631441,149.1637126,99.433,-4.850422126817766,7.92,8.74
95.72500000000001,2,-35.3631369,149.16372239999998,99.325,-4.930015601876394,7.94,8.68
95.84400000000001,2,-35.3631283,149.163734,99.215,-5.300968725228487,7.98,8.58
95.944,2,-35.3631211,149.1637437,99.146,-5.552621068782083,8.01,8.49
96.044,2,-35.3631139,149.1637532,99.098,-5.564754472955788,8.05,8.41
96.144,2,-35.3631066,149.16376259999998,99.072,-5.365426501086367,8.08,8.34
96.244,2,-35.3630992,149.1637719,99.061,-4.930656785884729,8.1,8.27
96.34400000000001,2,-35.363092,149.1637812,99.058,-4.289554739819822,8.11,8.23
96.444,2,-35.3630847,149.1637903,99.058,-3.5520061538061043,8.120000000000001,8.2
96.544,2,-35.3630774,149.1637994,99.053,-2.812366676132716,8.13,8.18
96.644,2,-35.3630701,149.1638085,99.041,-2.1481260835939215,8.13,8.18
96.744,2,-35.3630628,149.1638176,99.021,-1.5678443107670395,8.14,8.18
96.84400000000001,2,-35.3630555,149.1638267,98.993,-1.1437111210938156,8.15,8.19
96.944,2,-35.3630482,149.1638358,98.95700000000001,-0.8711096802212912,8.17,8.19
97.044,2,-35.3630408,149.1638449,98.919,-0.719687054364753,8.19,8.19
97.144,2,-35.3630335,149.163854,98.886,-0.6278113517137083,8.22,8.2
97.244,2,-35.3630261,149.163863,98.861,-0.5567132446004011,8.24,8.2
97.34400000000001,2,-35.3630186,149.1638722,98.84700000000001,-0.5065963046786094,8.26,8.21
97.444,2,-35.363011199999995,149.16388129999999,98.843,-0.4482490401678052,8.27,8.22
97.525,2,-35.363005199999996,149.1638886,98.846,-0.37845112359603333,8.290000000000001,8.22
97.625,2,-35.3629977,149.1638978,98.854,-0.2743959396748129,8.3,8.23
97.72500000000001,2,-35.3629901,149.163907,98.863,-0.17166690635005927,8.32,8.24
97.825,2,-35.3629825,149.1639162,98.87,-0.07511660622280195,8.34,8.25
97.944,2,-35.3629733,149.16392729999998,98.875,0.056692691205008236,8.36,8.27
98.044,2,-35.3629657,149.1639366,98.876,0.12471137017841823,8.38,8.290000000000001
98.144,2,-35.362958,149.1639459,98.875,0.12714685288584346,8.4,8.31
98.244,2,-35.3629503,149.1639552,98.875,-0.40657338696692946,8.42,8.34
98.34400000000001,2,-35.3629426,149.16396459999999,98.876,-2.697855139602867,8.44,8.36
98.444,2,-35.3629349,149.1639739,98.879,-7.643333435986524,8.49,8.31
98.544,2,-35.3629271,149.16398289999998,98.887,-14.9326325540819,8.6,8.09
98.644,2,-35.3629193,149.1639917,98.898,-23.4425445334665,8.78,7.7
98.744,2,-35.3629113,149.1639998,98.906,-31.805759417404857,9.02,7.17
98.84400000000001,2,-35.362902999999996,149.16400729999998,98.904,-38.70816417751215,9.3,6.54
98.944,2,-35.3628944,149.16401399999998,98.884,-43.392830419778406,9.620000000000001,5.86
99.044,2,-35.3628856,149.16402,98.85600000000001,-45.7840728180107,9.97,5.09
99.144,2,-35.3628764,149.16402499999998,98.83500000000001,-46.42120652416783,10.33,4.22
99.244,2,-35.362867,149.164029,98.83200000000001,-45.986389851415645,10.67,3.2600000000000002
99.34400000000001,2,-35.3628572,149.1640318,98.864,-45.15694192389305,10.93,2.24
99.444,2,-35.3628473,149.16403359999998,98.931,-44.33673524231749,11.11,1.23
99.544,2,-35.3628372,149.1640343,99.032,-43.8901433234362,11.19,0.28
99.625,2,-35.3628291,149.16403409999998,99.13,-43.805223581485436,11.21,-0.42
99.72500000000001,2,-35.3628188,149.16403309999998,99.269,-43.91391579684243,11.19,-1.25
99.825,2,-35.3628086,149.1640311,99.412,-44.19684613792646,11.14,-1.98
99.925,2,-35.3627985,149.1640284,99.55,-44.5109084812474,11.08,-2.64
100.044,2,-35.3627864,149.1640242,99.7,-44.78678665201338,11.0,-3.34
100.144,2,-35.3627763,149.16402,99.802,-44.88862477253827,10.93,-3.87
100.244,2,-35.3627664,149.1640153,99.881,-44.888696489524555,10.84,-4.39
100.34400000000001,2,-35.3627566,149.16401009999998,99.937,-44.85520124183481,10.73,-4.91
100.444,2,-35.3627469,149.1640043,99.979,-44.7832520291179,10.6,-5.48
100.544,2,-35.3627374,149.1639978,100.011,-44.72228234549178,10.42,-6.08
100.644,2,-35.3627281,149.1639908,100.036,-44.634125093874424,10.22,-6.71
100.744,2,-35.362719,149.163983,100.059,-44.5796475050544,9.98,-7.37
100.84400000000001,2,-35.362710199999995,149.1639745,100.07900000000001,-44.57514641039136,9.700000000000001,-8.040000000000001
100.944,2,-35.362701699999995,149.1639653,100.10300000000001,-44.64148120761053,9.39,-8.72
101.044,2,-35.3626934,149.1639553,100.13,-44.69638909834826,9.05,-9.4
101.144,2,-35.3626855,149.16394459999998,100.162,-44.76731719778426,8.69,-10.06
101.244,2,-35.3626779,149.1639332,100.197,-44.813045314277495,8.3,-10.700000000000001
101.34400000000001,2,-35.362670699999995,149.16392109999998,100.232,-44.801597917228555,7.9,-11.31
101.444,2,-35.3626638,149.1639083,100.267,-44.74879372475518,7.48,-11.91
101.544,2,-35.362657299999995,149.1638949,100.302,-44.12479788746658,7.04,-12.5
101.644,2,-35.3626512,149.1638808,100.333,-41.815633872490324,6.58,-13.05
101.72500000000001,2,-35.3626467,149.1638692,100.35900000000001,-38.140619853713694,6.22,-13.44
101.825,2,-35.3626412,149.16385409999998,100.4,-31.275548907609693,5.82,-13.8
101.925,2,-35.3626362,149.1638386,100.458,-22.93877880859033,5.51,-13.950000000000001
102.025,2,-35.3626313,149.1638232,100.53,-13.994700731971994,5.33,-13.91
102.144,2,-35.3626255,149.16380479999998,100.611,-3.1063094165929153,5.25,-13.700000000000001
102.244,2,-35.362620799999995,149.1637897,100.65,5.903058438301574,5.25,-13.46
102.34400000000001,2,-35.3626159,149.1637749,100.642,14.82589035773294,5.29,-13.21
102.444,2,-35.362611099999995,149.1637604,100.58500000000001,23.626109282505176,5.38,-12.94
102.544,2,-35.3626061,149.16374629999999,100.47800000000001,31.768002131673025,5.55,-12.63
102.644,2,-35.3626009,149.16373249999998,100.33200000000001,38.30295637481198,5.83,-12.23
102.744,2,-35.3625954,149.1637194,100.163,42.64609266801008,6.25,-11.72
102.84400000000001,2,-35.3625895,149.163707,99.98700000000001,44.78484004809993,6.82,-11.06
102.944,2,-35.362583,149.1636954,99.834,45.25821313871683,7.5,-10.24
103.044,2,-35.362576,149.1636848,99.717,44.76247459366272,8.19,-9.290000000000001
103.144,2,-35.3625682,149.1636754,99.658,44.005334463788465,8.81,-8.25
103.244,2,-35.362559999999995,149.1636671,99.652,43.41582766671384,9.32,-7.2
103.34400000000001,2,-35.3625513,149.1636601,99.702,43.19936531153779,9.72,-6.17
103.444,2,-35.362542399999995,149.16365399999998,99.787,43.29512797879595,10.01,-5.22
103.544,2,-35.3625332,149.163649,99.897,43.575367225346994,10.22,-4.38
103.644,2,-35.3625239,149.1636448,100.016,43.95225364865371,10.38,-3.65
103.744,2,-35.362514499999996,149.1636413,100.13,44.26696144485122,10.5,-3.02
103.825,2,-35.3625068,149.163639,100.21000000000001,44.44174598571185,10.58,-2.58
103.925,2,-35.362497,149.1636366,100.289,44.544502766680104,10.67,-2.06
104.025,2,-35.3624873,149.1636347,100.342,44.52029657626158,10.74,-1.58
104.125,2,-35.362477399999996,149.1636333,100.371,44.42984779617768,10.8,-1.08
104.244,2,-35.3624655,149.16363239999998,100.378,44.34984237533474,10.86,-0.43
104.34400000000001,2,-35.3624556,149.16363239999998,100.367,44.29882086223474,10.88,0.17
104.444,2,-35.362445699999995,149.163633,100.348,44.26268916152538,10.89,0.8300000000000001
104.544,2,-35.3624357,149.1636344,100.327,44.22416347951192,10.870000000000001,1.55
104.644,2,-35.3624259,149.1636366,100.308,44.25695180262257,10.81,2.3000000000000003
104.744,2,-35.3624162,149.1636395,100.296,44.25225946266277,10.72,3.0700000000000003
104.84400000000001,2,-35.3624066,149.16364339999998,100.292,44.094748470213105,10.6,3.86
104.944,2,-35.3623972,149.1636481,100.296,43.55863667697505,10.44,4.63
105.044,2,-35.3623879,149.1636536,100.308,42.4794053164105,10.25,5.37
105.144,2,-35.362378899999996,149.1636599,100.32900000000001,40.754106362254454,10.040000000000001,6.0600000000000005
105.244,2,-35.36237,149.16366689999998,100.35900000000001,38.30009794064433,9.8,6.65
105.34400000000001,2,-35.3623614,149.16367449999998,100.399,35.23353424860536,9.57,7.140000000000001
105.444,2,-35.362353,149.1636825,100.443,31.616631479287204,9.34,7.5200000000000005
105.544,2,-35.3623447,149.1636909,100.488,27.668908497519478,9.13,7.7700000000000005
105.644,2,-35.3623367,149.1636995,100.523,23.579899637675457,8.950000000000001,7.92
105.744,2,-35.3623288,149.16370809999998,100.541,19.490749051406155,8.8,7.99
105.84400000000001,2,-35.362321,149.1637169,100.535,15.5955792526598,8.68,8.0
105.925,2,-35.3623148,149.16372389999998,100.511,12.772059304499276,8.59,7.99
106.025,2,-35.362307099999995,149.16373249999998,100.45700000000001,9.78990052890239,8.5,7.96
106.125,2,-35.3622995,149.1637412,100.377,7.473529810578129,8.42,7.95
106.244,2,-35.3622904,149.1637517,100.26,5.544716832365086,8.35,7.95
106.34400000000001,2,-35.3622829,149.1637604,100.157,4.535099186708134,8.31,7.97
106.444,2,-35.3622754,149.1637692,100.057,3.902142141228468,8.28,8.01
106.544,2,-35.3622679,149.16377799999998,99.971,3.50360828712104,8.25,8.05
106.644,2,-35.3622605,149.1637869,99.903,3.1955479725332476,8.22,8.09
106.744,2,-35.362252999999995,149.1637958,99.858,2.9176677025668023,8.2,8.13
106.84400000000001,2,-35.3622456,149.1638047,99.83200000000001,2.6008882246166656,8.17,8.16
106.944,2,-35.3622383,149.1638136,99.818,2.208305386267023,8.15,8.18
107.044,2,-35.362231,149.16382249999998,99.81,1.7604679183575638,8.14,8.19
107.144,2,-35.3622237,149.1638314,99.799,1.2816588509349762,8.13,8.19
107.244,2,-35.3622164,149.1638403,99.782,0.8433524317645941,8.13,8.19
107.34400000000001,2,-35.362209199999995,149.1638491,99.754,0.44805928897492575,8.14,8.18
107.444,2,-35.362201899999995,149.163858,99.718,0.15815080241603707,8.16,8.18
107.544,2,-35.362194599999995,149.1638668,99.674,-0.05480033193357133,8.18,8.17
107.644,2,-35.362187299999995,149.1638757,99.627,-0.04115032227427316,8.2,8.17
107.744,2,-35.362179999999995,149.1638845,99.58,0.4120552274256729,8.23,8.17
107.84400000000001,2,-35.3621726,149.1638934,99.536,1.5260330943193947,8.25,8.18
107.94500000000001,2,-35.3621653,149.1639023,99.501,3.4410002118677645,8.25,8.23
108.025,2,-35.3621593,149.1639095,99.479,5.575055251997814,8.24,8.31
108.125,2,-35.3621519,149.16391869999998,99.459,8.845713961060046,8.2,8.46
108.22500000000001,2,-35.3621445,149.1639281,99.446,12.507911983632788,8.13,8.67
108.34400000000001,2,-35.362135699999996,149.16393979999998,99.434,16.897295487701047,8.01,8.99
108.444,2,-35.3621285,149.16395,99.423,20.228259217605792,7.91,9.3
108.544,2,-35.3621214,149.1639605,99.407,22.975854782952453,7.78,9.63
108.644,2,-35.362114399999996,149.1639713,99.386,25.04306617677017,7.65,9.98
108.744,2,-35.3621076,149.1639826,99.364,26.567870050482377,7.51,10.35
108.84400000000001,2,-35.3621008,149.16399429999998,99.343,27.732845898339967,7.34,10.74
108.944,2,-35.3620944,149.16400629999998,99.32900000000001,28.74403832948743,7.15,11.14
109.044,2,-35.362088,149.16401879999998,99.321,29.741471344551904,6.94,11.55
109.144,2,-35.362082,149.16403169999998,99.322,30.839533536658173,6.7,11.99
109.244,2,-35.362076099999996,149.16404509999998,99.331,31.96818814605693,6.42,12.43
109.34400000000001,2,-35.3620705,149.16405899999998,99.349,33.08584615089197,6.13,12.88
109.444,2,-35.362065199999996,149.1640734,99.371,34.06907920267198,5.82,13.33
109.544,2,-35.3620602,149.16408819999998,99.397,34.80252540631546,5.49,13.76
109.644,2,-35.3620555,149.1641036,99.425,35.31081783906406,5.16,14.19
109.744,2,-35.362051,149.1641194,99.456,35.53685270436187,4.82,14.61
109.84400000000001,2,-35.362046899999996,149.16413559999998,99.488,35.52451396762624,4.47,15.0
109.944,2,-35.3620431,149.16415229999998,99.52,35.30576691417283,4.12,15.370000000000001
110.025,2,-35.3620403,149.1641659,99.543,34.99164992933853,3.83,15.66
110.125,2,-35.362037,149.1641837,99.572,34.46788370302527,3.45,16.01
110.22500000000001,2,-35.362034099999995,149.16420159999998,99.60000000000001,33.76743755835671,3.08,16.34
110.325,2,-35.3620315,149.16422,99.628,32.90561794926284,2.71,16.64
110.444,2,-35.3620288,149.1642424,99.663,31.651684010107708,2.27,16.97
110.544,2,-35.3620269,149.16426149999998,99.69200000000001,30.430490582739033,1.92,17.21
110.644,2,-35.3620254,149.1642808,99.718,29.05754059729643,1.59,17.42
110.744,2,-35.3620241,149.16430029999998,99.742,27.494146154773656,1.29,17.6
110.84400000000001,2,-35.362023,149.16431989999998,99.763,25.805704608926284,1.01,17.75
110.944,2,-35.3620223,149.16433949999998,99.783,24.014538725509215,0.75,17.87
111.044,2,-35.3620217,149.1643592,99.799,22.13262353368477,0.51,17.96
111.144,2,-35.362021299999995,149.1643789,99.81,20.227921123241874,0.3,18.04
111.244,2,-35.3620211,149.1643987,99.81400000000001,18.338018025183104,0.11,18.1
111.34400000000001,2,-35.3620211,149.16441849999998,99.81400000000001,16.47204449488147,-0.05,18.14
111.444,2,-35.3620212,149.1644384,99.81,14.669661733299947,-0.21,18.17
111.544,2,-35.362021399999996,149.16445819999998,99.804,12.95945578966233,-0.35000000000000003,18.2
111.644,2,-35.3620218,149.1644782,99.795,11.259971535474342,-0.47000000000000003,18.22
111.744,2,-35.3620222,149.1644981,99.784,9.190227849021841,-0.59,18.23
111.84400000000001,2,-35.3620227,149.164518,99.773,6.118354965563661,-0.68,18.240000000000002
111.944,2,-35.3620233,149.164538,99.764,1.9252900947051976,-0.6900000000000001,18.21
112.044,2,-35.3620239,149.1645579,99.755,-2.863292993471154,-0.62,18.14
112.125,2,-35.3620242,149.1645738,99.748,-6.694718344241072,-0.5,18.06
112.22500000000001,2,-35.3620246,149.16459369999998,99.738,-11.262725809257152,-0.32,17.93
112.325,2,-35.3620247,149.1646134,99.723,-15.494591490686576,-0.09,17.8
112.425,2,-35.3620246,149.16463299999998,99.705,-19.43385699071453,0.17,17.66
112.544,2,-35.3620241,149.1646565,99.679,-23.391092718448792,0.55,17.45
112.644,2,-35.3620234,149.1646757,99.657,-25.915388909260226,0.91,17.26
112.744,2,-35.3620224,149.1646948,99.638,-27.80328051660843,1.3,17.06
112.84400000000001,2,-35.362021,149.1647136,99.623,-29.227212741563303,1.71,16.84
112.944,2,-35.3620192,149.1647322,99.61500000000001,-30.40659858102233,2.13,16.59
113.044,2,-35.362017,149.1647504,99.61500000000001,-31.40257676579359,2.57,16.32
113.144,2,-35.3620144,149.1647682,99.625,-32.240644392048736,3.0100000000000002,16.02
113.244,2,-35.3620115,149.16478569999998,99.641,-32.86724594650571,3.45,15.71
113.34400000000001,2,-35.3620081,149.1648027,99.665,-33.427908854715376,3.88,15.38
113.444,2,-35.3620044,149.1648193,99.691,-33.974433271343116,4.2700000000000005,15.06
113.544,2,-35.3620004,149.1648356,99.72,-34.4639597593471,4.66,14.72
113.644,2,-35.361996,149.1648515,99.749,-34.939252133120775,5.04,14.38
113.744,2,-35.3619913,149.164867,99.778,-35.38780773138844,5.4,14.02
113.84400000000001,2,-35.3619862,149.1648821,99.803,-35.882108521622264,5.76,13.65
113.944,2,-35.3619809,149.16489679999998,99.825,-36.380988953694576,6.12,13.27
114.044,2,-35.361975199999996,149.16491109999998,99.843,-36.90554065176239,6.48,12.870000000000001
114.144,2,-35.3619692,149.1649249,99.85900000000001,-37.41809512255307,6.84,12.450000000000001
114.22500000000001,2,-35.361964199999996,149.1649357,99.869,-37.76266109070729,7.12,12.09
114.325,2,-35.361957499999995,149.16494889999998,99.878,-38.065836112491226,7.48,11.63
114.425,2,-35.3619506,149.16496139999998,99.889,-38.190121649723366,7.82,11.15
114.525,2,-35.3619433,149.1649735,99.904,-38.26978897620239,8.17,10.63
114.644,2,-35.3619341,149.16498719999998,99.931,-38.373799096883346,8.56,9.99
114.744,3,-35.3619262,149.1649979,99.96000000000001,-38.45166325342149,8.85,9.46
114.84400000000001,3,-35.3619181,149.1650081,99.99000000000001,-38.50079621921598,9.13,8.92
114.944,3,-35.3619097,149.1650177,100.022,-38.455150064992786,9.38,8.38
115.044,3,-35.3619011,149.1650266,100.054,-38.25766539042562,9.6,7.8500000000000005
115.144,3,-35.361892399999995,149.1650349,100.08800000000001,-37.88729838268168,9.8,7.33
115.244,3,-35.3618836,149.1650427,100.119,-37.42449842489996,9.97,6.82
115.34400000000001,3,-35.3618746,149.1650498,100.146,-36.92789586091584,10.120000000000001,6.32
115.444,3,-35.3618656,149.1650565,100.17,-36.394997671682276,10.24,5.82
115.544,3,-35.3618564,149.1650625,100.18900000000001,-35.87674340802921,10.35,5.34
115.644,3,-35.3618472,149.16506809999998,100.203,-35.41771712976392,10.44,4.87
115.744,3,-35.3618379,149.1650731,100.215,-35.10648931494854,10.52,4.38
115.84400000000001,3,-35.3618285,149.1650776,100.221,-34.83676172953015,10.59,3.9
115.944,3,-35.3618191,149.16508159999998,100.223,-34.621409280094234,10.64,3.43
116.044,3,-35.3618096,149.1650851,100.221,-34.40927043466281,10.69,2.96
116.144,3,-35.361800099999996,149.165088,100.214,-33.73215621619901,10.72,2.48
116.244,3,-35.3617905,149.1650905,100.20400000000001,-32.13816081864728,10.75,2.0100000000000002
116.325,3,-35.3617828,149.16509209999998,100.19800000000001,-30.163812676785057,10.76,1.6600000000000001
116.425,3,-35.3617732,149.1650937,100.19500000000001,-27.154161536005223,10.75,1.29
116.525,3,-35.361763499999995,149.16509499999998,100.2,-24.10247741107313,10.72,0.98
116.644,3,-35.3617519,149.1650961,100.214,-21.095990355426306,10.67,0.6900000000000001
116.744,3,-35.361742299999996,149.1650968,100.227,-18.958149682948775,10.620000000000001,0.48
116.84400000000001,3,-35.3617328,149.1650972,100.233,-16.666653659808055,10.56,0.31
116.944,3,-35.3617233,149.1650975,100.227,-14.110143735549903,10.51,0.17
117.044,3,-35.3617138,149.1650977,100.211,-11.619540014140494,10.47,0.08
117.144,3,-35.3617043,149.16509779999998,100.182,-9.414997421775913,10.43,0.02
117.244,3,-35.361694899999996,149.1650979,100.145,-7.6626731166214155,10.39,-0.02
117.34400000000001,3,-35.361685699999995,149.1650979,100.102,-6.43436988921358,10.36,-0.06
117.444,3,-35.3616764,149.1650979,100.053,-5.6484563068001785,10.33,-0.11
117.544,3,-35.3616672,149.16509779999998,100.004,-5.160822208083111,10.3,-0.17
117.644,3,-35.361658,149.1650976,99.958,-4.834996571464115,10.290000000000001,-0.23
117.744,3,-35.3616489,149.1650975,99.918,-4.535173465015358,10.27,-0.28
117.84400000000001,3,-35.3616397,149.1650972,99.885,-4.19507870944656,10.26,-0.34
117.944,3,-35.3616306,149.16509689999998,99.863,-3.7656788035930213,10.24,-0.39
118.044,3,-35.3616215,149.1650965,99.84700000000001,-3.294867247358284,10.23,-0.43
118.144,3,-35.3616124,149.1650961,99.836,-2.7915824104883673,10.23,-0.46
118.244,3,-35.3616032,149.1650956,99.82900000000001,-2.243382036193035,10.22,-0.48
118.34400000000001,3,-35.3615941,149.1650952,99.821,-1.727571486158961,10.21,-0.49
118.425,3,-35.3615867,149.1650948,99.811,-1.275477956622938,10.21,-0.49
118.525,3,-35.361577499999996,149.1650943,99.793,-0.7680969806025704,10.22,-0.49
118.625,3,-35.3615682,149.1650938,99.771,-0.29921890151147557,10.23,-0.48
118.744,3,-35.3615571,149.1650933,99.74000000000001,0.16757551631551584,10.24,-0.47000000000000003
118.84400000000001,3,-35.3615478,149.1650928,99.71300000000001,0.43563840320627245,10.25,-0.45
118.944,3,-35.3615385,149.1650924,99.688,0.6311421895120002,10.27,-0.44
119.044,3,-35.3615291,149.1650919,99.667,0.7698582089130817,10.28,-0.43
119.144,3,-35.361519799999996,149.1650915,99.654,0.8604006906546516,10.3,-0.42
119.244,3,-35.3615105,149.165091,99.648,0.8918886097803509,10.31,-0.4
119.34400000000001,3,-35.3615012,149.16509059999998,99.648,0.9469674153298924,10.31,-0.38
119.444,3,-35.3614919,149.16509019999998,99.652,1.0026459435050727,10.32,-0.37
119.544,3,-35.361482599999995,149.1650899,99.66,1.046603973786217,10.32,-0.35000000000000003
119.644,3,-35.3614734,149.1650895,99.666,1.09505701559317,10.33,-0.33
119.744,3,-35.3614641,149.16508919999998,99.667,1.111522573969661,10.33,-0.31
119.84400000000001,3,-35.3614549,149.1650889,99.662,1.1278243145277773,10.34,-0.3
119.944,3,-35.361445599999996,149.1650886,99.651,1.151059977753926,10.35,-0.28
120.044,3,-35.3614363,149.16508829999998,99.637,1.1629103559638982,10.36,-0.27
120.144,3,-35.361427,149.165088,99.623,1.165883836130381,10.370000000000001,-0.26
120.244,3,-35.3614177,149.1650877,99.61200000000001,1.1024937042171388,10.38,-0.24
120.34400000000001,3,-35.361408399999995,149.1650874,99.605,1.0500484168403132,10.39,-0.23
120.44500000000001,3,-35.3613991,149.1650872,99.60300000000001,1.0069744691698626,10.4,-0.22
120.525,3,-35.361391499999996,149.165087,99.60600000000001,0.9890090439403192,10.41,-0.2
120.625,3,-35.3613822,149.16508679999998,99.618,0.9608840324854991,10.42,-0.19
120.72500000000001,3,-35.3613727,149.1650866,99.635,0.9007253271016136,10.42,-0.17
120.84400000000001,3,-35.3613613,149.16508629999998,99.655,0.8834596760968791,10.43,-0.16
120.944,3,-35.3613518,149.1650861,99.669,0.8524270317680436,10.44,-0.16
121.044,3,-35.3613423,149.16508589999998,99.679,0.8367111933746674,10.44,-0.15
121.144,3,-35.3613328,149.16508579999999,99.686,0.8513143512635661,10.46,-0.13
121.244,3,-35.361323299999995,149.1650856,99.68900000000001,0.85846187742572,10.46,-0.12
121.34400000000001,3,-35.3613139,149.16508539999998,99.69200000000001,0.8544549576213026,10.47,-0.11
121.444,3,-35.3613044,149.1650853,99.69200000000001,0.8076148009538245,10.48,-0.11
121.544,3,-35.361295,149.1650851,99.691,0.7382172508612919,10.48,-0.1
121.644,3,-35.361285599999995,149.165085,99.68900000000001,0.7176005916558728,10.48,-0.1
121.744,3,-35.3612762,149.1650848,99.687,0.6905025631757876,10.49,-0.1
121.84400000000001,3,-35.3612667,149.1650847,99.687,0.6788197380438924,10.49,-0.09
121.944,3,-35.3612573,149.1650845,99.69,0.7033310458192468,10.5,-0.08
122.044,3,-35.361247899999995,149.16508439999998,99.697,0.7298405574528001,10.5,-0.07
122.144,3,-35.3612385,149.1650843,99.705,0.7507063584803659,10.5,-0.06
122.244,3,-35.361229,149.1650842,99.712,0.7338948083337316,10.51,-0.05
122.34400000000001,3,-35.3612196,149.1650841,99.71600000000001,0.7304408136869679,10.51,-0.05
122.444,3,-35.361210199999995,149.165084,99.72,0.7453823861048996,10.52,-0.04
122.525,3,-35.3612026,149.16508389999998,99.723,0.7594329390012621,10.52,-0.03
122.625,3,-35.3611931,149.1650838,99.727,0.8078318195425311,10.52,-0.02
122.72500000000001,3,-35.361183499999996,149.1650837,99.73100000000001,0.7769969305345086,10.53,-0.01
122.825,3,-35.3611739,149.1650837,99.736,0.6832453271000904,10.540000000000001,-0.01
122.944,3,-35.3611624,149.1650836,99.741,0.5844346879248085,10.55,0.0
123.044,3,-35.3611528,149.1650836,99.745,0.5227971398639093,10.56,0.0
123.144,3,-35.3611432,149.16508349999998,99.749,0.4743278763576775,10.57,0.0
123.244,3,-35.361133599999995,149.16508349999998,99.753,0.4534010838752575,10.58,0.0
123.34400000000001,3,-35.361123899999996,149.1650834,99.755,0.44265853033214975,10.59,0.01
123.444,3,-35.3611143,149.1650834,99.758,0.46345608282886835,10.6,0.01
123.544,3,-35.3611048,149.1650834,99.762,0.4586929330172836,10.6,0.02
123.644,3,-35.3610952,149.1650834,99.768,0.42516892382783295,10.6,0.02
123.744,3,-35.3610857,149.1650833,99.777,0.38214158686238225,10.6,0.02
123.84400000000001,3,-35.3610762,149.1650833,99.787,0.3363080826846877,10.61,0.02
123.944,3,-35.361066699999995,149.1650833,99.796,0.30033811872043203,10.6,0.02
124.044,3,-35.3610572,149.1650833,99.805,0.2743338009616217,10.6,0.02
124.144,3,-35.3610478,149.1650833,99.813,0.2843087853163228,10.59,0.02
124.244,3,-35.3610383,149.1650833,99.822,0.2858856251996702,10.59,0.03
124.34400000000001,3,-35.3610288,149.1650833,99.831,0.31680343697308494,10.59,0.03
124.444,3,-35.361019299999995,149.1650833,99.84,0.32911850817045596,10.58,0.03
124.544,3,-35.3610099,149.1650833,99.84700000000001,0.27151213242161304,10.58,0.03
124.625,3,-35.361002299999996,149.1650833,99.851,0.20702424770248976,10.58,0.04
124.72500000000001,3,-35.360992599999996,149.1650833,99.85600000000001,0.18594113460152645,10.58,0.04
124.825,3,-35.3609831,149.1650832,99.86,0.1705690735028987,10.59,0.04
124.925,3,-35.3609734,149.1650832,99.864,0.13400728431923203,10.59,0.04
125.044,3,-35.3609619,149.1650832,99.867,0.1340910208376308,10.6,0.04
125.144,3,-35.3609523,149.1650832,99.869,0.1379771316711036,10.61,0.03
125.244,3,-35.360942699999995,149.1650832,99.87,0.14211678659708668,10.61,0.03
125.34400000000001,3,-35.360932999999996,149.1650832,99.872,0.11140242641553104,10.61,0.02
125.444,3,-35.3609234,149.1650832,99.875,0.09761920472204448,10.620000000000001,0.02
125.544,3,-35.3609139,149.1650832,99.879,0.16275527039133802,10.61,0.02
125.644,3,-35.3609043,149.1650832,99.884,0.2115430715089011,10.61,0.02
125.744,3,-35.3608949,149.1650832,99.89,0.23980487351010646,10.61,0.03
125.84400000000001,3,-35.3608854,149.1650832,99.895,0.261595925046371,10.6,0.04
125.944,3,-35.360875899999996,149.1650832,99.9,0.29929347330339034,10.6,0.04
126.044,3,-35.3608664,149.1650832,99.903,0.3085811431924325,10.59,0.04
126.144,3,-35.360856999999996,149.1650832,99.904,0.2683743008282269,10.59,0.04
126.244,3,-35.3608475,149.1650832,99.904,0.30151485892880475,10.59,0.04
126.34400000000001,3,-35.360838099999995,149.1650833,99.904,0.2943805929385942,10.59,0.05
126.444,3,-35.3608286,149.1650833,99.904,0.2538744495505245,10.59,0.05
126.544,3,-35.3608191,149.1650834,99.907,0.23413538961217276,10.59,0.06
126.644,3,-35.360809599999996,149.1650834,99.91,0.21789914950097974,10.59,0.06
126.72500000000001,3,-35.360802,149.1650834,99.914,0.15446811649399692,10.59,0.06
126.825,3,-35.360792499999995,149.16508349999998,99.92,0.08258192294434655,10.59,0.07
126.925,3,-35.3607829,149.1650836,99.928,0.07241051729015463,10.6,0.07
127.025,3,-35.3607733,149.1650836,99.936,0.05871564782884189,10.6,0.07
127.144,3,-35.3607618,149.1650837,99.94800000000001,0.06268129968365492,10.61,0.07
127.244,3,-35.3607521,149.1650838,99.95400000000001,0.018382103454500524,10.61,0.07
127.34400000000001,3,-35.3607425,149.1650838,99.95700000000001,-0.018761233981815773,10.61,0.07
127.444,3,-35.360732899999995,149.16508389999998,99.96000000000001,-0.079967567987925,10.620000000000001,0.07
127.544,3,-35.360723199999995,149.16508389999998,99.96300000000001,-0.11762360817150196,10.620000000000001,0.06
127.644,3,-35.3607136,149.165084,99.96300000000001,-0.1310482782840959,10.620000000000001,0.06
127.744,3,-35.360704,149.1650841,99.96300000000001,-0.1277411460447007,10.620000000000001,0.06
127.84400000000001,3,-35.3606945,149.1650841,99.961,-0.14799952714359818,10.620000000000001,0.06
127.944,3,-35.360685,149.1650842,99.96000000000001,-0.19362318976729995,10.620000000000001,0.05
128.044,3,-35.3606755,149.1650842,99.958,-0.17560859251181776,10.620000000000001,0.05
128.144,3,-35.360666,149.1650843,99.958,-0.1180447053420891,10.61,0.05
128.244,3,-35.3606565,149.1650843,99.956,-0.09575630397645656,10.61,0.05
128.344,3,-35.360647,149.16508439999998,99.955,-0.11493268706128883,10.61,0.05
128.44400000000002,3,-35.3606376,149.16508439999998,99.953,-0.17440677270258642,10.61,0.05
128.544,3,-35.3606281,149.1650845,99.95,-0.19025838778614307,10.61,0.04
128.644,3,-35.360618599999995,149.1650845,99.947,-0.216908478586637,10.61,0.04
128.744,3,-35.3606091,149.1650845,99.946,-0.2534910251420782,10.620000000000001,0.04
128.825,3,-35.3606014,149.1650846,99.946,-0.30373960628795127,10.620000000000001,0.04
128.925,3,-35.3605918,149.1650846,99.95,-0.3437705712810291,10.620000000000001,0.03
129.025,3,-35.360582199999996,149.1650846,99.95400000000001,-0.3404154809750984,10.63,0.03
129.144,3,-35.360570599999996,149.1650847,99.958,-0.2672647419336436,10.64,0.03
129.244,3,-35.360561,149.1650847,99.96300000000001,-0.1834547723208699,10.64,0.03
129.344,3,-35.3605513,149.1650847,99.968,-0.14292209524870028,10.65,0.03
129.44400000000002,3,-35.3605416,149.1650848,99.974,-0.12103059190686893,10.65,0.03
129.544,3,-35.360532,149.1650848,99.97800000000001,-0.11917019245126026,10.66,0.03
129.644,3,-35.3605223,149.1650848,99.98,-0.1511287009386028,10.66,0.03
129.744,3,-35.3605127,149.1650848,99.98100000000001,-0.2073014306528306,10.66,0.02
129.844,3,-35.3605032,149.16508489999998,99.98,-0.24733192873844564,10.66,0.02
129.94400000000002,3,-35.3604936,149.16508489999998,99.98100000000001,-0.275506085538778,10.65,0.01
130.044,3,-35.3604841,149.16508489999998,99.98100000000001,-0.28793027968031054,10.65,0.0
130.144,3,-35.360474599999996,149.16508489999998,99.98100000000001,-0.26648692746148195,10.65,0.0
130.244,3,-35.3604651,149.16508489999998,99.98,-0.20421466539566085,10.64,0.0
130.344,3,-35.3604556,149.16508489999998,99.979,-0.09986711069134559,10.64,0.0
130.44400000000002,3,-35.360445999999996,149.16508489999998,99.979,-0.007948013160450811,10.64,0.01
130.544,3,-35.3604365,149.16508489999998,99.979,0.07466117801348622,10.64,0.01
130.644,3,-35.360427,149.16508489999998,99.98100000000001,0.08029361613930056,10.64,0.01
130.744,3,-35.3604175,149.16508489999998,99.983,0.02152729717805896,10.63,0.01
130.845,3,-35.360408,149.16508489999998,99.98400000000001,-0.044725862938762025,10.63,0.01
130.925,3,-35.360400299999995,149.16508489999998,99.986,-0.062128674680798746,10.620000000000001,0.01
131.025,3,-35.3603908,149.16508489999998,99.989,-0.05186074924888743,10.620000000000001,0.0
131.125,3,-35.3603812,149.16508489999998,99.993,-0.056797245126141004,10.620000000000001,0.0
131.244,3,-35.3603696,149.16508489999998,99.995,-0.0720070158608082,10.620000000000001,0.0
131.344,3,-35.36036,149.16508489999998,99.997,-0.08787280492091396,10.620000000000001,0.0
131.44400000000002,3,-35.3603504,149.16508489999998,99.999,-0.0725347213453644,10.620000000000001,0.0
131.544,3,-35.3603407,149.16508489999998,100.002,-0.07208252146764857,10.620000000000001,0.0
131.644,3,-35.360331099999996,149.16508489999998,100.004,-0.07102404891960154,10.620000000000001,0.0
131.744,3,-35.3603215,149.16508489999998,100.004,-0.057024895864786054,10.620000000000001,0.0
131.844,3,-35.3603119,149.165085,100.003,-0.04886456070444638,10.620000000000001,0.0
131.94400000000002,3,-35.3603024,149.165085,100.002,-0.06343723620613138,10.620000000000001,0.0
132.044,3,-35.3602929,149.165085,100.0,-0.10251763763592044,10.620000000000001,0.0
132.144,3,-35.3602834,149.165085,99.997,-0.1613280276590698,10.620000000000001,0.0
132.244,3,-35.360273899999996,149.165085,99.994,-0.16538075775569389,10.61,0.0
132.344,3,-35.3602644,149.165085,99.995,-0.16341846575149038,10.61,-0.01
132.44400000000002,3,-35.3602549,149.165085,99.999,-0.1313847584822116,10.61,-0.01
132.544,3,-35.3602454,149.165085,100.007,-0.09837965690669681,10.6,-0.01
132.644,3,-35.3602359,149.165085,100.014,-0.07149316418768374,10.6,-0.01
132.744,3,-35.3602264,149.16508489999998,100.019,-0.0309996539815359,10.6,-0.02
132.844,3,-35.3602169,149.16508489999998,100.021,0.03017997792028148,10.6,-0.02
132.925,3,-35.3602093,149.16508489999998,100.021,0.09816233816319271,10.6,-0.02
133.025,3,-35.360199699999995,149.16508489999998,100.021,0.14474251408528058,10.59,-0.01
133.125,3,-35.3601901,149.1650848,100.019,0.17832340594391272,10.6,-0.01
133.225,3,-35.3601805,149.1650848,100.013,0.20739777367272483,10.6,0.0
133.344,3,-35.3601689,149.1650848,100.006,0.1915207054623393,10.61,0.0
133.44400000000002,3,-35.3601593,149.1650848,100.003,0.13389106438163603,10.61,0.0
133.544,3,-35.3601497,149.1650848,100.003,0.09111635103398326,10.620000000000001,0.0
133.644,3,-35.36014,149.1650848,100.005,0.06866347150942168,10.620000000000001,0.0
133.744,3,-35.360130399999996,149.1650848,100.007,0.07323343502322216,10.63,0.0
133.844,3,-35.360120699999996,149.1650848,100.01,0.045368784509869226,10.63,0.0
133.94400000000002,3,-35.3601112,149.1650848,100.012,0.041986840354721215,10.63,0.0
134.044,3,-35.3601016,149.1650848,100.013,0.07610281483582171,10.63,0.0
134.144,3,-35.360092099999996,149.1650848,100.015,0.09613952828170452,10.620000000000001,0.01
134.244,3,-35.3600826,149.1650848,100.015,0.12012581862546703,10.620000000000001,0.01
134.344,3,-35.3600731,149.1650848,100.014,0.11690393034856475,10.620000000000001,0.01
134.44400000000002,3,-35.3600636,149.1650848,100.011,0.07458707312903423,10.620000000000001,0.01
134.544,3,-35.3600541,149.1650848,100.007,-0.0003638138781272972,10.620000000000001,0.01
134.644,3,-35.3600446,149.1650848,100.001,-0.07517238165428598,10.61,0.01
134.744,3,-35.3600352,149.1650848,99.996,-0.10318815677313206,10.620000000000001,0.01
134.844,3,-35.3600257,149.1650847,99.991,-0.10920134459464154,10.620000000000001,0.0
134.94400000000002,3,-35.3600162,149.1650847,99.986,-0.11828348181856187,10.620000000000001,0.0
135.025,3,-35.3600085,149.1650847,99.98400000000001,-0.07462043700230415,10.63,0.0
135.125,3,-35.3599989,149.1650847,99.98400000000001,-0.014720665157070812,10.63,0.01
135.225,3,-35.359989299999995,149.1650847,99.985,0.0033188416115514253,10.63,0.01
135.325,3,-35.359979599999996,149.1650847,99.99000000000001,0.03903531817920301,10.64,0.01
135.44400000000002,3,-35.359967999999995,149.1650847,99.999,0.07063369427038606,10.65,0.01
135.544,3,-35.3599584,149.1650847,100.004,0.053328326115834414,10.65,0.01
135.644,3,-35.3599487,149.1650847,100.007,0.03334757152936745,10.66,0.01
135.744,3,-35.359939,149.1650847,100.006,-0.015227154700023,10.66,0.01
135.844,3,-35.3599294,149.1650847,100.003,-0.04076067465635848,10.67,0.01
135.94400000000002,3,-35.3599198,149.1650847,100.0,-0.02691644483275129,10.67,0.01
136.044,3,-35.3599102,149.1650847,99.996,-0.0185408069686308,10.67,0.02
136.144,3,-35.3599007,149.1650847,99.994,-0.010258776546930541,10.67,0.02
136.244,3,-35.3598911,149.1650847,99.995,-0.036566618340853306,10.66,0.01
136.344,3,-35.3598816,149.1650847,99.997,-0.049968493364102994,10.66,0.01
136.44400000000002,3,-35.3598721,149.1650847,100.0,-0.034851023564723534,10.65,0.02
136.544,3,-35.3598626,149.1650847,100.002,-0.02318169872860964,10.65,0.02
136.644,3,-35.359853099999995,149.1650848,100.004,-0.04817379112356272,10.64,0.02
136.744,3,-35.3598436,149.1650848,100.006,-0.08265263941463999,10.64,0.02
136.844,3,-35.3598341,149.1650848,100.004,-0.08312647711820301,10.65,0.01
136.94400000000002,3,-35.359824499999995,149.1650848,99.999,-0.057992074663643665,10.64,0.0
137.044,3,-35.359815,149.1650847,99.993,-0.05124026925147408,10.64,0.0
137.125,3,-35.3598074,149.1650847,99.986,-0.08016505650447357,10.65,0.0
137.225,3,-35.359797799999996,149.1650847,99.979,-0.07697783277163042,10.65,0.0
137.32500000000002,3,-35.359788099999996,149.1650847,99.973,-0.0731627585735684,10.66,0.0
137.425,3,-35.3597785,149.1650847,99.971,-0.050564540760999,10.66,0.0
137.544,3,-35.3597669,149.1650847,99.971,-0.01676136759954393,10.67,0.0
137.644,3,-35.3597572,149.1650847,99.97200000000001,-0.014793922937983164,10.67,0.0
137.744,3,-35.3597475,149.1650847,99.976,0.03223465757115866,10.68,0.0
137.844,3,-35.3597378,149.1650847,99.982,0.03101749985177454,10.68,0.0
137.94400000000002,3,-35.3597281,149.1650847,99.989,0.04107073789723995,10.68,0.0
138.044,3,-35.3597184,149.1650847,99.996,0.05795993141988361,10.69,0.0
138.144,3,-35.3597088,149.1650847,100.001,0.06640095133653512,10.69,0.0
138.244,3,-35.3596992,149.1650847,100.003,0.05681290653646443,10.68,0.0
138.344,3,-35.3596897,149.1650847,100.002,0.0922077672385837,10.68,0.01
138.44400000000002,3,-35.3596801,149.1650847,99.997,0.13063972091393808,10.67,0.01
138.544,3,-35.3596706,149.1650847,99.993,0.142287901512094,10.67,0.02
138.644,3,-35.359660999999996,149.1650848,99.99000000000001,0.09791815890036476,10.67,0.02
138.744,3,-35.3596515,149.1650848,99.98700000000001,0.003326993732475473,10.66,0.03
138.844,3,-35.359642,149.1650848,99.98400000000001,-0.07614269540325092,10.66,0.03
138.94400000000002,3,-35.3596325,149.1650848,99.98100000000001,-0.12607692776474477,10.66,0.02
139.044,3,-35.3596229,149.16508489999998,99.97800000000001,-0.19859710160758984,10.66,0.02
139.144,3,-35.3596134,149.16508489999998,99.97500000000001,-0.22810860144328277,10.66,0.02
139.225,3,-35.359605699999996,149.16508489999998,99.97500000000001,-0.22143812130597196,10.66,0.02
139.32500000000002,3,-35.359595999999996,149.16508489999998,99.976,-0.2146169901407374,10.66,0.02
139.425,3,-35.3595864,149.16508489999998,99.976,-0.19735966342905392,10.66,0.02
139.525,3,-35.3595767,149.16508489999998,99.976,-0.18658544021975548,10.67,0.02
139.644,3,-35.3595651,149.165085,99.97500000000001,-0.1675303063329042,10.68,0.01
139.744,3,-35.3595554,149.165085,99.974,-0.16980055715935327,10.69,0.01
139.844,3,-35.3595457,149.165085,99.974,-0.18834618828259073,10.69,0.01
139.94400000000002,3,-35.359536,149.165085,99.976,-0.1721652300149925,10.700000000000001,0.02
140.044,3,-35.3595263,149.165085,99.979,-0.09907940445107932,10.700000000000001,0.02
140.144,3,-35.3595167,149.165085,99.986,-0.10270662176653955,10.69,0.02
140.244,3,-35.3595071,149.1650851,99.994,-0.1324232273805312,10.69,0.02
140.344,3,-35.359497499999996,149.1650851,100.003,-0.1620590046426066,10.68,0.01
140.44400000000002,3,-35.359488,149.1650851,100.011,-0.17326846564850826,10.68,0.01
140.544,3,-35.3594784,149.1650851,100.017,-0.1799950280422072,10.68,0.01
140.644,3,-35.359468899999996,149.1650851,100.019,-0.20936236019360263,10.67,0.01
140.744,3,-35.3594594,149.1650851,100.02,-0.20433496743850302,10.67,0.01
140.844,3,-35.3594498,149.1650851,100.018,-0.2027391044111001,10.66,0.01
140.94400000000002,3,-35.359440299999996,149.1650851,100.015,-0.23428552037178083,10.66,0.0
141.044,3,-35.3594308,149.1650851,100.012,-0.2318978623287589,10.66,0.0
141.144,3,-35.3594212,149.1650851,100.01,-0.22057203464291583,10.66,0.0
141.244,3,-35.359411699999995,149.1650851,100.007,-0.19092218345589046,10.65,0.0
141.32500000000002,3,-35.359404,149.1650851,100.005,-0.15369566478755078,10.65,-0.01
141.425,3,-35.3593945,149.1650851,99.999,-0.13357097930557102,10.65,-0.01
141.525,3,-35.3593848,149.1650851,99.994,-0.06915972744130541,10.65,-0.02
141.644,3,-35.3593733,149.1650851,99.992,-0.011480778431241151,10.65,-0.03
141.744,3,-35.3593636,149.165085,99.995,-0.0022745772243498823,10.66,-0.03
141.844,3,-35.359353899999995,149.165085,100.0,0.009339592500194836,10.66,-0.04
141.94400000000002,3,-35.359344199999995,149.16508489999998,100.005,0.06444693693463628,10.66,-0.04
142.044,3,-35.3593346,149.16508489999998,100.008,0.12062112740221195,10.66,-0.04
142.144,3,-35.3593249,149.1650848,100.009,0.17326139533550022,10.67,-0.03
142.244,3,-35.3593152,149.1650848,100.009,0.21224872876774126,10.67,-0.03
142.344,3,-35.3593056,149.1650848,100.009,0.2522479040327094,10.67,-0.02
142.44400000000002,3,-35.3592961,149.1650847,100.007,0.25815913927466455,10.67,-0.02
142.544,3,-35.359286499999996,149.1650847,100.004,0.25913182758158315,10.66,-0.02
142.644,3,-35.359277,149.1650847,100.003,0.2563117331867348,10.67,-0.02
142.744,3,-35.3592674,149.1650846,100.003,0.2688778938773831,10.67,-0.02
142.844,3,-35.359257899999996,149.1650846,100.002,0.3075667800594063,10.67,-0.02
142.94400000000002,3,-35.3592484,149.1650845,100.002,0.32661871229508416,10.66,-0.02
143.044,3,-35.3592388,149.1650845,100.004,0.3410079732051705,10.66,-0.02
143.144,3,-35.359229299999996,149.1650845,100.006,0.36939941539847393,10.66,-0.01
143.244,3,-35.3592197,149.16508439999998,100.004,0.3846402354794169,10.66,-0.01
143.345,3,-35.3592102,149.16508439999998,100.002,0.3697797448774526,10.66,0.0
143.425,3,-35.359202499999995,149.16508439999998,100.002,0.33964887228204377,10.66,0.0
143.525,3,-35.359192799999995,149.16508439999998,100.004,0.3188634593793578,10.66,0.0
143.625,3,-35.3591832,149.16508439999998,100.006,0.28013583321813595,10.66,0.0
143.744,3,-35.359171599999996,149.16508439999998,100.005,0.256575095676177,10.67,0.0
143.844,3,-35.3591619,149.16508439999998,100.004,0.238111867050016,10.68,0.0
143.94400000000002,3,-35.3591522,149.16508439999998,100.003,0.2046513439352921,10.68,0.0
144.044,3,-35.3591425,149.16508439999998,100.002,0.14025770782258706,10.69,0.0
144.144,3,-35.3591328,149.1650843,100.001,0.11436679521638268,10.69,0.0
144.244,3,-35.3591231,149.1650843,100.001,0.14830412423211164,10.700000000000001,0.0
144.344,3,-35.3591135,149.1650843,100.002,0.209547255548869,10.700000000000001,0.0
144.44400000000002,3,-35.3591039,149.1650843,100.001,0.2184733256182972,10.69,0.01
144.544,3,-35.359094299999995,149.1650843,100.0,0.21353237744488052,10.69,0.01
144.644,3,-35.3590847,149.1650843,100.001,0.20104097530913212,10.68,0.01
144.744,3,-35.3590752,149.1650843,100.004,0.17346482024693288,10.67,0.02
144.844,3,-35.359065699999995,149.1650843,100.008,0.1810558151172484,10.67,0.02
144.94400000000002,3,-35.3590561,149.1650843,100.012,0.18543808850111235,10.66,0.03
145.044,3,-35.3590466,149.1650843,100.016,0.18803277331313706,10.66,0.03
145.144,3,-35.3590371,149.1650843,100.021,0.1671874761932945,10.65,0.03
145.244,3,-35.3590276,149.16508439999998,100.025,0.1101770277794286,10.65,0.03
145.344,3,-35.359018,149.16508439999998,100.025,0.040420485878966884,10.65,0.03
145.425,3,-35.359010399999995,149.16508439999998,100.024,0.014123727300942192,10.65,0.03
145.525,3,-35.359000699999996,149.16508439999998,100.022,0.009550322845893572,10.65,0.03
145.625,3,-35.3589911,149.16508439999998,100.017,-0.034889730193389146,10.66,0.03
145.725,3,-35.3589814,149.16508439999998,100.009,-0.07079991332714067,10.67,0.03
145.844,3,-35.3589698,149.1650845,99.999,-0.08476859066484894,10.68,0.03
145.94400000000002,3,-35.3589601,149.1650845,99.993,-0.06680570674592448,10.68,0.03
146.044,3,-35.3589504,149.1650845,99.99000000000001,-0.03374475636775295,10.69,0.03
146.144,3,-35.3589407,149.1650845,99.991,-0.005998094204011341,10.69,0.03
146.244,3,-35.358931,149.1650845,99.995,-0.015573831823620774,10.69,0.02
146.344,3,-35.3589214,149.1650845,100.001,-0.009394092273789447,10.69,0.02
146.44400000000002,3,-35.3589118,149.1650845,100.007,-0.02531729010773569,10.68,0.02
146.544,3,-35.358902199999996,149.1650845,100.014,-0.015680318408144173,10.68,0.01
146.644,3,-35.3588927,149.1650845,100.02,-0.00036824574708886984,10.67,0.01
146.744,3,-35.3588831,149.1650845,100.025,0.030728837647955556,10.67,0.01
146.844,3,-35.358873599999995,149.1650845,100.03,0.06443156233889714,10.66,0.01
146.94400000000002,3,-35.3588641,149.1650845,100.033,0.050054474373376484,10.66,0.01
147.044,3,-35.3588545,149.1650846,100.035,-0.0047418546624647204,10.66,0.01
147.144,3,-35.358844999999995,149.1650846,100.033,-0.07753891546966979,10.65,0.01
147.244,3,-35.3588355,149.1650846,100.029,-0.1223416413819676,10.65,0.01
147.344,3,-35.3588259,149.1650846,100.024,-0.09990456333996826,10.65,0.0
147.44400000000002,3,-35.358816399999995,149.1650846,100.022,-0.0880798050094903,10.65,0.0
147.525,3,-35.3588088,149.1650846,100.022,-0.08346434469849386,10.65,0.0
147.625,3,-35.3587991,149.1650845,100.022,-0.04421090736299339,10.65,0.0
147.725,3,-35.3587895,149.1650845,100.021,0.0029911294770171774,10.65,0.0
147.82500000000002,3,-35.3587799,149.1650846,100.017,0.021048395196051277,10.66,0.0
147.94400000000002,3,-35.3587682,149.1650846,100.011,0.021519406441937745,10.66,0.0
148.044,3,-35.3587586,149.1650846,100.006,0.09958696621366929,10.67,0.0
148.144,3,-35.3587489,149.1650846,100.003,0.17516761842352882,10.68,0.0
148.244,3,-35.358739199999995,149.1650845,100.003,0.22580970917904455,10.68,0.0
148.344,3,-35.3587294,149.1650845,100.006,0.24214186542330865,10.69,0.0
148.44400000000002,3,-35.358719799999996,149.1650845,100.009,0.2254480026377248,10.69,0.0
148.544,3,-35.358710099999996,149.1650845,100.01,0.1828242604831131,10.69,0.0
148.644,3,-35.3587005,149.1650845,100.014,0.18116349731838186,10.68,0.0
148.744,3,-35.358691,149.1650845,100.018,0.153524042944441,10.67,0.0
148.844,3,-35.3586814,149.1650845,100.022,0.1693402797825311,10.67,0.01
148.94400000000002,3,-35.3586719,149.1650845,100.025,0.17464857740746073,10.66,0.01
149.044,3,-35.3586624,149.1650845,100.025,0.17689825762512046,10.66,0.02
149.144,3,-35.3586528,149.1650845,100.021,0.18026231255433686,10.66,0.02
149.244,3,-35.3586433,149.1650845,100.016,0.1723648929862964,10.66,0.02
149.344,3,-35.3586338,149.1650846,100.009,0.15780182243813173,10.66,0.03
149.44400000000002,3,-35.3586242,149.1650846,100.002,0.12987520663435942,10.65,0.03
149.544,3,-35.3586147,149.1650846,99.998,0.10243394780826795,10.65,0.03
149.625,3,-35.3586071,149.1650846,99.997,0.07333317312738154,10.65,0.03
149.725,3,-35.3585973,149.1650847,100.001,-0.012976749108269289,10.65,0.03
149.82500000000002,3,-35.3585877,149.1650847,100.005,-0.06668305682555516,10.65,0.02
149.925,3,-35.358578,149.1650847,100.01,-0.10966834543892794,10.66,0.01
150.044,3,-35.3585664,149.1650847,100.016,-0.11660887151250549,10.66,0.01
150.144,3,-35.358556799999995,149.1650847,100.02,-0.10571276544509803,10.66,0.01
150.244,3,-35.358547099999996,149.1650847,100.022,-0.0950910608935745,10.67,0.01
150.344,3,-35.358537399999996,149.1650847,100.021,-0.08601253886743751,10.67,0.0
150.44400000000002,3,-35.358527699999996,149.1650847,100.019,-0.0838120973767827,10.68,0.0
150.544,3,-35.3585182,149.1650847,100.015,-0.11737277214227587,10.67,0.0
150.644,3,-35.3585086,149.1650846,100.013,-0.10312597136919453,10.67,0.0
150.744,3,-35.358499,149.1650846,100.012,-0.08776293492481195,10.67,0.0
150.844,3,-35.3584895,149.1650846,100.01,-0.01835827449863151,10.66,0.0
150.94400000000002,3,-35.35848,149.1650846,100.01,0.020042436397355336,10.66,-0.01
151.044,3,-35.3584704,149.1650846,100.012,0.07702525722963706,10.65,0.0
151.144,3,-35.3584609,149.1650846,100.013,0.17796184614493837,10.65,0.0
151.244,3,-35.3584514,149.1650846,100.014,0.24985635064742648,10.65,0.0
151.344,3,-35.358441899999995,149.1650846,100.015,0.29300265563439704,10.65,0.0
151.44400000000002,3,-35.3584324,149.1650846,100.016,0.23554878520311584,10.65,0.0
151.544,3,-35.3584228,149.1650846,100.014,0.17953699182120647,10.64,0.0
151.644,3,-35.358413299999995,149.1650846,100.014,0.14117167251089938,10.64,0.0
151.725,3,-35.3584057,149.1650846,100.015,0.13603483664652088,10.64,0.01
151.82500000000002,3,-35.3583961,149.1650846,100.015,0.14030941448903816,10.64,0.01
151.925,3,-35.3583864,149.1650846,100.012,0.14443155371505986,10.64,0.02
152.044,3,-35.3583749,149.1650846,100.009,0.14128252968277988,10.65,0.02
152.144,3,-35.3583652,149.1650846,100.007,0.15533843200464464,10.66,0.02
152.244,3,-35.3583555,149.1650846,100.006,0.1424934608576423,10.66,0.02
152.344,3,-35.358345799999995,149.1650846,100.005,0.08748261702436376,10.67,0.02
152.44400000000002,3,-35.3583362,149.1650847,100.004,0.0688739333833293,10.68,0.02
152.544,3,-35.3583265,149.1650847,100.004,0.0413336168039528,10.68,0.02
152.644,3,-35.3583168,149.1650847,100.005,0.0034954904221970217,10.68,0.02
152.744,3,-35.3583072,149.1650847,100.007,0.0017806383207502577,10.68,0.02
152.844,3,-35.3582976,149.1650847,100.009,0.02314012728915446,10.68,0.02
152.94400000000002,3,-35.358288,149.1650847,100.009,0.02886811135712293,10.67,0.01
153.044,3,-35.3582785,149.1650847,100.009,0.007853516092561295,10.67,0.02
153.144,3,-35.3582689,149.1650847,100.011,-0.03803492891952754,10.66,0.02
153.244,3,-35.3582594,149.1650847,100.011,-0.07768441050518296,10.66,0.02
153.344,3,-35.3582499,149.1650847,100.01,-0.1290165371298551,10.66,0.01
153.44400000000002,3,-35.3582404,149.1650847,100.008,-0.12913631890438157,10.65,0.0
153.544,3,-35.3582308,149.1650847,100.005,-0.09709415393991958,10.65,0.0
153.644,3,-35.3582213,149.1650847,100.001,-0.0006116252745561675,10.65,0.0
153.744,3,-35.3582118,149.1650847,99.996,0.05615588102492755,10.65,0.0
153.82500000000002,3,-35.3582041,149.1650847,99.992,0.05599006217456962,10.65,0.0
153.925,3,-35.358194399999995,149.1650847,99.989,0.06003964398087316,10.65,0.0
154.025,3,-35.3581848,149.1650847,99.98700000000001,0.08169347141382259,10.65,0.0
154.144,3,-35.358173199999996,149.1650847,99.986,0.06524329430317745,10.66,0.0
154.244,3,-35.358163499999996,149.1650847,99.98700000000001,0.02586636828140129,10.67,0.0
154.344,3,-35.3581538,149.1650847,99.98700000000001,0.01306847307933514,10.67,0.0
154.44400000000002,3,-35.3581441,149.1650847,99.986,0.020482645090910634,10.68,0.0
154.544,3,-35.3581344,149.1650847,99.98400000000001,0.0202590347693454,10.68,0.0
154.644,3,-35.3581248,149.1650847,99.983,0.030143645849569505,10.68,0.0
154.744,3,-35.3581152,149.1650847,99.986,0.08305460671946581,10.68,0.0
154.844,3,-35.3581056,149.1650847,99.988,0.13756749374367472,10.68,0.0
154.94400000000002,3,-35.358095999999996,149.1650847,99.991,0.12300607738194967,10.68,0.0
155.044,3,-35.3580864,149.1650847,99.994,0.08024926660044175,10.68,0.0
155.144,3,-35.3580769,149.1650847,99.997,0.0624931293060424,10.68,0.0
155.244,3,-35.358067399999996,149.1650847,99.997,0.05669408525729001,10.68,0.0
155.344,3,-35.3580578,149.1650847,99.993,0.03189085693103703,10.68,0.0
155.44400000000002,3,-35.3580483,149.1650847,99.986,0.04735194727765962,10.68,0.0
155.544,3,-35.3580387,149.1650846,99.979,0.057829897691495526,10.68,-0.01
155.644,3,-35.3580292,149.1650846,99.97200000000001,0.05931947924015333,10.68,-0.01
155.744,3,-35.3580196,149.1650846,99.96900000000001,0.06668028873131145,10.67,-0.02
155.845,3,-35.3580101,149.1650845,99.96900000000001,0.1098932947843954,10.67,-0.03
155.925,3,-35.358002299999995,149.1650845,99.971,0.14613028312662285,10.66,-0.03
156.025,3,-35.3579928,149.1650845,99.97500000000001,0.16219695578754237,10.66,-0.03
156.125,3,-35.3579831,149.16508439999998,99.979,0.22338208385720748,10.67,-0.03
156.244,3,-35.3579716,149.16508439999998,99.983,0.35159530002721917,10.67,-0.03
156.344,3,-35.3579619,149.1650843,99.983,0.4275562083448846,10.68,-0.02
156.44400000000002,3,-35.3579522,149.1650843,99.982,0.46579910451844714,10.68,-0.01
156.544,3,-35.3579425,149.1650842,99.98100000000001,0.44161673972073767,10.69,-0.01
156.644,3,-35.3579328,149.1650842,99.98,0.44901567554128624,10.69,0.0
156.744,3,-35.3579231,149.1650842,99.977,0.44685933679554557,10.69,0.0
156.844,3,-35.357913499999995,149.1650842,99.97500000000001,0.40785594174658446,10.69,0.0
156.94400000000002,3,-35.3579039,149.1650842,99.974,0.3097174625547405,10.69,0.0
157.044,3,-35.3578943,149.1650842,99.977,0.2551115408835166,10.69,0.0
157.144,3,-35.3578848,149.1650841,99.985,0.24930921514231144,10.69,0.0
157.244,3,-35.357875199999995,149.1650841,99.995,0.2595359293205246,10.68,0.0
157.344,3,-35.3578656,149.1650841,100.003,0.229072165044357,10.68,0.0
157.44400000000002,3,-35.3578561,149.1650841,100.008,0.2608084789402626,10.67,0.0
157.544,3,-35.3578465,149.1650841,100.011,0.31254243946762833,10.66,0.01
157.644,3,-35.357836999999996,149.1650841,100.009,0.3372366148858392,10.66,0.02
157.744,3,-35.3578274,149.1650841,100.005,0.3311110024173956,10.65,0.02
157.844,3,-35.3578179,149.1650842,100.003,0.3301939961604685,10.65,0.02
157.925,3,-35.357810199999996,149.1650841,100.0,0.2874460032599008,10.65,0.03
158.025,3,-35.3578006,149.1650841,99.997,0.2557761503062706,10.64,0.03
158.125,3,-35.357791,149.1650841,99.996,0.2134111282468996,10.65,0.03
158.225,3,-35.3577813,149.1650842,99.994,0.16402928743453052,10.65,0.04
158.344,3,-35.3577697,149.1650842,99.992,0.17914764435808928,10.65,0.04
158.44400000000002,3,-35.35776,149.1650842,99.991,0.212625469729363,10.66,0.05
158.544,3,-35.3577503,149.1650843,99.992,0.19452658900673991,10.66,0.05
158.644,3,-35.3577407,149.1650843,99.994,0.13302034866459164,10.66,0.05
158.744,3,-35.357731,149.16508439999998,99.996,0.07324419390518626,10.67,0.05
158.844,3,-35.3577213,149.16508439999998,99.997,-0.028670749572599973,10.67,0.05
158.94400000000002,3,-35.357711699999996,149.16508439999998,99.996,-0.1113528208326625,10.67,0.05
159.044,3,-35.3577021,149.1650845,99.996,-0.19964297432424805,10.67,0.04
159.144,3,-35.3576925,149.1650845,99.995,-0.24412910362623857,10.67,0.03
159.244,3,-35.357683,149.1650845,99.993,-0.22451538833132714,10.67,0.03
159.344,3,-35.357673399999996,149.1650845,99.991,-0.19396999529044998,10.66,0.02
159.44400000000002,3,-35.3576639,149.1650845,99.989,-0.14638597499346198,10.66,0.02
159.544,3,-35.3576544,149.1650845,99.988,-0.07787105342838149,10.66,0.02
159.644,3,-35.357644799999996,149.1650845,99.98700000000001,-0.01642975491172787,10.66,0.02
159.744,3,-35.3576353,149.1650845,99.985,-0.003698236441841151,10.65,0.02
159.844,3,-35.3576258,149.1650845,99.98400000000001,-0.02884960181127646,10.65,0.01
159.94400000000002,3,-35.357616199999995,149.1650845,99.982,-0.02904350181046813,10.65,0.02
160.025,3,-35.3576086,149.1650845,99.98100000000001,-0.023023508812688432,10.65,0.02
160.125,3,-35.3575989,149.1650845,99.979,-0.03707482710378456,10.65,0.02
160.225,3,-35.3575893,149.1650845,99.977,-0.07712111333174863,10.66,0.02
160.32500000000002,3,-35.3575796,149.1650846,99.97500000000001,-0.10149640429308453,10.66,0.03
160.44400000000002,3,-35.357568,149.1650846,99.974,-0.09886030478911001,10.67,0.03
160.544,3,-35.3575583,149.1650846,99.974,-0.06473677974732547,10.67,0.03
160.644,3,-35.3575486,149.1650846,99.976,-0.03796454261951137,10.67,0.03
160.744,3,-35.3575389,149.1650847,99.98100000000001,-0.0029344308610899715,10.68,0.03
160.844,3,-35.3575292,149.1650847,99.983,0.03278357399473893,10.68,0.03
160.94400000000002,3,-35.3575197,149.1650847,99.982,0.03164421639886949,10.68,0.04
161.044,3,-35.3575101,149.1650848,99.979,-0.0027489112255329557,10.68,0.04
161.144,3,-35.3575005,149.1650848,99.977,-0.07870011432963807,10.68,0.03
161.244,3,-35.357490999999996,149.1650848,99.976,-0.12429983794071174,10.67,0.03
161.344,3,-35.3574814,149.1650848,99.97800000000001,-0.1223709364902046,10.67,0.03
161.44400000000002,3,-35.3574719,149.16508489999998,99.982,-0.1464346934521512,10.66,0.04
161.544,3,-35.357462399999996,149.16508489999998,99.988,-0.15609334133070293,10.66,0.04
161.644,3,-35.3574528,149.16508489999998,99.994,-0.1575331238634005,10.65,0.04
161.744,3,-35.3574433,149.165085,99.999,-0.19989918645940286,10.65,0.04
161.844,3,-35.357433799999995,149.165085,100.004,-0.2290826237715236,10.64,0.04
161.94400000000002,3,-35.3574243,149.165085,100.006,-0.27568967355314855,10.64,0.03
162.044,3,-35.3574148,149.1650851,100.006,-0.2774225939312013,10.63,0.03
162.125,3,-35.357407099999996,149.1650851,100.003,-0.28656557586763026,10.63,0.03
162.225,3,-35.3573975,149.1650851,99.996,-0.2750590016328331,10.63,0.02
162.32500000000002,3,-35.3573879,149.1650851,99.988,-0.2680618463541252,10.63,0.02
162.425,3,-35.3573783,149.1650851,99.982,-0.277634409836751,10.64,0.02
162.544,3,-35.3573667,149.1650851,99.98,-0.28011160739092356,10.64,0.01
162.644,3,-35.357357,149.1650851,99.98,-0.2677809548245085,10.64,0.01
162.744,3,-35.3573473,149.1650851,99.982,-0.23681245024084752,10.65,0.01
162.844,3,-35.357337699999995,149.1650851,99.986,-0.21963021558939452,10.65,0.01
162.94400000000002,3,-35.357327999999995,149.1650851,99.993,-0.14892265655839448,10.65,0.01
163.044,3,-35.357318299999996,149.1650852,100.0,-0.12762987532621028,10.65,0.01
163.144,3,-35.3573088,149.1650852,100.006,-0.14387677426776824,10.65,0.01
163.244,3,-35.3572992,149.1650852,100.011,-0.1539129902011615,10.65,0.01
163.344,3,-35.357289699999995,149.1650852,100.015,-0.175744595985623,10.65,0.01
163.44400000000002,3,-35.3572801,149.1650852,100.016,-0.18139012086060877,10.65,0.01
163.544,3,-35.3572706,149.1650852,100.017,-0.19064556079450495,10.65,0.01
163.644,3,-35.357261099999995,149.1650852,100.017,-0.1829378924193439,10.65,0.01
163.744,3,-35.3572516,149.1650852,100.018,-0.13886368222124332,10.65,0.01
163.844,3,-35.357242,149.1650852,100.018,-0.12246842676843596,10.65,0.01
163.94400000000002,3,-35.357232499999995,149.1650852,100.021,-0.10054474683231152,10.65,0.01
164.044,3,-35.357223,149.1650852,100.023,-0.0467064277000273,10.65,0.01
164.144,3,-35.3572135,149.1650852,100.025,-0.035530317227182376,10.65,0.01
164.225,3,-35.357205799999996,149.1650852,100.026,-0.058616956931420494,10.64,0.0
164.32500000000002,3,-35.357196099999996,149.1650852,100.027,-0.07137840500343563,10.64,0.0
164.425,3,-35.3571865,149.1650852,100.027,-0.042635458196874504,10.65,0.0
164.544,3,-35.3571749,149.1650852,100.024,-0.026106705562821114,10.65,0.0
164.644,3,-35.3571652,149.1650852,100.021,-0.008383375187789642,10.66,0.0
164.744,3,-35.3571556,149.1650852,100.016,-0.02174086565412082,10.66,0.0
164.844,3,-35.3571459,149.1650852,100.011,-0.03426225658919381,10.67,0.0
164.94400000000002,3,-35.3571362,149.1650852,100.006,-0.03384446779148588,10.67,-0.01
165.044,3,-35.3571265,149.1650852,100.001,-0.03785560310328165,10.68,-0.01
165.144,3,-35.3571169,149.1650852,100.0,-0.050677085469852154,10.68,-0.01
165.244,3,-35.357107299999996,149.1650852,100.003,-0.012992468882025566,10.68,-0.01
165.344,3,-35.3570978,149.1650852,100.009,0.005487708485034803,10.67,-0.01
165.44400000000002,3,-35.3570882,149.1650851,100.017,0.038399280158118713,10.67,-0.01
165.544,3,-35.357078699999995,149.1650851,100.024,0.0878441834934447,10.66,0.0
165.644,3,-35.3570692,149.1650851,100.03,0.11497836395136328,10.65,0.0
165.744,3,-35.3570597,149.1650851,100.033,0.13235641959271202,10.64,0.0
165.844,3,-35.357050199999996,149.1650851,100.034,0.12631142203277304,10.63,0.0
165.94400000000002,3,-35.3570407,149.165085,100.031,0.09343165843059197,10.63,0.0
166.044,3,-35.3570312,149.165085,100.026,0.09374908213411906,10.63,0.0
166.144,3,-35.3570217,149.165085,100.021,0.12246443804468238,10.620000000000001,0.0
166.245,3,-35.3570122,149.165085,100.015,0.12100397818148968,10.620000000000001,0.01
166.32500000000002,3,-35.357004499999995,149.165085,100.012,0.11446159077154305,10.620000000000001,0.02
166.425,3,-35.356995,149.165085,100.009,0.0931349454080931,10.61,0.02
166.525,3,-35.3569854,149.165085,100.011,0.033952063281233416,10.61,0.02
166.644,3,-35.3569738,149.165085,100.016,-0.04830917761250641,10.61,0.01
166.744,3,-35.3569642,149.165085,100.023,-0.09282000965433204,10.620000000000001,0.0
166.844,3,-35.3569546,149.165085,100.029,-0.12951990339538655,10.620000000000001,0.0
166.94400000000002,3,-35.356944899999995,149.165085,100.03,-0.16141492580800235,10.620000000000001,0.0
167.044,3,-35.356935299999996,149.165085,100.03,-0.19258991021192395,10.620000000000001,0.0
167.144,3,-35.3569257,149.165085,100.027,-0.19599720077219507,10.63,0.0
167.244,3,-35.3569161,149.165085,100.023,-0.14765855129362643,10.63,0.0
167.344,3,-35.356906599999995,149.165085,100.018,-0.06358206423098342,10.64,0.0
167.44400000000002,3,-35.3568971,149.16508489999998,100.014,0.012984281326160146,10.64,0.0
167.544,3,-35.3568875,149.16508489999998,100.012,0.005189260817935317,10.64,0.0
167.644,3,-35.356878,149.16508489999998,100.012,-0.025498898767969316,10.64,0.0
167.744,3,-35.3568685,149.16508489999998,100.015,-0.03786589841283625,10.64,0.0
167.844,3,-35.3568589,149.16508489999998,100.018,-0.06201712381783069,10.64,0.0
167.94400000000002,3,-35.3568494,149.16508489999998,100.021,-0.08404140897197399,10.64,-0.01
168.044,3,-35.3568399,149.16508489999998,100.021,-0.09975906163434849,10.64,-0.01
168.144,3,-35.3568303,149.1650848,100.018,-0.06867268292665193,10.65,-0.02
168.244,3,-35.3568208,149.1650848,100.013,0.014156502537303666,10.65,-0.02
168.345,3,-35.356811199999996,149.1650848,100.004,0.09428895389313435,10.65,-0.02
168.425,3,-35.3568035,149.1650847,99.998,0.15195189881614804,10.66,-0.02
168.525,3,-35.3567938,149.1650847,99.991,0.20494872396845212,10.66,-0.02
168.625,3,-35.3567842,149.1650847,99.986,0.23923874154136232,10.67,-0.02
168.744,3,-35.3567725,149.1650847,99.985,0.2977021726289096,10.68,-0.01
168.844,3,-35.3567629,149.1650847,99.98700000000001,0.3250283721159555,10.68,0.0
168.94400000000002,3,-35.3567531,149.1650847,99.988,0.3152819322941853,10.69,0.0
169.044,3,-35.3567434,149.1650847,99.99000000000001,0.3157242937646494,10.700000000000001,0.01
169.144,3,-35.3567337,149.1650847,99.993,0.30018641381566374,10.700000000000001,0.02
169.244,3,-35.356724,149.1650847,99.996,0.2833400190320917,10.700000000000001,0.02
169.344,3,-35.3567144,149.1650847,99.997,0.202064663251201,10.700000000000001,0.03
169.44400000000002,3,-35.356704799999996,149.1650847,99.995,0.11997900957895143,10.700000000000001,0.04
169.544,3,-35.3566952,149.1650847,99.994,0.02303220496418297,10.700000000000001,0.04
169.644,3,-35.3566856,149.1650847,99.994,-0.05035213121596086,10.69,0.03
169.744,3,-35.3566761,149.1650848,99.995,-0.1039143846407616,10.68,0.03
169.844,3,-35.356666499999996,149.1650848,99.995,-0.12992755363104525,10.68,0.03
169.94400000000002,3,-35.356657,149.1650848,99.995,-0.13298861229733488,10.67,0.04
170.044,3,-35.3566474,149.16508489999998,99.993,-0.13987345632092094,10.66,0.04
170.144,3,-35.356637899999996,149.16508489999998,99.99000000000001,-0.1542648383249097,10.66,0.04
170.244,3,-35.3566284,149.16508489999998,99.988,-0.13771561013108616,10.65,0.04
170.344,3,-35.3566188,149.165085,99.98700000000001,-0.11471865668034413,10.65,0.04
170.425,3,-35.356611199999996,149.165085,99.985,-0.13711391315389035,10.65,0.04
170.525,3,-35.3566015,149.165085,99.983,-0.21005994662344307,10.65,0.04
170.625,3,-35.3565919,149.165085,99.983,-0.25892315996635396,10.65,0.04
170.725,3,-35.3565822,149.1650851,99.985,-0.2607747815616621,10.66,0.03
170.844,3,-35.3565706,149.1650851,99.988,-0.30345073731082733,10.66,0.03
170.94400000000002,3,-35.3565609,149.1650851,99.988,-0.30461958011297224,10.67,0.02
171.044,3,-35.3565512,149.1650851,99.986,-0.27398692873740554,10.68,0.02
171.144,3,-35.3565415,149.1650851,99.982,-0.3070710844164779,10.68,0.01
171.244,3,-35.3565319,149.1650851,99.977,-0.3330439993133621,10.69,0.0
171.344,3,-35.3565223,149.1650851,99.976,-0.35055927238791934,10.69,0.0
171.44400000000002,3,-35.356512599999995,149.1650851,99.979,-0.31564892155994123,10.68,-0.01
171.544,3,-35.3565031,149.1650851,99.985,-0.2822431867009229,10.68,-0.01
171.644,3,-35.3564935,149.165085,99.992,-0.19785707995948804,10.68,-0.01
171.744,3,-35.356484,149.165085,100.0,-0.11281129967419162,10.68,-0.01
171.844,3,-35.356474399999996,149.165085,100.007,-0.054368782705924205,10.68,0.0
171.94400000000002,3,-35.3564649,149.165085,100.011,0.022824994767248367,10.67,0.0
172.044,3,-35.3564553,149.165085,100.011,0.07392247704649348,10.67,0.0
172.144,3,-35.356445799999996,149.165085,100.007,0.11293971256667315,10.67,0.0
172.244,3,-35.3564362,149.165085,100.004,0.15927466201919505,10.67,0.0
172.344,3,-35.3564267,149.165085,100.002,0.14766208645013046,10.66,0.0
172.44400000000002,3,-35.3564171,149.165085,100.0,0.12719449078726167,10.66,0.0
172.525,3,-35.3564095,149.165085,99.998,0.10894466555202394,10.66,0.0
172.625,3,-35.3563999,149.165085,99.997,0.05977397363454347,10.66,0.0
172.725,3,-35.3563902,149.165085,99.999,0.013844763432136096,10.66,-0.01
172.82500000000002,3,-35.3563806,149.165085,100.001,0.0010686341428081548,10.66,-0.02
172.94400000000002,3,-35.356369,149.16508489999998,100.001,0.04910121942207005,10.66,-0.02
173.044,3,-35.3563593,149.16508489999998,100.0,0.08025721736752246,10.67,-0.02
173.144,3,-35.3563496,149.16508489999998,99.996,0.10276313090975082,10.67,-0.02
173.244,3,-35.3563399,149.1650848,99.993,0.1511395732123793,10.67,-0.02
173.344,3,-35.356330199999995,149.1650848,99.991,0.16788935817179265,10.68,-0.01
173.44400000000002,3,-35.3563206,149.1650848,99.991,0.18252379886069867,10.68,-0.01
173.544,3,-35.356311,149.1650847,99.992,0.1705914183600467,10.68,-0.01
173.644,3,-35.3563014,149.1650847,99.994,0.16678540216676288,10.68,-0.02
173.744,3,-35.3562918,149.1650847,99.996,0.17284191233071303,10.67,-0.02
173.844,3,-35.3562823,149.1650846,99.999,0.18148527660152616,10.66,-0.01
173.94400000000002,3,-35.3562727,149.1650846,100.001,0.17688278297778215,10.66,0.0
174.044,3,-35.3562632,149.1650846,100.001,0.1878869381021867,10.65,0.0
174.144,3,-35.356253699999996,149.1650846,99.999,0.2168277702966398,10.65,-0.01
174.244,3,-35.3562442,149.1650845,99.997,0.24641767056544242,10.65,-0.01
174.344,3,-35.3562346,149.1650845,99.994,0.3105676610238484,10.64,-0.01
174.44400000000002,3,-35.356225099999996,149.1650845,99.992,0.303891631357837,10.64,-0.01
174.544,3,-35.3562156,149.16508439999998,99.992,0.27806761992094436,10.64,-0.01
174.625,3,-35.356207999999995,149.16508439999998,99.992,0.25566814794001974,10.64,-0.01
174.725,3,-35.356198299999996,149.16508439999998,99.991,0.2701745626026277,10.65,-0.01
174.82500000000002,3,-35.356188599999996,149.16508439999998,99.989,0.27422150304671317,10.65,0.0
174.925,3,-35.356179,149.1650843,99.98400000000001,0.2889642529267741,10.66,0.0
175.044,3,-35.3561674,149.1650843,99.97500000000001,0.2938652338213756,10.67,0.0
175.144,3,-35.3561577,149.1650843,99.967,0.2947866156682397,10.68,0.0
175.244,3,-35.356148,149.1650843,99.96300000000001,0.2978708996457501,10.68,0.0
175.344,3,-35.3561383,149.1650843,99.964,0.30576323659255267,10.69,0.01
175.44400000000002,3,-35.3561286,149.1650843,99.97,0.27866360728688083,10.700000000000001,0.01
175.544,3,-35.356119,149.1650843,99.977,0.2700837691114341,10.700000000000001,0.02
175.644,3,-35.3561093,149.1650843,99.982,0.2971015161883451,10.700000000000001,0.02
175.744,3,-35.356099799999996,149.16508439999998,99.986,0.29071606304675013,10.69,0.03
175.844,3,-35.3560902,149.16508439999998,99.988,0.2448295715421351,10.69,0.03
175.94400000000002,3,-35.3560807,149.1650843,99.989,0.17948497832985122,10.68,0.03
176.044,3,-35.3560711,149.1650843,99.99000000000001,0.15242542302470033,10.68,0.03
176.144,3,-35.3560616,149.16508439999998,99.99000000000001,0.13928643357827009,10.67,0.03
176.244,3,-35.356052,149.16508439999998,99.991,0.07424005416247263,10.66,0.03
176.344,3,-35.3560425,149.16508439999998,99.992,0.010812416239754971,10.66,0.02
176.44400000000002,3,-35.356033,149.16508439999998,99.993,-0.03298830291201412,10.65,0.02
176.544,3,-35.3560234,149.16508439999998,99.994,-0.05785314968314266,10.65,0.01
176.644,3,-35.3560139,149.16508439999998,99.993,-0.055501160035224886,10.64,0.01
176.725,3,-35.356006199999996,149.16508439999998,99.991,-0.019588485616654026,10.64,0.01
176.82500000000002,3,-35.3559967,149.16508439999998,99.98700000000001,0.03139875647557216,10.63,0.02
176.925,3,-35.355987,149.16508439999998,99.983,0.09001398918443362,10.64,0.02
177.044,3,-35.3559755,149.1650845,99.97800000000001,0.12838717255043547,10.64,0.03
177.144,3,-35.3559658,149.1650845,99.97500000000001,0.1364536259602205,10.64,0.03
177.244,3,-35.3559562,149.1650845,99.976,0.1252394691992645,10.64,0.04
177.344,3,-35.3559465,149.1650845,99.977,0.10720915050249939,10.65,0.05
177.44400000000002,3,-35.355936799999995,149.1650846,99.97800000000001,0.08768046572666933,10.65,0.05
177.544,3,-35.355927099999995,149.1650846,99.98100000000001,0.0541011079925578,10.65,0.05
177.644,3,-35.3559175,149.1650847,99.985,-0.01908423389446994,10.66,0.06
177.744,3,-35.3559079,149.1650848,99.988,-0.12874535727546446,10.66,0.06
177.844,3,-35.3558983,149.1650848,99.99000000000001,-0.23358662660104454,10.67,0.05
177.94400000000002,3,-35.355888799999995,149.16508489999998,99.992,-0.30024977982847145,10.66,0.04
178.044,3,-35.3558792,149.16508489999998,99.993,-0.3030660322419117,10.66,0.04
178.144,3,-35.3558697,149.16508489999998,99.995,-0.32941719554451176,10.66,0.03
178.244,3,-35.355860199999995,149.16508489999998,99.997,-0.33423741478826313,10.66,0.02
178.344,3,-35.3558506,149.165085,100.0,-0.32785785802091255,10.66,0.02
178.44400000000002,3,-35.3558411,149.165085,100.003,-0.3173772262242189,10.66,0.01
178.544,3,-35.3558316,149.165085,100.005,-0.31471534675819157,10.66,0.01
178.644,3,-35.355821999999996,149.165085,100.004,-0.29482479535848305,10.66,0.0
178.745,3,-35.3558125,149.165085,99.999,-0.25409773803944574,10.66,0.0
178.82500000000002,3,-35.3558048,149.165085,99.995,-0.21490561899402333,10.66,0.0
178.925,3,-35.3557951,149.16508489999998,99.99000000000001,-0.16541226733932587,10.66,0.0
179.025,3,-35.355785499999996,149.165085,99.98700000000001,-0.12528856118392398,10.67,0.0
179.144,3,-35.355773899999996,149.165085,99.98700000000001,-0.05853594181651915,10.67,-0.01
179.244,3,-35.355764199999996,149.165085,99.991,-0.03335358129542427,10.67,-0.01
179.344,3,-35.355754499999996,149.165085,99.996,0.025936989702675512,10.68,-0.01
179.44400000000002,3,-35.3557448,149.16508489999998,100.0,0.05022057003315878,10.68,-0.01
179.544,3,-35.3557351,149.16508489999998,100.004,0.06794972341126194,10.69,-0.01
179.644,3,-35.3557254,149.16508489999998,100.007,0.1116608396858676,10.69,-0.01
179.744,3,-35.3557158,149.1650848,100.011,0.12897680997487798,10.69,-0.01
179.844,3,-35.3557062,149.1650848,100.014,0.10723806541465955,10.68,-0.01
179.94400000000002,3,-35.355696699999996,149.1650848,100.016,0.12383753285147972,10.67,-0.01
180.044,3,-35.3556871,149.1650848,100.018,0.13288250424136167,10.66,-0.01
180.144,3,-35.3556776,149.1650847,100.019,0.1516325741322367,10.66,-0.01
180.244,3,-35.355668099999995,149.1650847,100.019,0.1695720793274884,10.65,0.0
180.344,3,-35.3556585,149.1650847,100.017,0.21005499740433745,10.65,0.0
180.44400000000002,3,-35.355649,149.1650847,100.014,0.2571658269981037,10.65,0.0
180.544,3,-35.355639499999995,149.1650847,100.008,0.24105888023346494,10.65,0.0
180.644,3,-35.35563,149.1650847,99.999,0.21173320956796396,10.65,0.0
180.744,3,-35.3556204,149.1650847,99.989,0.18935964428111782,10.65,0.0
180.82500000000002,3,-35.355612799999996,149.1650847,99.983,0.15220564301185666,10.66,-0.01
180.925,3,-35.355603099999996,149.1650847,99.977,0.06828348220588021,10.66,-0.01
181.025,3,-35.3555935,149.1650846,99.973,0.0415784697475485,10.66,-0.01
181.125,3,-35.3555838,149.1650846,99.973,0.08124990932416845,10.67,0.0
181.244,3,-35.3555722,149.1650846,99.976,0.12981969800713986,10.68,0.0
181.344,3,-35.3555624,149.1650846,99.979,0.20380820243897899,10.68,0.0
181.44400000000002,3,-35.3555528,149.1650846,99.983,0.2280834418011448,10.68,0.0
181.544,3,-35.3555431,149.1650846,99.988,0.24380592362070588,10.68,0.0
181.644,3,-35.3555334,149.1650845,99.994,0.2920593958378477,10.68,0.0
181.744,3,-35.3555238,149.1650845,100.0,0.3207655069806477,10.68,0.0
181.844,3,-35.3555142,149.1650845,100.006,0.3024250616769883,10.68,0.0
181.94400000000002,3,-35.355504599999996,149.1650845,100.01,0.2735355759632293,10.67,0.0
182.044,3,-35.3554951,149.1650845,100.011,0.27854431910024363,10.67,0.0
182.144,3,-35.3554856,149.1650845,100.012,0.2827887747413041,10.66,0.0
182.244,3,-35.355475999999996,149.1650845,100.013,0.29493165046639674,10.65,0.0
182.344,3,-35.3554665,149.16508439999998,100.013,0.3055270347772319,10.64,0.0
182.44400000000002,3,-35.355457,149.16508439999998,100.011,0.2674910186303267,10.64,0.0
182.544,3,-35.3554475,149.16508439999998,100.007,0.2112478792707096,10.63,0.0
182.644,3,-35.355438,149.16508439999998,100.003,0.19306526202968774,10.63,0.0
182.744,3,-35.355428499999995,149.16508439999998,99.998,0.18758098031192452,10.63,0.0
182.844,3,-35.3554189,149.16508439999998,99.992,0.1837589558627735,10.63,0.01
182.925,3,-35.3554113,149.16508439999998,99.988,0.17024137116508356,10.63,0.02
183.025,3,-35.3554017,149.16508439999998,99.983,0.15926126844511948,10.63,0.02
183.125,3,-35.355392099999996,149.16508439999998,99.97800000000001,0.17820410441706228,10.64,0.02
183.225,3,-35.3553825,149.16508439999998,99.97500000000001,0.20985565459815092,10.64,0.02
183.344,3,-35.3553709,149.16508439999998,99.974,0.22195955022020689,10.65,0.02
183.44400000000002,3,-35.3553612,149.16508439999998,99.974,0.1660880958814001,10.65,0.02
183.544,3,-35.3553515,149.16508439999998,99.97500000000001,0.11758473479017105,10.66,0.02
183.644,3,-35.3553418,149.16508439999998,99.97800000000001,0.06071373829522846,10.66,0.02
183.744,3,-35.3553321,149.16508439999998,99.982,0.026077273717398573,10.67,0.02
183.844,3,-35.3553225,149.1650845,99.988,-0.029609316949148236,10.68,0.01
183.94400000000002,3,-35.3553129,149.16508439999998,99.994,-0.06608286729245351,10.68,0.01
184.044,3,-35.355303299999996,149.16508439999998,99.998,-0.09018290963436582,10.68,0.0
184.144,3,-35.3552937,149.16508439999998,100.0,-0.1197288539005997,10.67,0.0
184.244,3,-35.3552842,149.16508439999998,100.002,-0.08876752635165257,10.67,0.0
184.344,3,-35.3552746,149.16508439999998,100.002,0.023912895825664627,10.66,0.0
184.44400000000002,3,-35.3552651,149.16508439999998,99.999,0.11710690169274784,10.66,0.0
184.544,3,-35.3552556,149.16508439999998,99.997,0.18531787983976278,10.66,0.0
184.644,3,-35.355246,149.16508439999998,99.995,0.22786196758122182,10.65,0.01
184.744,3,-35.3552365,149.16508439999998,99.996,0.23131062614269648,10.65,0.01
184.844,3,-35.355227,149.16508439999998,99.997,0.22213690835500244,10.65,0.01
184.94400000000002,3,-35.3552174,149.16508439999998,99.997,0.21578581960266904,10.65,0.01
185.025,3,-35.3552098,149.16508439999998,99.995,0.18526581298755465,10.64,0.01
185.125,3,-35.3552001,149.16508439999998,99.993,0.15372433290576634,10.64,0.0
185.225,3,-35.3551905,149.16508439999998,99.991,0.16368739110984643,10.64,0.01
185.32500000000002,3,-35.3551808,149.16508439999998,99.992,0.14010425534988655,10.64,0.01
185.44400000000002,3,-35.3551692,149.16508439999998,99.998,0.15185298113510184,10.64,0.01
185.544,3,-35.3551596,149.16508439999998,100.006,0.1971950185174596,10.64,0.02
185.644,3,-35.3551499,149.16508439999998,100.015,0.23749192066113156,10.64,0.02
185.744,3,-35.355140299999995,149.16508439999998,100.023,0.22821983214113348,10.64,0.03
185.844,3,-35.355130599999995,149.16508439999998,100.029,0.22426211104308133,10.64,0.03
185.94400000000002,3,-35.3551211,149.16508439999998,100.031,0.207725836196297,10.63,0.03
186.044,3,-35.3551115,149.1650845,100.028,0.15881046261968543,10.63,0.03
186.144,3,-35.355101999999995,149.1650845,100.02,0.11457135404593928,10.63,0.03
186.244,3,-35.3550925,149.1650845,100.009,0.07369901513480034,10.63,0.03
186.344,3,-35.355083,149.1650845,100.0,0.02435133860849457,10.63,0.03
186.44400000000002,3,-35.355073499999996,149.1650845,99.993,-0.02918050913531837,10.64,0.03
186.544,3,-35.3550639,149.1650846,99.989,-0.029649094129924964,10.64,0.03
186.644,3,-35.3550544,149.1650846,99.989,0.014639720078288888,10.64,0.03
186.744,3,-35.355044899999996,149.1650846,99.99000000000001,0.0033675171314293466,10.64,0.03
186.844,3,-35.3550354,149.1650846,99.994,-0.033283245021207684,10.64,0.03
186.94400000000002,3,-35.3550259,149.1650846,99.998,-0.06603208777082137,10.63,0.02
187.044,3,-35.355016299999996,149.1650846,100.003,-0.07812439741769342,10.63,0.02
187.125,3,-35.3550087,149.1650846,100.008,-0.07513307471602534,10.63,0.01
187.225,3,-35.3549991,149.1650846,100.013,-0.023976116763653566,10.63,0.0
187.32500000000002,3,-35.354989499999995,149.1650846,100.017,0.012005106340562044,10.63,0.01
187.425,3,-35.3549799,149.1650846,100.019,0.03219084497588207,10.63,0.01
187.544,3,-35.354968299999996,149.1650846,100.02,0.07248032662594893,10.64,0.01
187.644,3,-35.354958599999996,149.1650846,100.019,0.07257212063313419,10.64,0.02
187.744,3,-35.3549489,149.1650846,100.016,0.0624468987971192,10.65,0.02
187.844,3,-35.3549393,149.1650846,100.012,0.037875209881665685,10.66,0.02
187.94400000000002,3,-35.3549296,149.1650846,100.007,-0.013256053986275891,10.67,0.01
188.044,3,-35.3549199,149.1650846,100.005,-0.017637971353199493,10.67,0.01
188.144,3,-35.3549103,149.1650846,100.005,0.03213950850034789,10.67,0.01
188.244,3,-35.3549007,149.1650846,100.005,0.059476059992854546,10.67,0.0
188.344,3,-35.354891099999996,149.1650846,100.006,0.08650266497134543,10.67,0.0
188.44400000000002,3,-35.3548816,149.1650846,100.009,0.07048348346949868,10.67,0.0
188.544,3,-35.3548721,149.1650846,100.012,0.05379235542762546,10.66,0.0
188.644,3,-35.354862499999996,149.1650846,100.017,0.035224756308263556,10.66,0.0
188.744,3,-35.354853,149.1650846,100.021,0.03562450246758781,10.66,0.0
188.844,3,-35.3548435,149.1650846,100.023,0.08477758196856103,10.66,0.01
188.94400000000002,3,-35.354833899999996,149.1650846,100.021,0.18306683892035433,10.65,0.02
189.044,3,-35.3548244,149.1650846,100.017,0.2567766662979717,10.65,0.03
189.144,3,-35.3548148,149.1650847,100.011,0.2797904550978007,10.65,0.04
189.225,3,-35.354807099999995,149.1650847,100.006,0.2837815000484831,10.65,0.04
189.32500000000002,3,-35.3547975,149.1650847,100.001,0.23946176322601911,10.66,0.04
189.425,3,-35.3547879,149.1650848,99.995,0.14784265957631265,10.66,0.04
189.544,3,-35.354776199999996,149.1650848,99.992,-0.019351026486236995,10.66,0.03
189.644,3,-35.3547666,149.1650848,99.993,-0.16426918448891398,10.66,0.03
189.744,3,-35.3547569,149.16508489999998,99.994,-0.28362189773748697,10.67,0.02
189.844,3,-35.3547472,149.16508489999998,99.994,-0.33443074115828625,10.67,0.0
189.94400000000002,3,-35.3547375,149.16508489999998,99.994,-0.3259956976571585,10.68,0.0
190.044,3,-35.3547278,149.16508489999998,99.998,-0.2501895358128762,10.68,0.0
190.144,3,-35.3547182,149.16508489999998,100.003,-0.1713737151438512,10.68,0.0
190.244,3,-35.354708599999995,149.16508489999998,100.01,-0.10696192300095006,10.68,0.0
190.344,3,-35.3546991,149.16508489999998,100.016,-0.04290287611113637,10.67,0.0
190.44400000000002,3,-35.3546895,149.16508489999998,100.021,0.013070349046819578,10.67,0.0
190.544,3,-35.35468,149.16508489999998,100.024,0.06636728063836106,10.66,0.0
190.644,3,-35.3546705,149.16508489999998,100.026,0.10398439407975422,10.65,0.0
190.744,3,-35.354661,149.16508489999998,100.027,0.12612423216083238,10.65,0.01
190.844,3,-35.3546514,149.16508489999998,100.03,0.1244986738187958,10.64,0.01
190.94400000000002,3,-35.3546419,149.16508489999998,100.03,0.09609627931043659,10.64,0.01
191.044,3,-35.3546324,149.16508489999998,100.027,0.02157495008721703,10.63,0.0
191.144,3,-35.354622899999995,149.16508489999998,100.022,-0.023678466591175798,10.64,0.0
191.245,3,-35.3546133,149.16508489999998,100.016,-0.011899333457446057,10.64,0.0
191.32500000000002,3,-35.3546056,149.16508489999998,100.011,-0.016981010875202072,10.64,0.0
191.425,3,-35.354596099999995,149.16508489999998,100.007,-0.02535958858881151,10.64,0.0
191.525,3,-35.354586399999995,149.16508489999998,100.006,-0.022781975914658525,10.64,0.0
191.644,3,-35.354574899999996,149.16508489999998,100.009,0.007363253251467847,10.65,0.0
191.744,3,-35.354565199999996,149.16508489999998,100.012,0.04813840287293626,10.65,0.0
191.844,3,-35.3545555,149.16508489999998,100.014,0.10206903294566812,10.66,0.0
191.94400000000002,3,-35.3545458,149.1650848,100.016,0.12635431081828397,10.66,0.0
192.044,3,-35.3545362,149.1650848,100.017,0.11413634303296087,10.66,0.0
192.144,3,-35.3545266,149.1650848,100.017,0.10210659898610319,10.66,0.0
192.244,3,-35.354517,149.1650848,100.017,0.11460950705575615,10.66,0.0
192.344,3,-35.354507399999996,149.1650848,100.016,0.10031356760726906,10.66,0.0
192.44400000000002,3,-35.3544978,149.1650848,100.016,0.1279381943342129,10.66,0.0
192.544,3,-35.3544883,149.1650848,100.019,0.1311988626109535,10.65,0.0
192.644,3,-35.354478799999995,149.1650848,100.021,0.11545941204017317,10.65,0.0
192.744,3,-35.3544692,149.1650848,100.023,0.124320221786516,10.65,0.0
192.844,3,-35.3544597,149.1650848,100.024,0.10982688720297289,10.64,0.0
192.94400000000002,3,-35.354450199999995,149.1650848,100.024,0.1239979088948428,10.64,0.0
193.044,3,-35.3544407,149.1650848,100.023,0.1611539245363006,10.64,0.0
193.144,3,-35.3544311,149.1650848,100.018,0.19931527198643287,10.63,0.01
193.244,3,-35.354421599999995,149.1650848,100.013,0.22134503329810407,10.63,0.01
193.32500000000002,3,-35.354414,149.1650848,100.008,0.1826688736794953,10.63,0.01
193.425,3,-35.3544044,149.1650848,100.001,0.10534743036578167,10.63,0.01
193.525,3,-35.3543947,149.1650848,99.993,0.058367081397546455,10.64,0.01
193.625,3,-35.3543851,149.1650848,99.98700000000001,0.06899301479666156,10.64,0.01
193.744,3,-35.3543735,149.1650848,99.983,0.08409539014477956,10.65,0.01
193.844,3,-35.3543638,149.1650848,99.982,0.08373373029420607,10.65,0.01
193.94400000000002,3,-35.3543541,149.1650848,99.98400000000001,0.07789167739802375,10.66,0.01
194.044,3,-35.354344499999996,149.1650848,99.988,0.05933546748570071,10.66,0.01
194.144,3,-35.3543348,149.1650848,99.992,0.03975659349267363,10.67,0.01
194.244,3,-35.3543251,149.1650848,99.996,0.03863415128717054,10.67,0.01
194.344,3,-35.3543155,149.1650848,100.0,0.04078514394246218,10.67,0.01
194.44400000000002,3,-35.3543059,149.1650848,100.005,0.036605765196555264,10.67,0.01
194.544,3,-35.354296399999996,149.1650848,100.005,0.054296948992773375,10.67,0.01
194.644,3,-35.3542868,149.1650848,100.004,0.024281349179821776,10.67,0.0
194.744,3,-35.3542773,149.1650848,100.001,0.010614168998579358,10.67,0.0
194.844,3,-35.354267799999995,149.1650848,99.996,0.02307227729717725,10.67,0.0
194.94400000000002,3,-35.3542582,149.1650848,99.991,0.018008295672261122,10.66,0.0
195.044,3,-35.3542487,149.1650847,99.98700000000001,-0.0008336234105093577,10.66,0.0
195.144,3,-35.354239199999995,149.1650847,99.98400000000001,0.028523016716318697,10.66,0.0
195.244,3,-35.3542296,149.1650847,99.98,0.08196751274394952,10.66,0.0
195.344,3,-35.3542201,149.1650847,99.97800000000001,0.07039387725728193,10.66,0.0
195.425,3,-35.354212499999996,149.1650847,99.97800000000001,0.04356917307086301,10.66,0.0
195.525,3,-35.3542027,149.1650847,99.979,0.033613458654162015,10.66,0.0
195.625,3,-35.354193099999996,149.1650847,99.98100000000001,0.029727214418556986,10.66,0.01
195.725,3,-35.3541834,149.1650847,99.98400000000001,0.06957927047705212,10.66,0.01
195.844,3,-35.3541719,149.1650847,99.988,0.08205633855369275,10.67,0.01
195.94400000000002,3,-35.3541622,149.1650847,99.991,0.056633193854035084,10.67,0.01
196.044,3,-35.3541525,149.1650847,99.993,0.05733428208984648,10.67,0.01
196.144,3,-35.3541428,149.1650847,99.994,0.0019103698099325159,10.68,0.0
196.244,3,-35.3541331,149.1650847,99.992,-0.022118427038855755,10.68,0.0
196.344,3,-35.3541235,149.1650846,99.98700000000001,-0.0016719612315275276,10.68,0.0
196.44400000000002,3,-35.3541139,149.1650846,99.98400000000001,0.07582358416275116,10.68,0.0
196.544,3,-35.3541044,149.1650846,99.98100000000001,0.17458615854979181,10.68,0.0
196.644,3,-35.3540948,149.1650846,99.98100000000001,0.37184411619323604,10.68,0.0
196.744,3,-35.3540853,149.1650846,99.982,0.7321867807935524,10.68,0.01
196.844,3,-35.354075699999996,149.1650846,99.98400000000001,1.3191960765094854,10.68,0.03
196.94400000000002,3,-35.3540662,149.1650846,99.986,2.1599448721789822,10.67,0.06
197.044,3,-35.3540566,149.1650846,99.98700000000001,3.2247905736910107,10.67,0.11
197.144,3,-35.354047099999995,149.1650847,99.989,4.433837363394464,10.67,0.18
197.244,3,-35.3540375,149.165085,99.989,5.596703536572169,10.67,0.27
197.344,3,-35.354028,149.1650853,99.99000000000001,6.668877177289975,10.66,0.37
197.44400000000002,3,-35.354018499999995,149.16508579999999,99.992,7.6494029128377266,10.66,0.49
197.525,3,-35.3540108,149.1650862,99.994,8.291456916518204,10.65,0.59
197.625,3,-35.3540012,149.165087,99.996,8.94602468053179,10.65,0.72
197.725,3,-35.3539915,149.1650879,100.001,9.400936623595797,10.65,0.86
197.82500000000002,3,-35.3539819,149.1650889,100.005,9.687742243260155,10.64,0.99
197.94400000000002,3,-35.3539703,149.1650903,100.008,9.890816573889328,10.63,1.1500000000000001
198.044,3,-35.3539607,149.16509159999998,100.011,9.915305363384762,10.63,1.28
198.144,3,-35.353950999999995,149.1650931,100.014,9.846193240494342,10.620000000000001,1.41
198.244,3,-35.3539414,149.1650948,100.016,9.73583019011163,10.61,1.53
198.344,3,-35.3539317,149.1650965,100.017,9.552720502426405,10.61,1.6500000000000001
198.44400000000002,3,-35.3539221,149.1650984,100.018,9.28649509650494,10.6,1.76
198.544,3,-35.3539126,149.1651004,100.017,9.06146341524147,10.59,1.87
198.644,3,-35.3539031,149.1651025,100.016,8.818675803456903,10.58,1.98
198.744,3,-35.3538936,149.1651047,100.017,8.538074556879854,10.56,2.08
198.844,3,-35.353884199999996,149.1651071,100.02,8.249674088044298,10.55,2.19
198.94400000000002,3,-35.3538747,149.1651095,100.025,7.87251616471807,10.53,2.29
199.044,3,-35.353865299999995,149.1651121,100.032,7.53158129588136,10.51,2.38
199.144,3,-35.3538559,149.1651147,100.038,7.2239487218903395,10.5,2.47
199.244,3,-35.353846499999996,149.16511749999998,100.042,6.92827282092825,10.48,2.56
199.344,3,-35.3538371,149.16512029999998,100.047,6.630993106171676,10.46,2.64
199.44400000000002,3,-35.3538278,149.16512319999998,100.05,6.44490887110291,10.450000000000001,2.71
199.544,3,-35.3538184,149.1651262,100.051,6.705882715326281,10.44,2.77
199.625,3,-35.3538109,149.1651287,100.049,7.49569633575576,10.43,2.83
199.725,3,-35.3538014,149.1651319,100.043,9.41155671398152,10.43,2.94
199.82500000000002,3,-35.353792,149.1651353,100.034,12.290768317087036,10.41,3.11
199.94400000000002,3,-35.3537806,149.1651396,100.019,16.735548070418684,10.38,3.41
200.044,3,-35.3537712,149.1651436,100.006,20.96067577023189,10.33,3.75
200.144,3,-35.353761899999995,149.165148,99.993,25.196784706683186,10.28,4.17
200.244,3,-35.3537526,149.16515289999998,99.98100000000001,29.083184542535243,10.200000000000001,4.66
200.344,3,-35.3537433,149.1651585,99.96900000000001,32.39436462950905,10.120000000000001,5.2
200.44400000000002,3,-35.3537342,149.1651646,99.96000000000001,35.02687662998287,10.02,5.78
200.544,3,-35.3537253,149.1651713,99.956,37.03808047260649,9.89,6.4
200.644,3,-35.353716399999996,149.1651788,99.95700000000001,38.51656029582037,9.73,7.0600000000000005
200.744,3,-35.353707799999995,149.16518689999998,99.967,39.63743873484907,9.55,7.74
200.844,3,-35.353699299999995,149.1651959,99.986,40.46314030361191,9.33,8.42
200.94400000000002,3,-35.3536911,149.16520549999998,100.017,41.06720564890242,9.08,9.11
201.044,3,-35.3536831,149.165216,100.056,41.52397454964702,8.8,9.78
201.144,3,-35.3536754,149.16522709999998,100.102,41.93207835255529,8.51,10.43
201.244,3,-35.3536679,149.16523899999999,100.15,42.27989549075443,8.19,11.06
201.344,3,-35.3536608,149.16525149999998,100.203,42.583917455995454,7.84,11.67
201.44400000000002,3,-35.3536539,149.1652647,100.259,42.77870420584046,7.48,12.26
201.544,3,-35.3536474,149.1652785,100.31700000000001,42.86830262737269,7.11,12.82
201.644,3,-35.3536412,149.1652929,100.373,42.8785957224519,6.72,13.34
201.725,3,-35.3536364,149.165305,100.416,42.838980625265826,6.4,13.75
201.82500000000002,3,-35.3536309,149.16532039999998,100.46600000000001,42.78858748956947,5.98,14.25
201.925,4,-35.353625699999995,149.1653366,100.512,42.82095575604616,5.53,14.74
202.044,4,-35.35362,149.1653566,100.566,42.95076691631684,4.98,15.31
202.144,4,-35.3536157,149.16537399999999,100.60600000000001,43.184212536864116,4.5,15.76
202.244,4,-35.353611799999996,149.16539179999998,100.64,43.49200476652699,4.0200000000000005,16.19
202.344,4,-35.3536084,149.1654101,100.666,43.7791049380993,3.52,16.61
202.44400000000002,4,-35.3536054,149.1654288,100.68900000000001,44.0577595807629,2.98,17.03
202.544,4,-35.353603,149.16544779999998,100.709,44.2857786160146,2.41,17.43
202.644,4,-35.3536011,149.1654672,100.727,44.4872657814354,1.83,17.830000000000002
202.744,4,-35.3535998,149.16548699999998,100.745,44.62737686697445,1.21,18.21
202.844,4,-35.353598999999996,149.16550719999998,100.763,44.690071173366,0.58,18.580000000000002
202.94400000000002,4,-35.3535988,149.16552769999998,100.783,44.71242638251945,-0.05,18.91
203.044,4,-35.353598999999996,149.1655486,100.805,44.69769024938515,-0.71,19.22
203.144,4,-35.3536,149.1655698,100.83,44.617056451138566,-1.3900000000000001,19.51
203.244,4,-35.353601499999996,149.1655913,100.854,44.446021684132276,-2.06,19.77
203.344,4,-35.3536037,149.1656131,100.879,44.21584772419743,-2.73,19.990000000000002
203.44400000000002,4,-35.3536065,149.1656351,100.905,43.90282698472492,-3.38,20.18
203.544,4,-35.3536098,149.1656573,100.93,43.54709024218314,-4.03,20.35
203.644,4,-35.3536137,149.1656797,100.953,43.20816942537794,-4.66,20.490000000000002
203.745,4,-35.3536182,149.1657023,100.971,42.843317795388785,-5.28,20.6
203.82500000000002,4,-35.3536222,149.1657206,100.98100000000001,42.58657439958259,-5.7700000000000005,20.68
203.925,4,-35.3536277,149.16574359999998,100.985,42.33437649466904,-6.38,20.76
204.025,4,-35.353633699999996,149.16576659999998,100.983,42.16409646356603,-6.99,20.830000000000002
204.144,4,-35.3536417,149.1657945,100.97200000000001,42.08622547683872,-7.72,20.900000000000002
204.244,4,-35.353649,149.1658177,100.956,42.10560613860863,-8.35,20.94
204.344,4,-35.3536569,149.165841,100.936,42.11773655457457,-8.97,20.96
204.44400000000002,4,-35.353665299999996,149.16586429999998,100.911,42.16006323686114,-9.61,20.97
204.544,4,-35.3536743,149.1658876,100.883,42.17785587964902,-10.25,20.97
204.644,4,-35.3536838,149.1659109,100.85300000000001,42.20933280643903,-10.92,20.95
204.744,4,-35.353693899999996,149.1659339,100.82600000000001,42.26861543334015,-11.59,20.89
204.844,4,-35.3537047,149.1659568,100.799,42.27045958441606,-12.280000000000001,20.82
204.94400000000002,4,-35.3537159,149.1659795,100.779,42.24715156387339,-12.97,20.71
205.044,4,-35.3537278,149.1660021,100.762,42.21336261804934,-13.66,20.59
205.144,4,-35.3537403,149.1660245,100.752,42.087471986362246,-14.33,20.44
205.244,4,-35.353753399999995,149.1660468,100.743,41.91219908697597,-14.99,20.27
205.344,4,-35.3537671,149.1660688,100.73700000000001,41.662944993594685,-15.620000000000001,20.080000000000002
205.44400000000002,4,-35.3537813,149.16609069999998,100.732,41.390321407968216,-16.240000000000002,19.87
205.544,4,-35.3537961,149.16611229999998,100.729,41.10874685943444,-16.830000000000002,19.650000000000002
205.644,5,-35.3538114,149.1661336,100.724,40.80926355489689,-17.400000000000002,19.41
205.744,5,-35.3538272,149.1661547,100.718,40.46995341730899,-17.95,19.16
205.82500000000002,5,-35.3538402,149.1661715,100.711,40.211738115736665,-18.37,18.95
205.925,5,-35.3538572,149.1661925,100.69500000000001,39.90796545240035,-18.89,18.7
206.025,5,-35.353874499999996,149.166213,100.674,39.68712153087174,-19.39,18.43
206.125,5,-35.3538923,149.1662333,100.647,39.54075057695837,-19.89,18.16
206.244,5,-35.3539142,149.16625729999998,100.60900000000001,39.49976602684371,-20.490000000000002,17.8
206.344,5,-35.3539331,149.16627689999999,100.571,39.57778044754359,-21.0,17.490000000000002
206.44400000000002,5,-35.353952299999996,149.1662962,100.532,39.654961585164735,-21.5,17.150000000000002
206.544,5,-35.3539721,149.166315,100.492,39.7201113445629,-22.01,16.81
206.644,5,-35.3539922,149.16633349999998,100.455,39.85651705247722,-22.52,16.44
206.744,5,-35.3540126,149.1663513,100.426,39.99805564755282,-23.02,16.04
206.844,5,-35.3540335,149.1663688,100.399,40.111344580221235,-23.52,15.63
206.94400000000002,5,-35.3540547,149.16638559999998,100.379,40.18279860422332,-24.0,15.19
207.044,5,-35.3540764,149.166402,100.361,40.20088153005093,-24.46,14.74
207.144,5,-35.3540984,149.1664179,100.34700000000001,40.15654335705379,-24.900000000000002,14.290000000000001
207.244,5,-35.3541208,149.1664333,100.336,40.03665304655256,-25.32,13.83
207.344,5,-35.3541435,149.1664481,100.32900000000001,39.87647828032659,-25.72,13.36
207.44400000000002,5,-35.3541667,149.1664625,100.324,39.76378015902138,-26.11,12.870000000000001
207.544,5,-35.3541902,149.1664763,100.321,39.64519441465162,-26.47,12.39
207.644,5,-35.354214,149.1664896,100.31700000000001,39.538404406978465,-26.82,11.91
207.744,5,-35.354238099999996,149.16650239999998,100.31,39.4620941184765,-27.150000000000002,11.42
207.844,5,-35.3542625,149.1665147,100.301,39.3871123017681,-27.46,10.92
207.925,5,-35.3542823,149.1665241,100.291,39.36341496044274,-27.7,10.52
208.025,5,-35.354307399999996,149.16653549999998,100.277,39.3682985456993,-27.990000000000002,10.0
208.125,5,-35.354332899999996,149.1665463,100.256,39.404184359598545,-28.28,9.49
208.225,5,-35.3543586,149.16655649999998,100.23400000000001,39.1755369469432,-28.560000000000002,8.950000000000001
208.344,5,-35.3543899,149.1665681,100.20100000000001,37.896430345601985,-28.89,8.290000000000001
208.44400000000002,5,-35.354416199999996,149.166577,100.178,35.94850820563854,-29.12,7.7700000000000005
208.544,5,-35.3544428,149.1665854,100.159,33.636082775333605,-29.310000000000002,7.29
208.644,5,-35.3544694,149.1665933,100.148,31.369788442682943,-29.44,6.87
208.744,5,-35.3544962,149.1666008,100.142,29.12800424386887,-29.54,6.49
208.844,5,-35.354523,149.16660779999998,100.138,26.633287894805466,-29.61,6.15
208.94400000000002,5,-35.3545496,149.16661449999998,100.134,23.965902655976848,-29.63,5.88
209.044,5,-35.3545762,149.1666209,100.125,21.485285524907646,-29.64,5.66
209.144,5,-35.3546026,149.166627,100.11,19.511362562321253,-29.62,5.47
209.244,5,-35.3546291,149.166633,100.084,18.04470750410795,-29.61,5.3
209.344,5,-35.3546555,149.1666388,100.047,16.94714733090568,-29.6,5.13
209.44400000000002,5,-35.354681899999996,149.1666444,99.998,16.015629056426413,-29.59,4.96
209.544,5,-35.3547083,149.1666498,99.94200000000001,15.098430273542082,-29.6,4.78
209.644,5,-35.3547347,149.166655,99.883,14.075657256656863,-29.61,4.6000000000000005
209.744,5,-35.3547612,149.1666601,99.828,12.91406576753301,-29.62,4.43
209.844,5,-35.3547876,149.1666649,99.781,11.548233692979208,-29.64,4.2700000000000005
209.94400000000002,5,-35.3548141,149.1666696,99.743,10.004308704685553,-29.64,4.14
210.025,5,-35.3548353,149.16667329999999,99.72,8.707646809630115,-29.650000000000002,4.0600000000000005
210.125,5,-35.3548623,149.1666779,99.697,7.014193185592425,-29.66,3.98
210.225,5,-35.3548891,149.1666823,99.68,5.32147081868275,-29.66,3.93
210.32500000000002,5,-35.354915999999996,149.16668679999998,99.665,3.6795612172165617,-29.67,3.91
210.44400000000002,5,-35.354948199999995,149.1666921,99.646,1.8465450572075321,-29.68,3.92
210.544,5,-35.3549752,149.1666966,99.623,0.46791086027159756,-29.69,3.94
210.644,5,-35.3550021,149.166701,99.596,-0.7051024660526601,-29.7,3.97
210.744,5,-35.355029,149.1667056,99.56400000000001,-1.6345515667393806,-29.71,4.01
210.844,5,-35.355055899999996,149.1667101,99.531,-2.383025467217357,-29.73,4.0600000000000005
210.94400000000002,5,-35.355082599999996,149.1667147,99.501,-2.994365390860757,-29.73,4.12
211.044,5,-35.355109299999995,149.16671929999998,99.473,-3.443854163723772,-29.740000000000002,4.17
211.144,5,-35.3551358,149.166724,99.45,-3.767904591488799,-29.740000000000002,4.23
211.244,5,-35.3551624,149.1667287,99.427,-4.0082162596992355,-29.740000000000002,4.29
211.344,5,-35.3551889,149.1667336,99.409,-4.201760768888948,-29.73,4.3500000000000005
211.44400000000002,5,-35.3552155,149.16673839999999,99.396,-4.275011986416396,-29.72,4.41
211.544,5,-35.355242,149.1667434,99.391,-4.2771528238343715,-29.72,4.47
211.644,5,-35.355268599999995,149.1667483,99.391,-4.285366126311312,-29.71,4.53
211.744,5,-35.3552951,149.1667534,99.393,-4.289850999275072,-29.71,4.59
211.844,5,-35.3553217,149.1667585,99.394,-4.298719146138687,-29.7,4.64
211.94400000000002,5,-35.3553482,149.1667637,99.388,-4.286736859900369,-29.7,4.7
212.044,5,-35.3553748,149.1667689,99.38,-4.204902655907154,-29.71,4.75
212.125,5,-35.355396299999995,149.1667732,99.373,-4.127648947526078,-29.71,4.8
212.225,5,-35.3554229,149.1667785,99.36500000000001,-4.009248472037553,-29.71,4.8500000000000005
212.32500000000002,5,-35.355449799999995,149.166784,99.354,-3.873047242911506,-29.73,4.9
212.44400000000002,5,-35.355481999999995,149.16679059999998,99.34400000000001,-3.6187797906794414,-29.75,4.96
212.544,5,-35.355509,149.1667962,99.33800000000001,-2.9121013118366537,-29.76,5.03
212.644,5,-35.355536,149.1668018,99.336,-1.0509975996915335,-29.78,5.08
212.744,5,-35.3555631,149.1668075,99.337,1.9501613747941529,-29.810000000000002,5.0600000000000005
212.844,5,-35.3555901,149.16681309999998,99.34100000000001,5.635319718592129,-29.85,4.95
212.94400000000002,5,-35.3556173,149.1668185,99.348,9.320818504631546,-29.92,4.76
213.044,5,-35.355644399999996,149.16682369999998,99.35600000000001,12.747252911207436,-29.990000000000002,4.55
213.144,5,-35.3556713,149.16682849999998,99.364,16.12139282817677,-30.05,4.3
213.244,5,-35.3556984,149.1668331,99.371,19.318153586174517,-30.12,4.01
213.344,5,-35.355725299999996,149.1668373,99.375,22.07441324648334,-30.2,3.68
213.44400000000002,5,-35.3557524,149.1668411,99.379,24.0053640739066,-30.28,3.3000000000000003
213.544,5,-35.355779399999996,149.1668444,99.381,24.788156686756125,-30.36,2.91
213.644,5,-35.3558066,149.1668474,99.385,24.38910288449813,-30.43,2.54
213.744,5,-35.3558338,149.1668499,99.394,23.28429929568106,-30.490000000000002,2.21
213.844,5,-35.3558611,149.1668521,99.41,22.074273227605353,-30.53,1.92
213.94400000000002,5,-35.3558884,149.166854,99.432,20.810672863227364,-30.560000000000002,1.6400000000000001
214.044,5,-35.3559157,149.1668556,99.458,19.23191903280852,-30.580000000000002,1.3800000000000001
214.145,5,-35.3559431,149.166857,99.48700000000001,17.561773856200322,-30.59,1.16
214.225,5,-35.3559652,149.1668579,99.512,16.340457485426587,-30.59,1.02
214.32500000000002,5,-35.3559929,149.1668589,99.539,15.106230349574236,-30.61,0.85
214.425,5,-35.3560205,149.1668597,99.561,14.1586363711097,-30.61,0.6900000000000001
214.544,5,-35.3560539,149.16686049999998,99.58200000000001,13.275352892549067,-30.62,0.51
214.644,5,-35.356081599999996,149.16686099999998,99.593,12.581453484199962,-30.63,0.37
214.744,5,-35.3561094,149.1668613,99.599,11.832659845491463,-30.63,0.23
214.844,5,-35.3561372,149.16686149999998,99.602,10.990553016115898,-30.64,0.1
214.94400000000002,5,-35.356165,149.16686149999998,99.601,10.033876593602539,-30.650000000000002,0.0
215.044,5,-35.3561927,149.16686149999998,99.599,9.053504537311111,-30.650000000000002,-0.11
215.144,5,-35.3562203,149.1668614,99.601,8.033337237594251,-30.64,-0.21
215.244,5,-35.3562478,149.1668611,99.60600000000001,6.984778122158119,-30.63,-0.28
215.344,5,-35.3562751,149.1668608,99.616,5.98963578178654,-30.61,-0.35000000000000003
215.44400000000002,5,-35.3563025,149.1668604,99.632,5.072693984769729,-30.580000000000002,-0.41000000000000003
215.544,5,-35.3563298,149.1668599,99.651,4.193007454580753,-30.560000000000002,-0.46
215.644,5,-35.3563571,149.1668594,99.669,3.4083134878210224,-30.54,-0.49
215.744,5,-35.356384299999995,149.1668589,99.681,2.671278660098936,-30.52,-0.51
215.844,5,-35.3564116,149.1668584,99.68900000000001,2.0054325462183655,-30.5,-0.52
215.94400000000002,5,-35.3564388,149.1668578,99.693,1.430013121028592,-30.490000000000002,-0.53
216.044,5,-35.3564661,149.1668573,99.693,0.9034710631479587,-30.47,-0.53
216.144,5,-35.3564933,149.16685669999998,99.691,0.465070141907107,-30.47,-0.53
216.225,5,-35.356515099999996,149.1668563,99.68900000000001,0.1557542464507956,-30.46,-0.53
216.32500000000002,5,-35.3565429,149.16685569999999,99.687,-0.17042833425339943,-30.47,-0.52
216.425,5,-35.3565703,149.1668552,99.686,-0.4003669861672093,-30.48,-0.5
216.525,5,-35.356598,149.1668547,99.684,-0.5942861152246411,-30.490000000000002,-0.5
216.644,5,-35.356631199999995,149.1668541,99.683,-0.8298135027257478,-30.51,-0.49
216.744,5,-35.3566589,149.1668536,99.688,-0.9749047033042428,-30.53,-0.47000000000000003
216.844,5,-35.356686599999996,149.1668531,99.696,-1.1231192746849905,-30.54,-0.46
216.94400000000002,5,-35.3567143,149.1668527,99.705,-1.2827089925198658,-30.560000000000002,-0.44
217.044,5,-35.356741899999996,149.1668522,99.714,-1.384255015736032,-30.57,-0.42
217.144,5,-35.356769299999996,149.1668518,99.723,-1.4646064283491198,-30.560000000000002,-0.4
217.244,5,-35.3567968,149.16685139999998,99.732,-1.4892879572451956,-30.560000000000002,-0.38
217.344,5,-35.3568241,149.1668511,99.74000000000001,-1.4889763298643137,-30.560000000000002,-0.35000000000000003
217.44400000000002,5,-35.3568514,149.1668507,99.747,-1.477374826672224,-30.55,-0.33
217.544,5,-35.3568786,149.1668504,99.754,-1.5006247906069474,-30.54,-0.31
217.644,5,-35.3569059,149.1668501,99.76,-1.491700508126091,-30.54,-0.29
217.744,5,-35.3569331,149.1668499,99.765,-1.4566075297790944,-30.53,-0.27
217.844,5,-35.3569604,149.1668496,99.769,-1.4268329209180106,-30.52,-0.25
217.94400000000002,5,-35.3569877,149.1668494,99.773,-1.3769326260589552,-30.52,-0.23
218.044,5,-35.357014899999996,149.1668492,99.776,-1.3508832450598787,-30.51,-0.21
218.144,5,-35.357042199999995,149.16684899999998,99.777,-1.3323634005688005,-30.51,-0.19
218.244,5,-35.3570695,149.1668489,99.778,-1.2656492076855836,-30.51,-0.17
218.32500000000002,5,-35.3570913,149.1668488,99.778,-1.1884221797309535,-30.51,-0.15
218.425,5,-35.357118899999996,149.1668487,99.777,-1.0687847996724218,-30.51,-0.14
218.525,5,-35.3571465,149.16684859999998,99.773,-0.967099397908505,-30.52,-0.12
218.625,5,-35.357174,149.1668485,99.767,-0.8389032038505654,-30.53,-0.12
218.744,5,-35.3572073,149.1668484,99.763,-0.6621496475182713,-30.55,-0.11
218.844,5,-35.357234999999996,149.1668483,99.766,-0.5846083241401149,-30.57,-0.1
218.94400000000002,5,-35.3572627,149.1668482,99.774,-0.5367732010096363,-30.59,-0.09
219.044,5,-35.3572905,149.1668482,99.785,-0.4712574395214923,-30.6,-0.08
219.144,5,-35.3573182,149.16684809999998,99.795,-0.38521554551485826,-30.61,-0.08
219.244,5,-35.3573459,149.16684809999998,99.805,-0.3220501961944183,-30.62,-0.07
219.344,5,-35.3573734,149.166848,99.812,-0.24371448979927762,-30.62,-0.07
219.44400000000002,5,-35.3574009,149.166848,99.819,-0.1426002626047031,-30.62,-0.06
219.544,5,-35.357428299999995,149.166848,99.822,-0.08090205659428043,-30.61,-0.06
219.644,5,-35.3574556,149.1668479,99.825,-0.06887124533036493,-30.61,-0.05
219.744,5,-35.3574829,149.1668479,99.82600000000001,-0.08199068469431732,-30.6,-0.05
219.844,5,-35.3575103,149.1668479,99.827,-0.08810718579712985,-30.59,-0.05
219.94400000000002,5,-35.3575376,149.1668479,99.827,-0.05560272908364908,-30.580000000000002,-0.05
220.044,5,-35.3575649,149.1668479,99.82900000000001,-0.02484436620877842,-30.580000000000002,-0.05
220.144,5,-35.3575922,149.1668479,99.833,-0.028232143372158052,-30.57,-0.04
220.244,5,-35.3576195,149.1668479,99.836,-0.0210526157060096,-30.560000000000002,-0.04
220.344,5,-35.3576468,149.1668479,99.83800000000001,-0.027882311288133114,-30.55,-0.03
220.425,5,-35.3576687,149.1668479,99.84,-0.01652298299183458,-30.55,-0.03
220.525,5,-35.357696499999996,149.1668479,99.842,0.004074243274853979,-30.560000000000002,-0.03
220.625,5,-35.3577241,149.1668479,99.845,0.03778202515725195,-30.560000000000002,-0.03
220.725,5,-35.357751799999996,149.1668479,99.84700000000001,0.05787691527299887,-30.580000000000002,-0.02
220.844,5,-35.357785,149.1668479,99.85000000000001,0.03756627055374822,-30.6,-0.02
220.94400000000002,5,-35.3578128,149.1668479,99.85300000000001,0.04129755820761189,-30.61,-0.02
221.044,5,-35.3578405,149.1668479,99.855,0.07206688006764497,-30.62,-0.03
221.144,5,-35.3578683,149.1668479,99.858,0.08604833732962058,-30.63,-0.03
221.244,5,-35.357896,149.1668479,99.86200000000001,0.10839821706788985,-30.64,-0.03
221.344,5,-35.3579235,149.1668479,99.869,0.15135888631776018,-30.63,-0.03
221.44400000000002,5,-35.357951,149.1668479,99.877,0.1594990177251741,-30.63,-0.04
221.544,5,-35.3579783,149.1668479,99.884,0.1839879939835937,-30.62,-0.04
221.644,5,-35.3580057,149.1668479,99.891,0.2118892633822429,-30.62,-0.04
221.744,5,-35.358033,149.1668479,99.897,0.2075822021205284,-30.61,-0.04
221.844,5,-35.3580604,149.1668479,99.898,0.18937812047643124,-30.6,-0.03
221.94400000000002,5,-35.3580877,149.1668479,99.896,0.1027258250034736,-30.6,-0.03
222.044,5,-35.358115,149.1668479,99.893,0.05239283032338068,-30.59,-0.02
222.144,5,-35.3581423,149.1668479,99.888,0.014043267472416243,-30.580000000000002,-0.02
222.244,5,-35.3581696,149.1668479,99.883,0.057518003506349245,-30.580000000000002,-0.02
222.344,5,-35.358196899999996,149.1668479,99.878,0.13044376652191012,-30.57,-0.02
222.44400000000002,5,-35.358224299999996,149.1668479,99.873,0.14491206819534083,-30.57,-0.02
222.525,5,-35.358246199999996,149.1668479,99.87,0.15072025029015076,-30.57,-0.01
222.625,5,-35.3582738,149.1668479,99.869,0.20746921051453227,-30.57,-0.01
222.725,5,-35.358301399999995,149.1668479,99.87,0.26537923619674986,-30.580000000000002,-0.01
222.82500000000002,5,-35.358329,149.1668479,99.874,0.2971811039004317,-30.59,-0.02
222.94400000000002,5,-35.3583624,149.1668479,99.878,0.3258403108535407,-30.61,-0.02
223.044,5,-35.3583901,149.1668479,99.881,0.2982055789150807,-30.62,-0.03
223.144,5,-35.3584179,149.1668479,99.886,0.26707485733863195,-30.64,-0.03
223.244,5,-35.3584457,149.1668479,99.89,0.2704366977924534,-30.650000000000002,-0.03
223.344,5,-35.358473499999995,149.1668479,99.894,0.2901007590520672,-30.67,-0.03
223.44400000000002,5,-35.3585013,149.1668479,99.896,0.24635582533694206,-30.67,-0.03
223.544,5,-35.358528799999995,149.1668479,99.896,0.1518903470723386,-30.67,-0.04
223.644,5,-35.3585564,149.1668479,99.894,0.11340061693351679,-30.67,-0.04
223.744,5,-35.3585838,149.1668479,99.893,0.12511216354448046,-30.66,-0.03
223.844,5,-35.3586112,149.1668479,99.894,0.1172313925625419,-30.66,-0.03
223.94400000000002,5,-35.3586386,149.1668479,99.899,0.10760172629721645,-30.650000000000002,-0.04
224.044,5,-35.358666,149.1668479,99.906,0.11504844009142202,-30.64,-0.04
224.144,5,-35.3586933,149.1668479,99.916,0.15768366816961843,-30.62,-0.04
224.244,5,-35.3587207,149.1668479,99.927,0.17027530866752205,-30.61,-0.04
224.344,5,-35.358748,149.1668479,99.937,0.14316507389233818,-30.6,-0.04
224.44400000000002,5,-35.3587753,149.1668479,99.946,0.13635848355951635,-30.59,-0.04
224.544,5,-35.3588027,149.1668479,99.952,0.13293277016478472,-30.580000000000002,-0.04
224.625,5,-35.3588248,149.1668479,99.953,0.13116569884088194,-30.580000000000002,-0.04
224.725,5,-35.358852399999996,149.1668479,99.953,0.15375769677903625,-30.59,-0.04
224.82500000000002,5,-35.35888,149.1668479,99.95100000000001,0.15100410334710299,-30.59,-0.04
224.94400000000002,5,-35.3589134,149.1668479,99.949,-0.10475820648794908,-30.6,-0.03
225.044,5,-35.358941099999996,149.1668479,99.947,-0.628021433391539,-30.62,-0.02
225.144,5,-35.3589689,149.1668479,99.94500000000001,-1.4596781266978383,-30.64,0.0
225.244,5,-35.3589966,149.1668479,99.941,-2.5869467413036116,-30.650000000000002,0.04
225.344,5,-35.3590245,149.166848,99.93900000000001,-3.99639277535912,-30.66,0.11
225.44400000000002,5,-35.3590522,149.1668483,99.937,-5.575212773235547,-30.68,0.2
225.544,5,-35.359079699999995,149.16684859999998,99.93900000000001,-7.194898219802983,-30.67,0.32
225.644,5,-35.3591073,149.1668491,99.944,-8.782235036687593,-30.67,0.46
225.744,5,-35.3591347,149.1668497,99.95,-10.191025586026191,-30.66,0.62
225.844,5,-35.3591621,149.16685049999998,99.956,-11.377413223158127,-30.66,0.79
225.94400000000002,5,-35.3591894,149.1668516,99.96000000000001,-12.466558603302946,-30.650000000000002,0.9500000000000001
226.044,5,-35.3592168,149.1668528,99.96300000000001,-13.661162958006408,-30.64,1.1300000000000001
226.144,5,-35.3592441,149.1668542,99.965,-15.2525125110284,-30.63,1.33
226.244,5,-35.3592715,149.16685579999998,99.96600000000001,-17.293378157670087,-30.62,1.56
226.344,5,-35.3592988,149.16685769999998,99.96600000000001,-19.407582960524785,-30.6,1.86
226.44400000000002,5,-35.3593262,149.16685999999999,99.965,-20.98481536630601,-30.580000000000002,2.19
226.544,5,-35.3593535,149.1668627,99.96000000000001,-21.82476129458291,-30.55,2.5100000000000002
226.645,5,-35.3593808,149.1668657,99.956,-22.01490863843419,-30.53,2.83
226.725,5,-35.3594028,149.1668684,99.955,-21.88216391191499,-30.51,3.09
226.82500000000002,5,-35.3594301,149.16687199999998,99.958,-21.463365740313783,-30.47,3.39
226.925,5,-35.3594576,149.166876,99.965,-20.767617058246895,-30.45,3.68
227.044,5,-35.3594906,149.1668812,99.977,-19.542018158863563,-30.41,4.0
227.144,5,-35.3595182,149.16688589999998,99.988,-18.195410505502405,-30.38,4.23
227.244,5,-35.3595457,149.1668908,100.001,-16.579177719560413,-30.35,4.43
227.344,5,-35.3595732,149.1668959,100.012,-14.796576893362538,-30.32,4.6000000000000005
227.44400000000002,5,-35.3596006,149.1669011,100.022,-12.920323928360036,-30.29,4.73
227.544,5,-35.3596278,149.16690649999998,100.027,-11.105313000776805,-30.26,4.84
227.644,5,-35.359655,149.1669119,100.03,-9.308640277341414,-30.22,4.92
227.744,5,-35.359682,149.1669174,100.029,-7.702844874224845,-30.18,4.99
227.844,5,-35.359708999999995,149.1669229,100.024,-6.273479233785229,-30.150000000000002,5.04
227.94400000000002,5,-35.3597359,149.16692849999998,100.017,-5.01110830345784,-30.12,5.08
228.044,5,-35.3597628,149.1669341,100.01,-3.924649322090952,-30.09,5.11
228.144,5,-35.3597896,149.1669397,100.002,-3.0189726414496083,-30.060000000000002,5.13
228.244,5,-35.3598165,149.1669454,99.995,-2.205712475703357,-30.04,5.14
228.344,5,-35.3598433,149.1669511,99.99000000000001,-1.5142517650530634,-30.02,5.14
228.44400000000002,5,-35.359870199999996,149.1669567,99.985,-0.9558873222208117,-30.0,5.14
228.544,5,-35.359897,149.1669624,99.98100000000001,-0.49223737941339135,-29.98,5.14
228.644,5,-35.3599238,149.166968,99.976,-0.04242270180629257,-29.97,5.13
228.725,5,-35.3599453,149.16697249999999,99.971,0.2781052126418059,-29.96,5.12
228.82500000000002,5,-35.359972299999995,149.1669782,99.964,0.6714514046724767,-29.95,5.1000000000000005
228.925,5,-35.3599994,149.1669839,99.96000000000001,1.0361711799941398,-29.96,5.09
229.025,5,-35.3600265,149.1669895,99.95700000000001,1.3367786909803907,-29.97,5.07
229.144,5,-35.3600591,149.1669963,99.95400000000001,1.6348043904603768,-29.98,5.04
229.244,5,-35.3600863,149.1670019,99.95100000000001,1.763206397327916,-29.990000000000002,5.0200000000000005
229.344,5,-35.3601136,149.16700749999998,99.94800000000001,1.8980350785959081,-30.01,5.0
229.44400000000002,5,-35.360140799999996,149.1670131,99.944,1.9987573169651474,-30.03,4.97
229.544,5,-35.360168099999996,149.1670186,99.941,2.0319979266648955,-30.04,4.94
229.644,5,-35.3601953,149.1670241,99.938,2.0430850312351185,-30.060000000000002,4.92
229.744,5,-35.3602223,149.16702949999998,99.937,2.040713674932655,-30.060000000000002,4.9
229.844,5,-35.3602493,149.1670349,99.936,2.0107974463679987,-30.060000000000002,4.87
229.94400000000002,5,-35.3602762,149.1670403,99.936,1.999774588264656,-30.060000000000002,4.8500000000000005
230.044,5,-35.360303099999996,149.1670456,99.937,1.9751959390929537,-30.060000000000002,4.82
230.144,5,-35.360329899999996,149.1670509,99.93900000000001,1.8863620718609446,-30.05,4.8
230.244,5,-35.3603568,149.1670561,99.93900000000001,1.4070751046398677,-30.05,4.76
230.344,5,-35.3603836,149.1670614,99.94,-0.21358057563525407,-30.05,4.75
230.44400000000002,5,-35.3604104,149.1670666,99.941,-3.0502675010095492,-30.03,4.79
230.544,5,-35.3604373,149.167072,99.943,-6.565065558981774,-29.990000000000002,4.92
230.644,5,-35.3604641,149.1670775,99.944,-10.166926971087094,-29.94,5.11
230.744,5,-35.3604908,149.1670833,99.941,-13.531025656202862,-29.88,5.34
230.82500000000002,5,-35.360512199999995,149.1670881,99.936,-16.15927305731366,-29.830000000000002,5.54
230.925,5,-35.3605393,149.1670945,99.926,-19.300415584899994,-29.78,5.83
231.025,5,-35.3605662,149.1671012,99.915,-21.96904221061026,-29.71,6.16
231.125,5,-35.360593099999996,149.1671083,99.904,-24.082261758677184,-29.64,6.53
231.244,5,-35.360625299999995,149.1671174,99.895,-25.985799621866597,-29.53,7.0
231.344,5,-35.360652,149.1671256,99.893,-27.206769360539955,-29.43,7.42
231.44400000000002,5,-35.3606786,149.1671341,99.894,-28.244010425634553,-29.32,7.84
231.544,5,-35.3607052,149.1671432,99.9,-29.26191693273614,-29.18,8.27
231.644,5,-35.3607315,149.1671527,99.911,-30.359139011574495,-29.04,8.71
231.744,5,-35.3607574,149.16716259999998,99.925,-31.529549982464125,-28.85,9.17
231.844,5,-35.3607832,149.167173,99.943,-32.76557516561548,-28.66,9.63
231.94400000000002,5,-35.3608087,149.1671839,99.962,-33.92283460725825,-28.44,10.1
232.044,5,-35.360834,149.1671953,99.98,-35.010508081636935,-28.2,10.58
232.144,5,-35.360859,149.1672073,99.998,-36.02613672065032,-27.95,11.07
232.244,5,-35.360883799999996,149.1672197,100.015,-36.95482046662403,-27.67,11.56
232.344,5,-35.3609083,149.1672327,100.031,-37.85472521052989,-27.38,12.05
232.44400000000002,5,-35.3609326,149.1672463,100.047,-38.621096341067414,-27.060000000000002,12.56
232.544,5,-35.3609565,149.1672604,100.065,-39.28890101169249,-26.7,13.08
232.644,5,-35.3609802,149.16727509999998,100.08800000000001,-39.870628223302475,-26.32,13.61
232.744,5,-35.361003499999995,149.16729039999998,100.114,-40.40574963911088,-25.92,14.13
232.844,5,-35.3610264,149.16730619999998,100.143,-40.83354829249087,-25.490000000000002,14.65
232.925,5,-35.3610444,149.1673193,100.17,-41.14937623971226,-25.12,15.05
233.025,5,-35.361066799999996,149.1673363,100.206,-41.616011348712945,-24.650000000000002,15.55
233.125,5,-35.3610888,149.1673539,100.243,-42.11574213933693,-24.17,16.04
233.225,5,-35.3611103,149.167372,100.28,-42.58008913496566,-23.67,16.51
233.344,5,-35.3611356,149.1673945,100.325,-43.03833677166557,-23.04,17.06
233.44400000000002,5,-35.361156199999996,149.1674137,100.363,-43.28717080841289,-22.490000000000002,17.5
233.544,5,-35.361176199999996,149.1674334,100.398,-43.373531720278535,-21.94,17.91
233.644,5,-35.3611958,149.1674536,100.432,-43.333482906080164,-21.37,18.3
233.744,5,-35.3612148,149.1674742,100.468,-43.2479006357799,-20.78,18.68
233.844,5,-35.361233299999995,149.1674951,100.504,-43.05663826354662,-20.18,19.02
233.94400000000002,5,-35.361250999999996,149.1675162,100.542,-42.8659086460686,-19.56,19.32
234.044,5,-35.3612682,149.16753749999998,100.581,-42.706625219529315,-18.94,19.59
234.144,5,-35.3612847,149.1675591,100.619,-42.58026671988408,-18.31,19.830000000000002
234.244,5,-35.3613007,149.1675809,100.654,-42.46604546639396,-17.7,20.04
234.344,5,-35.361316099999996,149.1676028,100.686,-42.356564364187825,-17.1,20.22
234.44400000000002,6,-35.3613311,149.167625,100.712,-42.29760958636686,-16.490000000000002,20.38
234.544,6,-35.3613454,149.1676473,100.73400000000001,-42.343201099076694,-15.89,20.51
234.644,6,-35.3613593,149.1676697,100.748,-42.539469999971594,-15.290000000000001,20.64
234.744,6,-35.3613725,149.1676923,100.757,-42.852084343188494,-14.66,20.75
234.844,6,-35.361385299999995,149.167715,100.762,-43.298857262082784,-14.01,20.86
234.94400000000002,6,-35.3613974,149.1677378,100.763,-43.76175625760747,-13.33,20.95
235.025,6,-35.361406699999996,149.16775619999999,100.762,-44.083888469432786,-12.77,21.02
235.125,6,-35.361418,149.1677796,100.757,-44.4414386271992,-12.06,21.1
235.225,6,-35.361428499999995,149.1678029,100.75,-44.66297581292856,-11.33,21.16
235.344,6,-35.3614402,149.1678311,100.742,-44.77795180232197,-10.43,21.2
235.44400000000002,6,-35.3614493,149.1678546,100.738,-44.7863495199065,-9.67,21.22
235.544,6,-35.361457699999995,149.1678782,100.738,-44.651244963029065,-8.92,21.2
235.644,6,-35.3614654,149.1679016,100.742,-44.392527642552736,-8.18,21.16
235.744,6,-35.3614725,149.167925,100.751,-44.07095892133395,-7.46,21.080000000000002
235.844,6,-35.3614789,149.1679483,100.76,-43.671980251156825,-6.75,20.97
235.94400000000002,6,-35.3614846,149.16797119999998,100.775,-43.18832772583905,-6.05,20.830000000000002
236.044,6,-35.3614897,149.167994,100.791,-42.63970302604153,-5.38,20.66
236.144,6,-35.361494199999996,149.1680164,100.81,-42.10685606322674,-4.76,20.47
236.244,6,-35.3614982,149.1680386,100.827,-41.58931555434195,-4.17,20.26
236.344,6,-35.3615017,149.1680605,100.842,-41.09214949975131,-3.62,20.04
236.44400000000002,6,-35.3615047,149.16808229999998,100.85000000000001,-40.68106773436492,-3.09,19.82
236.544,6,-35.3615073,149.1681037,100.852,-40.292921744211434,-2.59,19.580000000000002
236.644,6,-35.361509399999996,149.168125,100.846,-39.88876920573803,-2.1,19.34
236.744,6,-35.3615111,149.16814589999998,100.834,-39.56270963513996,-1.6300000000000001,19.080000000000002
236.844,6,-35.361512399999995,149.1681666,100.813,-39.321631278195184,-1.16,18.82
236.94400000000002,6,-35.3615132,149.168187,100.785,-39.190119400821175,-0.7000000000000001,18.55
237.044,6,-35.361513699999996,149.1682071,100.751,-39.24855166917064,-0.23,18.27
237.125,6,-35.3615138,149.1682232,100.72,-39.43885439982553,0.15,18.03
237.225,6,-35.3615135,149.1682428,100.677,-39.84917801421405,0.65,17.72
237.32500000000002,6,-35.3615127,149.1682622,100.633,-40.37617492000472,1.18,17.39
237.44400000000002,6,-35.3615111,149.168285,100.58,-40.96340043389657,1.84,16.95
237.544,6,-35.3615092,149.1683036,100.537,-41.414175843644486,2.41,16.56
237.644,6,-35.3615068,149.1683218,100.5,-41.717603582427714,2.99,16.13
237.744,6,-35.3615038,149.1683395,100.46900000000001,-41.824011099507345,3.56,15.68
237.844,6,-35.3615004,149.16835659999998,100.44500000000001,-41.655346408143046,4.12,15.21
237.94400000000002,6,-35.3614965,149.1683731,100.433,-41.2309321134968,4.64,14.73
238.044,6,-35.3614921,149.16838909999998,100.427,-40.595908935793204,5.11,14.25
238.144,6,-35.3614874,149.16840449999998,100.427,-39.785278179433995,5.53,13.780000000000001
238.244,7,-35.3614823,149.1684194,100.429,-38.882252039077436,5.91,13.31
238.344,7,-35.361477,149.16843369999998,100.436,-37.977562747657984,6.24,12.86
238.44400000000002,7,-35.3614713,149.16844759999998,100.44200000000001,-37.144528970821135,6.54,12.42
238.544,7,-35.3614654,149.16846089999999,100.447,-36.35878059360828,6.8,12.0
238.644,7,-35.3614592,149.16847389999998,100.447,-35.668388487397976,7.04,11.59
238.744,7,-35.361452899999996,149.1684864,100.44,-35.14338599684495,7.26,11.200000000000001
238.844,7,-35.3614464,149.1684985,100.424,-34.829993012062666,7.45,10.81
238.94400000000002,7,-35.3614397,149.1685102,100.399,-34.72124615519231,7.65,10.43
239.044,7,-35.361432799999996,149.1685215,100.363,-34.754621874571576,7.8500000000000005,10.040000000000001
239.145,7,-35.3614257,149.16853229999998,100.318,-34.89050165791981,8.05,9.63
239.225,7,-35.3614198,149.1685408,100.276,-35.141343770283115,8.22,9.28
239.32500000000002,7,-35.3614123,149.16855089999999,100.22200000000001,-35.57923061306722,8.45,8.82
239.425,7,-35.3614046,149.1685604,100.168,-36.0507868733649,8.69,8.33
239.544,7,-35.361395,149.1685712,100.108,-36.58204923229224,8.98,7.69
239.644,7,-35.3613868,149.1685795,100.066,-36.91164684088038,9.22,7.12
239.744,7,-35.3613783,149.1685871,100.032,-37.170780802896076,9.450000000000001,6.53
239.844,7,-35.361369599999996,149.1685941,100.008,-37.30910237887259,9.66,5.93
239.94400000000002,7,-35.3613608,149.1686004,99.993,-37.249662657620554,9.85,5.34
240.044,7,-35.3613518,149.16860599999998,99.986,-36.94288812614402,10.02,4.76
240.144,7,-35.3613427,149.168611,99.98700000000001,-36.49515898076593,10.15,4.19
240.244,7,-35.3613336,149.1686154,99.992,-36.00112798300432,10.26,3.65
240.344,7,-35.3613244,149.1686191,100.0,-35.410159525447305,10.35,3.14
240.44400000000002,7,-35.3613151,149.1686224,100.004,-34.350599109692396,10.41,2.65
240.544,7,-35.3613058,149.16862509999999,100.004,-32.34407736174483,10.450000000000001,2.19
240.644,7,-35.3612965,149.1686273,100.003,-29.423331378296464,10.47,1.79
240.744,7,-35.3612871,149.1686291,100.007,-26.142591736906116,10.46,1.45
240.844,7,-35.361277799999996,149.1686306,100.016,-23.133497256543638,10.42,1.2
240.94400000000002,7,-35.3612685,149.16863189999998,100.022,-20.779267653423645,10.38,1.01
241.044,7,-35.3612593,149.168633,100.019,-18.934585530312233,10.33,0.8300000000000001
241.144,7,-35.3612501,149.1686339,100.003,-17.2392113424573,10.290000000000001,0.66
241.225,7,-35.3612427,149.1686345,99.983,-15.953165268919355,10.25,0.53
241.32500000000002,7,-35.361233399999996,149.1686351,99.943,-14.62005919200002,10.22,0.4
241.425,7,-35.361224199999995,149.1686355,99.895,-13.635673545797566,10.200000000000001,0.26
241.525,7,-35.3612149,149.1686358,99.84100000000001,-13.006716429850588,10.17,0.12
241.644,7,-35.3612039,149.168636,99.774,-12.536795999859125,10.16,-0.05
241.744,7,-35.3611946,149.1686359,99.72,-12.166179690210479,10.15,-0.22
241.844,7,-35.3611854,149.1686356,99.674,-11.65128075698719,10.14,-0.38
241.94400000000002,7,-35.361176199999996,149.16863519999998,99.64,-10.915826477727727,10.13,-0.54
242.044,7,-35.361167,149.1686346,99.617,-9.969371433307291,10.13,-0.68
242.144,7,-35.361157899999995,149.16863379999998,99.602,-8.834063365883296,10.11,-0.79
242.244,7,-35.361148799999995,149.1686331,99.593,-7.492688491200015,10.1,-0.87
242.344,7,-35.361139699999995,149.1686322,99.586,-6.059590152378988,10.09,-0.92
242.44400000000002,7,-35.3611307,149.1686312,99.58,-4.63545344863584,10.09,-0.96
242.544,7,-35.3611216,149.1686302,99.572,-3.310569852260143,10.08,-0.97
242.644,7,-35.3611126,149.1686292,99.562,-2.1648692251271497,10.08,-0.98
242.744,7,-35.3611036,149.1686282,99.549,-1.2004094818894433,10.07,-0.97
242.844,7,-35.3610945,149.1686272,99.533,-0.4092505276368835,10.08,-0.96
242.94400000000002,7,-35.3610855,149.1686263,99.516,0.23578722817425804,10.09,-0.9400000000000001
243.044,7,-35.3610764,149.1686253,99.497,0.7593739218979649,10.1,-0.92
243.144,7,-35.361067299999995,149.1686244,99.48,1.1927276535072946,10.11,-0.9
243.244,7,-35.361058199999995,149.1686234,99.46600000000001,1.5045234412408495,10.13,-0.87
243.32500000000002,7,-35.361050899999995,149.1686227,99.45700000000001,1.7071973520299304,10.14,-0.85
243.425,7,-35.3610417,149.1686219,99.45,1.909451953236996,10.15,-0.81
243.525,7,-35.3610324,149.168621,99.447,2.053597546141414,10.17,-0.78
243.625,7,-35.3610232,149.1686202,99.446,2.1731615016663683,10.19,-0.74
243.744,7,-35.361011999999995,149.1686193,99.44500000000001,2.2553786231399275,10.21,-0.7000000000000001
243.844,7,-35.3610027,149.1686186,99.444,2.245959365387657,10.23,-0.67
243.94400000000002,7,-35.3609934,149.1686179,99.444,2.2409654298873196,10.25,-0.64
244.044,7,-35.360983999999995,149.1686172,99.44500000000001,2.228169710807536,10.26,-0.61
244.144,7,-35.3609746,149.16861649999998,99.447,2.2297378795522884,10.28,-0.58
244.244,7,-35.3609653,149.1686159,99.453,2.2588622330600456,10.290000000000001,-0.54
244.344,7,-35.360956,149.1686153,99.46000000000001,2.314002136786147,10.3,-0.5
244.44400000000002,7,-35.3609467,149.1686147,99.46600000000001,2.3538533023854096,10.31,-0.47000000000000003
244.544,7,-35.3609374,149.16861419999998,99.47200000000001,2.36603942708177,10.32,-0.44
244.644,7,-35.360928099999995,149.1686138,99.47800000000001,2.3405515089768096,10.33,-0.41000000000000003
244.744,7,-35.3609188,149.1686133,99.48400000000001,2.264382093126474,10.34,-0.38
244.844,7,-35.3609096,149.1686129,99.489,2.1649588713600063,10.35,-0.36
244.94400000000002,7,-35.3609003,149.1686125,99.491,2.0180455577378518,10.36,-0.33
245.044,7,-35.360890999999995,149.1686121,99.493,1.9072594625134218,10.370000000000001,-0.31
245.144,7,-35.3608817,149.16861169999999,99.494,1.8115704332322473,10.38,-0.29
245.244,7,-35.3608723,149.1686114,99.497,1.7121497727867185,10.39,-0.27
245.344,7,-35.360863,149.168611,99.499,1.6411429127318544,10.4,-0.25
245.425,7,-35.3608555,149.16861079999998,99.5,1.600948316683387,10.4,-0.24
245.525,7,-35.360845999999995,149.1686105,99.503,1.5754226190945801,10.42,-0.22
245.625,7,-35.3608366,149.1686102,99.507,1.5479264119302245,10.43,-0.19
245.725,7,-35.360827,149.16861,99.513,1.4576492403492272,10.44,-0.18
245.844,7,-35.360815599999995,149.1686097,99.524,1.4141108398152156,10.46,-0.16
245.94400000000002,7,-35.3608061,149.1686095,99.533,1.3361631201814432,10.47,-0.15
246.044,7,-35.3607966,149.16860929999999,99.543,1.2599287108122865,10.48,-0.13
246.144,7,-35.360787099999996,149.1686091,99.553,1.238631113763129,10.49,-0.12
246.244,7,-35.3607775,149.16860889999998,99.562,1.1680640538577902,10.49,-0.11
246.344,7,-35.3607681,149.1686087,99.569,1.0947070751199128,10.5,-0.1
246.44400000000002,7,-35.3607587,149.1686086,99.57600000000001,1.064350299353791,10.5,-0.09
246.544,7,-35.3607493,149.16860839999998,99.58200000000001,1.0425478019145815,10.5,-0.07
246.644,7,-35.3607398,149.1686083,99.586,1.0206740143759099,10.5,-0.06
246.744,7,-35.360730499999995,149.1686082,99.59100000000001,0.9912522274741394,10.5,-0.05
246.844,7,-35.3607211,149.1686081,99.595,0.9875438616416456,10.5,-0.04
246.94400000000002,7,-35.360711699999996,149.168608,99.601,0.98345353882416,10.5,-0.03
247.044,7,-35.3607023,149.16860789999998,99.608,0.9374173167663337,10.5,-0.02
247.144,7,-35.3606929,149.1686078,99.614,0.8532374764017479,10.5,-0.01
247.244,7,-35.3606835,149.1686078,99.624,0.7611030269750361,10.5,0.0
247.344,7,-35.3606741,149.1686077,99.634,0.6740354039737101,10.5,0.0
247.44400000000002,7,-35.3606647,149.1686077,99.646,0.588839039361556,10.5,0.02
247.525,7,-35.3606571,149.1686077,99.658,0.5659526762784299,10.5,0.02
247.625,7,-35.3606476,149.1686077,99.671,0.5308529744639692,10.5,0.03
247.725,7,-35.360638099999996,149.1686077,99.679,0.49008346858645724,10.51,0.04
247.844,7,-35.3606267,149.1686077,99.685,0.4102490159161748,10.52,0.05
247.94400000000002,7,-35.3606171,149.1686077,99.688,0.3288081080891906,10.53,0.05
248.044,7,-35.3606076,149.1686077,99.691,0.2708730561669673,10.540000000000001,0.05
248.144,7,-35.360597999999996,149.1686077,99.694,0.20985400041171132,10.55,0.05
248.244,7,-35.3605884,149.1686076,99.69800000000001,0.14854167340896793,10.55,0.04
248.344,7,-35.3605788,149.1686076,99.706,0.08270032400680445,10.56,0.04
248.44400000000002,7,-35.3605692,149.1686076,99.717,-0.01869731601768595,10.56,0.04
248.544,7,-35.360559699999996,149.1686076,99.73100000000001,-0.031875702448816066,10.56,0.03
248.644,7,-35.3605502,149.1686076,99.745,-0.016484351401868345,10.56,0.03
248.744,7,-35.360540799999995,149.1686076,99.759,-0.011581011790816418,10.56,0.03
248.844,7,-35.3605313,149.1686076,99.773,0.05016040567152449,10.56,0.04
248.94400000000002,7,-35.3605219,149.1686076,99.785,0.12235049928354745,10.56,0.04
249.044,7,-35.3605124,149.1686076,99.796,0.19134122623364133,10.56,0.04
249.144,7,-35.360503,149.1686076,99.804,0.1980707368144625,10.55,0.04
249.244,7,-35.3604935,149.1686077,99.811,0.19658387666930213,10.55,0.04
249.344,7,-35.3604841,149.1686077,99.815,0.17714110286662615,10.55,0.04
249.44400000000002,7,-35.3604747,149.1686077,99.818,0.18537302828122534,10.56,0.05
249.54500000000002,7,-35.3604652,149.1686077,99.82000000000001,0.17578196192285972,10.56,0.05
249.625,7,-35.3604576,149.1686077,99.819,0.1637644308412074,10.56,0.05
249.725,7,-35.360448,149.1686077,99.81700000000001,0.16984774149352191,10.57,0.05
249.82500000000002,7,-35.3604384,149.1686078,99.81400000000001,0.14954640490804738,10.58,0.04
249.94400000000002,7,-35.3604269,149.1686078,99.815,0.09064980375694644,10.59,0.04
250.044,7,-35.3604173,149.1686078,99.82000000000001,0.07423676579991324,10.59,0.04
250.144,7,-35.360407699999996,149.1686078,99.827,0.09205515519931623,10.6,0.04
250.244,7,-35.3603981,149.1686078,99.837,0.10394575415215473,10.6,0.04
250.344,7,-35.3603884,149.16860789999998,99.848,0.12963801764326016,10.6,0.04
250.44400000000002,7,-35.3603788,149.16860789999998,99.86,0.12436025576639725,10.61,0.05
250.544,7,-35.360369299999995,149.16860789999998,99.871,0.14091072460005052,10.6,0.04
250.644,7,-35.3603598,149.168608,99.88,0.12102097361313538,10.6,0.05
250.744,7,-35.3603503,149.168608,99.886,0.11311392241114814,10.6,0.04
250.844,7,-35.360340799999996,149.168608,99.89,0.10639659144499927,10.6,0.04
250.94400000000002,7,-35.3603314,149.168608,99.891,0.05056253305890899,10.6,0.04
251.044,7,-35.360321899999995,149.1686081,99.888,0.026471545386721567,10.6,0.04
251.144,7,-35.3603124,149.1686081,99.884,0.042799309365782086,10.6,0.04
251.244,7,-35.3603029,149.1686081,99.881,0.03782435698886082,10.61,0.04
251.344,7,-35.3602935,149.1686082,99.878,0.03608016079558162,10.61,0.04
251.44400000000002,7,-35.360284,149.1686082,99.877,0.023858237637037996,10.61,0.04
251.544,7,-35.360274499999996,149.1686082,99.877,0.008906988561939794,10.61,0.04
251.645,7,-35.360265,149.1686083,99.881,0.006071143127210426,10.6,0.04
251.725,7,-35.3602573,149.1686083,99.886,-0.041692165049792104,10.6,0.03
251.82500000000002,7,-35.360247799999996,149.1686083,99.893,-0.03595748085973254,10.59,0.03
251.925,7,-35.3602382,149.1686083,99.903,0.02209955730725227,10.6,0.03
252.044,7,-35.3602267,149.1686083,99.913,0.09032150110953625,10.59,0.03
252.144,7,-35.3602171,149.16860839999998,99.918,0.10252858328086965,10.59,0.03
252.244,7,-35.3602075,149.16860839999998,99.919,0.0815547865571596,10.6,0.04
252.344,7,-35.360197899999996,149.16860839999998,99.916,0.05705780617080641,10.6,0.03
252.44400000000002,7,-35.3601883,149.1686085,99.911,0.04083303864298491,10.6,0.03
252.544,7,-35.3601787,149.1686085,99.906,0.05751600247436584,10.61,0.03
252.644,7,-35.3601692,149.1686085,99.903,0.05377992234890192,10.61,0.03
252.744,7,-35.3601597,149.1686085,99.903,0.03375918380835328,10.61,0.03
252.844,7,-35.3601502,149.1686086,99.904,0.034085612155805675,10.61,0.03
252.94400000000002,7,-35.360140699999995,149.1686086,99.906,0.0273264879691568,10.61,0.03
253.044,7,-35.3601312,149.1686086,99.911,0.012063823289061673,10.6,0.03
253.144,7,-35.3601217,149.1686086,99.92,-0.014568910226502895,10.6,0.03
253.244,7,-35.360112199999996,149.1686087,99.931,-0.07445263046017606,10.6,0.03
253.344,7,-35.3601027,149.1686087,99.941,-0.09621646129135972,10.59,0.02
253.44400000000002,7,-35.3600932,149.1686087,99.94800000000001,-0.06583399894467777,10.59,0.02
253.544,7,-35.3600837,149.1686087,99.953,-0.07635223680244618,10.59,0.02
253.644,7,-35.3600742,149.1686088,99.95400000000001,-0.1061537528736002,10.59,0.01
253.725,7,-35.360066599999996,149.1686088,99.953,-0.10892579582042045,10.59,0.01
253.82500000000002,7,-35.3600571,149.1686088,99.949,-0.1107846611515085,10.59,0.01
253.925,7,-35.3600475,149.1686088,99.944,-0.09072796406621812,10.59,0.01
254.025,7,-35.3600379,149.1686088,99.94,-0.06594486945677148,10.59,0.01
254.144,7,-35.3600263,149.1686088,99.94,-0.045037383597938074,10.6,0.0
254.244,7,-35.360016699999996,149.1686088,99.941,0.0011830095874852857,10.61,0.0
254.344,7,-35.360006999999996,149.1686088,99.943,0.002961133382263484,10.620000000000001,0.0
254.44400000000002,7,-35.3599974,149.1686088,99.94800000000001,-0.007674177769865508,10.63,0.0
254.544,7,-35.3599877,149.1686088,99.95400000000001,0.045235929326384546,10.63,0.0
254.644,7,-35.3599781,149.1686088,99.959,0.09557779191321725,10.64,0.0
254.744,7,-35.3599685,149.1686088,99.964,0.09762705543752602,10.64,0.0
254.844,7,-35.359958899999995,149.1686088,99.96900000000001,0.06389797382030973,10.64,0.0
254.94400000000002,7,-35.3599494,149.1686088,99.973,0.037278041906858975,10.63,0.0
255.044,7,-35.3599399,149.1686088,99.97800000000001,0.0548547766787864,10.63,0.0
255.144,7,-35.359930399999996,149.1686088,99.983,0.0715431899872688,10.620000000000001,0.0
255.244,7,-35.3599209,149.1686088,99.986,0.06693309244198786,10.620000000000001,0.0
255.344,7,-35.3599114,149.1686088,99.988,0.09302324113267298,10.620000000000001,0.0
255.44400000000002,7,-35.3599019,149.1686088,99.989,0.14874291052543206,10.620000000000001,0.0
255.544,7,-35.3598924,149.1686088,99.989,0.19436933457327094,10.620000000000001,0.0
255.644,7,-35.359882899999995,149.1686088,99.991,0.1936719882672685,10.620000000000001,0.01
255.744,7,-35.3598734,149.1686088,99.995,0.18626051264629065,10.620000000000001,0.01
255.82500000000002,7,-35.3598658,149.1686088,99.998,0.16802233341719633,10.620000000000001,0.02
255.925,7,-35.3598561,149.1686088,100.003,0.1533872924186953,10.620000000000001,0.02
256.025,7,-35.359846499999996,149.1686088,100.006,0.14388867373796285,10.620000000000001,0.01
256.125,7,-35.3598369,149.1686088,100.008,0.12153594586417055,10.620000000000001,0.02
256.244,7,-35.3598253,149.1686088,100.007,0.10369221005964446,10.63,0.02
256.344,7,-35.3598157,149.16860889999998,100.003,0.10015393861584646,10.64,0.02
256.444,7,-35.359806,149.16860889999998,99.995,0.08422755830728328,10.65,0.03
256.544,7,-35.3597963,149.16860889999998,99.983,0.09753125269626733,10.66,0.03
256.644,7,-35.3597867,149.168609,99.97,0.12779764184769873,10.66,0.03
256.744,7,-35.359777099999995,149.168609,99.96000000000001,0.12390775573388392,10.67,0.04
256.844,7,-35.3597675,149.1686091,99.955,0.07565614447648668,10.66,0.04
256.944,7,-35.359758,149.1686091,99.958,0.0423229637021332,10.66,0.05
257.044,7,-35.359748499999995,149.1686092,99.96600000000001,0.010337605534390018,10.65,0.05
257.144,7,-35.359739,149.16860929999999,99.979,-0.03144943261055182,10.63,0.05
257.244,7,-35.3597294,149.16860929999999,99.993,-0.11753274797924226,10.620000000000001,0.05
257.344,7,-35.359719999999996,149.16860939999998,100.005,-0.19260769271614978,10.620000000000001,0.05
257.444,7,-35.3597105,149.16860939999998,100.01,-0.2692489652483852,10.61,0.05
257.544,7,-35.359701,149.1686095,100.012,-0.30126662424115713,10.6,0.04
257.644,7,-35.3596915,149.1686095,100.009,-0.35910608019542667,10.6,0.03
257.744,7,-35.359682,149.1686096,100.005,-0.43576148001346493,10.59,0.03
257.844,7,-35.359672499999995,149.1686096,99.999,-0.47471266146787244,10.6,0.02
257.925,7,-35.3596649,149.1686096,99.994,-0.4842841043725875,10.6,0.01
258.025,7,-35.3596554,149.1686096,99.98700000000001,-0.4293899540544744,10.6,0.0
258.125,7,-35.3596457,149.1686096,99.983,-0.38498686757979506,10.61,0.0
258.225,7,-35.3596362,149.1686096,99.979,-0.31084030830169357,10.61,0.0
258.344,7,-35.3596246,149.1686096,99.97800000000001,-0.22174677381930513,10.620000000000001,0.0
258.444,7,-35.3596149,149.1686096,99.979,-0.173031636843166,10.63,0.0
258.544,7,-35.3596053,149.1686096,99.983,-0.10786768345813044,10.63,0.0
258.644,7,-35.3595956,149.1686096,99.991,-0.03742383042706304,10.64,0.0
258.744,7,-35.3595859,149.1686096,100.0,-0.010630492416983961,10.64,-0.01
258.844,7,-35.3595763,149.1686096,100.009,0.0007960236026595676,10.64,-0.01
258.944,7,-35.359566699999995,149.1686096,100.014,0.02022143371085062,10.64,-0.01
259.044,7,-35.359557099999996,149.1686096,100.018,0.005547531420586927,10.64,-0.01
259.144,7,-35.3595476,149.1686096,100.018,-0.00702342632735992,10.64,-0.01
259.244,7,-35.3595381,149.1686096,100.013,0.016104225361141353,10.64,-0.01
259.344,7,-35.3595286,149.1686096,100.006,0.020896917074907734,10.64,-0.01
259.444,7,-35.359519,149.1686096,99.999,0.030972833482851698,10.64,-0.01
259.544,7,-35.3595095,149.1686096,99.995,0.04173983296669005,10.64,0.0
259.644,7,-35.3595,149.1686096,99.992,0.04104142944878972,10.64,0.0
259.744,7,-35.3594905,149.1686096,99.991,0.014560304121447614,10.64,0.0
259.844,7,-35.359480999999995,149.1686096,99.992,-0.008373202441444022,10.64,0.0
259.944,7,-35.3594715,149.1686096,99.995,0.030644470804482012,10.63,0.0
260.025,7,-35.3594638,149.1686096,99.999,0.04425724125856907,10.63,0.0
260.125,7,-35.3594542,149.1686096,100.005,0.03314876566676314,10.64,0.0
260.225,7,-35.359444499999995,149.1686095,100.009,0.05281097930684562,10.63,0.0
260.344,7,-35.359432999999996,149.1686095,100.015,0.08039564876013423,10.64,0.0
260.444,7,-35.359423299999996,149.1686095,100.017,0.06998543994904309,10.64,0.0
260.544,7,-35.359413599999996,149.1686095,100.017,0.033828562922271134,10.64,0.0
260.644,7,-35.359404,149.1686095,100.015,0.004365340067586104,10.64,0.0
260.744,7,-35.3593943,149.1686095,100.012,-0.005243869397644025,10.64,0.0
260.844,7,-35.3593847,149.16860939999998,100.009,-0.00848150913130899,10.65,0.0
260.944,7,-35.3593751,149.16860939999998,100.007,-0.016530043299682683,10.65,0.0
261.044,7,-35.359365499999996,149.16860939999998,100.009,-0.037070138018836796,10.64,0.0
261.144,7,-35.359356,149.16860939999998,100.014,-0.04439619291949652,10.64,0.0
261.244,7,-35.3593465,149.16860939999998,100.021,-0.0597598796992737,10.63,0.0
261.344,7,-35.359337,149.16860929999999,100.028,-0.06613282639097244,10.620000000000001,-0.01
261.444,7,-35.3593275,149.16860929999999,100.035,-0.07844354200872623,10.61,-0.01
261.544,7,-35.359318,149.16860929999999,100.04,-0.04126618869621876,10.61,-0.02
261.644,7,-35.3593086,149.1686092,100.041,0.02536626536552946,10.6,-0.02
261.744,7,-35.3592991,149.1686092,100.039,0.07389967195198931,10.6,-0.02
261.844,7,-35.3592896,149.1686092,100.036,0.09403587003798025,10.6,-0.01
261.944,7,-35.3592801,149.1686091,100.03,0.16074157854558752,10.6,-0.01
262.045,7,-35.359270599999995,149.1686091,100.023,0.20401426871262976,10.6,-0.01
262.125,7,-35.3592629,149.1686091,100.017,0.22068940183884897,10.61,-0.01
262.225,7,-35.3592534,149.168609,100.011,0.24268166381115122,10.61,-0.01
262.325,7,-35.3592438,149.168609,100.006,0.2660228481238913,10.620000000000001,-0.01
262.444,7,-35.359232299999995,149.168609,100.001,0.24890687431151537,10.63,-0.01
262.544,7,-35.359222599999995,149.16860889999998,100.0,0.27707534818101487,10.64,-0.01
262.644,7,-35.359212899999996,149.16860889999998,100.0,0.300178703172421,10.64,-0.01
262.744,7,-35.3592033,149.16860889999998,100.001,0.3389913331722978,10.65,0.0
262.844,7,-35.3591936,149.16860889999998,100.004,0.34610983103047915,10.66,0.0
262.944,7,-35.359184,149.16860889999998,100.009,0.31711805256172865,10.66,0.0
263.044,7,-35.3591744,149.1686088,100.015,0.2994116142316904,10.65,0.0
263.144,7,-35.359164899999996,149.1686088,100.018,0.28410657436429343,10.65,0.01
263.244,7,-35.3591553,149.16860889999998,100.021,0.2491969705882558,10.65,0.02
263.344,7,-35.3591458,149.1686088,100.022,0.22146178684422899,10.64,0.02
263.444,7,-35.359136299999996,149.1686088,100.022,0.18559326186131858,10.64,0.02
263.544,7,-35.3591268,149.1686088,100.022,0.17971208211975415,10.64,0.03
263.644,7,-35.3591172,149.1686088,100.022,0.17576073764362243,10.63,0.03
263.744,7,-35.359107699999996,149.16860889999998,100.021,0.14365193831411316,10.63,0.03
263.844,7,-35.3590982,149.16860889999998,100.019,0.10071414752991972,10.63,0.03
263.944,7,-35.3590887,149.16860889999998,100.017,0.05833557181391448,10.620000000000001,0.03
264.044,7,-35.3590792,149.16860889999998,100.016,0.02755010329330199,10.620000000000001,0.02
264.125,7,-35.3590715,149.16860889999998,100.014,0.0009369690522515185,10.620000000000001,0.02
264.225,7,-35.3590619,149.168609,100.011,0.018922175316714158,10.620000000000001,0.02
264.325,7,-35.3590523,149.168609,100.007,0.0010766014809349854,10.63,0.02
264.425,7,-35.359042699999996,149.168609,100.001,-0.008881058522488208,10.63,0.02
264.544,7,-35.359031099999996,149.168609,99.996,-0.035870552695320246,10.64,0.02
264.644,7,-35.359021399999996,149.168609,99.995,-0.028800846667000866,10.64,0.02
264.744,7,-35.3590118,149.1686091,99.995,-0.015362557864233213,10.65,0.02
264.844,7,-35.3590021,149.1686091,99.995,0.03822882891871921,10.65,0.02
264.944,7,-35.3589924,149.1686091,99.995,0.005028193584774644,10.66,0.02
265.044,7,-35.3589828,149.1686091,99.995,-0.07443416093496925,10.66,0.01
265.144,7,-35.3589732,149.1686091,99.996,-0.13060500967913266,10.66,0.0
265.244,7,-35.358963599999996,149.1686091,99.999,-0.1962877239357586,10.65,-0.01
265.344,7,-35.3589541,149.1686091,100.003,-0.21627564555177947,10.65,-0.02
265.444,7,-35.3589445,149.1686091,100.01,-0.16504617186785583,10.64,-0.02
265.544,7,-35.358934999999995,149.1686091,100.018,-0.09529364537157414,10.64,-0.02
265.644,7,-35.3589255,149.168609,100.025,0.019880704654823507,10.63,-0.02
265.744,7,-35.358916,149.168609,100.031,0.12413774100984294,10.63,-0.02
265.844,7,-35.358906499999996,149.168609,100.033,0.18352334101683448,10.63,-0.01
265.944,7,-35.358897,149.168609,100.029,0.2774531963803341,10.63,-0.01
266.044,7,-35.3588875,149.16860889999998,100.023,0.3385897393934422,10.63,-0.01
266.144,7,-35.358878,149.16860889999998,100.015,0.40263234113540564,10.63,-0.01
266.225,7,-35.3588704,149.16860889999998,100.01,0.4316642202851035,10.63,0.0
266.325,7,-35.3588607,149.16860889999998,100.007,0.4197274241738749,10.64,0.0
266.425,7,-35.358851099999995,149.16860889999998,100.005,0.4194639549627269,10.65,0.0
266.525,7,-35.358841399999996,149.16860889999998,100.006,0.4159414183004251,10.65,0.0
266.644,7,-35.358829799999995,149.16860889999998,100.009,0.3155878767442342,10.66,0.01
266.744,7,-35.358820099999996,149.16860889999998,100.013,0.2664091540183937,10.66,0.01
266.844,7,-35.3588105,149.16860889999998,100.018,0.22515497151407537,10.66,0.02
266.944,7,-35.3588008,149.16860889999998,100.023,0.18514352325294234,10.66,0.02
267.044,7,-35.3587911,149.16860889999998,100.025,0.23194666082872747,10.66,0.03
267.144,7,-35.3587816,149.16860889999998,100.026,0.2063841309112126,10.66,0.03
267.244,7,-35.358772,149.16860889999998,100.024,0.12342290568430557,10.66,0.03
267.344,7,-35.3587625,149.16860889999998,100.021,0.024894715508534126,10.66,0.02
267.444,7,-35.3587529,149.16860889999998,100.016,-0.03594511114702181,10.66,0.01
267.544,7,-35.3587434,149.16860889999998,100.01,-0.08703874810980548,10.65,0.01
267.644,7,-35.3587339,149.16860889999998,100.006,-0.10096323599121362,10.65,0.01
267.744,7,-35.3587244,149.16860889999998,100.005,-0.08034796416796976,10.64,0.01
267.844,7,-35.358714899999995,149.16860889999998,100.006,0.004173619108848026,10.64,0.0
267.944,7,-35.3587054,149.16860889999998,100.011,0.07816616562529365,10.63,0.01
268.044,7,-35.3586959,149.16860889999998,100.016,0.10747473413744314,10.63,0.01
268.144,7,-35.358686399999996,149.16860889999998,100.021,0.14178771021730957,10.620000000000001,0.01
268.244,7,-35.3586769,149.16860889999998,100.026,0.15197290965197374,10.620000000000001,0.01
268.325,7,-35.358669299999995,149.16860889999998,100.029,0.18657595532815416,10.620000000000001,0.01
268.425,7,-35.3586597,149.16860889999998,100.031,0.21610098214005488,10.620000000000001,0.02
268.525,7,-35.35865,149.16860889999998,100.03,0.15683979296157807,10.620000000000001,0.01
268.625,7,-35.3586404,149.16860889999998,100.025,0.10665565838578374,10.63,0.01
268.744,7,-35.3586289,149.16860889999998,100.018,0.11588122958227434,10.63,0.01
268.844,7,-35.3586192,149.16860889999998,100.013,0.10295446291789713,10.64,0.01
268.944,7,-35.3586095,149.16860889999998,100.011,0.046767549221960324,10.64,0.01
269.044,7,-35.3585999,149.16860889999998,100.012,0.003684578981672768,10.65,0.01
269.144,7,-35.3585902,149.16860889999998,100.012,-0.026047394974833073,10.65,0.01
269.244,7,-35.358580499999995,149.16860889999998,100.011,-0.010184470725516882,10.66,0.01
269.344,7,-35.358571,149.16860889999998,100.01,-0.00026416931179110403,10.66,0.0
269.444,7,-35.3585614,149.16860889999998,100.009,0.04672077509934829,10.66,0.01
269.544,7,-35.3585518,149.16860889999998,100.009,0.09908968975547401,10.66,0.01
269.644,7,-35.358542299999996,149.16860889999998,100.011,0.11883758091497916,10.66,0.01
269.744,7,-35.3585328,149.16860889999998,100.013,0.09586964909810307,10.66,0.02
269.844,7,-35.3585232,149.16860889999998,100.015,0.060916176030882646,10.65,0.02
269.944,7,-35.358513699999996,149.16860889999998,100.016,0.0351650821994652,10.65,0.03
270.044,7,-35.3585042,149.16860889999998,100.016,0.03009979323365325,10.65,0.03
270.144,7,-35.3584947,149.16860889999998,100.015,0.02141509264464299,10.64,0.03
270.244,7,-35.358485099999996,149.16860889999998,100.011,0.040266910009294075,10.64,0.03
270.344,7,-35.3584756,149.16860889999998,100.006,0.03941853914939766,10.64,0.02
270.425,7,-35.358467999999995,149.168609,100.001,0.024244900382244104,10.64,0.02
270.525,7,-35.358458299999995,149.168609,99.997,-0.0025362315411770558,10.65,0.02
270.625,7,-35.3584487,149.168609,99.997,-0.02773539885496503,10.65,0.01
270.725,7,-35.358439,149.168609,99.998,-0.07822205444859007,10.65,0.01
270.844,7,-35.3584274,149.168609,100.0,-0.13565710850912066,10.65,0.01
270.944,7,-35.3584177,149.168609,100.002,-0.17269898528624522,10.66,0.01
271.044,7,-35.358408,149.168609,100.002,-0.15822406686705603,10.66,0.01
271.144,7,-35.3583984,149.168609,99.999,-0.10365062861502936,10.67,0.0
271.244,7,-35.3583887,149.168609,99.996,-0.003175489139346315,10.67,0.01
271.344,7,-35.3583791,149.168609,99.994,0.06301186349720636,10.67,0.01
271.444,7,-35.358369499999995,149.168609,99.994,0.0667437281152919,10.67,0.01
271.544,7,-35.35836,149.168609,99.995,0.06494893582831238,10.67,0.01
271.644,7,-35.3583504,149.1686091,99.995,0.06334009277344381,10.67,0.02
271.744,7,-35.3583409,149.1686091,99.996,0.04434024073018729,10.67,0.01
271.844,7,-35.3583314,149.1686091,99.993,0.06723098607335695,10.67,0.01
271.944,7,-35.3583218,149.1686091,99.99000000000001,0.08638140910325787,10.67,0.01
272.044,7,-35.3583123,149.1686091,99.986,0.10441975193827643,10.66,0.01
272.144,7,-35.3583028,149.1686091,99.985,0.14340502430757454,10.66,0.01
272.244,7,-35.3582932,149.1686091,99.985,0.167347758855165,10.66,0.01
272.344,7,-35.3582837,149.1686091,99.986,0.17728348296235183,10.66,0.02
272.444,7,-35.358274099999996,149.1686091,99.98700000000001,0.14313956740465641,10.66,0.02
272.525,7,-35.3582664,149.1686092,99.986,0.09625915664377892,10.66,0.02
272.625,7,-35.3582569,149.1686092,99.982,0.03773383697203832,10.66,0.02
272.725,7,-35.3582472,149.1686092,99.97500000000001,-0.0298051546143105,10.67,0.02
272.844,7,-35.3582356,149.1686092,99.96600000000001,-0.09474794393938053,10.67,0.02
272.944,7,-35.3582259,149.1686092,99.962,-0.15212941703350225,10.68,0.02
273.044,7,-35.3582162,149.1686092,99.962,-0.16651911817062495,10.68,0.02
273.144,7,-35.3582065,149.1686092,99.967,-0.1512680928265666,10.68,0.02
273.244,7,-35.3581968,149.16860929999999,99.976,-0.11971324585112918,10.69,0.01
273.344,7,-35.358187099999995,149.16860929999999,99.98700000000001,-0.08933822734342549,10.69,0.01
273.444,7,-35.358177399999995,149.16860929999999,99.998,-0.031714092435729896,10.68,0.0
273.544,7,-35.3581678,149.1686092,100.006,-0.00571425657168067,10.68,0.0
273.644,7,-35.3581582,149.1686092,100.01,-0.01898836111709184,10.68,0.0
273.744,7,-35.3581487,149.1686092,100.013,-0.017533830978676633,10.67,0.0
273.844,7,-35.358139099999995,149.1686092,100.012,-0.03781179050800506,10.67,0.0
273.944,7,-35.3581296,149.1686092,100.01,-0.024037113221087623,10.67,0.0
274.044,7,-35.35812,149.1686092,100.005,-0.018475091410769223,10.67,0.0
274.144,7,-35.358110499999995,149.1686092,100.0,0.04163950122304227,10.67,-0.01
274.244,7,-35.358101,149.1686092,99.996,0.08473614726629139,10.66,-0.01
274.344,7,-35.3580914,149.1686092,99.991,0.13203195892670996,10.66,-0.01
274.444,7,-35.3580819,149.1686092,99.988,0.14736588035573403,10.66,-0.01
274.545,7,-35.3580724,149.1686092,99.98700000000001,0.16759015052942114,10.66,0.0
274.625,7,-35.3580647,149.1686092,99.989,0.16484997735198986,10.65,0.0
274.725,7,-35.358055,149.1686091,99.996,0.14679182430033563,10.65,0.0
274.825,7,-35.3580454,149.1686091,100.005,0.1549883848096815,10.65,-0.01
274.944,7,-35.3580338,149.1686091,100.014,0.17036045924852244,10.66,-0.01
275.044,7,-35.358024199999996,149.1686091,100.019,0.2012347552464048,10.66,0.0
275.144,7,-35.358014499999996,149.168609,100.022,0.22244512064129926,10.67,-0.01
275.244,7,-35.358004799999996,149.168609,100.023,0.25466683153552533,10.67,0.0
275.344,7,-35.3579951,149.168609,100.023,0.2641978269137492,10.68,0.0
275.444,7,-35.3579854,149.168609,100.02,0.3034879298252922,10.68,0.0
275.544,7,-35.3579758,149.168609,100.014,0.2982079267926079,10.68,0.0
275.644,7,-35.3579663,149.168609,100.008,0.2870574295291505,10.68,0.01
275.744,7,-35.357956699999995,149.168609,100.002,0.2947072680799912,10.68,0.01
275.844,7,-35.3579472,149.168609,99.997,0.2990583653855538,10.67,0.01
275.944,7,-35.3579376,149.168609,99.995,0.2559652611689153,10.67,0.02
276.044,7,-35.357928099999995,149.168609,99.995,0.19087431877084748,10.67,0.02
276.144,7,-35.3579186,149.168609,99.998,0.1118409925953333,10.66,0.01
276.244,7,-35.357909,149.168609,100.002,0.06700102080771776,10.65,0.01
276.344,7,-35.357899499999995,149.168609,100.005,0.06223927171852139,10.64,0.01
276.444,7,-35.35789,149.168609,100.006,0.05999418053421026,10.64,0.01
276.544,7,-35.3578805,149.168609,100.006,0.07098786359123502,10.64,0.02
276.625,7,-35.3578729,149.168609,100.006,0.04747638478660079,10.63,0.02
276.725,7,-35.3578632,149.168609,100.005,0.01836930351991336,10.64,0.02
276.825,7,-35.3578535,149.168609,100.002,0.0031908153768125226,10.64,0.02
276.925,7,-35.3578439,149.168609,100.001,-0.0033745036512230625,10.64,0.02
277.044,7,-35.3578323,149.168609,100.003,-0.029566041297453858,10.65,0.01
277.144,7,-35.3578226,149.168609,100.007,-0.044410360225939007,10.65,0.01
277.244,7,-35.357813,149.168609,100.012,-0.04481704663119236,10.65,0.01
277.344,7,-35.3578033,149.168609,100.018,-0.0347014931147105,10.65,0.01
277.444,7,-35.357793699999995,149.168609,100.022,-0.04315731733298587,10.65,0.01
277.544,7,-35.357784099999996,149.168609,100.026,-0.04272787252397463,10.65,0.02
277.644,7,-35.3577745,149.168609,100.027,-0.03460747796202365,10.65,0.02
277.744,7,-35.357765,149.168609,100.025,-0.03376951580349424,10.64,0.03
277.844,7,-35.357755499999996,149.168609,100.022,-0.018531280388863154,10.64,0.04
277.944,7,-35.357746,149.1686091,100.021,-0.0052469639102300245,10.64,0.04
278.044,7,-35.3577364,149.1686091,100.021,0.0434958219084581,10.63,0.04
278.144,7,-35.357726899999996,149.1686092,100.022,0.04842641140630733,10.63,0.03
278.244,7,-35.3577174,149.1686092,100.024,0.01608853060028487,10.620000000000001,0.03
278.344,7,-35.3577079,149.1686092,100.028,-0.04677210823982917,10.620000000000001,0.03
278.444,7,-35.3576984,149.1686092,100.033,-0.06977791959215107,10.61,0.03
278.544,7,-35.3576889,149.16860929999999,100.037,-0.07753195854847415,10.620000000000001,0.03
278.644,7,-35.357679399999995,149.16860929999999,100.036,-0.08834396791172583,10.620000000000001,0.02
278.725,7,-35.3576718,149.16860929999999,100.035,-0.10813227324718909,10.61,0.02
278.825,7,-35.3576622,149.16860929999999,100.031,-0.12435680065117259,10.61,0.01
278.925,7,-35.3576526,149.16860929999999,100.024,-0.13459358669036886,10.620000000000001,0.01
279.02500000000003,7,-35.357642999999996,149.16860929999999,100.015,-0.12445236993869987,10.620000000000001,0.01
279.144,7,-35.357631399999995,149.16860929999999,100.005,-0.13301748051874876,10.64,0.0
279.244,7,-35.3576218,149.16860929999999,99.998,-0.1300109966647531,10.64,0.0
279.344,7,-35.3576121,149.16860929999999,99.993,-0.13564787708157058,10.65,0.0
279.444,7,-35.3576024,149.16860929999999,99.992,-0.09303225911681151,10.66,0.0
279.544,7,-35.3575927,149.16860929999999,99.993,-0.04795899034530442,10.67,0.0
279.644,7,-35.3575831,149.16860929999999,99.994,0.0026632472547643404,10.67,0.0
279.744,7,-35.3575735,149.16860929999999,99.995,0.03858145410988765,10.67,0.0
279.844,7,-35.357563899999995,149.16860929999999,99.996,0.029309348914623026,10.67,0.0
279.944,7,-35.3575543,149.16860929999999,99.997,0.009368571612131133,10.67,0.0
280.044,7,-35.3575448,149.16860929999999,99.998,0.04874460884220134,10.66,0.0
280.144,7,-35.357535299999995,149.16860929999999,100.001,0.09659739107993338,10.66,0.01
280.244,7,-35.3575257,149.16860929999999,100.004,0.13036734044035736,10.65,0.01
280.344,7,-35.3575162,149.16860929999999,100.004,0.15142278593909683,10.65,0.01
280.444,7,-35.3575067,149.16860929999999,100.002,0.18426511023286846,10.64,0.01
280.544,7,-35.3574972,149.16860929999999,99.999,0.19853404241968622,10.64,0.02
280.644,7,-35.3574876,149.16860929999999,99.997,0.1878169953642602,10.64,0.02
280.744,7,-35.3574781,149.16860939999998,99.994,0.12250688660315695,10.64,0.02
280.825,7,-35.3574705,149.16860939999998,99.991,0.07588206098741278,10.64,0.02
280.925,7,-35.3574608,149.16860939999998,99.98700000000001,0.03862983572819301,10.64,0.02
281.02500000000003,7,-35.3574512,149.16860939999998,99.986,0.0005074060051785448,10.64,0.02
281.125,7,-35.3574415,149.16860939999998,99.985,-0.03227846683138195,10.64,0.02
281.244,7,-35.3574299,149.1686095,99.982,-0.07025027653204637,10.65,0.02
281.344,7,-35.3574202,149.1686095,99.98,-0.09495505074966266,10.66,0.01
281.444,7,-35.3574106,149.1686095,99.979,-0.09904511343299043,10.66,0.01
281.544,7,-35.3574009,149.1686095,99.98,-0.09897920610956376,10.67,0.01
281.644,7,-35.357391199999995,149.1686095,99.982,-0.10672917630085393,10.67,0.01
281.744,7,-35.3573816,149.1686095,99.98400000000001,-0.1361778170518416,10.67,0.0
281.844,7,-35.3573721,149.1686095,99.986,-0.16809341007324677,10.66,0.0
281.944,7,-35.3573625,149.1686095,99.989,-0.18403275039895578,10.66,0.0
282.044,7,-35.357352999999996,149.1686095,99.993,-0.15301408661357757,10.66,0.0
282.144,7,-35.3573434,149.1686095,99.997,-0.13132831604006642,10.66,0.0
282.244,7,-35.3573339,149.1686095,100.001,-0.11654386465347136,10.65,0.0
282.344,7,-35.357324399999996,149.1686095,100.001,-0.0813775684946029,10.64,0.0
282.444,7,-35.3573149,149.1686095,99.997,-0.043391187946046,10.64,0.0
282.544,7,-35.3573054,149.1686095,99.993,-0.009429605588914878,10.64,0.0
282.644,7,-35.3572959,149.1686095,99.991,0.012392311031930323,10.63,0.0
282.744,7,-35.3572864,149.1686095,99.991,-0.011974145373198852,10.63,0.0
282.844,7,-35.3572768,149.1686095,99.992,-0.03826038519309746,10.63,0.0
282.925,7,-35.3572692,149.1686095,99.993,-0.04565070323590415,10.620000000000001,0.0
283.02500000000003,7,-35.3572596,149.1686095,99.993,-0.029495541605625293,10.620000000000001,0.0
283.125,7,-35.35725,149.1686095,99.991,-0.0283787423103154,10.620000000000001,0.0
283.244,7,-35.3572385,149.1686095,99.989,0.0037181788099640697,10.63,0.0
283.344,7,-35.3572288,149.1686095,99.986,0.06454781562702619,10.64,0.01
283.444,7,-35.357219199999996,149.1686095,99.982,0.12733281545816763,10.64,0.01
283.544,7,-35.357209499999996,149.1686095,99.98,0.1394978225969967,10.65,0.02
283.644,7,-35.3571998,149.1686095,99.982,0.11111227010783112,10.65,0.02
283.744,7,-35.3571901,149.1686095,99.98700000000001,0.04217835245574603,10.66,0.03
283.844,7,-35.3571805,149.1686095,99.991,-0.03408284072650866,10.66,0.02
283.944,7,-35.3571709,149.1686096,99.996,-0.09202972875291379,10.66,0.02
284.044,7,-35.3571613,149.1686096,100.001,-0.1456260630874452,10.66,0.02
284.144,7,-35.3571518,149.1686096,100.005,-0.1634438254968267,10.65,0.01
284.244,7,-35.3571422,149.1686096,100.007,-0.18975276702457702,10.65,0.0
284.344,7,-35.3571327,149.1686096,100.007,-0.21322329804472423,10.64,0.0
284.444,7,-35.3571232,149.1686096,100.005,-0.20642389808682943,10.64,-0.01
284.544,7,-35.3571137,149.1686096,100.003,-0.19439356040048333,10.64,-0.01
284.644,7,-35.357104199999995,149.1686096,100.001,-0.15819665272888342,10.64,-0.01
284.744,7,-35.3570947,149.1686096,99.998,-0.1494108416612785,10.64,-0.01
284.844,7,-35.3570851,149.1686095,99.996,-0.08460103758677207,10.64,-0.02
284.944,7,-35.3570756,149.1686095,99.994,-0.010073773636195073,10.64,-0.02
285.02500000000003,7,-35.3570679,149.1686095,99.993,0.026933228488512075,10.64,-0.02
285.125,7,-35.3570583,149.16860939999998,99.993,0.0713858621826271,10.65,-0.02
285.225,7,-35.3570487,149.16860939999998,99.993,0.1246128927244084,10.65,-0.02
285.344,7,-35.357037,149.16860929999999,99.994,0.1683224615342802,10.66,-0.02
285.444,7,-35.3570274,149.16860929999999,99.996,0.20738450016056825,10.66,-0.01
285.544,7,-35.3570177,149.1686092,99.998,0.22314197335941247,10.67,-0.01
285.644,7,-35.357008,149.1686092,99.997,0.26503615259308894,10.67,-0.01
285.744,7,-35.3569983,149.1686092,99.996,0.2686404647624458,10.68,-0.01
285.844,7,-35.3569886,149.1686092,99.994,0.27896464253846387,10.68,-0.01
285.944,7,-35.3569791,149.1686091,99.991,0.2899953446871816,10.68,-0.01
286.044,7,-35.3569695,149.1686091,99.989,0.33187875836878733,10.68,-0.01
286.144,7,-35.3569599,149.1686091,99.988,0.35286635554307627,10.67,-0.01
286.244,7,-35.356950399999995,149.168609,99.989,0.3401112440723419,10.67,0.0
286.344,7,-35.3569408,149.168609,99.992,0.3115968851544047,10.66,0.0
286.444,7,-35.3569313,149.168609,99.996,0.23463615453612577,10.66,0.0
286.544,7,-35.356921799999995,149.168609,100.001,0.1988005798798754,10.65,0.0
286.644,7,-35.3569123,149.168609,100.005,0.2090868581101278,10.65,0.0
286.744,7,-35.3569028,149.16860889999998,100.007,0.22892640987468602,10.65,0.0
286.844,7,-35.3568932,149.16860889999998,100.008,0.2564745371489044,10.64,0.01
286.944,7,-35.3568837,149.16860889999998,100.008,0.27278897759000875,10.64,0.02
287.045,7,-35.3568742,149.168609,100.009,0.28526866701854764,10.64,0.03
287.125,7,-35.356866499999995,149.168609,100.01,0.2677333836241564,10.64,0.03
287.225,7,-35.356857,149.168609,100.012,0.23312750982277275,10.64,0.04
287.325,7,-35.3568473,149.168609,100.014,0.16237149913734794,10.64,0.05
287.444,7,-35.3568358,149.168609,100.017,0.13580773285661796,10.65,0.05
287.544,7,-35.3568261,149.168609,100.021,0.08806582446603294,10.65,0.06
287.644,7,-35.3568164,149.1686091,100.024,0.04231829129245195,10.66,0.06
287.744,7,-35.3568067,149.1686091,100.023,-0.02649249285653448,10.66,0.06
287.844,7,-35.3567971,149.1686092,100.021,-0.13168698101277143,10.66,0.05
287.944,7,-35.356787499999996,149.1686092,100.018,-0.23314786698815057,10.66,0.05
288.044,7,-35.3567779,149.16860929999999,100.016,-0.32605258032634005,10.67,0.04
288.144,7,-35.3567683,149.16860929999999,100.014,-0.38428375830168043,10.67,0.04
288.244,7,-35.3567587,149.16860929999999,100.012,-0.35801925302417487,10.67,0.03
288.344,7,-35.356749199999996,149.16860929999999,100.009,-0.30604100651227534,10.67,0.02
288.444,7,-35.3567396,149.16860939999998,100.006,-0.2872128963740476,10.67,0.02
288.544,7,-35.3567301,149.16860939999998,100.005,-0.3190675379612384,10.66,0.01
288.644,7,-35.356720599999996,149.16860939999998,100.007,-0.2672523622157729,10.66,0.0
288.744,7,-35.356711,149.16860929999999,100.01,-0.239477931564445,10.66,0.0
288.844,7,-35.3567015,149.16860929999999,100.015,-0.18869216671252098,10.65,0.0
288.944,7,-35.3566919,149.16860929999999,100.019,-0.11944322659528889,10.65,0.0
289.044,7,-35.3566824,149.16860929999999,100.023,-0.07153782722155327,10.65,0.0
289.125,7,-35.3566747,149.16860929999999,100.025,-0.002079533301874367,10.65,0.0
289.225,7,-35.3566651,149.16860929999999,100.026,0.10523114372711957,10.64,0.0
289.325,7,-35.356655499999995,149.16860929999999,100.026,0.14883506471837435,10.65,0.0
289.425,7,-35.356645799999995,149.16860929999999,100.023,0.1648720020440205,10.65,0.0
289.544,7,-35.356634199999995,149.16860929999999,100.018,0.17040751018055883,10.66,0.0
289.644,7,-35.356624499999995,149.16860929999999,100.012,0.17606940349716882,10.66,0.01
289.744,7,-35.356614799999996,149.16860929999999,100.007,0.09436372578824748,10.67,0.01
289.844,7,-35.356605099999996,149.16860929999999,100.005,0.043561769252524425,10.67,0.01
289.944,7,-35.356595399999996,149.16860929999999,100.006,0.04945123993660676,10.67,0.01
290.044,7,-35.3565858,149.16860929999999,100.011,0.04721922883136047,10.67,0.01
290.144,7,-35.3565762,149.16860929999999,100.017,0.046885023139599254,10.67,0.01
290.244,7,-35.3565666,149.16860929999999,100.022,0.06455669353892589,10.67,0.01
290.344,7,-35.356556999999995,149.16860929999999,100.025,0.0623653233932625,10.66,0.01
290.444,7,-35.3565474,149.16860929999999,100.025,0.06438727283099784,10.66,0.0
290.544,7,-35.3565379,149.16860929999999,100.023,0.044368988889682166,10.65,0.0
290.644,7,-35.356528399999995,149.16860929999999,100.018,0.042392219419078746,10.65,0.0
290.744,7,-35.356518799999996,149.16860929999999,100.01,0.013075316608718374,10.65,0.0
290.844,7,-35.3565093,149.16860929999999,100.001,0.004494705534668065,10.65,0.0
290.944,7,-35.3564998,149.16860929999999,99.991,-0.02260785111404283,10.64,0.0
291.044,7,-35.3564903,149.16860929999999,99.983,-0.07951465440880175,10.64,0.0
291.144,7,-35.3564807,149.16860929999999,99.976,-0.07825427773362945,10.64,-0.01
291.225,7,-35.356473099999995,149.16860929999999,99.973,-0.043513270907353366,10.63,-0.02
291.325,7,-35.356463399999996,149.1686092,99.973,0.028692434089193444,10.64,-0.02
291.425,7,-35.3564538,149.1686092,99.974,0.1012268319343872,10.64,-0.02
291.52500000000003,7,-35.3564442,149.1686092,99.97500000000001,0.1631171636956429,10.64,-0.02
291.644,7,-35.3564326,149.1686091,99.977,0.2010628399186041,10.64,-0.02
291.744,7,-35.3564229,149.1686091,99.97800000000001,0.20532622532222755,10.65,-0.01
291.844,7,-35.3564133,149.1686091,99.976,0.2723768984035601,10.65,-0.01
291.944,7,-35.3564036,149.1686091,99.971,0.36066728534887704,10.66,0.0
292.044,7,-35.3563939,149.1686091,99.967,0.3650524802394368,10.67,0.0
292.144,7,-35.356384299999995,149.1686091,99.96600000000001,0.33298927775872267,10.67,0.0
292.244,7,-35.3563748,149.1686091,99.967,0.3236294373161458,10.67,0.01
292.344,7,-35.3563652,149.1686091,99.97200000000001,0.2889937347979962,10.67,0.01
292.444,7,-35.3563557,149.1686091,99.97800000000001,0.22488005639998235,10.67,0.01
292.544,7,-35.3563462,149.1686091,99.985,0.18083375392794362,10.67,0.01
292.644,7,-35.3563366,149.1686091,99.992,0.18244038250741723,10.66,0.01
292.744,7,-35.3563271,149.1686091,99.997,0.1620840575630388,10.66,0.01
292.844,7,-35.3563176,149.1686091,100.001,0.1279286694219719,10.66,0.01
292.944,7,-35.356308,149.1686091,100.001,0.07572323240878354,10.65,0.01
293.044,7,-35.3562985,149.1686091,100.0,0.015212377078825575,10.65,0.01
293.144,7,-35.356289,149.1686091,100.0,-0.04626443308542682,10.65,0.01
293.244,7,-35.3562795,149.1686091,100.0,-0.058015033170599896,10.64,0.01
293.325,7,-35.3562718,149.1686091,100.003,-0.027615173518348923,10.64,0.01
293.425,7,-35.356262199999996,149.1686091,100.007,0.036705073078838205,10.63,0.01
293.52500000000003,7,-35.3562526,149.1686091,100.012,0.08136166029033486,10.64,0.01
293.625,7,-35.356243,149.1686091,100.014,0.10103423927609136,10.64,0.01
293.744,7,-35.3562314,149.1686091,100.014,0.09521078930724806,10.64,0.01
293.844,7,-35.3562217,149.1686092,100.011,0.08009211888867857,10.64,0.01
293.944,7,-35.3562121,149.1686092,100.005,0.08763904436461292,10.65,0.01
294.044,7,-35.3562024,149.1686091,100.001,0.08160250449985713,10.65,0.0
294.144,7,-35.3561927,149.1686091,99.998,0.08297706006000237,10.66,0.0
294.244,7,-35.356183099999996,149.1686091,99.998,0.08947057559880771,10.66,0.0
294.344,7,-35.3561735,149.1686091,100.0,0.11903976518658212,10.65,0.01
294.444,7,-35.3561639,149.1686091,100.006,0.12498840638641365,10.64,0.01
294.544,7,-35.3561544,149.1686091,100.016,0.13877158138915394,10.64,0.01
294.644,7,-35.3561449,149.1686091,100.025,0.1624593444414193,10.63,0.01
294.744,7,-35.3561354,149.1686091,100.032,0.1574917825426234,10.63,0.01
294.844,7,-35.356125899999995,149.1686091,100.036,0.17257989720280634,10.620000000000001,0.01
294.944,7,-35.3561164,149.1686091,100.035,0.1625252184143129,10.620000000000001,0.02
295.044,7,-35.3561069,149.1686091,100.031,0.14204649701361638,10.620000000000001,0.02
295.144,7,-35.356097399999996,149.1686091,100.026,0.12369560632300362,10.620000000000001,0.02
295.244,7,-35.3560879,149.1686091,100.02,0.10390742771956597,10.620000000000001,0.02
295.344,7,-35.3560784,149.1686091,100.014,0.06351390241152212,10.61,0.02
295.425,7,-35.3560707,149.1686091,100.009,0.034373383900392046,10.61,0.02
295.52500000000003,7,-35.3560611,149.1686092,100.004,0.006529163923589645,10.620000000000001,0.02
295.625,7,-35.3560515,149.1686092,100.0,-0.03141871676960659,10.620000000000001,0.02
295.744,7,-35.35604,149.1686092,99.997,-0.058972767098495846,10.63,0.01
295.844,7,-35.3560303,149.1686092,99.996,-0.07742295566623163,10.64,0.01
295.944,7,-35.356020699999995,149.1686092,99.996,-0.11616731045483474,10.64,0.01
296.044,7,-35.356010999999995,149.1686092,99.996,-0.13551280742269092,10.65,0.01
296.144,7,-35.356001299999996,149.1686091,99.996,-0.11275888597643971,10.66,0.01
296.244,7,-35.3559917,149.1686091,99.995,-0.07788279281601744,10.67,0.01
296.344,7,-35.3559821,149.1686091,99.994,-0.05829965995991902,10.67,0.0
296.444,7,-35.3559725,149.1686091,99.991,-0.05158727154276916,10.67,0.0
296.544,7,-35.3559629,149.1686091,99.988,-0.04220720733694668,10.67,0.0
296.644,7,-35.3559534,149.1686091,99.98700000000001,-0.05371145370453651,10.66,-0.01
296.744,7,-35.3559439,149.1686091,99.985,-0.019751564720721343,10.66,-0.02
296.844,7,-35.3559343,149.1686091,99.985,0.07013427670796855,10.66,-0.02
296.944,7,-35.3559248,149.168609,99.988,0.15464957007425184,10.65,-0.01
297.044,7,-35.3559153,149.168609,99.994,0.23495053000093147,10.65,-0.01
297.144,7,-35.355905799999995,149.168609,100.001,0.311840904334674,10.64,0.0
297.244,7,-35.3558963,149.168609,100.006,0.3551140747493922,10.64,0.0
297.344,7,-35.3558868,149.168609,100.009,0.3581887804538087,10.64,0.0
297.445,7,-35.3558772,149.16860889999998,100.01,0.3478073464826389,10.64,0.0
297.52500000000003,7,-35.3558695,149.16860889999998,100.008,0.3604776675581299,10.64,0.0
297.625,7,-35.35586,149.16860889999998,100.004,0.36528331928904206,10.64,0.01
297.725,7,-35.3558503,149.16860889999998,99.998,0.37903096930397034,10.65,0.01
297.844,7,-35.3558388,149.168609,99.988,0.34614665001897377,10.66,0.02
297.944,7,-35.3558291,149.168609,99.979,0.2579635984292465,10.67,0.02
298.044,7,-35.3558194,149.168609,99.97,0.1904782611804793,10.67,0.02
298.144,7,-35.3558097,149.168609,99.961,0.15780806565791994,10.68,0.02
298.244,7,-35.355799999999995,149.168609,99.95400000000001,0.10807251576205809,10.69,0.02
298.344,7,-35.3557904,149.168609,99.95,0.07596449016491573,10.69,0.02
298.444,7,-35.3557808,149.168609,99.953,0.05826574913790697,10.69,0.02
298.544,7,-35.3557712,149.168609,99.959,-0.0016639671087538362,10.69,0.02
298.644,7,-35.3557616,149.168609,99.96600000000001,-0.03663734815135996,10.69,0.01
298.744,7,-35.355751999999995,149.168609,99.97200000000001,-0.053049378922294846,10.68,0.01
298.844,7,-35.3557425,149.168609,99.977,-0.07530052107239645,10.68,0.01
298.944,7,-35.3557329,149.168609,99.982,-0.0491803002060541,10.67,0.02
299.044,7,-35.355723399999995,149.168609,99.986,0.02262154984549587,10.66,0.02
299.144,7,-35.3557138,149.168609,99.988,0.054276881977033155,10.66,0.03
299.244,7,-35.3557043,149.1686091,99.99000000000001,0.07835067411437655,10.65,0.04
299.344,7,-35.3556947,149.1686091,99.991,0.11317475378344356,10.65,0.04
299.444,7,-35.355685199999996,149.1686092,99.99000000000001,0.0870656419796624,10.64,0.05
299.52500000000003,7,-35.3556775,149.1686092,99.988,0.06321979740070828,10.64,0.05
299.625,7,-35.3556679,149.16860929999999,99.986,0.04128929728057375,10.64,0.05
299.725,7,-35.3556583,149.16860929999999,99.983,-0.015395703291511617,10.65,0.05
299.825,7,-35.355648599999995,149.16860939999998,99.98,-0.07238897284580001,10.66,0.05
299.944,7,-35.355637,149.16860939999998,99.974,-0.15360076251068464,10.67,0.05
300.044,7,-35.3556273,149.1686095,99.96900000000001,-0.21830194389902538,10.67,0.04
300.144,7,-35.355617599999995,149.1686095,99.96900000000001,-0.26013693260663284,10.68,0.04
300.244,7,-35.355607899999995,149.1686096,99.97500000000001,-0.2834233420038806,10.68,0.05
300.344,7,-35.355598199999996,149.1686096,99.985,-0.2660833059702165,10.68,0.05
300.444,7,-35.355588499999996,149.1686097,99.997,-0.23986613176922503,10.68,0.06
300.544,7,-35.3555789,149.1686097,100.007,-0.28735689063557324,10.68,0.07
300.644,7,-35.3555693,149.16860979999998,100.014,-0.3074028821997524,10.67,0.06
300.744,7,-35.3555597,149.1686099,100.018,-0.36057974686970984,10.67,0.06
300.844,7,-35.355550199999996,149.1686099,100.018,-0.4181221696363632,10.66,0.05
300.944,7,-35.3555406,149.16861,100.017,-0.4591921237960763,10.65,0.05
301.044,7,-35.3555311,149.16861,100.012,-0.4865430293580106,10.65,0.04
301.144,7,-35.355521599999996,149.1686101,100.007,-0.5318821452336726,10.64,0.03
301.244,7,-35.3555121,149.1686101,100.002,-0.5394961519717971,10.64,0.02
301.344,7,-35.3555026,149.1686101,100.0,-0.5735483802440131,10.63,0.01
301.444,7,-35.355492999999996,149.1686101,100.001,-0.5511548579981858,10.63,0.0
301.544,7,-35.3554835,149.1686101,100.004,-0.4897145850104237,10.63,0.0
301.625,7,-35.3554759,149.1686101,100.01,-0.44718056912994775,10.63,0.0
301.725,7,-35.355466199999995,149.1686101,100.019,-0.3967231602862868,10.63,-0.01
301.825,7,-35.3554566,149.1686101,100.027,-0.339943210746589,10.620000000000001,-0.01
301.925,7,-35.355447,149.1686101,100.035,-0.2801088326265732,10.63,-0.02
302.044,7,-35.3554354,149.1686101,100.041,-0.2430150891004389,10.63,-0.02
302.144,7,-35.3554257,149.16861,100.042,-0.16827982621282053,10.64,-0.03
302.244,7,-35.3554161,149.16861,100.039,-0.08336485338827909,10.64,-0.03
302.344,7,-35.3554064,149.1686099,100.034,-0.018490751153565996,10.65,-0.03
302.444,7,-35.3553968,149.1686099,100.027,0.046150387602586114,10.65,-0.02
302.544,7,-35.355387199999996,149.1686099,100.02,0.09340423095220614,10.65,-0.02
302.644,7,-35.3553776,149.16860979999998,100.014,0.10929431921069702,10.65,-0.01
302.744,7,-35.3553681,149.16860979999998,100.01,0.127989060567231,10.65,-0.01
302.844,7,-35.3553585,149.16860979999998,100.009,0.14006206025546322,10.65,-0.01
302.944,7,-35.355349,149.16860979999998,100.01,0.1787589238849936,10.65,-0.01
303.044,7,-35.3553395,149.1686097,100.013,0.23677074873431342,10.65,-0.01
303.144,7,-35.355329999999995,149.1686097,100.016,0.24797559402644,10.65,0.0
303.244,7,-35.3553204,149.1686097,100.016,0.244351805145778,10.65,0.0
303.344,7,-35.3553109,149.1686097,100.014,0.20402100552030722,10.65,0.0
303.444,7,-35.3553014,149.1686097,100.011,0.1928116112154717,10.65,0.01
303.544,7,-35.3552919,149.1686097,100.008,0.17345569554108858,10.65,0.02
303.644,7,-35.3552823,149.1686097,100.006,0.11698990802278493,10.66,0.03
303.725,7,-35.355274699999995,149.1686097,100.004,0.04918577302852871,10.66,0.03
303.825,7,-35.355264999999996,149.1686097,100.0,-0.058803159627582674,10.66,0.03
303.925,7,-35.3552554,149.16860979999998,99.996,-0.18739699209115732,10.67,0.03
304.02500000000003,7,-35.3552458,149.16860979999998,99.992,-0.27368221158697303,10.67,0.02
304.144,7,-35.3552341,149.16860979999998,99.986,-0.321636516182383,10.68,0.02
304.244,7,-35.3552244,149.16860979999998,99.983,-0.325945885300985,10.69,0.01
304.344,7,-35.3552147,149.16860979999998,99.982,-0.3151387918063059,10.69,0.0
304.444,7,-35.355205,149.16860979999998,99.982,-0.2896633334604955,10.69,0.0
304.544,7,-35.3551953,149.16860979999998,99.985,-0.29972855101743484,10.69,0.0
304.644,7,-35.3551856,149.16860979999998,99.989,-0.2870763726319267,10.69,0.0
304.744,7,-35.355176,149.16860979999998,99.992,-0.20599807848076143,10.68,0.0
304.844,7,-35.3551664,149.16860979999998,99.996,-0.11874077098762216,10.68,0.0
304.944,7,-35.355156799999996,149.16860979999998,100.0,-0.058784510009497366,10.67,0.0
305.044,7,-35.3551473,149.16860979999998,100.004,-0.04157099255803719,10.67,0.0
305.144,7,-35.3551378,149.16860979999998,100.004,-0.036973624911224,10.66,0.0
305.244,7,-35.355128199999996,149.16860979999998,100.004,-0.06468023725358114,10.66,0.0
305.344,7,-35.3551187,149.16860979999998,100.003,-0.08238233334421541,10.66,-0.01
305.444,7,-35.3551092,149.1686097,99.999,-0.11344530664781276,10.66,-0.01
305.544,7,-35.3550997,149.1686097,99.993,-0.09276780939999169,10.66,-0.02
305.644,7,-35.3550901,149.1686097,99.986,-0.06515452185428712,10.66,-0.02
305.744,7,-35.3550806,149.1686096,99.979,-0.07736004989078007,10.66,-0.02
305.825,7,-35.355072899999996,149.1686096,99.974,-0.030621615684178254,10.66,-0.02
305.925,7,-35.3550632,149.1686096,99.971,0.032897722864232114,10.67,-0.02
306.02500000000003,7,-35.3550536,149.1686095,99.971,0.08588788124497818,10.67,-0.03
306.125,7,-35.3550439,149.1686095,99.976,0.10243305401398203,10.68,-0.02
306.244,7,-35.3550323,149.16860939999998,99.985,0.14499805920977424,10.68,-0.02
306.344,7,-35.3550226,149.16860939999998,99.992,0.21914373803380302,10.69,-0.02
306.444,7,-35.3550129,149.16860939999998,99.997,0.27928294002595705,10.700000000000001,-0.01
306.544,7,-35.3550032,149.16860939999998,99.998,0.3300942380459893,10.700000000000001,-0.01
306.644,7,-35.3549935,149.16860929999999,99.998,0.38049190941483907,10.700000000000001,0.0
306.744,7,-35.3549839,149.16860929999999,99.998,0.3724268433872292,10.700000000000001,0.0
306.844,7,-35.354974299999995,149.16860929999999,99.999,0.3339715710191616,10.700000000000001,0.0
306.944,7,-35.3549647,149.16860929999999,100.0,0.29877267137917685,10.69,0.0
307.044,7,-35.3549552,149.16860929999999,100.001,0.26032681720164447,10.69,0.0
307.144,7,-35.3549456,149.16860929999999,100.001,0.22815094328005156,10.69,0.0
307.244,7,-35.354936099999996,149.16860929999999,100.002,0.19474792982453062,10.68,0.0
307.344,7,-35.3549266,149.16860929999999,100.004,0.18791288481690482,10.68,0.01
307.444,7,-35.354917,149.16860929999999,100.005,0.16670293296862027,10.67,0.02
307.544,7,-35.354907499999996,149.16860929999999,100.005,0.14377952411337488,10.67,0.02
307.644,7,-35.354898,149.16860929999999,100.004,0.10986590065654263,10.67,0.02
307.744,7,-35.3548884,149.16860929999999,100.002,0.08789678395418173,10.66,0.02
307.844,7,-35.354878899999996,149.16860929999999,100.001,0.0567667760791404,10.66,0.02
307.925,7,-35.3548712,149.16860929999999,100.0,0.03407509339767959,10.66,0.02
308.02500000000003,7,-35.3548616,149.16860929999999,99.999,-0.012975456775113341,10.66,0.02
308.125,7,-35.354852,149.16860929999999,99.999,-0.07592561678358484,10.66,0.02
308.244,7,-35.3548404,149.16860939999998,99.998,-0.13406363337988464,10.66,0.02
308.344,7,-35.3548307,149.16860939999998,99.997,-0.16297415660989578,10.66,0.01
308.444,7,-35.354821099999995,149.16860939999998,99.994,-0.20406145304679837,10.66,0.01
308.544,7,-35.354811399999996,149.16860939999998,99.992,-0.16483835802627292,10.67,0.0
308.644,7,-35.354801699999996,149.16860939999998,99.988,-0.16064550232995778,10.67,0.0
308.744,7,-35.354791999999996,149.16860939999998,99.983,-0.10001672785274457,10.68,0.0
308.844,7,-35.3547824,149.16860929999999,99.979,-0.022939131964054976,10.68,0.0
308.944,7,-35.3547728,149.16860929999999,99.97800000000001,0.04733864041497,10.68,0.0
309.044,7,-35.3547632,149.16860929999999,99.98,0.10521703645163658,10.68,0.0
309.144,7,-35.354753599999995,149.16860929999999,99.98700000000001,0.14251766000442825,10.67,0.0
309.244,7,-35.3547441,149.16860929999999,99.996,0.1374519141363134,10.66,0.0
309.344,7,-35.3547345,149.16860929999999,100.006,0.06268451467504159,10.66,0.0
309.444,7,-35.354724999999995,149.16860929999999,100.016,0.05842561158306097,10.65,0.0
309.544,7,-35.3547155,149.16860929999999,100.024,0.09885611596215808,10.64,0.01
309.644,7,-35.354706,149.16860929999999,100.031,0.12419260930682782,10.64,0.01
309.744,7,-35.354696499999996,149.16860929999999,100.034,0.14146320953066785,10.64,0.01
309.844,7,-35.354687,149.16860929999999,100.035,0.16222515699829512,10.64,0.01
309.945,7,-35.3546775,149.16860939999998,100.032,0.16926299992733213,10.63,0.02
310.02500000000003,7,-35.354669799999996,149.16860939999998,100.029,0.1518961900857301,10.63,0.02
310.125,7,-35.3546602,149.16860939999998,100.023,0.0859054836563255,10.63,0.02
310.225,7,-35.3546506,149.16860939999998,100.017,0.02394333485718548,10.63,0.02
310.344,7,-35.354639,149.1686095,100.011,-0.05297843233332332,10.64,0.02
310.444,7,-35.3546294,149.1686095,100.008,-0.11157354800064498,10.65,0.02
310.544,7,-35.3546197,149.1686095,100.009,-0.10895820586844496,10.66,0.02
310.644,7,-35.35461,149.1686096,100.012,-0.08341883456108468,10.66,0.03
310.744,7,-35.354600399999995,149.1686096,100.017,-0.043921374710261626,10.67,0.03
310.844,7,-35.354590699999996,149.1686097,100.022,-0.02881165890981785,10.67,0.04
310.944,7,-35.3545811,149.1686097,100.027,-0.06853719305105577,10.67,0.03
311.044,7,-35.3545715,149.1686097,100.029,-0.12989764487299998,10.68,0.03
311.144,7,-35.354562,149.16860979999998,100.029,-0.19571253396223626,10.67,0.04
311.244,7,-35.354552399999996,149.16860979999998,100.029,-0.2232762292652855,10.67,0.04
311.344,7,-35.3545429,149.1686099,100.027,-0.24670024296192525,10.67,0.04
311.444,7,-35.3545334,149.1686099,100.025,-0.3135035751498961,10.67,0.04
311.544,7,-35.3545239,149.16861,100.023,-0.4195332973910584,10.67,0.03
311.644,7,-35.3545143,149.16861,100.023,-0.4655882757886759,10.67,0.02
311.744,7,-35.3545048,149.1686101,100.021,-0.5020133011063836,10.66,0.01
311.844,7,-35.354495299999996,149.1686101,100.02,-0.48086265984608717,10.66,0.01
311.944,7,-35.3544857,149.1686101,100.022,-0.45221343137246867,10.66,0.0
312.02500000000003,7,-35.3544781,149.1686101,100.023,-0.40034252021615885,10.65,0.0
312.125,7,-35.3544684,149.1686101,100.023,-0.3451503762150775,10.66,0.0
312.225,7,-35.354458799999996,149.1686101,100.022,-0.27159329427885986,10.66,0.0
312.325,7,-35.3544491,149.1686101,100.018,-0.18548329848372402,10.67,0.0
312.444,7,-35.354437499999996,149.1686101,100.012,-0.1827661371741019,10.67,0.0
312.544,7,-35.354427799999996,149.1686101,100.008,-0.18988520866145178,10.67,0.0
312.644,7,-35.3544182,149.1686101,100.004,-0.15803106066215028,10.68,0.0
312.744,7,-35.3544085,149.1686101,99.999,-0.14673663583823338,10.68,0.0
312.844,7,-35.3543988,149.1686101,99.994,-0.134055509190032,10.69,0.0
312.944,7,-35.3543892,149.1686101,99.989,-0.13920777968110915,10.69,0.0
313.044,7,-35.3543796,149.1686102,99.986,-0.16808762042070813,10.69,0.0
313.144,7,-35.3543701,149.1686102,99.983,-0.19951706939185238,10.69,0.0
313.244,7,-35.3543605,149.1686101,99.98100000000001,-0.23634647659297928,10.69,-0.01
313.344,7,-35.354351,149.1686101,99.98100000000001,-0.24519055771194087,10.69,-0.01
313.444,7,-35.3543415,149.1686101,99.98400000000001,-0.2139346115539708,10.68,-0.01
313.544,7,-35.3543319,149.1686101,99.991,-0.1438216525067321,10.68,-0.01
313.644,7,-35.3543224,149.1686101,99.997,-0.08382431034198808,10.67,-0.01
313.744,7,-35.3543129,149.1686101,100.002,-0.03680104924286878,10.66,-0.01
313.844,7,-35.3543034,149.1686101,100.006,-0.022288389692945977,10.66,-0.01
313.944,7,-35.3542939,149.1686101,100.006,-0.016495875678566092,10.65,-0.01
314.044,7,-35.354284299999996,149.1686101,100.004,-0.03272858230078174,10.65,-0.01
314.125,7,-35.3542767,149.1686101,100.0,-0.03586165143804741,10.65,-0.01
314.225,7,-35.3542671,149.1686101,99.993,-0.021201859341438346,10.66,-0.01
314.325,7,-35.354257499999996,149.1686101,99.98400000000001,0.03726882048446879,10.67,-0.01
314.425,7,-35.354247799999996,149.1686101,99.976,0.06753861139027198,10.68,-0.01
314.544,7,-35.354236199999995,149.1686101,99.97200000000001,0.07012182361892517,10.69,-0.01
314.644,7,-35.354226499999996,149.1686101,99.973,0.046846413227479504,10.69,-0.01
314.744,7,-35.354216799999996,149.1686101,99.97800000000001,-0.006864314686081359,10.700000000000001,-0.02
314.844,7,-35.354207099999996,149.16861,99.98400000000001,-0.013488350454175744,10.700000000000001,-0.03
314.944,7,-35.3541974,149.16861,99.992,-0.01805127116915799,10.700000000000001,-0.02
315.044,7,-35.3541877,149.16861,100.0,-0.019946121725414233,10.700000000000001,-0.02
315.144,7,-35.3541781,149.16861,100.006,0.009886311957409999,10.700000000000001,-0.02
315.244,7,-35.3541685,149.16861,100.009,0.008853677734848655,10.700000000000001,-0.02
315.344,7,-35.354158999999996,149.1686099,100.01,0.017823830538871193,10.69,-0.02
315.444,7,-35.3541494,149.1686099,100.012,0.034097174785616434,10.69,-0.01
315.544,7,-35.3541399,149.1686099,100.013,0.009025898220026815,10.68,-0.01
315.644,7,-35.3541303,149.1686099,100.013,0.011666956948266869,10.68,-0.01
315.744,7,-35.3541208,149.1686099,100.01,0.038515006507825474,10.68,-0.01
315.844,7,-35.3541113,149.1686099,100.007,0.029358370863163074,10.68,-0.01
315.944,7,-35.354101799999995,149.1686099,100.004,0.033075544571437146,10.68,-0.01
316.044,7,-35.3540922,149.1686099,100.001,0.046923703087838414,10.68,-0.01
316.144,7,-35.3540827,149.1686099,100.0,0.04414523682835144,10.68,-0.01
316.225,7,-35.354075,149.16860979999998,99.999,0.03375964404570946,10.68,-0.01
316.325,7,-35.354065299999995,149.16860979999998,99.999,-0.0005791573320906855,10.68,-0.01
316.425,7,-35.354055699999996,149.16860979999998,99.997,0.0206806888938346,10.69,-0.01
316.52500000000003,7,-35.354046,149.16860979999998,99.995,0.05851353692841166,10.69,-0.01
316.644,7,-35.354034399999996,149.16860979999998,99.995,0.07665166455833587,10.700000000000001,-0.01
316.744,7,-35.3540247,149.16860979999998,99.996,0.10851226922083716,10.71,-0.01
316.844,7,-35.354015,149.16860979999998,99.999,0.10171970612221899,10.71,-0.01
316.944,7,-35.3540053,149.1686097,100.006,0.06509264327525371,10.71,0.0
317.044,7,-35.3539956,149.1686097,100.011,0.023957803985952132,10.72,0.0
317.144,7,-35.353986,149.1686097,100.016,-0.002695380701805305,10.72,0.0
317.244,7,-35.3539764,149.1686097,100.019,-0.0479392168142551,10.72,0.0
317.344,7,-35.353966799999995,149.1686097,100.021,-0.05867717465390768,10.71,0.0
317.444,7,-35.3539573,149.1686097,100.023,-0.04518487966543465,10.71,0.0
317.544,7,-35.3539477,149.1686097,100.023,-0.013052730793969049,10.700000000000001,0.0
317.644,7,-35.3539382,149.1686097,100.023,-0.015238417175036248,10.700000000000001,0.0
317.744,7,-35.3539287,149.1686097,100.024,0.018540548501999612,10.69,0.01
317.844,7,-35.3539191,149.1686097,100.025,0.04126542496901176,10.68,0.01
317.944,7,-35.3539096,149.1686097,100.025,0.029991827552988782,10.68,0.01
318.044,7,-35.3539001,149.1686097,100.026,0.02326040765415011,10.68,0.01
318.144,7,-35.3538906,149.1686097,100.025,-0.003246717540322168,10.67,0.0
318.244,7,-35.353881,149.1686097,100.023,-0.027505815452929343,10.67,0.0
318.325,7,-35.3538734,149.1686097,100.021,-0.05018721616504877,10.66,0.0
318.425,7,-35.3538638,149.1686097,100.018,-0.08362196598782644,10.66,0.0
318.52500000000003,7,-35.3538541,149.1686097,100.017,-0.12293406691097364,10.67,0.0
318.644,7,-35.3538426,149.1686097,100.018,-0.1658311100138784,10.67,0.0
318.744,7,-35.3538329,149.1686097,100.021,-0.1942653075905605,10.67,0.0
318.844,7,-35.3538233,149.1686097,100.024,-0.181471069274444,10.67,0.0
318.944,7,-35.353813599999995,149.1686097,100.026,-0.15183211704162158,10.68,0.0
319.044,7,-35.353803899999996,149.1686097,100.027,-0.10902748826581694,10.68,0.0
319.144,7,-35.353794199999996,149.1686097,100.028,-0.0790986198491326,10.68,0.0
319.244,7,-35.3537846,149.1686097,100.031,-0.10500087163657626,10.68,0.0
319.344,7,-35.353775,149.1686097,100.034,-0.08891125380891374,10.68,0.0
319.444,7,-35.3537654,149.1686097,100.036,-0.05500596131523904,10.67,0.0
319.544,7,-35.353755899999996,149.16860979999998,100.036,-0.061499723647989,10.67,0.0
319.644,7,-35.3537464,149.16860979999998,100.037,-0.04938463558703921,10.66,0.0
319.744,7,-35.3537369,149.16860979999998,100.037,-0.06950963456402973,10.66,0.0
319.844,7,-35.353727299999996,149.16860979999998,100.036,-0.07349645066712054,10.66,-0.01
319.944,7,-35.3537178,149.16860979999998,100.034,-0.05623761651134292,10.65,-0.01
320.044,7,-35.3537083,149.16860979999998,100.029,-0.07706779916960418,10.65,-0.01
320.144,7,-35.3536988,149.16860979999998,100.022,-0.08286847072436974,10.65,-0.01
320.244,7,-35.3536893,149.16860979999998,100.014,-0.09797859673637012,10.66,-0.01
320.344,7,-35.3536798,149.16860979999998,100.006,-0.07728381724231906,10.66,-0.01
320.425,7,-35.3536721,149.16860979999998,100.001,-0.05073058973003502,10.66,-0.02
320.52500000000003,7,-35.3536624,149.16860979999998,100.0,0.04819937765252383,10.66,-0.02
320.625,7,-35.3536528,149.16860979999998,100.002,0.11995032812052266,10.67,-0.02
320.744,7,-35.3536412,149.16860979999998,100.005,0.1654309302976244,10.67,-0.01
320.844,7,-35.3536316,149.16860979999998,100.007,0.17539013318008312,10.68,0.0
320.944,7,-35.3536219,149.16860979999998,100.009,0.2124443763348651,10.69,0.0
321.044,7,-35.3536122,149.16860979999998,100.009,0.21853834581754453,10.700000000000001,0.0
321.144,7,-35.3536025,149.16860979999998,100.006,0.20369338322377137,10.71,0.01
321.244,7,-35.3535928,149.16860979999998,100.0,0.14292384281663245,10.71,0.01
321.344,7,-35.353583199999996,149.16860979999998,99.995,0.04254334402457189,10.71,0.01
321.444,7,-35.3535736,149.16860979999998,99.992,-0.0313824313896409,10.71,0.01
321.544,7,-35.3535641,149.16860979999998,99.992,-0.11011897117148349,10.700000000000001,0.01
321.644,7,-35.3535545,149.1686099,99.998,-0.15968884895933286,10.700000000000001,0.01
321.744,7,-35.353545,149.1686099,100.008,-0.20671076603196997,10.69,0.02
321.844,7,-35.3535354,149.1686099,100.02,-0.22742854405361693,10.68,0.01
321.944,7,-35.3535259,149.16861,100.032,-0.2480454700633004,10.67,0.01
322.044,7,-35.3535164,149.16861,100.04,-0.23313860888017401,10.66,0.0
322.144,7,-35.3535069,149.16861,100.046,-0.1874177494629318,10.65,0.0
322.244,7,-35.353497399999995,149.16861,100.047,-0.19354936502732561,10.65,0.0
322.344,8,-35.3534879,149.16861,100.045,-0.19158457840324947,10.64,0.0
322.445,8,-35.3534784,149.1686101,100.039,-0.24566541594181543,10.64,0.0
322.52500000000003,8,-35.353470699999995,149.1686101,100.032,-0.6529634166105744,10.64,0.02
322.625,8,-35.3534612,149.1686101,100.023,-2.5187985288598096,10.64,0.03
322.725,8,-35.3534516,149.1686102,100.016,-6.848330579335128,10.65,-0.01
322.844,8,-35.35344,149.1686101,100.011,-15.241691783835806,10.65,-0.29
322.944,8,-35.3534304,149.1686095,100.009,-23.661491369953136,10.65,-0.72
323.044,8,-35.353420799999995,149.16860839999998,100.003,-31.915537632839886,10.64,-1.31
323.144,8,-35.353411099999995,149.16860649999998,99.985,-38.667886551976586,10.64,-1.99
323.244,8,-35.3534015,149.1686039,99.952,-43.261434655620285,10.65,-2.74
323.344,8,-35.3533919,149.16860029999998,99.911,-45.6438797702016,10.65,-3.58
323.444,8,-35.3533823,149.1685958,99.876,-46.28763192966447,10.63,-4.53
323.544,8,-35.3533729,149.16859019999998,99.86500000000001,-45.856933860981805,10.55,-5.54
323.644,8,-35.3533635,149.16858349999998,99.881,-45.007989158473414,10.39,-6.55
323.744,8,-35.3533543,149.1685756,99.932,-44.159184474843,10.14,-7.51
323.844,8,-35.353345399999995,149.16856679999998,100.013,-43.66393428831455,9.84,-8.41
323.944,8,-35.3533368,149.168557,100.119,-43.59416390594287,9.5,-9.21
324.044,8,-35.353328499999996,149.1685464,100.24000000000001,-43.810332562984605,9.15,-9.94
324.144,8,-35.353320599999996,149.16853509999999,100.36500000000001,-44.179780910285174,8.8,-10.57
324.244,8,-35.3533129,149.1685231,100.48400000000001,-44.49947132948221,8.48,-11.14
324.344,8,-35.3533055,149.1685105,100.59,-44.67951170090916,8.17,-11.63
324.444,8,-35.3532984,149.1684974,100.677,-44.73210415751826,7.87,-12.08
324.52500000000003,8,-35.3532929,149.1684866,100.733,-44.67227511548353,7.63,-12.42
324.625,8,-35.3532862,149.1684726,100.785,-44.61802292290612,7.3100000000000005,-12.85
324.725,8,-35.353279799999996,149.16845809999998,100.81700000000001,-44.58267327885672,6.97,-13.290000000000001
324.825,8,-35.353273699999995,149.1684431,100.83200000000001,-44.55873688091041,6.59,-13.74
324.944,8,-35.3532669,149.1684243,100.836,-44.58085986363208,6.08,-14.33
325.044,8,-35.3532617,149.1684081,100.83200000000001,-44.60654137491133,5.6000000000000005,-14.83
325.144,8,-35.3532569,149.1683913,100.82900000000001,-44.61632903599196,5.07,-15.35
325.244,8,-35.3532526,149.168374,100.82900000000001,-44.60995988459092,4.5,-15.88
325.344,8,-35.353248799999996,149.168356,100.83500000000001,-44.65898356735869,3.9,-16.38
325.444,8,-35.3532456,149.1683376,100.845,-44.67880477633006,3.29,-16.87
325.544,8,-35.353243,149.16831879999998,100.863,-44.721319288818805,2.64,-17.32
325.644,8,-35.353241,149.1682995,100.885,-44.742158195976515,1.99,-17.740000000000002
325.744,8,-35.353239599999995,149.1682799,100.913,-44.72296877950337,1.34,-18.13
325.844,8,-35.3532388,149.16825989999998,100.944,-44.68941547520568,0.71,-18.47
325.944,8,-35.353238499999996,149.1682396,100.97500000000001,-44.6710525116221,0.09,-18.78
326.044,8,-35.3532388,149.1682189,101.001,-44.686884890118186,-0.51,-19.06
