time_s,seq,latitude_deg,longitude_deg,altitude_m,roll_deg,vn_mps,ve_mps
75.504,1,-35.3608001,149.16573219999998,99.84700000000001,33.31662458256836,-18.7,8.870000000000001
75.604,1,-35.360816899999996,149.1657418,99.84,33.382662266558626,-18.900000000000002,8.43
75.70400000000001,1,-35.360833899999996,149.16575079999998,99.83500000000001,33.473695027816554,-19.09,7.98
75.804,1,-35.3608511,149.1657593,99.831,33.80488748557589,-19.27,7.54
75.904,1,-35.3608684,149.1657673,99.83,34.76567312064866,-19.44,7.08
76.004,1,-35.3608858,149.16577479999998,99.828,36.55650090970181,-19.62,6.59
76.104,1,-35.3609034,149.1657817,99.825,38.882463774941705,-19.81,6.04
76.20400000000001,1,-35.3609212,149.165788,99.818,41.19952690369308,-20.01,5.42
76.304,1,-35.360939099999996,149.1657936,99.807,43.14794081727677,-20.22,4.73
76.404,1,-35.360957299999995,149.1657983,99.797,44.4864222530729,-20.44,3.97
76.504,1,-35.3609757,149.1658022,99.79,45.24846645877122,-20.650000000000002,3.16
76.604,1,-35.3609942,149.1658052,99.793,45.52502081826504,-20.830000000000002,2.29
76.705,1,-35.3610129,149.1658072,99.812,45.45381609616766,-20.97,1.3900000000000001
76.785,1,-35.3610282,149.1658081,99.84,45.246181760493855,-21.04,0.66
76.885,1,-35.3610472,149.16580829999998,99.89,44.937822625129876,-21.080000000000002,-0.22
76.985,1,-35.361066199999996,149.1658075,99.953,44.7714528773267,-21.080000000000002,-1.06
77.104,1,-35.3610891,149.16580539999998,100.04,44.726339477858765,-21.04,-1.99
77.20400000000001,1,-35.3611082,149.1658027,100.116,44.73466206336243,-20.96,-2.73
77.304,1,-35.3611272,149.1657993,100.18900000000001,44.793131897752325,-20.87,-3.41
77.404,1,-35.3611461,149.1657952,100.255,44.83151414579321,-20.76,-4.0600000000000005
77.504,1,-35.3611649,149.1657903,100.31,44.86577095957541,-20.64,-4.67
77.604,1,-35.361183499999996,149.16578479999998,100.352,44.88735435735265,-20.5,-5.25
77.70400000000001,1,-35.3612019,149.1657787,100.383,44.909531981587676,-20.34,-5.83
77.804,1,-35.3612201,149.165772,100.402,44.893156603052574,-20.150000000000002,-6.42
77.904,1,-35.3612381,149.1657646,100.414,44.83586497629451,-19.94,-7.03
78.004,1,-35.361255799999995,149.16575659999998,100.421,44.81718782400911,-19.69,-7.66
78.104,1,-35.3612733,149.16574789999999,100.427,44.84125399554965,-19.41,-8.31
78.20400000000001,1,-35.361290499999996,149.1657385,100.432,44.84678986387194,-19.1,-8.96
78.304,1,-35.3613074,149.16572829999998,100.437,44.84910529800057,-18.76,-9.61
78.404,1,-35.361323899999995,149.1657175,100.443,44.807191842158794,-18.39,-10.26
78.504,1,-35.3613402,149.1657059,100.45100000000001,44.827439937953294,-18.0,-10.89
78.604,1,-35.3613561,149.1656936,100.46000000000001,44.85728103443708,-17.59,-11.5
78.70400000000001,1,-35.3613716,149.1656807,100.468,44.84881843005544,-17.17,-12.09
78.785,1,-35.3613838,149.16566989999998,100.47500000000001,44.86539188407647,-16.82,-12.55
78.885,1,-35.361398799999996,149.16565559999998,100.477,44.87445554510508,-16.39,-13.11
78.985,1,-35.361413399999996,149.1656408,100.474,44.899064716684634,-15.950000000000001,-13.63
79.08500000000001,1,-35.3614277,149.16562539999998,100.465,44.940028776231784,-15.49,-14.16
79.20400000000001,1,-35.3614442,149.16560619999998,100.449,44.93462951169289,-14.91,-14.77
79.304,1,-35.3614575,149.16558949999998,100.435,44.94075619137839,-14.4,-15.27
79.404,1,-35.3614703,149.16557219999999,100.419,44.903347245294235,-13.88,-15.75
79.504,1,-35.361482599999995,149.16555449999998,100.402,44.87931180960496,-13.33,-16.22
79.604,1,-35.3614945,149.1655362,100.384,44.884021225037685,-12.77,-16.68
79.70400000000001,1,-35.361505699999995,149.1655176,100.369,44.866655469072924,-12.18,-17.11
79.804,1,-35.3615164,149.1654986,100.354,44.803127879602634,-11.58,-17.52
79.904,1,-35.361526399999995,149.1654792,100.343,44.779000236359565,-10.950000000000001,-17.91
80.004,1,-35.3615359,149.1654594,100.336,44.76281951821581,-10.31,-18.28
80.104,1,-35.3615448,149.16543919999998,100.33,44.77476551907416,-9.66,-18.61
80.20400000000001,1,-35.3615531,149.1654187,100.325,44.78088536857049,-9.0,-18.93
80.304,1,-35.3615609,149.1653978,100.321,44.57404333484041,-8.33,-19.22
80.404,1,-35.361568,149.1653766,100.31700000000001,43.93465225116259,-7.66,-19.490000000000002
80.504,1,-35.361574499999996,149.1653552,100.315,42.658953914217214,-6.99,-19.72
80.604,1,-35.361580499999995,149.1653335,100.31400000000001,40.66107918575888,-6.3500000000000005,-19.900000000000002
80.70400000000001,1,-35.3615859,149.1653116,100.318,37.971039917000624,-5.76,-20.03
80.804,1,-35.3615908,149.1652896,100.32600000000001,34.61890943085801,-5.25,-20.11
80.885,1,-35.3615944,149.165272,100.33500000000001,31.551703701037063,-4.92,-20.13
80.985,1,-35.3615987,149.1652497,100.345,27.33480808672101,-4.59,-20.11
81.08500000000001,1,-35.3616028,149.16522759999998,100.346,23.02255449385512,-4.36,-20.06
81.185,1,-35.361606699999996,149.1652054,100.333,18.79861695450479,-4.22,-19.990000000000002
81.304,1,-35.3616113,149.1651788,100.293,14.166008706545083,-4.13,-19.900000000000002
81.404,1,-35.3616151,149.1651568,100.233,10.913130260552865,-4.09,-19.830000000000002
81.504,1,-35.361618899999996,149.1651348,100.145,8.324577357577242,-4.0600000000000005,-19.77
81.604,1,-35.3616226,149.1651128,100.037,6.467073688733247,-4.03,-19.72
81.70400000000001,1,-35.3616263,149.1650909,99.917,5.2176604810350184,-4.0,-19.69
81.804,1,-35.36163,149.16506909999998,99.797,4.504563972249946,-3.95,-19.69
81.904,1,-35.3616336,149.1650474,99.687,4.184021486953955,-3.9,-19.69
82.004,1,-35.361637099999996,149.1650257,99.595,4.0043192098909195,-3.83,-19.69
82.104,1,-35.3616406,149.1650041,99.525,3.895202242144912,-3.77,-19.7
82.20400000000001,1,-35.361644,149.16498249999998,99.476,3.7194414111197966,-3.71,-19.7
82.304,1,-35.361647399999995,149.164961,99.44500000000001,3.4600387238489403,-3.67,-19.7
82.404,1,-35.3616507,149.16493939999998,99.428,3.0632403781209305,-3.63,-19.69
82.504,1,-35.361654,149.1649179,99.417,2.5800593492993,-3.61,-19.69
82.604,1,-35.3616573,149.16489629999998,99.406,2.071872357596018,-3.59,-19.69
82.70400000000001,1,-35.3616606,149.1648748,99.391,1.5929768455917477,-3.59,-19.7
82.804,1,-35.361663899999996,149.16485319999998,99.367,1.1765587814728762,-3.59,-19.71
82.904,1,-35.3616671,149.16483159999999,99.336,0.8210465280392133,-3.59,-19.72
82.985,1,-35.3616698,149.1648143,99.306,0.5840548653739323,-3.6,-19.73
83.08500000000001,1,-35.3616731,149.16479239999998,99.263,0.3751909622473952,-3.61,-19.76
83.185,1,-35.3616764,149.1647705,99.218,0.2659884303737768,-3.62,-19.79
83.285,1,-35.361679699999996,149.1647485,99.175,0.23613548778064936,-3.63,-19.82
83.404,1,-35.3616837,149.1647221,99.136,0.25842082089724067,-3.63,-19.86
83.504,1,-35.3616871,149.16469999999998,99.11500000000001,0.2699474321322983,-3.64,-19.89
83.604,1,-35.3616904,149.1646779,99.105,0.2871677530925021,-3.64,-19.92
83.70400000000001,1,-35.3616938,149.1646557,99.10300000000001,0.29387609275493887,-3.64,-19.95
83.804,1,-35.3616971,149.1646336,99.105,0.28398472485671744,-3.64,-19.98
83.904,1,-35.3617004,149.1646115,99.108,0.28927219840880647,-3.65,-20.0
84.004,1,-35.3617037,149.1645895,99.111,0.28028644422542004,-3.65,-20.01
84.104,1,-35.361706999999996,149.1645676,99.11200000000001,0.24170574717263274,-3.66,-20.02
84.20400000000001,1,-35.3617103,149.1645456,99.111,0.2512718273116323,-3.65,-20.03
84.304,1,-35.3617136,149.1645237,99.108,0.3272171809406801,-3.65,-20.04
84.404,1,-35.361716799999996,149.1645017,99.105,0.38375625959042914,-3.64,-20.06
84.504,1,-35.3617201,149.16447979999998,99.10300000000001,0.39737341563961315,-3.63,-20.07
84.604,1,-35.3617233,149.16445779999998,99.10600000000001,0.37036826172398435,-3.62,-20.080000000000002
84.70400000000001,1,-35.3617266,149.1644359,99.11200000000001,0.29339984714288914,-3.61,-20.080000000000002
84.804,1,-35.3617298,149.1644139,99.121,0.20329166938299678,-3.61,-20.09
84.904,1,-35.361733099999995,149.1643919,99.128,0.09730998524964934,-3.61,-20.09
85.004,1,-35.3617363,149.1643698,99.136,-0.06373059416500475,-3.62,-20.1
85.08500000000001,1,-35.3617389,149.1643522,99.14,-0.15823447223336973,-3.63,-20.1
85.185,1,-35.3617422,149.16433,99.146,-0.20079091301227298,-3.63,-20.11
85.285,1,-35.3617455,149.1643078,99.152,-0.22829632492375232,-3.64,-20.13
85.404,1,-35.3617494,149.164281,99.158,-0.2875160927401727,-3.64,-20.150000000000002
85.504,1,-35.3617527,149.16425859999998,99.163,-0.26322316425527365,-3.65,-20.17
85.604,1,-35.361756,149.1642362,99.169,-0.21404486841625628,-3.65,-20.18
85.70400000000001,1,-35.3617594,149.1642137,99.175,-0.2041882117528403,-3.66,-20.2
85.804,1,-35.3617627,149.1641913,99.181,-0.2277517774200025,-3.66,-20.22
85.904,1,-35.361765999999996,149.1641689,99.19200000000001,-0.18976872191959135,-3.67,-20.23
86.004,1,-35.3617693,149.16414659999998,99.208,-0.18633260315854602,-3.67,-20.23
86.104,1,-35.3617726,149.1641244,99.227,-0.165971929304657,-3.68,-20.23
86.20400000000001,1,-35.3617759,149.1641022,99.248,-0.14603975643969375,-3.68,-20.22
86.304,1,-35.3617792,149.1640801,99.268,-0.11932509900720203,-3.68,-20.22
86.404,1,-35.3617825,149.1640579,99.287,-0.08163243326822223,-3.68,-20.21
86.504,1,-35.3617858,149.1640358,99.306,-0.057514014782595664,-3.69,-20.2
86.604,1,-35.361789099999996,149.1640136,99.32300000000001,-0.058228336509923956,-3.69,-20.2
86.70400000000001,1,-35.3617924,149.16399149999998,99.337,-0.04394064131320848,-3.68,-20.2
86.804,1,-35.3617957,149.16396939999998,99.35000000000001,-0.027059040039415182,-3.68,-20.2
86.904,1,-35.361799,149.1639472,99.357,-0.027200989913264424,-3.69,-20.19
87.004,1,-35.3618023,149.1639251,99.36200000000001,-0.028788246835612045,-3.69,-20.19
87.104,1,-35.3618057,149.16390289999998,99.368,-0.022892219436730765,-3.69,-20.19
87.185,1,-35.3618083,149.163885,99.373,0.02602860361698227,-3.69,-20.19
87.285,1,-35.3618117,149.16386269999998,99.381,0.07691439338764997,-3.7,-20.19
87.385,1,-35.361815,149.1638403,99.394,0.14807831444289132,-3.7,-20.2
87.504,1,-35.3618191,149.16381339999998,99.415,0.177469565596595,-3.7,-20.21
87.604,1,-35.361822499999995,149.16379089999998,99.433,0.17222346004570951,-3.7,-20.22
87.70400000000001,1,-35.3618258,149.16376839999998,99.45100000000001,0.1325565628116919,-3.71,-20.22
87.804,1,-35.361829199999995,149.16374589999998,99.467,0.11122969733472376,-3.71,-20.23
87.904,1,-35.3618326,149.16372339999998,99.48,0.11331761412684525,-3.71,-20.240000000000002
88.004,1,-35.361836,149.16370089999998,99.495,0.12060682669363725,-3.71,-20.25
88.104,1,-35.3618394,149.1636785,99.508,0.12359594159001697,-3.71,-20.25
88.20400000000001,1,-35.3618427,149.1636562,99.521,0.12870600364645754,-3.7,-20.25
88.304,1,-35.361846,149.163634,99.533,0.11544577834225958,-3.7,-20.240000000000002
88.404,1,-35.3618494,149.16361179999998,99.544,0.13358181155870782,-3.7,-20.240000000000002
88.504,1,-35.3618527,149.1635897,99.553,0.13867018242844834,-3.7,-20.240000000000002
88.604,1,-35.361855999999996,149.1635675,99.558,0.14454862742630212,-3.7,-20.240000000000002
88.70400000000001,1,-35.3618594,149.1635454,99.562,0.12142003275147867,-3.7,-20.23
88.804,1,-35.361862699999996,149.16352329999998,99.568,0.14591542565245835,-3.7,-20.23
88.904,1,-35.3618661,149.16350119999998,99.574,0.14156319442877185,-3.7,-20.23
89.004,1,-35.361869399999996,149.163479,99.58200000000001,0.14237784122964134,-3.7,-20.22
89.104,1,-35.3618727,149.1634569,99.589,0.1786448250413,-3.69,-20.22
89.205,1,-35.361876099999996,149.16343469999998,99.595,0.20782387342327047,-3.69,-20.22
89.285,1,-35.3618788,149.1634166,99.60000000000001,0.24141095514083794,-3.69,-20.23
89.385,1,-35.361882099999995,149.1633943,99.608,0.2743525306209863,-3.68,-20.23
89.485,1,-35.3618855,149.1633718,99.617,0.29056558544159833,-3.68,-20.240000000000002
89.604,1,-35.3618895,149.1633448,99.626,0.2849406845362548,-3.67,-20.26
89.70400000000001,1,-35.3618929,149.1633223,99.633,0.22905266165262547,-3.67,-20.27
89.804,1,-35.3618963,149.1632998,99.64,0.1785480284541562,-3.67,-20.28
89.904,1,-35.3618996,149.16327719999998,99.647,0.15358328683136294,-3.68,-20.3
90.004,1,-35.361903,149.16325469999998,99.655,0.06087214665714119,-3.68,-20.3
90.104,1,-35.361906399999995,149.1632323,99.661,0.019830016847157277,-3.69,-20.3
90.20400000000001,1,-35.3619097,149.16321,99.666,0.0011710023533807146,-3.69,-20.3
90.304,1,-35.361913099999995,149.16318769999998,99.672,0.006987389825747163,-3.69,-20.3
90.404,1,-35.3619164,149.1631655,99.681,0.015675319163238974,-3.69,-20.29
90.504,1,-35.361919799999995,149.1631433,99.693,-0.005525443362543472,-3.69,-20.28
90.604,1,-35.3619231,149.16312109999998,99.70700000000001,-0.00911594549304324,-3.69,-20.27
90.70400000000001,1,-35.361926499999996,149.163099,99.721,0.02105933750594718,-3.7,-20.26
90.804,1,-35.3619298,149.1630768,99.73100000000001,0.04971661679824555,-3.7,-20.25
90.904,1,-35.361933199999996,149.1630547,99.739,0.06103465713461989,-3.7,-20.25
91.004,1,-35.3619365,149.16303249999999,99.743,0.09728976148640375,-3.7,-20.240000000000002
91.104,1,-35.361939899999996,149.1630103,99.743,0.1579781533765091,-3.7,-20.240000000000002
91.20400000000001,1,-35.3619432,149.1629882,99.743,0.1820301175899669,-3.7,-20.240000000000002
91.285,1,-35.361945899999995,149.1629704,99.744,0.21877473439585043,-3.71,-20.23
91.385,1,-35.3619493,149.162948,99.746,0.32151087805425177,-3.7,-20.23
91.485,1,-35.361952699999996,149.1629257,99.75,0.4543811092994486,-3.7,-20.23
91.58500000000001,1,-35.3619561,149.16290329999998,99.756,0.5255927149468544,-3.69,-20.240000000000002
91.70400000000001,1,-35.3619602,149.1628763,99.761,0.6059932729054546,-3.69,-20.26
91.804,1,-35.361963599999996,149.1628538,99.766,0.6086275914909639,-3.68,-20.27
91.904,2,-35.3619669,149.1628312,99.771,0.5901083339692677,-3.67,-20.29
92.004,2,-35.361970299999996,149.1628087,99.775,0.5472016725726293,-3.66,-20.29
92.104,2,-35.3619737,149.1627861,99.781,0.27693927800614354,-3.65,-20.3
92.20400000000001,2,-35.361976999999996,149.16276349999998,99.789,-1.1906799841384659,-3.62,-20.31
92.304,2,-35.3619803,149.1627411,99.8,-5.0166693581027,-3.65,-20.31
92.404,2,-35.361983699999996,149.1627188,99.813,-11.431861783674176,-3.81,-20.27
92.504,2,-35.361987299999996,149.1626966,99.825,-19.5718934062932,-4.15,-20.2
92.604,2,-35.3619913,149.16267449999998,99.831,-28.183023666535508,-4.65,-20.1
92.70400000000001,2,-35.361995799999995,149.1626526,99.824,-35.84940899097082,-5.26,-19.98
92.804,2,-35.3620009,149.1626308,99.797,-41.56631489231194,-5.95,-19.86
92.904,2,-35.362006699999995,149.1626091,99.754,-44.91380084981894,-6.74,-19.72
93.004,2,-35.3620132,149.1625876,99.709,-46.218886075668294,-7.640000000000001,-19.55
93.104,2,-35.3620206,149.1625664,99.681,-46.08953253807201,-8.620000000000001,-19.32
93.20400000000001,2,-35.3620289,149.1625454,99.683,-45.23809481651656,-9.620000000000001,-19.0
93.304,2,-35.3620381,149.1625249,99.723,-44.36875175405192,-10.57,-18.6
93.385,2,-35.3620461,149.16250879999998,99.78,-43.891188342379216,-11.27,-18.25
93.485,2,-35.3620568,149.1624888,99.881,-43.63502551265247,-12.06,-17.79
93.58500000000001,2,-35.362068199999996,149.1624695,100.0,-43.6872696296139,-12.76,-17.34
93.685,2,-35.3620802,149.1624506,100.128,-43.938149308017636,-13.39,-16.89
93.804,2,-35.3620953,149.1624286,100.28,-44.36076726291218,-14.030000000000001,-16.38
93.904,2,-35.362108299999996,149.16241069999998,100.391,-44.632311678649785,-14.49,-16.0
94.004,2,-35.3621218,149.1623932,100.48400000000001,-44.77235787739173,-14.91,-15.64
94.104,2,-35.362135599999995,149.16237619999998,100.555,-44.862847638610646,-15.31,-15.26
94.20400000000001,2,-35.362149699999996,149.1623596,100.608,-44.84534527886248,-15.700000000000001,-14.88
94.304,2,-35.362164,149.1623435,100.643,-44.734002950107524,-16.09,-14.450000000000001
94.404,2,-35.3621787,149.16232789999998,100.667,-44.6334693957141,-16.490000000000002,-13.98
94.504,2,-35.3621936,149.16231299999998,100.684,-44.59154910968315,-16.89,-13.47
94.604,2,-35.3622089,149.16229869999998,100.694,-44.591012939833305,-17.3,-12.92
94.70400000000001,2,-35.362224499999996,149.162285,100.70100000000001,-44.55963163569168,-17.7,-12.32
94.804,2,-35.3622405,149.162272,100.71000000000001,-44.54741584236111,-18.1,-11.69
94.904,2,-35.3622568,149.1622597,100.723,-44.55794457896669,-18.47,-11.040000000000001
95.004,2,-35.3622735,149.1622481,100.739,-44.60788350708324,-18.82,-10.370000000000001
95.104,2,-35.3622904,149.1622373,100.758,-44.66389788846651,-19.14,-9.69
95.20400000000001,2,-35.3623076,149.1622272,100.776,-44.67849741781741,-19.44,-9.01
95.304,2,-35.3623251,149.16221779999998,100.795,-44.68181005956487,-19.7,-8.34
95.404,2,-35.3623428,149.16220909999998,100.813,-44.669344964329596,-19.95,-7.67
95.485,2,-35.3623571,149.1622027,100.825,-44.63985903768265,-20.12,-7.12
95.58500000000001,2,-35.3623753,149.16219529999998,100.837,-44.62788571606762,-20.32,-6.44
95.685,2,-35.3623937,149.1621887,100.846,-44.62703194242137,-20.5,-5.78
95.785,2,-35.362412299999995,149.1621827,100.849,-44.714188571325316,-20.66,-5.11
95.904,2,-35.362434799999996,149.16217659999998,100.848,-44.832525013790374,-20.830000000000002,-4.29
96.004,2,-35.362453699999996,149.16217229999998,100.842,-44.82900405127323,-20.95,-3.6
96.104,2,-35.3624727,149.1621687,100.834,-44.82001552232549,-21.05,-2.89
96.20400000000001,2,-35.3624918,149.16216599999998,100.825,-44.81724588061705,-21.13,-2.17
96.304,2,-35.362510799999995,149.162164,100.81700000000001,-44.79282795433426,-21.18,-1.45
96.404,2,-35.3625298,149.1621628,100.81,-44.757485140474024,-21.2,-0.71
96.504,2,-35.3625488,149.1621625,100.805,-44.74355496966179,-21.19,0.01
96.604,2,-35.3625677,149.162163,100.801,-44.756071291315834,-21.150000000000002,0.74
96.70400000000001,2,-35.3625865,149.16216409999998,100.8,-44.7710669716386,-21.080000000000002,1.48
96.804,2,-35.3626053,149.1621662,100.799,-44.77070497161259,-21.0,2.21
96.904,2,-35.362623899999996,149.162169,100.797,-44.80269416259034,-20.89,2.92
97.004,2,-35.3626425,149.16217269999999,100.792,-44.839262995406585,-20.75,3.63
97.104,2,-35.3626609,149.16217709999998,100.786,-44.838217976463575,-20.59,4.34
97.20400000000001,2,-35.362679199999995,149.1621822,100.781,-44.831787353360006,-20.41,5.05
97.304,2,-35.3626973,149.1621882,100.776,-44.807417238401406,-20.21,5.75
97.404,2,-35.3627153,149.1621949,100.771,-44.80901891776177,-19.98,6.42
97.504,2,-35.362733,149.1622023,100.765,-44.79440231293795,-19.740000000000002,7.09
97.58500000000001,2,-35.3627471,149.16220869999998,100.759,-44.7826134064305,-19.53,7.61
97.685,2,-35.3627647,149.1622176,100.745,-44.80166963421484,-19.26,8.26
97.785,2,-35.3627819,149.1622271,100.727,-44.81836944673552,-18.97,8.9
97.904,2,-35.3628023,149.1622394,100.69800000000001,-44.830738919322414,-18.6,9.65
98.004,2,-35.362819,149.1622505,100.671,-44.84337476928694,-18.27,10.27
98.104,2,-35.3628354,149.16226229999998,100.643,-44.86258809142218,-17.91,10.9
98.20400000000001,2,-35.3628515,149.16227469999998,100.614,-44.855484694685366,-17.53,11.51
98.304,2,-35.3628672,149.1622879,100.587,-44.82502205098711,-17.13,12.13
98.404,2,-35.3628825,149.1623016,100.559,-44.83658214615736,-16.69,12.73
98.504,2,-35.3628973,149.162316,100.534,-44.83401057993485,-16.240000000000002,13.31
98.604,2,-35.3629117,149.1623309,100.512,-44.80032750204293,-15.76,13.870000000000001
98.70400000000001,2,-35.362925499999996,149.1623464,100.493,-44.76317127295806,-15.27,14.41
98.804,2,-35.362938899999996,149.1623625,100.47800000000001,-44.747707724677156,-14.75,14.94
98.904,2,-35.3629518,149.162379,100.46300000000001,-44.76072948032978,-14.22,15.43
99.004,2,-35.3629642,149.1623962,100.449,-44.780940010083846,-13.67,15.91
99.104,2,-35.3629762,149.1624138,100.435,-44.81419961624723,-13.120000000000001,16.36
99.20400000000001,2,-35.3629876,149.1624319,100.419,-44.85938131760686,-12.540000000000001,16.79
99.304,2,-35.362998499999996,149.1624505,100.404,-44.899406226143135,-11.950000000000001,17.21
99.404,2,-35.3630089,149.1624695,100.39,-44.86611929922308,-11.33,17.62
99.504,2,-35.3630187,149.162489,100.377,-44.823748220706904,-10.700000000000001,18.0
99.605,2,-35.363028,149.1625089,100.364,-44.82937629658299,-10.06,18.35
99.685,2,-35.3630351,149.1625254,100.351,-44.81583203145886,-9.53,18.63
99.785,2,-35.363043399999995,149.16254619999998,100.334,-44.8134995218573,-8.88,18.94
99.885,2,-35.3630512,149.1625673,100.31400000000001,-44.85559397771209,-8.22,19.25
100.004,2,-35.3630597,149.1625932,100.29,-44.90730192482367,-7.42,19.580000000000002
100.104,2,-35.3630661,149.16261509999998,100.269,-44.93705081375366,-6.74,19.830000000000002
100.20400000000001,2,-35.3630719,149.1626372,100.245,-44.9228747561313,-6.0600000000000005,20.06
100.304,2,-35.3630771,149.16265959999998,100.218,-44.93367670030367,-5.36,20.26
100.404,2,-35.3630816,149.1626822,100.193,-44.9222361334439,-4.65,20.45
100.504,2,-35.3630855,149.1627048,100.173,-44.923233341062726,-3.92,20.6
100.604,2,-35.3630887,149.1627275,100.158,-44.8689845635799,-3.19,20.73
100.70400000000001,2,-35.3630913,149.1627503,100.146,-44.824950334000825,-2.46,20.82
100.804,2,-35.3630932,149.16277309999998,100.135,-44.790693520218625,-1.73,20.89
100.904,2,-35.3630944,149.1627959,100.125,-44.803991898532644,-1.0,20.93
101.004,2,-35.363095,149.1628188,100.116,-44.84305033530136,-0.28,20.95
101.104,2,-35.363095,149.1628417,100.10900000000001,-44.8596237893224,0.43,20.94
101.20400000000001,2,-35.3630943,149.16286449999998,100.102,-44.894819754115474,1.1500000000000001,20.900000000000002
101.304,2,-35.363093,149.1628874,100.095,-44.882539073987786,1.87,20.84
101.404,2,-35.363091,149.1629101,100.08500000000001,-44.86134499699324,2.58,20.76
101.504,2,-35.363088399999995,149.1629328,100.077,-44.832156183575194,3.31,20.650000000000002
101.604,2,-35.3630852,149.1629553,100.068,-44.83699195750756,4.0200000000000005,20.51
101.705,2,-35.3630814,149.1629777,100.058,-44.86396437453994,4.74,20.35
101.785,2,-35.3630778,149.16299569999998,100.05,-44.88243320605565,5.3,20.21
101.885,2,-35.3630727,149.1630179,100.036,-44.88650058370639,6.0,20.01
101.985,2,-35.363067,149.16304,100.02,-44.91262605728169,6.69,19.79
102.104,2,-35.363059299999996,149.1630662,100.0,-44.92755343571276,7.51,19.51
102.20400000000001,2,-35.3630522,149.1630877,99.983,-44.936924455254015,8.2,19.240000000000002
102.304,2,-35.3630445,149.163109,99.96600000000001,-44.94198904052358,8.870000000000001,18.95
102.404,2,-35.363036199999996,149.1631299,99.95,-44.923069416522644,9.540000000000001,18.64
102.504,2,-35.3630273,149.1631504,99.933,-44.90855867963095,10.19,18.3
102.604,2,-35.3630178,149.1631706,99.916,-44.81667897491594,10.83,17.95
102.70400000000001,2,-35.3630078,149.1631902,99.902,-44.49508293294048,11.450000000000001,17.57
102.804,2,-35.362997299999996,149.1632093,99.89,-43.70419825347177,12.05,17.16
102.904,2,-35.3629864,149.16322789999998,99.886,-42.22425676977551,12.63,16.72
103.004,2,-35.3629749,149.163246,99.89,-39.98262283512317,13.15,16.28
103.104,2,-35.362963,149.1632636,99.904,-36.95669876864578,13.58,15.860000000000001
103.20400000000001,2,-35.3629508,149.1632808,99.927,-33.2450715208233,13.91,15.47
103.304,2,-35.3629384,149.1632975,99.95700000000001,-29.02916116129503,14.13,15.13
103.404,2,-35.3629258,149.1633139,99.98700000000001,-24.479409938156746,14.25,14.870000000000001
103.504,2,-35.3629131,149.1633302,100.008,-19.863257323454896,14.27,14.68
103.604,2,-35.362900499999995,149.1633462,100.014,-15.405647059767377,14.24,14.55
103.70400000000001,2,-35.3628879,149.1633622,99.993,-11.37727576560108,14.17,14.46
103.785,2,-35.3628778,149.16337489999998,99.95700000000001,-8.61298209528103,14.1,14.41
103.885,2,-35.3628652,149.163391,99.879,-5.831831091202566,14.02,14.370000000000001
103.985,2,-35.3628526,149.163407,99.775,-3.9347737968750267,13.97,14.34
104.08500000000001,2,-35.3628401,149.163423,99.654,-2.8249963362383044,13.94,14.31
104.20400000000001,2,-35.362825,149.1634421,99.506,-2.28831528942161,13.94,14.280000000000001
104.304,2,-35.3628125,149.16345809999999,99.395,-2.2740235454701816,13.950000000000001,14.25
104.404,2,-35.3627999,149.16347399999998,99.303,-2.4447078383946845,13.98,14.22
104.504,2,-35.3627873,149.16349,99.238,-2.6549946353439795,14.02,14.19
104.604,2,-35.3627746,149.1635058,99.196,-2.7428438881184487,14.05,14.15
104.70400000000001,2,-35.362762,149.1635215,99.175,-2.683114951043745,14.07,14.11
104.804,2,-35.3627494,149.16353709999999,99.168,-2.447297547307177,14.09,14.09
104.904,2,-35.3627369,149.1635527,99.167,-2.0741438223818705,14.09,14.07
105.004,2,-35.362724299999996,149.1635682,99.164,-1.6342799599981668,14.09,14.06
105.104,2,-35.3627118,149.1635838,99.154,-1.1554493347910113,14.09,14.07
105.20400000000001,2,-35.3626992,149.1635993,99.137,-0.7328147313103704,14.09,14.08
105.304,2,-35.3626867,149.1636148,99.11200000000001,-0.42000092522536625,14.09,14.09
105.404,2,-35.3626741,149.1636304,99.08200000000001,-0.21494138410567334,14.09,14.1
105.504,2,-35.362661599999996,149.1636459,99.049,-0.10327943718210826,14.1,14.120000000000001
105.604,2,-35.362649,149.1636615,99.018,-0.031935703392838376,14.11,14.13
105.70400000000001,2,-35.3626364,149.1636771,98.99000000000001,-0.027173729187543877,14.120000000000001,14.15
105.804,2,-35.3626237,149.1636928,98.968,-0.13206225455093867,14.13,14.16
105.885,2,-35.362613599999996,149.1637053,98.955,-0.23004010423536833,14.15,14.17
105.985,2,-35.362600799999996,149.1637211,98.94800000000001,-0.32776108811419524,14.16,14.17
106.08500000000001,2,-35.362587999999995,149.16373679999998,98.947,-0.39859303129328355,14.18,14.18
106.185,2,-35.362575199999995,149.1637527,98.95100000000001,-0.41764445660085897,14.200000000000001,14.200000000000001
106.304,2,-35.3625597,149.16377169999998,98.95700000000001,-0.381671717872253,14.22,14.22
106.404,2,-35.3625468,149.1637876,98.964,-0.3617248174118919,14.25,14.24
106.504,2,-35.3625338,149.1638036,98.96600000000001,-0.32919716206761684,14.27,14.25
106.604,2,-35.3625208,149.1638195,98.96900000000001,-0.304379456274964,14.290000000000001,14.27
106.70400000000001,2,-35.362507799999996,149.1638355,98.971,-0.2639832095634227,14.31,14.290000000000001
106.804,2,-35.3624948,149.1638514,98.976,-0.19377289364008488,14.33,14.31
106.904,2,-35.3624818,149.1638673,98.982,-0.13741828345877904,14.34,14.32
107.004,2,-35.362468899999996,149.1638831,98.99000000000001,-0.09953107739037285,14.35,14.33
107.104,2,-35.362456,149.1638989,98.998,-0.08263586409651247,14.36,14.34
107.20400000000001,2,-35.3624431,149.1639147,99.005,-0.04994861311134789,14.36,14.34
107.304,2,-35.3624302,149.1639304,99.015,-0.048626751393432255,14.370000000000001,14.35
107.404,2,-35.3624173,149.1639462,99.026,-0.04127764793937704,14.370000000000001,14.35
107.504,2,-35.362404399999996,149.163962,99.038,-0.05228660220548847,14.38,14.35
107.604,2,-35.3623915,149.1639777,99.051,-0.050007630214645035,14.39,14.35
107.70400000000001,2,-35.3623786,149.1639935,99.065,-0.025015059239542586,14.39,14.36
107.804,2,-35.3623657,149.16400919999998,99.077,0.013747283159064658,14.4,14.36
107.904,2,-35.362352699999995,149.16402499999998,99.089,0.020933150761547187,14.4,14.36
107.985,2,-35.362342399999996,149.1640376,99.099,0.007589360694195702,14.41,14.36
108.08500000000001,2,-35.3623292,149.1640536,99.111,0.013646004260278063,14.41,14.38
108.185,2,-35.3623161,149.1640696,99.122,0.08191069677583412,14.42,14.39
108.285,2,-35.362303,149.1640855,99.132,0.23598119487451583,14.43,14.4
108.404,2,-35.3622872,149.1641048,99.147,1.0430464057239923,14.450000000000001,14.42
108.504,2,-35.3622741,149.1641208,99.159,2.785446339292757,14.46,14.44
108.604,2,-35.362260899999995,149.1641369,99.17,5.819223415768368,14.42,14.5
108.70400000000001,2,-35.3622478,149.1641531,99.183,10.107893646090673,14.32,14.63
108.804,2,-35.3622349,149.16416949999999,99.19800000000001,15.33177173370452,14.15,14.82
108.904,2,-35.3622222,149.164186,99.211,20.9277149848447,13.9,15.07
109.004,2,-35.362209799999995,149.1642027,99.22200000000001,26.34551324205261,13.59,15.39
109.104,2,-35.3621978,149.16421979999998,99.229,31.121698896555156,13.22,15.75
109.20400000000001,2,-35.362186099999995,149.1642373,99.23100000000001,35.00516687370598,12.8,16.16
109.304,2,-35.3621749,149.16425529999998,99.23400000000001,37.86541445658096,12.33,16.6
109.404,2,-35.3621641,149.1642737,99.239,39.83120437141316,11.81,17.080000000000002
109.504,2,-35.3621538,149.1642927,99.252,40.972696321356956,11.25,17.56
109.604,2,-35.362144,149.16431219999998,99.278,41.57946642155879,10.63,18.04
109.70400000000001,2,-35.3621348,149.16433229999998,99.319,41.79772511648655,9.99,18.5
109.804,2,-35.3621262,149.1643528,99.377,41.73359305527472,9.34,18.91
109.904,2,-35.3621182,149.1643738,99.44800000000001,41.47937341436684,8.700000000000001,19.27
110.004,2,-35.362110699999995,149.1643951,99.527,40.99923160628246,8.06,19.6
110.08500000000001,2,-35.362105,149.16441279999998,99.59700000000001,40.45975594487817,7.5600000000000005,19.830000000000002
110.185,2,-35.3620985,149.1644349,99.687,39.52964468936793,6.96,20.07
110.285,2,-35.362092499999996,149.16445729999998,99.779,38.30016965763061,6.42,20.26
110.404,2,-35.362085799999996,149.1644844,99.887,36.508839849673464,5.84,20.43
110.504,2,-35.3620807,149.1645072,99.97,34.78823323547721,5.42,20.52
110.604,2,-35.362076,149.16452999999998,100.042,33.045056261168654,5.05,20.59
110.70400000000001,2,-35.3620715,149.1645529,100.099,31.27478392642265,4.72,20.62
110.804,3,-35.3620674,149.1645757,100.141,29.61143137294403,4.43,20.64
110.904,3,-35.3620635,149.1645984,100.167,28.13247855913012,4.15,20.64
111.004,3,-35.3620598,149.1646211,100.179,26.592849759824404,3.87,20.63
111.104,3,-35.3620565,149.1646436,100.177,24.109934270099494,3.5700000000000003,20.62
111.20400000000001,3,-35.3620534,149.1646661,100.163,19.68201483873402,3.3000000000000003,20.6
111.304,3,-35.362050499999995,149.16468849999998,100.149,13.03850583779512,3.14,20.55
111.404,3,-35.3620476,149.1647109,100.144,4.847861232765835,3.13,20.46
111.504,3,-35.3620447,149.1647331,100.149,-4.004454106127028,3.29,20.34
111.604,3,-35.3620416,149.1647552,100.157,-13.066254335071942,3.56,20.2
111.70400000000001,3,-35.3620381,149.16477709999998,100.155,-22.09505578570241,3.93,20.05
111.804,3,-35.3620343,149.1647989,100.134,-30.54434642110856,4.38,19.91
111.904,3,-35.36203,149.16482059999998,100.09100000000001,-37.51693479003232,4.92,19.77
112.004,3,-35.3620253,149.1648421,100.022,-42.31902564450943,5.5600000000000005,19.64
112.105,3,-35.3620198,149.1648635,99.93900000000001,-44.907899566376045,6.3,19.51
112.185,3,-35.3620149,149.1648806,99.871,-45.694006528520326,7.0,19.37
112.285,3,-35.362007999999996,149.1649018,99.804,-45.53775570597253,7.97,19.150000000000002
112.385,3,-35.3620002,149.1649228,99.767,-44.790635463610684,8.98,18.85
112.504,3,-35.3619895,149.16494749999998,99.775,-43.899456286369514,10.15,18.37
112.604,3,-35.3619797,149.16496759999998,99.825,-43.472668500986686,11.06,17.91
112.70400000000001,3,-35.361969099999996,149.16498719999998,99.91,-43.385566513596096,11.870000000000001,17.43
112.804,3,-35.3619579,149.1650062,100.016,-43.5836795655669,12.58,16.94
112.904,3,-35.361945999999996,149.1650247,100.132,-43.95145110142624,13.21,16.47
113.004,3,-35.3619336,149.1650426,100.246,-44.31825275042343,13.76,16.03
113.104,3,-35.3619209,149.16505999999998,100.35000000000001,-44.62572054610072,14.24,15.620000000000001
113.20400000000001,3,-35.3619078,149.1650769,100.437,-44.73585051627801,14.67,15.22
113.304,3,-35.3618944,149.1650934,100.506,-44.688609512883616,15.07,14.84
113.404,3,-35.3618806,149.1651094,100.554,-44.63817539605224,15.44,14.46
113.504,3,-35.3618666,149.1651249,100.583,-44.5517905785245,15.8,14.05
113.604,3,-35.361852299999995,149.1651401,100.598,-44.46599998745456,16.18,13.6
113.70400000000001,3,-35.3618376,149.1651546,100.60300000000001,-44.408032171968664,16.57,13.11
113.804,3,-35.361822599999996,149.16516869999998,100.601,-44.373324565701246,16.96,12.58
113.904,3,-35.3618072,149.16518209999998,100.596,-44.39678968059482,17.36,12.0
114.004,3,-35.361791499999995,149.1651949,100.59,-44.43999745728432,17.76,11.39
114.104,3,-35.3617754,149.16520699999998,100.58800000000001,-44.49330708375627,18.150000000000002,10.74
114.185,3,-35.361762299999995,149.16521609999998,100.587,-44.52999202978841,18.44,10.22
114.285,3,-35.3617454,149.165227,100.589,-44.566017862565644,18.8,9.540000000000001
114.385,3,-35.3617282,149.1652372,100.592,-44.53932889838382,19.13,8.86
114.485,3,-35.3617108,149.1652466,100.60000000000001,-44.51370202861793,19.43,8.17
114.604,3,-35.3616895,149.16525679999998,100.614,-44.547579766901194,19.76,7.33
114.70400000000001,3,-35.3616714,149.1652646,100.629,-44.62026664004847,20.0,6.640000000000001
114.804,3,-35.3616532,149.1652715,100.642,-44.6660869640955,20.21,5.96
114.904,3,-35.3616348,149.1652777,100.654,-44.735908572885954,20.400000000000002,5.28
115.004,3,-35.3616162,149.1652832,100.663,-44.78421850088546,20.56,4.59
115.104,3,-35.3615977,149.16528789999998,100.672,-44.77991548170835,20.69,3.9
115.20400000000001,3,-35.3615791,149.1652918,100.679,-44.728494402541905,20.8,3.22
115.304,3,-35.361560499999996,149.1652949,100.683,-44.69477375860956,20.88,2.52
115.404,3,-35.3615419,149.1652972,100.685,-44.680672833068066,20.93,1.81
115.504,3,-35.3615232,149.1652988,100.686,-44.66158928452705,20.97,1.11
115.604,3,-35.361504499999995,149.1652996,100.683,-44.61819367763537,20.98,0.4
115.70400000000001,3,-35.3614859,149.1652997,100.682,-44.635545773221786,20.96,-0.32
115.804,3,-35.3614672,149.165299,100.68,-44.669802587003986,20.92,-1.04
115.904,3,-35.361448599999996,149.1652974,100.677,-44.668450209548325,20.85,-1.77
116.004,3,-35.3614301,149.16529509999998,100.674,-44.67094322859538,20.76,-2.47
116.104,3,-35.3614116,149.165292,100.669,-44.65206117063488,20.650000000000002,-3.17
116.20400000000001,3,-35.361393299999996,149.1652881,100.662,-44.47022445945621,20.52,-3.87
116.285,3,-35.361378699999996,149.16528449999998,100.656,-44.071078449644425,20.400000000000002,-4.42
116.385,3,-35.361360399999995,149.1652792,100.65,-42.98916282473606,20.22,-5.1000000000000005
116.485,3,-35.3613423,149.1652732,100.645,-41.04216959049974,20.03,-5.76
116.58500000000001,3,-35.3613243,149.1652665,100.645,-38.08976568024837,19.81,-6.36
116.70400000000001,3,-35.361303,149.1652576,100.658,-33.24608580391505,19.54,-6.95
116.804,3,-35.3612854,149.1652497,100.679,-28.146104786524297,19.32,-7.29
116.904,3,-35.361267999999995,149.1652416,100.70400000000001,-22.241225249035267,19.14,-7.48
117.004,3,-35.3612508,149.1652332,100.726,-15.829994760069223,18.990000000000002,-7.54
117.104,3,-35.3612336,149.165225,100.732,-9.227431035657254,18.88,-7.48
117.20400000000001,3,-35.3612165,149.1652168,100.714,-2.8063243065947816,18.81,-7.36
117.304,3,-35.3611997,149.16520889999998,100.663,3.0205352606656604,18.76,-7.19
117.404,3,-35.3611828,149.16520119999998,100.58,7.956689708502015,18.73,-7.01
117.504,3,-35.3611661,149.1651937,100.467,11.837360723187725,18.73,-6.8100000000000005
117.604,3,-35.3611493,149.1651865,100.33500000000001,14.655139043577206,18.77,-6.59
117.70400000000001,3,-35.3611326,149.1651796,100.197,16.55559478390365,18.830000000000002,-6.33
117.804,3,-35.3611157,149.1651729,100.066,17.77448643752203,18.93,-6.05
117.904,3,-35.3610987,149.1651666,99.958,18.545353540080715,19.05,-5.73
118.004,3,-35.3610817,149.1651607,99.877,19.045738321317728,19.16,-5.38
118.104,3,-35.3610645,149.1651551,99.825,19.332068389061124,19.27,-5.04
118.20400000000001,3,-35.3610472,149.1651499,99.798,19.463723700407705,19.36,-4.7
118.304,3,-35.3610298,149.1651451,99.791,19.430387254616168,19.44,-4.4
118.385,3,-35.3610159,149.1651415,99.791,19.29836652814899,19.490000000000002,-4.18
118.485,3,-35.360998099999996,149.16513709999998,99.791,18.97226426886861,19.56,-3.93
118.58500000000001,3,-35.360980399999995,149.165133,99.784,18.42033717260739,19.62,-3.71
118.685,3,-35.3609626,149.1651291,99.769,17.684370629160174,19.68,-3.5100000000000002
118.804,3,-35.3609412,149.1651247,99.733,16.658240574297892,19.740000000000002,-3.31
118.904,3,-35.360923199999995,149.1651212,99.693,15.790644332713486,19.8,-3.14
119.004,3,-35.3609052,149.16511789999998,99.645,15.029832976160352,19.85,-2.98
119.104,3,-35.3608872,149.1651148,99.59700000000001,14.424927517601926,19.91,-2.8000000000000003
119.20400000000001,3,-35.360869099999995,149.1651118,99.552,13.95084237976405,19.96,-2.62
119.304,3,-35.3608511,149.1651091,99.515,13.623624238328016,20.01,-2.43
119.404,3,-35.3608331,149.1651066,99.48700000000001,13.375585918619004,20.05,-2.23
119.504,3,-35.360815099999996,149.1651043,99.47,13.129280759411882,20.09,-2.04
119.604,3,-35.3607971,149.1651022,99.462,12.8094989864347,20.12,-1.84
119.70400000000001,3,-35.360779099999995,149.1651003,99.459,12.383202120898464,20.14,-1.67
119.804,3,-35.3607611,149.1650985,99.455,11.805462885990119,20.16,-1.52
119.904,3,-35.3607431,149.16509689999998,99.45,11.10332797704927,20.18,-1.3900000000000001
120.004,3,-35.360725099999996,149.1650955,99.441,10.334659341629681,20.2,-1.27
120.104,3,-35.360707,149.1650942,99.429,9.528009731782944,20.21,-1.17
120.20400000000001,3,-35.3606889,149.1650929,99.416,8.695971455017624,20.23,-1.08
120.304,3,-35.3606708,149.1650918,99.401,7.94689009459034,20.25,-0.99
120.404,3,-35.360652699999996,149.16509069999998,99.386,7.300773835900997,20.26,-0.91
120.485,3,-35.3606382,149.1650899,99.375,6.877131352630956,20.28,-0.84
120.58500000000001,3,-35.360619899999996,149.165089,99.366,6.4443219017211115,20.29,-0.76
120.685,3,-35.360601599999995,149.16508819999999,99.366,6.051088274409614,20.31,-0.68
120.785,3,-35.3605832,149.1650874,99.368,5.71534520311576,20.32,-0.61
120.904,3,-35.3605611,149.1650866,99.375,5.357774554781837,20.35,-0.53
121.004,3,-35.360542599999995,149.165086,99.382,5.030636668068553,20.36,-0.47000000000000003
121.104,3,-35.3605241,149.1650855,99.39,4.723876223857178,20.38,-0.41000000000000003
121.20400000000001,3,-35.360505599999996,149.165085,99.398,4.3951947143914705,20.39,-0.35000000000000003
121.304,3,-35.360487299999996,149.1650846,99.405,4.055071357405523,20.400000000000002,-0.31
121.404,3,-35.3604689,149.1650842,99.411,3.6772295613886485,20.41,-0.28
121.504,3,-35.3604506,149.1650838,99.414,3.2810297109866613,20.41,-0.25
121.604,3,-35.3604324,149.16508349999998,99.414,2.9589660144964616,20.41,-0.22
121.70400000000001,3,-35.3604141,149.1650832,99.413,2.719678661218116,20.42,-0.2
121.804,3,-35.3603959,149.1650829,99.409,2.4871032494597767,20.42,-0.17
121.904,3,-35.3603776,149.1650827,99.408,2.3237940667350068,20.43,-0.15
122.004,3,-35.3603593,149.16508249999998,99.409,2.211740544532716,20.43,-0.12
122.104,3,-35.3603411,149.1650823,99.413,2.106253395443747,20.44,-0.1
122.20400000000001,3,-35.3603228,149.1650821,99.417,1.982257287477689,20.44,-0.07
122.304,3,-35.3603045,149.1650819,99.422,1.8617983637280517,20.44,-0.06
122.404,3,-35.3602862,149.1650818,99.426,1.7557334233239814,20.45,-0.04
122.504,3,-35.3602679,149.1650817,99.432,1.649011824264238,20.46,-0.02
122.58500000000001,3,-35.3602531,149.16508159999998,99.438,1.5890880133547773,20.46,0.0
122.685,3,-35.3602346,149.16508159999998,99.446,1.492058452727282,20.47,0.01
122.785,3,-35.360216099999995,149.1650814,99.455,1.3087705397934013,20.48,0.02
122.904,3,-35.3601938,149.1650814,99.465,1.093180527840415,20.5,0.03
123.004,3,-35.3601752,149.1650814,99.47200000000001,0.9504126054359291,20.52,0.03
123.104,3,-35.360156599999996,149.1650814,99.47800000000001,0.8424142946099222,20.53,0.04
123.20400000000001,3,-35.3601379,149.1650814,99.483,0.7648775069042615,20.55,0.04
123.304,3,-35.3601192,149.1650813,99.48700000000001,0.7277550552392719,20.57,0.05
123.404,3,-35.360100599999996,149.1650814,99.49000000000001,0.7014217411419638,20.580000000000002,0.06
123.504,3,-35.3600821,149.1650814,99.496,0.6701881398411417,20.59,0.07
123.604,3,-35.3600636,149.1650814,99.504,0.5982057900345822,20.59,0.08
123.70400000000001,3,-35.3600451,149.1650814,99.515,0.514354332358686,20.59,0.08
123.804,3,-35.3600267,149.1650814,99.53,0.4100959236292313,20.59,0.08
123.904,3,-35.3600083,149.1650814,99.545,0.3419764460047107,20.59,0.07
124.004,3,-35.359989899999995,149.1650814,99.559,0.28034690207174523,20.580000000000002,0.07
124.104,3,-35.3599715,149.1650814,99.57300000000001,0.2683897754755652,20.57,0.07
124.20400000000001,3,-35.3599532,149.16508149999999,99.586,0.2638959912493728,20.56,0.08
124.304,3,-35.3599348,149.16508149999999,99.599,0.2842638821586153,20.56,0.08
124.404,3,-35.359916399999996,149.16508149999999,99.611,0.30430371054428557,20.55,0.08
124.504,3,-35.359898099999995,149.16508159999998,99.622,0.2854185843347441,20.55,0.08
124.605,3,-35.3598797,149.16508159999998,99.629,0.20684020612086965,20.55,0.08
124.685,3,-35.359864699999996,149.16508159999998,99.634,0.18078016629142812,20.55,0.09
124.785,3,-35.3598462,149.1650817,99.64,0.17587154145465003,20.56,0.09
124.885,3,-35.359827599999996,149.1650818,99.645,0.12973741557198235,20.57,0.09
125.004,3,-35.3598052,149.1650818,99.651,0.1158446240371913,20.580000000000002,0.08
125.104,3,-35.3597865,149.1650819,99.657,0.08896838994214648,20.59,0.08
125.20400000000001,3,-35.3597679,149.1650819,99.662,0.0788503518109519,20.6,0.08
125.304,3,-35.359749199999996,149.16508199999998,99.669,0.059697467511711386,20.61,0.07
125.404,3,-35.3597305,149.16508199999998,99.677,-0.0039008738638120146,20.61,0.06
125.504,3,-35.359712,149.1650821,99.686,0.011673796308833471,20.61,0.06
125.604,3,-35.3596935,149.1650821,99.696,0.06746406627878362,20.61,0.06
125.70400000000001,3,-35.359674999999996,149.1650822,99.70700000000001,0.08415096547306525,20.6,0.07
125.804,3,-35.3596566,149.1650822,99.718,0.10328926891925337,20.6,0.07
125.904,3,-35.3596382,149.1650823,99.726,0.11329098706125279,20.59,0.07
126.004,3,-35.3596198,149.1650824,99.73400000000001,0.14854452821459757,20.580000000000002,0.07
126.104,3,-35.3596015,149.1650824,99.738,0.11243177060800634,20.57,0.07
126.20400000000001,3,-35.3595831,149.16508249999998,99.741,0.1129318685212982,20.57,0.07
126.304,3,-35.3595648,149.1650826,99.743,0.13386659843058563,20.56,0.07
126.404,3,-35.3595464,149.1650826,99.744,0.0960924039784954,20.56,0.08
126.504,3,-35.359528,149.1650827,99.748,0.047607655819765275,20.56,0.08
126.604,3,-35.359509599999996,149.1650828,99.753,0.052497774445750205,20.56,0.08
126.685,3,-35.3594949,149.1650829,99.757,-0.0034447446679796057,20.56,0.08
126.785,3,-35.3594764,149.16508299999998,99.765,-0.07910059420068956,20.56,0.08
126.885,3,-35.3594578,149.1650831,99.775,-0.11088415913182988,20.56,0.08
126.985,3,-35.3594393,149.1650831,99.785,-0.1109218185537575,20.57,0.08
127.104,3,-35.3594169,149.1650832,99.799,-0.11292012913366226,20.580000000000002,0.08
127.20400000000001,3,-35.3593982,149.1650833,99.81,-0.13086190216516183,20.59,0.08
127.304,3,-35.359379499999996,149.1650834,99.81700000000001,-0.17865461675780545,20.6,0.08
127.404,3,-35.3593608,149.16508349999998,99.821,-0.2293555912144861,20.61,0.08
127.504,3,-35.3593421,149.1650836,99.827,-0.2712201951954479,20.61,0.07
127.604,3,-35.3593234,149.1650837,99.831,-0.2917361891518886,20.62,0.06
127.70400000000001,3,-35.3593049,149.1650837,99.834,-0.2666624046262131,20.62,0.06
127.804,3,-35.3592863,149.1650838,99.837,-0.272567636772218,20.62,0.06
127.904,3,-35.3592679,149.16508389999998,99.84,-0.299345153289415,20.61,0.05
128.004,3,-35.359249399999996,149.165084,99.842,-0.317502917713203,20.61,0.05
128.104,3,-35.359231,149.165084,99.845,-0.25917030075651737,20.6,0.05
128.204,3,-35.3592126,149.1650841,99.84700000000001,-0.21296433782564556,20.6,0.05
128.304,3,-35.3591942,149.1650841,99.848,-0.2156399843917187,20.59,0.05
128.404,3,-35.359175799999996,149.1650842,99.848,-0.27021837186285097,20.59,0.04
128.504,3,-35.3591574,149.1650842,99.84700000000001,-0.30076084339703235,20.59,0.04
128.604,3,-35.359139,149.1650843,99.845,-0.30850211576930137,20.59,0.03
128.704,3,-35.3591206,149.1650843,99.84400000000001,-0.3455358016555072,20.580000000000002,0.03
128.785,3,-35.359105899999996,149.16508439999998,99.845,-0.3836485507088692,20.59,0.03
128.885,3,-35.3590872,149.16508439999998,99.848,-0.42694266525834706,20.59,0.03
128.985,3,-35.3590686,149.16508439999998,99.854,-0.4445550550851654,20.6,0.02
129.085,3,-35.359049899999995,149.1650845,99.86,-0.39525272194360356,20.61,0.02
129.204,3,-35.359027499999996,149.1650845,99.866,-0.2807100760365195,20.62,0.02
129.304,3,-35.3590088,149.1650845,99.873,-0.21774194842836367,20.63,0.02
129.404,3,-35.35899,149.1650846,99.881,-0.1890894249220792,20.64,0.02
129.504,3,-35.3589713,149.1650846,99.888,-0.17951163207587015,20.650000000000002,0.02
129.604,3,-35.358952599999995,149.1650846,99.892,-0.18802762399083311,20.66,0.02
129.704,3,-35.358934,149.1650847,99.896,-0.24236523395350923,20.66,0.01
129.804,3,-35.3589154,149.1650847,99.898,-0.2879673121122167,20.66,0.01
129.904,3,-35.3588969,149.1650847,99.901,-0.323061170913286,20.650000000000002,0.0
130.004,3,-35.358878499999996,149.1650847,99.905,-0.32542385607715507,20.650000000000002,0.0
130.104,3,-35.35886,149.1650847,99.907,-0.3281592934788923,20.64,0.0
130.204,3,-35.3588416,149.1650847,99.909,-0.2794542016833098,20.63,0.0
130.304,3,-35.358823199999996,149.1650847,99.911,-0.1836226322238509,20.62,0.0
130.404,3,-35.3588048,149.1650847,99.912,-0.07964950395416323,20.62,0.0
130.504,3,-35.3587863,149.1650847,99.914,0.0056581776503458235,20.61,0.0
130.604,3,-35.3587679,149.1650847,99.916,0.05246310656663776,20.61,0.0
130.704,3,-35.3587495,149.1650847,99.919,0.002707086113585713,20.6,0.0
130.804,3,-35.358731,149.1650847,99.92,-0.05547435287675391,20.6,0.0
130.885,3,-35.3587163,149.1650848,99.921,-0.09474467558714098,20.59,0.0
130.985,3,-35.3586977,149.1650848,99.923,-0.08501787922934119,20.59,0.0
131.085,3,-35.358679099999996,149.1650848,99.926,-0.09158852121089345,20.59,0.0
131.185,3,-35.3586605,149.1650847,99.929,-0.09962842092625876,20.6,0.0
131.304,3,-35.3586381,149.1650847,99.93,-0.14086144585240593,20.61,0.0
131.404,3,-35.358619399999995,149.1650847,99.933,-0.15235622733871426,20.61,0.0
131.504,3,-35.3586007,149.1650847,99.937,-0.13590234164879322,20.62,0.0
131.604,3,-35.358582,149.1650847,99.94200000000001,-0.13584016291496231,20.62,0.0
131.704,3,-35.3585634,149.1650847,99.94500000000001,-0.1110226905760408,20.62,0.0
131.804,3,-35.3585449,149.1650847,99.947,-0.09667080894340441,20.61,0.0
131.904,3,-35.358526399999995,149.1650847,99.949,-0.09669636879193906,20.61,0.0
132.004,3,-35.3585079,149.1650847,99.95,-0.12510243852904113,20.6,-0.01
132.104,3,-35.3584895,149.1650847,99.95,-0.16849412339802966,20.6,-0.01
132.204,3,-35.358471,149.1650847,99.949,-0.1698198604478865,20.6,-0.02
132.304,3,-35.3584526,149.1650847,99.949,-0.1560379794458288,20.59,-0.02
132.404,3,-35.3584342,149.1650847,99.953,-0.11667146379294631,20.59,-0.02
132.504,3,-35.358415799999996,149.1650847,99.959,-0.08344705578215726,20.580000000000002,-0.03
132.604,3,-35.3583974,149.1650846,99.967,-0.04836373241448057,20.580000000000002,-0.03
132.704,3,-35.3583789,149.1650846,99.973,-0.01590229622111628,20.57,-0.03
132.804,3,-35.358360499999996,149.1650846,99.97500000000001,0.02976234920513222,20.57,-0.03
132.904,3,-35.3583421,149.1650845,99.976,0.11041332297624196,20.57,-0.03
132.985,3,-35.3583273,149.1650845,99.977,0.16204413030486334,20.57,-0.02
133.085,3,-35.3583086,149.1650845,99.977,0.1907168909146066,20.57,-0.02
133.185,3,-35.35829,149.1650845,99.97200000000001,0.22682674035471534,20.580000000000002,-0.01
133.304,3,-35.3582676,149.16508439999998,99.96600000000001,0.22553380688917307,20.59,0.0
133.404,3,-35.3582489,149.16508439999998,99.96300000000001,0.18031800794454156,20.6,0.0
133.504,3,-35.3582302,149.16508439999998,99.96300000000001,0.12821361637640838,20.61,0.0
133.604,3,-35.358211499999996,149.16508439999998,99.965,0.09839721929740447,20.61,0.0
133.704,3,-35.3581928,149.16508439999998,99.96900000000001,0.08375871651357214,20.62,0.0
133.804,3,-35.3581741,149.16508439999998,99.97200000000001,0.08741784361906103,20.63,0.0
133.904,3,-35.358155499999995,149.16508439999998,99.977,0.0579343382208159,20.63,0.0
134.004,3,-35.3581369,149.16508439999998,99.98,0.07644504466583638,20.63,0.0
134.104,3,-35.358118499999996,149.1650843,99.98400000000001,0.10437942447370427,20.62,0.0
134.204,3,-35.3581,149.1650843,99.988,0.1143904474144265,20.62,0.0
134.304,3,-35.3580816,149.1650843,99.989,0.11438946023864802,20.61,0.0
134.404,3,-35.3580632,149.16508439999998,99.989,0.09700418087183921,20.61,0.01
134.504,3,-35.3580448,149.16508439999998,99.986,0.03341953864465051,20.6,0.01
134.604,3,-35.3580264,149.16508439999998,99.982,-0.04488097626800875,20.6,0.0
134.704,3,-35.358008,149.16508439999998,99.977,-0.0921661190929025,20.59,0.0
134.804,3,-35.357989599999996,149.16508439999998,99.971,-0.09904801492936635,20.59,0.0
134.904,3,-35.3579711,149.16508439999998,99.965,-0.11400891731625781,20.6,0.0
135.004,3,-35.3579527,149.16508439999998,99.961,-0.08808261312437368,20.6,0.0
135.085,3,-35.3579377,149.16508439999998,99.958,-0.0386390671557431,20.61,0.0
135.185,3,-35.3579191,149.16508439999998,99.95700000000001,-0.02615408499760812,20.61,0.0
135.285,3,-35.3579004,149.16508439999998,99.96000000000001,-0.012213405432400945,20.62,0.0
135.404,3,-35.357878,149.16508439999998,99.968,0.023636941842466896,20.63,0.0
135.504,3,-35.3578593,149.16508439999998,99.97500000000001,0.004088580252133392,20.64,0.01
135.604,3,-35.357840599999996,149.16508439999998,99.98,-0.009843343964383069,20.650000000000002,0.01
135.704,3,-35.357821799999996,149.16508439999998,99.982,-0.06293080836166534,20.66,0.01
135.804,3,-35.3578031,149.1650843,99.982,-0.09828841651836027,20.67,0.01
135.904,3,-35.3577845,149.1650843,99.98,-0.09010292171588262,20.67,0.01
136.004,3,-35.357766,149.1650843,99.979,-0.08655965436223273,20.67,0.01
136.104,3,-35.357747499999995,149.1650843,99.97800000000001,-0.07212548362433222,20.67,0.01
136.204,3,-35.357729,149.1650843,99.979,-0.0763338339783055,20.66,0.0
136.304,3,-35.357710499999996,149.1650843,99.982,-0.09865707331076908,20.66,0.0
136.404,3,-35.3576921,149.1650843,99.985,-0.07686670212537888,20.650000000000002,0.0
136.504,3,-35.3576737,149.1650843,99.986,-0.033947847773855046,20.64,0.01
136.604,3,-35.3576553,149.1650843,99.98700000000001,-0.03320952366788584,20.63,0.01
136.704,3,-35.3576368,149.1650843,99.988,-0.052903637092837054,20.63,0.01
136.804,3,-35.3576184,149.1650843,99.986,-0.0599558541016215,20.63,0.0
136.904,3,-35.3576,149.1650843,99.98100000000001,-0.04045638105769581,20.63,0.0
137.004,3,-35.357581499999995,149.1650843,99.974,-0.011860244965176948,20.62,0.0
137.105,3,-35.3575631,149.1650843,99.967,-0.026175426003711103,20.63,0.0
137.185,3,-35.357548099999995,149.1650843,99.96000000000001,-0.041957391834032146,20.63,0.0
137.285,3,-35.3575296,149.1650843,99.95400000000001,-0.026821300764520474,20.63,0.0
137.385,3,-35.3575109,149.1650843,99.95100000000001,-0.008562121538523674,20.64,0.0
137.504,3,-35.357488499999995,149.1650843,99.95100000000001,0.027979393022334525,20.650000000000002,0.0
137.604,3,-35.3574698,149.1650843,99.953,0.031169841751724253,20.66,0.0
137.704,3,-35.357451,149.1650843,99.956,0.05163523627941131,20.67,0.0
137.804,3,-35.3574323,149.1650843,99.961,0.06745043925097666,20.68,0.0
137.904,3,-35.3574135,149.1650843,99.968,0.05651049724291947,20.69,0.0
138.004,3,-35.3573947,149.1650843,99.97500000000001,0.059217853495822946,20.69,0.0
138.104,3,-35.357376099999996,149.1650843,99.982,0.07058175415020355,20.7,0.0
138.204,3,-35.3573575,149.1650843,99.986,0.046236892215228594,20.69,0.0
138.304,3,-35.357338999999996,149.1650843,99.98700000000001,0.06050656478388022,20.69,0.0
138.404,3,-35.3573205,149.1650843,99.985,0.10131490402208333,20.68,0.01
138.504,3,-35.357302,149.1650843,99.98100000000001,0.11703867984232705,20.67,0.01
138.604,3,-35.357283599999995,149.1650843,99.98,0.10342543247561728,20.66,0.02
138.704,3,-35.3572651,149.1650843,99.97800000000001,0.018151637930865484,20.66,0.02
138.804,3,-35.3572467,149.1650843,99.976,-0.0723867316899786,20.650000000000002,0.02
138.904,3,-35.3572282,149.1650843,99.974,-0.1273412064522847,20.650000000000002,0.02
139.004,3,-35.3572098,149.1650843,99.971,-0.20303428330907838,20.64,0.02
139.104,3,-35.3571913,149.1650843,99.968,-0.23988467466560454,20.64,0.01
139.185,3,-35.3571765,149.1650843,99.96600000000001,-0.25248549323020536,20.64,0.01
139.285,3,-35.357157799999996,149.16508439999998,99.96600000000001,-0.2284878103443507,20.64,0.01
139.385,3,-35.3571392,149.16508439999998,99.965,-0.21439911777838458,20.650000000000002,0.01
139.485,3,-35.3571205,149.16508439999998,99.96300000000001,-0.19375186946404593,20.66,0.01
139.604,3,-35.357098,149.16508439999998,99.96300000000001,-0.17000715704153294,20.67,0.01
139.704,3,-35.3570792,149.16508439999998,99.961,-0.15421788077436588,20.68,0.01
139.804,3,-35.357060499999996,149.16508439999998,99.96000000000001,-0.16717659057930478,20.69,0.01
139.904,3,-35.357041699999996,149.16508439999998,99.961,-0.15865583620822132,20.7,0.01
140.004,3,-35.357023,149.16508439999998,99.964,-0.07816528517122094,20.71,0.01
140.104,3,-35.3570043,149.16508439999998,99.97,-0.028004212489035323,20.71,0.02
140.204,3,-35.356985699999996,149.16508439999998,99.979,-0.04917860266392152,20.7,0.01
140.304,3,-35.3569672,149.16508439999998,99.989,-0.07087517881014303,20.69,0.01
140.404,3,-35.3569487,149.1650845,100.0,-0.09356752183215837,20.68,0.01
140.504,3,-35.3569302,149.1650845,100.008,-0.0896900821372803,20.68,0.01
140.604,3,-35.3569118,149.1650845,100.013,-0.1227982902207932,20.67,0.02
140.704,3,-35.356893299999996,149.1650845,100.015,-0.12946227367426455,20.66,0.02
140.804,3,-35.3568749,149.1650845,100.015,-0.13572459664781422,20.66,0.01
140.904,3,-35.3568564,149.1650845,100.012,-0.15029723212885954,20.650000000000002,0.01
141.004,3,-35.356837999999996,149.1650845,100.008,-0.19651123920830463,20.64,0.0
141.104,3,-35.3568195,149.1650845,100.005,-0.19123374413570618,20.64,0.0
141.204,3,-35.3568011,149.1650845,100.002,-0.18192476992614737,20.63,0.0
141.285,3,-35.356786299999996,149.1650845,99.999,-0.1624626528142985,20.63,0.0
141.385,3,-35.3567677,149.1650845,99.993,-0.13796164368355207,20.63,0.0
141.485,3,-35.3567491,149.1650845,99.98700000000001,-0.11882421402133003,20.63,-0.01
141.585,3,-35.3567305,149.1650845,99.982,-0.05046640348242635,20.64,-0.02
141.704,3,-35.356708,149.1650845,99.983,-0.02294810992755384,20.64,-0.02
141.804,3,-35.3566893,149.1650845,99.98700000000001,-0.015708559639536587,20.650000000000002,-0.03
141.904,3,-35.3566705,149.1650845,99.994,0.014595879135059199,20.66,-0.03
142.004,3,-35.3566518,149.16508439999998,99.998,0.08087973841755888,20.66,-0.03
142.104,3,-35.356632999999995,149.16508439999998,100.001,0.14010268120472627,20.67,-0.03
142.204,3,-35.3566143,149.16508439999998,100.002,0.16989952820125234,20.68,-0.03
142.304,3,-35.3565957,149.1650843,100.003,0.20149063387622904,20.68,-0.02
142.404,3,-35.356577099999996,149.1650843,100.003,0.21199719904742761,20.68,-0.02
142.504,3,-35.3565586,149.1650843,100.001,0.1988372254455981,20.67,-0.02
142.604,3,-35.3565401,149.1650842,100.0,0.19811023718581486,20.67,-0.02
142.704,3,-35.3565216,149.1650842,100.0,0.20012662375463633,20.67,-0.02
142.804,3,-35.3565032,149.1650842,100.0,0.22723615149851942,20.67,-0.02
142.904,3,-35.356484699999996,149.1650841,100.0,0.2647401866225305,20.66,-0.02
143.004,3,-35.3564663,149.1650841,100.002,0.28676997461462816,20.66,-0.02
143.104,3,-35.3564478,149.1650841,100.003,0.32124930315338146,20.650000000000002,-0.02
143.204,3,-35.356429299999995,149.165084,100.003,0.3494766607240459,20.650000000000002,-0.01
143.304,3,-35.3564109,149.165084,100.0,0.3580095146685223,20.650000000000002,-0.01
143.385,3,-35.3563961,149.165084,99.998,0.3392061906464623,20.64,0.0
143.485,3,-35.3563773,149.165084,99.999,0.3097582035659226,20.650000000000002,0.0
143.585,3,-35.3563587,149.165084,100.001,0.28328262943480775,20.650000000000002,0.0
143.685,3,-35.356339999999996,149.165084,100.0,0.24344397695554812,20.66,0.0
143.804,3,-35.356317499999996,149.16508389999998,99.999,0.22923080686000114,20.67,0.0
143.904,3,-35.3562988,149.16508389999998,99.997,0.20929421838446116,20.68,0.0
144.004,3,-35.35628,149.16508389999998,99.995,0.15418603768540334,20.69,0.0
144.104,3,-35.3562613,149.16508389999998,99.994,0.09926304582630276,20.7,0.0
144.204,3,-35.3562425,149.16508389999998,99.994,0.12484435876403514,20.71,0.0
144.304,3,-35.356223899999996,149.16508389999998,99.996,0.19039317730054506,20.71,0.0
144.404,3,-35.3562053,149.16508389999998,99.996,0.23225620713634657,20.7,0.0
144.504,3,-35.356186699999995,149.16508389999998,99.997,0.22805177213495414,20.7,0.01
144.604,3,-35.3561682,149.16508389999998,99.998,0.22948178963157267,20.69,0.01
144.704,3,-35.3561498,149.16508389999998,100.001,0.18736038654607426,20.68,0.02
144.804,3,-35.3561313,149.16508389999998,100.006,0.17703458126404303,20.67,0.02
144.904,3,-35.3561129,149.16508389999998,100.01,0.19259180452220157,20.66,0.02
145.004,3,-35.356094399999996,149.16508389999998,100.015,0.19337427472877794,20.650000000000002,0.03
145.104,3,-35.356076,149.16508389999998,100.02,0.18748418372478073,20.64,0.03
145.204,3,-35.3560575,149.16508389999998,100.024,0.1373147900845975,20.64,0.03
145.304,3,-35.3560391,149.16508389999998,100.024,0.06286366039840897,20.63,0.03
145.404,3,-35.3560206,149.165084,100.022,0.01867563150109248,20.63,0.03
145.485,3,-35.356005599999996,149.165084,100.02,0.011433338965494644,20.64,0.03
145.585,3,-35.3559869,149.165084,100.016,-0.024361268729712206,20.64,0.03
145.685,3,-35.3559683,149.165084,100.008,-0.06439751811475286,20.66,0.03
145.804,3,-35.3559458,149.165084,99.997,-0.10185333503807059,20.67,0.03
145.904,3,-35.355927,149.1650841,99.989,-0.10420808277507215,20.68,0.03
146.004,3,-35.355908299999996,149.1650841,99.98400000000001,-0.08029408304676335,20.69,0.03
146.104,3,-35.355889499999996,149.1650841,99.983,-0.02926864458902732,20.7,0.03
146.204,3,-35.3558708,149.1650841,99.98700000000001,-0.019010292427629926,20.7,0.02
146.304,3,-35.3558521,149.1650841,99.993,-0.01403023741915099,20.7,0.02
146.404,3,-35.355833499999996,149.1650841,100.0,-0.017248685588568475,20.7,0.01
146.504,3,-35.355815,149.1650841,100.008,-0.016875483118504054,20.69,0.01
146.604,3,-35.3557965,149.1650841,100.016,-0.005517673105222924,20.68,0.01
146.704,3,-35.355778,149.1650841,100.023,0.013275346435885868,20.67,0.01
146.804,3,-35.3557596,149.1650841,100.029,0.05587241149910549,20.66,0.01
146.904,3,-35.355741099999996,149.1650841,100.034,0.061401833163360967,20.66,0.01
147.004,3,-35.3557227,149.1650841,100.037,0.023957882359704814,20.650000000000002,0.01
147.104,3,-35.3557042,149.1650841,100.037,-0.04326990206247869,20.64,0.01
147.204,3,-35.355685799999996,149.1650842,100.034,-0.11033376194458189,20.64,0.01
147.304,3,-35.3556673,149.1650842,100.028,-0.11721919960765637,20.63,0.0
147.404,3,-35.3556489,149.1650842,100.023,-0.09139368072666958,20.63,0.0
147.505,3,-35.355630399999995,149.1650842,100.02,-0.09186917928677883,20.63,0.0
147.585,3,-35.3556155,149.1650841,100.019,-0.06815327505472023,20.63,0.0
147.685,3,-35.3555969,149.1650841,100.016,-0.01780913129142645,20.64,0.0
147.785,3,-35.3555782,149.1650841,100.012,0.005334597855298133,20.64,0.0
147.904,3,-35.3555558,149.1650841,100.004,0.01164234925745098,20.650000000000002,-0.01
148.004,3,-35.3555371,149.1650841,99.999,0.051861399584282035,20.66,-0.01
148.104,3,-35.3555183,149.1650841,99.995,0.13111279155524078,20.67,-0.01
148.204,3,-35.3554995,149.1650841,99.994,0.20128419407660805,20.69,0.0
148.304,3,-35.3554807,149.1650841,99.996,0.23729859429110847,20.7,0.0
148.404,3,-35.355461999999996,149.1650841,100.0,0.23695289600565592,20.7,0.0
148.504,3,-35.3554433,149.1650841,100.003,0.2008790518010352,20.7,0.0
148.604,3,-35.3554247,149.1650841,100.006,0.19726057232523586,20.7,0.0
148.704,3,-35.3554062,149.1650841,100.012,0.1719062964763403,20.69,0.0
148.804,3,-35.3553877,149.1650841,100.016,0.17133981766205233,20.68,0.0
148.904,3,-35.3553692,149.1650841,100.021,0.18069696338155825,20.67,0.01
149.004,3,-35.355350699999995,149.1650841,100.024,0.18252505284074158,20.66,0.02
149.104,3,-35.3553323,149.1650841,100.021,0.1775889071440851,20.66,0.02
149.204,3,-35.3553138,149.1650841,100.017,0.1840441162606215,20.650000000000002,0.02
149.304,3,-35.355295399999996,149.1650841,100.011,0.15689743602291328,20.650000000000002,0.02
149.404,3,-35.3552769,149.1650842,100.004,0.1419604126176904,20.650000000000002,0.03
149.504,3,-35.3552585,149.1650842,99.999,0.12199662344738939,20.64,0.03
149.585,3,-35.355243699999995,149.1650842,99.996,0.09052017023495504,20.64,0.03
149.685,3,-35.355225,149.1650842,99.997,0.02757318686475719,20.64,0.03
149.785,3,-35.3552063,149.1650843,100.001,-0.0490283184918614,20.64,0.02
149.885,3,-35.3551876,149.1650843,100.005,-0.09966703417343181,20.650000000000002,0.02
150.004,3,-35.3551652,149.1650843,100.011,-0.12298119788428938,20.66,0.01
150.104,3,-35.3551465,149.1650843,100.015,-0.11176738129877054,20.66,0.01
150.204,3,-35.3551277,149.1650843,100.017,-0.10228485758529127,20.67,0.01
150.304,3,-35.355109,149.1650843,100.018,-0.07881449331780933,20.68,0.01
150.404,3,-35.3550902,149.1650843,100.016,-0.08069729099141888,20.69,0.0
150.504,3,-35.355071599999995,149.1650843,100.014,-0.11307526247322881,20.69,0.0
150.604,3,-35.355053,149.1650842,100.011,-0.11890564268284128,20.68,0.0
150.704,3,-35.355034499999995,149.1650842,100.011,-0.10532348468304696,20.68,-0.01
150.804,3,-35.355016,149.1650842,100.011,-0.05451246013738579,20.67,-0.01
150.904,3,-35.3549976,149.1650842,100.011,0.018118999431689542,20.66,-0.01
151.004,3,-35.3549791,149.1650842,100.013,0.05262964578850971,20.66,-0.01
151.104,3,-35.3549607,149.1650842,100.016,0.15926440339522682,20.650000000000002,0.0
151.204,3,-35.3549423,149.1650842,100.018,0.2455772371324135,20.64,0.0
151.304,3,-35.3549238,149.1650842,100.019,0.307080315844028,20.64,0.0
151.404,3,-35.3549054,149.1650842,100.019,0.2867935867920323,20.63,0.0
151.504,3,-35.3548869,149.1650842,100.017,0.2162650267420542,20.63,0.0
151.604,3,-35.354868499999995,149.1650842,100.014,0.15899470430450388,20.62,0.0
151.685,3,-35.3548537,149.1650842,100.013,0.14185610549050226,20.62,0.01
151.785,3,-35.354835099999995,149.1650842,100.013,0.13956078840340774,20.62,0.01
151.885,3,-35.3548165,149.1650842,100.01,0.14120051405188683,20.63,0.01
151.985,3,-35.3547979,149.1650842,100.005,0.14377228037759496,20.63,0.02
152.104,3,-35.354775499999995,149.1650842,100.003,0.14786743235226718,20.650000000000002,0.02
152.204,3,-35.3547568,149.1650842,100.001,0.1390833555123812,20.66,0.02
152.304,3,-35.354738,149.1650842,100.001,0.08967210619996274,20.67,0.02
152.404,3,-35.3547193,149.1650843,100.0,0.04916437199146622,20.68,0.02
152.504,3,-35.3547005,149.1650843,100.0,0.04383511022145716,20.69,0.02
152.604,3,-35.3546817,149.1650843,100.002,0.006476884044851621,20.69,0.02
152.704,3,-35.354663099999996,149.1650843,100.004,-0.0088943612163612,20.7,0.01
152.804,3,-35.3546445,149.1650843,100.008,0.018800746025854704,20.69,0.01
152.904,3,-35.354625999999996,149.1650843,100.01,0.02910228212498057,20.68,0.01
153.004,3,-35.3546075,149.1650843,100.011,0.025476977462591144,20.68,0.01
153.104,3,-35.354589,149.1650843,100.013,-0.019213123699574182,20.67,0.02
153.204,3,-35.3545705,149.1650843,100.015,-0.05629717389327558,20.66,0.02
153.304,3,-35.3545521,149.1650843,100.015,-0.1133216962320914,20.650000000000002,0.01
153.404,3,-35.354533599999996,149.1650843,100.015,-0.14211804057712962,20.650000000000002,0.01
153.504,3,-35.3545152,149.1650843,100.012,-0.12535602264219106,20.64,0.0
153.604,3,-35.3544967,149.1650843,100.008,-0.052612033372002466,20.64,0.0
153.704,3,-35.3544783,149.1650843,100.002,0.03679907155625852,20.63,0.0
153.785,3,-35.3544635,149.1650843,99.998,0.053704350040995434,20.63,0.0
153.885,3,-35.354444799999996,149.1650843,99.992,0.0621142939309447,20.64,0.0
153.985,3,-35.3544262,149.1650843,99.989,0.0739553073112345,20.64,0.0
154.085,3,-35.3544075,149.1650843,99.986,0.08719252741772994,20.650000000000002,0.0
154.204,3,-35.354385,149.1650843,99.986,0.039585628655065055,20.66,0.0
154.304,3,-35.354366299999995,149.1650843,99.986,0.009871743610807506,20.67,0.0
154.404,3,-35.354347499999996,149.1650843,99.985,0.01706330498304614,20.68,0.0
154.504,3,-35.3543288,149.1650843,99.98400000000001,0.0180327799661047,20.69,0.0
154.604,3,-35.35431,149.1650843,99.98400000000001,0.01689342570528856,20.69,0.0
154.704,3,-35.3542914,149.1650843,99.986,0.04488323076404339,20.69,0.0
154.804,3,-35.3542728,149.1650843,99.989,0.11569740144406579,20.69,0.0
154.904,3,-35.3542543,149.1650843,99.993,0.13508035773065127,20.69,0.0
155.004,3,-35.3542358,149.1650843,99.996,0.10534070689831744,20.68,0.0
155.104,3,-35.354217299999995,149.1650843,100.0,0.06709580969277151,20.68,0.0
155.204,3,-35.3541988,149.1650843,100.001,0.06283936120002387,20.67,0.0
155.304,3,-35.3541804,149.1650843,100.0,0.036259043049737864,20.67,0.0
155.404,3,-35.3541619,149.1650843,99.993,0.0466684914686753,20.67,0.0
155.504,3,-35.3541435,149.1650843,99.986,0.06973364342446499,20.67,0.0
155.604,3,-35.354124999999996,149.1650843,99.979,0.058884648320053426,20.66,-0.01
155.704,3,-35.3541065,149.1650843,99.974,0.06211592143695786,20.66,-0.02
155.804,3,-35.354088,149.1650842,99.97200000000001,0.07824449935733722,20.650000000000002,-0.03
155.885,3,-35.354073199999995,149.1650842,99.97200000000001,0.11508251099599275,20.650000000000002,-0.03
155.985,3,-35.3540546,149.1650841,99.974,0.1385567639356291,20.650000000000002,-0.03
156.085,3,-35.354036,149.1650841,99.977,0.15416265229162396,20.650000000000002,-0.03
156.185,3,-35.354017299999995,149.165084,99.98,0.25765471913228855,20.650000000000002,-0.03
156.304,3,-35.3539949,149.165084,99.98100000000001,0.3699646402327189,20.66,-0.03
156.404,3,-35.3539762,149.16508389999998,99.98,0.43596083615986464,20.67,-0.02
156.504,3,-35.3539574,149.16508389999998,99.979,0.43185605255124565,20.68,-0.01
156.604,3,-35.3539386,149.1650838,99.97800000000001,0.43103832416112176,20.69,-0.01
156.704,3,-35.3539199,149.1650838,99.976,0.45141808786013243,20.7,0.0
156.804,3,-35.3539013,149.1650838,99.973,0.44081309859577694,20.7,0.0
156.904,3,-35.3538828,149.1650838,99.971,0.3635523199016934,20.7,0.0
157.004,3,-35.3538642,149.1650838,99.973,0.2884429707548846,20.69,0.0
157.104,3,-35.3538457,149.1650837,99.98100000000001,0.2874232715365693,20.69,0.0
157.204,3,-35.3538272,149.1650837,99.991,0.29277152310010085,20.68,0.0
157.304,3,-35.3538087,149.1650837,100.001,0.2894191541976675,20.67,0.0
157.404,3,-35.3537902,149.1650837,100.009,0.2866115996032485,20.66,0.0
157.504,3,-35.353771699999996,149.1650837,100.013,0.34292738976407633,20.650000000000002,0.01
157.604,3,-35.3537532,149.1650837,100.013,0.3724641426233998,20.650000000000002,0.02
157.704,3,-35.3537348,149.1650837,100.009,0.39083105491009296,20.64,0.02
157.804,3,-35.353716299999995,149.1650837,100.005,0.3808487067576929,20.64,0.02
157.904,3,-35.3536978,149.1650837,100.0,0.3365994329414711,20.63,0.03
157.985,3,-35.353682899999995,149.1650837,99.996,0.28866308427305887,20.63,0.03
158.085,3,-35.3536642,149.1650837,99.993,0.2514142474279976,20.63,0.03
158.185,3,-35.3536456,149.1650838,99.991,0.1954721833406032,20.64,0.04
158.304,3,-35.3536231,149.1650838,99.98700000000001,0.1747089018516537,20.650000000000002,0.04
158.404,3,-35.3536044,149.1650838,99.986,0.21542562050544345,20.650000000000002,0.05
158.504,3,-35.353585599999995,149.16508389999998,99.98700000000001,0.21750953523359812,20.67,0.05
158.604,3,-35.3535669,149.16508389999998,99.99000000000001,0.16446171044614372,20.67,0.06
158.704,3,-35.3535481,149.165084,99.994,0.09933218815143591,20.68,0.06
158.804,3,-35.3535293,149.165084,99.996,0.01970672659655326,20.69,0.06
158.904,3,-35.3535107,149.1650841,99.997,-0.08537187512741826,20.69,0.05
159.004,3,-35.3534921,149.1650841,99.998,-0.1758822403056546,20.69,0.05
159.104,4,-35.3534736,149.1650841,99.998,-0.2467177986825263,20.68,0.04
159.204,4,-35.353455,149.1650842,99.997,-0.2520779763966789,20.68,0.03
159.304,4,-35.353436599999995,149.1650842,99.996,0.03965318349482471,20.67,0.02
159.404,4,-35.3534181,149.1650842,99.995,1.5676773980191971,20.67,0.0
159.504,4,-35.353399599999996,149.1650841,99.995,5.459056441776195,20.66,0.02
159.604,4,-35.3533812,149.1650842,99.996,11.895935571736109,20.650000000000002,0.19
159.704,4,-35.3533627,149.1650846,99.998,20.00961632453722,20.63,0.54
159.804,4,-35.353344299999996,149.1650855,99.995,28.491686745317555,20.61,1.05
159.904,4,-35.3533259,149.165087,99.98,36.02305630533464,20.6,1.68
160.005,4,-35.3533075,149.1650893,99.949,41.600008215487605,20.59,2.38
160.085,4,-35.3532924,149.1650918,99.913,44.38924573665654,20.59,3.02
160.185,4,-35.3532739,149.1650957,99.867,45.95264871691578,20.580000000000002,3.91
160.285,4,-35.3532552,149.1651006,99.83200000000001,46.01520983461852,20.53,4.9
160.404,4,-35.353232999999996,149.1651081,99.82600000000001,45.14848956479516,20.38,6.12
160.504,4,-35.3532146,149.1651156,99.86200000000001,44.37379584875397,20.17,7.140000000000001
160.604,4,-35.3531964,149.16512419999998,99.932,43.86166826478642,19.88,8.1
160.704,4,-35.3531785,149.1651338,100.035,43.708822291539875,19.55,8.96
160.804,4,-35.353161,149.16514429999998,100.156,43.85430190576656,19.21,9.71
160.904,4,-35.3531438,149.1651555,100.282,44.12861254811803,18.86,10.38
161.004,4,-35.3531271,149.1651673,100.405,44.40438485095188,18.53,10.97
161.104,4,-35.3531106,149.16517969999998,100.518,44.57834635401752,18.2,11.49
161.204,4,-35.3530945,149.16519259999998,100.618,44.671192530500086,17.89,11.97
161.304,4,-35.3530787,149.16520599999998,100.7,44.73580612004841,17.57,12.42
161.404,4,-35.3530631,149.16521989999998,100.764,44.73673844087011,17.240000000000002,12.85
161.504,4,-35.3530479,149.1652342,100.81,44.67271224759041,16.89,13.280000000000001
161.604,4,-35.353032999999996,149.165249,100.84100000000001,44.61848054558051,16.5,13.73
161.704,4,-35.353018399999996,149.1652643,100.861,44.53771355864511,16.07,14.200000000000001
161.804,4,-35.353004299999995,149.1652801,100.875,44.49577619714123,15.6,14.68
161.904,4,-35.3529906,149.16529649999998,100.885,44.45964108133728,15.09,15.16
162.004,4,-35.3529773,149.1653134,100.894,44.48636761155954,14.56,15.64
162.085,4,-35.352967,149.1653273,100.901,44.52949684107359,14.11,16.02
162.185,4,-35.3529546,149.16534529999998,100.911,44.58228395807403,13.52,16.48
162.285,4,-35.3529427,149.1653637,100.92,44.64507730220854,12.93,16.93
162.385,4,-35.3529312,149.16538269999998,100.932,44.67517111569162,12.32,17.36
162.504,4,-35.3529182,149.1654062,100.95,44.70632019340146,11.57,17.85
162.604,4,-35.352908,149.1654263,100.965,44.71798274140926,10.950000000000001,18.22
162.704,4,-35.3528984,149.16544679999998,100.97800000000001,44.75015293240002,10.32,18.580000000000002
162.804,4,-35.3528893,149.1654676,100.989,44.74645780005904,9.69,18.900000000000002
162.904,4,-35.3528808,149.1654888,100.999,44.771770481123106,9.040000000000001,19.21
163.004,4,-35.3528729,149.1655103,101.007,44.767614311013155,8.38,19.490000000000002
163.104,4,-35.352865699999995,149.1655319,101.014,44.7211621944679,7.73,19.740000000000002
163.204,4,-35.352858999999995,149.1655538,101.02,44.674481266585445,7.0600000000000005,19.96
163.304,4,-35.352852999999996,149.1655757,101.026,44.64104066040906,6.38,20.16
163.404,4,-35.3528476,149.1655979,101.03,44.640443018856686,5.7,20.34
163.504,4,-35.3528429,149.1656202,101.034,44.64223252841923,5.01,20.490000000000002
163.604,4,-35.3528387,149.16564259999998,101.037,44.673805077857615,4.32,20.63
163.704,4,-35.3528352,149.1656652,101.038,44.72737766661261,3.61,20.740000000000002
163.804,4,-35.352832299999996,149.1656879,101.037,44.76741965062181,2.9,20.82
163.904,4,-35.3528301,149.1657107,101.035,44.786762746351286,2.18,20.89
164.004,4,-35.3528285,149.16573359999998,101.031,44.81134118207957,1.46,20.93
164.104,4,-35.3528275,149.1657565,101.025,44.82229339041369,0.74,20.95
164.185,4,-35.3528272,149.1657749,101.018,44.794023237439006,0.17,20.95
164.285,4,-35.3528273,149.1657981,101.008,44.75743391405525,-0.54,20.93
164.385,4,-35.3528282,149.1658213,100.995,44.77300674536288,-1.24,20.89
164.485,4,-35.3528296,149.1658444,100.98,44.80979755932715,-1.95,20.830000000000002
164.604,4,-35.3528322,149.1658721,100.95700000000001,44.831568787306566,-2.8000000000000003,20.73
164.704,4,-35.352835,149.1658951,100.937,44.83888733500224,-3.5100000000000002,20.62
164.804,4,-35.3528385,149.16591789999998,100.916,44.81200712552365,-4.21,20.490000000000002
164.904,4,-35.352842599999995,149.1659406,100.895,44.807540181806466,-4.91,20.34
165.004,4,-35.3528474,149.1659631,100.872,44.76790800914746,-5.62,20.16
165.104,4,-35.3528528,149.1659852,100.852,44.519114953535166,-6.32,19.95
165.204,4,-35.3528587,149.16600699999998,100.836,43.838582225391775,-7.0200000000000005,19.7
165.304,4,-35.3528653,149.1660284,100.82300000000001,42.359545741760535,-7.69,19.42
165.404,4,-35.3528725,149.16604949999999,100.816,39.75170096947421,-8.31,19.13
165.504,4,-35.3528801,149.1660702,100.82000000000001,35.92539484548722,-8.84,18.82
165.604,4,-35.352888199999995,149.1660906,100.833,30.788317363166833,-9.24,18.53
165.704,4,-35.3528966,149.1661107,100.857,24.49319838254371,-9.47,18.28
165.804,4,-35.352905,149.1661306,100.885,17.276242920589816,-9.55,18.080000000000002
165.904,4,-35.3529135,149.1661503,100.907,9.550911356069998,-9.48,17.95
166.004,4,-35.3529219,149.1661699,100.909,1.840179534344492,-9.31,17.88
166.104,4,-35.35293,149.1661895,100.878,-5.271599338684256,-9.1,17.84
166.204,4,-35.352938,149.1662091,100.807,-11.388887087190103,-8.88,17.84
166.285,4,-35.3529443,149.16622479999998,100.72,-15.382328793940953,-8.69,17.85
166.385,4,-35.3529519,149.1662446,100.581,-19.159401206843203,-8.44,17.92
166.485,4,-35.352959299999995,149.16626449999998,100.424,-21.700494540370993,-8.15,18.04
166.585,4,-35.3529665,149.16628459999998,100.266,-23.28019264444259,-7.8100000000000005,18.21
166.704,4,-35.352974599999996,149.1663091,100.102,-24.3821173085245,-7.34,18.46
166.804,5,-35.352981,149.1663298,99.995,-24.933086470754628,-6.91,18.68
166.904,5,-35.3529869,149.1663508,99.922,-25.33526337701061,-6.46,18.89
167.004,5,-35.3529925,149.166372,99.878,-25.367307209501725,-6.0,19.09
167.104,5,-35.3529976,149.1663932,99.858,-24.05270753013854,-5.55,19.26
167.204,5,-35.3530024,149.1664146,99.857,-20.19089637529853,-5.18,19.39
167.304,5,-35.353006799999996,149.166436,99.87,-13.612439803562122,-4.96,19.45
167.404,5,-35.3530112,149.16645739999998,99.897,-5.189648167701504,-4.95,19.43
167.504,5,-35.3530156,149.1664787,99.928,3.969880115435246,-5.11,19.35
167.604,5,-35.3530203,149.1664999,99.94800000000001,13.336857038477739,-5.36,19.25
167.704,5,-35.3530252,149.1665209,99.93900000000001,22.658158778993066,-5.68,19.14
167.804,5,-35.3530304,149.1665419,99.894,31.315662608605177,-6.0600000000000005,19.03
167.904,5,-35.3530361,149.1665627,99.81,38.302696827623514,-6.54,18.91
168.004,5,-35.3530422,149.16658329999999,99.697,42.94065482125063,-7.15,18.78
168.104,5,-35.353049,149.16660389999998,99.56700000000001,45.28817717860568,-7.94,18.61
168.204,5,-35.353056599999995,149.1666242,99.441,45.870696692159385,-8.89,18.38
168.304,5,-35.353065099999995,149.1666442,99.34400000000001,45.38725590270588,-9.94,18.03
168.385,5,-35.3530726,149.1666598,99.297,44.75877263113257,-10.8,17.68
168.485,5,-35.353083,149.1666792,99.285,44.016781860837405,-11.84,17.150000000000002
168.585,5,-35.353094299999995,149.1666979,99.32300000000001,43.62334588917175,-12.780000000000001,16.56
168.704,5,-35.353108899999995,149.1667194,99.423,43.686791516372,-13.77,15.82
168.804,5,-35.3531218,149.1667366,99.537,44.01844159680572,-14.450000000000001,15.24
168.904,5,-35.3531354,149.16675329999998,99.659,44.343773752257185,-15.040000000000001,14.72
169.004,5,-35.3531494,149.1667694,99.78,44.64123190570582,-15.540000000000001,14.24
169.104,5,-35.3531638,149.166785,99.887,44.83228595716942,-15.97,13.81
169.204,5,-35.3531785,149.1668001,99.98,44.903504339645146,-16.35,13.41
169.304,5,-35.353193499999996,149.1668147,100.049,44.847213335600486,-16.69,13.02
169.404,5,-35.353208699999996,149.1668288,100.09700000000001,44.73859966741894,-17.02,12.63
169.504,5,-35.3532242,149.1668425,100.124,44.6200549041842,-17.35,12.18
169.604,5,-35.3532399,149.1668556,100.14,44.52755365225472,-17.7,11.68
169.704,5,-35.3532559,149.1668681,100.148,44.494611649887744,-18.05,11.11
169.804,5,-35.3532723,149.16688,100.151,44.502312688176936,-18.39,10.5
169.904,5,-35.353288899999995,149.16689119999998,100.154,44.56545095686453,-18.740000000000002,9.86
170.004,5,-35.3533058,149.1669016,100.159,44.63001331999408,-19.07,9.17
170.104,5,-35.3533231,149.16691129999998,100.168,44.6668382849042,-19.38,8.46
170.204,5,-35.353340599999996,149.1669202,100.183,44.734412761457726,-19.67,7.73
170.304,5,-35.3533583,149.1669283,100.20400000000001,44.81768301272393,-19.92,6.99
170.404,5,-35.3533763,149.1669356,100.229,44.84327573154397,-20.150000000000002,6.26
170.485,5,-35.353391099999996,149.1669409,100.248,44.81712976740116,-20.32,5.68
170.585,5,-35.3534095,149.1669468,100.273,44.78289685928106,-20.490000000000002,4.97
170.685,5,-35.353428199999996,149.1669519,100.299,44.79338461475161,-20.650000000000002,4.26
170.804,5,-35.3534508,149.1669571,100.32900000000001,44.78877423706185,-20.8,3.43
170.904,5,-35.3534697,149.1669605,100.349,44.78308127438865,-20.900000000000002,2.75
171.004,5,-35.3534887,149.1669632,100.363,44.809869276313435,-20.97,2.07
171.104,5,-35.353507799999996,149.1669652,100.372,44.7892660106821,-21.02,1.3900000000000001
171.204,5,-35.3535269,149.1669664,100.376,44.68409134274766,-21.06,0.68
171.304,5,-35.3535459,149.1669667,100.381,44.411915134511815,-21.06,-0.02
171.404,5,-35.3535648,149.16696629999998,100.389,43.80976224218891,-21.02,-0.74
171.504,5,-35.3535836,149.1669652,100.402,42.67463602855156,-20.96,-1.45
171.604,5,-35.3536023,149.1669632,100.418,40.86533599288811,-20.87,-2.12
171.704,5,-35.353620899999996,149.16696059999998,100.441,38.327606527526555,-20.75,-2.72
171.804,5,-35.3536393,149.1669573,100.47,35.03693066844113,-20.6,-3.25
171.904,5,-35.3536576,149.1669537,100.504,31.078415987784783,-20.44,-3.65
172.004,5,-35.3536758,149.1669495,100.538,26.606335968340595,-20.28,-3.93
172.104,5,-35.353693799999995,149.1669452,100.56400000000001,21.73156507090538,-20.12,-4.1
172.204,5,-35.3537117,149.1669407,100.57900000000001,16.746805929718157,-19.98,-4.17
172.304,5,-35.3537295,149.16693619999998,100.575,11.84663185121237,-19.86,-4.17
172.404,5,-35.3537472,149.1669318,100.546,7.285620207453677,-19.75,-4.12
172.505,5,-35.3537649,149.1669274,100.488,3.3121883936500245,-19.67,-4.05
172.585,5,-35.3537791,149.1669239,100.421,0.6000013827343551,-19.61,-3.98
172.685,5,-35.3537967,149.1669197,100.319,-2.058206002840469,-19.57,-3.88
172.785,5,-35.3538144,149.1669155,100.205,-3.9853039632416043,-19.55,-3.79
172.904,5,-35.3538357,149.1669107,100.06700000000001,-5.48465983276681,-19.56,-3.66
173.004,5,-35.3538534,149.1669068,99.961,-6.284328562394971,-19.580000000000002,-3.56
173.104,5,-35.3538712,149.166903,99.875,-6.912842569819545,-19.61,-3.44
173.204,5,-35.353888999999995,149.1668994,99.808,-7.44032313838082,-19.64,-3.31
173.304,5,-35.3539069,149.1668959,99.764,-7.946854236097197,-19.67,-3.18
173.404,5,-35.3539247,149.1668925,99.739,-8.455731503793473,-19.7,-3.0500000000000003
173.504,5,-35.353942499999995,149.16688929999998,99.724,-8.947833826888198,-19.72,-2.91
173.604,5,-35.353960199999996,149.1668863,99.71300000000001,-9.36083914429959,-19.75,-2.7800000000000002
173.704,5,-35.3539779,149.1668834,99.69800000000001,-9.655531071134375,-19.77,-2.65
173.804,5,-35.3539956,149.16688059999998,99.677,-9.83430444247029,-19.79,-2.5300000000000002
173.904,5,-35.3540133,149.166878,99.647,-9.899700088678577,-19.82,-2.42
174.004,5,-35.354031,149.1668755,99.60900000000001,-9.892273111729834,-19.85,-2.31
174.104,5,-35.3540487,149.1668731,99.56400000000001,-9.798309345544322,-19.88,-2.18
174.204,5,-35.3540665,149.1668708,99.515,-9.681846936232787,-19.92,-2.06
174.304,5,-35.3540843,149.16686869999998,99.46900000000001,-9.511524216447473,-19.96,-1.92
174.404,5,-35.3541022,149.16686679999998,99.429,-9.361528139632115,-20.0,-1.79
174.504,5,-35.354120099999996,149.1668649,99.398,-9.221736365436756,-20.04,-1.6500000000000001
174.585,5,-35.3541344,149.1668636,99.381,-9.097794045210414,-20.07,-1.54
174.685,5,-35.3541526,149.16686199999998,99.36500000000001,-8.855593829694469,-20.11,-1.41
174.785,5,-35.3541708,149.1668606,99.355,-8.521688933060993,-20.150000000000002,-1.3
174.885,5,-35.3541891,149.1668592,99.34700000000001,-8.119183323951203,-20.19,-1.2
175.004,5,-35.354211,149.16685769999998,99.33500000000001,-7.557880939280494,-20.240000000000002,-1.09
175.104,5,-35.3542294,149.1668566,99.322,-7.06635491339699,-20.27,-1.01
175.204,5,-35.354247799999996,149.1668555,99.308,-6.576197913555249,-20.31,-0.93
175.304,5,-35.3542662,149.1668546,99.296,-6.102045754486141,-20.34,-0.86
175.404,5,-35.3542846,149.1668537,99.288,-5.700893803492482,-20.37,-0.8
175.504,5,-35.3543029,149.1668528,99.281,-5.352779978951266,-20.400000000000002,-0.73
175.604,5,-35.3543212,149.166852,99.273,-4.9973266892600465,-20.42,-0.67
175.704,5,-35.3543395,149.1668513,99.267,-4.687046563192,-20.43,-0.62
175.804,5,-35.3543577,149.1668507,99.263,-4.43601235175829,-20.44,-0.5700000000000001
175.904,5,-35.354375999999995,149.1668501,99.261,-4.2311527804348055,-20.45,-0.51
176.004,5,-35.3543942,149.1668496,99.262,-4.006904009604947,-20.45,-0.46
176.104,5,-35.3544124,149.1668491,99.267,-3.763610536934977,-20.46,-0.41000000000000003
176.204,5,-35.3544307,149.1668487,99.273,-3.5328797031393644,-20.46,-0.36
176.304,5,-35.3544489,149.1668483,99.28,-3.3283955787768185,-20.46,-0.32
176.404,5,-35.354467199999995,149.1668479,99.288,-3.1054776276180545,-20.46,-0.28
176.504,5,-35.3544854,149.16684759999998,99.294,-2.856196213480099,-20.46,-0.24
176.604,5,-35.354503699999995,149.1668474,99.298,-2.598680365967459,-20.46,-0.21
176.685,5,-35.354518299999995,149.1668472,99.299,-2.3766132002471845,-20.46,-0.19
176.785,5,-35.3545368,149.166847,99.298,-2.0941155089583994,-20.46,-0.17
176.885,5,-35.3545552,149.1668468,99.296,-1.8373844928700758,-20.47,-0.16
176.985,5,-35.354573699999996,149.16684659999999,99.294,-1.6348705579179612,-20.490000000000002,-0.15
177.104,5,-35.354596,149.1668464,99.294,-1.4633617330945907,-20.5,-0.13
177.204,5,-35.3546145,149.16684619999998,99.298,-1.3747499537323131,-20.52,-0.12
177.304,5,-35.354633199999995,149.166846,99.305,-1.300407293319838,-20.53,-0.11
177.404,5,-35.3546518,149.1668459,99.315,-1.2467249946512997,-20.54,-0.1
177.504,5,-35.354670399999996,149.1668458,99.32600000000001,-1.165337847883603,-20.56,-0.09
177.604,5,-35.3546891,149.16684569999998,99.34100000000001,-1.0966970080459135,-20.57,-0.08
177.704,5,-35.3547076,149.1668456,99.35600000000001,-1.0741979380330684,-20.580000000000002,-0.07
177.804,5,-35.354726,149.1668455,99.37,-1.0781264707445894,-20.59,-0.05
177.904,5,-35.3547444,149.1668454,99.383,-1.0790817367330392,-20.59,-0.04
178.004,5,-35.354762799999996,149.1668453,99.396,-1.002088109148953,-20.59,-0.03
178.104,5,-35.3547812,149.1668453,99.407,-0.9433928785164485,-20.59,-0.02
178.204,5,-35.3547996,149.1668453,99.419,-0.8808132445977637,-20.580000000000002,0.0
178.304,5,-35.354818,149.1668453,99.431,-0.7929040142246452,-20.580000000000002,0.0
178.404,5,-35.354836299999995,149.1668453,99.443,-0.7146607288267112,-20.580000000000002,0.01
178.504,5,-35.3548547,149.1668453,99.455,-0.6398808295856497,-20.580000000000002,0.02
178.604,5,-35.3548731,149.1668453,99.464,-0.5772660842257628,-20.580000000000002,0.03
178.704,5,-35.3548915,149.1668454,99.46900000000001,-0.47203015803220283,-20.580000000000002,0.03
178.785,5,-35.354906199999995,149.1668454,99.473,-0.40730344347575387,-20.580000000000002,0.04
178.885,5,-35.3549249,149.1668454,99.477,-0.31665693475147344,-20.580000000000002,0.04
178.985,5,-35.354943399999996,149.1668454,99.482,-0.2442132270108208,-20.59,0.04
179.085,5,-35.3549621,149.1668455,99.491,-0.16709174682320854,-20.6,0.05
179.204,5,-35.3549845,149.1668455,99.506,-0.11273552726308679,-20.61,0.05
179.304,5,-35.3550032,149.1668456,99.52,-0.058454313051809564,-20.62,0.05
179.404,5,-35.3550219,149.16684569999998,99.533,-0.006731538710112687,-20.63,0.05
179.504,5,-35.355040599999995,149.16684569999998,99.546,0.01467347582032223,-20.64,0.05
179.604,5,-35.3550593,149.1668458,99.558,0.06783365688611802,-20.64,0.05
179.704,5,-35.3550779,149.1668459,99.569,0.12189653182757962,-20.64,0.06
179.804,5,-35.3550964,149.166846,99.583,0.11121676399800437,-20.64,0.06
179.904,5,-35.3551149,149.1668461,99.59400000000001,0.1346924776909886,-20.63,0.05
180.004,5,-35.3551333,149.1668461,99.605,0.15951439899101985,-20.61,0.05
180.104,5,-35.3551517,149.16684619999998,99.617,0.2060862172695237,-20.6,0.05
180.204,5,-35.355170099999995,149.1668463,99.627,0.24349088114523906,-20.6,0.05
180.304,5,-35.3551885,149.1668464,99.635,0.3054493947362759,-20.59,0.04
180.404,5,-35.3552069,149.1668464,99.641,0.36212603766477724,-20.59,0.04
180.504,5,-35.3552253,149.1668465,99.645,0.3830420779353397,-20.580000000000002,0.03
180.604,5,-35.355243699999995,149.16684659999999,99.644,0.3645616937949744,-20.580000000000002,0.03
180.704,5,-35.3552621,149.16684669999998,99.641,0.342211660644253,-20.580000000000002,0.04
180.804,5,-35.3552805,149.1668468,99.639,0.31222083360725594,-20.580000000000002,0.04
180.885,5,-35.355295399999996,149.1668468,99.639,0.25411604081198724,-20.59,0.04
180.985,5,-35.3553141,149.1668469,99.641,0.21394450999218204,-20.6,0.05
181.085,5,-35.3553328,149.166847,99.646,0.27079293484635186,-20.61,0.04
181.204,5,-35.3553552,149.16684709999998,99.656,0.3502906538544674,-20.62,0.03
181.304,5,-35.3553739,149.1668472,99.665,0.4394435122650571,-20.63,0.03
181.404,5,-35.3553926,149.1668473,99.675,0.5089909263129335,-20.63,0.02
181.504,5,-35.3554114,149.1668474,99.687,0.5233035877186952,-20.64,0.02
181.604,5,-35.3554301,149.1668474,99.699,0.55643688874328,-20.64,0.02
181.704,5,-35.355448599999995,149.1668475,99.711,0.5965016578366641,-20.64,0.02
181.804,5,-35.3554672,149.16684759999998,99.724,0.5935383695930835,-20.64,0.01
181.904,5,-35.355485699999996,149.16684759999998,99.735,0.5540555539613256,-20.63,0.01
182.004,5,-35.3555041,149.1668477,99.744,0.5461750097630118,-20.62,0.01
182.104,5,-35.3555226,149.1668477,99.752,0.547773700915618,-20.61,0.0
182.204,5,-35.355540999999995,149.1668478,99.761,0.5601406655424251,-20.6,0.0
182.304,5,-35.3555594,149.1668478,99.768,0.5772834798638051,-20.59,0.0
182.404,5,-35.3555778,149.1668479,99.773,0.5581976901669681,-20.580000000000002,0.0
182.504,5,-35.3555962,149.1668479,99.776,0.5165786261505829,-20.57,0.0
182.604,5,-35.3556145,149.166848,99.776,0.4742482619651645,-20.57,0.0
182.704,5,-35.355632899999996,149.166848,99.776,0.4748987841227553,-20.56,0.0
182.804,5,-35.3556514,149.166848,99.774,0.457145735087717,-20.56,-0.01
182.905,5,-35.3556698,149.16684809999998,99.772,0.4454454609569265,-20.56,-0.02
182.985,5,-35.3556847,149.1668482,99.77,0.41250025693878156,-20.56,-0.03
183.085,5,-35.3557032,149.1668482,99.768,0.4300500544851591,-20.56,-0.03
183.185,5,-35.3557218,149.1668482,99.769,0.433282761674985,-20.57,-0.03
183.304,5,-35.3557442,149.1668482,99.771,0.45558055455072627,-20.580000000000002,-0.03
183.404,5,-35.355762899999995,149.1668482,99.774,0.411747788871743,-20.6,-0.04
183.504,5,-35.3557816,149.1668482,99.78,0.35270002976461584,-20.61,-0.04
183.604,5,-35.3558003,149.1668482,99.786,0.2956429506354301,-20.62,-0.04
183.704,5,-35.3558191,149.1668482,99.795,0.24976867876612702,-20.63,-0.03
183.804,5,-35.355837799999996,149.1668482,99.806,0.20591211414675448,-20.64,-0.03
183.904,5,-35.3558564,149.1668482,99.818,0.15253418578310485,-20.64,-0.02
184.004,5,-35.355875,149.1668483,99.828,0.1261952821364564,-20.64,-0.02
184.104,5,-35.3558935,149.1668483,99.836,0.0950412351971878,-20.64,-0.02
184.204,5,-35.355912,149.1668483,99.843,0.07865477094489418,-20.63,-0.02
184.304,5,-35.3559304,149.1668484,99.849,0.1711622194034188,-20.62,-0.01
184.404,5,-35.3559488,149.1668484,99.851,0.27981340026454377,-20.62,-0.02
184.504,5,-35.355967299999996,149.1668484,99.852,0.34629635389175867,-20.61,-0.02
184.604,5,-35.3559857,149.1668485,99.85300000000001,0.40378872417840056,-20.6,-0.03
184.704,5,-35.3560041,149.1668485,99.85600000000001,0.4130051573288336,-20.6,-0.03
184.804,5,-35.3560225,149.1668485,99.86,0.41056219076179046,-20.59,-0.03
184.904,5,-35.356041,149.1668485,99.863,0.4059796140763879,-20.59,-0.03
185.005,5,-35.3560594,149.16684859999998,99.864,0.37598169004595633,-20.580000000000002,-0.03
185.085,5,-35.3560744,149.16684859999998,99.864,0.33768316518325525,-20.59,-0.03
185.185,5,-35.356093,149.16684859999998,99.864,0.33716863315925644,-20.59,-0.03
185.285,5,-35.3561117,149.16684859999998,99.866,0.3357924834436311,-20.59,-0.03
185.404,5,-35.356134,149.16684859999998,99.874,0.32903241043431675,-20.6,-0.04
185.504,5,-35.3561528,149.16684859999998,99.883,0.3873794348212829,-20.6,-0.04
185.604,5,-35.3561714,149.16684859999998,99.894,0.4428584200870784,-20.6,-0.05
185.704,5,-35.3561902,149.16684859999998,99.906,0.4734853618513858,-20.61,-0.05
185.804,5,-35.3562088,149.16684859999998,99.917,0.4633994136030984,-20.61,-0.06
185.904,5,-35.3562274,149.16684859999998,99.924,0.4611392613180588,-20.61,-0.06
186.004,5,-35.3562459,149.16684859999998,99.927,0.41716869123648526,-20.61,-0.07
186.104,5,-35.3562644,149.16684859999998,99.925,0.3709226276246661,-20.61,-0.07
186.204,5,-35.356282799999995,149.16684859999998,99.918,0.3300477607431215,-20.61,-0.07
186.304,5,-35.3563012,149.16684859999998,99.912,0.26530829294283165,-20.6,-0.07
186.404,5,-35.3563196,149.16684859999998,99.907,0.1977230775176662,-20.6,-0.07
186.504,5,-35.356338,149.1668485,99.905,0.1509295982562543,-20.6,-0.07
186.604,5,-35.356356399999996,149.1668485,99.905,0.18020525646238345,-20.6,-0.07
186.704,5,-35.3563749,149.1668485,99.909,0.18971956323386577,-20.6,-0.07
186.804,5,-35.3563933,149.1668484,99.913,0.1502814906772568,-20.59,-0.07
186.904,5,-35.356411699999995,149.1668484,99.919,0.1181653408902618,-20.59,-0.07
187.004,5,-35.3564301,149.1668484,99.924,0.0836394683475746,-20.580000000000002,-0.06
187.085,5,-35.3564449,149.1668484,99.929,0.08153765772338169,-20.580000000000002,-0.05
187.185,5,-35.356463399999996,149.1668484,99.936,0.10493733220099663,-20.580000000000002,-0.05
187.285,5,-35.356482,149.1668484,99.94,0.14070247053143126,-20.580000000000002,-0.05
187.385,5,-35.3565006,149.1668484,99.944,0.156505447197578,-20.59,-0.05
187.504,5,-35.356522999999996,149.1668484,99.947,0.18997409450215452,-20.6,-0.05
187.604,5,-35.3565417,149.1668484,99.94800000000001,0.1913143857246373,-20.61,-0.06
187.704,5,-35.3565604,149.1668483,99.947,0.17744352550038434,-20.62,-0.06
187.804,5,-35.3565791,149.1668483,99.94500000000001,0.16527092778023156,-20.63,-0.06
187.904,5,-35.3565979,149.1668483,99.944,0.11090825155691003,-20.650000000000002,-0.06
188.004,5,-35.356616599999995,149.1668483,99.943,0.07047246445337674,-20.650000000000002,-0.05
188.104,5,-35.3566352,149.1668483,99.94500000000001,0.10406759698962409,-20.66,-0.05
188.204,5,-35.3566538,149.1668483,99.947,0.13634789143021755,-20.66,-0.04
188.304,5,-35.3566723,149.1668483,99.95100000000001,0.1698380298182958,-20.650000000000002,-0.04
188.404,5,-35.356690799999996,149.1668483,99.956,0.15497736579355956,-20.650000000000002,-0.04
188.504,5,-35.3567092,149.1668483,99.961,0.136923028042887,-20.64,-0.04
188.604,5,-35.3567277,149.1668483,99.96600000000001,0.10952923369544182,-20.63,-0.04
188.704,5,-35.356746099999995,149.1668483,99.97200000000001,0.09652792858968288,-20.63,-0.04
188.804,5,-35.3567645,149.1668482,99.977,0.1279610194390369,-20.62,-0.04
188.904,5,-35.3567829,149.1668482,99.97800000000001,0.2200630388074044,-20.62,-0.05
189.004,5,-35.3568014,149.1668482,99.97500000000001,0.3287135793382947,-20.62,-0.06
189.104,5,-35.3568198,149.16684809999998,99.97,0.3753986160064194,-20.61,-0.07
189.185,5,-35.3568346,149.16684809999998,99.965,0.38239449062465786,-20.61,-0.08
189.285,5,-35.3568533,149.166848,99.96000000000001,0.362123743148103,-20.62,-0.08
189.385,5,-35.3568719,149.166848,99.95400000000001,0.27020882027018356,-20.62,-0.08
189.485,5,-35.3568906,149.1668479,99.949,0.13901513366196042,-20.63,-0.07
189.604,5,-35.356913,149.1668479,99.94800000000001,-0.06097136449298488,-20.64,-0.07
189.704,5,-35.3569318,149.1668478,99.95,-0.19060480644310965,-20.650000000000002,-0.05
189.804,5,-35.356950499999996,149.1668478,99.95100000000001,-0.2732384627343338,-20.66,-0.04
189.904,5,-35.356969299999996,149.1668478,99.952,-0.2751490480720862,-20.67,-0.03
190.004,5,-35.356988,149.1668478,99.956,-0.2083093104422306,-20.67,-0.03
190.104,5,-35.3570066,149.1668478,99.962,-0.1288207828410255,-20.67,-0.03
190.204,5,-35.357025199999995,149.1668478,99.971,-0.048839437747894766,-20.67,-0.03
190.304,5,-35.3570437,149.1668478,99.98,0.0037509903150302437,-20.66,-0.03
190.404,5,-35.3570622,149.1668478,99.98700000000001,0.0617427556524798,-20.66,-0.03
190.504,5,-35.357080599999996,149.1668478,99.994,0.12294876782594504,-20.650000000000002,-0.03
190.604,5,-35.3570991,149.1668478,99.997,0.16704022691974255,-20.64,-0.03
190.704,5,-35.3571175,149.1668478,100.0,0.18785460142533494,-20.63,-0.04
190.804,5,-35.357135899999996,149.1668477,100.002,0.20389139200863562,-20.62,-0.04
190.904,5,-35.3571544,149.1668477,100.004,0.1955488095253543,-20.61,-0.04
191.004,5,-35.3571728,149.1668477,100.001,0.14252295606907764,-20.61,-0.04
191.104,5,-35.357191199999995,149.1668477,99.997,0.0746418146939935,-20.61,-0.03
191.204,5,-35.3572096,149.1668477,99.99000000000001,0.06992817708378474,-20.61,-0.03
191.285,5,-35.3572244,149.1668477,99.98400000000001,0.07739684886895484,-20.61,-0.03
191.385,5,-35.357243,149.1668477,99.98,0.05718681270277635,-20.61,-0.03
191.485,5,-35.3572616,149.1668477,99.977,0.05160204582891328,-20.61,-0.03
191.585,5,-35.3572802,149.1668477,99.977,0.06376133668637642,-20.62,-0.02
191.704,5,-35.3573027,149.1668477,99.982,0.09399109361229833,-20.63,-0.03
191.804,5,-35.3573214,149.1668477,99.985,0.13782107785682468,-20.64,-0.03
191.904,5,-35.3573401,149.1668477,99.98700000000001,0.17975459737929483,-20.64,-0.02
192.004,5,-35.3573588,149.1668477,99.99000000000001,0.18752041574389355,-20.650000000000002,-0.03
192.104,5,-35.3573775,149.1668477,99.991,0.16104832340842987,-20.650000000000002,-0.02
192.204,5,-35.357396,149.1668477,99.992,0.1628726109068447,-20.650000000000002,-0.02
192.304,5,-35.3574145,149.1668477,99.992,0.14907979092994444,-20.650000000000002,-0.02
192.404,5,-35.3574331,149.1668477,99.993,0.16906080231551596,-20.650000000000002,-0.02
192.504,5,-35.357451499999996,149.1668477,99.996,0.19513751741148583,-20.64,-0.02
192.604,5,-35.35747,149.1668477,100.0,0.17710963330363383,-20.64,-0.02
192.704,5,-35.357488499999995,149.1668477,100.003,0.18869468801282005,-20.63,-0.02
192.804,5,-35.3575069,149.1668477,100.006,0.1898967879665291,-20.62,-0.02
192.904,5,-35.3575254,149.1668477,100.007,0.1921993354491903,-20.62,-0.03
193.004,5,-35.357543799999995,149.1668477,100.006,0.21964092778061234,-20.61,-0.03
193.104,5,-35.3575623,149.1668477,100.002,0.2690451267903426,-20.61,-0.03
193.204,5,-35.3575807,149.1668477,99.996,0.3113553739342213,-20.61,-0.03
193.304,5,-35.357599199999996,149.1668477,99.99000000000001,0.2900179430083808,-20.61,-0.03
193.385,5,-35.3576141,149.1668477,99.98400000000001,0.22481146102359134,-20.6,-0.03
193.485,5,-35.357632699999996,149.1668477,99.977,0.1662950025884839,-20.61,-0.03
193.585,5,-35.3576513,149.1668477,99.97,0.16224240589399205,-20.62,-0.04
193.704,5,-35.3576738,149.1668477,99.96600000000001,0.19015440082407228,-20.63,-0.04
193.804,5,-35.3576925,149.1668477,99.965,0.18128447971209835,-20.64,-0.04
193.904,5,-35.3577112,149.1668477,99.967,0.1766318402268503,-20.650000000000002,-0.04
194.004,5,-35.35773,149.1668477,99.971,0.1622085617730461,-20.66,-0.04
194.104,5,-35.357748799999996,149.1668477,99.977,0.13597352502654944,-20.67,-0.04
194.204,5,-35.3577675,149.1668477,99.983,0.1277575678471778,-20.67,-0.04
194.304,5,-35.3577861,149.1668477,99.988,0.12376009291372206,-20.68,-0.04
194.404,5,-35.357804699999996,149.1668477,99.994,0.11873580842830332,-20.67,-0.04
194.504,5,-35.3578232,149.16684759999998,99.997,0.13860438849683407,-20.67,-0.04
194.604,5,-35.3578417,149.16684759999998,99.998,0.1231216703295242,-20.67,-0.03
194.704,5,-35.3578602,149.16684759999998,99.996,0.09109062443278332,-20.66,-0.03
194.804,5,-35.3578786,149.1668477,99.993,0.1092675454027591,-20.66,-0.02
194.904,5,-35.357897099999995,149.1668477,99.988,0.10217373360914633,-20.650000000000002,-0.02
195.004,5,-35.3579155,149.1668477,99.98400000000001,0.08970172147331709,-20.650000000000002,-0.02
195.104,5,-35.357934,149.1668477,99.98,0.08967655516107251,-20.650000000000002,-0.03
195.204,5,-35.357952399999995,149.1668477,99.977,0.1295916470620981,-20.64,-0.03
195.304,5,-35.3579709,149.1668477,99.973,0.1551048448711155,-20.64,-0.03
195.405,5,-35.3579893,149.1668477,99.97200000000001,0.11305986786716983,-20.64,-0.03
195.485,5,-35.3580044,149.1668477,99.97200000000001,0.09583133600572753,-20.64,-0.03
195.585,5,-35.358022999999996,149.1668477,99.973,0.07975084288390932,-20.64,-0.03
195.685,5,-35.3580417,149.1668477,99.976,0.095590238332154,-20.650000000000002,-0.04
195.804,5,-35.3580641,149.1668477,99.98,0.1327072004994024,-20.66,-0.04
195.904,5,-35.3580829,149.1668477,99.982,0.1039517305676785,-20.66,-0.03
196.004,5,-35.3581016,149.1668477,99.985,0.095019950886991,-20.67,-0.03
196.104,5,-35.3581204,149.1668477,99.986,0.062173037559870775,-20.68,-0.03
196.204,5,-35.358139099999995,149.1668477,99.986,0.01850329262152197,-20.69,-0.02
196.304,5,-35.3581577,149.1668477,99.983,0.025684015904280502,-20.69,-0.02
196.404,5,-35.3581763,149.1668477,99.979,0.08514917360787881,-20.69,-0.01
196.504,5,-35.3581948,149.1668477,99.97800000000001,0.15679535671133332,-20.69,-0.02
196.604,5,-35.358213299999996,149.1668477,99.97800000000001,0.2135952898904387,-20.68,-0.02
196.704,5,-35.3582318,149.1668477,99.98,0.24108057142016504,-20.68,-0.03
196.804,5,-35.3582502,149.1668477,99.983,0.24116856346658183,-20.67,-0.03
196.904,5,-35.358268699999996,149.1668477,99.985,0.21971934155393527,-20.66,-0.03
197.004,5,-35.3582871,149.1668477,99.98700000000001,0.23713005403725312,-20.66,-0.03
197.104,5,-35.3583056,149.1668477,99.988,0.276762520180943,-20.650000000000002,-0.04
197.204,5,-35.358323999999996,149.1668477,99.988,0.2934576369465698,-20.650000000000002,-0.04
197.304,5,-35.3583425,149.1668477,99.988,0.2522032943596928,-20.64,-0.04
197.404,5,-35.358360999999995,149.1668477,99.989,0.24839498364973464,-20.64,-0.04
197.485,5,-35.358375699999996,149.16684759999998,99.99000000000001,0.22326176847415213,-20.63,-0.05
197.585,5,-35.3583944,149.16684759999998,99.99000000000001,0.19014637001571222,-20.63,-0.05
197.685,5,-35.358413,149.16684759999998,99.994,0.14575707732150514,-20.63,-0.05
197.785,5,-35.358431599999996,149.16684759999998,99.998,0.08738353926075891,-20.63,-0.05
197.904,5,-35.358454,149.16684759999998,100.0,0.06968951399912436,-20.64,-0.05
198.004,5,-35.3584728,149.1668475,100.001,0.05874983879533162,-20.64,-0.06
198.104,5,-35.3584915,149.1668475,100.002,0.02242717293368149,-20.650000000000002,-0.06
198.204,5,-35.3585102,149.1668475,100.003,0.0065174299554153076,-20.650000000000002,-0.06
198.304,5,-35.358529,149.1668475,100.002,-0.02436399513578959,-20.66,-0.05
198.404,5,-35.358547699999995,149.1668474,100.001,-0.11474681787045721,-20.66,-0.04
198.504,5,-35.3585663,149.1668474,99.999,-0.16081844485417662,-20.66,-0.04
198.604,5,-35.3585849,149.1668474,99.998,-0.1554111094862818,-20.66,-0.03
198.704,5,-35.3586034,149.1668474,99.998,-0.16302785096811706,-20.650000000000002,-0.03
198.804,5,-35.358621899999996,149.1668474,100.001,-0.1262065279362031,-20.650000000000002,-0.02
198.904,5,-35.3586403,149.1668474,100.006,-0.15002783986304072,-20.64,-0.02
199.004,5,-35.3586588,149.1668475,100.013,-0.1676825848668411,-20.63,-0.01
199.104,5,-35.358677199999995,149.1668475,100.019,-0.12076529508650947,-20.62,-0.02
199.204,5,-35.3586956,149.1668475,100.024,-0.021943673580691936,-20.62,-0.02
199.304,5,-35.358714,149.1668475,100.027,0.0778865280757198,-20.61,-0.02
199.404,5,-35.358732499999995,149.1668475,100.029,0.14723612010171702,-20.61,-0.03
199.504,5,-35.3587509,149.1668475,100.029,0.183486468667487,-20.6,-0.03
199.585,5,-35.3587656,149.1668475,100.026,0.19954477701471587,-20.6,-0.03
199.685,5,-35.358784299999996,149.1668475,100.019,0.21297251537635103,-20.61,-0.04
199.785,5,-35.3588029,149.1668475,100.011,0.2202691717821213,-20.62,-0.04
199.885,5,-35.3588216,149.1668475,100.0,0.1799820213343151,-20.64,-0.04
200.004,5,-35.3588441,149.1668474,99.989,0.1581970529352801,-20.650000000000002,-0.05
200.104,5,-35.3588628,149.1668474,99.98400000000001,0.1236320802276372,-20.66,-0.05
200.204,5,-35.358881499999995,149.1668473,99.982,0.08124948910745193,-20.68,-0.06
200.304,5,-35.3589003,149.1668473,99.98700000000001,0.014799986064892873,-20.68,-0.05
200.404,5,-35.3589191,149.1668473,99.995,-0.059389108483069115,-20.69,-0.05
200.504,5,-35.3589377,149.1668472,100.004,-0.12064424599172686,-20.69,-0.04
200.604,5,-35.358956299999996,149.1668472,100.013,-0.1360386519475026,-20.68,-0.04
200.704,5,-35.3589748,149.1668472,100.021,-0.12718666008209994,-20.67,-0.04
200.804,5,-35.3589933,149.1668472,100.026,-0.08641891511273345,-20.66,-0.04
200.904,5,-35.359011699999996,149.16684709999998,100.03,-0.07421054561082406,-20.66,-0.04
201.004,5,-35.3590302,149.16684709999998,100.031,-0.1129143928419765,-20.650000000000002,-0.04
201.104,5,-35.3590486,149.16684709999998,100.028,-0.1562770627472057,-20.64,-0.04
201.204,5,-35.359066999999996,149.16684709999998,100.019,-0.20114326806412364,-20.63,-0.04
201.304,5,-35.3590855,149.166847,100.008,-0.23675055165149428,-20.63,-0.03
201.404,5,-35.3591039,149.166847,99.998,-0.2624356381078859,-20.63,-0.02
201.504,5,-35.359122299999996,149.166847,99.99000000000001,-0.24240842956392425,-20.63,-0.01
201.604,5,-35.3591408,149.166847,99.983,-0.18818916063274654,-20.63,-0.01
201.685,5,-35.3591556,149.166847,99.98,-0.12015071146334055,-20.62,-0.01
201.785,5,-35.3591742,149.16684709999998,99.976,-0.05788955512502736,-20.62,-0.01
201.885,5,-35.359192799999995,149.16684709999998,99.974,-0.005739767645060731,-20.63,-0.01
201.985,5,-35.3592114,149.16684709999998,99.97800000000001,0.035987062782553834,-20.63,-0.01
202.104,5,-35.3592339,149.16684709999998,99.98700000000001,0.05494433286520357,-20.64,-0.01
202.204,5,-35.3592526,149.16684709999998,99.995,0.11639581496712605,-20.64,-0.01
202.304,5,-35.359271299999996,149.16684709999998,99.999,0.11005202331142547,-20.650000000000002,-0.01
202.404,5,-35.359290099999996,149.16684709999998,100.0,0.11770431646149918,-20.66,-0.02
202.504,5,-35.3593087,149.16684709999998,100.0,0.09389847918199987,-20.66,-0.02
202.604,5,-35.3593273,149.16684709999998,99.998,0.09611348151538723,-20.66,-0.02
202.704,5,-35.3593458,149.16684709999998,99.995,0.10896997860661396,-20.66,-0.02
202.804,5,-35.359364299999996,149.16684709999998,99.992,0.11734107579565879,-20.66,-0.01
202.904,5,-35.3593828,149.16684709999998,99.989,0.10173664819301179,-20.650000000000002,-0.01
203.004,5,-35.3594013,149.16684709999998,99.988,0.08651841976316142,-20.650000000000002,0.0
203.104,5,-35.3594198,149.16684709999998,99.99000000000001,0.06728207908999982,-20.650000000000002,0.0
203.204,5,-35.3594382,149.16684709999998,99.992,0.04499205355340741,-20.64,0.0
203.304,5,-35.359456699999996,149.16684709999998,99.994,0.06881195475269672,-20.63,0.0
203.404,5,-35.3594752,149.16684709999998,99.997,0.09133290938533366,-20.62,0.0
203.504,5,-35.3594936,149.1668472,100.001,0.11399477669024177,-20.62,0.01
203.604,5,-35.359512099999996,149.1668472,100.003,0.18009918842704992,-20.62,0.01
203.704,5,-35.3595306,149.1668472,100.004,0.20720176591984396,-20.62,0.01
203.785,5,-35.3595454,149.1668473,100.002,0.21448861726889554,-20.62,0.01
203.885,5,-35.3595641,149.1668473,99.997,0.2488374251614781,-20.62,0.0
203.985,5,-35.3595828,149.1668473,99.991,0.2491258672517789,-20.63,0.0
204.085,5,-35.3596015,149.1668474,99.986,0.2765181541551299,-20.650000000000002,0.0
204.204,5,-35.359624,149.1668474,99.982,0.3518854229843861,-20.66,0.0
204.304,5,-35.359642799999996,149.1668474,99.98100000000001,0.37449697767512485,-20.68,0.0
204.404,5,-35.3596615,149.1668474,99.982,0.38798673468803224,-20.69,-0.01
204.504,5,-35.3596803,149.1668474,99.982,0.3792389699085384,-20.7,-0.01
204.604,5,-35.3596991,149.1668474,99.98400000000001,0.3333657385758667,-20.71,-0.02
204.704,5,-35.3597178,149.1668474,99.986,0.34103892249984713,-20.71,-0.03
204.804,5,-35.359736399999996,149.1668474,99.98700000000001,0.3229779813436294,-20.71,-0.04
204.904,5,-35.359755,149.1668474,99.99000000000001,0.26450470517872376,-20.71,-0.04
205.004,5,-35.359773499999996,149.1668474,99.994,0.22386852139215935,-20.7,-0.05
205.104,5,-35.359792,149.1668474,99.999,0.1806934682456939,-20.7,-0.05
205.204,5,-35.3598105,149.1668474,100.003,0.08802619736265496,-20.69,-0.04
205.304,5,-35.359829,149.1668474,100.005,0.022321608491397107,-20.68,-0.04
205.404,5,-35.3598474,149.1668474,100.005,-0.0375653167285028,-20.68,-0.04
205.504,5,-35.359865899999996,149.1668474,100.004,-0.04518813134240768,-20.67,-0.03
205.604,5,-35.3598844,149.1668474,100.003,-0.016015684698455764,-20.66,-0.03
205.704,5,-35.3599029,149.1668474,100.002,-0.013101603498873668,-20.650000000000002,-0.03
205.804,5,-35.359921299999996,149.1668474,100.002,0.002597973174584098,-20.650000000000002,-0.03
205.885,5,-35.359936399999995,149.1668474,100.002,-0.019246747707001948,-20.650000000000002,-0.02
205.985,5,-35.359955,149.1668474,100.002,-0.0387312346888986,-20.650000000000002,-0.02
206.085,5,-35.3599737,149.1668474,100.002,-0.059351008834105136,-20.650000000000002,-0.01
206.204,5,-35.3599962,149.1668474,100.002,-0.03982440513153782,-20.66,-0.01
206.304,5,-35.360014899999996,149.1668474,100.003,0.038101153073018236,-20.66,-0.01
206.404,5,-35.3600336,149.1668474,100.005,0.13201701788790055,-20.66,-0.02
206.504,5,-35.3600524,149.1668474,100.009,0.139680556837721,-20.66,-0.02
206.604,5,-35.3600711,149.1668474,100.013,0.18143645142113113,-20.66,-0.02
206.704,5,-35.360089699999996,149.1668474,100.02,0.2374228450370645,-20.66,-0.03
206.804,5,-35.3601082,149.1668474,100.027,0.27577267635982006,-20.650000000000002,-0.03
206.904,5,-35.360126699999995,149.1668474,100.033,0.26386031951921535,-20.650000000000002,-0.03
207.004,5,-35.3601452,149.1668474,100.037,0.23212504615994115,-20.64,-0.03
207.104,5,-35.3601636,149.1668474,100.039,0.16484706918550732,-20.63,-0.03
207.204,5,-35.360182,149.1668474,100.039,0.08681587316749416,-20.62,-0.03
207.304,5,-35.3602004,149.1668474,100.037,-0.019163738230223815,-20.62,-0.02
207.404,5,-35.3602188,149.1668474,100.035,-0.06318920829178867,-20.62,-0.01
207.504,5,-35.3602372,149.1668474,100.033,-0.056084857729729994,-20.62,-0.01
207.604,5,-35.360255699999996,149.1668474,100.032,-0.04610940313251274,-20.61,-0.01
207.704,5,-35.3602741,149.1668474,100.031,0.0035386974968578014,-20.61,-0.01
207.804,5,-35.3602925,149.1668474,100.03,0.02436692998269858,-20.61,-0.01
207.905,5,-35.360310999999996,149.1668474,100.028,0.06373294871263856,-20.61,-0.01
207.985,5,-35.3603259,149.1668474,100.027,0.10567909474692398,-20.61,-0.01
208.085,5,-35.3603445,149.1668475,100.027,0.12909971335929854,-20.61,-0.01
208.185,5,-35.3603631,149.1668475,100.028,0.17584679535912195,-20.62,-0.01
208.304,5,-35.3603855,149.1668475,100.026,0.21859281390813273,-20.63,-0.02
208.404,5,-35.3604042,149.1668475,100.026,0.21375594607827944,-20.64,-0.02
208.504,5,-35.360423,149.1668475,100.024,0.22393234097221665,-20.66,-0.03
208.604,5,-35.360441699999996,149.1668475,100.02,0.23096540810491992,-20.66,-0.03
208.704,5,-35.360460499999995,149.1668475,100.015,0.22209315245563205,-20.67,-0.03
208.804,5,-35.3604792,149.1668475,100.01,0.20165647940701342,-20.68,-0.02
208.904,5,-35.3604979,149.1668475,100.004,0.18692678959569747,-20.68,-0.02
209.004,5,-35.3605164,149.1668475,100.0,0.15342780664625258,-20.68,-0.02
209.104,5,-35.360535,149.1668475,99.998,0.1343410964747032,-20.68,-0.03
209.204,5,-35.3605535,149.1668475,99.998,0.1113224718475809,-20.67,-0.03
209.304,5,-35.3605719,149.1668475,100.0,0.07990060011754714,-20.66,-0.03
209.404,5,-35.3605904,149.1668475,100.001,0.028856525381939033,-20.66,-0.02
209.504,5,-35.3606088,149.1668475,100.002,-0.0023833995968322408,-20.650000000000002,-0.02
209.604,5,-35.3606273,149.1668475,100.002,-0.01632943817581996,-20.64,-0.02
209.704,5,-35.3606457,149.1668475,100.002,0.019063266414337192,-20.63,-0.01
209.804,5,-35.360664199999995,149.1668475,100.003,0.07924424828677801,-20.63,-0.02
209.904,5,-35.3606826,149.1668475,100.004,0.10930291697811903,-20.62,-0.02
209.985,5,-35.3606974,149.1668475,100.003,0.13526630696276223,-20.62,-0.02
210.085,5,-35.3607161,149.1668475,100.004,0.17881425908944126,-20.62,-0.02
210.185,5,-35.3607347,149.1668475,100.004,0.20515904577012092,-20.62,-0.03
210.285,5,-35.3607534,149.1668475,100.004,0.21979163216938896,-20.63,-0.03
210.404,5,-35.3607758,149.1668475,100.005,0.21792204130686987,-20.64,-0.02
210.504,5,-35.3607946,149.1668475,100.003,0.19488754849611922,-20.650000000000002,-0.02
210.604,5,-35.3608133,149.1668475,100.002,0.156314642127854,-20.66,-0.02
210.704,5,-35.360831999999995,149.1668475,100.001,0.1425833205339103,-20.67,-0.02
210.804,5,-35.3608508,149.1668475,100.002,0.16453913704368817,-20.68,-0.02
210.904,5,-35.3608694,149.1668475,100.004,0.14346944419722688,-20.68,-0.02
211.004,5,-35.360887999999996,149.1668475,100.007,0.1227173684873844,-20.68,-0.03
211.104,5,-35.3609065,149.1668475,100.009,0.10605625592526223,-20.68,-0.03
211.204,5,-35.360925,149.1668475,100.008,0.11553034195387817,-20.68,-0.03
211.304,5,-35.3609434,149.1668475,100.002,0.07669691456158721,-20.67,-0.03
211.404,5,-35.3609619,149.1668475,99.995,0.07944599233134461,-20.67,-0.03
211.504,5,-35.360980399999995,149.1668475,99.991,0.15189326857903435,-20.66,-0.04
211.604,5,-35.3609988,149.1668475,99.99000000000001,0.17963693669867078,-20.650000000000002,-0.04
211.704,5,-35.3610173,149.1668475,99.991,0.18147992717602385,-20.650000000000002,-0.04
211.804,5,-35.361035699999995,149.1668474,99.993,0.14698680485679833,-20.64,-0.05
211.904,5,-35.3610542,149.1668474,99.991,0.05951117810416326,-20.64,-0.04
212.004,5,-35.3610726,149.1668474,99.98700000000001,0.03387731473149343,-20.64,-0.04
212.085,5,-35.361087399999995,149.1668474,99.98400000000001,0.0021116077601599876,-20.64,-0.05
212.185,5,-35.3611061,149.1668474,99.983,-0.033968154913433274,-20.64,-0.05
212.285,5,-35.3611247,149.1668473,99.979,-0.058214629440837655,-20.650000000000002,-0.05
212.385,5,-35.3611433,149.1668473,99.977,-0.0681456111022238,-20.66,-0.05
212.504,5,-35.361165799999995,149.1668473,99.976,-0.0490920747059059,-20.67,-0.04
212.604,5,-35.3611846,149.1668473,99.974,-0.023459216851807727,-20.68,-0.04
212.704,5,-35.3612034,149.1668472,99.974,-0.04013987449382779,-20.69,-0.03
212.804,5,-35.3612221,149.1668472,99.973,-0.09069966947397282,-20.69,-0.03
212.904,5,-35.3612409,149.1668472,99.973,-0.11014781271247093,-20.7,-0.02
213.004,5,-35.3612597,149.1668472,99.974,-0.1478380838831773,-20.71,-0.02
213.104,5,-35.361278299999995,149.1668472,99.97800000000001,-0.1719500657159239,-20.7,-0.02
213.204,5,-35.3612969,149.1668472,99.982,-0.1199050647770581,-20.7,-0.02
213.304,5,-35.361315499999996,149.1668472,99.989,-0.08091526340537088,-20.69,-0.02
213.404,5,-35.361334,149.1668472,99.996,-0.04575050804112964,-20.68,-0.02
213.504,5,-35.361352499999995,149.1668472,100.002,0.02930718446502765,-20.67,-0.02
213.604,5,-35.3613709,149.1668472,100.007,0.07782754432295572,-20.66,-0.02
213.704,5,-35.3613894,149.1668472,100.009,0.0698318740845302,-20.66,-0.02
213.804,5,-35.361407799999995,149.1668472,100.006,0.0626409988995092,-20.650000000000002,-0.03
213.904,5,-35.3614263,149.1668472,99.999,0.08390421154908533,-20.650000000000002,-0.03
214.004,5,-35.3614447,149.1668472,99.989,0.07417732847989958,-20.650000000000002,-0.03
214.104,5,-35.361463199999996,149.16684709999998,99.98100000000001,0.0347771321236831,-20.650000000000002,-0.03
214.185,5,-35.361478,149.16684709999998,99.976,0.026445930509807366,-20.650000000000002,-0.04
214.285,5,-35.3614967,149.16684709999998,99.97200000000001,0.0019773266329463,-20.650000000000002,-0.04
214.385,5,-35.3615154,149.16684709999998,99.97,-0.028925964526816395,-20.650000000000002,-0.04
214.485,5,-35.3615341,149.166847,99.97200000000001,-0.04312550425950308,-20.66,-0.04
214.604,5,-35.3615566,149.166847,99.98,-0.05688500371882641,-20.67,-0.04
214.704,5,-35.3615753,149.166847,99.988,-0.07385411512383386,-20.67,-0.03
214.804,5,-35.3615941,149.166847,99.996,-0.12306873636345661,-20.68,-0.02
214.904,6,-35.361612799999996,149.166847,100.001,-0.15496279828072038,-20.69,-0.02
215.004,6,-35.361631599999996,149.166847,100.003,-0.2004505641523227,-20.7,-0.02
215.104,6,-35.3616502,149.166847,100.002,-0.42849317156079286,-20.7,-0.02
215.204,6,-35.3616688,149.166847,100.0,-1.9156343416529154,-20.69,-0.04
215.304,6,-35.3616873,149.166847,99.998,-5.728470692266408,-20.69,0.0
215.404,6,-35.361705799999996,149.166847,100.0,-12.078303330122742,-20.68,0.16
215.504,6,-35.3617243,149.1668474,100.006,-20.156014599207275,-20.67,0.51
215.604,6,-35.3617427,149.1668482,100.01,-28.65767741762179,-20.650000000000002,1.03
215.704,6,-35.3617612,149.1668498,99.999,-36.15515216388269,-20.64,1.6600000000000001
215.804,6,-35.3617796,149.1668521,99.97,-41.70175071336411,-20.64,2.35
215.904,6,-35.361798,149.1668552,99.928,-44.9067247738388,-20.650000000000002,3.15
216.004,6,-35.361816499999996,149.1668592,99.885,-46.13537676778113,-20.63,4.0600000000000005
216.104,6,-35.3618349,149.16686439999998,99.858,-46.01700617437023,-20.57,5.05
216.204,6,-35.3618532,149.16687059999998,99.85900000000001,-45.269841535778774,-20.45,6.0600000000000005
216.285,6,-35.3618679,149.1668765,99.887,-44.611633280937575,-20.29,6.86
216.385,6,-35.3618862,149.1668848,99.95,-43.953325988353406,-20.03,7.82
216.485,6,-35.3619042,149.1668942,100.04,-43.630056550031284,-19.73,8.67
216.604,6,-35.3619254,149.16690649999998,100.172,-43.70397627232375,-19.34,9.58
216.704,6,-35.3619427,149.1669177,100.293,-44.01203829445883,-19.01,10.26
216.804,6,-35.3619597,149.1669296,100.415,-44.333152808097815,-18.69,10.86
216.904,6,-35.361976399999996,149.1669421,100.526,-44.63224679185267,-18.38,11.4
217.004,6,-35.3619929,149.1669551,100.62,-44.798705332115055,-18.080000000000002,11.88
217.104,6,-35.3620089,149.1669686,100.694,-44.84106616534747,-17.77,12.33
217.204,6,-35.3620247,149.1669824,100.748,-44.77610082105689,-17.46,12.77
217.304,6,-35.36204,149.1669967,100.783,-44.665769360299095,-17.1,13.22
217.404,6,-35.3620551,149.1670115,100.805,-44.55162665398443,-16.71,13.68
217.504,6,-35.3620697,149.16702669999998,100.81700000000001,-44.501575027746576,-16.27,14.17
217.604,6,-35.362083999999996,149.16704249999998,100.824,-44.49889759359193,-15.780000000000001,14.67
217.704,6,-35.3620977,149.1670589,100.83,-44.49447163100976,-15.26,15.17
217.804,6,-35.362111,149.1670758,100.839,-44.52334967082057,-14.72,15.66
217.904,6,-35.3621238,149.16709319999998,100.851,-44.58309675058526,-14.13,16.15
218.004,6,-35.3621361,149.1671111,100.867,-44.642413528432236,-13.530000000000001,16.62
218.104,6,-35.362147799999995,149.16712959999998,100.884,-44.74380768666108,-12.92,17.06
218.204,6,-35.362159,149.1671485,100.901,-44.801345200229264,-12.31,17.47
218.304,6,-35.362169699999995,149.16716789999998,100.919,-44.806454181728434,-11.700000000000001,17.85
218.385,6,-35.3621779,149.1671838,100.932,-44.792882595847615,-11.200000000000001,18.150000000000002
218.485,6,-35.3621877,149.167204,100.94200000000001,-44.77286672648489,-10.6,18.48
218.585,6,-35.3621969,149.1672246,100.94800000000001,-44.7649607825206,-9.99,18.8
218.704,6,-35.3622073,149.1672499,100.95,-44.709878721959036,-9.21,19.17
218.804,6,-35.362215299999995,149.1672714,100.95100000000001,-44.700244740134735,-8.55,19.46
218.904,6,-35.3622227,149.1672932,100.953,-44.75906974436147,-7.890000000000001,19.73
219.004,6,-35.3622295,149.1673152,100.95400000000001,-44.77307163216,-7.21,19.98
219.104,6,-35.3622357,149.1673375,100.952,-44.763577669213674,-6.54,20.2
219.204,6,-35.3622413,149.16736,100.94800000000001,-44.74591821511461,-5.84,20.400000000000002
219.304,6,-35.3622462,149.1673826,100.944,-44.72224136435676,-5.16,20.56
219.404,6,-35.3622505,149.1674052,100.93900000000001,-44.66492241684201,-4.46,20.71
219.504,6,-35.362254199999995,149.1674279,100.935,-44.6310788295046,-3.75,20.82
219.604,6,-35.3622572,149.1674507,100.93,-44.64946911384486,-3.04,20.91
219.704,6,-35.3622596,149.1674736,100.926,-44.71088617486161,-2.33,20.98
219.804,6,-35.3622613,149.1674965,100.92,-44.76587944296397,-1.61,21.02
219.904,6,-35.3622624,149.1675195,100.913,-44.77941687789894,-0.89,21.04
220.004,6,-35.362262799999996,149.1675424,100.906,-44.77554757573412,-0.16,21.04
220.104,6,-35.3622626,149.1675654,100.9,-44.790362256043885,0.55,21.01
220.204,6,-35.3622619,149.1675883,100.892,-44.80156718137729,1.26,20.96
220.304,6,-35.3622604,149.16761119999998,100.881,-44.80641320059341,1.98,20.88
220.405,6,-35.3622583,149.167634,100.87,-44.79802914338722,2.7,20.78
220.485,6,-35.3622562,149.1676525,100.85900000000001,-44.788610312521776,3.2800000000000002,20.68
220.585,6,-35.3622529,149.1676752,100.84400000000001,-44.7725013113643,3.99,20.55
220.685,6,-35.3622489,149.1676979,100.83,-44.77602568897603,4.69,20.400000000000002
220.804,6,-35.3622434,149.1677249,100.812,-44.76313370691763,5.54,20.19
220.904,6,-35.362238,149.16774719999998,100.797,-44.50153063151697,6.26,19.98
221.004,6,-35.362232,149.1677693,100.78,-43.639263645032464,6.95,19.740000000000002
221.104,6,-35.3622254,149.167791,100.765,-41.87012853678327,7.61,19.490000000000002
221.204,6,-35.362218299999995,149.1678125,100.754,-38.9489522514172,8.21,19.21
221.304,6,-35.3622107,149.1678335,100.755,-34.7429764020367,8.71,18.93
221.404,6,-35.3622027,149.1678541,100.769,-29.30136127519296,9.07,18.66
221.504,6,-35.362194599999995,149.1678744,100.794,-22.77855623104017,9.26,18.43
221.604,6,-35.3621863,149.1678945,100.821,-15.463042846910287,9.3,18.25
221.704,6,-35.3621781,149.1679144,100.84,-7.817443495666612,9.200000000000001,18.14
221.804,6,-35.3621701,149.1679342,100.83500000000001,-0.34931121539965815,9.02,18.07
221.904,6,-35.3621622,149.1679539,100.794,6.397033940776175,8.81,18.03
222.004,6,-35.362154499999995,149.1679737,100.714,12.074510013812445,8.58,18.03
222.104,6,-35.3621471,149.1679934,100.596,16.47389547614654,8.34,18.05
222.204,6,-35.362139899999995,149.1680132,100.45100000000001,19.59407273807552,8.07,18.12
222.304,6,-35.3621329,149.1680332,100.297,21.65890381096749,7.7700000000000005,18.25
222.404,6,-35.3621262,149.1680533,100.148,22.86881718092189,7.43,18.41
222.485,6,-35.362121099999996,149.1680696,100.043,23.449253486778744,7.11,18.56
222.585,6,-35.362114999999996,149.1680903,99.93900000000001,23.9561423156529,6.68,18.75
222.685,7,-35.3621093,149.1681112,99.869,24.32898526697097,6.24,18.94
222.785,7,-35.362103999999995,149.1681323,99.83200000000001,24.401822404279987,5.78,19.12
222.904,7,-35.3620981,149.1681581,99.81700000000001,22.900818324730693,5.2700000000000005,19.3
223.004,7,-35.3620936,149.1681796,99.822,18.95601695638044,4.92,19.42
223.104,7,-35.362089399999995,149.1682014,99.84,12.335407018407654,4.72,19.48
223.204,7,-35.362085199999996,149.1682231,99.869,3.9503171729918605,4.73,19.46
223.304,7,-35.362080899999995,149.1682448,99.898,-5.197656991390167,4.91,19.400000000000002
223.404,7,-35.3620763,149.1682663,99.912,-14.590692793663552,5.18,19.3
223.504,7,-35.3620716,149.16828759999999,99.897,-23.941568399511386,5.5,19.2
223.604,7,-35.362066399999996,149.1683088,99.843,-32.4667373139545,5.9,19.09
223.704,7,-35.362060899999996,149.1683297,99.753,-39.15172349240195,6.42,18.97
223.804,7,-35.362054799999996,149.16835039999998,99.637,-43.45756695273178,7.09,18.830000000000002
223.904,7,-35.362048099999996,149.16837099999998,99.514,-45.55266942402525,7.94,18.64
224.004,7,-35.3620404,149.1683912,99.403,-45.902146298192704,8.93,18.38
224.104,7,-35.3620319,149.16841119999998,99.327,-45.299037179386,10.02,18.01
224.204,7,-35.3620223,149.1684306,99.296,-44.441343004550816,11.08,17.53
224.304,7,-35.3620118,149.16844949999998,99.316,-43.858188283404296,12.07,16.98
224.404,7,-35.3620005,149.1684678,99.382,-43.63619689009513,12.94,16.39
224.504,7,-35.3619884,149.16848539999998,99.483,-43.739722067345014,13.700000000000001,15.81
224.585,7,-35.3619783,149.168499,99.577,-43.96767963089419,14.22,15.36
224.685,7,-35.3619649,149.1685158,99.70100000000001,-44.31219437262963,14.8,14.84
224.785,7,-35.3619512,149.1685319,99.824,-44.564511805853655,15.290000000000001,14.370000000000001
224.885,7,-35.361937,149.16854759999998,99.931,-44.78144885917702,15.71,13.96
225.004,7,-35.3619195,149.16856579999998,100.036,-44.91318613279363,16.16,13.51
225.104,7,-35.3619045,149.1685807,100.09400000000001,-44.92063103898895,16.51,13.14
225.204,7,-35.3618893,149.1685951,100.128,-44.822091899833175,16.85,12.76
225.304,7,-35.3618738,149.168609,100.14,-44.71080762768616,17.2,12.32
225.404,7,-35.3618579,149.1686225,100.139,-44.59892912908135,17.57,11.83
225.504,7,-35.3618419,149.16863519999998,100.133,-44.54510040823248,17.95,11.27
225.604,7,-35.3618255,149.1686473,100.127,-44.53817801150867,18.34,10.65
225.704,7,-35.3618089,149.16865869999998,100.128,-44.57300173099198,18.71,9.98
225.804,7,-35.3617919,149.16866919999998,100.135,-44.624709678103564,19.06,9.28
225.904,7,-35.3617747,149.168679,100.148,-44.68674145614562,19.38,8.56
226.004,7,-35.3617573,149.168688,100.171,-44.73688528993727,19.68,7.83
226.104,7,-35.3617395,149.1686961,100.199,-44.759585423643806,19.94,7.1000000000000005
226.204,7,-35.361721599999996,149.1687035,100.23100000000001,-44.777214141891605,20.16,6.38
226.304,7,-35.3617035,149.16871,100.266,-44.799804992571424,20.36,5.66
226.404,7,-35.3616852,149.1687158,100.302,-44.811505106619656,20.52,4.96
226.504,7,-35.3616667,149.16872089999998,100.33500000000001,-44.830120787202524,20.650000000000002,4.28
226.604,7,-35.3616482,149.16872519999998,100.36200000000001,-44.82019993743308,20.76,3.61
226.685,7,-35.3616333,149.16872809999998,100.38,-44.80408069099185,20.830000000000002,3.0700000000000003
226.785,7,-35.3616144,149.1687311,100.397,-44.81085282355392,20.900000000000002,2.39
226.885,7,-35.3615956,149.16873339999998,100.408,-44.81671312586179,20.96,1.72
226.985,7,-35.3615766,149.1687349,100.412,-44.816272578660325,21.0,1.04
227.104,7,-35.3615537,149.16873569999998,100.411,-44.732742780205655,21.02,0.2
227.204,7,-35.3615347,149.1687355,100.407,-44.41304211572487,21.02,-0.51
227.304,7,-35.3615156,149.1687346,100.403,-43.62491683268085,20.990000000000002,-1.22
227.404,7,-35.361496599999995,149.16873289999998,100.4,-42.21506675024725,20.92,-1.9100000000000001
227.504,7,-35.3614777,149.1687304,100.404,-40.13674605374451,20.830000000000002,-2.57
227.604,7,-35.3614591,149.1687273,100.414,-37.25525316745621,20.69,-3.16
227.704,7,-35.3614406,149.1687236,100.434,-33.65089745564337,20.54,-3.65
227.804,7,-35.3614223,149.1687194,100.459,-29.434512397967776,20.37,-4.0200000000000005
227.904,7,-35.361404199999996,149.1687148,100.48700000000001,-24.69651262356748,20.21,-4.2700000000000005
228.004,7,-35.3613862,149.1687101,100.51,-19.614074947059905,20.05,-4.41
228.104,7,-35.361368399999996,149.1687053,100.52,-14.471038124688683,19.91,-4.45
228.204,7,-35.3613506,149.1687005,100.508,-9.488538922343087,19.79,-4.42
228.304,7,-35.361333,149.1686958,100.47,-4.917146244819621,19.7,-4.34
228.404,7,-35.361315399999995,149.16869119999998,100.404,-1.0202488351000765,19.62,-4.25
228.504,7,-35.3612979,149.1686867,100.313,2.08257142204402,19.56,-4.15
228.604,7,-35.3612804,149.1686823,100.20400000000001,4.416522406961659,19.53,-4.04
228.704,7,-35.3612629,149.1686781,100.08800000000001,6.079992354316639,19.51,-3.92
228.785,7,-35.3612488,149.1686747,99.996,7.022784709794655,19.52,-3.8200000000000003
228.885,7,-35.3612312,149.1686707,99.896,7.856594139989125,19.54,-3.69
228.985,7,-35.3612135,149.16866679999998,99.816,8.450263937362879,19.57,-3.54
229.104,7,-35.3611922,149.1686623,99.751,9.004868467778744,19.6,-3.36
229.204,7,-35.361174399999996,149.1686588,99.717,9.368446267487691,19.63,-3.2
229.304,7,-35.3611565,149.1686554,99.697,9.694475102234495,19.66,-3.0500000000000003
229.404,7,-35.3611387,149.1686522,99.684,9.994574831344638,19.69,-2.91
229.504,7,-35.3611208,149.16864909999998,99.67,10.165104164352346,19.72,-2.77
229.604,7,-35.3611029,149.1686461,99.651,10.221723871250814,19.76,-2.65
229.704,7,-35.361084999999996,149.16864339999998,99.624,10.21052748365387,19.79,-2.5300000000000002
229.804,7,-35.3610672,149.1686407,99.589,10.121007609297099,19.82,-2.41
229.904,7,-35.3610494,149.1686382,99.547,10.007578657750697,19.86,-2.3000000000000003
230.004,7,-35.3610316,149.1686358,99.501,9.899335527331626,19.89,-2.18
230.104,7,-35.361013799999995,149.1686335,99.45700000000001,9.742988228361805,19.93,-2.05
230.204,7,-35.3609959,149.16863139999998,99.419,9.645103933592704,19.97,-1.92
230.304,7,-35.3609781,149.1686294,99.386,9.589455821103671,20.01,-1.79
230.404,7,-35.3609601,149.16862749999999,99.364,9.493554842514815,20.04,-1.6500000000000001
230.504,7,-35.3609422,149.1686259,99.351,9.374820541530607,20.07,-1.52
230.604,7,-35.3609242,149.1686243,99.345,9.109676013045297,20.1,-1.3900000000000001
230.704,7,-35.360906199999995,149.1686229,99.343,8.774168583277808,20.12,-1.28
230.805,7,-35.3608881,149.1686215,99.34100000000001,8.363056935813802,20.150000000000002,-1.17
230.885,7,-35.360873399999996,149.1686205,99.339,7.981122148936797,20.17,-1.09
230.985,7,-35.360855199999996,149.16861939999998,99.333,7.504051364657978,20.2,-1.0
231.085,7,-35.3608368,149.1686183,99.325,7.027530410607344,20.23,-0.92
231.204,7,-35.3608148,149.1686172,99.31400000000001,6.421129567507511,20.27,-0.8300000000000001
231.304,7,-35.3607964,149.1686163,99.305,5.931019525216314,20.3,-0.76
231.404,7,-35.360777899999995,149.1686155,99.295,5.509393655298719,20.330000000000002,-0.7000000000000001
231.504,7,-35.3607595,149.1686147,99.285,5.160290307101497,20.36,-0.64
231.604,7,-35.360741,149.168614,99.276,4.854951396011131,20.38,-0.58
231.704,7,-35.360722599999995,149.1686133,99.27,4.563874773681398,20.39,-0.52
231.804,7,-35.3607043,149.1686128,99.269,4.2738606726544255,20.400000000000002,-0.46
231.904,7,-35.360686099999995,149.16861219999998,99.274,4.0151561587827915,20.41,-0.42
232.004,7,-35.3606678,149.16861179999998,99.28,3.8026980020076673,20.41,-0.37
232.104,7,-35.360649599999995,149.1686114,99.289,3.5719155149064568,20.41,-0.32
232.204,7,-35.3606313,149.168611,99.298,3.3274173676216257,20.41,-0.28
232.304,7,-35.3606131,149.1686106,99.305,3.039143897615949,20.42,-0.25
232.404,7,-35.360594899999995,149.16861029999998,99.309,2.741500902172895,20.42,-0.22
232.504,7,-35.3605766,149.16861,99.312,2.4826704566884383,20.43,-0.2
232.604,7,-35.360558399999995,149.16860979999998,99.316,2.266838613350151,20.43,-0.18
232.704,7,-35.3605401,149.1686095,99.321,2.0594130253328573,20.44,-0.15
232.804,7,-35.3605218,149.16860929999999,99.32600000000001,1.8946187033504323,20.45,-0.13
232.885,7,-35.3605072,149.1686092,99.333,1.821072720471616,20.46,-0.12
232.985,7,-35.3604887,149.168609,99.342,1.7246383467972637,20.46,-0.09
233.085,7,-35.360470299999996,149.1686088,99.354,1.6197072177954157,20.47,-0.07
233.185,7,-35.3604518,149.1686087,99.366,1.4989264213811413,20.490000000000002,-0.06
233.304,7,-35.360429499999995,149.1686086,99.383,1.3609644975531117,20.5,-0.04
233.404,7,-35.3604109,149.1686085,99.399,1.2007796994867992,20.52,-0.03
233.504,7,-35.3603922,149.16860839999998,99.414,1.0683114889072811,20.53,-0.02
233.604,7,-35.360373599999996,149.1686083,99.427,0.9592410518249938,20.54,-0.01
233.704,7,-35.3603549,149.1686082,99.44,0.8474130859478723,20.56,-0.01
233.804,7,-35.3603363,149.1686082,99.453,0.8014473535767146,20.57,0.0
233.904,7,-35.3603178,149.1686081,99.46600000000001,0.7780256210565359,20.57,0.0
234.004,7,-35.3602993,149.1686081,99.48,0.7518024971204472,20.57,0.0
234.104,7,-35.3602809,149.168608,99.494,0.710573607660399,20.57,0.01
234.204,7,-35.3602625,149.16860789999998,99.507,0.6723074194745498,20.56,0.02
234.304,7,-35.360244099999996,149.16860789999998,99.52,0.6299975458566413,20.56,0.02
234.404,7,-35.360225799999995,149.16860789999998,99.531,0.5898633009327935,20.55,0.03
234.504,7,-35.3602074,149.16860789999998,99.543,0.5506807468202517,20.55,0.04
234.604,7,-35.3601891,149.16860789999998,99.552,0.514405131890638,20.54,0.04
234.704,7,-35.3601707,149.16860789999998,99.56,0.48782598434406227,20.53,0.04
234.804,7,-35.3601524,149.16860789999998,99.57000000000001,0.44563339788080764,20.53,0.05
234.904,7,-35.360134099999996,149.16860789999998,99.581,0.37478971531408334,20.53,0.05
234.985,7,-35.360119399999995,149.16860789999998,99.592,0.34483391967700905,20.52,0.06
235.085,7,-35.3601007,149.16860789999998,99.605,0.3094720826727225,20.52,0.06
235.185,7,-35.3600822,149.16860789999998,99.614,0.2807635169306895,20.53,0.07
235.285,7,-35.3600636,149.16860789999998,99.623,0.2544108061633556,20.53,0.07
235.404,7,-35.3600413,149.168608,99.63,0.19741107661081414,20.54,0.07
235.50400000000002,7,-35.3600227,149.168608,99.636,0.1430816842194832,20.55,0.08
235.604,7,-35.360003999999996,149.1686081,99.64,0.11337861892191257,20.56,0.08
235.704,7,-35.3599854,149.1686081,99.643,0.07851604606759151,20.580000000000002,0.09
235.804,7,-35.3599667,149.1686082,99.646,0.033613942236891334,20.59,0.09
235.904,7,-35.3599482,149.1686082,99.648,-0.0043549059364376514,20.59,0.09
236.00400000000002,7,-35.359929699999995,149.1686083,99.654,-0.022581115659217922,20.59,0.09
236.104,7,-35.3599113,149.16860839999998,99.664,-0.04564430993871718,20.59,0.08
236.204,7,-35.3598929,149.16860839999998,99.677,-0.100746424175812,20.59,0.08
236.304,7,-35.3598745,149.1686085,99.69200000000001,-0.11606619163860682,20.580000000000002,0.07
236.404,7,-35.3598561,149.1686085,99.70700000000001,-0.1554773303047192,20.57,0.07
236.50400000000002,7,-35.3598377,149.1686086,99.721,-0.20167024650705923,20.57,0.07
236.604,7,-35.3598194,149.1686086,99.732,-0.21616872374279966,20.56,0.07
236.704,7,-35.359801,149.1686087,99.741,-0.22378679924595718,20.56,0.07
236.804,7,-35.3597827,149.1686087,99.747,-0.22282665073946795,20.55,0.07
236.904,7,-35.3597643,149.1686088,99.748,-0.1636672607280934,20.54,0.07
237.00400000000002,7,-35.3597459,149.16860889999998,99.747,-0.09963176931977766,20.54,0.08
237.085,7,-35.3597312,149.16860889999998,99.744,-0.08621136140530836,20.54,0.07
237.185,7,-35.3597126,149.168609,99.74000000000001,-0.10591341559218037,20.55,0.07
237.285,7,-35.3596941,149.168609,99.73700000000001,-0.18860385450098682,20.56,0.07
237.385,7,-35.3596755,149.1686091,99.739,-0.24487548855604757,20.57,0.06
237.50400000000002,7,-35.3596532,149.1686091,99.745,-0.2627469720040768,20.580000000000002,0.05
237.604,7,-35.3596345,149.1686092,99.753,-0.28654471177415,20.59,0.05
237.704,7,-35.3596158,149.1686092,99.766,-0.28910565918693454,20.6,0.04
237.804,7,-35.359597099999995,149.16860929999999,99.781,-0.2941444711645528,20.61,0.03
237.904,7,-35.3595785,149.16860929999999,99.795,-0.2973532193314307,20.61,0.03
238.00400000000002,7,-35.35956,149.16860929999999,99.809,-0.2987633865907739,20.61,0.02
238.104,7,-35.3595415,149.16860929999999,99.81700000000001,-0.27562081137249306,20.61,0.02
238.204,7,-35.359522999999996,149.16860939999998,99.818,-0.22299776565447527,20.61,0.02
238.304,7,-35.3595046,149.16860939999998,99.81400000000001,-0.11844597895582736,20.6,0.02
238.404,7,-35.3594861,149.16860939999998,99.81,-0.04429771213043338,20.6,0.02
238.50400000000002,7,-35.359467699999996,149.16860939999998,99.807,0.001719896890673669,20.6,0.03
238.604,7,-35.3594493,149.1686095,99.806,0.02718919382972227,20.59,0.03
238.704,7,-35.3594309,149.1686095,99.81,0.029798771322283448,20.59,0.03
238.804,7,-35.3594124,149.1686096,99.816,0.026878518606559206,20.580000000000002,0.04
238.904,7,-35.359394,149.1686096,99.824,-0.018749718042751294,20.580000000000002,0.04
239.00400000000002,7,-35.3593756,149.1686097,99.83,-0.07684096885407232,20.580000000000002,0.04
239.104,7,-35.3593571,149.1686097,99.834,-0.09938467522036054,20.580000000000002,0.03
239.185,7,-35.359342399999996,149.1686097,99.834,-0.1333288277551529,20.580000000000002,0.03
239.285,7,-35.3593237,149.16860979999998,99.83200000000001,-0.19493704068717538,20.580000000000002,0.03
239.385,7,-35.3593051,149.16860979999998,99.82900000000001,-0.20380962984179382,20.59,0.03
239.485,7,-35.359286399999995,149.1686099,99.82600000000001,-0.21714251928741574,20.6,0.03
239.604,7,-35.359263899999995,149.1686099,99.824,-0.20568042132350295,20.62,0.03
239.704,7,-35.3592452,149.16861,99.825,-0.20348335490679348,20.63,0.03
239.804,7,-35.3592265,149.16861,99.82900000000001,-0.21562820498344307,20.64,0.03
239.904,7,-35.3592077,149.16861,99.83800000000001,-0.2130610810519364,20.650000000000002,0.02
240.00400000000002,7,-35.359189,149.1686101,99.849,-0.17327412189891467,20.650000000000002,0.02
240.104,7,-35.3591704,149.1686101,99.86,-0.1547860537957331,20.66,0.01
240.204,7,-35.3591518,149.1686101,99.872,-0.20433032504430151,20.650000000000002,0.01
240.304,7,-35.359133299999996,149.1686101,99.883,-0.27750386251015385,20.650000000000002,0.0
240.404,7,-35.3591148,149.1686101,99.889,-0.2963517428443776,20.650000000000002,0.0
240.50400000000002,7,-35.3590964,149.1686101,99.888,-0.27124839640620063,20.64,-0.01
240.604,7,-35.359078,149.1686101,99.884,-0.19852075556731644,20.64,-0.01
240.704,7,-35.3590595,149.1686101,99.881,-0.10719432952560899,20.63,-0.01
240.804,7,-35.3590411,149.1686101,99.879,-0.041322314308299884,20.62,-0.01
240.904,7,-35.3590227,149.1686101,99.879,-0.0038162744003704028,20.62,-0.01
241.00400000000002,7,-35.3590042,149.1686101,99.878,0.06147254296354779,20.62,-0.01
241.104,7,-35.3589858,149.1686101,99.88,0.09584104768095364,20.61,-0.01
241.204,7,-35.3589674,149.1686101,99.883,0.07950089397886256,20.6,0.0
241.285,7,-35.3589524,149.1686101,99.887,0.04782322699533719,20.61,0.0
241.385,7,-35.358933799999996,149.1686101,99.891,0.04254043919314265,20.61,0.0
241.485,7,-35.3589151,149.1686101,99.894,0.05764556262518452,20.62,0.0
241.604,7,-35.3588927,149.1686101,99.897,0.04580350537321005,20.63,0.0
241.704,7,-35.358874,149.1686101,99.896,0.026108331401307628,20.63,0.0
241.804,7,-35.3588553,149.1686101,99.893,0.005452783806817824,20.64,0.01
241.904,7,-35.3588366,149.1686101,99.893,0.007630757043352334,20.650000000000002,0.01
242.00400000000002,7,-35.3588179,149.1686101,99.896,-0.00862847575909329,20.66,0.02
242.104,7,-35.3587993,149.1686102,99.898,-0.07135625357937936,20.66,0.01
242.204,7,-35.3587807,149.1686102,99.9,-0.10985092626720017,20.650000000000002,0.02
242.304,7,-35.358762299999995,149.1686102,99.902,-0.12592658356172515,20.650000000000002,0.01
242.404,7,-35.3587438,149.1686102,99.905,-0.13621090078063383,20.650000000000002,0.01
242.50400000000002,7,-35.3587254,149.1686102,99.909,-0.16252307063998403,20.64,0.01
242.604,7,-35.3587069,149.16861029999998,99.914,-0.19757118584991276,20.63,0.0
242.704,7,-35.3586885,149.16861029999998,99.921,-0.2591287593325419,20.62,0.0
242.804,7,-35.3586701,149.16861029999998,99.929,-0.3067308822988731,20.61,0.0
242.904,7,-35.358651699999996,149.1686102,99.935,-0.32810246417056366,20.6,0.0
243.00400000000002,7,-35.3586333,149.1686102,99.93900000000001,-0.3117875434817833,20.6,-0.01
243.104,7,-35.3586149,149.1686102,99.941,-0.23766622388709913,20.59,-0.01
243.204,7,-35.3585965,149.1686102,99.941,-0.16729960068543112,20.59,-0.01
243.305,7,-35.358578099999995,149.1686102,99.938,-0.11211811551471466,20.59,-0.01
243.385,7,-35.3585632,149.1686102,99.936,-0.05417745736788451,20.59,-0.01
243.485,7,-35.3585446,149.1686102,99.934,-0.00011446490487654515,20.6,-0.01
243.585,7,-35.358526,149.1686102,99.933,0.054144103499774505,20.61,0.0
243.704,7,-35.3585036,149.1686102,99.932,0.08703118420890822,20.62,0.0
243.804,7,-35.3584849,149.1686102,99.93,0.05411030606957484,20.63,0.0
243.904,7,-35.358466199999995,149.1686102,99.931,0.003256131978922412,20.63,0.0
244.00400000000002,7,-35.3584475,149.1686102,99.935,-0.056158895913115875,20.64,0.0
244.104,7,-35.3584287,149.1686102,99.943,-0.1157895689772213,20.650000000000002,0.0
244.204,7,-35.35841,149.1686102,99.953,-0.1308283782093332,20.650000000000002,0.0
244.304,7,-35.358391399999995,149.1686102,99.96600000000001,-0.12194371616174823,20.650000000000002,0.01
244.404,7,-35.3583729,149.1686102,99.97800000000001,-0.10460043178616442,20.64,0.01
244.50400000000002,7,-35.358354399999996,149.1686102,99.986,-0.07758631991735658,20.64,0.01
244.604,7,-35.3583359,149.1686102,99.993,-0.0753075513647648,20.63,0.01
244.704,7,-35.3583175,149.1686102,99.998,-0.0938639146895399,20.62,0.01
244.804,7,-35.358299099999996,149.1686102,100.0,-0.1201198021893036,20.62,0.0
244.904,7,-35.3582807,149.1686102,99.997,-0.1592455003130903,20.61,0.0
245.00400000000002,7,-35.3582622,149.1686102,99.992,-0.20831096462867024,20.61,0.0
245.104,7,-35.3582438,149.1686102,99.986,-0.21779709686982623,20.61,0.0
245.204,7,-35.358225399999995,149.1686102,99.98,-0.23106103075330012,20.61,0.0
245.304,7,-35.358207,149.1686102,99.974,-0.2548707233544208,20.61,-0.01
245.385,7,-35.3581923,149.1686102,99.96900000000001,-0.23807024558476125,20.61,0.0
245.485,7,-35.3581735,149.1686102,99.964,-0.2055454583863291,20.61,-0.01
245.585,7,-35.358154899999995,149.1686102,99.961,-0.14150972685417534,20.62,0.0
245.685,7,-35.3581363,149.1686102,99.96000000000001,-0.15136051382377336,20.63,-0.01
245.804,7,-35.3581139,149.1686102,99.962,-0.10422575188748559,20.64,-0.01
245.904,7,-35.3580951,149.1686102,99.96600000000001,-0.07944818679641974,20.650000000000002,-0.01
246.00400000000002,7,-35.3580764,149.1686102,99.968,-0.07244140655387175,20.650000000000002,-0.02
246.104,7,-35.358057699999996,149.1686101,99.97200000000001,-0.030553230416145487,20.66,-0.02
246.204,7,-35.358039,149.1686101,99.973,-0.0076272852528611315,20.67,-0.02
246.304,7,-35.3580203,149.1686101,99.974,-0.017095044685356203,20.67,-0.02
246.404,7,-35.3580018,149.1686101,99.97200000000001,0.008560509874013708,20.66,-0.02
246.50400000000002,7,-35.3579833,149.1686101,99.971,0.04902638082589081,20.66,-0.02
246.604,7,-35.3579648,149.16861,99.968,0.0796874301803553,20.650000000000002,-0.01
246.704,7,-35.357946399999996,149.16861,99.965,0.09215980917204816,20.64,-0.01
246.804,7,-35.357928,149.16861,99.962,0.11145043784291947,20.63,-0.01
246.904,7,-35.3579095,149.16861,99.959,0.16185628676247477,20.63,0.0
247.00400000000002,7,-35.357891099999996,149.16861,99.958,0.17236497302757572,20.62,0.0
247.104,7,-35.3578727,149.16861,99.95700000000001,0.15807661749030574,20.62,0.0
247.204,7,-35.3578543,149.16861,99.95700000000001,0.11029294089212048,20.61,0.0
247.304,7,-35.3578359,149.16861,99.959,0.06686020818704574,20.61,0.0
247.404,7,-35.3578174,149.16861,99.961,0.012181963383598412,20.6,0.01
247.485,7,-35.3578027,149.16861,99.964,-0.014698196902950511,20.6,0.01
247.585,7,-35.357784099999996,149.16861,99.96900000000001,-0.006756960570816822,20.59,0.02
247.685,7,-35.3577655,149.16861,99.97,-0.013469369832049848,20.6,0.02
247.785,7,-35.357746899999995,149.16861,99.96600000000001,-0.03572064204923037,20.61,0.02
247.904,7,-35.357724499999996,149.16861,99.96000000000001,-0.07831060678396222,20.62,0.02
248.00400000000002,7,-35.3577058,149.1686101,99.955,-0.10526084571185987,20.63,0.02
248.104,7,-35.3576871,149.1686101,99.95100000000001,-0.12323360805867573,20.650000000000002,0.02
248.204,7,-35.3576683,149.1686101,99.94800000000001,-0.15771241632911331,20.66,0.01
248.304,7,-35.357649599999995,149.1686101,99.94800000000001,-0.19329436685157408,20.66,0.01
248.404,7,-35.357630799999995,149.1686101,99.953,-0.28049967419357136,20.67,0.0
248.50400000000002,7,-35.3576122,149.1686101,99.961,-0.32633581973348397,20.67,0.0
248.604,7,-35.357593699999995,149.1686101,99.97,-0.3088383958642187,20.67,0.0
248.704,7,-35.3575752,149.16861,99.979,-0.3102388514483358,20.66,0.0
248.804,7,-35.357556699999996,149.16861,99.988,-0.24891066293207062,20.66,0.0
248.904,7,-35.3575382,149.16861,99.995,-0.17103716824466939,20.650000000000002,0.0
249.00400000000002,7,-35.3575198,149.16861,100.002,-0.07123657185645207,20.64,0.0
249.104,7,-35.357501299999996,149.16861,100.005,-0.033843460605387565,20.63,0.0
249.204,7,-35.3574829,149.16861,100.008,-0.02259320689497763,20.63,0.0
249.304,7,-35.3574645,149.16861,100.008,-0.024164497249624352,20.63,0.0
249.404,7,-35.3574461,149.16861,100.006,-0.015783601673967477,20.62,0.0
249.50400000000002,7,-35.3574276,149.16861,100.003,0.010544478890940746,20.62,0.0
249.585,7,-35.3574129,149.16861,99.999,0.006756340250901967,20.62,0.0
249.685,7,-35.3573941,149.16861,99.993,0.01590878790237577,20.63,0.0
249.785,7,-35.357375499999996,149.16861,99.983,0.030256247254328853,20.64,0.0
249.88500000000002,7,-35.3573568,149.16861,99.977,-0.0025334417690868623,20.650000000000002,-0.01
250.00400000000002,7,-35.3573344,149.1686099,99.974,-0.020211086707969776,20.66,-0.01
250.104,7,-35.3573156,149.1686099,99.974,0.0018228969896272376,20.67,-0.01
250.204,7,-35.3572969,149.1686099,99.97800000000001,0.01219282815350496,20.67,-0.01
250.304,7,-35.357278099999995,149.1686099,99.98400000000001,0.05033629971791884,20.68,-0.01
250.404,7,-35.3572594,149.1686099,99.992,0.06404048064806102,20.69,0.0
250.50400000000002,7,-35.3572407,149.16860979999998,100.0,0.06733918854280611,20.69,0.0
250.604,7,-35.357222199999995,149.16860979999998,100.007,0.09049999316245573,20.68,0.0
250.704,7,-35.3572037,149.16860979999998,100.013,0.06979330085799682,20.68,0.0
250.804,7,-35.357185199999996,149.16860979999998,100.015,0.08602804019520227,20.67,-0.01
250.904,7,-35.3571667,149.16860979999998,100.015,0.06361556150638557,20.67,-0.01
251.00400000000002,7,-35.3571483,149.1686097,100.011,0.045073395503532704,20.67,-0.01
251.104,7,-35.357129799999996,149.1686097,100.005,0.06423754227778647,20.66,-0.01
251.204,7,-35.3571114,149.1686097,99.998,0.07908141764418196,20.66,0.0
251.304,7,-35.3570929,149.1686097,99.991,0.0907528835845181,20.66,0.0
251.404,7,-35.357074499999996,149.1686097,99.985,0.0921118977962589,20.66,0.0
251.50400000000002,7,-35.357056,149.1686097,99.98,0.08594137550000112,20.650000000000002,0.0
251.604,7,-35.3570375,149.1686096,99.97800000000001,0.08533238142617251,20.650000000000002,0.0
251.685,7,-35.357022799999996,149.1686096,99.979,0.07231358063077202,20.64,0.0
251.785,7,-35.3570041,149.1686096,99.98100000000001,0.03798194826271366,20.63,-0.01
251.88500000000002,7,-35.3569855,149.1686096,99.98700000000001,0.086971653507402,20.63,0.0
252.00400000000002,7,-35.356963199999996,149.1686096,99.994,0.15849650070148963,20.63,0.0
252.104,7,-35.3569445,149.1686096,99.998,0.20509737396439245,20.64,0.0
252.204,7,-35.3569258,149.1686096,99.998,0.17983509222588048,20.64,0.0
252.304,7,-35.356907,149.1686095,99.994,0.16155562503686197,20.650000000000002,0.0
252.404,7,-35.3568883,149.1686095,99.988,0.1350904962927005,20.66,0.0
252.50400000000002,7,-35.3568697,149.1686095,99.98100000000001,0.1416924877753261,20.66,0.0
252.604,7,-35.3568511,149.1686095,99.97500000000001,0.16008169155831437,20.66,0.0
252.704,7,-35.3568326,149.1686095,99.97200000000001,0.12449971435542717,20.66,0.0
252.804,7,-35.356814,149.1686095,99.97200000000001,0.13308803690648352,20.66,0.0
252.904,7,-35.3567956,149.1686095,99.973,0.11538227892731961,20.650000000000002,0.0
253.00400000000002,7,-35.356777099999995,149.1686095,99.976,0.11240618407904523,20.650000000000002,0.0
253.104,7,-35.3567586,149.1686095,99.982,0.09081033321276157,20.64,0.0
253.204,7,-35.3567402,149.16860939999998,99.992,0.04448837379286524,20.63,0.0
253.304,7,-35.3567217,149.16860939999998,100.002,-0.0034523990321977823,20.63,0.0
253.404,7,-35.3567033,149.16860939999998,100.008,0.010487787153560984,20.62,0.0
253.50400000000002,7,-35.3566848,149.16860939999998,100.012,0.02855429618127258,20.62,0.0
253.604,7,-35.3566663,149.16860939999998,100.012,0.004995777283525192,20.61,0.0
253.704,7,-35.3566479,149.16860939999998,100.008,-0.015417582908723467,20.61,0.0
253.785,7,-35.3566329,149.16860939999998,100.003,-0.000995345408432308,20.61,0.0
253.88500000000002,7,-35.3566143,149.16860939999998,99.995,0.016459430216041727,20.61,0.0
253.985,7,-35.3565957,149.16860929999999,99.988,0.046408770857442924,20.62,0.0
254.104,7,-35.3565733,149.16860929999999,99.98400000000001,0.0646070461737349,20.63,0.0
254.204,7,-35.3565545,149.16860929999999,99.983,0.10010550697174152,20.64,0.0
254.304,7,-35.356535799999996,149.16860929999999,99.98400000000001,0.1206843199922478,20.650000000000002,0.0
254.404,7,-35.356517,149.16860929999999,99.986,0.09612050513764897,20.66,0.0
254.50400000000002,7,-35.3564982,149.16860929999999,99.992,0.11406582666586577,20.67,0.0
254.604,7,-35.3564795,149.1686092,99.998,0.1763174647620446,20.68,0.0
254.704,7,-35.3564609,149.1686092,100.003,0.19033166557737527,20.68,0.0
254.804,7,-35.3564423,149.1686092,100.008,0.16941278384139638,20.68,0.0
254.904,7,-35.3564238,149.1686092,100.012,0.13204783378044496,20.67,0.0
255.00400000000002,7,-35.3564053,149.1686092,100.017,0.1304787045403403,20.67,0.0
255.104,7,-35.356386799999996,149.1686092,100.021,0.1456955922787618,20.66,0.0
255.204,7,-35.3563683,149.1686092,100.024,0.12413435259568438,20.650000000000002,0.0
255.304,7,-35.3563499,149.1686092,100.025,0.11685785325209361,20.650000000000002,0.0
255.404,7,-35.356331499999996,149.1686092,100.025,0.15175242260782928,20.64,0.0
255.50400000000002,7,-35.356313,149.1686092,100.023,0.20093838906944972,20.64,0.0
255.604,7,-35.3562946,149.1686092,100.022,0.21348063075778975,20.64,0.01
255.704,7,-35.356276099999995,149.1686092,100.024,0.19384967990739463,20.63,0.01
255.805,7,-35.3562576,149.1686092,100.026,0.1712568015151676,20.63,0.02
255.88500000000002,7,-35.3562426,149.1686092,100.029,0.14285184568586964,20.63,0.02
255.985,7,-35.356224,149.1686092,100.031,0.13864144760916666,20.63,0.01
256.085,7,-35.3562053,149.1686092,100.032,0.11155794662128106,20.64,0.01
256.204,7,-35.3561829,149.16860929999999,100.03,0.08550384985683024,20.650000000000002,0.02
256.30400000000003,7,-35.3561641,149.16860929999999,100.026,0.07427124358098726,20.66,0.02
256.404,7,-35.356145399999996,149.16860929999999,100.019,0.06452985970002846,20.67,0.02
256.504,7,-35.3561267,149.16860929999999,100.008,0.05721523402704727,20.69,0.03
256.604,7,-35.3561079,149.16860939999998,99.994,0.08395369707003486,20.69,0.03
256.704,7,-35.3560893,149.16860939999998,99.982,0.09567309439648009,20.7,0.03
256.80400000000003,7,-35.3560707,149.16860939999998,99.97500000000001,0.06969272232040441,20.7,0.04
256.904,7,-35.3560522,149.16860939999998,99.97500000000001,0.03979465979110455,20.69,0.04
257.004,7,-35.3560337,149.1686095,99.982,0.01949793058177181,20.68,0.04
257.104,7,-35.3560152,149.1686095,99.993,0.016573252250310946,20.66,0.05
257.204,7,-35.3559968,149.1686096,100.007,-0.04824874311155436,20.650000000000002,0.04
257.30400000000003,7,-35.3559784,149.1686096,100.02,-0.09299878852183581,20.64,0.04
257.404,7,-35.355959899999995,149.1686097,100.028,-0.16932049624632187,20.62,0.04
257.504,7,-35.3559415,149.1686097,100.03,-0.21762790294552298,20.62,0.04
257.604,7,-35.3559231,149.1686097,100.028,-0.2533368923185033,20.61,0.03
257.704,7,-35.355904699999996,149.16860979999998,100.023,-0.3419334905181337,20.6,0.03
257.80400000000003,7,-35.3558863,149.16860979999998,100.017,-0.38988064475925627,20.6,0.02
257.885,7,-35.3558715,149.16860979999998,100.012,-0.4155345417971333,20.6,0.01
257.985,7,-35.355852899999995,149.16860979999998,100.003,-0.3913600210447987,20.6,0.01
258.085,7,-35.3558344,149.16860979999998,99.996,-0.33387864309385235,20.61,0.0
258.185,7,-35.3558157,149.16860979999998,99.991,-0.2823240283930523,20.62,0.0
258.30400000000003,7,-35.355793299999995,149.16860979999998,99.986,-0.183532118877135,20.63,0.0
258.404,7,-35.3557746,149.16860979999998,99.985,-0.14970660752863857,20.64,0.0
258.504,7,-35.3557559,149.16860979999998,99.98700000000001,-0.09449287906256287,20.650000000000002,0.0
258.604,7,-35.3557371,149.16860979999998,99.992,-0.023855101019404013,20.66,0.0
258.704,7,-35.3557184,149.16860979999998,100.001,0.02228556323526942,20.66,0.0
258.80400000000003,7,-35.3556996,149.16860979999998,100.01,0.027267822713983404,20.67,0.0
258.904,7,-35.355681,149.16860979999998,100.017,0.044665428437809976,20.67,-0.01
259.004,7,-35.3556625,149.16860979999998,100.022,0.031420110821888364,20.67,0.0
259.104,7,-35.3556439,149.16860979999998,100.025,0.0034034387821438895,20.67,-0.01
259.204,7,-35.355625499999995,149.16860979999998,100.023,0.007280307974465847,20.67,0.0
259.30400000000003,7,-35.355607,149.16860979999998,100.017,0.030321194082403476,20.66,0.0
259.404,7,-35.355588499999996,149.16860979999998,100.01,0.02842390226712748,20.66,0.0
259.504,7,-35.3555701,149.16860979999998,100.005,0.03100343593198453,20.650000000000002,0.0
259.604,7,-35.3555516,149.16860979999998,100.002,0.05035439571715541,20.650000000000002,0.0
259.704,7,-35.355533199999996,149.16860979999998,99.999,0.026877746541718945,20.650000000000002,0.0
259.80400000000003,7,-35.3555147,149.16860979999998,99.998,-0.012816401412859314,20.64,0.0
259.904,7,-35.3554963,149.16860979999998,99.998,-0.0063971379177330855,20.64,0.0
259.985,7,-35.355481499999996,149.16860979999998,100.0,0.02638392353122169,20.63,0.0
260.085,7,-35.3554628,149.16860979999998,100.005,0.013589462600297055,20.64,0.0
260.185,7,-35.3554442,149.16860979999998,100.009,0.02142190949359978,20.64,0.0
260.285,7,-35.355425499999996,149.16860979999998,100.012,0.036685069429110796,20.64,0.0
260.404,7,-35.355402999999995,149.16860979999998,100.016,0.05269937174797136,20.650000000000002,0.0
260.504,7,-35.3553843,149.16860979999998,100.016,0.02845973741489691,20.650000000000002,0.0
260.604,7,-35.3553656,149.16860979999998,100.014,-0.01201849657958431,20.66,0.0
260.704,7,-35.3553468,149.16860979999998,100.012,-0.025624243411409627,20.66,0.0
260.80400000000003,7,-35.3553281,149.16860979999998,100.009,-0.03331080590172574,20.67,0.0
260.904,7,-35.3553095,149.16860979999998,100.006,-0.044018818297746704,20.67,0.0
261.004,7,-35.355291,149.16860979999998,100.007,-0.06289772463287309,20.67,0.0
261.104,7,-35.3552725,149.16860979999998,100.011,-0.08144149479636599,20.66,0.0
261.204,7,-35.355253999999995,149.16860979999998,100.018,-0.09327162923277268,20.650000000000002,0.0
261.30400000000003,7,-35.3552355,149.16860979999998,100.025,-0.1129017463198414,20.64,0.0
261.404,7,-35.3552171,149.16860979999998,100.033,-0.1293794309501517,20.63,-0.01
261.504,7,-35.355198699999995,149.16860979999998,100.039,-0.12500059934129917,20.62,-0.01
261.604,7,-35.3551803,149.1686097,100.041,-0.07882778017017912,20.61,-0.02
261.704,7,-35.3551619,149.1686097,100.04,-0.019140052681646945,20.6,-0.02
261.80400000000003,7,-35.3551435,149.1686097,100.036,0.0054970362122491,20.6,-0.02
261.904,7,-35.355125099999995,149.1686096,100.031,0.043073087226697865,20.6,-0.01
262.004,7,-35.3551066,149.1686096,100.023,0.10183982140207601,20.6,-0.01
262.085,7,-35.3550919,149.1686096,100.017,0.12509068580119195,20.6,-0.02
262.185,7,-35.3550733,149.1686096,100.009,0.15148696570491113,20.6,-0.02
262.285,7,-35.3550547,149.1686095,100.003,0.18731981895766409,20.61,-0.02
262.385,7,-35.3550361,149.1686095,99.998,0.1856037872895513,20.62,-0.01
262.504,7,-35.3550137,149.1686095,99.995,0.21001248214479676,20.63,-0.01
262.604,7,-35.354994999999995,149.16860939999998,99.994,0.2340573760452465,20.650000000000002,-0.01
262.704,7,-35.354976199999996,149.16860939999998,99.993,0.26554276053043346,20.66,-0.01
262.80400000000003,7,-35.3549575,149.16860939999998,99.995,0.29172583714642775,20.67,-0.01
262.904,7,-35.3549388,149.16860939999998,99.998,0.28044999523953007,20.67,0.0
263.004,7,-35.354920199999995,149.16860939999998,100.004,0.2650479987024307,20.67,0.0
263.104,7,-35.3549017,149.16860929999999,100.009,0.2512438395442911,20.67,0.0
263.204,7,-35.354883199999996,149.16860929999999,100.013,0.23054721910081533,20.66,0.01
263.30400000000003,7,-35.3548647,149.16860929999999,100.017,0.20750872422609787,20.650000000000002,0.01
263.404,7,-35.3548462,149.16860929999999,100.018,0.17229569730031033,20.650000000000002,0.02
263.504,7,-35.3548277,149.16860929999999,100.019,0.1549512189756431,20.64,0.02
263.604,7,-35.3548093,149.16860929999999,100.02,0.1565671990445858,20.63,0.02
263.704,7,-35.354790799999996,149.16860929999999,100.02,0.15038991993033074,20.63,0.02
263.80400000000003,7,-35.3547724,149.16860929999999,100.019,0.11263671630374639,20.62,0.02
263.904,7,-35.3547539,149.16860929999999,100.016,0.06551013191816413,20.62,0.02
264.004,7,-35.354735399999996,149.16860939999998,100.014,0.04254533838644868,20.61,0.02
264.104,7,-35.354717,149.16860939999998,100.011,0.00846366993117696,20.61,0.01
264.185,7,-35.3547022,149.16860939999998,100.008,0.01428599932210954,20.61,0.01
264.285,7,-35.3546834,149.16860939999998,100.004,0.014143889365701622,20.62,0.01
264.385,7,-35.3546648,149.16860939999998,99.997,-0.01047140537172353,20.62,0.01
264.504,7,-35.354642399999996,149.16860939999998,99.991,-0.026573042731499685,20.63,0.01
264.604,7,-35.3546236,149.16860939999998,99.988,-0.038127810154090454,20.64,0.01
264.704,7,-35.3546049,149.16860939999998,99.98700000000001,-0.022237972024597506,20.650000000000002,0.02
264.80400000000003,7,-35.3545861,149.16860939999998,99.988,0.026099013262371584,20.66,0.01
264.904,7,-35.3545674,149.16860939999998,99.988,0.02706610368231659,20.67,0.01
265.004,7,-35.3545486,149.16860939999998,99.989,-0.03143749978982413,20.68,0.0
265.104,7,-35.35453,149.16860939999998,99.991,-0.09167023668698898,20.68,0.0
265.204,7,-35.3545114,149.16860939999998,99.994,-0.1428718293252772,20.67,-0.01
265.30400000000003,7,-35.3544929,149.16860929999999,99.999,-0.1648492303000494,20.67,-0.02
265.404,7,-35.3544744,149.16860929999999,100.006,-0.13187409084343274,20.66,-0.03
265.504,7,-35.354456,149.16860929999999,100.014,-0.07287358277154034,20.650000000000002,-0.03
265.604,7,-35.354437499999996,149.16860929999999,100.022,0.027589965517938016,20.64,-0.03
265.704,7,-35.3544191,149.1686092,100.03,0.15355922108670922,20.64,-0.02
265.80400000000003,7,-35.3544006,149.1686092,100.033,0.2126300721029248,20.63,-0.02
265.904,7,-35.354382199999996,149.1686092,100.032,0.3009740200043308,20.63,-0.02
266.004,7,-35.3543638,149.1686091,100.026,0.36336566363828166,20.63,-0.01
266.104,7,-35.3543453,149.1686091,100.018,0.4316700899789215,20.63,-0.01
266.205,7,-35.3543269,149.1686091,100.01,0.4763961430157219,20.63,0.0
266.285,7,-35.3543119,149.1686091,100.006,0.470926495511864,20.63,0.0
266.385,7,-35.3542932,149.1686091,100.004,0.44894716020617453,20.64,0.0
266.485,7,-35.3542746,149.1686091,100.002,0.45059056775350304,20.650000000000002,0.0
266.604,7,-35.3542521,149.1686091,100.004,0.3747465730645212,20.66,0.01
266.704,7,-35.3542334,149.1686091,100.006,0.30461048208755437,20.66,0.01
266.80400000000003,7,-35.3542147,149.1686091,100.011,0.2719396328945471,20.67,0.02
266.904,7,-35.3541959,149.1686091,100.017,0.2088923978219808,20.68,0.02
267.004,7,-35.354177199999995,149.1686091,100.021,0.23560009166317025,20.68,0.03
267.104,7,-35.3541586,149.1686091,100.023,0.22948619190193614,20.68,0.04
267.204,7,-35.35414,149.1686092,100.023,0.15445073419616778,20.68,0.03
267.30400000000003,7,-35.3541215,149.1686092,100.022,0.050298450197952795,20.68,0.03
267.404,7,-35.354102999999995,149.1686092,100.018,-0.03984779719542379,20.67,0.02
267.504,7,-35.3540846,149.1686092,100.013,-0.08275295781807454,20.66,0.02
267.604,7,-35.3540661,149.1686092,100.008,-0.13511405510925176,20.650000000000002,0.01
267.704,7,-35.354047699999995,149.1686092,100.006,-0.13738438597698022,20.650000000000002,0.01
267.80400000000003,7,-35.3540293,149.1686092,100.006,-0.08717371771708596,20.64,0.01
267.904,7,-35.3540109,149.1686092,100.009,-0.01283392294916398,20.63,0.01
268.004,7,-35.353992399999996,149.1686092,100.014,0.015861103310211296,20.62,0.01
268.104,7,-35.353974,149.1686092,100.018,0.040414376061310896,20.62,0.01
268.204,7,-35.3539556,149.1686092,100.022,0.06025432803226577,20.61,0.01
268.305,7,-35.353937099999996,149.1686092,100.025,0.09278415116118947,20.61,0.01
268.385,7,-35.3539222,149.1686092,100.026,0.1490631823644822,20.61,0.01
268.485,7,-35.3539037,149.1686092,100.024,0.13513043689108922,20.61,0.01
268.585,7,-35.3538851,149.1686092,100.019,0.0858409036841145,20.62,0.01
268.704,7,-35.3538626,149.1686092,100.011,0.07377253304987054,20.63,0.01
268.80400000000003,7,-35.3538439,149.1686092,100.005,0.09660220022680016,20.64,0.0
268.904,7,-35.353825199999996,149.1686092,100.001,0.05113973073452135,20.650000000000002,0.0
269.004,7,-35.3538065,149.1686092,100.001,0.013971019378892181,20.66,0.01
269.104,7,-35.3537877,149.1686092,100.002,-0.02836382128182583,20.67,0.01
269.204,7,-35.353769,149.1686092,100.002,-0.01919124908494229,20.67,0.0
269.30400000000003,7,-35.353750399999996,149.1686092,100.002,-0.009022152121401221,20.68,0.0
269.404,7,-35.3537318,149.1686092,100.003,0.022804125671188134,20.68,0.0
269.504,7,-35.353713299999995,149.1686092,100.004,0.07204523557169118,20.67,0.0
269.604,7,-35.3536948,149.1686092,100.006,0.12135101048826451,20.67,0.01
269.704,7,-35.3536763,149.1686092,100.009,0.102217416137344,20.66,0.01
269.80400000000003,7,-35.3536579,149.1686092,100.011,0.062439521659207055,20.66,0.02
269.904,7,-35.3536394,149.1686092,100.013,0.03462881563307333,20.650000000000002,0.02
270.004,7,-35.353621,149.1686092,100.012,0.0275371099256231,20.64,0.02
270.104,7,-35.3536025,149.1686092,100.011,0.009608060122484663,20.64,0.03
270.204,7,-35.3535841,149.1686092,100.007,0.009784479439774663,20.64,0.03
270.30400000000003,7,-35.353565599999996,149.1686092,100.001,0.03800739471943593,20.63,0.02
270.385,7,-35.3535509,149.16860929999999,99.996,0.015388281130379848,20.63,0.02
270.485,7,-35.353532099999995,149.16860929999999,99.991,-0.002743272275715562,20.64,0.01
270.585,7,-35.3535135,149.16860929999999,99.989,-0.02996371305362198,20.64,0.01
270.685,7,-35.3534948,149.16860929999999,99.991,-0.060279387622804576,20.650000000000002,0.01
270.80400000000003,7,-35.3534724,149.16860929999999,99.993,-0.12766218532263562,20.650000000000002,0.01
270.904,8,-35.3534536,149.16860929999999,99.995,-0.1801932235900566,20.66,0.0
271.004,8,-35.353434899999996,149.16860929999999,99.996,-0.44050368569029,20.67,0.01
271.104,8,-35.3534161,149.16860929999999,99.994,-1.8826144324407232,20.68,0.03
271.204,8,-35.3533974,149.16860929999999,99.992,-5.621710993557701,20.69,0.0
271.30400000000003,8,-35.3533788,149.1686092,99.992,-11.947509476385228,20.69,-0.16
271.404,8,-35.3533602,149.16860889999998,99.995,-20.06127475277732,20.68,-0.52
271.504,8,-35.3533417,149.168608,99.996,-28.61090257463825,20.67,-1.04
271.604,8,-35.3533232,149.16860649999998,99.985,-36.16807146669777,20.66,-1.67
271.704,8,-35.3533048,149.1686042,99.958,-41.71155886501226,20.66,-2.37
271.80400000000003,8,-35.3532863,149.1686011,99.916,-44.935018832475585,20.67,-3.17
271.904,8,-35.3532678,149.168597,99.873,-46.10883806776105,20.66,-4.07
272.004,8,-35.353249399999996,149.1685919,99.843,-45.980666152891175,20.6,-5.05
272.104,8,-35.353231099999995,149.1685857,99.845,-45.160865867571225,20.47,-6.07
272.204,8,-35.353212899999995,149.1685784,99.882,-44.30392984373391,20.25,-7.07
272.30400000000003,8,-35.3531949,149.1685699,99.953,-43.72104491505961,19.98,-7.99
272.404,8,-35.3531772,149.1685606,100.051,-43.54495580806751,19.66,-8.82
272.485,8,-35.3531633,149.1685525,100.142,-43.655082363150214,19.400000000000002,-9.41
272.585,8,-35.353145999999995,149.1685416,100.261,-43.95937412086345,19.080000000000002,-10.07
272.685,8,-35.353128999999996,149.16853,100.374,-44.31590316534895,18.77,-10.67
272.785,8,-35.3531123,149.1685177,100.477,-44.61034920537361,18.47,-11.21
272.904,8,-35.3530924,149.1685023,100.581,-44.83384324030018,18.11,-11.81
273.004,8,-35.3530762,149.1684888,100.649,-44.87658314903154,17.81,-12.290000000000001
273.104,8,-35.353060299999996,149.16847479999998,100.702,-44.806396125120486,17.48,-12.76
273.204,8,-35.3530447,149.1684603,100.74000000000001,-44.7067880613596,17.13,-13.24
273.30400000000003,8,-35.3530294,149.1684453,100.767,-44.612678299880585,16.740000000000002,-13.73
273.404,8,-35.3530145,149.1684297,100.785,-44.51065917934269,16.31,-14.24
273.504,8,-35.353000099999996,149.1684137,100.798,-44.46453491187759,15.83,-14.73
273.604,8,-35.3529862,149.1683972,100.808,-44.50558776388396,15.31,-15.24
273.704,8,-35.352972799999996,149.1683803,100.82000000000001,-44.54957418213884,14.76,-15.73
273.80400000000003,8,-35.352959999999996,149.16836279999998,100.834,-44.62417009315913,14.18,-16.21
273.904,8,-35.3529477,149.1683448,100.851,-44.672292190956455,13.58,-16.68
274.004,8,-35.352936,149.1683263,100.869,-44.7061289481047,12.98,-17.11
274.104,8,-35.3529248,149.1683074,100.888,-44.71875455278547,12.36,-17.51
