time_s,seq,latitude_deg,longitude_deg,altitude_m,roll_deg,vn_mps,ve_mps
76.865,1,-35.360459299999995,149.164393,99.364,14.296139178159459,5.54,9.66
76.965,1,-35.3604543,149.1644038,99.379,13.910190801371426,5.37,9.71
77.06400000000001,1,-35.3604495,149.1644146,99.391,13.671865864435818,5.22,9.75
77.164,1,-35.360444699999995,149.1644255,99.401,14.174718051510496,5.09,9.8
77.264,1,-35.3604401,149.1644365,99.409,16.6355984971993,4.93,9.84
77.364,1,-35.3604357,149.1644475,99.414,21.359258289437154,4.68,9.92
77.464,1,-35.3604315,149.1644586,99.414,27.608951389437813,4.2700000000000005,10.02
77.56400000000001,1,-35.3604278,149.1644699,99.406,34.07092676884247,3.73,10.17
77.664,1,-35.360424699999996,149.1644813,99.386,39.57982608920001,3.0700000000000003,10.34
77.764,1,-35.360422199999995,149.1644928,99.35600000000001,43.4336237245963,2.31,10.53
77.864,1,-35.3604205,149.1645045,99.325,45.43713677421449,1.45,10.73
77.964,1,-35.3604196,149.1645164,99.308,46.03214187357098,0.49,10.91
78.06400000000001,1,-35.3604196,149.1645285,99.315,45.793047686580096,-0.52,11.040000000000001
78.164,1,-35.3604206,149.16454059999998,99.35600000000001,45.1802328689628,-1.55,11.09
78.264,1,-35.3604225,149.1645528,99.428,44.59387478909554,-2.56,11.06
78.364,1,-35.3604252,149.1645649,99.529,44.16252443734714,-3.49,10.96
78.464,1,-35.3604288,149.1645768,99.653,44.03911657942335,-4.34,10.82
78.56400000000001,1,-35.3604329,149.1645886,99.789,44.15185568186358,-5.09,10.65
78.664,1,-35.3604378,149.1646002,99.926,44.32846046813801,-5.75,10.47
78.764,1,-35.3604432,149.1646116,100.055,44.53744718126748,-6.3500000000000005,10.290000000000001
78.865,1,-35.3604492,149.164623,100.17,44.709106910582825,-6.88,10.13
78.965,1,-35.3604556,149.1646341,100.261,44.79837748303489,-7.37,9.96
79.065,1,-35.3604625,149.1646451,100.32900000000001,44.86640275207363,-7.8500000000000005,9.78
79.164,1,-35.3604698,149.16465589999999,100.377,44.84705965634416,-8.36,9.57
79.264,1,-35.360477599999996,149.1646664,100.409,44.81813380520915,-8.9,9.34
79.364,1,-35.3604859,149.1646767,100.43,44.744627309361476,-9.46,9.06
79.464,1,-35.3604947,149.16468659999998,100.44500000000001,44.66581717162328,-10.05,8.75
79.56400000000001,1,-35.3605041,149.16469619999998,100.45700000000001,44.66025398254431,-10.67,8.39
79.664,1,-35.360513999999995,149.16470529999998,100.47,44.66852192653461,-11.3,8.0
79.764,1,-35.3605243,149.16471389999998,100.48700000000001,44.647850359011564,-11.91,7.58
79.864,1,-35.360535299999995,149.1647219,100.508,44.64048058489712,-12.530000000000001,7.12
79.964,1,-35.3605467,149.1647295,100.538,44.66984698323359,-13.120000000000001,6.640000000000001
80.06400000000001,1,-35.3605587,149.1647365,100.57000000000001,44.681284134998776,-13.69,6.15
80.164,1,-35.3605711,149.1647429,100.60600000000001,44.73992472411792,-14.22,5.64
80.264,1,-35.360583999999996,149.16474879999998,100.642,44.799900615219805,-14.73,5.13
80.364,1,-35.360597299999995,149.16475409999998,100.678,44.82466346605569,-15.200000000000001,4.61
80.464,1,-35.3606111,149.1647588,100.712,44.81970133362367,-15.66,4.08
80.56400000000001,1,-35.3606252,149.164763,100.741,44.78202942525647,-16.09,3.5500000000000003
80.664,1,-35.3606398,149.16476649999998,100.765,44.775984707841005,-16.490000000000002,3.0
80.764,1,-35.3606547,149.1647695,100.784,44.777401972093784,-16.88,2.45
80.865,1,-35.3606699,149.1647719,100.798,44.767552839310625,-17.25,1.8900000000000001
80.965,1,-35.3606856,149.1647736,100.806,44.721636892615216,-17.61,1.31
81.065,1,-35.3607016,149.16477469999998,100.808,44.69010190921726,-17.96,0.71
81.165,1,-35.3607179,149.16477519999998,100.805,44.68012983302905,-18.29,0.1
81.264,1,-35.3607346,149.1647749,100.801,44.68471630505671,-18.61,-0.51
81.364,1,-35.3607516,149.164774,100.796,44.721206590697506,-18.92,-1.1500000000000001
81.464,1,-35.3607689,149.16477229999998,100.788,44.77122065089492,-19.21,-1.81
81.56400000000001,1,-35.360786399999995,149.16476989999998,100.776,44.81909686188212,-19.48,-2.49
81.664,1,-35.3608042,149.1647668,100.764,44.851328524575415,-19.73,-3.18
81.764,1,-35.3608222,149.1647629,100.754,44.820404843108186,-19.96,-3.89
81.864,1,-35.3608403,149.1647582,100.746,44.852154977464984,-20.16,-4.6000000000000005
81.964,1,-35.3608585,149.16475269999998,100.742,44.82290810743899,-20.330000000000002,-5.32
82.06400000000001,1,-35.3608767,149.1647465,100.74000000000001,44.80397482305972,-20.46,-6.05
82.164,1,-35.360895,149.1647394,100.74000000000001,44.76529204669535,-20.57,-6.76
82.264,1,-35.360913499999995,149.16473159999998,100.739,44.7520927061243,-20.66,-7.48
82.364,1,-35.3609319,149.16472299999998,100.739,44.737735648488936,-20.71,-8.19
82.464,1,-35.3609504,149.1647137,100.739,44.7395422335244,-20.75,-8.9
82.56400000000001,1,-35.360968899999996,149.1647035,100.739,44.7567167441924,-20.76,-9.6
82.664,1,-35.3609875,149.1646926,100.736,44.8053681816504,-20.75,-10.3
82.764,1,-35.361005999999996,149.164681,100.729,44.85667997779012,-20.71,-11.01
82.864,1,-35.3610244,149.1646685,100.721,44.89118950857161,-20.650000000000002,-11.71
82.965,1,-35.3610429,149.1646552,100.71000000000001,44.866409582262804,-20.580000000000002,-12.42
83.065,1,-35.3610614,149.164641,100.696,44.83890099538058,-20.47,-13.14
83.165,1,-35.3610799,149.1646261,100.677,44.819629616637386,-20.35,-13.84
83.265,1,-35.3610982,149.1646103,100.655,44.8336793157601,-20.21,-14.56
83.364,1,-35.3611164,149.16459369999998,100.633,44.86615003507434,-20.04,-15.280000000000001
83.464,1,-35.3611345,149.1645763,100.611,44.86294667635361,-19.84,-16.0
83.56400000000001,1,-35.3611524,149.1645581,100.59100000000001,44.84778024130159,-19.62,-16.71
83.664,1,-35.361170099999995,149.16453909999998,100.57300000000001,44.8450686562011,-19.38,-17.41
83.764,1,-35.3611876,149.1645194,100.555,44.83516488190458,-19.12,-18.09
83.864,1,-35.3612047,149.164499,100.538,44.83350173084168,-18.830000000000002,-18.75
83.964,1,-35.3612214,149.164478,100.526,44.83109750425384,-18.51,-19.41
84.06400000000001,1,-35.3612379,149.16445629999998,100.516,44.80508472879985,-18.16,-20.06
84.164,1,-35.3612539,149.1644339,100.507,44.807379672360966,-17.78,-20.69
84.264,1,-35.3612697,149.1644109,100.499,44.87786039440633,-17.38,-21.31
84.364,1,-35.361284999999995,149.1643872,100.491,44.945294852081865,-16.96,-21.92
84.464,1,-35.3612999,149.1643629,100.485,44.97355134467821,-16.51,-22.52
84.56400000000001,1,-35.3613145,149.1643379,100.48,44.90520847184306,-16.03,-23.11
84.664,1,-35.3613286,149.1643123,100.477,44.5944997514046,-15.540000000000001,-23.68
84.764,1,-35.361342199999996,149.164286,100.47500000000001,43.86735098217587,-15.040000000000001,-24.21
84.864,1,-35.3613554,149.1642592,100.473,42.588165833659204,-14.530000000000001,-24.7
84.964,1,-35.3613682,149.1642319,100.473,40.64319775051178,-14.030000000000001,-25.13
85.065,1,-35.3613806,149.1642041,100.477,38.07683613214953,-13.57,-25.490000000000002
85.165,1,-35.361392599999995,149.1641757,100.485,35.02176423338911,-13.13,-25.78
85.265,1,-35.3614043,149.1641472,100.493,31.59388011916189,-12.77,-25.990000000000002
85.365,1,-35.361415699999995,149.16411829999998,100.496,27.88684958865083,-12.46,-26.13
85.464,1,-35.3614269,149.1640892,100.491,24.09534669357964,-12.22,-26.2
85.56400000000001,1,-35.361438,149.1640601,100.471,20.42981297737099,-12.040000000000001,-26.23
85.664,1,-35.3614489,149.1640309,100.431,16.96187663385081,-11.91,-26.23
85.764,1,-35.3614597,149.1640018,100.367,13.815513280417647,-11.82,-26.22
85.864,1,-35.3614704,149.16397279999998,100.287,11.18359636017526,-11.73,-26.2
85.964,1,-35.361481,149.1639439,100.19500000000001,9.082526864868141,-11.66,-26.18
86.06400000000001,1,-35.3614915,149.1639151,100.096,7.501001685193567,-11.59,-26.18
86.164,1,-35.3615019,149.1638864,99.995,6.414776210918929,-11.52,-26.18
86.264,1,-35.3615123,149.1638577,99.9,5.673264834526134,-11.450000000000001,-26.2
86.364,1,-35.3615225,149.163829,99.816,5.182786815793403,-11.39,-26.23
86.464,1,-35.3615328,149.1638003,99.748,4.793210754782447,-11.32,-26.26
86.56400000000001,1,-35.361542899999996,149.1637716,99.69800000000001,4.396925740459246,-11.27,-26.28
86.664,1,-35.3615531,149.1637428,99.663,3.9560874021800516,-11.21,-26.3
86.764,1,-35.3615631,149.1637139,99.639,3.470139079527508,-11.17,-26.32
86.864,1,-35.361573199999995,149.16368509999998,99.618,2.9182672651098827,-11.15,-26.330000000000002
86.964,1,-35.3615832,149.1636562,99.59400000000001,2.3427164655002923,-11.13,-26.34
87.06400000000001,1,-35.361593299999996,149.1636273,99.56700000000001,1.8020924785417967,-11.13,-26.35
87.165,1,-35.3616033,149.16359839999998,99.533,1.3521435216834519,-11.14,-26.36
87.265,1,-35.3616135,149.1635691,99.491,0.9966274796292337,-11.15,-26.38
87.365,1,-35.3616236,149.1635398,99.446,0.7682400410491704,-11.17,-26.41
87.465,1,-35.3616338,149.1635105,99.401,0.5958147435774017,-11.18,-26.44
87.56400000000001,1,-35.361644,149.16348109999998,99.35600000000001,0.49658885024492416,-11.200000000000001,-26.47
87.664,1,-35.3616542,149.1634516,99.316,0.41009440284492393,-11.22,-26.5
87.764,1,-35.361664399999995,149.1634221,99.281,0.3775751518349792,-11.24,-26.54
87.864,1,-35.3616747,149.16339259999998,99.252,0.40867708523129337,-11.26,-26.580000000000002
87.964,1,-35.361685,149.163363,99.233,0.45608983053071533,-11.28,-26.61
88.06400000000001,1,-35.3616952,149.1633335,99.223,0.5023349069667561,-11.290000000000001,-26.64
88.164,1,-35.3617054,149.1633042,99.22,0.5295178325637904,-11.290000000000001,-26.67
88.264,1,-35.361715499999995,149.16327479999998,99.21900000000001,0.5374178001125564,-11.3,-26.69
88.364,1,-35.3617256,149.16324559999998,99.22,0.5595128751081658,-11.3,-26.71
88.464,1,-35.3617358,149.1632163,99.21900000000001,0.5778709294932791,-11.31,-26.72
88.56400000000001,1,-35.361745899999995,149.163187,99.212,0.6059895376457523,-11.32,-26.740000000000002
88.664,1,-35.361756,149.1631577,99.20100000000001,0.5880917206168214,-11.32,-26.75
88.764,1,-35.3617662,149.1631285,99.19,0.6015801169279801,-11.33,-26.77
88.864,1,-35.361776299999995,149.16309909999998,99.18,0.6124463075672357,-11.33,-26.79
88.964,1,-35.3617864,149.1630698,99.171,0.6042506141717493,-11.33,-26.810000000000002
89.06400000000001,1,-35.3617966,149.1630404,99.165,0.627922822535397,-11.34,-26.82
89.164,1,-35.361806699999995,149.16301099999998,99.161,0.6533996415829562,-11.33,-26.85
89.265,1,-35.361816999999995,149.1629812,99.159,0.6883154085375026,-11.33,-26.87
89.365,1,-35.3618272,149.1629514,99.161,0.7160543542216583,-11.33,-26.900000000000002
89.465,1,-35.3618375,149.1629216,99.167,0.7333936432033819,-11.33,-26.93
89.56400000000001,1,-35.3618477,149.1628917,99.174,0.7387867712441946,-11.34,-26.96
89.664,1,-35.361858,149.16286169999998,99.181,0.6850944407353127,-11.34,-26.990000000000002
89.764,1,-35.3618683,149.1628317,99.187,0.6036532927844905,-11.35,-27.02
89.864,1,-35.3618786,149.1628017,99.193,0.5470587188477352,-11.36,-27.04
89.964,2,-35.3618889,149.16277169999998,99.199,0.43491944575484925,-11.370000000000001,-27.07
90.06400000000001,2,-35.361899199999996,149.1627417,99.20400000000001,0.23464079693032727,-11.370000000000001,-27.09
90.164,2,-35.3619094,149.1627119,99.209,-0.6919006175215247,-11.36,-27.1
90.264,2,-35.3619195,149.16268209999998,99.215,-3.5533986586231405,-11.36,-27.11
90.364,2,-35.3619297,149.1626525,99.227,-9.030254573376387,-11.450000000000001,-27.05
90.464,2,-35.36194,149.162623,99.245,-16.627822326829243,-11.69,-26.88
90.56400000000001,2,-35.3619506,149.1625937,99.266,-25.215391849529592,-12.07,-26.61
90.664,2,-35.3619616,149.16256479999998,99.281,-33.296355996206344,-12.56,-26.27
90.764,2,-35.3619731,149.1625364,99.278,-39.71287475913727,-13.13,-25.89
90.864,2,-35.3619852,149.16250829999998,99.259,-43.85927769857691,-13.74,-25.490000000000002
90.964,2,-35.3619978,149.1624807,99.232,-45.860663144268635,-14.44,-25.04
91.06400000000001,2,-35.3620111,149.1624536,99.209,-46.18590650726089,-15.200000000000001,-24.490000000000002
91.164,2,-35.3620251,149.1624273,99.21000000000001,-45.62067761759107,-15.99,-23.85
91.264,2,-35.3620398,149.16240159999998,99.241,-44.80274197391453,-16.73,-23.14
91.365,2,-35.3620552,149.1623765,99.307,-44.06726720408756,-17.400000000000002,-22.39
91.465,2,-35.362071199999995,149.1623524,99.403,-43.625473493098205,-17.96,-21.650000000000002
91.565,2,-35.3620877,149.162329,99.522,-43.57345477237939,-18.44,-20.95
91.664,2,-35.362104599999995,149.16230629999998,99.651,-43.77556348501465,-18.84,-20.31
91.764,2,-35.3621219,149.1622842,99.782,-44.08471150722777,-19.18,-19.72
91.864,2,-35.3621395,149.16226269999999,99.905,-44.413755870493134,-19.47,-19.17
91.964,2,-35.3621573,149.1622418,100.012,-44.65406583115628,-19.73,-18.650000000000002
92.06400000000001,2,-35.3621753,149.1622215,100.101,-44.76209893325837,-19.96,-18.13
92.164,2,-35.3621935,149.1622018,100.17,-44.7217086096015,-20.18,-17.63
92.264,2,-35.3622118,149.1621827,100.223,-44.62173513072002,-20.37,-17.11
92.364,2,-35.3622301,149.1621643,100.26,-44.54553071015019,-20.54,-16.54
92.464,2,-35.3622486,149.1621465,100.284,-44.50771195271583,-20.71,-15.950000000000001
92.56400000000001,2,-35.3622671,149.1621295,100.3,-44.522246595269614,-20.87,-15.31
92.664,2,-35.3622857,149.1621132,100.312,-44.5378979737527,-21.01,-14.61
92.764,2,-35.3623045,149.1620978,100.321,-44.61595337558761,-21.14,-13.88
92.864,2,-35.3623233,149.1620831,100.33,-44.66711832266017,-21.240000000000002,-13.120000000000001
92.964,2,-35.3623422,149.16206929999998,100.343,-44.70665487267079,-21.31,-12.34
93.06400000000001,2,-35.362361199999995,149.16205639999998,100.361,-44.713133307098545,-21.36,-11.56
93.164,2,-35.3623802,149.1620443,100.384,-44.676178568594196,-21.37,-10.78
93.264,2,-35.3623992,149.16203299999998,100.411,-44.62066279102033,-21.36,-10.03
93.365,2,-35.3624182,149.1620225,100.44,-44.6394833772783,-21.32,-9.3
93.465,2,-35.3624374,149.1620127,100.47,-44.67548188929885,-21.26,-8.6
93.565,2,-35.3624565,149.16200369999999,100.496,-44.68010251227236,-21.19,-7.92
93.665,2,-35.362475499999995,149.1619953,100.518,-44.6812568142421,-21.09,-7.23
93.764,2,-35.3624945,149.1619878,100.536,-44.71299328822056,-20.98,-6.55
93.864,2,-35.3625134,149.1619809,100.548,-44.75063104564192,-20.85,-5.89
93.964,2,-35.3625322,149.1619748,100.553,-44.76654880150263,-20.7,-5.22
94.06400000000001,2,-35.3625508,149.1619695,100.554,-44.78883912385897,-20.52,-4.54
94.164,2,-35.3625693,149.1619649,100.554,-44.81905929584169,-20.32,-3.86
94.264,2,-35.362587399999995,149.161961,100.553,-44.79496238844989,-20.080000000000002,-3.18
94.364,2,-35.3626053,149.1619579,100.554,-44.76932185830566,-19.82,-2.49
94.464,2,-35.3626228,149.1619556,100.557,-44.77978570811412,-19.53,-1.81
94.56400000000001,2,-35.3626401,149.16195399999998,100.56,-44.81449331438154,-19.22,-1.1500000000000001
94.664,2,-35.362657,149.1619531,100.561,-44.80358891737161,-18.89,-0.5
94.764,2,-35.3626736,149.16195299999998,100.563,-44.76891546205004,-18.53,0.12
94.864,2,-35.3626899,149.16195349999998,100.565,-44.73491478036172,-18.16,0.73
94.964,2,-35.3627059,149.1619546,100.568,-44.737148252220315,-17.76,1.34
95.06400000000001,2,-35.3627215,149.16195629999999,100.569,-44.750231479575476,-17.35,1.92
95.164,2,-35.3627367,149.16195879999998,100.569,-44.768355386538104,-16.92,2.49
95.264,2,-35.362751599999996,149.1619618,100.566,-44.77202661321698,-16.47,3.04
95.364,2,-35.362766,149.16196549999998,100.561,-44.75910048021274,-16.01,3.58
95.465,2,-35.3627801,149.1619697,100.554,-44.72844317612313,-15.52,4.12
95.565,2,-35.3627938,149.16197459999998,100.545,-44.72367911917705,-15.0,4.64
95.665,2,-35.362807,149.16198,100.536,-44.70237575915578,-14.49,5.13
95.765,2,-35.3628198,149.1619859,100.525,-44.77154166978591,-13.96,5.62
95.864,2,-35.3628322,149.1619924,100.512,-44.87386814883646,-13.41,6.08
95.964,2,-35.362843999999996,149.1619995,100.497,-44.915320566909266,-12.85,6.53
96.06400000000001,2,-35.3628554,149.162007,100.482,-44.89344347099772,-12.27,6.97
96.164,2,-35.3628663,149.162015,100.468,-44.89652730140798,-11.67,7.390000000000001
96.264,2,-35.3628765,149.16202339999998,100.45400000000001,-44.88582097988398,-11.05,7.78
96.364,2,-35.3628861,149.1620321,100.444,-44.85929252514765,-10.41,8.15
96.464,2,-35.3628952,149.1620413,100.434,-44.83986405205355,-9.76,8.5
96.56400000000001,2,-35.362903599999996,149.1620508,100.426,-44.8437709202588,-9.1,8.82
96.664,2,-35.362911499999996,149.1620606,100.419,-44.8653850538873,-8.43,9.120000000000001
96.764,2,-35.3629187,149.1620707,100.415,-44.856990751397355,-7.74,9.4
96.864,2,-35.3629253,149.1620812,100.41,-44.87874490390384,-7.05,9.65
96.964,2,-35.3629313,149.16209179999998,100.403,-44.90397220760329,-6.36,9.870000000000001
97.06400000000001,2,-35.3629367,149.16210279999999,100.394,-44.911348811906905,-5.65,10.07
97.164,2,-35.3629414,149.16211389999998,100.388,-44.90976420801946,-4.93,10.25
97.264,2,-35.362945499999995,149.1621252,100.383,-44.8805549040339,-4.21,10.41
97.364,2,-35.3629489,149.1621367,100.379,-44.876501186761494,-3.49,10.53
97.464,2,-35.3629518,149.16214829999998,100.376,-44.869247525862946,-2.77,10.63
97.565,2,-35.3629539,149.16216,100.374,-44.85990041198378,-2.06,10.71
97.665,2,-35.3629555,149.162172,100.368,-44.88165797958486,-1.34,10.76
97.765,2,-35.3629564,149.1621839,100.35900000000001,-44.89906813177922,-0.62,10.8
97.86500000000001,2,-35.3629567,149.1621959,100.34700000000001,-44.90979494387072,0.08,10.8
97.964,2,-35.3629563,149.1622079,100.333,-44.91161518928453,0.8,10.790000000000001
98.06400000000001,2,-35.3629552,149.1622199,100.318,-44.93496760605681,1.53,10.75
98.164,2,-35.362953499999996,149.1622319,100.304,-44.938314398750116,2.2600000000000002,10.69
98.264,2,-35.3629513,149.1622437,100.292,-44.84417390141983,3.0,10.6
98.364,2,-35.3629483,149.1622554,100.281,-44.59007037372784,3.73,10.49
98.464,2,-35.3629446,149.16226699999999,100.271,-43.9624374607062,4.46,10.34
98.56400000000001,2,-35.3629403,149.1622783,100.267,-42.748364505547265,5.15,10.17
98.664,2,-35.3629354,149.1622894,100.267,-40.88570703208767,5.8,9.97
98.764,2,-35.36293,149.1623002,100.277,-38.41723226981546,6.38,9.75
98.864,2,-35.3629242,149.1623107,100.293,-35.43703290473672,6.87,9.52
98.964,2,-35.3629179,149.162321,100.31400000000001,-32.03830003788711,7.25,9.290000000000001
99.06400000000001,2,-35.3629114,149.1623311,100.33500000000001,-28.323413082283242,7.53,9.08
99.164,2,-35.3629046,149.1623409,100.349,-24.47294687165462,7.7,8.9
99.264,2,-35.3628978,149.1623506,100.35000000000001,-20.629317680385185,7.8100000000000005,8.74
99.364,2,-35.3628909,149.1623601,100.33500000000001,-16.936060226335453,7.86,8.6
99.464,2,-35.3628839,149.1623694,100.299,-13.559958337527036,7.87,8.48
99.56400000000001,2,-35.362877,149.1623787,100.239,-10.685871083846322,7.87,8.38
99.665,2,-35.36287,149.162388,100.16,-8.340130552091008,7.87,8.3
99.765,2,-35.362863,149.1623972,100.062,-6.521344664330877,7.87,8.23
99.86500000000001,2,-35.3628559,149.16240639999998,99.956,-5.241417159628792,7.890000000000001,8.18
99.964,2,-35.362848899999996,149.16241549999998,99.85000000000001,-4.362948110659371,7.92,8.14
100.06400000000001,2,-35.3628417,149.16242459999998,99.755,-3.755174826423188,7.95,8.11
100.164,2,-35.3628346,149.16243369999998,99.673,-3.292183409901292,7.99,8.08
100.264,2,-35.3628274,149.16244269999999,99.605,-2.8993860609230286,8.02,8.06
100.364,2,-35.3628202,149.16245179999999,99.555,-2.5191280854872624,8.05,8.040000000000001
100.464,2,-35.362812999999996,149.1624607,99.521,-2.1186563786462553,8.07,8.03
100.56400000000001,2,-35.3628058,149.1624697,99.5,-1.6836568916120698,8.08,8.02
100.664,2,-35.3627986,149.1624786,99.486,-1.22607306392212,8.08,8.01
100.764,2,-35.3627915,149.1624875,99.471,-0.7986988427660192,8.08,8.02
100.864,2,-35.3627843,149.16249639999998,99.44800000000001,-0.453463355990581,8.07,8.02
100.964,2,-35.3627772,149.1625053,99.42,-0.22983162338312427,8.07,8.040000000000001
101.06400000000001,2,-35.36277,149.1625142,99.385,-0.06268404109747219,8.07,8.06
101.164,2,-35.3627628,149.1625231,99.345,0.0030970541050585713,8.07,8.09
101.264,2,-35.3627556,149.1625321,99.303,0.031961580071437075,8.07,8.11
101.364,2,-35.362748499999995,149.1625411,99.26,0.035692017286707796,8.07,8.14
101.464,2,-35.362741299999996,149.1625502,99.224,-0.009263471576019566,8.08,8.17
101.56400000000001,2,-35.3627341,149.1625593,99.197,-0.08515260204267705,8.09,8.19
101.664,2,-35.3627268,149.1625684,99.18,-0.21190192324459123,8.09,8.21
101.765,2,-35.3627195,149.1625776,99.171,-0.3693807657803886,8.11,8.23
101.86500000000001,2,-35.3627122,149.16258689999998,99.168,-0.5068142304018151,8.120000000000001,8.25
101.965,2,-35.3627049,149.1625961,99.167,-0.6474488392685825,8.14,8.27
102.06400000000001,2,-35.362697499999996,149.1626054,99.165,-0.7597928579540101,8.16,8.28
102.164,2,-35.3626901,149.1626148,99.162,-0.8462835967747344,8.18,8.31
102.264,2,-35.3626826,149.1626241,99.156,-0.9039520578759157,8.2,8.33
102.364,2,-35.3626752,149.1626335,99.147,-0.9248795440494232,8.22,8.35
102.464,2,-35.362667699999996,149.16264289999998,99.134,-0.9249925623358457,8.25,8.370000000000001
102.56400000000001,2,-35.3626601,149.16265239999998,99.121,-0.9094345653453203,8.27,8.39
102.664,2,-35.3626526,149.1626618,99.108,-0.9075206182738358,8.3,8.41
102.764,2,-35.3626451,149.16267109999998,99.099,-0.898023240232933,8.32,8.43
102.864,2,-35.3626376,149.1626805,99.095,-0.8740768638071328,8.34,8.44
102.964,2,-35.3626301,149.16268979999998,99.10000000000001,-0.8462533411711454,8.36,8.45
103.06400000000001,2,-35.3626226,149.1626992,99.111,-0.8149289196987033,8.38,8.46
103.164,2,-35.362615,149.16270849999998,99.128,-0.7754968502380445,8.4,8.47
103.264,2,-35.362607499999996,149.1627179,99.147,-0.748929868965928,8.41,8.47
103.364,2,-35.3625999,149.1627273,99.167,-0.6946331200763529,8.43,8.48
103.464,2,-35.362592299999996,149.1627366,99.186,-0.6652625062325047,8.44,8.48
103.56400000000001,2,-35.3625847,149.162746,99.203,-0.6427944922360419,8.45,8.49
103.664,2,-35.362577099999996,149.16275539999998,99.21600000000001,-0.581172525544187,8.46,8.49
103.764,2,-35.3625695,149.1627647,99.226,-0.513309847024203,8.47,8.5
103.86500000000001,2,-35.3625617,149.1627743,99.232,-0.42203554786566316,8.48,8.51
103.965,2,-35.362553999999996,149.1627838,99.235,-0.3655264046543858,8.49,8.53
104.065,2,-35.3625462,149.1627933,99.239,-0.33207627356576236,8.51,8.540000000000001
104.164,2,-35.3625385,149.16280279999998,99.245,-0.3098753839988706,8.52,8.540000000000001
104.264,2,-35.3625307,149.1628124,99.255,-0.2635188367411412,8.53,8.55
104.364,2,-35.3625229,149.162822,99.269,-0.23085551142839147,8.540000000000001,8.56
104.464,2,-35.362515099999996,149.16283149999998,99.287,-0.2186690265462739,8.55,8.56
104.56400000000001,2,-35.362507199999996,149.16284109999998,99.309,-0.246011594474944,8.56,8.57
104.664,2,-35.3624995,149.16285059999998,99.331,-0.2464297834790486,8.56,8.57
104.764,2,-35.3624917,149.1628601,99.351,-0.23604320018557484,8.57,8.57
104.864,2,-35.3624839,149.1628695,99.37,-0.2067016813467653,8.58,8.57
104.964,2,-35.362476199999996,149.16287889999998,99.385,-0.1872343748919728,8.58,8.57
105.06400000000001,2,-35.3624685,149.16288839999999,99.397,-0.1373529697748408,8.58,8.57
105.164,2,-35.3624608,149.1628978,99.406,-0.06578782846671408,8.58,8.58
105.264,2,-35.362452999999995,149.1629072,99.417,-0.032962052707445184,8.58,8.58
105.364,2,-35.3624453,149.1629166,99.428,0.019801877334890687,8.58,8.58
105.464,2,-35.3624376,149.162926,99.44200000000001,0.028777014376078547,8.58,8.57
105.56400000000001,2,-35.362429899999995,149.16293539999998,99.459,0.07053268217586392,8.58,8.57
105.664,2,-35.362422099999996,149.1629448,99.476,0.12397835214225834,8.58,8.57
105.764,2,-35.3624144,149.1629542,99.493,0.1131218331575892,8.59,8.57
105.86500000000001,2,-35.3624067,149.16296359999998,99.509,0.04719894503715538,8.59,8.56
105.965,2,-35.3623988,149.1629731,99.525,-0.0037101876053620203,8.59,8.56
106.065,2,-35.362390999999995,149.1629825,99.54,-0.04196044340780684,8.6,8.56
106.165,2,-35.3623832,149.162992,99.552,-0.03602483559629386,8.61,8.56
106.264,2,-35.3623754,149.1630015,99.563,0.0007721044961308846,8.620000000000001,8.57
106.364,2,-35.3623675,149.1630111,99.574,0.03907385805520334,8.620000000000001,8.57
106.464,2,-35.3623596,149.16302059999998,99.583,0.07174860259047164,8.63,8.58
106.56400000000001,2,-35.3623517,149.16303019999998,99.592,0.10217157249460425,8.64,8.58
106.664,2,-35.3623438,149.16303969999998,99.60300000000001,0.1290121215192784,8.64,8.59
106.764,2,-35.3623359,149.16304929999998,99.618,0.1838714272004539,8.65,8.6
106.864,2,-35.3623281,149.1630588,99.635,0.237017062431257,8.65,8.6
106.964,2,-35.3623203,149.1630683,99.653,0.2624833960712231,8.65,8.6
107.06400000000001,2,-35.3623125,149.1630778,99.67,0.27728177464042264,8.65,8.6
107.164,2,-35.362304699999996,149.1630872,99.683,0.2833611766102629,8.64,8.6
107.264,2,-35.3622969,149.1630966,99.694,0.2801131548556574,8.64,8.6
107.364,2,-35.3622892,149.163106,99.702,0.26194562539579036,8.64,8.6
107.464,2,-35.3622814,149.1631155,99.708,0.24200854333236116,8.64,8.6
107.56400000000001,2,-35.362273699999996,149.16312489999999,99.71300000000001,0.19992560008158375,8.64,8.6
107.664,2,-35.3622659,149.1631343,99.718,0.19293694251869878,8.64,8.6
107.764,2,-35.3622581,149.1631437,99.72200000000001,0.21597202229883122,8.63,8.6
107.864,2,-35.3622504,149.1631531,99.727,0.21258355477941734,8.63,8.6
107.965,2,-35.3622426,149.1631626,99.732,0.17354971736388203,8.63,8.6
108.065,2,-35.362234799999996,149.1631721,99.739,0.13679819032754914,8.63,8.6
108.165,2,-35.362226899999996,149.1631816,99.745,0.16337880529757937,8.63,8.61
108.265,2,-35.3622191,149.1631912,99.75,0.19387274513605665,8.63,8.620000000000001
108.364,2,-35.3622112,149.1632007,99.757,0.22977924970601202,8.63,8.63
108.464,2,-35.3622034,149.1632103,99.763,0.2639848370694359,8.64,8.64
108.56400000000001,2,-35.3621955,149.1632199,99.767,0.3557805518019974,8.64,8.64
108.664,2,-35.3621876,149.1632295,99.769,0.749123675583627,8.65,8.65
108.764,2,-35.3621798,149.1632392,99.771,1.7977734511088215,8.65,8.66
108.864,2,-35.3621719,149.1632488,99.773,3.6617886381093654,8.61,8.68
108.964,2,-35.362164199999995,149.1632583,99.777,6.355067977855147,8.52,8.72
109.06400000000001,2,-35.3621566,149.1632679,99.783,9.654830122970804,8.38,8.790000000000001
109.164,2,-35.3621492,149.1632776,99.79,13.301769502937738,8.17,8.88
109.264,2,-35.362142,149.1632874,99.799,16.861530909659567,7.9,9.0
109.364,2,-35.362135099999996,149.16329729999998,99.807,20.066720121093113,7.6000000000000005,9.13
109.464,2,-35.362128399999996,149.16330739999998,99.812,22.609213643400754,7.28,9.27
109.56400000000001,2,-35.3621221,149.1633176,99.815,24.386529610728328,6.95,9.42
109.664,2,-35.362116,149.1633281,99.818,25.467719528037374,6.6000000000000005,9.57
109.764,2,-35.3621103,149.1633386,99.82300000000001,25.93048533487325,6.25,9.71
109.864,2,-35.3621049,149.1633494,99.83200000000001,25.935580655994077,5.91,9.85
109.964,2,-35.3620997,149.1633602,99.843,25.610185321292793,5.57,9.97
110.065,2,-35.362094899999995,149.1633713,99.858,25.12648327710354,5.23,10.09
110.165,2,-35.3620903,149.1633826,99.876,24.537398244210156,4.89,10.19
110.265,2,-35.362086,149.16339399999998,99.897,23.85127500623111,4.58,10.28
110.36500000000001,2,-35.362082,149.1634054,99.919,23.07791488462537,4.28,10.36
110.464,2,-35.3620783,149.16341699999998,99.94200000000001,22.207463623967897,4.0,10.42
110.56400000000001,2,-35.362074799999995,149.1634286,99.96300000000001,21.311604059597975,3.74,10.48
110.664,2,-35.3620715,149.1634403,99.98,20.375461747050615,3.49,10.52
110.764,2,-35.3620684,149.163452,99.993,19.427597122340217,3.27,10.55
110.864,2,-35.3620656,149.1634637,100.002,18.528211472811275,3.06,10.58
110.964,2,-35.3620629,149.1634753,100.01,17.676379307831258,2.85,10.6
111.06400000000001,2,-35.3620604,149.163487,100.014,16.877867014606945,2.65,10.61
111.164,2,-35.3620581,149.1634986,100.015,16.15907668937502,2.46,10.620000000000001
111.264,2,-35.362055999999995,149.1635102,100.013,15.505782755641642,2.27,10.63
111.364,2,-35.3620541,149.1635219,100.012,14.876054682092098,2.09,10.63
111.464,2,-35.362052299999995,149.1635335,100.011,14.276604837133222,1.9000000000000001,10.63
111.56400000000001,2,-35.362050599999996,149.1635451,100.012,13.667452708458343,1.73,10.63
111.664,2,-35.3620491,149.1635567,100.013,12.996859613104613,1.56,10.620000000000001
111.764,2,-35.3620478,149.16356829999998,100.014,12.30111946877419,1.41,10.61
111.864,2,-35.3620466,149.1635799,100.016,11.580239959429887,1.27,10.61
111.964,2,-35.3620454,149.1635915,100.015,10.83841567499574,1.1500000000000001,10.6
112.06400000000001,2,-35.362044399999995,149.1636031,100.01,10.115156698499336,1.03,10.59
112.165,2,-35.3620435,149.1636149,100.003,9.352715488055507,0.93,10.59
112.265,2,-35.362042699999996,149.1636265,99.995,8.61842575604953,0.84,10.59
112.36500000000001,2,-35.362041999999995,149.16363819999998,99.988,7.968978072592514,0.75,10.58
112.464,2,-35.3620413,149.16365,99.98,7.368710312480529,0.66,10.58
112.56400000000001,2,-35.3620407,149.1636617,99.97500000000001,6.843578475220092,0.5700000000000001,10.58
112.664,2,-35.362040199999996,149.1636735,99.974,6.368379162773856,0.49,10.58
112.764,2,-35.3620397,149.1636853,99.976,5.917885925216026,0.42,10.58
112.864,2,-35.3620393,149.16369699999998,99.97800000000001,5.4766283840765215,0.36,10.58
112.964,2,-35.362038999999996,149.1637088,99.98100000000001,5.006928227685792,0.3,10.57
113.06400000000001,2,-35.3620387,149.16372049999998,99.983,4.513736062531627,0.25,10.57
113.164,2,-35.3620385,149.1637321,99.986,4.0408295592123995,0.21,10.56
113.264,2,-35.3620383,149.1637437,99.988,3.664468206698126,0.17,10.55
113.364,2,-35.3620381,149.1637553,99.991,3.283070870331437,0.14,10.55
113.464,2,-35.362038,149.1637668,99.989,2.9223354965342714,0.11,10.540000000000001
113.56400000000001,2,-35.362037799999996,149.16377839999998,99.986,2.623542681433128,0.08,10.53
113.664,2,-35.362037799999996,149.16378989999998,99.982,2.363620899785351,0.04,10.53
113.764,2,-35.3620377,149.16380139999998,99.976,2.1672397276559674,0.02,10.52
113.864,2,-35.3620377,149.16381289999998,99.96900000000001,1.9487872261105108,0.0,10.52
113.964,2,-35.3620376,149.16382439999998,99.962,1.7464291048488374,-0.01,10.52
114.06400000000001,2,-35.3620376,149.163836,99.956,1.5345327311329469,-0.02,10.52
114.164,2,-35.3620376,149.1638475,99.95100000000001,1.33149063045892,-0.03,10.52
114.265,2,-35.3620376,149.1638592,99.944,1.1479875665661838,-0.04,10.52
114.36500000000001,2,-35.3620377,149.1638709,99.935,1.018594221773641,-0.05,10.53
114.465,2,-35.3620377,149.1638825,99.928,0.9316323599827444,-0.06,10.540000000000001
114.56400000000001,2,-35.3620377,149.16389429999998,99.923,0.8153702139521096,-0.07,10.55
114.664,2,-35.362037799999996,149.163906,99.922,0.6631484559626799,-0.08,10.56
114.764,2,-35.362037799999996,149.16391769999998,99.923,0.5237165473592166,-0.09,10.56
114.864,2,-35.362037799999996,149.1639295,99.923,0.3642942492002861,-0.09,10.57
114.964,2,-35.3620379,149.1639413,99.924,0.22860112211546416,-0.1,10.58
115.06400000000001,2,-35.362038,149.163953,99.927,0.11711421212959387,-0.1,10.58
115.164,2,-35.362038,149.16396459999999,99.93,0.06623357168123013,-0.09,10.58
115.264,2,-35.3620381,149.1639763,99.933,0.03965233639128507,-0.09,10.58
115.364,2,-35.3620381,149.1639879,99.933,-0.0035028419218868768,-0.08,10.58
115.464,2,-35.3620382,149.1639995,99.932,-0.033744983151377736,-0.08,10.58
115.56400000000001,2,-35.3620382,149.16401109999998,99.929,-0.03374216503133444,-0.07,10.59
115.664,2,-35.3620383,149.1640227,99.925,-0.024981326842882384,-0.07,10.59
115.764,2,-35.3620383,149.1640343,99.922,-0.059858910772132276,-0.07,10.59
115.864,2,-35.362038399999996,149.1640459,99.919,-0.05359084817184356,-0.06,10.59
115.964,2,-35.362038399999996,149.16405749999998,99.916,-0.03401188413237722,-0.06,10.6
116.06400000000001,2,-35.3620385,149.1640691,99.913,-0.02214411528694268,-0.06,10.6
116.164,2,-35.3620385,149.1640808,99.909,0.00987349951637294,-0.06,10.6
116.265,2,-35.3620386,149.1640924,99.906,0.01815679392327605,-0.06,10.6
116.36500000000001,2,-35.3620386,149.1641041,99.904,0.015097963072594596,-0.06,10.6
116.465,2,-35.3620387,149.1641158,99.902,0.0016224826933458507,-0.06,10.61
116.565,2,-35.3620387,149.1641276,99.904,0.033902207569366946,-0.07,10.61
116.664,2,-35.3620388,149.16413939999998,99.908,0.006937688776977748,-0.07,10.620000000000001
116.764,2,-35.3620388,149.1641512,99.917,-0.010099475224495221,-0.07,10.620000000000001
116.864,2,-35.3620389,149.164163,99.927,-0.0401400579217596,-0.07,10.620000000000001
116.964,2,-35.362038999999996,149.1641749,99.936,-0.0637534526203618,-0.07,10.63
117.06400000000001,2,-35.362038999999996,149.1641867,99.943,-0.13647821197318993,-0.07,10.64
117.164,2,-35.3620391,149.1641986,99.947,-0.18851266080339657,-0.07,10.64
117.264,2,-35.3620391,149.1642104,99.949,-0.2208595295780778,-0.06,10.64
117.364,2,-35.3620392,149.1642221,99.95,-0.27413876704430606,-0.06,10.65
117.464,2,-35.3620393,149.1642338,99.947,-0.323012345732891,-0.05,10.65
117.56400000000001,2,-35.3620393,149.1642455,99.944,-0.3502201908482252,-0.05,10.65
117.664,2,-35.3620393,149.16425719999998,99.93900000000001,-0.35478587882368784,-0.05,10.64
117.764,2,-35.3620394,149.1642688,99.935,-0.32847340213943355,-0.05,10.64
117.864,2,-35.3620394,149.1642805,99.932,-0.2987843307255335,-0.05,10.64
117.964,2,-35.3620395,149.16429209999998,99.933,-0.25458041363426875,-0.04,10.64
118.06400000000001,2,-35.3620395,149.1643038,99.936,-0.2513620338334441,-0.04,10.64
118.164,2,-35.362039599999996,149.1643155,99.94,-0.28587983554713153,-0.03,10.63
118.264,2,-35.362039599999996,149.16432709999998,99.947,-0.307416275773828,-0.03,10.63
118.36500000000001,2,-35.362039599999996,149.1643388,99.952,-0.36039325068885675,-0.03,10.63
118.465,2,-35.362039599999996,149.1643506,99.955,-0.3425599469310708,-0.02,10.63
118.565,2,-35.3620397,149.1643624,99.95400000000001,-0.31950976602957026,-0.02,10.63
118.665,2,-35.3620397,149.1643742,99.952,-0.2655300873278719,-0.01,10.63
118.764,2,-35.3620397,149.1643861,99.947,-0.1947900315374614,-0.01,10.64
118.864,2,-35.3620397,149.16439789999998,99.94200000000001,-0.1496537002429974,-0.01,10.64
118.964,2,-35.3620397,149.1644098,99.938,-0.11121014725224593,-0.01,10.64
119.06400000000001,2,-35.3620397,149.1644216,99.936,-0.07979575938183009,0.0,10.65
119.164,2,-35.3620397,149.1644334,99.93900000000001,-0.07473347529904655,0.0,10.65
119.264,2,-35.3620397,149.1644452,99.94500000000001,-0.09147876460660384,0.0,10.65
119.364,2,-35.3620397,149.164457,99.95400000000001,-0.08883069226126197,0.0,10.64
119.464,2,-35.3620398,149.1644687,99.965,-0.07609089535530725,-0.01,10.64
119.56400000000001,2,-35.3620398,149.16448029999998,99.977,-0.07959256125402221,-0.01,10.63
119.664,2,-35.3620398,149.164492,99.986,-0.06617921698245433,-0.01,10.620000000000001
119.764,2,-35.3620398,149.1645036,99.99000000000001,-0.08933258443323229,-0.01,10.620000000000001
119.864,2,-35.3620398,149.1645153,99.98700000000001,-0.10862281956781353,-0.01,10.620000000000001
119.964,2,-35.3620398,149.1645269,99.98,-0.10909851156101451,-0.01,10.620000000000001
120.06400000000001,2,-35.3620398,149.1645386,99.96900000000001,-0.11244441713014144,0.0,10.620000000000001
120.164,2,-35.3620398,149.16455019999998,99.96000000000001,-0.13163423380968894,0.0,10.620000000000001
120.264,3,-35.3620398,149.1645619,99.953,-0.18783315036247286,0.0,10.620000000000001
120.364,3,-35.3620398,149.1645735,99.95,-0.31900523916548845,0.0,10.620000000000001
120.465,3,-35.3620398,149.1645852,99.95100000000001,-1.1728742145807716,-0.01,10.620000000000001
120.565,3,-35.3620398,149.1645969,99.95700000000001,-3.976048630029414,-0.01,10.620000000000001
120.665,3,-35.3620398,149.1646087,99.97200000000001,-9.423138153492923,0.09,10.620000000000001
120.765,3,-35.3620397,149.1646204,99.99000000000001,-17.012283429925503,0.38,10.620000000000001
120.864,3,-35.3620391,149.1646322,100.005,-25.511757172711032,0.8300000000000001,10.61
120.964,3,-35.362038,149.16464399999998,100.008,-33.58124660158216,1.42,10.6
121.06400000000001,3,-35.3620364,149.1646558,99.992,-39.91348083015513,2.08,10.6
121.164,3,-35.362034099999995,149.1646677,99.95700000000001,-43.89271147456412,2.82,10.61
121.264,3,-35.3620312,149.16467939999998,99.915,-45.517733006420634,3.67,10.620000000000001
121.364,3,-35.3620273,149.1646911,99.884,-45.23419477850048,4.62,10.58
121.464,3,-35.3620227,149.1647027,99.874,-43.72954508548169,5.6000000000000005,10.48
121.56400000000001,3,-35.362017099999996,149.1647142,99.899,-41.43375458090033,6.54,10.31
121.664,3,-35.3620108,149.16472539999998,99.96000000000001,-38.50933737077308,7.36,10.07
121.764,3,-35.3620038,149.1647362,100.057,-35.13981039281445,8.040000000000001,9.8
121.864,3,-35.3619963,149.1647468,100.181,-31.270245265719176,8.540000000000001,9.540000000000001
121.964,3,-35.3619884,149.1647571,100.324,-26.911148527978046,8.870000000000001,9.31
122.06400000000001,3,-35.3619803,149.1647672,100.468,-22.200641972534346,9.03,9.14
122.164,3,-35.3619722,149.1647772,100.593,-17.342109849850836,9.05,9.02
122.264,3,-35.361964,149.164787,100.683,-12.644514913259396,9.0,8.94
122.364,3,-35.361956,149.1647968,100.72200000000001,-8.392784480402636,8.9,8.88
122.464,3,-35.361948,149.1648065,100.709,-4.8910634599266345,8.81,8.83
122.565,3,-35.3619402,149.1648161,100.647,-2.310288007981541,8.72,8.790000000000001
122.665,3,-35.3619323,149.16482589999998,100.549,-0.6808091373613644,8.66,8.75
122.765,3,-35.3619245,149.1648356,100.433,0.004853990410406262,8.63,8.73
122.86500000000001,3,-35.3619167,149.1648452,100.318,0.04482566774398752,8.620000000000001,8.71
122.964,3,-35.361908899999996,149.1648549,100.221,-0.2596188787663432,8.63,8.700000000000001
123.06400000000001,3,-35.3619011,149.1648646,100.153,-0.6611468903707489,8.65,8.68
123.164,3,-35.3618932,149.16487429999998,100.119,-0.9917348230276831,8.67,8.65
123.264,3,-35.3618854,149.1648839,100.114,-1.1638373407003157,8.68,8.620000000000001
123.364,3,-35.3618775,149.1648935,100.13,-1.2728405431079608,8.69,8.6
123.464,3,-35.3618697,149.16490299999998,100.156,-1.5431711061640145,8.69,8.57
123.56400000000001,3,-35.3618619,149.1649124,100.184,-2.373091170512985,8.69,8.55
123.664,3,-35.361854099999995,149.1649218,100.202,-3.981505951176254,8.71,8.51
123.764,3,-35.361846299999996,149.16493119999998,100.20700000000001,-6.377072286039989,8.78,8.47
123.864,3,-35.361838399999996,149.1649404,100.19500000000001,-9.373345220669883,8.89,8.41
123.964,3,-35.361830399999995,149.1649496,100.166,-12.716866253363696,9.05,8.33
124.06400000000001,3,-35.3618222,149.1649587,100.124,-16.089321674928975,9.27,8.22
124.164,3,-35.3618138,149.16496759999998,100.075,-19.233940768802846,9.540000000000001,8.1
124.264,3,-35.3618051,149.1649765,100.027,-22.013397459080323,9.870000000000001,7.95
124.364,3,-35.3617961,149.1649851,99.986,-24.334642371151034,10.23,7.78
124.464,3,-35.3617868,149.16499349999998,99.955,-26.227047025993325,10.64,7.59
124.56400000000001,3,-35.361777,149.1650017,99.937,-27.81009363030552,11.06,7.38
124.665,3,-35.3617668,149.1650098,99.93,-29.052189144081726,11.49,7.140000000000001
124.765,3,-35.361756199999995,149.1650176,99.935,-29.990640060568552,11.92,6.9
124.86500000000001,3,-35.3617452,149.16502509999998,99.947,-30.756949719403547,12.34,6.66
124.964,3,-35.361733699999995,149.1650323,99.96300000000001,-31.329951364348844,12.75,6.41
125.06400000000001,3,-35.361722,149.1650393,99.979,-31.76226135767563,13.14,6.16
125.164,3,-35.3617098,149.165046,99.992,-32.055269642880006,13.52,5.9
125.264,3,-35.3616974,149.16505239999998,100.003,-32.25671582716578,13.9,5.62
125.364,3,-35.3616846,149.1650585,100.011,-32.42342366933286,14.27,5.33
125.464,3,-35.3616715,149.1650642,100.018,-32.475415069295,14.63,5.0200000000000005
125.56400000000001,3,-35.3616582,149.16506959999998,100.026,-32.37328666573038,14.98,4.71
125.664,3,-35.3616446,149.1650746,100.034,-32.23956180706529,15.31,4.38
125.764,3,-35.3616307,149.16507919999998,100.046,-32.0348166414104,15.63,4.05
125.864,3,-35.3616166,149.1650834,100.059,-31.727994298609676,15.93,3.71
125.964,3,-35.3616023,149.1650872,100.072,-31.228055187216007,16.21,3.37
126.06400000000001,3,-35.3615877,149.16509069999998,100.086,-30.625205615597757,16.48,3.0300000000000002
126.164,3,-35.3615728,149.1650938,100.099,-29.868147447993543,16.72,2.7
126.264,3,-35.3615578,149.1650966,100.111,-28.878494018393717,16.94,2.38
126.364,3,-35.3615426,149.165099,100.124,-27.80013350694835,17.14,2.07
126.464,3,-35.3615272,149.1651011,100.136,-26.636301715776735,17.32,1.77
126.56400000000001,3,-35.3615116,149.1651028,100.146,-25.333757320298623,17.48,1.49
126.664,3,-35.3614959,149.1651043,100.155,-23.98022044002449,17.61,1.24
126.765,3,-35.36148,149.16510549999998,100.16,-22.584467868037798,17.73,0.99
126.86500000000001,3,-35.361464,149.1651065,100.162,-21.12285690452655,17.830000000000002,0.75
126.965,3,-35.3614479,149.1651072,100.159,-19.60984193732179,17.93,0.54
127.06400000000001,3,-35.361431599999996,149.1651077,100.154,-18.099249979725087,18.02,0.34
127.164,3,-35.361415199999996,149.16510789999998,100.146,-16.588260163609235,18.09,0.16
127.264,3,-35.361398799999996,149.165108,100.134,-15.132804908087463,18.150000000000002,0.0
127.364,3,-35.361382299999995,149.16510789999998,100.117,-13.689060865671324,18.2,-0.15
127.464,3,-35.3613658,149.1651077,100.101,-12.293450020109912,18.25,-0.29
127.56400000000001,3,-35.3613493,149.1651073,100.08500000000001,-10.912173180295417,18.29,-0.42
127.664,3,-35.3613328,149.1651068,100.06700000000001,-9.540722421375632,18.32,-0.52
127.764,3,-35.3613163,149.1651062,100.051,-8.211186825844921,18.330000000000002,-0.61
127.864,3,-35.3612999,149.1651056,100.034,-6.958253082516374,18.34,-0.68
127.964,3,-35.3612835,149.1651048,100.018,-5.7925758596083865,18.34,-0.74
128.064,3,-35.3612672,149.16510399999999,100.002,-4.633139295167674,18.34,-0.79
128.16400000000002,3,-35.3612508,149.1651032,99.98700000000001,-3.5398112779298696,18.330000000000002,-0.8200000000000001
128.264,3,-35.3612345,149.1651023,99.97,-2.587335635199479,18.32,-0.84
128.364,3,-35.361218099999995,149.1651014,99.95400000000001,-1.7774819195800657,18.31,-0.85
128.464,3,-35.361201799999996,149.1651005,99.937,-1.0923060501832418,18.3,-0.86
128.564,3,-35.3611855,149.1650996,99.919,-0.4682162444326912,18.29,-0.85
128.66400000000002,3,-35.3611691,149.1650987,99.903,0.03773172254824252,18.28,-0.84
128.76500000000001,3,-35.3611528,149.1650979,99.891,0.4711795860371247,18.27,-0.8300000000000001
128.865,3,-35.3611362,149.165097,99.881,0.833498283061264,18.26,-0.81
128.965,3,-35.3611198,149.1650962,99.874,1.1576482288169323,18.25,-0.79
129.065,3,-35.361103199999995,149.16509539999998,99.869,1.4845981786063356,18.25,-0.77
129.16400000000002,3,-35.3610867,149.1650946,99.86200000000001,1.805039918612069,18.25,-0.74
129.264,3,-35.3610701,149.1650938,99.858,2.055801989696036,18.240000000000002,-0.71
129.364,3,-35.3610536,149.1650931,99.854,2.2055216572934198,18.240000000000002,-0.68
129.464,3,-35.3610371,149.1650924,99.851,2.297656426885249,18.23,-0.64
129.564,3,-35.361020499999995,149.1650917,99.846,2.343392867671535,18.22,-0.62
129.66400000000002,3,-35.361004099999995,149.16509109999998,99.84100000000001,2.3358130652401132,18.21,-0.59
129.764,3,-35.360987699999995,149.1650905,99.836,2.306234931039373,18.2,-0.56
129.864,3,-35.3609714,149.1650899,99.831,2.293703881789927,18.19,-0.53
129.964,3,-35.3609551,149.1650894,99.828,2.2948317167766255,18.17,-0.51
130.064,3,-35.3609388,149.1650889,99.825,2.282528411647317,18.16,-0.48
130.16400000000002,3,-35.360922599999995,149.1650884,99.822,2.300158837442412,18.14,-0.45
130.264,3,-35.3609064,149.165088,99.819,2.337950060676681,18.13,-0.42
130.364,3,-35.3608902,149.1650876,99.816,2.3893579063516053,18.11,-0.38
130.464,3,-35.360873999999995,149.1650872,99.815,2.4011124484697857,18.09,-0.35000000000000003
130.564,3,-35.3608578,149.1650869,99.81400000000001,2.378279979848079,18.07,-0.32
130.66400000000002,3,-35.3608416,149.1650866,99.815,2.253030532169324,18.06,-0.29
130.764,3,-35.360825399999996,149.16508629999998,99.81700000000001,2.079185355762986,18.05,-0.27
130.865,3,-35.3608092,149.165086,99.818,1.8928323954390625,18.04,-0.25
130.965,3,-35.3607929,149.16508579999999,99.82000000000001,1.7721022918350344,18.03,-0.23
131.065,3,-35.3607766,149.1650855,99.824,1.6511059175750815,18.02,-0.21
131.165,3,-35.360760299999995,149.1650853,99.827,1.530805795723647,18.02,-0.2
131.264,3,-35.360744,149.1650851,99.828,1.404095754779567,18.02,-0.18
131.364,3,-35.3607276,149.16508489999998,99.83,1.296167346670847,18.02,-0.17
131.464,3,-35.3607112,149.1650848,99.833,1.2481396975831387,18.02,-0.15
131.564,3,-35.3606948,149.1650846,99.83800000000001,1.1735491226481336,18.02,-0.14
131.66400000000002,3,-35.3606785,149.1650845,99.842,1.1252512542013866,18.01,-0.13
131.764,3,-35.3606622,149.1650843,99.845,1.0783944489478066,18.01,-0.12
131.864,3,-35.360645999999996,149.1650842,99.848,1.0269001586911997,18.0,-0.11
131.964,3,-35.3606299,149.1650841,99.851,0.9530103184763554,17.990000000000002,-0.1
132.064,3,-35.3606137,149.165084,99.85300000000001,0.8640235190399616,17.990000000000002,-0.09
132.16400000000002,3,-35.3605976,149.1650838,99.854,0.7800273467310257,17.98,-0.09
132.264,3,-35.360581499999995,149.1650837,99.85600000000001,0.7350287798185123,17.98,-0.08
132.364,3,-35.3605654,149.1650836,99.86,0.6945276790310408,17.97,-0.08
132.464,3,-35.360549299999995,149.16508349999998,99.868,0.6644013687885542,17.97,-0.07
132.564,3,-35.3605332,149.16508349999998,99.878,0.63735264573654,17.96,-0.06
132.66400000000002,3,-35.360517099999996,149.1650834,99.887,0.6112562004652139,17.95,-0.06
132.764,3,-35.3605009,149.1650833,99.892,0.6067500365211509,17.95,-0.06
132.864,3,-35.3604848,149.1650832,99.896,0.637869338875081,17.95,-0.05
132.965,3,-35.3604687,149.1650831,99.899,0.6803442042501275,17.95,-0.04
133.065,3,-35.3604524,149.1650831,99.902,0.6848382552805844,17.94,-0.03
133.165,3,-35.3604361,149.16508299999998,99.901,0.6958785623828224,17.95,-0.03
133.26500000000001,3,-35.360419799999995,149.16508299999998,99.898,0.6744518854305221,17.95,-0.02
133.364,3,-35.3604035,149.1650829,99.896,0.6124790711309106,17.95,-0.01
133.464,3,-35.3603872,149.1650829,99.898,0.5333509027094897,17.96,0.0
133.564,3,-35.3603708,149.1650829,99.901,0.4714977234420592,17.96,0.0
133.66400000000002,3,-35.3603545,149.1650829,99.907,0.43068616921246944,17.97,0.0
133.764,3,-35.3603382,149.1650829,99.912,0.4280251435200883,17.98,0.0
133.864,3,-35.360321899999995,149.1650828,99.917,0.37668239808569093,17.990000000000002,0.0
133.964,3,-35.3603057,149.1650828,99.922,0.36578528483218514,17.98,0.0
134.064,3,-35.3602896,149.1650828,99.926,0.3738657721462805,17.98,0.01
134.16400000000002,3,-35.3602735,149.1650828,99.931,0.3631584100856541,17.97,0.02
134.264,3,-35.3602574,149.1650828,99.935,0.3579367037847529,17.96,0.02
134.364,3,-35.3602413,149.1650828,99.937,0.331338853259239,17.96,0.02
134.464,3,-35.360225199999995,149.1650828,99.938,0.26031139591515906,17.95,0.03
134.564,3,-35.3602092,149.1650828,99.936,0.17044767756257231,17.95,0.03
134.66400000000002,3,-35.3601931,149.1650828,99.934,0.09479224678749305,17.95,0.03
134.764,3,-35.3601771,149.1650828,99.931,0.0699561515109127,17.95,0.03
134.864,3,-35.360161,149.1650828,99.928,0.05095981127878704,17.95,0.03
134.964,3,-35.3601449,149.1650828,99.926,0.047861483391806535,17.95,0.04
135.065,3,-35.3601288,149.1650829,99.925,0.10128059966378121,17.96,0.04
135.165,3,-35.3601124,149.1650829,99.926,0.1081238088818993,17.96,0.04
135.26500000000001,3,-35.3600962,149.1650829,99.929,0.09980855382540463,17.97,0.05
135.364,3,-35.360079899999995,149.16508299999998,99.937,0.10362045305271965,17.98,0.05
135.464,3,-35.360063499999995,149.16508299999998,99.946,0.07665377898213166,17.990000000000002,0.05
135.564,3,-35.3600472,149.1650831,99.953,0.016918253509622623,17.990000000000002,0.05
135.66400000000002,3,-35.3600309,149.1650831,99.95700000000001,-0.04877010865977649,18.0,0.05
135.764,3,-35.3600146,149.1650832,99.959,-0.12021818626182088,18.01,0.05
135.864,3,-35.3599983,149.1650832,99.958,-0.15156907471729675,18.02,0.05
135.964,3,-35.359982099999996,149.1650832,99.95700000000001,-0.15147740077203048,18.02,0.05
136.064,3,-35.359966,149.1650833,99.956,-0.14735167302865187,18.02,0.05
136.16400000000002,3,-35.359949799999995,149.1650833,99.95700000000001,-0.1477573489127536,18.02,0.05
136.264,3,-35.3599337,149.1650834,99.96000000000001,-0.19437404366853855,18.01,0.04
136.364,3,-35.3599177,149.1650834,99.964,-0.20539580787439707,18.01,0.04
136.464,3,-35.3599016,149.16508349999998,99.968,-0.18911231672796933,18.0,0.04
136.564,3,-35.3598855,149.16508349999998,99.97,-0.19626800710061548,17.990000000000002,0.04
136.66400000000002,3,-35.359869499999995,149.1650836,99.97200000000001,-0.2236135232164078,17.990000000000002,0.04
136.764,3,-35.3598534,149.1650836,99.973,-0.24398783076821037,17.990000000000002,0.04
136.864,3,-35.359837299999995,149.1650836,99.97,-0.23905307245372906,18.0,0.03
136.964,3,-35.3598212,149.1650837,99.965,-0.2027308067984756,18.0,0.03
137.064,3,-35.359805099999996,149.1650837,99.958,-0.2006134881764113,18.0,0.03
137.165,3,-35.3597889,149.1650837,99.95,-0.2328295695006574,18.0,0.03
137.26500000000001,3,-35.3597727,149.1650838,99.944,-0.21742218351741602,18.01,0.03
137.365,3,-35.359756399999995,149.1650838,99.94,-0.20994588780038914,18.02,0.03
137.464,3,-35.359740099999996,149.1650838,99.94,-0.18764650743927433,18.03,0.03
137.564,3,-35.359723699999996,149.16508389999998,99.94200000000001,-0.17777640384092988,18.04,0.02
137.66400000000002,3,-35.3597074,149.16508389999998,99.946,-0.18298555700118854,18.05,0.02
137.764,3,-35.359691,149.16508389999998,99.952,-0.154053742790874,18.06,0.02
137.864,3,-35.3596746,149.16508389999998,99.959,-0.1810641927711522,18.07,0.01
137.964,3,-35.3596582,149.165084,99.967,-0.18461176901367304,18.080000000000002,0.01
138.064,3,-35.3596419,149.165084,99.97500000000001,-0.17717834874194388,18.080000000000002,0.01
138.16400000000002,3,-35.3596256,149.165084,99.98,-0.18329530341200598,18.080000000000002,0.01
138.264,3,-35.3596094,149.165084,99.98100000000001,-0.19028641557412393,18.080000000000002,0.01
138.364,3,-35.3595932,149.165084,99.979,-0.1427452573822204,18.07,0.01
138.464,3,-35.359577099999996,149.1650841,99.97500000000001,-0.1021031372007719,18.06,0.01
138.564,3,-35.359561,149.1650841,99.97200000000001,-0.07418889444476365,18.06,0.01
138.66400000000002,3,-35.3595448,149.1650841,99.97,-0.10240369887478552,18.05,0.02
138.764,3,-35.3595287,149.1650841,99.968,-0.16922818197082093,18.04,0.02
138.864,3,-35.359512599999995,149.1650842,99.96600000000001,-0.21876927824864237,18.04,0.02
138.964,3,-35.3594965,149.1650842,99.964,-0.25913681682132844,18.04,0.01
139.064,3,-35.3594803,149.1650842,99.962,-0.31084567106740907,18.04,0.01
139.16400000000002,3,-35.3594642,149.1650842,99.961,-0.32542668420235826,18.04,0.01
139.26500000000001,3,-35.3594478,149.1650843,99.961,-0.2957299821864949,18.04,0.01
139.365,3,-35.3594316,149.1650843,99.962,-0.28537466835281505,18.05,0.01
139.465,3,-35.3594152,149.1650843,99.961,-0.2643432352378764,18.06,0.01
139.564,3,-35.359398899999995,149.1650843,99.961,-0.24843423055703578,18.07,0.01
139.66400000000002,3,-35.359382499999995,149.1650843,99.959,-0.22934865430361032,18.080000000000002,0.01
139.764,3,-35.359366099999995,149.1650843,99.958,-0.2397446024267664,18.09,0.01
139.864,3,-35.359349699999996,149.16508439999998,99.958,-0.2499560020401999,18.1,0.01
139.964,3,-35.359333299999996,149.16508439999998,99.961,-0.20818188472552757,18.1,0.01
140.064,3,-35.359316899999996,149.16508439999998,99.96600000000001,-0.13210247529380506,18.1,0.01
140.16400000000002,3,-35.3593006,149.16508439999998,99.974,-0.1436404390503152,18.1,0.01
140.264,3,-35.3592844,149.16508439999998,99.98400000000001,-0.17005508842764203,18.1,0.0
140.364,3,-35.359268199999995,149.16508439999998,99.995,-0.2043308453126172,18.09,0.0
140.464,3,-35.3592521,149.1650845,100.004,-0.20606843476529788,18.09,0.0
140.564,3,-35.3592359,149.1650845,100.01,-0.22006019734198798,18.080000000000002,0.0
140.66400000000002,3,-35.3592198,149.1650845,100.012,-0.24128873210729174,18.07,0.0
140.764,3,-35.3592036,149.1650845,100.012,-0.2341048938847457,18.07,0.0
140.864,3,-35.3591875,149.1650845,100.01,-0.22644681108213338,18.07,0.0
140.964,3,-35.3591713,149.1650845,100.006,-0.2589663022159161,18.07,0.0
141.064,3,-35.3591552,149.1650845,100.003,-0.2341518247548631,18.07,-0.01
141.16400000000002,3,-35.359139,149.1650845,100.001,-0.2120749591503026,18.06,-0.01
141.26500000000001,3,-35.359122899999996,149.1650845,99.998,-0.17394149274580573,18.06,-0.02
141.365,3,-35.3591066,149.1650845,99.994,-0.13693644829738902,18.06,-0.02
141.465,3,-35.3590903,149.1650845,99.989,-0.12302101842075908,18.06,-0.02
141.565,3,-35.359074,149.1650845,99.985,-0.057940621461243784,18.07,-0.03
141.66400000000002,3,-35.3590576,149.16508439999998,99.98400000000001,-0.028341156259560497,18.080000000000002,-0.04
141.764,3,-35.3590412,149.16508439999998,99.988,-0.027099766042857375,18.09,-0.04
141.864,3,-35.3590248,149.1650843,99.994,-0.018167591158353157,18.1,-0.05
141.964,3,-35.3590084,149.1650843,99.999,0.039903762724946244,18.1,-0.05
142.064,3,-35.3589919,149.1650842,100.002,0.09364872371004483,18.11,-0.05
142.16400000000002,3,-35.3589755,149.1650841,100.003,0.14671770607567042,18.12,-0.05
142.264,3,-35.3589591,149.1650841,100.003,0.19436415857054054,18.12,-0.05
142.364,3,-35.358942899999995,149.165084,100.003,0.25129386534387615,18.11,-0.04
142.464,3,-35.3589266,149.165084,100.002,0.26935832831638473,18.11,-0.04
142.564,3,-35.3589104,149.165084,100.0,0.2959518566128145,18.11,-0.04
142.66400000000002,3,-35.3588942,149.16508389999998,100.0,0.30940258016183236,18.11,-0.03
142.764,3,-35.3588781,149.16508389999998,100.001,0.33866252359678517,18.1,-0.03
142.864,3,-35.3588619,149.1650838,100.001,0.38786744650139504,18.1,-0.03
142.964,3,-35.358845699999996,149.1650838,100.002,0.4064032458874874,18.09,-0.03
143.064,3,-35.3588296,149.1650838,100.004,0.41720831166975664,18.09,-0.02
143.16400000000002,3,-35.358813399999995,149.1650837,100.004,0.43797363421132923,18.080000000000002,-0.02
143.264,3,-35.3587972,149.1650837,100.001,0.4397804593706356,18.080000000000002,-0.01
143.365,3,-35.3587811,149.1650837,99.998,0.4036749321596111,18.07,-0.01
143.465,3,-35.3587647,149.1650837,99.997,0.35157230149962326,18.07,0.0
143.565,3,-35.358748299999995,149.1650837,99.999,0.3114646569609415,18.080000000000002,0.0
143.665,3,-35.358731999999996,149.1650837,99.999,0.2520655166375289,18.080000000000002,0.0
143.764,3,-35.3587156,149.1650837,99.998,0.22118680502906984,18.09,0.0
143.864,3,-35.3586992,149.1650837,99.998,0.18507540812422732,18.1,0.0
143.964,3,-35.3586828,149.1650836,99.996,0.13629238280299796,18.11,0.0
144.064,3,-35.358666299999996,149.1650836,99.996,0.060394880518779934,18.12,0.0
144.16400000000002,3,-35.358649899999996,149.1650836,99.997,0.05502660863025445,18.12,0.0
144.264,3,-35.358633499999996,149.1650836,99.998,0.10928698209342454,18.12,0.0
144.364,3,-35.3586173,149.1650836,99.999,0.17983442521521936,18.12,0.0
144.464,3,-35.358601,149.1650836,99.999,0.19461382066100302,18.11,0.0
144.564,3,-35.358584799999996,149.1650836,99.999,0.2051644485564761,18.11,0.0
144.66400000000002,3,-35.3585686,149.1650836,100.001,0.18883103833216908,18.09,0.0
144.764,3,-35.3585525,149.1650836,100.004,0.17599122984768392,18.080000000000002,0.0
144.864,3,-35.3585363,149.1650836,100.007,0.20127707040274714,18.080000000000002,0.0
144.964,3,-35.3585202,149.1650836,100.01,0.2065886363799163,18.07,0.01
145.064,3,-35.358503999999996,149.1650836,100.015,0.21949689349844706,18.06,0.01
145.16400000000002,3,-35.3584879,149.1650836,100.02,0.19713636159991946,18.05,0.01
145.264,3,-35.358471699999996,149.1650836,100.023,0.14259240521911493,18.05,0.01
145.364,3,-35.3584556,149.1650836,100.023,0.08723106729373027,18.05,0.01
145.465,3,-35.3584394,149.1650836,100.022,0.07249329331320137,18.05,0.01
145.565,3,-35.3584229,149.1650836,100.019,0.051139570651962674,18.05,0.01
145.665,3,-35.358406599999995,149.1650837,100.013,0.016131596143620988,18.06,0.02
145.76500000000001,3,-35.358390199999995,149.1650837,100.005,-0.020212685866029846,18.07,0.02
145.864,3,-35.358373799999995,149.1650837,99.996,-0.03305289622443834,18.080000000000002,0.02
145.964,3,-35.358357399999996,149.1650837,99.99000000000001,-0.009358814079922067,18.09,0.02
146.064,3,-35.358340999999996,149.1650838,99.988,0.02672511615965829,18.1,0.02
146.16400000000002,3,-35.358324599999996,149.1650838,99.991,0.045665904408871395,18.1,0.02
146.264,3,-35.358308199999996,149.1650838,99.995,0.0273362813531889,18.11,0.02
146.364,3,-35.358292,149.1650838,100.002,0.0303760857247615,18.1,0.01
146.464,3,-35.3582757,149.1650838,100.008,0.006200192181110012,18.1,0.01
146.564,3,-35.358259499999996,149.1650838,100.015,0.007439777717093104,18.09,0.01
146.66400000000002,3,-35.3582434,149.1650838,100.021,0.0071706989462850135,18.09,0.0
146.764,3,-35.3582272,149.1650838,100.026,0.03255272493997374,18.080000000000002,0.0
146.864,3,-35.3582111,149.1650838,100.031,0.04741923864820813,18.07,0.0
146.964,3,-35.3581949,149.1650838,100.035,0.02718740624115043,18.07,0.0
147.064,3,-35.3581788,149.1650838,100.036,-0.03394529979312951,18.06,0.0
147.16400000000002,3,-35.3581626,149.1650838,100.033,-0.0992141406046284,18.06,0.0
147.264,3,-35.3581465,149.1650838,100.028,-0.11562595126204511,18.06,0.0
147.364,3,-35.3581303,149.1650838,100.023,-0.07142041333487385,18.06,0.0
147.464,3,-35.358114199999996,149.1650838,100.02,-0.04522546726416466,18.06,0.0
147.565,3,-35.358098,149.1650838,100.019,-0.007670194882455211,18.06,-0.01
147.665,3,-35.3580816,149.1650838,100.018,0.05596166086061854,18.06,-0.01
147.76500000000001,3,-35.3580653,149.1650838,100.015,0.08933633970325447,18.07,-0.01
147.864,3,-35.3580489,149.1650838,100.009,0.08818188432107026,18.07,-0.01
147.964,3,-35.3580325,149.1650838,100.005,0.06922068554562645,18.080000000000002,0.0
148.064,3,-35.3580161,149.1650838,100.0,0.12989481674779677,18.09,0.0
148.16400000000002,3,-35.3579996,149.1650838,99.998,0.17552182776501743,18.1,0.0
148.264,3,-35.3579832,149.1650838,99.999,0.2074691704938926,18.11,0.0
148.364,3,-35.3579668,149.1650838,100.003,0.20003238848843133,18.11,0.0
148.464,3,-35.3579504,149.1650838,100.006,0.1715962966014716,18.12,0.0
148.564,3,-35.3579341,149.1650838,100.008,0.13795153180192926,18.11,0.0
148.66400000000002,3,-35.3579179,149.1650838,100.013,0.12831434832645283,18.11,0.0
148.764,3,-35.3579017,149.1650838,100.017,0.114479319914916,18.1,0.0
148.864,3,-35.3578855,149.1650838,100.02,0.13377343038143844,18.09,0.0
148.964,3,-35.3578693,149.1650838,100.023,0.14470133284706216,18.080000000000002,0.0
149.064,3,-35.3578532,149.1650838,100.021,0.15151131159404255,18.07,0.0
149.16400000000002,3,-35.357836999999996,149.1650838,100.017,0.16528542859200462,18.07,0.0
149.264,3,-35.3578209,149.1650838,100.012,0.1628247729022282,18.06,0.0
149.364,3,-35.3578048,149.1650838,100.005,0.18316388897154934,18.06,0.01
149.464,3,-35.3577886,149.1650838,99.999,0.18076625244903685,18.05,0.01
149.564,3,-35.357772499999996,149.16508389999998,99.995,0.17506042981028458,18.05,0.01
149.665,3,-35.357756099999996,149.16508389999998,99.996,0.1451191883458362,18.05,0.01
149.76500000000001,3,-35.3577398,149.16508389999998,100.0,0.07542634596351278,18.05,0.01
149.865,3,-35.3577235,149.165084,100.004,0.02610069246171099,18.06,0.01
149.964,3,-35.3577071,149.165084,100.009,-0.009734211015061622,18.07,0.0
150.064,3,-35.3576907,149.165084,100.013,-0.01126538984983772,18.07,0.0
150.16400000000002,3,-35.3576743,149.165084,100.016,-0.0032265148296005755,18.080000000000002,0.0
150.264,3,-35.3576579,149.165084,100.016,0.0034092597008072737,18.09,0.0
150.364,3,-35.3576415,149.165084,100.014,-0.00756453955996825,18.09,0.0
150.464,3,-35.3576252,149.165084,100.012,-0.03148140576659328,18.1,0.0
150.564,3,-35.357608899999995,149.165084,100.008,-0.07798690651011386,18.1,0.0
150.66400000000002,3,-35.3575927,149.165084,100.007,-0.07536006511411589,18.1,0.0
150.764,3,-35.3575765,149.165084,100.007,-0.06484128697771195,18.1,0.0
150.864,3,-35.357560299999996,149.165084,100.006,-0.005591459492084227,18.09,0.0
150.964,3,-35.3575441,149.165084,100.008,0.0013253379898847239,18.080000000000002,-0.01
151.064,3,-35.357527999999995,149.165084,100.01,0.05774860243211651,18.080000000000002,-0.01
151.16400000000002,3,-35.3575118,149.165084,100.012,0.13911111649609761,18.07,0.0
151.264,3,-35.3574957,149.165084,100.014,0.1924023201335866,18.07,0.0
151.364,3,-35.3574796,149.165084,100.015,0.211601354900471,18.06,0.0
151.464,3,-35.3574634,149.165084,100.015,0.14459786615330703,18.06,0.0
151.564,3,-35.3574473,149.165084,100.013,0.09588253574407618,18.05,0.0
151.66400000000002,3,-35.3574311,149.165084,100.012,0.07335130247715116,18.05,0.0
151.76500000000001,3,-35.3574148,149.165084,100.013,0.0745864061183731,18.05,0.0
151.865,3,-35.357398599999996,149.165084,100.011,0.0821060708685869,18.05,0.0
151.965,3,-35.3573823,149.165084,100.007,0.08726279699088042,18.05,0.0
152.064,3,-35.3573659,149.165084,100.005,0.08871608648946591,18.06,0.01
152.16400000000002,3,-35.3573495,149.165084,100.003,0.09760601792127385,18.07,0.01
152.264,3,-35.3573331,149.1650841,100.002,0.0897542485628814,18.080000000000002,0.01
152.364,3,-35.3573167,149.1650841,100.002,0.04912275386126476,18.09,0.01
152.464,3,-35.3573003,149.1650841,100.001,0.05056455743626553,18.1,0.01
152.564,3,-35.3572839,149.1650841,100.003,0.03014971231153252,18.11,0.01
152.66400000000002,3,-35.3572675,149.1650841,100.005,0.008555225482050875,18.11,0.01
152.764,3,-35.3572512,149.1650841,100.009,0.030624610562046746,18.11,0.0
152.864,3,-35.357234999999996,149.1650841,100.012,0.0537330314994242,18.1,0.0
152.964,3,-35.3572188,149.1650841,100.012,0.06561066376501026,18.1,0.0
153.064,3,-35.3572026,149.1650841,100.013,0.03440609743826736,18.09,0.0
153.16400000000002,3,-35.3571865,149.1650842,100.015,-0.006571428637250742,18.080000000000002,0.0
153.264,3,-35.3571703,149.1650842,100.015,-0.058664514791559354,18.07,0.0
153.364,3,-35.3571542,149.1650842,100.014,-0.10373373147330005,18.07,0.0
153.464,3,-35.357138,149.1650842,100.012,-0.0971454003690145,18.07,0.0
153.564,3,-35.357121899999996,149.1650842,100.008,-0.054935071422173715,18.06,0.0
153.66400000000002,3,-35.3571057,149.1650841,100.003,0.04117570870003592,18.06,0.0
153.76500000000001,3,-35.3570895,149.1650841,99.998,0.07790206942412423,18.06,0.0
153.865,3,-35.357073199999995,149.1650841,99.993,0.07880608898347904,18.06,0.0
153.965,3,-35.357056899999996,149.1650841,99.991,0.0796730160799682,18.07,0.0
154.065,3,-35.3570405,149.1650841,99.989,0.094307803614418,18.07,0.0
154.16400000000002,3,-35.3570241,149.1650841,99.988,0.05771021596856824,18.080000000000002,0.0
154.264,3,-35.3570077,149.1650841,99.988,0.017360636657933217,18.09,0.0
154.364,3,-35.3569913,149.1650841,99.98700000000001,0.0072892559224849605,18.09,0.0
154.464,3,-35.3569749,149.1650841,99.986,0.006756863020507631,18.1,0.0
154.564,3,-35.3569585,149.1650841,99.983,0.007314240474324389,18.11,0.0
154.66400000000002,3,-35.3569421,149.1650841,99.98400000000001,0.02283648902846636,18.11,0.0
154.764,3,-35.3569259,149.1650841,99.98700000000001,0.08763625626004938,18.11,0.0
154.864,3,-35.3569096,149.1650841,99.99000000000001,0.13337307724241254,18.11,0.0
154.964,3,-35.3568934,149.1650841,99.994,0.11196922539493631,18.1,0.0
155.064,3,-35.3568772,149.1650841,99.998,0.06831151666396768,18.1,0.0
155.16400000000002,3,-35.356861099999996,149.1650841,100.001,0.06177927448617689,18.1,0.0
155.264,3,-35.3568449,149.1650841,100.001,0.050881757691221136,18.1,0.0
155.364,3,-35.3568287,149.1650841,99.996,0.038142694496993666,18.1,0.0
155.464,3,-35.3568126,149.1650841,99.989,0.058721891048630105,18.1,0.0
155.564,3,-35.3567964,149.1650841,99.982,0.0569318745579843,18.1,-0.01
155.66400000000002,3,-35.356780199999996,149.1650841,99.97500000000001,0.058881393308027094,18.1,-0.01
155.764,3,-35.356764,149.1650841,99.971,0.05296974451946205,18.1,-0.02
155.865,3,-35.3567478,149.1650841,99.97,0.07773333573717714,18.09,-0.03
155.965,3,-35.356731499999995,149.1650841,99.97200000000001,0.08400479675678434,18.09,-0.03
156.065,3,-35.3567152,149.1650841,99.976,0.06513820010340918,18.09,-0.03
156.165,3,-35.3566988,149.165084,99.979,0.13939535641923329,18.1,-0.03
156.264,3,-35.3566824,149.165084,99.98100000000001,0.22993138149760348,18.1,-0.03
156.364,3,-35.356666,149.16508389999998,99.98100000000001,0.29408163876027393,18.11,-0.03
156.464,3,-35.3566496,149.16508389999998,99.98100000000001,0.31438635041969376,18.12,-0.02
156.564,3,-35.356633099999996,149.16508389999998,99.98,0.29831312771408197,18.12,-0.02
156.66400000000002,3,-35.3566167,149.1650838,99.98,0.32607058961419066,18.13,-0.01
156.764,3,-35.3566004,149.1650838,99.977,0.33069854970497675,18.13,-0.01
156.864,3,-35.3565841,149.1650838,99.97500000000001,0.2919417084767972,18.13,-0.01
156.964,3,-35.3565679,149.1650838,99.974,0.21333387507212703,18.13,-0.01
157.064,3,-35.356551599999996,149.1650838,99.979,0.19596989335572823,18.12,-0.01
157.16400000000002,3,-35.3565354,149.1650837,99.988,0.21679211190669556,18.12,-0.02
157.264,3,-35.3565192,149.1650837,99.997,0.2457772869699008,18.11,-0.02
157.364,3,-35.356503,149.1650837,100.005,0.23524198697942061,18.1,-0.01
157.464,3,-35.3564868,149.1650837,100.011,0.28917617555402964,18.09,-0.01
157.564,3,-35.3564706,149.1650837,100.012,0.34033805437755393,18.080000000000002,0.0
157.66400000000002,3,-35.3564544,149.1650837,100.01,0.3714565563186907,18.07,0.0
157.764,3,-35.3564383,149.1650836,100.006,0.3671086339838751,18.06,0.0
157.864,3,-35.356422099999996,149.1650836,100.002,0.36520242423605975,18.06,0.0
157.965,3,-35.3564059,149.1650836,99.997,0.324815195508657,18.05,0.0
158.065,3,-35.3563895,149.1650836,99.994,0.32278721629454504,18.05,0.0
158.165,3,-35.3563732,149.1650836,99.992,0.30686006892372153,18.05,0.0
158.26500000000001,3,-35.3563568,149.1650836,99.99000000000001,0.2919407746618716,18.06,0.01
158.364,3,-35.3563404,149.1650836,99.988,0.3398579934645225,18.06,0.01
158.464,3,-35.356324,149.1650836,99.988,0.3756469307353464,18.06,0.02
158.564,3,-35.3563076,149.1650836,99.99000000000001,0.3555345315897447,18.07,0.03
158.66400000000002,3,-35.3562912,149.1650837,99.993,0.2978359216066802,18.07,0.03
158.764,3,-35.3562748,149.1650837,99.995,0.24542046294662054,18.080000000000002,0.03
158.864,3,-35.3562584,149.1650837,99.996,0.1473155744116713,18.080000000000002,0.03
158.964,3,-35.356242099999996,149.1650837,99.995,0.07167803286252365,18.080000000000002,0.03
159.064,3,-35.3562259,149.1650838,99.996,-0.009216137164452187,18.09,0.02
159.16400000000002,3,-35.3562097,149.1650838,99.995,-0.03807968866994294,18.080000000000002,0.02
159.264,3,-35.356193499999996,149.1650838,99.994,-0.018157304186431817,18.080000000000002,0.02
159.364,3,-35.3561774,149.1650838,99.992,0.005299276305737778,18.07,0.02
159.464,3,-35.356161199999995,149.1650838,99.991,0.05012229268234729,18.07,0.02
159.564,3,-35.3561451,149.16508389999998,99.99000000000001,0.09112763018426304,18.06,0.02
159.66400000000002,3,-35.3561289,149.16508389999998,99.988,0.11201463548074632,18.06,0.02
159.764,3,-35.3561128,149.16508389999998,99.98700000000001,0.06886190718110906,18.05,0.01
159.864,3,-35.3560966,149.16508389999998,99.98400000000001,0.010717356381620123,18.05,0.01
159.964,3,-35.3560805,149.16508389999998,99.982,-0.0007365684088446017,18.04,0.01
160.065,3,-35.3560641,149.16508389999998,99.98,-0.02291263163048812,18.05,0.02
160.165,3,-35.3560478,149.16508389999998,99.977,-0.06029653646690233,18.05,0.02
160.26500000000001,3,-35.3560315,149.165084,99.974,-0.10849962269870206,18.06,0.02
160.364,3,-35.3560151,149.165084,99.97200000000001,-0.14843824673585249,18.06,0.03
160.464,3,-35.3559987,149.165084,99.97,-0.1496489911477298,18.07,0.03
160.564,3,-35.3559823,149.1650841,99.97,-0.12838334390924055,18.080000000000002,0.03
160.66400000000002,3,-35.3559659,149.1650841,99.973,-0.1051394697818533,18.080000000000002,0.03
160.764,3,-35.3559495,149.1650841,99.97800000000001,-0.07427834724452834,18.09,0.03
160.864,3,-35.355933199999996,149.1650842,99.979,-0.038954703270698346,18.09,0.03
160.964,3,-35.3559169,149.1650842,99.97800000000001,-0.03377529878592628,18.09,0.03
161.064,3,-35.3559007,149.1650842,99.97500000000001,-0.06585999235014217,18.09,0.03
161.16400000000002,3,-35.3558845,149.1650843,99.974,-0.11279885325525485,18.080000000000002,0.03
161.264,3,-35.3558684,149.1650843,99.974,-0.1274632427228458,18.080000000000002,0.02
161.364,3,-35.3558522,149.1650843,99.977,-0.11070542028496579,18.07,0.02
161.464,3,-35.3558361,149.16508439999998,99.983,-0.13306853351475195,18.06,0.03
161.564,3,-35.35582,149.16508439999998,99.989,-0.1353099294600004,18.06,0.03
161.66400000000002,3,-35.3558038,149.16508439999998,99.995,-0.1509785301583551,18.05,0.03
161.764,3,-35.3557877,149.1650845,100.001,-0.1945765881258985,18.04,0.02
161.864,3,-35.3557716,149.1650845,100.005,-0.2304356949182737,18.03,0.02
161.964,3,-35.3557554,149.1650845,100.007,-0.27363135869416816,18.03,0.02
162.064,3,-35.355739299999996,149.1650846,100.005,-0.2789578390297203,18.03,0.02
162.165,3,-35.355723,149.1650846,99.999,-0.28524566849095173,18.03,0.01
162.26500000000001,3,-35.3557068,149.1650846,99.991,-0.26704614919977676,18.03,0.01
162.365,3,-35.3556905,149.1650846,99.983,-0.2744289700427523,18.04,0.01
162.464,3,-35.355674199999996,149.1650846,99.979,-0.2781239956620234,18.05,0.0
162.564,3,-35.355657799999996,149.1650846,99.97800000000001,-0.273984740942437,18.05,0.0
162.66400000000002,3,-35.355641399999996,149.1650846,99.97800000000001,-0.24226163385762187,18.06,0.0
162.764,3,-35.355624999999996,149.1650846,99.98100000000001,-0.20710031359828548,18.07,0.0
162.864,3,-35.3556086,149.1650846,99.986,-0.17816040187854476,18.07,0.0
162.964,3,-35.3555922,149.1650846,99.993,-0.10801007689406933,18.07,0.0
163.064,3,-35.3555759,149.1650846,100.001,-0.0960475275012143,18.07,0.0
163.16400000000002,3,-35.3555596,149.1650846,100.007,-0.10764460174251415,18.07,0.0
163.264,3,-35.3555434,149.1650847,100.012,-0.11170535597739169,18.07,0.0
163.364,3,-35.3555272,149.1650847,100.015,-0.12161772137122558,18.07,0.0
163.464,3,-35.3555111,149.1650847,100.016,-0.1218252950889705,18.07,0.0
163.564,3,-35.3554949,149.1650847,100.017,-0.11978157442325574,18.06,0.0
163.66400000000002,3,-35.3554788,149.1650847,100.018,-0.10224474356413066,18.06,0.0
163.764,3,-35.3554627,149.1650847,100.018,-0.05481956518598513,18.06,0.0
163.864,3,-35.3554465,149.1650847,100.019,-0.04076398969934431,18.06,0.01
163.964,3,-35.355430399999996,149.1650847,100.021,-0.022693201798241542,18.05,0.01
164.064,3,-35.3554142,149.1650847,100.023,0.00681409086770628,18.05,0.01
164.165,3,-35.355398099999995,149.1650848,100.024,-0.02523429897375074,18.05,0.01
164.26500000000001,3,-35.355381699999995,149.1650848,100.026,-0.08512037208753105,18.05,0.0
164.365,3,-35.3553654,149.1650848,100.026,-0.10525012018042883,18.05,0.0
164.465,3,-35.3553491,149.1650848,100.025,-0.10120780212022504,18.06,0.0
164.564,3,-35.3553327,149.1650848,100.022,-0.10741584376617161,18.07,0.0
164.66400000000002,3,-35.3553163,149.1650848,100.018,-0.10330170866808353,18.07,0.0
164.764,3,-35.3552999,149.1650848,100.013,-0.12901635036687,18.09,0.0
164.864,3,-35.3552835,149.1650848,100.008,-0.13092620199289515,18.1,-0.01
164.964,3,-35.3552671,149.1650848,100.003,-0.12123012147604058,18.11,-0.01
165.064,3,-35.3552507,149.1650848,99.999,-0.12174111834353538,18.12,-0.02
165.16400000000002,3,-35.3552344,149.1650848,99.999,-0.11613163872467729,18.12,-0.02
165.264,3,-35.355218199999996,149.1650848,100.003,-0.06654069674014931,18.11,-0.02
165.364,3,-35.355202,149.1650847,100.009,-0.046596667760684385,18.1,-0.02
165.464,3,-35.3551858,149.1650847,100.018,0.001614517022745673,18.09,-0.02
165.564,3,-35.3551697,149.1650847,100.025,0.04729605511930989,18.080000000000002,-0.02
165.66400000000002,3,-35.3551535,149.1650847,100.031,0.08927374742281366,18.07,-0.02
165.764,3,-35.3551374,149.1650846,100.033,0.11267763073770035,18.06,-0.02
165.864,3,-35.3551212,149.1650846,100.034,0.12032380072990484,18.05,-0.02
165.964,3,-35.355105099999996,149.1650846,100.03,0.10192013615578316,18.05,-0.02
166.064,3,-35.3550889,149.1650846,100.025,0.13357582180297084,18.04,-0.02
166.16400000000002,3,-35.355072799999995,149.1650846,100.02,0.17420961769136842,18.04,-0.01
166.26500000000001,3,-35.3550567,149.1650846,100.014,0.18034319426710596,18.03,0.0
166.365,3,-35.3550404,149.1650846,100.009,0.19625548064039938,18.02,0.0
166.465,3,-35.355024199999995,149.1650846,100.008,0.15887486916912452,18.02,0.0
166.565,3,-35.3550079,149.1650846,100.01,0.09930616806554507,18.02,0.0
166.66400000000002,3,-35.3549916,149.1650846,100.015,0.027914913101722696,18.03,0.0
166.764,3,-35.3549752,149.1650845,100.022,-0.009267956388952366,18.03,-0.01
166.864,3,-35.3549588,149.1650845,100.026,-0.050469324989122114,18.04,-0.01
166.964,3,-35.3549424,149.1650845,100.027,-0.08047144118155888,18.05,-0.01
167.064,3,-35.3549261,149.1650845,100.026,-0.10836010407871266,18.05,-0.01
167.16400000000002,3,-35.354909899999996,149.1650845,100.024,-0.08327293931917483,18.06,-0.01
167.264,3,-35.3548936,149.16508439999998,100.02,-0.022548013587632493,18.06,-0.01
167.364,3,-35.3548775,149.16508439999998,100.016,0.0785604422971966,18.06,0.0
167.464,3,-35.354861299999996,149.16508439999998,100.012,0.13599224134570087,18.06,0.0
167.564,3,-35.3548451,149.16508439999998,100.011,0.11735800452623837,18.06,0.0
167.66400000000002,3,-35.354828999999995,149.16508439999998,100.012,0.08271220346667925,18.06,0.0
167.764,3,-35.3548128,149.16508439999998,100.015,0.06538408024342302,18.05,0.0
167.864,3,-35.3547967,149.16508439999998,100.018,0.02866574032253486,18.05,0.0
167.964,3,-35.3547805,149.16508439999998,100.021,-0.021270284630110787,18.05,0.0
168.064,3,-35.3547643,149.16508439999998,100.02,-0.06102888082229447,18.06,0.0
168.16400000000002,3,-35.354748199999996,149.16508439999998,100.016,-0.06095306839054997,18.06,0.0
168.264,3,-35.354732,149.16508439999998,100.008,-0.01567479889492329,18.07,-0.01
168.365,3,-35.3547158,149.1650843,99.999,0.035162867724070235,18.07,-0.01
168.465,3,-35.3546994,149.1650843,99.991,0.058269350995477094,18.07,-0.01
168.565,3,-35.354683,149.1650843,99.98400000000001,0.06683528199863917,18.080000000000002,-0.01
168.665,3,-35.3546666,149.1650843,99.98100000000001,0.08575512611309266,18.09,-0.01
168.764,3,-35.3546502,149.1650843,99.982,0.11963600601656985,18.1,0.0
168.864,3,-35.354633799999995,149.1650843,99.98400000000001,0.1277447345620576,18.1,0.0
168.964,3,-35.3546173,149.1650843,99.986,0.11661292693732518,18.11,0.0
169.064,3,-35.3546009,149.1650843,99.988,0.11826548587092447,18.12,0.01
169.16400000000002,3,-35.3545844,149.1650843,99.992,0.11865269889992602,18.12,0.01
169.264,3,-35.354568,149.1650843,99.994,0.11280246845303821,18.12,0.02
169.364,3,-35.354551799999996,149.1650843,99.995,0.06406322571160569,18.12,0.02
169.464,3,-35.3545355,149.1650843,99.993,0.016059248832261085,18.11,0.02
169.564,3,-35.3545193,149.1650843,99.992,-0.04519473474795291,18.11,0.02
169.66400000000002,3,-35.354503099999995,149.16508439999998,99.992,-0.08460229823692161,18.1,0.02
169.764,3,-35.3544869,149.16508439999998,99.993,-0.1142380488185706,18.09,0.01
169.864,3,-35.3544708,149.16508439999998,99.993,-0.11839143082395981,18.080000000000002,0.01
169.964,3,-35.3544546,149.16508439999998,99.993,-0.11867693806735163,18.07,0.01
170.064,3,-35.3544385,149.16508439999998,99.991,-0.13420321203083355,18.07,0.02
170.16400000000002,3,-35.354422299999996,149.1650845,99.989,-0.13388648868850064,18.06,0.01
170.264,3,-35.3544062,149.1650845,99.98700000000001,-0.1043383299468718,18.05,0.01
170.364,3,-35.354389999999995,149.1650845,99.985,-0.07583951237733905,18.05,0.02
170.465,3,-35.3543738,149.1650845,99.983,-0.09955942534347106,18.05,0.02
170.565,3,-35.3543573,149.1650846,99.98100000000001,-0.14310888491424426,18.05,0.02
170.665,3,-35.354341,149.1650846,99.982,-0.15017188748541924,18.06,0.01
170.76500000000001,3,-35.3543246,149.1650846,99.98400000000001,-0.15120492691695722,18.07,0.01
170.864,3,-35.3543082,149.1650846,99.986,-0.17848722376228723,18.080000000000002,0.01
170.964,3,-35.3542918,149.1650846,99.986,-0.17288322697106367,18.09,0.01
171.064,3,-35.3542754,149.1650847,99.983,-0.1604630749141376,18.1,0.01
171.16400000000002,3,-35.354259,149.1650847,99.979,-0.21157471449466528,18.11,0.0
171.264,3,-35.3542426,149.1650847,99.97500000000001,-0.25657997819421646,18.12,0.0
171.364,3,-35.3542264,149.1650847,99.97500000000001,-0.28273186539169615,18.12,0.0
171.464,3,-35.354210099999996,149.1650847,99.98,-0.26349119581934377,18.12,-0.01
171.564,3,-35.3541939,149.1650847,99.98700000000001,-0.24432312368734924,18.11,-0.01
171.66400000000002,3,-35.3541777,149.1650846,99.995,-0.17779938902831258,18.11,-0.01
171.764,3,-35.3541616,149.1650846,100.004,-0.11239013580253836,18.1,-0.01
171.864,3,-35.3541454,149.1650846,100.01,-0.08660889975934426,18.1,0.0
171.964,3,-35.354129199999996,149.1650847,100.014,-0.028070666761204108,18.09,0.0
172.064,3,-35.3541131,149.1650847,100.013,-0.005397119265856207,18.09,0.0
172.16400000000002,3,-35.3540969,149.1650847,100.009,0.036009817851258424,18.09,0.0
172.264,3,-35.3540807,149.1650847,100.006,0.07671100849685697,18.080000000000002,0.0
172.364,3,-35.3540646,149.1650847,100.003,0.06176820210920207,18.080000000000002,-0.01
172.464,3,-35.354048399999996,149.1650847,100.001,0.04908571475925199,18.080000000000002,-0.01
172.565,3,-35.3540321,149.1650847,99.998,0.015022102282577167,18.07,-0.01
172.665,3,-35.3540158,149.1650847,99.998,-0.024088393000715608,18.080000000000002,-0.01
172.76500000000001,3,-35.3539994,149.1650847,100.0,-0.05688936596855023,18.080000000000002,-0.02
172.864,3,-35.3539831,149.1650847,100.001,-0.05456821555854999,18.09,-0.03
172.964,3,-35.3539667,149.1650846,100.001,0.0005960469800143421,18.1,-0.03
173.064,3,-35.3539502,149.1650846,99.999,0.02347174664707713,18.1,-0.03
173.16400000000002,3,-35.3539338,149.1650846,99.996,0.050733194406666744,18.11,-0.03
173.264,3,-35.3539173,149.1650845,99.992,0.1036119486667902,18.12,-0.03
173.364,3,-35.3539009,149.1650845,99.991,0.1265031875978491,18.12,-0.03
173.464,3,-35.3538845,149.1650845,99.992,0.14121900358741346,18.13,-0.03
173.564,3,-35.3538682,149.16508439999998,99.994,0.14691366046769838,18.13,-0.03
173.66400000000002,3,-35.353851999999996,149.16508439999998,99.996,0.1566451859310856,18.12,-0.03
173.764,3,-35.3538357,149.16508439999998,99.999,0.17503020088712198,18.12,-0.03
173.864,3,-35.3538195,149.1650843,100.002,0.19251513831681083,18.1,-0.03
173.964,3,-35.3538034,149.1650843,100.003,0.19537425283533552,18.09,-0.03
174.064,3,-35.3537872,149.1650843,100.004,0.22330860596277696,18.09,-0.03
174.16400000000002,3,-35.353771,149.1650842,100.002,0.26358294980588937,18.080000000000002,-0.03
174.264,3,-35.3537549,149.1650842,99.999,0.31274203573786613,18.080000000000002,-0.03
174.364,3,-35.3537387,149.1650842,99.997,0.37791087164094117,18.07,-0.03
174.464,3,-35.3537226,149.1650841,99.995,0.3781620411754978,18.07,-0.03
174.564,3,-35.3537064,149.1650841,99.995,0.35613724242314543,18.06,-0.03
174.665,3,-35.35369,149.165084,99.993,0.3470438593994784,18.07,-0.03
174.76500000000001,3,-35.3536737,149.165084,99.991,0.36539305588301185,18.07,-0.02
174.865,3,-35.3536573,149.165084,99.988,0.3684021010579463,18.080000000000002,-0.01
174.964,3,-35.353640899999995,149.16508389999998,99.98100000000001,0.3711056553500813,18.09,-0.01
175.064,3,-35.353624499999995,149.16508389999998,99.973,0.36117421345133893,18.09,0.0
175.16400000000002,3,-35.353608099999995,149.16508389999998,99.965,0.344112934513176,18.1,0.0
175.264,3,-35.353591699999996,149.16508389999998,99.96300000000001,0.3322887298015468,18.11,0.0
175.364,3,-35.353575299999996,149.16508389999998,99.96600000000001,0.31631825341817604,18.12,0.0
175.464,3,-35.353558899999996,149.16508389999998,99.973,0.2792846208928231,18.12,0.01
175.564,3,-35.3535426,149.16508389999998,99.979,0.27835659561977405,18.12,0.01
175.66400000000002,3,-35.3535264,149.165084,99.98400000000001,0.30075251910398143,18.11,0.02
175.764,3,-35.353510199999995,149.165084,99.988,0.28738066289553604,18.1,0.02
175.864,3,-35.353494,149.165084,99.99000000000001,0.2275288090961986,18.1,0.02
175.964,4,-35.3534778,149.16508389999998,99.991,0.16163135742732712,18.09,0.02
176.064,4,-35.3534617,149.16508389999998,99.991,0.21365809561429108,18.080000000000002,0.01
176.16400000000002,4,-35.3534455,149.16508389999998,99.992,1.0312498152537342,18.09,0.0
176.264,4,-35.3534293,149.16508389999998,99.993,3.745811490844747,18.080000000000002,0.0
176.364,4,-35.3534132,149.16508389999998,99.994,9.09706577629016,18.02,0.07
176.464,4,-35.353397199999996,149.1650841,99.998,16.614539316440858,17.88,0.3
176.564,4,-35.353381299999995,149.1650847,100.001,25.127210692250145,17.64,0.6900000000000001
176.665,4,-35.3533656,149.16508579999999,99.993,33.23736706743953,17.34,1.19
176.76500000000001,4,-35.3533501,149.1650875,99.968,39.78134399047207,17.0,1.78
176.865,4,-35.353335,149.1650899,99.926,43.98249089610936,16.63,2.45
176.965,4,-35.3533202,149.1650931,99.877,45.96727215192878,16.2,3.2
177.064,5,-35.3533058,149.1650972,99.837,46.27290262671934,15.68,4.05
177.16400000000002,5,-35.353291899999995,149.1651023,99.822,45.6460893363981,15.08,4.91
177.264,5,-35.3532785,149.16510829999999,99.842,44.767559669499796,14.42,5.71
177.364,5,-35.353265799999996,149.1651152,99.9,44.06475369447299,13.72,6.43
177.464,5,-35.353253699999996,149.1651228,99.989,43.74104029385482,13.01,7.07
177.564,5,-35.3532422,149.1651311,100.104,43.76202605007969,12.32,7.6000000000000005
177.66400000000002,5,-35.3532314,149.16513989999999,100.233,43.961382196479434,11.66,8.06
177.764,5,-35.3532213,149.16514909999998,100.36500000000001,44.1997284777562,11.06,8.44
177.864,5,-35.3532116,149.16515859999998,100.49000000000001,44.418472116115026,10.51,8.76
177.964,5,-35.3532024,149.1651684,100.604,44.60598129939939,10.0,9.03
178.064,5,-35.3531937,149.1651785,100.69800000000001,44.727234232640036,9.52,9.28
178.16400000000002,5,-35.3531854,149.16518879999998,100.77,44.72733668547759,9.040000000000001,9.5
178.264,5,-35.353177599999995,149.1651994,100.82300000000001,44.69392681515247,8.55,9.71
178.364,5,-35.3531702,149.1652101,100.858,44.62382858370063,8.03,9.91
178.464,5,-35.3531632,149.1652211,100.879,44.55727180533344,7.48,10.120000000000001
178.564,5,-35.3531568,149.16523229999999,100.891,44.493819347944026,6.890000000000001,10.31
178.66400000000002,5,-35.353150899999996,149.16524379999998,100.895,44.48490936617174,6.24,10.5
178.76500000000001,5,-35.3531456,149.1652554,100.898,44.495537140520284,5.54,10.68
178.865,5,-35.3531409,149.1652674,100.901,44.53713299256566,4.8100000000000005,10.85
178.965,5,-35.353136899999996,149.1652795,100.907,44.57986265601326,4.0600000000000005,10.99
179.065,5,-35.3531336,149.16529169999998,100.919,44.62861654630881,3.3000000000000003,11.11
179.16400000000002,5,-35.353131,149.1653041,100.936,44.67389045522224,2.54,11.19
179.264,5,-35.353128999999996,149.16531659999998,100.95700000000001,44.69497524919007,1.8,11.25
179.364,5,-35.3531277,149.16532909999998,100.98,44.73378438405408,1.08,11.290000000000001
179.464,5,-35.3531271,149.1653417,101.0,44.723481043691116,0.37,11.290000000000001
179.564,5,-35.353127,149.1653542,101.018,44.72003862834943,-0.32,11.28
179.66400000000002,5,-35.3531276,149.1653667,101.034,44.74076142229125,-1.02,11.24
179.764,5,-35.3531289,149.1653789,101.049,44.71366606185381,-1.71,11.16
179.864,5,-35.3531307,149.1653911,101.059,44.678606700844135,-2.4,11.07
179.964,5,-35.3531331,149.1654031,101.06400000000001,44.66602549239297,-3.08,10.950000000000001
180.064,5,-35.3531361,149.165415,101.06700000000001,44.65760045405176,-3.77,10.8
180.16400000000002,5,-35.3531398,149.16542669999998,101.068,44.66501462439581,-4.44,10.64
180.264,5,-35.353144,149.16543819999998,101.065,44.68535834283869,-5.11,10.46
180.364,5,-35.3531489,149.1654495,101.06,44.71888774147428,-5.78,10.26
180.464,5,-35.3531543,149.1654606,101.054,44.74970897010397,-6.44,10.040000000000001
180.564,5,-35.3531603,149.1654714,101.045,44.715103816674095,-7.1000000000000005,9.790000000000001
180.66400000000002,5,-35.353167,149.1654819,101.032,44.682325738847204,-7.75,9.53
180.764,5,-35.3531742,149.1654922,101.021,44.67509256851616,-8.4,9.24
180.865,5,-35.353182,149.1655021,101.009,44.64466749085834,-9.040000000000001,8.93
180.965,5,-35.3531905,149.16551189999998,100.995,44.62029737589973,-9.69,8.59
181.065,5,-35.353199599999996,149.1655212,100.98,44.67838130460152,-10.32,8.24
181.165,5,-35.353209199999995,149.16553009999998,100.965,44.73244566697676,-10.94,7.87
181.264,5,-35.3532194,149.1655386,100.947,44.780171613802224,-11.56,7.48
181.364,5,-35.3532302,149.1655467,100.929,44.837330051871476,-12.16,7.05
181.464,5,-35.3532414,149.1655543,100.911,44.82050046575657,-12.75,6.61
181.564,5,-35.3532532,149.1655613,100.895,44.81678825794266,-13.32,6.15
181.66400000000002,5,-35.3532655,149.16556789999999,100.882,44.84537601471375,-13.870000000000001,5.67
181.764,5,-35.3532782,149.1655738,100.873,44.84466225994549,-14.41,5.17
181.864,5,-35.353291299999995,149.1655792,100.864,44.80416948345106,-14.92,4.66
181.964,5,-35.3533048,149.165584,100.85600000000001,44.76670248075896,-15.41,4.12
182.064,5,-35.3533188,149.1655882,100.84700000000001,44.723416156894004,-15.870000000000001,3.5700000000000003
182.16400000000002,5,-35.3533332,149.1655917,100.83800000000001,44.55418797492318,-16.32,3.0
182.264,5,-35.353347899999996,149.16559469999999,100.82900000000001,44.16904043781533,-16.740000000000002,2.42
182.364,5,-35.353363,149.165597,100.819,43.461555783207075,-17.13,1.85
182.464,5,-35.3533785,149.1655987,100.81,42.340066042247656,-17.47,1.28
182.564,5,-35.3533942,149.1655998,100.8,40.81469697038163,-17.78,0.73
182.66400000000002,5,-35.3534102,149.1656003,100.792,38.97493429101993,-18.04,0.2
182.764,5,-35.3534264,149.1656002,100.787,36.78460190722355,-18.25,-0.29
182.864,5,-35.353442799999996,149.1655997,100.78,34.30201938922068,-18.400000000000002,-0.73
182.965,5,-35.3534593,149.16559859999998,100.77,31.52577971804228,-18.51,-1.1300000000000001
183.065,5,-35.3534761,149.1655973,100.752,28.550820815604233,-18.580000000000002,-1.46
183.165,5,-35.3534929,149.1655956,100.72500000000001,25.43820798818104,-18.61,-1.73
183.264,5,-35.3535097,149.1655936,100.687,22.25087118369062,-18.63,-1.96
183.364,5,-35.353526599999995,149.1655913,100.634,19.00776588462704,-18.63,-2.14
183.464,5,-35.3535435,149.1655889,100.569,15.791977927148931,-18.62,-2.29
183.564,5,-35.3535603,149.1655863,100.491,12.731855103497288,-18.6,-2.4
183.66400000000002,5,-35.3535772,149.16558369999998,100.403,9.87655087003411,-18.580000000000002,-2.48
183.764,5,-35.353594,149.165581,100.311,7.288553773702198,-18.57,-2.54
183.864,5,-35.3536107,149.1655782,100.218,4.9555976485258535,-18.55,-2.57
183.964,5,-35.3536274,149.1655754,100.13,2.9007452685678614,-18.53,-2.58
184.064,5,-35.353643999999996,149.16557269999998,100.047,1.0912328567099034,-18.51,-2.58
184.16400000000002,5,-35.3536605,149.16557,99.97500000000001,-0.5157559085207137,-18.48,-2.5500000000000003
184.264,5,-35.353677,149.1655673,99.914,-1.8714594528656232,-18.46,-2.5100000000000002
184.364,5,-35.3536934,149.16556459999998,99.86200000000001,-3.0149485928114133,-18.43,-2.45
184.464,5,-35.3537098,149.1655621,99.81700000000001,-4.023788237233218,-18.400000000000002,-2.38
184.564,5,-35.3537262,149.1655596,99.779,-4.895022408324303,-18.36,-2.3000000000000003
184.66400000000002,5,-35.3537426,149.1655572,99.745,-5.63644669980518,-18.330000000000002,-2.22
184.764,5,-35.353758899999995,149.1655549,99.71300000000001,-6.249153941943052,-18.3,-2.12
184.864,5,-35.353775299999995,149.1655527,99.68,-6.707946713116094,-18.28,-2.0300000000000002
184.964,5,-35.3537916,149.1655506,99.643,-7.026303537877681,-18.25,-1.93
185.065,5,-35.353808099999995,149.1655486,99.601,-7.252351209780191,-18.22,-1.83
185.165,5,-35.3538245,149.1655467,99.557,-7.335989437487936,-18.21,-1.73
185.26500000000001,5,-35.353840999999996,149.1655449,99.515,-7.3366553809320125,-18.19,-1.6300000000000001
185.364,5,-35.3538575,149.1655432,99.47800000000001,-7.310830435680194,-18.18,-1.52
185.464,5,-35.353873899999996,149.16554159999998,99.449,-7.203234465684984,-18.17,-1.42
185.564,5,-35.3538904,149.1655401,99.426,-7.057400535395103,-18.150000000000002,-1.32
185.66400000000002,5,-35.3539068,149.1655388,99.41,-6.881597442574498,-18.14,-1.23
185.764,5,-35.3539233,149.1655375,99.398,-6.700489854089732,-18.13,-1.1400000000000001
185.864,5,-35.3539396,149.16553629999999,99.388,-6.446665510380073,-18.12,-1.05
185.964,5,-35.353955899999995,149.1655352,99.378,-6.16259623525195,-18.1,-0.98
186.064,5,-35.3539721,149.1655342,99.366,-5.871319403002171,-18.09,-0.9
186.16400000000002,5,-35.3539883,149.1655333,99.35000000000001,-5.54627155417491,-18.080000000000002,-0.8300000000000001
186.264,5,-35.3540044,149.1655324,99.33200000000001,-5.2337114255845485,-18.06,-0.76
186.364,5,-35.3540205,149.16553159999998,99.31700000000001,-4.938798371375384,-18.05,-0.7000000000000001
186.464,5,-35.3540366,149.1655309,99.304,-4.665813639496546,-18.05,-0.64
186.564,5,-35.3540527,149.1655302,99.294,-4.345535824030893,-18.04,-0.58
186.66400000000002,5,-35.3540688,149.16552959999999,99.288,-4.022224550800108,-18.03,-0.53
186.764,5,-35.3540849,149.1655291,99.285,-3.7705991011163693,-18.01,-0.48
186.864,5,-35.354101,149.1655286,99.286,-3.5439486650196046,-18.0,-0.43
186.964,5,-35.354117099999996,149.1655281,99.289,-3.3216847044738693,-17.990000000000002,-0.38
187.064,5,-35.3541332,149.16552769999998,99.293,-3.0638918074130204,-17.97,-0.34
187.165,5,-35.3541494,149.1655274,99.3,-2.7906530778744223,-17.96,-0.3
187.26500000000001,5,-35.3541656,149.1655271,99.306,-2.5017875158450695,-17.96,-0.27
187.365,5,-35.3541818,149.16552679999998,99.312,-2.2558695429865225,-17.96,-0.24
187.464,5,-35.3541981,149.1655265,99.318,-2.027746987680209,-17.97,-0.22
187.564,5,-35.3542144,149.16552629999998,99.32300000000001,-1.8208238454537335,-17.97,-0.2
187.66400000000002,5,-35.354230699999995,149.1655261,99.32600000000001,-1.662872199080898,-17.98,-0.18
187.764,5,-35.354247,149.1655259,99.328,-1.5216856789126818,-17.990000000000002,-0.16
187.864,5,-35.3542634,149.1655257,99.32900000000001,-1.431640733763465,-18.0,-0.14
187.964,5,-35.3542797,149.1655255,99.33,-1.3553777229771586,-18.01,-0.12
188.064,5,-35.354296,149.1655254,99.33500000000001,-1.2306818407862918,-18.01,-0.1
188.16400000000002,5,-35.354312199999995,149.1655252,99.34100000000001,-1.079026134724327,-18.01,-0.08
188.264,5,-35.3543283,149.1655251,99.349,-0.9635002083810256,-18.01,-0.07
188.364,5,-35.354344399999995,149.1655251,99.36,-0.8775668770295978,-18.0,-0.05
188.464,5,-35.3543605,149.165525,99.371,-0.8170695436732676,-17.990000000000002,-0.04
188.564,5,-35.3543766,149.16552489999998,99.384,-0.7487670650037583,-17.98,-0.03
188.66400000000002,5,-35.3543927,149.16552489999998,99.399,-0.6705677489486063,-17.98,-0.02
188.764,5,-35.3544087,149.1655248,99.414,-0.574264749694071,-17.98,-0.02
188.864,5,-35.3544248,149.1655248,99.425,-0.4335074108656549,-17.98,-0.02
188.964,5,-35.3544409,149.1655248,99.434,-0.2603006970641545,-17.98,-0.03
189.064,5,-35.354457,149.1655247,99.438,-0.13605193879987237,-17.990000000000002,-0.03
189.165,5,-35.354473,149.1655247,99.441,-0.062255533438439835,-17.990000000000002,-0.03
189.26500000000001,5,-35.3544894,149.1655246,99.44500000000001,-0.022822740271213733,-18.0,-0.03
189.365,5,-35.354505599999996,149.1655246,99.447,-0.05711436200476397,-18.01,-0.03
189.465,5,-35.3545219,149.1655245,99.452,-0.1355878461220685,-18.01,-0.02
189.564,5,-35.3545382,149.1655245,99.459,-0.2599989414410574,-18.01,-0.02
189.66400000000002,5,-35.3545546,149.1655245,99.46900000000001,-0.3711266795261202,-18.02,-0.01
189.764,5,-35.3545709,149.1655245,99.48,-0.45157993132695,-18.02,0.0
189.864,5,-35.3545873,149.1655245,99.49000000000001,-0.45326736157791336,-18.02,0.01
189.964,5,-35.3546036,149.1655245,99.501,-0.39953402325358506,-18.03,0.01
190.064,5,-35.354619899999996,149.1655245,99.515,-0.2996791121872316,-18.03,0.01
190.16400000000002,5,-35.3546361,149.1655245,99.531,-0.20965817942181558,-18.03,0.01
190.264,5,-35.3546523,149.1655245,99.547,-0.15220835107514086,-18.03,0.01
190.364,5,-35.3546684,149.1655245,99.562,-0.09980831370156662,-18.02,0.01
190.464,5,-35.3546845,149.1655245,99.57600000000001,-0.049910523467543835,-18.01,0.01
190.564,5,-35.3547006,149.1655245,99.58800000000001,-0.00858853349317793,-18.01,0.01
190.66400000000002,5,-35.3547167,149.1655245,99.598,0.02075790204796748,-18.0,0.0
190.764,5,-35.3547327,149.1655246,99.608,0.04148765291098179,-17.990000000000002,0.0
190.864,5,-35.354748799999996,149.1655246,99.619,0.042579742796349976,-17.990000000000002,0.0
190.964,5,-35.3547649,149.1655246,99.627,0.010099251775923742,-17.98,0.0
191.064,5,-35.3547809,149.1655246,99.632,-0.0618113910495105,-17.97,0.0
191.16400000000002,5,-35.354797,149.1655246,99.635,-0.08571741333031214,-17.97,0.01
191.26500000000001,5,-35.3548131,149.1655247,99.637,-0.06612164729229184,-17.97,0.01
191.365,5,-35.3548293,149.1655247,99.64,-0.08114047288499618,-17.97,0.01
191.465,5,-35.354845499999996,149.1655247,99.644,-0.07715517089610614,-17.97,0.02
191.565,5,-35.3548617,149.1655248,99.651,-0.053909585886373075,-17.98,0.02
191.66400000000002,5,-35.354878,149.1655248,99.662,-0.013516173136378299,-17.98,0.02
191.764,5,-35.3548943,149.16552489999998,99.672,0.04446005252019349,-17.990000000000002,0.02
191.864,5,-35.3549106,149.165525,99.68,0.10870186700126452,-17.990000000000002,0.02
191.964,5,-35.354926999999996,149.165525,99.68900000000001,0.1428136659956263,-18.0,0.02
192.064,5,-35.354943299999995,149.1655251,99.696,0.1347064048735931,-18.01,0.02
192.16400000000002,5,-35.3549594,149.1655251,99.70400000000001,0.13398075063513212,-18.0,0.02
192.264,5,-35.354975599999996,149.1655252,99.71000000000001,0.14759857369497725,-18.0,0.02
192.364,5,-35.3549917,149.16552529999998,99.71600000000001,0.15531000401026712,-18.0,0.02
192.464,5,-35.3550079,149.1655254,99.724,0.20129597348488368,-18.0,0.02
192.564,5,-35.3550239,149.1655254,99.73400000000001,0.20382992030610553,-17.990000000000002,0.02
192.66400000000002,5,-35.355039999999995,149.1655255,99.743,0.21982642344547373,-17.990000000000002,0.01
192.764,5,-35.3550561,149.1655256,99.751,0.2526968555685055,-17.98,0.01
192.864,5,-35.355072199999995,149.1655256,99.758,0.2687566046587625,-17.98,0.01
192.964,5,-35.3550883,149.1655257,99.764,0.3171068467826216,-17.98,0.01
193.064,5,-35.3551044,149.1655257,99.767,0.381162628655249,-17.97,0.0
193.16400000000002,5,-35.3551205,149.16552579999998,99.766,0.43634201941248957,-17.98,0.0
193.264,5,-35.3551366,149.16552579999998,99.765,0.46252168093389884,-17.98,0.0
193.365,5,-35.3551527,149.1655259,99.763,0.41136703250594125,-17.97,0.0
193.465,5,-35.355169,149.165526,99.76,0.3567919000468353,-17.98,0.0
193.565,5,-35.3551852,149.165526,99.758,0.3492527052244635,-17.990000000000002,0.0
193.665,5,-35.3552015,149.1655261,99.758,0.380776162678188,-18.0,0.0
193.764,5,-35.3552179,149.1655261,99.761,0.3867769107508673,-18.01,-0.01
193.864,5,-35.3552342,149.1655262,99.766,0.3935412793088393,-18.02,-0.01
193.964,5,-35.3552506,149.1655262,99.775,0.3886144984418652,-18.03,-0.01
194.064,5,-35.3552669,149.16552629999998,99.785,0.37462325613349073,-18.04,-0.01
194.16400000000002,5,-35.355283299999996,149.16552629999998,99.796,0.3621650177678139,-18.04,-0.01
194.264,5,-35.355299599999995,149.1655264,99.805,0.362096609154408,-18.05,-0.01
194.364,5,-35.3553158,149.1655264,99.815,0.3629445131068416,-18.05,-0.01
194.464,5,-35.355332,149.1655264,99.824,0.3656482541619617,-18.05,-0.01
194.564,5,-35.3553482,149.1655265,99.828,0.3689427798998615,-18.05,-0.01
194.66400000000002,5,-35.3553643,149.1655265,99.831,0.3301571504915474,-18.04,-0.01
194.764,5,-35.3553804,149.1655266,99.831,0.321765916250643,-18.04,-0.01
194.864,5,-35.3553965,149.1655266,99.83,0.32742238010047137,-18.04,-0.01
194.964,5,-35.3554126,149.1655267,99.82900000000001,0.3195377804773379,-18.03,-0.01
195.064,5,-35.3554287,149.1655267,99.828,0.30517562688052,-18.03,-0.01
195.16400000000002,5,-35.3554448,149.16552679999998,99.828,0.3552184218972201,-18.03,-0.02
195.264,5,-35.3554609,149.16552679999998,99.828,0.4106040256704568,-18.03,-0.02
195.364,5,-35.355477,149.16552679999998,99.82900000000001,0.38616758317170813,-18.03,-0.02
195.465,5,-35.3554934,149.1655269,99.83200000000001,0.3636980750713644,-18.03,-0.02
195.565,5,-35.3555096,149.1655269,99.836,0.3477076150485861,-18.04,-0.03
195.665,5,-35.355525899999996,149.1655269,99.842,0.35594098120621337,-18.05,-0.03
195.764,5,-35.355542299999996,149.165527,99.849,0.399791622770915,-18.06,-0.04
195.864,5,-35.355558699999996,149.165527,99.855,0.3892753192440639,-18.06,-0.04
195.964,5,-35.355575,149.165527,99.86200000000001,0.3652131497674908,-18.07,-0.04
196.064,5,-35.3555914,149.165527,99.867,0.36363695021437814,-18.080000000000002,-0.04
196.16400000000002,5,-35.3556078,149.165527,99.871,0.3078549820258691,-18.080000000000002,-0.04
196.264,5,-35.3556241,149.165527,99.872,0.28683840990846055,-18.09,-0.03
196.364,5,-35.3556404,149.1655271,99.871,0.30278044495724055,-18.09,-0.03
196.464,5,-35.355656599999996,149.1655271,99.872,0.35978026789127454,-18.09,-0.03
196.564,5,-35.3556727,149.1655271,99.873,0.40230278450795254,-18.09,-0.04
196.66400000000002,5,-35.3556889,149.1655271,99.877,0.43263509432302377,-18.09,-0.04
196.764,5,-35.355705,149.1655271,99.881,0.42101189994423394,-18.09,-0.05
196.864,5,-35.3557212,149.1655271,99.886,0.3827337589273371,-18.080000000000002,-0.05
196.964,5,-35.3557373,149.1655271,99.891,0.37234754915983354,-18.080000000000002,-0.05
197.064,5,-35.3557534,149.16552719999999,99.895,0.3807449999400998,-18.07,-0.05
197.16400000000002,5,-35.355769599999995,149.16552719999999,99.899,0.418700921446816,-18.07,-0.06
197.264,5,-35.3557857,149.16552719999999,99.902,0.40261278438282116,-18.07,-0.06
197.364,5,-35.3558018,149.16552719999999,99.906,0.37906154507267675,-18.06,-0.06
197.464,5,-35.355818,149.16552719999999,99.91,0.37259015427750125,-18.06,-0.07
197.565,5,-35.3558343,149.16552719999999,99.913,0.34862109948922243,-18.06,-0.07
197.665,5,-35.355850499999995,149.16552719999999,99.919,0.31279392916730236,-18.07,-0.07
197.76500000000001,5,-35.355866899999995,149.1655271,99.924,0.2638446847893184,-18.07,-0.07
197.864,5,-35.3558832,149.1655271,99.928,0.24613104274413988,-18.07,-0.08
197.964,5,-35.3558996,149.1655271,99.931,0.24443157962084963,-18.080000000000002,-0.09
198.064,5,-35.355916,149.165527,99.934,0.2063611857444696,-18.080000000000002,-0.09
198.16400000000002,5,-35.3559324,149.165527,99.938,0.1664325001661701,-18.09,-0.1
198.264,5,-35.3559488,149.1655269,99.94,0.127892250639874,-18.09,-0.09
198.364,5,-35.3559652,149.1655269,99.941,0.05144527164312033,-18.09,-0.09
198.464,5,-35.3559815,149.16552679999998,99.941,-0.04727863613589438,-18.09,-0.08
198.564,5,-35.3559978,149.16552679999998,99.941,-0.0742447432474204,-18.09,-0.08
198.66400000000002,5,-35.356014,149.1655267,99.94,-0.09780903595620323,-18.09,-0.08
198.764,5,-35.3560302,149.1655267,99.94200000000001,-0.11170205427461907,-18.080000000000002,-0.07
198.864,5,-35.356046299999996,149.1655267,99.947,-0.13035538760930984,-18.07,-0.07
198.964,5,-35.3560624,149.1655267,99.95400000000001,-0.2007200497996341,-18.06,-0.07
199.064,5,-35.3560786,149.1655266,99.961,-0.20040911610983983,-18.05,-0.07
199.16400000000002,5,-35.3560947,149.1655266,99.967,-0.1499373665369645,-18.05,-0.07
199.264,5,-35.356110799999996,149.1655266,99.97200000000001,-0.07452556140586446,-18.04,-0.07
199.364,5,-35.3561269,149.1655265,99.977,-0.009629813841434224,-18.04,-0.07
199.464,5,-35.356142999999996,149.1655265,99.98,0.02094789169715825,-18.04,-0.07
199.565,5,-35.3561591,149.1655265,99.98100000000001,0.031982937752806584,-18.04,-0.07
199.665,5,-35.3561755,149.1655264,99.977,0.04800405358557064,-18.04,-0.07
199.76500000000001,5,-35.3561918,149.1655264,99.971,0.0591446023850172,-18.05,-0.06
199.865,5,-35.356208099999996,149.1655264,99.962,0.03610235224027755,-18.06,-0.06
199.964,5,-35.356224399999995,149.1655264,99.952,0.017118760249412824,-18.080000000000002,-0.06
200.064,5,-35.3562408,149.16552629999998,99.946,0.018290257753989014,-18.09,-0.06
200.16400000000002,5,-35.3562572,149.16552629999998,99.943,0.008173272665875699,-18.1,-0.06
200.264,5,-35.3562736,149.16552629999998,99.94500000000001,-0.029343163020089217,-18.11,-0.06
200.364,5,-35.356290099999995,149.1655262,99.952,-0.06976804116425966,-18.11,-0.06
200.464,5,-35.3563064,149.1655262,99.961,-0.1040661829270225,-18.11,-0.05
200.564,5,-35.3563227,149.1655262,99.97,-0.0987978392406948,-18.11,-0.05
200.66400000000002,5,-35.3563389,149.1655262,99.979,-0.08102395279260267,-18.1,-0.05
200.764,5,-35.3563551,149.1655262,99.98700000000001,-0.02319654972097979,-18.1,-0.06
200.864,5,-35.3563712,149.1655261,99.992,0.018542015925454108,-18.09,-0.06
200.964,5,-35.356387399999996,149.1655261,99.996,0.0104755483416925,-18.080000000000002,-0.06
201.064,5,-35.3564035,149.1655261,99.996,-0.03342649223079283,-18.07,-0.06
201.16400000000002,5,-35.356419599999995,149.165526,99.991,-0.06981088992913093,-18.07,-0.06
201.264,5,-35.3564358,149.165526,99.98100000000001,-0.11305663953556995,-18.06,-0.05
201.364,5,-35.356451899999996,149.165526,99.97200000000001,-0.1507769595365604,-18.06,-0.05
201.464,5,-35.356468,149.165526,99.964,-0.1752568377695621,-18.05,-0.04
201.564,5,-35.3564842,149.165526,99.95700000000001,-0.16812844147316955,-18.05,-0.03
201.665,5,-35.3565003,149.165526,99.953,-0.11762906431871002,-18.04,-0.03
201.76500000000001,5,-35.3565166,149.165526,99.949,-0.0778398906902933,-18.04,-0.02
201.865,5,-35.3565328,149.165526,99.947,-0.03513349257455389,-18.05,-0.02
201.965,5,-35.356549099999995,149.165526,99.95,0.018214842193587894,-18.05,-0.03
202.064,5,-35.356565499999995,149.1655261,99.958,0.04930900658322653,-18.06,-0.03
202.16400000000002,5,-35.3565818,149.1655261,99.967,0.10793098276987206,-18.06,-0.03
202.264,5,-35.3565982,149.1655261,99.97500000000001,0.14684273055399338,-18.07,-0.03
202.364,5,-35.3566146,149.1655261,99.977,0.16248439736185147,-18.080000000000002,-0.03
202.464,5,-35.356631,149.1655261,99.979,0.15731753267750873,-18.080000000000002,-0.04
202.564,5,-35.3566472,149.1655261,99.979,0.15289727970659978,-18.080000000000002,-0.04
202.66400000000002,5,-35.356663499999996,149.1655261,99.977,0.17120194655839593,-18.080000000000002,-0.03
202.764,5,-35.3566797,149.1655261,99.974,0.18593366408212175,-18.080000000000002,-0.03
202.864,5,-35.3566958,149.1655261,99.971,0.16251861500876766,-18.080000000000002,-0.03
202.964,5,-35.356712,149.1655261,99.97,0.14519981659455408,-18.07,-0.02
203.064,5,-35.3567282,149.1655261,99.97,0.12264399731465966,-18.07,-0.02
203.16400000000002,5,-35.356744299999995,149.1655261,99.97200000000001,0.09789810188978446,-18.06,-0.01
203.264,5,-35.3567604,149.1655261,99.974,0.09276027217952088,-18.05,-0.01
203.364,5,-35.356776599999996,149.1655261,99.97800000000001,0.12183119146321492,-18.04,-0.01
203.464,5,-35.3567927,149.1655261,99.982,0.1468949708289734,-18.03,-0.01
203.564,5,-35.3568089,149.1655261,99.986,0.1883504704910352,-18.03,-0.01
203.66400000000002,5,-35.356825,149.1655261,99.988,0.22890733336977756,-18.03,-0.01
203.76500000000001,5,-35.3568412,149.1655261,99.988,0.23022267839353394,-18.03,-0.01
203.865,5,-35.3568575,149.1655262,99.98400000000001,0.2518387063323169,-18.04,-0.01
203.965,5,-35.356873799999995,149.1655262,99.979,0.24265322247656046,-18.05,-0.01
204.065,5,-35.356890199999995,149.1655262,99.97500000000001,0.2617467228166402,-18.06,-0.01
204.16400000000002,5,-35.356906599999995,149.1655262,99.971,0.30827495861854554,-18.07,-0.01
204.264,5,-35.356923,149.1655262,99.968,0.36216277661199253,-18.09,-0.01
204.364,5,-35.3569394,149.1655262,99.96900000000001,0.37394242501145797,-18.1,-0.01
204.464,5,-35.3569558,149.1655262,99.96900000000001,0.38859518181311875,-18.11,-0.02
204.564,5,-35.356972299999995,149.16552629999998,99.97,0.35644809607166034,-18.12,-0.02
204.66400000000002,5,-35.356988699999995,149.1655262,99.97200000000001,0.3561250494682599,-18.13,-0.03
204.764,5,-35.3570049,149.1655262,99.973,0.36543651829769136,-18.14,-0.03
204.864,5,-35.3570212,149.1655262,99.974,0.3242483164879724,-18.14,-0.04
204.964,5,-35.357037399999996,149.1655262,99.97800000000001,0.2873284493009825,-18.14,-0.05
205.064,5,-35.3570536,149.1655262,99.983,0.2726251597716342,-18.14,-0.05
205.16400000000002,5,-35.3570698,149.1655262,99.98700000000001,0.1963210744688153,-18.13,-0.05
205.264,5,-35.357085999999995,149.1655262,99.991,0.14313756637267303,-18.12,-0.05
205.364,5,-35.3571022,149.1655262,99.991,0.07000605724857875,-18.12,-0.04
205.464,5,-35.3571184,149.1655262,99.991,0.04940422569015672,-18.11,-0.05
205.564,5,-35.357134599999995,149.1655262,99.991,0.0619376695078764,-18.1,-0.05
205.66400000000002,5,-35.3571507,149.1655262,99.989,0.08879723500649948,-18.1,-0.05
205.764,5,-35.357166899999996,149.1655262,99.989,0.09327223621247432,-18.09,-0.05
205.865,5,-35.3571832,149.1655262,99.99000000000001,0.07993279672216008,-18.080000000000002,-0.04
205.965,5,-35.3571996,149.1655262,99.99000000000001,0.05462952717852143,-18.080000000000002,-0.04
206.065,5,-35.357216,149.1655262,99.991,0.03048050624376204,-18.09,-0.04
206.165,5,-35.3572324,149.1655262,99.992,0.016143045381619356,-18.09,-0.04
206.264,5,-35.3572487,149.1655262,99.993,0.04744270741832013,-18.09,-0.05
206.364,5,-35.3572651,149.1655262,99.995,0.11836869910062836,-18.09,-0.05
206.464,5,-35.3572815,149.1655262,99.999,0.13284591203649185,-18.1,-0.06
206.564,5,-35.3572979,149.1655261,100.003,0.13833199468304014,-18.1,-0.06
206.66400000000002,5,-35.3573143,149.1655261,100.009,0.16769815289567194,-18.1,-0.06
206.764,5,-35.357330499999996,149.1655261,100.016,0.17964207268076152,-18.1,-0.07
206.864,5,-35.3573467,149.165526,100.023,0.14348631956695357,-18.09,-0.07
206.964,5,-35.3573629,149.165526,100.028,0.08975968469976965,-18.080000000000002,-0.07
207.064,5,-35.357379,149.165526,100.031,0.008320930483457598,-18.07,-0.07
207.16400000000002,5,-35.3573951,149.1655259,100.031,-0.07291041510024816,-18.06,-0.06
207.264,5,-35.357411299999995,149.1655259,100.03,-0.1786861263414374,-18.06,-0.05
207.364,5,-35.3574274,149.1655259,100.027,-0.2591742761400577,-18.05,-0.04
207.464,5,-35.357443499999995,149.1655259,100.025,-0.2552279209036713,-18.04,-0.04
207.564,5,-35.3574596,149.1655259,100.024,-0.2456277164992481,-18.04,-0.03
207.66400000000002,5,-35.3574757,149.1655259,100.023,-0.20456651351940908,-18.04,-0.02
207.764,5,-35.3574918,149.1655259,100.022,-0.15713469171507866,-18.03,-0.02
207.864,5,-35.357507999999996,149.165526,100.022,-0.10268258270231229,-18.03,-0.02
207.965,5,-35.3575242,149.165526,100.021,-0.027321725513036303,-18.03,-0.02
208.065,5,-35.3575404,149.165526,100.022,0.02463446128877284,-18.03,-0.01
208.165,5,-35.357556699999996,149.165526,100.024,0.10583135994064766,-18.04,-0.02
208.264,5,-35.357573099999996,149.165526,100.024,0.17819978218797813,-18.05,-0.02
208.364,5,-35.3575894,149.1655261,100.024,0.21144906302632085,-18.06,-0.02
208.464,5,-35.3576058,149.1655261,100.023,0.24213575560565265,-18.07,-0.02
208.564,5,-35.3576222,149.1655261,100.02,0.27337095773206144,-18.080000000000002,-0.02
208.66400000000002,5,-35.3576386,149.1655261,100.014,0.28731289461236487,-18.09,-0.02
208.764,5,-35.357655,149.1655261,100.009,0.286729286964299,-18.1,-0.02
208.864,5,-35.3576714,149.1655261,100.003,0.29004286252668077,-18.11,-0.02
208.964,5,-35.3576876,149.1655261,99.997,0.28105601444581,-18.1,-0.02
209.064,5,-35.3577039,149.1655261,99.994,0.25569608234650804,-18.1,-0.02
209.16400000000002,5,-35.3577201,149.1655261,99.993,0.23922724227756437,-18.1,-0.03
209.264,5,-35.3577362,149.1655261,99.995,0.21105630046861867,-18.1,-0.03
209.364,5,-35.357752399999995,149.1655261,99.997,0.16812479959495974,-18.09,-0.03
209.464,5,-35.3577685,149.1655261,99.999,0.1210316858043532,-18.080000000000002,-0.03
209.564,5,-35.357784699999996,149.1655261,99.999,0.08964070333803656,-18.07,-0.02
209.66400000000002,5,-35.3578008,149.1655261,100.0,0.08215238141878944,-18.07,-0.03
209.764,5,-35.357816899999996,149.1655261,100.001,0.12443504100172362,-18.06,-0.03
209.864,5,-35.3578331,149.1655261,100.002,0.14654599085106806,-18.06,-0.03
209.964,5,-35.3578492,149.1655261,100.002,0.15802587131920665,-18.05,-0.03
210.065,5,-35.357865499999996,149.1655261,100.002,0.19332511604305236,-18.05,-0.04
210.165,5,-35.3578818,149.1655261,100.003,0.21818385633157822,-18.06,-0.04
210.26500000000001,5,-35.3578982,149.1655261,100.003,0.2320470859538678,-18.06,-0.04
210.364,5,-35.3579145,149.1655261,100.004,0.22561688973712393,-18.07,-0.04
210.464,5,-35.3579309,149.1655261,100.003,0.20567935410644514,-18.080000000000002,-0.04
210.564,5,-35.3579473,149.1655261,100.002,0.15455094587789656,-18.080000000000002,-0.03
210.66400000000002,5,-35.3579637,149.1655261,100.0,0.12399286629424462,-18.09,-0.03
210.764,5,-35.3579801,149.1655261,100.0,0.14489076387482422,-18.1,-0.03
210.864,5,-35.3579964,149.1655261,100.002,0.13647274248576863,-18.11,-0.03
210.964,5,-35.358012699999996,149.1655261,100.004,0.10305129285557396,-18.11,-0.03
211.064,5,-35.3580289,149.1655261,100.006,0.08781740301540017,-18.11,-0.03
211.16400000000002,5,-35.3580451,149.1655261,100.006,0.09804620493698267,-18.11,-0.03
211.264,5,-35.358061299999996,149.1655261,100.001,0.07998792515330282,-18.11,-0.03
211.364,5,-35.3580775,149.1655261,99.994,0.06932661350872116,-18.1,-0.03
211.464,5,-35.3580936,149.1655261,99.988,0.12815507952078725,-18.1,-0.04
211.564,5,-35.3581098,149.1655261,99.986,0.19125971753085075,-18.1,-0.04
211.66400000000002,5,-35.3581259,149.1655261,99.986,0.22538463662491706,-18.09,-0.04
211.764,5,-35.358142099999995,149.1655261,99.989,0.2228897899686509,-18.09,-0.04
211.864,5,-35.3581583,149.1655261,99.99000000000001,0.17953405697429747,-18.09,-0.05
211.964,5,-35.358174399999996,149.1655261,99.98700000000001,0.15179304355709233,-18.09,-0.04
212.065,5,-35.3581906,149.1655261,99.98400000000001,0.12326463739463168,-18.09,-0.05
212.165,5,-35.3582069,149.1655261,99.983,0.09040160241983185,-18.09,-0.05
212.26500000000001,5,-35.3582232,149.1655261,99.98100000000001,0.07177268167533858,-18.1,-0.05
212.365,5,-35.3582396,149.165526,99.97800000000001,0.05617090210501629,-18.1,-0.05
212.464,5,-35.358256,149.165526,99.977,0.08148418347867857,-18.11,-0.05
212.564,5,-35.3582724,149.165526,99.976,0.0958065565596664,-18.12,-0.04
212.66400000000002,5,-35.3582888,149.165526,99.97500000000001,0.11184672888701905,-18.12,-0.04
212.764,5,-35.3583053,149.165526,99.974,0.06546432162595744,-18.13,-0.03
212.864,5,-35.3583217,149.165526,99.973,0.03837933987440411,-18.13,-0.03
212.964,5,-35.3583382,149.165526,99.973,0.01149451718333386,-18.14,-0.04
213.064,5,-35.3583545,149.165526,99.976,-0.025119122907839415,-18.14,-0.04
213.16400000000002,5,-35.358370799999996,149.1655259,99.98,0.0015531154605553932,-18.14,-0.04
213.264,5,-35.3583871,149.1655259,99.98700000000001,0.03624945810653737,-18.13,-0.04
213.364,5,-35.3584033,149.1655259,99.994,0.053399789638068317,-18.12,-0.04
213.464,5,-35.3584195,149.1655259,100.001,0.08288082376181395,-18.12,-0.05
213.564,5,-35.3584357,149.1655259,100.006,0.1333766524195562,-18.11,-0.05
213.66400000000002,5,-35.3584519,149.16552579999998,100.008,0.10755730338718493,-18.1,-0.06
213.764,5,-35.358467999999995,149.16552579999998,100.006,0.059850032860232584,-18.1,-0.06
213.864,5,-35.3584842,149.1655257,100.0,0.040376896732261774,-18.1,-0.06
213.964,5,-35.3585004,149.1655257,99.99000000000001,0.02377388413377768,-18.1,-0.06
214.064,5,-35.3585165,149.1655257,99.98100000000001,-0.04104885661250145,-18.1,-0.06
214.165,5,-35.3585327,149.1655256,99.97500000000001,-0.08025402238645564,-18.1,-0.05
214.26500000000001,5,-35.3585491,149.1655256,99.971,-0.11419455972346465,-18.1,-0.05
214.365,5,-35.3585655,149.1655256,99.96900000000001,-0.13639556935227543,-18.1,-0.05
214.465,5,-35.358581799999996,149.1655256,99.971,-0.13910231195537065,-18.11,-0.05
214.564,5,-35.358598199999996,149.1655255,99.977,-0.13338089460736102,-18.11,-0.05
214.66400000000002,5,-35.358614599999996,149.1655255,99.985,-0.13489336796190896,-18.11,-0.05
214.764,5,-35.3586311,149.1655255,99.994,-0.16052754816464282,-18.12,-0.04
214.864,5,-35.3586475,149.1655255,100.001,-0.1783541017745381,-18.12,-0.03
214.964,5,-35.358663899999996,149.1655255,100.004,-0.22642626715377043,-18.12,-0.03
215.064,5,-35.358680299999996,149.1655255,100.004,-0.20202274830125536,-18.13,-0.03
215.16400000000002,5,-35.3586966,149.1655255,100.002,-0.1922810976160321,-18.12,-0.02
215.264,5,-35.3587128,149.1655255,99.999,-0.18744599069432422,-18.11,-0.02
215.364,5,-35.358729,149.1655255,99.998,-0.14390618943792424,-18.11,-0.02
215.464,5,-35.3587452,149.1655255,99.998,-0.0803440554854955,-18.1,-0.03
215.564,5,-35.3587613,149.1655255,100.002,-0.036333584826172896,-18.09,-0.03
215.66400000000002,5,-35.358777499999995,149.1655255,100.004,0.01996105442659037,-18.09,-0.03
215.764,5,-35.3587936,149.1655255,100.004,0.031175094460680685,-18.080000000000002,-0.03
215.864,5,-35.3588097,149.1655255,100.002,0.04687020216270885,-18.07,-0.03
215.964,5,-35.3588259,149.1655255,100.0,0.05793489850977125,-18.07,-0.03
216.064,5,-35.358841999999996,149.1655254,99.998,0.04861656280558343,-18.06,-0.04
216.16400000000002,5,-35.3588581,149.1655254,99.997,0.05210620250207815,-18.06,-0.04
216.26500000000001,5,-35.3588744,149.1655254,99.996,0.03538725344552904,-18.06,-0.04
216.365,5,-35.3588908,149.1655254,99.995,0.031964194753228724,-18.06,-0.04
216.465,5,-35.358907099999996,149.1655254,99.993,0.04987147666344105,-18.07,-0.03
216.565,5,-35.358923499999996,149.1655254,99.989,0.044553087167208474,-18.07,-0.04
216.66400000000002,5,-35.358939899999996,149.1655254,99.98700000000001,-0.006888723107462234,-18.09,-0.04
216.764,5,-35.358956299999996,149.1655254,99.986,-0.02435539570084092,-18.1,-0.04
216.864,5,-35.358972699999995,149.1655254,99.988,-0.07424636408332695,-18.1,-0.04
216.964,5,-35.358989099999995,149.16552529999998,99.99000000000001,-0.12922704569450902,-18.11,-0.04
217.064,5,-35.359005499999995,149.16552529999998,99.991,-0.1567391677332394,-18.11,-0.04
217.16400000000002,5,-35.3590217,149.16552529999998,99.993,-0.174317606717406,-18.11,-0.04
217.264,5,-35.3590379,149.16552529999998,99.995,-0.16283181653480977,-18.1,-0.03
217.364,5,-35.3590541,149.16552529999998,99.997,-0.1330220428716709,-18.09,-0.03
217.464,5,-35.3590703,149.16552529999998,99.999,-0.10548205979762498,-18.09,-0.02
217.564,5,-35.359086399999995,149.1655254,100.001,-0.12114595807081868,-18.080000000000002,-0.02
217.66400000000002,5,-35.3591025,149.1655254,100.003,-0.10302485922307322,-18.07,-0.01
217.764,5,-35.359118599999995,149.1655254,100.005,-0.07000460983544408,-18.06,-0.01
217.864,5,-35.3591348,149.1655254,100.007,-0.05689071333008572,-18.06,-0.01
217.964,5,-35.359150899999996,149.1655254,100.009,-0.02436967139651584,-18.05,-0.01
218.064,5,-35.359167,149.1655254,100.01,-0.039476368973717986,-18.04,-0.01
218.16400000000002,5,-35.359183099999996,149.1655254,100.007,-0.06193986397295153,-18.04,-0.01
218.264,5,-35.3591993,149.1655254,100.005,-0.046240223933480956,-18.03,0.0
218.365,5,-35.3592154,149.1655255,100.003,-0.018256415300569727,-18.03,0.0
218.465,5,-35.359231799999996,149.1655255,99.998,0.010782745938021074,-18.03,0.0
218.565,5,-35.359248,149.1655255,99.99000000000001,0.028307835741983544,-18.04,0.0
218.66400000000002,5,-35.3592644,149.1655256,99.98100000000001,0.09966657393607563,-18.04,0.0
218.764,5,-35.3592807,149.1655256,99.977,0.1658919814068135,-18.05,0.0
218.864,5,-35.3592971,149.1655257,99.979,0.16954633271596864,-18.06,-0.01
218.964,5,-35.3593135,149.1655257,99.985,0.17569110173060004,-18.07,0.0
219.064,5,-35.3593299,149.1655257,99.993,0.19184584647921568,-18.07,0.0
219.16400000000002,5,-35.3593463,149.1655257,99.999,0.2396249140337325,-18.080000000000002,-0.01
219.264,5,-35.3593626,149.16552579999998,100.005,0.26018482397210224,-18.080000000000002,-0.01
219.364,5,-35.359378899999996,149.16552579999998,100.007,0.3086687083520262,-18.080000000000002,-0.01
219.464,5,-35.3593951,149.16552579999998,100.007,0.369421346709012,-18.080000000000002,-0.01
219.564,5,-35.3594112,149.16552579999998,100.005,0.37219328293412646,-18.080000000000002,-0.01
219.66400000000002,5,-35.3594274,149.16552579999998,100.002,0.31905032908618114,-18.080000000000002,-0.01
219.764,5,-35.3594435,149.1655259,99.999,0.2559941827511821,-18.07,-0.01
219.864,5,-35.359459699999995,149.1655259,99.994,0.22681270645040508,-18.07,-0.02
219.964,5,-35.3594758,149.1655259,99.99000000000001,0.2248964915426727,-18.07,-0.02
220.064,5,-35.359491999999996,149.1655259,99.99000000000001,0.22912315133929412,-18.06,-0.02
220.16400000000002,5,-35.3595081,149.165526,99.992,0.20598866029022622,-18.06,-0.02
220.264,5,-35.359524199999996,149.165526,99.993,0.20034325547715945,-18.05,-0.02
220.364,5,-35.3595404,149.165526,99.995,0.18267881213834622,-18.04,-0.02
220.465,5,-35.3595567,149.165526,99.997,0.1898705210866936,-18.04,-0.02
220.565,5,-35.359573,149.165526,99.999,0.2175529309472115,-18.04,-0.03
220.665,5,-35.359589299999996,149.165526,100.0,0.2336958295864854,-18.05,-0.03
220.764,5,-35.359605699999996,149.165526,100.001,0.21990018148438192,-18.06,-0.03
220.864,5,-35.359622,149.165526,100.002,0.17560953966695655,-18.07,-0.03
220.964,5,-35.3596384,149.165526,100.002,0.1433451801110576,-18.07,-0.03
221.064,5,-35.3596548,149.165526,100.001,0.12765161987376328,-18.080000000000002,-0.03
221.16400000000002,5,-35.3596712,149.165526,100.0,0.10328361266884696,-18.09,-0.03
221.264,5,-35.3596876,149.165526,100.0,0.09103165402023246,-18.09,-0.04
221.364,5,-35.3597038,149.165526,100.002,0.10015792733960004,-18.09,-0.04
221.464,5,-35.359719999999996,149.165526,100.006,0.09114806072081358,-18.09,-0.04
221.564,5,-35.3597362,149.165526,100.01,0.10140248919199685,-18.080000000000002,-0.04
221.66400000000002,5,-35.3597524,149.165526,100.014,0.11888832708607823,-18.080000000000002,-0.04
221.764,5,-35.3597685,149.165526,100.016,0.10982146440629788,-18.07,-0.04
221.864,5,-35.3597846,149.165526,100.014,0.07597515566538726,-18.07,-0.03
221.964,5,-35.3598007,149.165526,100.01,-0.002138547903881529,-18.06,-0.02
222.064,5,-35.3598169,149.165526,100.004,-0.03365552701655974,-18.06,-0.02
222.16400000000002,5,-35.359833,149.165526,99.998,-0.05390757151417645,-18.05,-0.02
222.264,5,-35.3598491,149.165526,99.992,0.024695659516931888,-18.05,-0.02
222.364,5,-35.359865299999996,149.165526,99.986,0.09402670531149628,-18.05,-0.01
222.464,5,-35.3598814,149.165526,99.98,0.11200671139409205,-18.05,-0.01
222.565,5,-35.3598977,149.165526,99.976,0.14005931217153933,-18.04,-0.01
222.665,5,-35.359913899999995,149.165526,99.97500000000001,0.2175552254638858,-18.05,-0.01
222.76500000000001,5,-35.3599302,149.165526,99.977,0.272674091673735,-18.05,-0.01
222.864,5,-35.3599466,149.1655261,99.979,0.3211131262568043,-18.06,-0.01
222.964,5,-35.359963,149.1655261,99.982,0.3372968859691793,-18.07,-0.02
223.064,5,-35.3599794,149.1655261,99.98400000000001,0.3172047372672496,-18.09,-0.02
223.16400000000002,5,-35.3599958,149.1655261,99.98700000000001,0.29054640221498407,-18.1,-0.02
223.264,5,-35.3600122,149.1655261,99.99000000000001,0.30718050084533033,-18.1,-0.02
223.364,5,-35.3600286,149.1655261,99.991,0.32936655609511845,-18.11,-0.02
223.464,5,-35.360045,149.1655261,99.99000000000001,0.2931798670268471,-18.11,-0.03
223.564,5,-35.3600612,149.1655261,99.986,0.21128960745767014,-18.12,-0.03
223.66400000000002,5,-35.360077499999996,149.1655261,99.98,0.1834990084679163,-18.12,-0.03
223.764,5,-35.3600937,149.1655261,99.976,0.1923422624936581,-18.11,-0.03
223.864,5,-35.3601099,149.1655261,99.974,0.1702728540682891,-18.11,-0.03
223.964,5,-35.360126,149.1655261,99.977,0.16131580802375783,-18.11,-0.04
224.064,5,-35.3601422,149.165526,99.982,0.1646116811231931,-18.1,-0.04
224.16400000000002,5,-35.360158399999996,149.165526,99.99000000000001,0.20368448530155184,-18.09,-0.04
224.264,5,-35.3601745,149.165526,99.999,0.19945390348224298,-18.09,-0.05
224.364,5,-35.3601907,149.1655259,100.008,0.16977582440403843,-18.080000000000002,-0.05
224.464,5,-35.3602069,149.1655259,100.016,0.1528240686164337,-18.07,-0.06
224.565,5,-35.360223,149.16552579999998,100.021,0.12804619670046374,-18.07,-0.06
224.665,5,-35.3602394,149.16552579999998,100.022,0.1008874035491493,-18.07,-0.06
224.76500000000001,5,-35.360255699999996,149.16552579999998,100.021,0.11897754643211153,-18.07,-0.06
224.865,5,-35.360272,149.1655257,100.019,0.08577804459940923,-18.07,-0.06
224.964,5,-35.3602884,149.1655257,100.018,0.014953004980663638,-18.080000000000002,-0.05
225.064,5,-35.3603048,149.1655256,100.015,-0.08361216093110777,-18.080000000000002,-0.04
225.16400000000002,5,-35.3603212,149.1655256,100.012,-0.13564775701965157,-18.09,-0.04
225.264,5,-35.3603376,149.1655256,100.007,-0.14645359653428777,-18.09,-0.03
225.364,5,-35.360354,149.1655256,100.002,-0.1324224002873114,-18.1,-0.03
225.464,5,-35.3603703,149.1655256,99.999,-0.11562084196038083,-18.1,-0.03
225.564,5,-35.3603866,149.1655256,99.998,-0.07777241589181298,-18.1,-0.02
225.66400000000002,5,-35.360402799999996,149.1655256,100.002,-0.06817150445608902,-18.1,-0.02
225.764,5,-35.360419,149.1655256,100.007,-0.04284709400954573,-18.09,-0.02
225.864,5,-35.3604351,149.1655256,100.011,-0.014448534812488032,-18.09,-0.03
225.964,5,-35.3604513,149.1655256,100.014,-0.00931433280645769,-18.09,-0.03
226.064,5,-35.3604674,149.1655255,100.016,0.03680824295284912,-18.09,-0.03
226.16400000000002,5,-35.3604835,149.1655255,100.017,0.0634416651569213,-18.080000000000002,-0.03
226.264,5,-35.3604997,149.1655255,100.017,0.08947076903189943,-18.080000000000002,-0.03
226.364,5,-35.3605158,149.1655255,100.018,0.08980612865210441,-18.07,-0.03
226.464,5,-35.360532,149.1655255,100.019,0.05992335734221105,-18.07,-0.04
226.564,5,-35.360548099999995,149.1655254,100.019,0.030566000335252898,-18.07,-0.04
226.665,5,-35.3605643,149.1655254,100.017,0.037905989088623714,-18.06,-0.04
226.76500000000001,5,-35.3605806,149.1655254,100.014,0.004497843819828701,-18.06,-0.04
226.865,5,-35.360596799999996,149.1655254,100.013,-0.03231701671254219,-18.06,-0.03
226.965,5,-35.3606131,149.1655254,100.009,-0.05796019155404145,-18.06,-0.03
227.064,5,-35.3606295,149.1655254,100.005,-0.08635498214086375,-18.07,-0.03
227.16400000000002,5,-35.3606459,149.1655254,99.999,-0.09887361165179963,-18.080000000000002,-0.02
227.264,5,-35.3606623,149.1655254,99.995,-0.07706049540286476,-18.09,-0.02
227.364,5,-35.3606787,149.1655254,99.991,-0.060369307330032054,-18.1,-0.02
227.464,5,-35.360695,149.1655254,99.98700000000001,-0.05925044363672596,-18.1,-0.02
227.564,5,-35.3607113,149.1655254,99.98400000000001,-0.08065805075422437,-18.1,-0.02
227.66400000000002,5,-35.3607276,149.1655254,99.982,-0.03769950926836305,-18.1,-0.01
227.764,5,-35.3607438,149.1655255,99.982,-0.04360999078827111,-18.1,-0.01
227.864,5,-35.36076,149.1655255,99.982,-0.03342554507565402,-18.1,-0.01
227.964,5,-35.3607762,149.1655255,99.98400000000001,0.007599150743174497,-18.09,0.0
228.064,5,-35.3607924,149.1655255,99.985,0.03958051935340077,-18.09,0.0
228.16400000000002,5,-35.3608085,149.1655255,99.98700000000001,0.07132356338687719,-18.09,-0.01
228.264,5,-35.360824699999995,149.1655255,99.988,0.14760539054393407,-18.080000000000002,-0.01
228.364,5,-35.3608409,149.1655255,99.989,0.18647747787414434,-18.080000000000002,-0.02
228.464,5,-35.3608571,149.1655255,99.989,0.1861269637717184,-18.080000000000002,-0.02
228.564,5,-35.3608733,149.1655255,99.988,0.1561769044263298,-18.080000000000002,-0.02
228.66400000000002,5,-35.3608895,149.1655255,99.985,0.16237239293163386,-18.080000000000002,-0.03
228.76500000000001,5,-35.360905699999996,149.1655255,99.98100000000001,0.15714373637964363,-18.080000000000002,-0.03
228.865,5,-35.360922099999996,149.1655255,99.977,0.17228968086414692,-18.080000000000002,-0.03
228.965,5,-35.360938399999995,149.1655255,99.977,0.20222571964543845,-18.080000000000002,-0.03
229.065,5,-35.3609548,149.1655255,99.979,0.2128338572001145,-18.09,-0.03
229.16400000000002,5,-35.3609712,149.1655255,99.98,0.20724376091106897,-18.1,-0.04
229.264,5,-35.3609876,149.1655255,99.982,0.14656885597653171,-18.1,-0.04
229.364,5,-35.361004099999995,149.1655255,99.983,0.1340830167096972,-18.11,-0.04
229.464,5,-35.361020499999995,149.1655254,99.98400000000001,0.08854363755313631,-18.12,-0.04
229.564,5,-35.361036899999995,149.1655254,99.98400000000001,0.008076799578902574,-18.12,-0.04
229.66400000000002,5,-35.3610533,149.1655254,99.983,-0.052797335603772116,-18.13,-0.04
229.764,5,-35.3610696,149.1655254,99.983,-0.1112663562406597,-18.12,-0.03
229.864,5,-35.3610858,149.1655254,99.982,-0.16579595855203663,-18.12,-0.03
229.964,5,-35.361101999999995,149.1655254,99.98,-0.19205033860770618,-18.11,-0.02
230.064,5,-35.3611182,149.1655254,99.98100000000001,-0.22871993005442534,-18.1,-0.02
230.16400000000002,5,-35.3611344,149.1655254,99.983,-0.24704943638324214,-18.1,-0.01
230.264,5,-35.361150599999995,149.1655254,99.98400000000001,-0.15401760415325375,-18.09,-0.01
230.364,5,-35.3611667,149.1655255,99.98700000000001,-0.07336520964943581,-18.080000000000002,0.0
230.464,5,-35.361182899999996,149.1655255,99.99000000000001,0.012053482956287444,-18.080000000000002,0.0
230.564,5,-35.361199,149.1655255,99.994,0.0868164334564495,-18.07,0.0
230.66400000000002,5,-35.361215099999995,149.1655255,99.997,0.11510633661680846,-18.06,0.0
230.764,5,-35.3612313,149.1655255,99.999,0.15255731771283296,-18.06,0.0
230.865,5,-35.3612475,149.1655256,99.998,0.17420650942168753,-18.06,0.0
230.965,5,-35.361264,149.1655256,99.996,0.2140403060633341,-18.07,0.0
231.065,5,-35.3612803,149.1655257,99.994,0.27506198984059493,-18.080000000000002,0.0
231.16400000000002,5,-35.3612967,149.1655257,99.993,0.29759579776867195,-18.09,-0.01
231.264,5,-35.3613131,149.1655257,99.995,0.2942238454332277,-18.1,-0.01
231.364,5,-35.3613295,149.1655257,99.997,0.279500999151295,-18.1,-0.01
231.464,5,-35.361345899999996,149.16552579999998,99.997,0.2917056667440351,-18.11,0.0
231.564,5,-35.361362299999996,149.16552579999998,99.996,0.3142751197218431,-18.11,-0.01
231.66400000000002,5,-35.3613786,149.16552579999998,99.995,0.3134581650640861,-18.11,-0.01
231.764,5,-35.3613949,149.16552579999998,99.994,0.30154612838859873,-18.11,-0.02
231.864,5,-35.3614111,149.16552579999998,99.995,0.261086355581691,-18.11,-0.02
231.964,5,-35.361427299999995,149.16552579999998,99.996,0.27703615463456666,-18.1,-0.02
232.064,5,-35.3614434,149.16552579999998,99.996,0.272050276623016,-18.1,-0.03
232.16400000000002,5,-35.361459599999996,149.1655259,99.996,0.2551017224865847,-18.09,-0.03
232.264,5,-35.3614757,149.1655259,99.994,0.22504536832223782,-18.09,-0.03
232.364,5,-35.3614919,149.1655259,99.99000000000001,0.14159819914826818,-18.080000000000002,-0.03
232.464,5,-35.361508,149.1655259,99.986,0.1014688033919268,-18.080000000000002,-0.03
232.564,5,-35.3615242,149.1655259,99.983,0.07629345982298705,-18.080000000000002,-0.03
232.66400000000002,5,-35.3615403,149.1655259,99.983,0.0593041713454803,-18.080000000000002,-0.02
232.764,5,-35.3615565,149.1655259,99.98400000000001,0.04102125571134372,-18.080000000000002,-0.02
232.864,5,-35.361572599999995,149.1655259,99.98700000000001,0.07839212882696603,-18.080000000000002,-0.02
232.965,5,-35.3615889,149.1655259,99.991,0.12527994340618212,-18.080000000000002,-0.02
233.065,5,-35.3616052,149.1655259,99.995,0.15833464389445884,-18.080000000000002,-0.02
233.165,6,-35.3616215,149.1655259,99.999,0.17360054357626045,-18.09,-0.02
233.264,6,-35.3616379,149.1655259,100.002,0.11084440529642628,-18.09,-0.03
233.364,6,-35.3616543,149.1655259,100.006,-0.7701034020321146,-18.11,-0.05
233.464,6,-35.3616707,149.1655259,100.01,-3.608876016382923,-18.12,-0.05
233.564,6,-35.3616872,149.1655259,100.013,-9.059164202812113,-18.07,0.04
233.66400000000002,6,-35.3617035,149.165526,100.017,-16.638544016278868,-17.94,0.28
233.764,6,-35.3617197,149.1655266,100.02,-25.186100583273994,-17.72,0.68
233.864,6,-35.3617355,149.16552769999998,100.016,-33.237172407048185,-17.43,1.2
233.964,6,-35.361751,149.1655294,99.997,-39.6457442448798,-17.1,1.81
234.064,6,-35.3617662,149.1655319,99.965,-43.81172933666987,-16.73,2.48
234.16400000000002,6,-35.3617809,149.1655351,99.926,-45.82069629234031,-16.31,3.24
234.264,7,-35.361795199999996,149.16553919999998,99.895,-46.187282790378646,-15.82,4.0600000000000005
234.364,7,-35.361809,149.1655442,99.887,-45.618037749476855,-15.24,4.89
234.464,7,-35.3618223,149.16555019999998,99.91,-44.78151033087955,-14.6,5.68
234.564,7,-35.3618349,149.165557,99.967,-44.09251841344909,-13.92,6.390000000000001
234.66400000000002,7,-35.361847,149.1655644,100.051,-43.719470556455924,-13.24,7.01
234.764,7,-35.361858399999996,149.1655726,100.157,-43.66808704332992,-12.55,7.54
234.864,7,-35.3618692,149.1655812,100.277,-43.899398229761566,-11.9,8.0
234.964,7,-35.3618794,149.1655903,100.401,-44.206777232979654,-11.290000000000001,8.38
235.065,7,-35.3618893,149.1655999,100.519,-44.482976422636625,-10.73,8.71
235.165,7,-35.361898599999996,149.1656098,100.62,-44.67784513475168,-10.23,9.0
235.26500000000001,7,-35.3619075,149.1656199,100.702,-44.758321838647355,-9.76,9.25
235.364,7,-35.361916099999995,149.1656304,100.762,-44.75814766882352,-9.28,9.48
235.464,7,-35.3619242,149.1656411,100.801,-44.7327325349219,-8.790000000000001,9.71
235.564,7,-35.3619318,149.165652,100.824,-44.66265137894298,-8.28,9.93
235.66400000000002,7,-35.361939,149.16566319999998,100.834,-44.58655965649446,-7.72,10.15
235.764,7,-35.3619456,149.1656746,100.834,-44.55881884318045,-7.1000000000000005,10.370000000000001
235.864,7,-35.3619517,149.16568619999998,100.831,-44.560997673525684,-6.43,10.58
235.964,7,-35.361957,149.1656979,100.828,-44.56508554174393,-5.7,10.78
236.064,7,-35.3619617,149.1657098,100.831,-44.56701507018447,-4.94,10.950000000000001
236.16400000000002,7,-35.3619657,149.1657219,100.839,-44.61884596070111,-4.17,11.09
236.264,7,-35.361968999999995,149.165734,100.854,-44.65337939714469,-3.39,11.21
236.364,7,-35.3619716,149.1657463,100.874,-44.68290972002124,-2.63,11.290000000000001
236.464,7,-35.3619735,149.1657586,100.897,-44.726588779763475,-1.8800000000000001,11.34
236.564,7,-35.3619748,149.165771,100.922,-44.75961957458966,-1.1500000000000001,11.36
236.66400000000002,7,-35.3619754,149.1657833,100.946,-44.74519763015717,-0.43,11.35
236.764,7,-35.3619755,149.1657957,100.96900000000001,-44.75442863082044,0.25,11.32
236.864,7,-35.3619749,149.165808,100.986,-44.716650854521106,0.93,11.27
236.964,7,-35.3619737,149.1658203,100.997,-44.644814339925496,1.59,11.200000000000001
237.065,7,-35.3619719,149.1658324,101.002,-44.6132896018113,2.24,11.120000000000001
237.165,7,-35.3619696,149.16584459999999,101.001,-44.61610705484393,2.9,11.01
237.26500000000001,7,-35.361966699999996,149.16585659999998,100.994,-44.68209692751001,3.58,10.89
237.365,7,-35.3619632,149.16586859999998,100.986,-44.7374248748817,4.28,10.74
237.464,7,-35.3619589,149.1658804,100.97500000000001,-44.74241091297581,4.99,10.57
237.564,7,-35.3619541,149.1658919,100.96300000000001,-44.77397663222502,5.7,10.38
237.66400000000002,7,-35.3619486,149.1659033,100.953,-44.767399160054296,6.42,10.15
237.764,7,-35.3619424,149.1659144,100.944,-44.78078974592211,7.140000000000001,9.9
237.864,7,-35.3619357,149.1659252,100.938,-44.788822048386045,7.83,9.620000000000001
237.964,7,-35.361928299999995,149.16593559999998,100.935,-44.81031665370408,8.51,9.33
238.064,7,-35.361920399999995,149.1659456,100.933,-44.826613485063724,9.14,9.02
238.16400000000002,7,-35.361912,149.1659553,100.928,-44.80787827617038,9.76,8.69
238.264,7,-35.361903,149.1659646,100.92,-44.75093840415457,10.370000000000001,8.33
238.364,7,-35.3618935,149.16597339999998,100.913,-44.70237917425036,10.97,7.95
238.464,7,-35.361883399999996,149.1659819,100.904,-44.70051453260695,11.57,7.5600000000000005
238.564,7,-35.3618728,149.1659899,100.896,-44.71676013754782,12.14,7.140000000000001
238.66400000000002,7,-35.3618618,149.16599739999998,100.887,-44.738128384366206,12.71,6.7
238.764,7,-35.3618502,149.16600449999999,100.877,-44.758198895242295,13.26,6.24
238.864,7,-35.3618381,149.166011,100.867,-44.79342218079205,13.790000000000001,5.7700000000000005
238.964,7,-35.3618255,149.16601699999998,100.855,-44.830342768350555,14.31,5.28
239.064,7,-35.3618125,149.1660225,100.84,-44.84412267500105,14.8,4.79
239.165,7,-35.3617991,149.16602749999998,100.821,-44.828307371977886,15.290000000000001,4.2700000000000005
239.26500000000001,7,-35.361785,149.1660319,100.8,-44.827296503980726,15.77,3.72
239.365,7,-35.3617706,149.16603569999998,100.777,-44.73152017634422,16.23,3.17
239.465,7,-35.361755699999996,149.1660389,100.754,-44.47267649736825,16.68,2.59
239.564,7,-35.361740399999995,149.16604139999998,100.733,-43.95044023342908,17.12,1.99
239.66400000000002,7,-35.361724699999996,149.1660432,100.714,-43.08527041654732,17.53,1.37
239.764,7,-35.3617086,149.1660444,100.7,-41.855740743296636,17.89,0.76
239.864,7,-35.3616923,149.1660449,100.691,-40.204812303918274,18.2,0.17
239.964,7,-35.3616757,149.16604479999998,100.688,-38.117014719942134,18.45,-0.36
240.064,7,-35.3616589,149.1660441,100.688,-35.613490841944,18.64,-0.85
240.16400000000002,7,-35.3616422,149.16604289999998,100.693,-32.78844946914585,18.77,-1.29
240.264,7,-35.3616254,149.16604139999998,100.697,-29.695347077086808,18.84,-1.6500000000000001
240.364,7,-35.3616086,149.16603949999998,100.693,-26.308877814891954,18.86,-1.94
240.464,7,-35.3615918,149.1660373,100.675,-22.728741953875975,18.85,-2.16
240.564,7,-35.361574999999995,149.1660349,100.642,-19.076043870665075,18.81,-2.33
240.66400000000002,7,-35.3615583,149.16603229999998,100.593,-15.49515327374581,18.76,-2.45
240.764,7,-35.3615417,149.1660296,100.53,-12.137267499453815,18.7,-2.54
240.864,7,-35.3615251,149.1660269,100.455,-9.114690225669731,18.64,-2.61
240.964,7,-35.3615085,149.1660241,100.367,-6.43764069605237,18.59,-2.65
241.064,7,-35.3614919,149.1660212,100.272,-4.124987735070712,18.55,-2.68
241.16400000000002,7,-35.361475399999996,149.16601839999998,100.178,-2.196139538694761,18.51,-2.69
241.26500000000001,7,-35.3614588,149.1660155,100.087,-0.5547574092593973,18.490000000000002,-2.68
241.365,7,-35.3614421,149.1660126,100.003,0.884679078307138,18.47,-2.65
241.465,7,-35.3614254,149.16600979999998,99.93,2.1796892415221967,18.44,-2.61
241.565,7,-35.3614087,149.1660071,99.869,3.3228582163506424,18.41,-2.5500000000000003
241.66400000000002,7,-35.361392099999996,149.1660044,99.818,4.323318072434488,18.38,-2.47
241.764,7,-35.3613755,149.1660018,99.773,5.213138042030824,18.36,-2.39
241.864,7,-35.3613588,149.1659992,99.735,6.008175903401717,18.330000000000002,-2.29
241.964,7,-35.361342199999996,149.1659968,99.70100000000001,6.666269752574323,18.3,-2.19
242.064,7,-35.3613257,149.1659946,99.667,7.148467874485706,18.28,-2.09
242.16400000000002,7,-35.361309299999995,149.1659924,99.631,7.47681427779526,18.25,-1.99
242.264,7,-35.361292999999996,149.1659904,99.592,7.707673817968044,18.22,-1.8900000000000001
242.364,7,-35.3612767,149.1659884,99.553,7.827741713387698,18.2,-1.78
242.464,7,-35.3612605,149.1659866,99.514,7.839550256689004,18.17,-1.67
242.564,7,-35.3612442,149.165985,99.479,7.76718867130095,18.150000000000002,-1.56
242.66400000000002,7,-35.361228,149.1659834,99.449,7.603686749175539,18.12,-1.45
242.764,7,-35.3612119,149.1659819,99.427,7.403912253689128,18.09,-1.35
242.864,7,-35.361195699999996,149.16598059999998,99.409,7.165454128064704,18.06,-1.25
242.964,7,-35.3611795,149.1659793,99.397,6.900040233994002,18.04,-1.1500000000000001
243.064,7,-35.361163399999995,149.1659781,99.386,6.6297128725891215,18.02,-1.06
243.16400000000002,7,-35.3611473,149.1659771,99.377,6.345693543219305,18.0,-0.97
243.264,7,-35.3611311,149.1659761,99.367,5.994285433064026,17.990000000000002,-0.9
243.365,7,-35.3611149,149.1659752,99.357,5.638583695241748,17.98,-0.8200000000000001
243.465,7,-35.3610987,149.1659743,99.34700000000001,5.266461328881114,17.97,-0.76
243.565,7,-35.3610824,149.1659736,99.33500000000001,4.896120788120206,17.97,-0.6900000000000001
243.66400000000002,7,-35.361066099999995,149.1659728,99.322,4.5402376233981,17.97,-0.63
243.764,7,-35.361049799999996,149.1659722,99.306,4.18258672034143,17.97,-0.5700000000000001
243.864,7,-35.3610335,149.1659716,99.294,3.8056213229724327,17.97,-0.52
243.964,7,-35.3610171,149.16597099999998,99.287,3.472612034893876,17.97,-0.48
244.064,7,-35.3610008,149.1659705,99.284,3.1727936242001733,17.97,-0.44
244.16400000000002,7,-35.3609844,149.16597,99.288,2.938512159253212,17.97,-0.4
244.264,7,-35.360968199999995,149.16596959999998,99.297,2.7492817682980086,17.96,-0.36
244.364,7,-35.360952,149.1659692,99.311,2.6009057269764138,17.95,-0.32
244.464,7,-35.3609359,149.1659688,99.324,2.462813389223919,17.94,-0.28
244.564,7,-35.3609198,149.1659685,99.336,2.2950114361291614,17.93,-0.26
244.66400000000002,7,-35.3609037,149.16596819999998,99.34700000000001,2.101842800787211,17.93,-0.23
244.764,7,-35.3608877,149.1659679,99.357,1.8972737259468633,17.92,-0.21
244.864,7,-35.3608717,149.16596769999998,99.36200000000001,1.7012612773109546,17.92,-0.19
244.964,7,-35.3608556,149.1659674,99.363,1.4890013027434665,17.91,-0.18
245.064,7,-35.3608396,149.16596719999998,99.363,1.349605679519969,17.91,-0.16
245.16400000000002,7,-35.360823599999996,149.165967,99.36200000000001,1.2418860190677574,17.92,-0.15
245.264,7,-35.3608075,149.1659668,99.364,1.1390242239410115,17.92,-0.13
245.364,7,-35.3607914,149.1659666,99.36500000000001,1.077621783797949,17.92,-0.12
245.465,7,-35.3607752,149.1659664,99.367,1.0386138263960656,17.92,-0.1
245.565,7,-35.3607589,149.16596619999999,99.372,1.0255919640217306,17.92,-0.09
245.665,7,-35.360742699999996,149.1659661,99.38,0.9541459441475758,17.93,-0.07
245.764,7,-35.3607264,149.165966,99.39,0.8799391938274136,17.94,-0.06
245.864,7,-35.3607101,149.1659659,99.404,0.8384748762844115,17.95,-0.05
245.964,7,-35.3606938,149.16596579999998,99.416,0.7563944119551056,17.96,-0.05
246.064,7,-35.3606775,149.1659657,99.429,0.6932131344200778,17.97,-0.04
246.16400000000002,7,-35.3606611,149.1659656,99.44,0.6670657828950939,17.97,-0.04
246.264,7,-35.3606449,149.1659655,99.45100000000001,0.5904571538646143,17.98,-0.03
246.364,7,-35.3606287,149.1659654,99.458,0.5386074803277551,17.98,-0.03
246.464,7,-35.360612499999995,149.16596529999998,99.46600000000001,0.5277972652231818,17.97,-0.02
246.564,7,-35.3605965,149.16596529999998,99.473,0.5281641744476584,17.97,-0.02
246.66400000000002,7,-35.360580399999996,149.1659652,99.479,0.5234559329536982,17.96,-0.01
246.764,7,-35.3605643,149.1659651,99.485,0.5179697969462971,17.96,-0.01
246.864,7,-35.3605482,149.1659651,99.492,0.5424735274805409,17.95,0.0
246.964,7,-35.3605322,149.165965,99.5,0.556489609265936,17.94,0.0
247.064,7,-35.3605161,149.165965,99.509,0.5399725043055527,17.94,0.0
247.16400000000002,7,-35.360500099999996,149.1659649,99.519,0.4794937405260285,17.93,0.0
247.264,7,-35.360484,149.1659649,99.531,0.4189564132104568,17.93,0.01
247.364,7,-35.360468,149.1659649,99.542,0.35656170132746473,17.92,0.02
247.465,7,-35.3604519,149.1659649,99.556,0.29627058098713077,17.91,0.03
247.565,7,-35.3604357,149.1659649,99.571,0.29498204979195203,17.91,0.03
247.665,7,-35.3604196,149.1659649,99.583,0.28256842109929187,17.91,0.04
247.76500000000001,7,-35.360403399999996,149.1659649,99.59,0.25918684262091346,17.92,0.04
247.864,7,-35.3603872,149.1659649,99.59400000000001,0.21915344970902914,17.93,0.05
247.964,7,-35.3603709,149.1659649,99.59700000000001,0.1763180650716396,17.93,0.05
248.064,7,-35.3603546,149.1659649,99.601,0.15594558512904852,17.95,0.05
248.16400000000002,7,-35.360338299999995,149.1659649,99.60600000000001,0.1188318979841463,17.96,0.05
248.264,7,-35.360322,149.165965,99.61200000000001,0.07648219048955493,17.97,0.05
248.364,7,-35.3603056,149.165965,99.623,0.008779482803957408,17.98,0.05
248.464,7,-35.3602894,149.165965,99.637,-0.08207871009126719,17.98,0.04
248.564,7,-35.3602732,149.165965,99.652,-0.09415007560337964,17.98,0.04
248.66400000000002,7,-35.3602571,149.1659651,99.669,-0.11209651770950714,17.98,0.03
248.764,7,-35.360240999999995,149.1659651,99.685,-0.11881040690064455,17.98,0.03
248.864,7,-35.3602249,149.1659651,99.7,-0.07500293426593148,17.97,0.03
248.964,7,-35.360208799999995,149.1659651,99.715,-0.019319470211858744,17.97,0.04
249.064,7,-35.3601928,149.1659651,99.726,0.025313586531039746,17.96,0.04
249.16400000000002,7,-35.3601767,149.1659652,99.736,0.02126059630025781,17.96,0.03
249.264,7,-35.3601607,149.1659652,99.744,0.015130158009680886,17.95,0.03
249.364,7,-35.3601446,149.1659652,99.748,0.011424935464927682,17.95,0.03
249.464,7,-35.3601285,149.1659652,99.752,0.029463875274487954,17.95,0.04
249.565,7,-35.3601125,149.16596529999998,99.754,0.03063041688985192,17.95,0.04
249.665,7,-35.3600962,149.16596529999998,99.753,0.033380578551933666,17.96,0.04
249.76500000000001,7,-35.360079999999996,149.1659654,99.75,0.04389239643208866,17.97,0.04
249.865,7,-35.3600637,149.1659654,99.748,0.006235207739529571,17.98,0.04
249.964,7,-35.3600474,149.1659654,99.75,-0.028319651835845536,17.990000000000002,0.03
250.064,7,-35.3600311,149.1659655,99.755,-0.038682092678439556,18.0,0.04
250.16400000000002,7,-35.3600147,149.1659655,99.763,-0.027473932343327134,18.0,0.04
250.264,7,-35.359998399999995,149.1659656,99.774,-0.017484567238771922,18.01,0.04
250.364,7,-35.359982099999996,149.1659656,99.786,-0.011687856059806852,18.02,0.04
250.464,7,-35.3599658,149.1659656,99.799,-0.03507942135530906,18.02,0.04
250.564,7,-35.3599496,149.1659657,99.81,-0.022364390555202243,18.02,0.03
250.66400000000002,7,-35.359933399999996,149.1659657,99.821,-0.06587071121146659,18.02,0.03
250.764,7,-35.3599173,149.16596579999998,99.82900000000001,-0.06535429821740338,18.01,0.03
250.864,7,-35.359901199999996,149.16596579999998,99.834,-0.08151073717309831,18.01,0.03
250.964,7,-35.3598851,149.16596579999998,99.836,-0.12709605335389149,18.01,0.03
251.064,7,-35.359868999999996,149.1659659,99.83500000000001,-0.1349531988182127,18.01,0.03
251.16400000000002,7,-35.359853,149.1659659,99.83200000000001,-0.10548152618909606,18.01,0.03
251.264,7,-35.3598369,149.165966,99.82900000000001,-0.10792283856969961,18.01,0.03
251.364,7,-35.3598208,149.165966,99.827,-0.10292111905494704,18.01,0.03
251.464,7,-35.3598047,149.165966,99.82600000000001,-0.11613518722139453,18.0,0.03
251.564,7,-35.3597886,149.1659661,99.827,-0.13007617694655912,18.0,0.03
251.665,7,-35.3597725,149.1659661,99.83200000000001,-0.13226051679985415,18.0,0.02
251.76500000000001,7,-35.3597562,149.1659661,99.83800000000001,-0.1921888767220237,18.0,0.01
251.865,7,-35.359740099999996,149.1659661,99.846,-0.1716244711317979,17.990000000000002,0.01
251.965,7,-35.3597238,149.16596619999999,99.855,-0.1314559285197546,18.0,0.01
252.064,7,-35.3597075,149.16596619999999,99.863,-0.09600188396167289,18.0,0.0
252.16400000000002,7,-35.3596912,149.16596619999999,99.868,-0.10979069520449976,18.0,0.0
252.264,7,-35.3596748,149.16596619999999,99.868,-0.1197864302608688,18.01,0.0
252.364,7,-35.3596585,149.16596619999999,99.86500000000001,-0.1313862392458793,18.02,0.0
252.464,7,-35.359642199999996,149.16596619999999,99.861,-0.11872601671179787,18.03,0.0
252.564,7,-35.359626,149.16596619999999,99.85600000000001,-0.06615029540018755,18.03,0.0
252.66400000000002,7,-35.3596098,149.16596619999999,99.855,-0.04570499123361385,18.03,0.0
252.764,7,-35.3595936,149.16596619999999,99.857,-0.009325545255671353,18.03,0.0
252.864,7,-35.3595775,149.16596619999999,99.85900000000001,0.019887920042650328,18.03,0.0
252.964,7,-35.359561299999996,149.16596619999999,99.864,0.050903532254253855,18.02,0.0
253.064,7,-35.3595452,149.16596619999999,99.871,0.04643566472729985,18.02,0.0
253.16400000000002,7,-35.359529099999996,149.16596619999999,99.882,0.030504178452125687,18.01,0.0
253.264,7,-35.359513,149.16596619999999,99.894,-0.025980592189593844,18.01,0.0
253.364,7,-35.359496899999996,149.16596619999999,99.904,-0.03857421370916104,18.0,0.0
253.464,7,-35.3594807,149.16596619999999,99.912,-0.008670606653740497,18.0,-0.01
253.564,7,-35.359464599999995,149.16596619999999,99.915,-0.02800282510686016,18.0,-0.01
253.66400000000002,7,-35.3594485,149.16596619999999,99.915,-0.06124363157475319,18.0,-0.01
253.76500000000001,7,-35.359432399999996,149.16596619999999,99.913,-0.04580368546608855,18.0,0.0
253.865,7,-35.359415999999996,149.16596619999999,99.908,-0.04059915802476487,18.0,-0.01
253.965,7,-35.3593997,149.16596619999999,99.903,-0.01654217455608206,18.01,-0.01
254.065,7,-35.3593834,149.16596619999999,99.901,-0.004108891143646588,18.02,-0.01
254.16400000000002,7,-35.359367,149.16596619999999,99.903,0.016647342127023065,18.03,-0.01
254.264,7,-35.3593507,149.16596629999998,99.904,0.0491565379512512,18.04,0.0
254.364,7,-35.3593343,149.16596629999998,99.908,0.022706460302658233,18.05,0.0
254.464,7,-35.3593179,149.16596629999998,99.914,0.009120073455272333,18.06,0.0
254.564,7,-35.3593015,149.16596629999998,99.922,0.05798525781468687,18.07,0.0
254.66400000000002,7,-35.3592851,149.16596629999998,99.928,0.08792426479342046,18.07,0.0
254.764,7,-35.3592689,149.16596629999998,99.935,0.07234244885218591,18.07,0.0
254.864,7,-35.3592527,149.16596629999998,99.941,0.02270402237869179,18.07,0.0
254.964,7,-35.3592365,149.16596629999998,99.946,-0.008616613808248347,18.06,0.0
255.064,7,-35.3592203,149.16596629999998,99.952,-0.00866837133426237,18.06,-0.01
255.16400000000002,7,-35.3592042,149.16596629999998,99.95700000000001,-0.01595361435385728,18.05,-0.01
255.264,7,-35.3591881,149.16596629999998,99.96000000000001,-0.02748541826691186,18.05,-0.02
255.364,7,-35.359172,149.16596629999998,99.962,0.006038036469926701,18.05,-0.01
255.464,7,-35.359155799999996,149.16596629999998,99.962,0.0604804379762836,18.04,-0.01
255.564,7,-35.3591397,149.16596629999998,99.96300000000001,0.09932860630418562,18.04,0.0
255.66400000000002,7,-35.3591236,149.16596629999998,99.96600000000001,0.0983060722905605,18.03,0.0
255.764,7,-35.3591075,149.16596629999998,99.96900000000001,0.09719654007640366,18.03,0.0
255.865,7,-35.3590911,149.16596629999998,99.974,0.06841889871030364,18.03,0.0
255.965,7,-35.3590748,149.16596629999998,99.97800000000001,0.07047864097209884,18.03,0.0
256.065,7,-35.359058499999996,149.16596629999998,99.98100000000001,0.04945762322863381,18.03,0.0
256.164,7,-35.3590422,149.16596629999998,99.982,0.025404758550783505,18.04,0.0
256.264,7,-35.3590258,149.16596629999998,99.98,0.012324379331147124,18.05,0.0
256.36400000000003,7,-35.3590095,149.16596629999998,99.97500000000001,0.00769988769579892,18.06,0.0
256.464,7,-35.3589931,149.16596629999998,99.96600000000001,-0.006641993779500429,18.07,0.0
256.564,7,-35.3589767,149.16596629999998,99.953,0.024201487993364194,18.080000000000002,0.01
256.664,7,-35.3589604,149.16596629999998,99.941,0.06870326536546494,18.080000000000002,0.01
256.764,7,-35.358944099999995,149.1659664,99.932,0.08931973113779224,18.080000000000002,0.02
256.86400000000003,7,-35.3589279,149.1659664,99.93,0.07195482894668107,18.080000000000002,0.02
256.964,7,-35.3589118,149.1659664,99.935,0.05966400358684229,18.07,0.03
257.064,7,-35.3588956,149.1659665,99.946,0.05318851734620741,18.05,0.03
257.164,7,-35.3588795,149.1659665,99.96000000000001,0.0030865474365007204,18.04,0.02
257.264,7,-35.3588634,149.1659665,99.97500000000001,-0.07196329331197086,18.03,0.01
257.36400000000003,7,-35.3588473,149.1659666,99.986,-0.15532106304702872,18.02,0.01
257.464,7,-35.3588312,149.1659666,99.991,-0.22475324433308755,18.01,0.01
257.564,7,-35.3588151,149.1659666,99.992,-0.24045323455315523,18.01,0.0
257.664,7,-35.358799,149.1659666,99.989,-0.28883869483992225,18.0,0.0
257.764,7,-35.3587829,149.1659666,99.985,-0.33586654830744345,18.0,0.0
257.86400000000003,7,-35.3587668,149.1659666,99.979,-0.33935421365238116,18.01,-0.01
257.96500000000003,7,-35.3587506,149.1659666,99.973,-0.29573409097216746,18.01,-0.01
258.065,7,-35.358734399999996,149.1659665,99.96600000000001,-0.19756765069340876,18.01,-0.01
258.165,7,-35.3587181,149.1659665,99.96300000000001,-0.1357672319692739,18.02,-0.01
258.264,7,-35.3587018,149.1659665,99.96000000000001,-0.04952523476429967,18.03,-0.01
258.36400000000003,7,-35.3586854,149.1659665,99.958,-0.006474261859190038,18.04,-0.01
258.464,7,-35.358669,149.1659665,99.96000000000001,0.02729575045036509,18.05,-0.01
258.564,7,-35.3586526,149.1659665,99.964,0.06900225956442488,18.05,0.0
258.664,7,-35.3586362,149.1659665,99.97200000000001,0.1010861393756342,18.06,0.0
258.764,7,-35.3586198,149.1659665,99.982,0.07566420196527318,18.07,-0.01
258.86400000000003,7,-35.3586035,149.1659665,99.99000000000001,0.05062626592758035,18.080000000000002,-0.01
258.964,7,-35.358587299999996,149.1659665,99.995,0.03417890360192519,18.080000000000002,-0.01
259.064,7,-35.358571,149.1659665,99.999,-0.002165460116531635,18.080000000000002,-0.01
259.164,7,-35.3585549,149.1659665,100.0,-0.018782108080455964,18.07,-0.01
259.264,7,-35.3585387,149.1659665,99.994,0.006041926809607765,18.07,-0.01
259.36400000000003,7,-35.3585226,149.1659665,99.988,0.0033026005272753056,18.07,0.0
259.464,7,-35.358506399999996,149.1659665,99.982,0.010148118644485076,18.06,0.0
259.564,7,-35.3584903,149.1659665,99.97800000000001,0.027915650148503248,18.06,0.0
259.664,7,-35.358474199999996,149.1659665,99.976,0.01756153359896018,18.05,0.0
259.764,7,-35.358458,149.1659665,99.97500000000001,-0.016953498352956946,18.05,0.0
259.86400000000003,7,-35.358441899999995,149.1659665,99.97500000000001,-0.041196542778036443,18.04,0.0
259.96500000000003,7,-35.3584258,149.1659665,99.979,-0.0028516560886882245,18.04,0.0
260.065,7,-35.3584094,149.1659665,99.985,-0.01738950654687375,18.04,0.0
260.165,7,-35.3583931,149.1659665,99.99000000000001,-0.028127706177890986,18.05,0.0
260.265,7,-35.358376799999995,149.1659665,99.994,-0.01680352600838091,18.05,0.0
260.36400000000003,7,-35.358360399999995,149.1659665,99.999,-0.0003820241289946874,18.05,0.0
260.464,7,-35.3583441,149.1659665,100.0,-0.020474675981036736,18.06,0.0
260.564,7,-35.3583277,149.1659665,100.0,-0.05891577103750194,18.06,0.0
260.664,7,-35.3583113,149.1659665,99.998,-0.0775895082283168,18.07,0.0
260.764,7,-35.3582949,149.1659665,99.995,-0.08376529990879754,18.080000000000002,-0.01
260.86400000000003,7,-35.3582786,149.1659665,99.992,-0.09000958691407013,18.080000000000002,0.0
260.964,7,-35.3582623,149.1659665,99.992,-0.09344293758087174,18.080000000000002,-0.01
261.064,7,-35.358246099999995,149.1659665,99.995,-0.10098600106507813,18.07,-0.01
261.164,7,-35.35823,149.1659665,100.001,-0.08423856398319199,18.06,-0.01
261.264,7,-35.3582138,149.1659665,100.008,-0.08950196512052067,18.06,-0.02
261.36400000000003,7,-35.3581977,149.1659665,100.016,-0.07802737404692486,18.05,-0.02
261.464,7,-35.3581816,149.1659665,100.023,-0.07386633475914582,18.04,-0.03
261.564,7,-35.3581654,149.1659665,100.027,-0.02766932978145305,18.04,-0.04
261.664,7,-35.3581493,149.1659664,100.028,0.045129250976296074,18.04,-0.04
261.764,7,-35.3581332,149.1659664,100.025,0.08337153683510366,18.03,-0.03
261.86400000000003,7,-35.3581171,149.1659664,100.022,0.10473912331293403,18.03,-0.03
261.964,7,-35.358101,149.16596629999998,100.016,0.17702752429124824,18.02,-0.03
262.065,7,-35.3580848,149.16596629999998,100.009,0.21235024779036585,18.02,-0.03
262.165,7,-35.358068599999996,149.16596629999998,100.002,0.23383667555769047,18.03,-0.02
262.265,7,-35.3580523,149.16596629999998,99.997,0.26026627931403995,18.03,-0.02
262.365,7,-35.358036,149.16596629999998,99.992,0.2625645579284699,18.04,-0.01
262.464,7,-35.3580197,149.16596629999998,99.989,0.2502688300402718,18.05,-0.01
262.564,7,-35.3580033,149.16596629999998,99.989,0.2465479510877751,18.06,-0.01
262.664,7,-35.3579869,149.16596629999998,99.988,0.24189427106589567,18.07,0.0
262.764,7,-35.3579705,149.16596629999998,99.989,0.241674370991133,18.080000000000002,0.0
262.86400000000003,7,-35.3579541,149.16596629999998,99.992,0.20578735647269597,18.080000000000002,0.0
262.964,7,-35.357937899999996,149.16596629999998,99.997,0.14571015979160096,18.080000000000002,0.0
263.064,7,-35.3579216,149.16596629999998,100.002,0.10155722232516673,18.080000000000002,0.0
263.164,7,-35.3579054,149.16596629999998,100.006,0.07400516635815427,18.07,0.0
263.264,7,-35.357889199999995,149.16596629999998,100.009,0.03574138941584494,18.06,0.0
263.36400000000003,7,-35.3578731,149.16596629999998,100.011,0.008082852700652366,18.06,0.01
263.464,7,-35.3578569,149.16596629999998,100.012,-0.022864310043142263,18.05,0.0
263.564,7,-35.3578408,149.16596629999998,100.013,-0.012072366861867474,18.05,0.0
263.664,7,-35.3578246,149.16596629999998,100.013,0.0021369312367916053,18.04,0.0
263.764,7,-35.3578085,149.16596629999998,100.013,-0.0072129490690878975,18.03,0.0
263.86400000000003,7,-35.3577923,149.16596629999998,100.011,-0.027083352578013517,18.03,0.0
263.964,7,-35.357776199999996,149.16596629999998,100.01,-0.03329995030321579,18.03,0.0
264.064,7,-35.35776,149.16596629999998,100.008,-0.04034733815481362,18.03,0.0
264.165,7,-35.357743899999996,149.16596629999998,100.005,-0.026621312625519304,18.03,0.0
264.265,7,-35.357727499999996,149.16596629999998,100.001,0.002178380321478634,18.03,0.0
264.365,7,-35.3577112,149.16596629999998,99.995,-0.010775438002465025,18.04,0.0
264.46500000000003,7,-35.3576948,149.16596629999998,99.989,-0.00895932972228231,18.05,0.0
264.564,7,-35.3576784,149.16596619999999,99.985,-0.03132659259214406,18.06,0.0
264.664,7,-35.357662,149.16596619999999,99.983,-0.011755025700909704,18.06,0.0
264.764,7,-35.3576456,149.16596619999999,99.983,0.015084676220224807,18.07,0.0
264.86400000000003,7,-35.3576292,149.16596619999999,99.983,0.060443585637255944,18.080000000000002,0.0
264.964,7,-35.3576128,149.16596619999999,99.983,0.02389054263088337,18.09,0.0
265.064,7,-35.3575964,149.16596619999999,99.985,-0.038176968839816035,18.1,-0.01
265.164,7,-35.3575802,149.16596619999999,99.98700000000001,-0.07282289663140076,18.1,-0.02
265.264,7,-35.357563899999995,149.1659661,99.991,-0.1109832769160744,18.1,-0.03
265.36400000000003,7,-35.3575477,149.1659661,99.997,-0.10217929647806019,18.1,-0.04
265.464,7,-35.3575315,149.165966,100.004,-0.044423503671016655,18.09,-0.04
265.564,7,-35.3575154,149.165966,100.013,0.03617802459978321,18.080000000000002,-0.04
265.664,7,-35.3574992,149.1659659,100.021,0.15810540567044026,18.080000000000002,-0.04
265.764,7,-35.357483099999996,149.1659659,100.027,0.24258198573795134,18.07,-0.04
265.86400000000003,7,-35.3574669,149.16596579999998,100.028,0.30661018004963425,18.06,-0.03
265.964,7,-35.357450799999995,149.16596579999998,100.025,0.38768564607559636,18.06,-0.03
266.064,7,-35.3574346,149.16596579999998,100.018,0.4512371945688329,18.06,-0.03
266.164,7,-35.3574185,149.1659657,100.01,0.5124409188957304,18.05,-0.02
266.265,7,-35.3574023,149.1659657,100.005,0.5359135576695668,18.06,-0.01
266.365,7,-35.357385799999996,149.1659657,100.002,0.5142006531023607,18.06,0.0
266.46500000000003,7,-35.3573695,149.1659657,100.0,0.5175183641308415,18.07,0.0
266.564,7,-35.3573531,149.1659657,100.001,0.4764504643639647,18.07,0.0
266.664,7,-35.3573367,149.1659657,100.003,0.3828521666599016,18.07,0.0
266.764,7,-35.3573203,149.1659657,100.007,0.32782720221092687,18.080000000000002,0.0
266.86400000000003,7,-35.3573039,149.1659657,100.013,0.26507652007830074,18.080000000000002,0.01
266.964,7,-35.3572875,149.1659657,100.018,0.23754312039948022,18.080000000000002,0.01
267.064,7,-35.3572712,149.1659657,100.021,0.26570719199861625,18.080000000000002,0.02
267.164,7,-35.357254999999995,149.1659657,100.022,0.2223658130736904,18.080000000000002,0.02
267.264,7,-35.3572388,149.1659657,100.022,0.13847434809833936,18.080000000000002,0.02
267.36400000000003,7,-35.3572226,149.1659657,100.019,0.04850480516931042,18.080000000000002,0.01
267.464,7,-35.357206399999995,149.1659657,100.014,-0.0005895758822869759,18.07,0.01
267.564,7,-35.3571903,149.1659657,100.009,-0.04966543373516343,18.06,0.0
267.664,7,-35.357174199999996,149.1659657,100.005,-0.05184912325306386,18.06,0.0
267.764,7,-35.3571581,149.1659657,100.004,-0.015037503558742752,18.05,0.0
267.86400000000003,7,-35.357141899999995,149.1659657,100.005,0.07464686396469829,18.05,0.0
267.964,7,-35.3571258,149.1659657,100.009,0.12739339336641184,18.04,0.0
268.064,7,-35.357109699999995,149.1659657,100.014,0.15011900688020452,18.03,0.0
268.164,7,-35.3570936,149.1659657,100.017,0.1734000001508839,18.02,0.0
268.264,7,-35.357077499999995,149.1659657,100.021,0.18634548980451912,18.02,0.0
268.365,7,-35.3570612,149.1659657,100.023,0.24432336381118724,18.02,0.0
268.46500000000003,7,-35.357045,149.1659657,100.023,0.23323185697060056,18.02,0.01
268.565,7,-35.3570287,149.1659657,100.019,0.1675000907499548,18.03,0.01
268.664,7,-35.357012399999995,149.1659657,100.013,0.13291508104205146,18.03,0.0
268.764,7,-35.356995999999995,149.1659657,100.007,0.15241391042068914,18.04,0.0
268.86400000000003,7,-35.356979599999995,149.1659657,100.002,0.1143743857977064,18.05,0.0
268.964,7,-35.356963199999996,149.1659657,100.001,0.05769318051628288,18.06,0.01
269.064,7,-35.356946799999996,149.1659657,100.003,0.00449052796352105,18.07,0.01
269.164,7,-35.356930399999996,149.1659657,100.004,-0.02276809208774702,18.07,0.01
269.264,7,-35.3569141,149.1659657,100.003,-0.013870456682802979,18.080000000000002,0.01
269.36400000000003,7,-35.3568979,149.1659657,100.003,-0.00128273581051726,18.080000000000002,0.01
269.464,7,-35.3568816,149.1659657,100.003,0.04822992340575046,18.080000000000002,0.01
269.564,7,-35.3568655,149.1659657,100.005,0.10305206658794087,18.07,0.01
269.664,7,-35.3568493,149.1659657,100.006,0.10798324305517192,18.07,0.02
269.764,7,-35.3568332,149.16596579999998,100.008,0.08006483148253157,18.06,0.02
269.86400000000003,7,-35.356817,149.16596579999998,100.009,0.040070225240592165,18.06,0.02
269.964,7,-35.356800899999996,149.16596579999998,100.009,0.021999207220811307,18.05,0.03
270.064,7,-35.3567848,149.1659659,100.007,0.00534839622146868,18.04,0.03
270.164,7,-35.356768599999995,149.1659659,100.005,-0.006496214430692949,18.04,0.03
270.264,7,-35.3567525,149.165966,100.001,0.009821935423450646,18.04,0.03
270.36400000000003,7,-35.356736399999996,149.165966,99.996,-0.02417304165619348,18.03,0.03
270.46500000000003,7,-35.356719999999996,149.165966,99.991,-0.06101686796028744,18.04,0.02
270.565,7,-35.3567037,149.1659661,99.99000000000001,-0.11297747871030656,18.05,0.02
270.665,7,-35.3566874,149.1659661,99.992,-0.15809383970557622,18.05,0.01
270.764,7,-35.356671,149.1659661,99.993,-0.2351907605606455,18.06,0.01
270.86400000000003,7,-35.3566547,149.1659661,99.996,-0.2866288351587322,18.07,0.0
270.964,7,-35.3566383,149.1659661,99.997,-0.314893118439597,18.080000000000002,0.0
271.064,7,-35.3566219,149.1659661,99.996,-0.28726444295794007,18.09,0.0
271.164,7,-35.3566055,149.1659661,99.993,-0.208368340885741,18.09,0.0
271.264,7,-35.3565891,149.1659661,99.99000000000001,-0.09786279701549064,18.1,0.0
271.36400000000003,7,-35.356572799999995,149.1659661,99.988,-0.033741984938455934,18.1,0.0
271.464,7,-35.3565566,149.16596619999999,99.99000000000001,-0.02511377848491708,18.09,0.0
271.564,7,-35.3565404,149.16596619999999,99.991,-0.020769331275646008,18.09,0.0
271.664,7,-35.3565243,149.16596619999999,99.993,-0.011526751307296489,18.080000000000002,0.0
271.764,7,-35.3565081,149.16596619999999,99.994,-0.027853433061559314,18.080000000000002,0.0
271.86400000000003,7,-35.3564919,149.16596619999999,99.992,0.011684465978121637,18.080000000000002,0.0
271.964,7,-35.3564758,149.16596619999999,99.989,0.028317057164373723,18.080000000000002,0.0
272.064,7,-35.356459699999995,149.16596619999999,99.986,0.07016179089774033,18.07,0.0
272.164,7,-35.3564435,149.16596619999999,99.985,0.10881184371907231,18.07,0.0
272.264,7,-35.3564273,149.16596619999999,99.98400000000001,0.13971713570237757,18.06,0.0
272.36400000000003,7,-35.3564112,149.16596619999999,99.983,0.14401531238208576,18.06,0.01
272.46500000000003,7,-35.356395,149.16596619999999,99.983,0.10491386676593793,18.06,0.01
272.565,7,-35.3563787,149.16596619999999,99.979,0.0476606631570056,18.06,0.01
272.665,7,-35.356362499999996,149.16596619999999,99.97200000000001,-0.01545063328698266,18.06,0.01
272.765,7,-35.356346099999996,149.16596629999998,99.96300000000001,-0.07797986287753228,18.07,0.01
272.86400000000003,7,-35.356329699999996,149.16596629999998,99.956,-0.13810645169808428,18.080000000000002,0.01
272.964,7,-35.3563133,149.16596629999998,99.953,-0.19493734751207947,18.09,0.01
273.064,7,-35.3562969,149.16596629999998,99.95400000000001,-0.20263483730455162,18.1,0.01
273.164,7,-35.3562805,149.16596629999998,99.961,-0.19561752496366433,18.1,0.01
273.264,7,-35.356263999999996,149.1659664,99.97200000000001,-0.17354454136115163,18.11,0.0
273.36400000000003,7,-35.356247599999996,149.1659664,99.98400000000001,-0.14265846595499365,18.12,0.0
273.464,7,-35.356231199999996,149.1659664,99.996,-0.09404640213631957,18.12,0.0
273.564,7,-35.3562149,149.16596629999998,100.004,-0.08029936577119953,18.11,-0.01
273.664,7,-35.3561987,149.16596629999998,100.008,-0.08209726632785994,18.11,-0.01
273.764,7,-35.356182499999996,149.16596629999998,100.011,-0.0657905498702115,18.11,-0.01
273.86400000000003,7,-35.3561663,149.16596629999998,100.01,-0.061065433006524616,18.11,-0.02
273.964,7,-35.3561501,149.16596629999998,100.007,-0.024417079179255945,18.1,-0.02
274.064,7,-35.356133899999996,149.16596629999998,100.002,0.0005260764673470135,18.1,-0.02
274.164,7,-35.3561177,149.16596629999998,99.997,0.06642789189713832,18.1,-0.02
274.264,7,-35.356101599999995,149.16596629999998,99.992,0.11102884708444308,18.09,-0.02
274.36400000000003,7,-35.3560854,149.16596619999999,99.986,0.15137780274010995,18.09,-0.02
274.464,7,-35.3560692,149.16596619999999,99.983,0.16531703155712915,18.080000000000002,-0.02
274.565,7,-35.356052999999996,149.16596619999999,99.982,0.1787101787458779,18.080000000000002,-0.02
274.665,7,-35.3560367,149.16596619999999,99.985,0.17235036549409688,18.080000000000002,-0.02
274.765,7,-35.3560203,149.16596619999999,99.994,0.14994082165218917,18.080000000000002,-0.02
274.865,7,-35.356004,149.1659661,100.002,0.1623125487351169,18.09,-0.02
274.964,7,-35.3559876,149.1659661,100.009,0.16566327679132384,18.09,-0.02
275.064,7,-35.3559712,149.1659661,100.013,0.18310872718987356,18.1,-0.03
275.164,7,-35.3559547,149.165966,100.017,0.20420271256461334,18.11,-0.02
275.264,7,-35.3559383,149.165966,100.019,0.23666525432814847,18.12,-0.02
275.36400000000003,7,-35.3559219,149.165966,100.019,0.24463491115078975,18.12,-0.02
275.464,7,-35.3559055,149.1659659,100.016,0.29360011042378803,18.12,-0.01
275.564,7,-35.3558893,149.1659659,100.01,0.29022959883137184,18.12,0.0
275.664,7,-35.355872999999995,149.1659659,100.005,0.30192597761990136,18.11,0.0
275.764,7,-35.3558568,149.1659659,100.0,0.3363330555638406,18.11,0.0
275.86400000000003,7,-35.3558406,149.1659659,99.996,0.34310214655729343,18.1,0.0
275.964,7,-35.3558245,149.1659659,99.994,0.30705750407941723,18.09,0.0
276.064,7,-35.3558083,149.1659659,99.996,0.24567950320697857,18.080000000000002,0.0
276.164,7,-35.355792199999996,149.1659659,99.999,0.16757498270698695,18.07,0.0
276.264,7,-35.355776,149.1659659,100.002,0.13586765709441426,18.07,0.0
276.36400000000003,7,-35.355759899999995,149.1659659,100.004,0.12664672829212514,18.06,0.0
276.464,7,-35.3557437,149.1659659,100.004,0.1390899322375,18.05,0.0
276.564,7,-35.3557276,149.1659659,100.005,0.14062755189397266,18.04,0.0
276.665,7,-35.3557114,149.1659659,100.005,0.10004446882614114,18.04,0.0
276.765,7,-35.355694899999996,149.1659659,100.003,0.0749875329897659,18.05,0.0
276.865,7,-35.3556786,149.1659659,100.0,0.058118119668278165,18.05,0.0
276.96500000000003,7,-35.3556622,149.1659659,99.999,0.04584852192272998,18.06,0.0
277.064,7,-35.3556459,149.1659659,100.002,0.013078642490627455,18.07,0.0
277.164,7,-35.3556295,149.1659659,100.006,-0.0024926236347971005,18.07,0.0
277.264,7,-35.3556131,149.1659659,100.011,-0.003257652971670629,18.07,0.0
277.36400000000003,7,-35.3555967,149.1659659,100.016,0.0037610480020368185,18.080000000000002,0.0
277.464,7,-35.3555803,149.1659659,100.021,-0.01147198139438412,18.080000000000002,0.0
277.564,7,-35.355564099999995,149.1659659,100.024,-0.004208402464181177,18.07,0.0
277.664,7,-35.3555479,149.1659659,100.024,0.010454599204352932,18.06,0.0
277.764,7,-35.3555317,149.1659659,100.022,0.020321088438677352,18.05,0.01
277.86400000000003,7,-35.3555156,149.1659659,100.02,0.05051335769791688,18.05,0.01
277.964,7,-35.3554995,149.1659659,100.02,0.07590509953564835,18.04,0.01
278.064,7,-35.3554834,149.1659659,100.02,0.12950097363282356,18.03,0.01
278.164,7,-35.3554673,149.1659659,100.023,0.12915584897653956,18.03,0.01
278.264,7,-35.3554512,149.1659659,100.025,0.09444336686118689,18.02,0.01
278.36400000000003,7,-35.3554351,149.1659659,100.029,0.04357561305879626,18.01,0.01
278.464,7,-35.355419,149.165966,100.034,0.03620802006921441,18.01,0.01
278.564,7,-35.3554029,149.165966,100.035,0.03687383678126504,18.01,0.01
278.664,7,-35.3553867,149.165966,100.033,0.03649472459674297,18.01,0.01
278.765,7,-35.3553705,149.165966,100.029,0.01933406107007105,18.01,0.0
278.865,7,-35.3553543,149.165966,100.023,0.01660715640221639,18.01,0.0
278.96500000000003,7,-35.355337999999996,149.165966,100.014,0.0046092579456112285,18.02,0.0
279.064,7,-35.3553217,149.165966,100.004,0.005287301379962106,18.03,0.0
279.164,7,-35.3553053,149.165966,99.996,-0.01760822768029287,18.04,0.0
279.264,7,-35.3552889,149.165966,99.99000000000001,-0.045183162112982234,18.05,0.0
279.36400000000003,7,-35.3552725,149.165966,99.986,-0.08094388483284014,18.07,0.0
279.464,7,-35.3552561,149.165966,99.986,-0.054722932016453334,18.080000000000002,0.0
279.564,7,-35.3552397,149.165966,99.988,-0.035202037925145334,18.09,0.0
279.664,7,-35.3552233,149.165966,99.99000000000001,-0.010897503454742536,18.09,0.0
279.764,7,-35.3552071,149.165966,99.991,0.011502440436224805,18.09,0.0
279.86400000000003,7,-35.355190799999995,149.165966,99.993,-0.019025548628976714,18.09,0.01
279.964,7,-35.3551747,149.165966,99.993,-0.035098704633522444,18.080000000000002,0.0
280.064,7,-35.3551585,149.165966,99.995,-0.0001085366456986606,18.07,0.0
280.164,7,-35.3551423,149.165966,99.999,0.0333398342056983,18.07,0.0
280.264,7,-35.3551262,149.165966,100.001,0.060284630326601085,18.06,0.0
280.36400000000003,7,-35.355109999999996,149.1659661,100.001,0.08215027366510026,18.05,0.0
280.464,7,-35.3550939,149.1659661,99.999,0.12913490484177997,18.04,0.0
280.564,7,-35.3550778,149.1659661,99.996,0.14222272123028798,18.04,0.01
280.664,7,-35.3550616,149.1659661,99.994,0.13698926220153762,18.03,0.01
280.764,7,-35.355045499999996,149.1659661,99.991,0.0872303802727493,18.03,0.01
280.865,7,-35.3550292,149.1659661,99.98700000000001,0.049102123221515886,18.03,0.01
280.96500000000003,7,-35.3550129,149.1659661,99.98400000000001,0.03512575191583143,18.03,0.01
281.065,7,-35.3549965,149.16596619999999,99.982,0.001834680566719497,18.04,0.01
281.164,7,-35.3549802,149.16596619999999,99.98100000000001,-0.02850941970399148,18.05,0.01
281.264,7,-35.3549638,149.16596619999999,99.97800000000001,-0.058024431350815274,18.06,0.01
281.36400000000003,7,-35.3549474,149.16596619999999,99.976,-0.08220549547773555,18.07,0.01
281.464,7,-35.354931,149.16596619999999,99.976,-0.08757085586472518,18.080000000000002,0.0
281.564,7,-35.3549146,149.16596619999999,99.97800000000001,-0.08720151872144204,18.09,0.0
281.664,7,-35.354898299999995,149.16596619999999,99.98,-0.09890364047176389,18.09,0.0
281.764,7,-35.354881999999996,149.16596629999998,99.982,-0.1262514044134842,18.09,0.0
281.86400000000003,7,-35.3548658,149.16596629999998,99.98400000000001,-0.15270277939781307,18.09,0.0
281.964,7,-35.3548496,149.16596629999998,99.989,-0.1592003970521844,18.080000000000002,0.0
282.064,7,-35.3548335,149.16596629999998,99.994,-0.13031032436904363,18.080000000000002,0.0
282.164,7,-35.3548173,149.16596629999998,100.0,-0.12575424134710134,18.07,0.0
282.264,7,-35.3548012,149.16596629999998,100.004,-0.11963923434816974,18.06,0.0
282.36400000000003,7,-35.354785,149.16596629999998,100.003,-0.08661002033725496,18.05,0.0
282.464,7,-35.354768899999996,149.16596629999998,99.999,-0.05224388350769613,18.05,0.0
282.564,7,-35.3547528,149.16596629999998,99.995,-0.02592043283053951,18.04,0.0
282.664,7,-35.354736599999995,149.16596629999998,99.993,-0.009151548854607923,18.04,0.0
282.764,7,-35.3547205,149.16596629999998,99.993,-0.04259954634287905,18.04,-0.01
282.865,7,-35.354704399999996,149.16596629999998,99.993,-0.06005467173106851,18.04,-0.01
282.96500000000003,7,-35.3546881,149.16596629999998,99.992,-0.055700732960089504,18.03,-0.01
283.065,7,-35.3546718,149.16596629999998,99.991,-0.03981283916667376,18.03,-0.01
283.165,7,-35.3546555,149.16596629999998,99.988,-0.05052649113783461,18.04,0.0
283.264,7,-35.3546392,149.16596629999998,99.986,-0.0025940582388849043,18.04,0.0
283.36400000000003,7,-35.3546228,149.16596629999998,99.983,0.05956107050161608,18.05,0.0
283.464,7,-35.354606499999996,149.1659664,99.98,0.10801169105986928,18.05,0.01
283.564,7,-35.354590099999996,149.1659664,99.98,0.11748875195603387,18.06,0.01
283.664,7,-35.354573699999996,149.1659664,99.983,0.08479819259799007,18.07,0.01
283.764,7,-35.354557299999996,149.1659664,99.989,0.012564070445988973,18.07,0.01
283.86400000000003,7,-35.354540899999996,149.1659665,99.994,-0.055835175628947686,18.07,0.01
283.964,7,-35.3545247,149.1659665,100.0,-0.11256601317366619,18.07,0.01
284.064,7,-35.3545085,149.1659665,100.005,-0.15936805685196706,18.07,0.01
284.164,7,-35.3544923,149.1659665,100.008,-0.1822926796666157,18.07,0.0
284.264,7,-35.3544761,149.1659665,100.009,-0.20104308306282132,18.07,0.0
284.36400000000003,7,-35.354459999999996,149.1659665,100.008,-0.21717769742968393,18.07,-0.01
284.464,7,-35.3544438,149.1659665,100.006,-0.21225342452279564,18.07,-0.02
284.564,7,-35.354427699999995,149.1659665,100.004,-0.1897630523289717,18.06,-0.02
284.664,7,-35.3544116,149.1659665,100.001,-0.1644023464973028,18.06,-0.02
284.764,7,-35.3543954,149.1659665,99.998,-0.15043026073511612,18.06,-0.02
284.86400000000003,7,-35.3543793,149.1659664,99.996,-0.08530123869840416,18.06,-0.02
284.96500000000003,7,-35.3543631,149.1659664,99.995,-0.02281182130669097,18.06,-0.02
285.065,7,-35.3543467,149.1659664,99.993,0.016288108527729443,18.06,-0.02
285.165,7,-35.354330399999995,149.1659664,99.993,0.04293450909174065,18.07,-0.02
285.265,7,-35.354313999999995,149.16596629999998,99.994,0.07853155406546287,18.080000000000002,-0.02
285.36400000000003,7,-35.3542977,149.16596629999998,99.995,0.0867293818950649,18.080000000000002,-0.02
285.464,7,-35.3542813,149.16596629999998,99.996,0.09806394742056883,18.09,-0.01
285.564,7,-35.354264799999996,149.16596629999998,99.997,0.10463846473406228,18.1,-0.01
285.664,7,-35.354248399999996,149.16596629999998,99.995,0.12273819256022502,18.11,-0.01
285.764,7,-35.354231999999996,149.16596619999999,99.994,0.11723093899529233,18.12,-0.02
285.86400000000003,7,-35.354215599999996,149.16596619999999,99.992,0.12324093183573498,18.12,-0.02
285.964,7,-35.3541993,149.16596619999999,99.99000000000001,0.14505663608603503,18.12,-0.02
286.064,7,-35.3541831,149.1659661,99.98700000000001,0.195433349979912,18.12,-0.02
286.164,7,-35.354166899999996,149.1659661,99.98700000000001,0.2144973017477035,18.11,-0.02
286.264,7,-35.3541507,149.1659661,99.989,0.20630982592356228,18.1,-0.02
286.36400000000003,7,-35.3541345,149.1659661,99.994,0.17822867708981846,18.09,-0.02
286.464,7,-35.3541184,149.165966,99.998,0.10912230383129715,18.09,-0.02
286.564,7,-35.3541022,149.165966,100.003,0.11114045130826403,18.080000000000002,-0.02
286.664,7,-35.354086099999996,149.165966,100.007,0.15341584047499182,18.07,-0.02
286.764,7,-35.3540699,149.165966,100.008,0.20326322804840602,18.06,-0.01
286.86400000000003,7,-35.354053799999996,149.1659659,100.008,0.2496494973011956,18.06,0.0
286.964,7,-35.3540376,149.1659659,100.008,0.28789970391160413,18.05,0.0
287.065,7,-35.3540215,149.1659659,100.008,0.29711941875449,18.04,0.0
287.165,7,-35.354005199999996,149.165966,100.009,0.28652203341167143,18.03,0.01
287.265,7,-35.353989,149.165966,100.011,0.25266633316065207,18.03,0.02
287.365,7,-35.3539727,149.1659659,100.012,0.1862001882020977,18.04,0.02
287.464,7,-35.3539563,149.1659659,100.015,0.1819705401977144,18.04,0.03
287.564,7,-35.35394,149.165966,100.019,0.1312411377466562,18.05,0.03
287.664,7,-35.3539236,149.165966,100.021,0.08788742579460601,18.05,0.04
287.764,7,-35.3539072,149.165966,100.019,0.013043102495075579,18.06,0.03
287.86400000000003,7,-35.353890799999995,149.1659661,100.017,-0.08641782121524919,18.06,0.03
287.964,7,-35.3538746,149.1659661,100.014,-0.1762852481471118,18.07,0.03
288.064,7,-35.3538584,149.1659661,100.013,-0.2669641869297366,18.07,0.03
288.164,7,-35.353842199999995,149.16596619999999,100.012,-0.2961687151189624,18.07,0.02
288.264,7,-35.353826,149.16596619999999,100.01,-0.2592717930987155,18.07,0.02
288.36400000000003,7,-35.3538098,149.16596619999999,100.007,-0.20558047644603863,18.07,0.01
288.464,7,-35.353793599999996,149.16596619999999,100.005,-0.20627915677336334,18.07,0.01
288.564,7,-35.3537774,149.16596619999999,100.004,-0.2316984261410798,18.07,0.0
288.664,7,-35.353761299999995,149.16596619999999,100.006,-0.1982042456683951,18.07,0.0
288.764,7,-35.3537451,149.16596619999999,100.01,-0.19842666704345685,18.07,0.0
288.86400000000003,7,-35.3537289,149.16596619999999,100.015,-0.17290274370300845,18.06,0.0
288.964,7,-35.353712699999996,149.16596619999999,100.018,-0.13599596326519,18.06,0.0
289.064,7,-35.3536965,149.1659661,100.021,-0.1104878680877303,18.06,0.0
289.165,7,-35.3536803,149.1659661,100.023,-0.032335869768879144,18.05,0.0
289.265,7,-35.3536639,149.1659661,100.023,0.07001509524303712,18.05,0.0
289.365,7,-35.353647599999995,149.1659661,100.021,0.07811033016285011,18.06,0.0
289.46500000000003,7,-35.353631199999995,149.1659661,100.017,0.10313996525286513,18.07,0.0
289.564,7,-35.353614799999995,149.1659661,100.011,0.12284738220545266,18.080000000000002,0.0
289.664,7,-35.353598399999996,149.1659661,100.005,0.12474041182260401,18.080000000000002,0.0
289.764,7,-35.353581999999996,149.1659661,100.0,0.06421112865560556,18.09,0.0
289.86400000000003,7,-35.353565499999995,149.1659661,99.999,0.04100523411526328,18.1,0.0
289.964,7,-35.353549099999995,149.1659661,100.002,0.059564272152789526,18.1,0.0
290.064,7,-35.353532699999995,149.1659661,100.007,0.07048856609073652,18.1,0.0
290.164,7,-35.3535164,149.1659661,100.015,0.08437898306757392,18.1,0.0
290.264,7,-35.3535002,149.1659661,100.021,0.10726504599590242,18.09,0.0
290.36400000000003,7,-35.353484,149.1659661,100.024,0.1096735014313385,18.09,0.0
290.464,8,-35.3534678,149.1659661,100.025,0.11510808418474064,18.09,-0.01
290.564,8,-35.3534516,149.1659661,100.023,0.19482722405192626,18.080000000000002,-0.01
290.664,8,-35.353435499999996,149.1659661,100.019,1.0200151145644152,18.09,-0.03
290.764,8,-35.3534193,149.165966,100.011,3.7795351229848615,18.080000000000002,-0.03
290.86400000000003,8,-35.353403199999995,149.165966,100.003,9.163906007507904,18.02,0.05
290.964,8,-35.3533871,149.1659661,99.996,16.671999990380883,17.88,0.29
291.064,8,-35.3533712,149.16596669999998,99.989,25.10971174759657,17.64,0.67
291.164,8,-35.3533556,149.16596769999998,99.976,33.1889512715079,17.34,1.18
291.265,8,-35.3533401,149.1659695,99.95,39.67824911513989,16.990000000000002,1.79
291.365,8,-35.3533249,149.1659719,99.91,43.89368136142627,16.62,2.47
291.46500000000003,8,-35.3533101,149.1659751,99.86500000000001,45.88408044783802,16.19,3.22
291.564,9,-35.3532957,149.1659793,99.83,46.2431639830731,15.69,4.04
291.664,9,-35.3532817,149.16598439999999,99.82000000000001,45.634075033648045,15.120000000000001,4.88
291.764,9,-35.353268299999996,149.1659904,99.84100000000001,44.74504395090085,14.48,5.67
291.86400000000003,9,-35.353255499999996,149.1659972,99.896,44.089441413228,13.8,6.38
291.964,9,-35.3532434,149.1660048,99.98,43.773487107506966,13.11,7.01
292.064,9,-35.3532319,149.1660129,100.08800000000001,43.700783158886765,12.43,7.55
292.164,9,-35.353221,149.1660216,100.211,43.862614245986464,11.76,8.01
292.264,9,-35.3532108,149.1660307,100.339,44.1724862682516,11.14,8.4
292.36400000000003,9,-35.3532011,149.1660402,100.465,44.435605645648,10.57,8.73
292.464,9,-35.3531919,149.16604999999998,100.578,44.61240850740837,10.06,9.01
292.564,9,-35.3531832,149.16606,100.674,44.71331089201697,9.58,9.25
292.664,9,-35.3531749,149.1660703,100.749,44.769984386655146,9.11,9.47
292.764,9,-35.353167,149.1660808,100.803,44.73210757261284,8.63,9.68
292.86400000000003,9,-35.3531595,149.1660916,100.83800000000001,44.650227264842734,8.120000000000001,9.88
292.964,9,-35.3531525,149.1661026,100.857,44.54704701214593,7.57,10.08
293.064,9,-35.353145999999995,149.16611369999998,100.868,44.4567211754671,6.95,10.290000000000001
293.164,9,-35.353139999999996,149.1661251,100.875,44.414063229005784,6.28,10.48
293.264,9,-35.3531347,149.1661368,100.883,44.45619866599559,5.5600000000000005,10.66
293.365,9,-35.3531301,149.16614869999998,100.895,44.558385126168154,4.8100000000000005,10.83
293.46500000000003,9,-35.3531261,149.1661607,100.909,44.674945719449006,4.0600000000000005,10.96
293.565,9,-35.3531228,149.1661729,100.926,44.7332789500555,3.31,11.08
293.664,9,-35.3531201,149.1661853,100.943,44.755395102588004,2.57,11.16
293.764,9,-35.353118099999996,149.1661977,100.961,44.74190889407181,1.83,11.22
293.86400000000003,9,-35.353116799999995,149.1662102,100.97800000000001,44.714922816661094,1.12,11.26
293.964,9,-35.3531161,149.16622279999999,100.994,44.71905849620354,0.42,11.27
294.064,9,-35.353116,149.16623529999998,101.009,44.72253164739649,-0.27,11.25
294.164,9,-35.3531166,149.16624779999998,101.023,44.730492232874134,-0.97,11.21
294.264,9,-35.3531178,149.1662601,101.033,44.75144725324773,-1.68,11.14
294.36400000000003,9,-35.3531196,149.1662723,101.042,44.769618971534555,-2.38,11.05
294.464,9,-35.3531219,149.1662843,101.05,44.755060423318675,-3.08,10.93
294.564,9,-35.3531249,149.1662962,101.058,44.75136870607228,-3.77,10.790000000000001
294.664,9,-35.3531286,149.1663079,101.063,44.751727291003704,-4.44,10.63
294.764,9,-35.3531328,149.1663194,101.066,44.729074968621354,-5.11,10.450000000000001
294.86400000000003,9,-35.3531377,149.1663307,101.066,44.74115074307394,-5.79,10.24
294.964,9,-35.3531431,149.1663417,101.063,44.72048259064548,-6.46,10.01
295.064,9,-35.3531492,149.1663525,101.059,44.716712326223636,-7.12,9.76
295.164,9,-35.353155799999996,149.166363,101.053,44.72171202469608,-7.78,9.49
295.264,9,-35.353162999999995,149.16637319999998,101.046,44.732158799031616,-8.43,9.19
295.365,9,-35.353170899999995,149.1663831,101.038,44.7251920060782,-9.06,8.88
295.46500000000003,9,-35.3531793,149.1663927,101.028,44.72486074190346,-9.69,8.55
295.565,9,-35.3531884,149.16640189999998,101.014,44.72322491159724,-10.31,8.2
295.665,9,-35.353198,149.1664108,100.998,44.7110022880775,-10.92,7.83
295.764,9,-35.353208099999996,149.1664192,100.98100000000001,44.72464217585002,-11.52,7.44
295.86400000000003,9,-35.3532188,149.16642729999998,100.964,44.74578502642579,-12.120000000000001,7.03
295.964,9,-35.3532301,149.1664348,100.94500000000001,44.724283590918596,-12.700000000000001,6.59
296.064,9,-35.3532418,149.1664419,100.924,44.72765087417941,-13.27,6.15
296.164,9,-35.3532541,149.1664484,100.904,44.75179900798999,-13.82,5.68
296.264,9,-35.3532668,149.1664544,100.883,44.76854321674028,-14.36,5.19
296.36400000000003,9,-35.3532799,149.16645979999998,100.86500000000001,44.75387880059226,-14.870000000000001,4.68
296.464,9,-35.3532934,149.1664647,100.848,44.7219135152766,-15.36,4.15
296.564,9,-35.3533073,149.16646889999998,100.834,44.6473415099184,-15.83,3.59
296.664,9,-35.353321699999995,149.1664725,100.822,44.43153485290268,-16.29,3.0300000000000002
296.764,9,-35.353336399999996,149.1664755,100.81,44.058794354422155,-16.72,2.45
296.86400000000003,9,-35.353351499999995,149.1664779,100.8,43.4323942905457,-17.12,1.86
296.964,9,-35.3533669,149.1664796,100.793,42.40978178310598,-17.490000000000002,1.26
297.064,9,-35.3533827,149.1664806,100.79,40.98559513360453,-17.81,0.6900000000000001
297.164,9,-35.3533987,149.166481,100.79,39.15604358705198,-18.07,0.14
297.264,9,-35.3534149,149.16648089999998,100.791,36.93507438973352,-18.29,-0.35000000000000003
297.36400000000003,9,-35.3534313,149.1664803,100.792,34.35434205335756,-18.44,-0.8
297.46500000000003,9,-35.3534479,149.1664793,100.791,31.49806622548495,-18.54,-1.19
297.565,9,-35.353464599999995,149.1664778,100.783,28.40447718244754,-18.6,-1.51
297.665,9,-35.3534813,149.166476,100.764,25.183959318969194,-18.63,-1.77
297.765,9,-35.353498099999996,149.166474,100.727,21.875352505765196,-18.64,-1.98
297.86400000000003,9,-35.353515,149.1664717,100.673,18.547667266662057,-18.62,-2.15
297.964,9,-35.3535318,149.1664693,100.601,15.279865711107007,-18.6,-2.2800000000000002
298.064,9,-35.3535487,149.1664668,100.514,12.243738195783266,-18.580000000000002,-2.37
298.164,9,-35.353565499999995,149.1664642,100.413,9.468691246388676,-18.56,-2.44
298.264,9,-35.3535822,149.1664615,100.308,6.983469714045238,-18.54,-2.5
298.36400000000003,9,-35.3535989,149.1664588,100.205,4.802635988950241,-18.53,-2.54
298.464,9,-35.3536155,149.1664561,100.111,2.893025660701866,-18.51,-2.5500000000000003
298.564,9,-35.353632,149.1664534,100.029,1.1864859278229607,-18.5,-2.5500000000000003
298.664,9,-35.3536485,149.16645069999998,99.96000000000001,-0.29653087522753174,-18.47,-2.5300000000000002
298.764,9,-35.353665,149.166448,99.902,-1.6256185330786501,-18.45,-2.49
298.86400000000003,9,-35.3536815,149.1664454,99.85600000000001,-2.8178540928005864,-18.42,-2.44
298.964,9,-35.3536979,149.1664429,99.82000000000001,-3.839146025852971,-18.39,-2.38
299.064,9,-35.3537143,149.1664404,99.79,-4.692786483415749,-18.35,-2.3000000000000003
299.164,9,-35.3537307,149.166438,99.76,-5.452859325764877,-18.32,-2.23
299.264,9,-35.353747,149.1664356,99.73,-6.07605944601518,-18.29,-2.15
299.36400000000003,9,-35.3537634,149.1664334,99.69500000000001,-6.555716737555319,-18.27,-2.06
299.464,9,-35.3537797,149.1664313,99.655,-6.960437889277133,-18.25,-1.97
299.565,9,-35.3537961,149.16642919999998,99.611,-7.224680405905177,-18.23,-1.87
299.665,9,-35.3538126,149.1664272,99.56400000000001,-7.3973134371772495,-18.22,-1.77
299.765,9,-35.3538291,149.16642539999998,99.517,-7.480885070540587,-18.22,-1.6600000000000001
299.865,9,-35.3538456,149.1664237,99.47200000000001,-7.506277152553755,-18.21,-1.55
299.964,9,-35.3538621,149.1664221,99.43,-7.483338815999914,-18.21,-1.45
300.064,9,-35.3538786,149.16642059999998,99.396,-7.413337914743746,-18.2,-1.34
300.164,9,-35.353895099999995,149.1664192,99.373,-7.283721414864414,-18.18,-1.23
300.264,9,-35.353911599999996,149.1664179,99.361,-7.07624673486246,-18.17,-1.1400000000000001
300.36400000000003,9,-35.353927999999996,149.16641669999998,99.357,-6.771160967658208,-18.16,-1.05
300.464,9,-35.3539445,149.1664156,99.357,-6.430255980899116,-18.150000000000002,-0.98
300.564,9,-35.3539607,149.1664146,99.357,-6.113407347283633,-18.14,-0.91
300.664,9,-35.353977,149.1664136,99.355,-5.749972554660432,-18.13,-0.85
300.764,9,-35.3539932,149.1664127,99.348,-5.421352943784078,-18.11,-0.78
300.86400000000003,9,-35.354009399999995,149.16641189999999,99.33800000000001,-5.108947348223688,-18.09,-0.72
300.964,9,-35.3540255,149.1664112,99.327,-4.803526047976459,-18.080000000000002,-0.66
301.064,9,-35.354041699999996,149.16641049999998,99.312,-4.522448822591625,-18.06,-0.6
301.164,9,-35.3540578,149.1664099,99.3,-4.3063655429145165,-18.04,-0.55
301.264,9,-35.354073899999996,149.1664093,99.291,-4.0756007716164655,-18.03,-0.49
301.36400000000003,9,-35.35409,149.1664088,99.287,-3.8975330441991787,-18.01,-0.44
301.464,9,-35.354106099999996,149.1664083,99.288,-3.6545503451364443,-18.0,-0.39
301.564,9,-35.3541222,149.1664079,99.294,-3.390636744805618,-17.98,-0.35000000000000003
301.665,9,-35.354138299999995,149.1664075,99.305,-3.1411632315972557,-17.97,-0.31
301.765,9,-35.354154699999995,149.16640719999998,99.318,-2.889651760695291,-17.96,-0.27
301.865,9,-35.3541709,149.1664069,99.331,-2.6464835793079087,-17.96,-0.24
301.964,9,-35.3541872,149.1664066,99.342,-2.4090651365412077,-17.97,-0.21
302.064,9,-35.3542035,149.1664064,99.349,-2.211426142387484,-17.97,-0.18
302.164,9,-35.354219799999996,149.16640619999998,99.352,-1.9697083089816716,-17.97,-0.16
302.264,9,-35.3542361,149.166406,99.352,-1.7585228085479911,-17.98,-0.14
302.36400000000003,9,-35.3542524,149.1664058,99.351,-1.5695043669004698,-17.990000000000002,-0.12
302.464,9,-35.3542686,149.16640569999998,99.348,-1.4076412632890383,-18.0,-0.11
302.564,9,-35.354284799999995,149.1664056,99.348,-1.2809664405078662,-17.990000000000002,-0.09
302.664,9,-35.3543009,149.1664054,99.351,-1.1913582005787071,-17.990000000000002,-0.08
302.764,9,-35.354317,149.16640529999998,99.357,-1.0901677740862046,-17.98,-0.06
302.86400000000003,9,-35.3543331,149.16640529999998,99.366,-1.0014009280854264,-17.98,-0.05
302.964,9,-35.3543491,149.16640519999999,99.379,-0.8829029089578173,-17.98,-0.04
303.064,9,-35.3543652,149.1664051,99.394,-0.7690588099759257,-17.97,-0.03
303.164,9,-35.3543812,149.1664051,99.406,-0.6744241377870189,-17.97,-0.02
303.264,9,-35.354397299999995,149.1664051,99.416,-0.5986119194859335,-17.97,-0.02
303.36400000000003,9,-35.3544133,149.166405,99.423,-0.5474666092072318,-17.97,-0.01
303.464,9,-35.3544294,149.166405,99.428,-0.45608406755860315,-17.98,-0.01
303.564,9,-35.3544455,149.1664049,99.433,-0.38834561310414883,-17.98,-0.01
303.664,9,-35.3544616,149.1664049,99.43900000000001,-0.3397186682776248,-17.98,-0.01
303.765,9,-35.3544778,149.1664049,99.44500000000001,-0.3338694917075816,-17.990000000000002,-0.01
303.865,9,-35.354493999999995,149.1664049,99.45,-0.36121434081271275,-17.990000000000002,0.0
303.96500000000003,9,-35.3545102,149.1664049,99.45400000000001,-0.40436563503942863,-18.0,0.0
304.064,9,-35.3545265,149.16640479999998,99.459,-0.41221189488976007,-18.01,0.0
304.164,9,-35.3545429,149.16640479999998,99.46600000000001,-0.3968261467323659,-18.02,0.01
304.264,9,-35.3545592,149.1664049,99.474,-0.3541243376499751,-18.02,0.01
304.36400000000003,9,-35.3545756,149.1664049,99.485,-0.31745059739694365,-18.03,0.02
304.464,9,-35.354592,149.16640479999998,99.496,-0.2604921824847528,-18.03,0.02
304.564,9,-35.354608299999995,149.16640479999998,99.509,-0.24806033106083047,-18.03,0.02
304.664,9,-35.3546246,149.16640479999998,99.521,-0.21175312650630543,-18.03,0.02
304.764,9,-35.3546408,149.1664049,99.534,-0.12195929753079233,-18.03,0.02
304.86400000000003,9,-35.354656999999996,149.1664049,99.546,-0.05239753274854167,-18.03,0.01
304.964,9,-35.3546731,149.1664049,99.558,-0.017819650049552535,-18.02,0.01
305.064,9,-35.354689199999996,149.1664049,99.57000000000001,-0.03705111487478125,-18.02,0.0
305.164,9,-35.3547053,149.1664049,99.57900000000001,-0.048260655921962214,-18.01,0.01
305.264,9,-35.354721399999995,149.166405,99.58800000000001,-0.10968616796379344,-18.01,0.01
305.36400000000003,9,-35.3547375,149.166405,99.595,-0.15450097343916439,-18.0,0.02
305.464,9,-35.354753599999995,149.166405,99.601,-0.21197638831480023,-17.990000000000002,0.02
305.564,9,-35.3547696,149.1664051,99.604,-0.19675756624546145,-17.990000000000002,0.03
305.664,9,-35.3547857,149.1664051,99.60600000000001,-0.20410650294685137,-17.98,0.03
305.764,9,-35.3548018,149.16640519999999,99.607,-0.2121516520361198,-17.98,0.04
305.865,9,-35.354818099999996,149.16640529999998,99.61,-0.13919079758967667,-17.98,0.05
305.96500000000003,9,-35.3548343,149.1664054,99.61500000000001,-0.06683403468870285,-17.990000000000002,0.05
306.065,9,-35.3548506,149.1664054,99.624,-0.007877602681298173,-17.990000000000002,0.05
306.164,9,-35.3548669,149.1664055,99.636,0.046306267994093146,-18.0,0.05
306.264,9,-35.354883199999996,149.1664056,99.65,0.10877144955343403,-18.01,0.05
306.36400000000003,9,-35.3548995,149.16640569999998,99.664,0.22684058749604047,-18.02,0.05
306.464,9,-35.3549159,149.1664058,99.675,0.32748281126637013,-18.04,0.05
306.564,9,-35.3549322,149.1664059,99.683,0.4123110660348575,-18.04,0.04
306.664,9,-35.3549485,149.166406,99.691,0.4831312965067363,-18.05,0.03
306.764,9,-35.3549647,149.166406,99.699,0.4838073251520089,-18.05,0.03
306.86400000000003,9,-35.3549809,149.1664061,99.708,0.46447986415242976,-18.04,0.03
306.964,9,-35.354997,149.16640619999998,99.71600000000001,0.45673336241657747,-18.04,0.03
307.064,9,-35.3550132,149.1664063,99.72500000000001,0.4276617561119025,-18.03,0.02
307.164,9,-35.3550292,149.1664063,99.732,0.40801314281920054,-18.03,0.02
307.264,9,-35.3550453,149.1664064,99.74000000000001,0.3936543776365412,-18.03,0.01
307.36400000000003,9,-35.3550614,149.1664064,99.748,0.4014133658119699,-18.03,0.0
307.464,9,-35.3550775,149.1664065,99.754,0.38674454739358904,-18.02,0.0
307.564,9,-35.3550936,149.1664065,99.759,0.3740376474534415,-18.02,0.0
307.664,9,-35.3551097,149.1664065,99.762,0.34720911796088094,-18.02,0.0
307.764,9,-35.355125799999996,149.1664065,99.764,0.3315819386245827,-18.01,-0.01
307.865,9,-35.3551419,149.1664066,99.767,0.30489943110595763,-18.02,-0.01
307.96500000000003,9,-35.3551582,149.1664066,99.77,0.26259278581964907,-18.01,-0.01
308.065,9,-35.355174399999996,149.1664066,99.773,0.20715847692793637,-18.02,-0.01
308.165,9,-35.3551907,149.1664066,99.777,0.13702529411745207,-18.02,-0.01
308.264,9,-35.355207,149.16640669999998,99.781,0.09562948523945514,-18.02,-0.01
308.36400000000003,9,-35.3552233,149.16640669999998,99.785,0.06510725080873254,-18.03,-0.01
308.464,9,-35.3552397,149.1664068,99.788,0.04078231581725897,-18.03,-0.01
308.564,9,-35.355256,149.1664068,99.79,0.07340880546624753,-18.04,-0.01
308.664,9,-35.3552724,149.1664068,99.791,0.0700527880154978,-18.04,0.0
308.764,9,-35.3552888,149.1664068,99.791,0.13267677147304147,-18.05,0.0
308.86400000000003,9,-35.355305099999995,149.1664068,99.793,0.19730885055688874,-18.06,0.0
308.964,9,-35.3553213,149.1664069,99.796,0.2542674522320647,-18.06,0.0
309.064,9,-35.3553375,149.1664069,99.804,0.30486538688181336,-18.05,-0.01
309.164,9,-35.3553536,149.1664069,99.815,0.3173473174661737,-18.04,-0.01
309.264,9,-35.3553697,149.1664069,99.828,0.2830329006432792,-18.03,-0.01
309.36400000000003,9,-35.3553858,149.166407,99.842,0.2009914964582892,-18.03,-0.01
309.464,9,-35.3554019,149.1664071,99.854,0.19456770354389222,-18.02,-0.02
309.564,9,-35.355418,149.1664071,99.86500000000001,0.22969283180475547,-18.02,-0.03
309.664,9,-35.3554341,149.1664071,99.874,0.2353685589224774,-18.02,-0.03
309.764,9,-35.3554502,149.1664071,99.881,0.24782492965830305,-18.01,-0.03
309.86400000000003,9,-35.355466299999996,149.1664071,99.884,0.2654723775654706,-18.01,-0.03
309.96500000000003,9,-35.3554824,149.1664071,99.883,0.26905000930838213,-18.01,-0.04
310.065,9,-35.3554987,149.1664071,99.881,0.2389298889248308,-18.01,-0.04
310.165,9,-35.355515,149.1664071,99.878,0.17066717743093832,-18.01,-0.03
310.265,9,-35.355531299999996,149.1664071,99.875,0.14000652494781718,-18.02,-0.03
310.36400000000003,9,-35.3555476,149.1664071,99.873,0.07843956662518588,-18.03,-0.03
310.464,9,-35.3555639,149.16640719999998,99.875,0.0467473621443011,-18.04,-0.03
310.564,9,-35.3555803,149.16640719999998,99.879,0.06726859213443169,-18.06,-0.03
310.664,9,-35.3555967,149.16640719999998,99.886,0.1154551431719419,-18.07,-0.04
310.764,9,-35.3556131,149.1664071,99.895,0.1692409352146618,-18.080000000000002,-0.04
310.86400000000003,9,-35.3556294,149.1664071,99.904,0.18795522665367362,-18.080000000000002,-0.05
310.964,9,-35.355645599999995,149.1664071,99.912,0.16973321576300518,-18.080000000000002,-0.04
311.064,9,-35.3556618,149.1664071,99.917,0.12700859491600358,-18.09,-0.04
311.164,9,-35.355678,149.1664071,99.921,0.08093433991027932,-18.09,-0.05
311.264,9,-35.355694199999995,149.1664071,99.923,0.06444173425147944,-18.080000000000002,-0.05
311.36400000000003,9,-35.3557103,149.1664071,99.924,0.04859719615103741,-18.080000000000002,-0.05
311.464,9,-35.3557264,149.166407,99.925,-0.014250731133402075,-18.07,-0.05
311.564,9,-35.3557425,149.166407,99.926,-0.1039264375234083,-18.07,-0.05
311.664,9,-35.355758699999996,149.166407,99.927,-0.1318086704377887,-18.06,-0.04
311.764,9,-35.3557748,149.166407,99.928,-0.1403427250014552,-18.06,-0.03
311.86400000000003,9,-35.355790899999995,149.166407,99.929,-0.10898636038845141,-18.05,-0.04
311.964,9,-35.355807,149.166407,99.933,-0.07132087533391282,-18.04,-0.03
312.065,9,-35.355823199999996,149.166407,99.935,-0.018309761145720575,-18.05,-0.03
312.165,9,-35.355839599999996,149.166407,99.937,0.030227455739141002,-18.05,-0.03
312.265,9,-35.355855999999996,149.166407,99.936,0.11060973093551948,-18.06,-0.03
312.365,9,-35.3558723,149.1664071,99.934,0.15014020447901535,-18.07,-0.03
312.464,9,-35.3558887,149.166407,99.93,0.1200724577725763,-18.080000000000002,-0.04
312.564,9,-35.3559051,149.166407,99.928,0.0999883932398596,-18.080000000000002,-0.04
312.664,9,-35.3559215,149.166407,99.926,0.12150099450552712,-18.09,-0.04
312.764,9,-35.3559379,149.166407,99.924,0.11173910671684506,-18.1,-0.04
312.86400000000003,9,-35.3559542,149.166407,99.921,0.11546341410413996,-18.11,-0.04
312.964,9,-35.3559704,149.166407,99.918,0.08236346361261193,-18.11,-0.04
313.064,9,-35.355986699999995,149.1664069,99.916,0.03498707372927505,-18.11,-0.04
313.164,9,-35.3560028,149.1664069,99.916,-0.012968573225090438,-18.1,-0.03
313.264,9,-35.356018999999996,149.1664069,99.916,-0.056487325292551675,-18.1,-0.03
313.36400000000003,9,-35.3560351,149.1664069,99.918,-0.07100181745426595,-18.09,-0.03
313.464,9,-35.3560513,149.1664069,99.925,-0.03639732102989756,-18.080000000000002,-0.03
313.564,9,-35.3560674,149.1664069,99.934,0.02204553944886033,-18.07,-0.03
313.664,9,-35.3560835,149.1664069,99.941,0.07012627258003494,-18.07,-0.03
313.764,9,-35.3560996,149.1664069,99.94800000000001,0.09943874310455207,-18.06,-0.03
313.86400000000003,9,-35.3561158,149.1664068,99.952,0.11375275854195589,-18.06,-0.03
313.964,9,-35.3561319,149.1664068,99.952,0.09767514690619379,-18.05,-0.03
314.064,9,-35.356148,149.1664068,99.95100000000001,0.07065221048633914,-18.05,-0.03
314.165,9,-35.356164199999995,149.1664068,99.946,0.05270175964613822,-18.05,-0.03
314.265,9,-35.3561805,149.1664068,99.938,0.09334129849632813,-18.06,-0.03
314.365,9,-35.3561969,149.1664068,99.931,0.12976241513156167,-18.07,-0.03
314.464,9,-35.3562132,149.16640669999998,99.925,0.1344095050881091,-18.080000000000002,-0.02
314.564,9,-35.3562296,149.16640669999998,99.924,0.11934983176251689,-18.09,-0.02
314.664,9,-35.356246,149.16640669999998,99.927,0.08545002209647672,-18.1,-0.01
314.764,9,-35.3562624,149.1664068,99.933,0.04049087884908967,-18.1,-0.01
314.86400000000003,9,-35.3562788,149.1664068,99.941,0.05173511112075622,-18.1,0.0
314.964,9,-35.3562952,149.1664068,99.95,0.058039198966852786,-18.11,0.0
315.064,9,-35.3563116,149.1664068,99.959,0.08476430178629785,-18.12,-0.01
315.164,9,-35.3563279,149.1664068,99.96600000000001,0.12161666749438099,-18.11,-0.01
315.264,9,-35.3563441,149.1664068,99.97,0.12740174433988924,-18.11,-0.02
315.36400000000003,9,-35.3563603,149.1664068,99.973,0.14130480783886173,-18.1,-0.02
315.464,9,-35.356376399999995,149.1664068,99.977,0.14901606473137968,-18.1,-0.02
315.564,9,-35.3563926,149.16640669999998,99.98,0.11644610757097555,-18.1,-0.02
315.664,9,-35.356408699999996,149.16640669999998,99.98100000000001,0.12187231934058045,-18.09,-0.02
315.764,9,-35.3564249,149.16640669999998,99.979,0.13891212053545487,-18.09,-0.02
315.86400000000003,9,-35.356441,149.16640669999998,99.977,0.119333663424091,-18.09,-0.02
315.964,9,-35.3564572,149.16640669999998,99.974,0.1250941809370563,-18.080000000000002,-0.02
316.064,9,-35.3564733,149.16640669999998,99.97200000000001,0.12534548387374517,-18.080000000000002,-0.02
316.164,9,-35.356489499999995,149.16640669999998,99.97,0.11615782556323341,-18.080000000000002,-0.02
316.265,9,-35.3565058,149.1664066,99.96900000000001,0.08769298551677883,-18.080000000000002,-0.02
316.365,9,-35.3565221,149.1664066,99.967,0.06682372937398832,-18.09,-0.02
316.46500000000003,9,-35.3565385,149.1664066,99.964,0.1049449094421071,-18.1,-0.02
316.564,9,-35.3565548,149.1664066,99.964,0.12276489966709682,-18.1,-0.02
316.664,9,-35.3565712,149.1664066,99.964,0.1469881922389735,-18.11,-0.02
316.764,9,-35.3565877,149.1664066,99.96600000000001,0.17046687412939976,-18.12,-0.02
316.86400000000003,9,-35.3566041,149.1664066,99.971,0.15036524053586878,-18.13,-0.02
316.964,9,-35.3566205,149.1664066,99.979,0.1028142239263937,-18.14,-0.02
317.064,9,-35.3566369,149.1664065,99.98700000000001,0.06083105213030872,-18.14,-0.02
317.164,9,-35.356653099999996,149.1664065,99.993,0.02761766980574822,-18.14,-0.02
317.264,9,-35.3566694,149.1664065,99.997,-0.020539252618194427,-18.14,-0.02
317.36400000000003,9,-35.3566856,149.1664065,100.0,-0.03429461661141873,-18.13,-0.02
317.464,9,-35.356701699999995,149.1664065,100.002,-0.012611869263729166,-18.13,-0.03
317.564,9,-35.3567179,149.1664064,100.002,0.009361036059186971,-18.12,-0.03
317.664,9,-35.3567341,149.1664064,100.003,0.0071681659732993576,-18.12,-0.03
317.764,9,-35.3567502,149.1664064,100.003,0.04107712452432031,-18.11,-0.04
317.86400000000003,9,-35.3567664,149.1664063,100.003,0.04121119033215495,-18.1,-0.04
317.964,9,-35.3567825,149.1664063,100.004,0.024916873602697,-18.1,-0.04
318.064,9,-35.3567987,149.16640619999998,100.004,0.0023934991804459684,-18.09,-0.04
318.164,9,-35.356814799999995,149.16640619999998,100.003,-0.043742802616062816,-18.080000000000002,-0.03
318.264,9,-35.356831,149.16640619999998,100.002,-0.071315105691694,-18.080000000000002,-0.03
318.365,9,-35.3568473,149.16640619999998,100.0,-0.11283421816050819,-18.07,-0.03
318.46500000000003,9,-35.356863499999996,149.1664061,99.998,-0.15567904766885937,-18.07,-0.02
318.565,9,-35.3568798,149.1664061,99.998,-0.1863640060204722,-18.080000000000002,-0.02
318.664,9,-35.3568962,149.1664061,100.001,-0.2317760661820358,-18.080000000000002,-0.02
318.764,9,-35.3569125,149.1664061,100.004,-0.25258429084933254,-18.09,-0.03
318.86400000000003,9,-35.3569289,149.1664061,100.006,-0.24322802558389933,-18.09,-0.02
318.964,9,-35.3569453,149.166406,100.008,-0.21062465118937237,-18.1,-0.02
319.064,9,-35.3569617,149.166406,100.01,-0.17105597794531335,-18.1,-0.02
319.164,9,-35.3569782,149.166406,100.011,-0.15635115429144447,-18.11,-0.02
319.264,9,-35.3569945,149.166406,100.015,-0.18087501520744137,-18.11,-0.02
319.36400000000003,9,-35.3570107,149.166406,100.018,-0.15637700762467005,-18.1,-0.02
319.464,9,-35.357026999999995,149.166406,100.021,-0.1329416280663646,-18.09,-0.01
319.564,9,-35.3570431,149.166406,100.022,-0.14758634071945206,-18.080000000000002,-0.01
319.664,9,-35.357059299999996,149.1664059,100.024,-0.14089693081957827,-18.080000000000002,-0.01
319.764,9,-35.3570754,149.1664059,100.026,-0.16942895217982226,-18.07,-0.01
319.86400000000003,9,-35.357091499999996,149.1664059,100.025,-0.17002149777074732,-18.06,0.0
319.964,9,-35.3571076,149.166406,100.023,-0.14804961964424934,-18.05,0.0
320.064,9,-35.3571238,149.166406,100.018,-0.1657076596807157,-18.05,0.0
320.164,9,-35.3571399,149.166406,100.012,-0.16064167368876286,-18.05,0.0
320.264,9,-35.357155999999996,149.166406,100.003,-0.16070559999052594,-18.04,0.01
320.365,9,-35.3571721,149.166406,99.995,-0.11659078218337553,-18.04,0.01
320.46500000000003,9,-35.3571884,149.166406,99.99000000000001,-0.047810280318404584,-18.04,0.01
320.565,9,-35.3572047,149.166406,99.99000000000001,0.08635980462794374,-18.05,0.02
320.665,9,-35.357220999999996,149.166406,99.993,0.16848605256902996,-18.06,0.01
320.764,9,-35.357237399999995,149.166406,99.996,0.23019314316145892,-18.07,0.01
320.86400000000003,9,-35.357253799999995,149.166406,99.997,0.2701439334730684,-18.080000000000002,0.0
320.964,9,-35.357270199999995,149.1664061,100.0,0.33366509296058366,-18.1,0.0
321.064,9,-35.3572866,149.1664061,100.0,0.353030787011259,-18.11,0.0
321.164,9,-35.357303,149.1664061,99.996,0.34131229014920633,-18.12,0.0
321.264,9,-35.3573193,149.1664061,99.991,0.2783790071779882,-18.13,0.0
321.36400000000003,9,-35.3573356,149.1664061,99.988,0.1952627820136468,-18.13,0.0
321.464,9,-35.357351799999996,149.1664061,99.985,0.12904377784525584,-18.13,0.0
321.564,9,-35.357368,149.1664061,99.988,0.06657572814007207,-18.12,0.0
321.664,9,-35.3573842,149.1664061,99.995,0.026140259534129462,-18.12,-0.01
321.764,9,-35.3574003,149.166406,100.007,-0.012911501291633829,-18.11,-0.02
321.86400000000003,9,-35.3574165,149.166406,100.019,-0.03757874365311143,-18.1,-0.02
321.964,9,-35.357432599999996,149.166406,100.03,-0.052838029924207906,-18.080000000000002,-0.02
322.064,9,-35.3574488,149.166406,100.038,-0.0325504070779263,-18.07,-0.02
322.164,9,-35.3574649,149.166406,100.042,-0.008904479768090605,-18.06,-0.02
322.264,9,-35.357481,149.166406,100.042,-0.04104519472397182,-18.06,-0.02
322.36400000000003,9,-35.357497099999996,149.166406,100.039,-0.05594557256347198,-18.05,-0.02
322.46500000000003,9,-35.3575133,149.166406,100.032,-0.09079620592695875,-18.05,-0.02
322.565,9,-35.3575296,149.1664059,100.022,-0.12316313171222029,-18.05,-0.02
322.665,9,-35.3575458,149.1664059,100.015,-0.11882201288614828,-18.05,-0.02
322.765,9,-35.357562099999996,149.1664059,100.008,-0.11634960446852267,-18.06,-0.01
322.86400000000003,9,-35.3575784,149.1664059,100.001,-0.126529241034273,-18.06,-0.01
322.964,9,-35.3575948,149.1664059,99.997,-0.1241250144464285,-18.07,-0.01
323.064,9,-35.3576111,149.1664059,99.996,-0.11608207983255503,-18.080000000000002,0.0
323.164,9,-35.3576275,149.1664059,99.998,-0.0868937199817551,-18.080000000000002,0.0
323.264,9,-35.3576439,149.1664059,100.0,-0.11032393020743676,-18.09,0.0
323.36400000000003,9,-35.3576601,149.1664059,100.003,-0.14513204831138285,-18.09,0.0
323.464,9,-35.357676399999995,149.1664059,100.007,-0.20115640817414798,-18.09,0.0
323.564,9,-35.3576926,149.1664059,100.01,-0.23386058121978553,-18.09,0.0
323.664,9,-35.3577088,149.1664059,100.012,-0.20105294148039288,-18.09,0.0
323.764,9,-35.3577249,149.1664059,100.012,-0.1035116702839953,-18.080000000000002,0.01
323.86400000000003,9,-35.3577411,149.1664059,100.011,-0.018932935866204904,-18.080000000000002,0.01
323.964,9,-35.3577572,149.1664059,100.009,0.012001815476712674,-18.080000000000002,0.01
324.064,9,-35.3577734,149.1664059,100.009,0.01913606896047332,-18.07,0.01
324.164,9,-35.357789499999996,149.166406,100.009,-0.01807326417818223,-18.07,0.02
324.264,9,-35.3578057,149.166406,100.008,-0.0114095658717685,-18.07,0.02
324.36400000000003,9,-35.3578219,149.166406,100.007,0.027208463767722433,-18.06,0.02
324.464,9,-35.357838,149.166406,100.005,0.10146786957700121,-18.06,0.01
324.565,9,-35.3578542,149.166406,100.003,0.19533815421835493,-18.06,0.01
324.665,9,-35.3578706,149.166406,100.002,0.2281175660665684,-18.07,0.01
324.765,9,-35.3578869,149.166406,100.0,0.24270786398992056,-18.07,0.0
324.865,9,-35.3579033,149.166406,99.997,0.23050194241713753,-18.080000000000002,0.0
324.964,9,-35.3579197,149.166406,99.994,0.18374221389517903,-18.080000000000002,0.0
325.064,9,-35.357936099999996,149.166406,99.99000000000001,0.14841027230872453,-18.09,0.0
325.164,9,-35.357952499999996,149.166406,99.988,0.1304494761331694,-18.1,0.0
325.264,9,-35.357968899999996,149.166406,99.986,0.12647182475656257,-18.11,0.0
325.36400000000003,9,-35.357985299999996,149.166406,99.98700000000001,0.08288145742194203,-18.11,0.0
325.464,9,-35.358001699999996,149.166406,99.989,0.046573392423664116,-18.11,-0.01
325.564,9,-35.3580179,149.166406,99.992,-0.007072188975505452,-18.11,-0.01
325.664,9,-35.3580342,149.166406,99.998,-0.03347648467984483,-18.11,-0.01
325.764,9,-35.358050299999995,149.166406,100.008,-0.03012183460095042,-18.1,-0.01
325.86400000000003,9,-35.3580665,149.166406,100.018,-0.0063989884554360695,-18.09,-0.01
325.964,9,-35.3580827,149.166406,100.028,-0.0032785197748817136,-18.080000000000002,-0.01
326.064,9,-35.3580988,149.1664059,100.033,-0.028983734320177215,-18.080000000000002,-0.01
326.164,9,-35.3581149,149.1664059,100.031,-0.03811427317272274,-18.07,-0.01
326.264,9,-35.3581311,149.1664059,100.025,-0.07271279318156737,-18.07,-0.01
326.36400000000003,9,-35.3581472,149.1664059,100.018,-0.07975745295956116,-18.06,-0.01
326.464,9,-35.3581633,149.1664059,100.009,-0.09096584674840498,-18.06,-0.01
326.564,9,-35.3581795,149.1664058,100.001,-0.11918637412989938,-18.06,-0.01
326.665,9,-35.3581958,149.1664058,99.996,-0.1465410816526021,-18.07,-0.01
326.765,9,-35.358212099999996,149.1664058,99.994,-0.17686249251347044,-18.07,0.0
326.865,9,-35.358228499999996,149.1664058,99.995,-0.20605408069587025,-18.080000000000002,0.0
326.964,9,-35.3582448,149.1664058,99.999,-0.23128045058038676,-18.09,0.0
327.064,9,-35.3582612,149.1664058,100.005,-0.22561515550940497,-18.09,0.0
327.164,9,-35.3582776,149.1664058,100.013,-0.17917963418939728,-18.1,0.0
327.264,9,-35.358294,149.1664058,100.019,-0.12221985857545774,-18.1,0.01
327.36400000000003,9,-35.3583104,149.1664058,100.023,-0.04898633017074301,-18.11,0.01
327.464,9,-35.3583267,149.1664058,100.025,-0.006875260747912232,-18.11,0.02
327.564,9,-35.3583429,149.1664058,100.023,0.03725544358565975,-18.11,0.02
327.664,9,-35.358359199999995,149.1664058,100.02,0.0645831071611068,-18.11,0.02
327.764,9,-35.3583753,149.1664058,100.013,0.11478331669383446,-18.11,0.02
327.86400000000003,9,-35.358391499999996,149.1664058,100.007,0.1427404815858867,-18.11,0.01
327.964,9,-35.3584077,149.1664058,100.003,0.15006672658458484,-18.11,0.01
328.064,9,-35.3584238,149.1664058,100.002,0.14984904098521712,-18.11,0.01
328.164,9,-35.35844,149.1664058,100.003,0.08491999541481976,-18.1,0.01
328.264,9,-35.3584561,149.1664058,100.005,0.039939644563461954,-18.1,0.01
328.36400000000003,9,-35.358472299999995,149.1664058,100.007,0.02589201317379524,-18.09,0.01
328.464,9,-35.3584884,149.1664058,100.008,0.029973901641470804,-18.09,0.01
328.564,9,-35.358504599999996,149.1664058,100.01,0.028298767732045427,-18.080000000000002,0.01
328.664,9,-35.3585207,149.1664058,100.013,0.0227784907839541,-18.080000000000002,0.01
328.765,9,-35.358537,149.1664058,100.015,0.040775258844464174,-18.07,0.0
328.865,9,-35.3585533,149.1664058,100.019,0.09801824385006792,-18.080000000000002,0.0
328.96500000000003,9,-35.358569599999996,149.1664058,100.021,0.12620818212264273,-18.080000000000002,0.0
329.064,9,-35.3585859,149.1664058,100.022,0.15053836982307273,-18.09,-0.01
329.164,9,-35.3586023,149.1664058,100.021,0.12525034147304098,-18.09,-0.02
329.264,9,-35.3586187,149.1664058,100.021,0.061141305469228614,-18.1,-0.02
329.36400000000003,9,-35.3586351,149.1664058,100.023,-0.031075773238184518,-18.11,-0.02
329.464,9,-35.3586515,149.16640569999998,100.027,-0.10453693237122447,-18.11,-0.01
329.564,9,-35.3586679,149.16640569999998,100.029,-0.16034952301918615,-18.11,-0.01
329.664,9,-35.3586843,149.16640569999998,100.029,-0.20698259955680853,-18.12,-0.01
329.764,9,-35.3587005,149.16640569999998,100.026,-0.23843192544565456,-18.12,-0.01
329.86400000000003,9,-35.358716799999996,149.1664056,100.022,-0.2617013127308302,-18.11,0.0
329.964,9,-35.358733,149.1664056,100.019,-0.26334685471227437,-18.11,0.0
330.064,9,-35.3587491,149.1664056,100.017,-0.2513970652333668,-18.11,0.0
330.164,9,-35.3587653,149.1664056,100.017,-0.2526777257027442,-18.1,0.0
330.264,9,-35.3587814,149.1664056,100.019,-0.24146938527475328,-18.09,0.0
330.36400000000003,9,-35.358797599999995,149.1664056,100.022,-0.22309873772835775,-18.09,0.0
330.464,9,-35.3588137,149.1664056,100.024,-0.19431507992609431,-18.09,0.0
330.564,9,-35.358829899999996,149.1664056,100.024,-0.14446024851370184,-18.09,0.01
330.664,9,-35.358846,149.1664056,100.021,-0.1163542068420845,-18.080000000000002,0.01
330.765,9,-35.3588622,149.1664056,100.017,-0.07885392031798896,-18.080000000000002,0.01
330.865,9,-35.358878499999996,149.1664056,100.012,-0.05439440925552498,-18.080000000000002,0.01
330.96500000000003,9,-35.3588948,149.1664056,100.007,-0.010248933137098857,-18.09,0.01
331.065,9,-35.3589112,149.1664056,100.001,-0.0227788726475576,-18.1,0.01
331.164,9,-35.3589276,149.1664056,99.994,-0.04614511821836316,-18.11,0.0
331.264,9,-35.358944,149.1664056,99.99000000000001,-0.042658963652572865,-18.12,0.0
331.36400000000003,9,-35.3589604,149.1664056,99.991,-0.018207420032456123,-18.12,0.0
331.464,9,-35.3589768,149.1664056,99.994,0.01208470322404515,-18.13,0.0
331.564,9,-35.3589933,149.1664056,100.002,0.04655436594455527,-18.13,0.0
331.664,9,-35.3590096,149.1664056,100.009,0.02168605405304213,-18.13,0.0
331.764,9,-35.3590259,149.1664056,100.015,-0.019292096094325802,-18.13,0.0
331.86400000000003,9,-35.359042099999996,149.1664056,100.019,-0.08933990821029154,-18.12,0.0
331.964,9,-35.3590583,149.1664056,100.02,-0.08920474516991933,-18.11,0.0
332.064,9,-35.3590745,149.1664056,100.019,-0.10546480423182143,-18.11,0.0
332.164,9,-35.3590906,149.1664056,100.016,-0.11747199664822618,-18.1,0.0
332.264,9,-35.3591068,149.1664056,100.012,-0.09700963701904729,-18.1,0.0
332.36400000000003,9,-35.359122899999996,149.1664056,100.008,-0.08912727188162861,-18.1,0.0
332.464,9,-35.359139,149.1664056,100.003,-0.0712047687881292,-18.1,0.0
332.564,9,-35.3591552,149.1664056,99.997,-0.05576038705856803,-18.1,0.0
332.664,9,-35.3591713,149.1664056,99.994,-0.08045908147400807,-18.1,0.0
332.764,9,-35.3591875,149.1664055,99.991,-0.13679701638878555,-18.09,0.0
332.865,9,-35.3592037,149.1664055,99.989,-0.18118462821612658,-18.09,0.0
332.96500000000003,9,-35.35922,149.1664055,99.988,-0.21855249978377378,-18.09,0.0
333.065,9,-35.3592362,149.1664055,99.99000000000001,-0.23628556517940452,-18.09,0.0
333.165,9,-35.3592526,149.1664055,99.993,-0.2586683885742272,-18.09,0.01
333.264,9,-35.3592689,149.1664055,99.996,-0.27129028467571986,-18.09,0.01
333.36400000000003,9,-35.359285299999996,149.1664055,100.0,-0.22722539928666194,-18.1,0.01
333.464,9,-35.359301699999996,149.1664055,100.004,-0.21942518985237514,-18.1,0.01
333.564,9,-35.359318099999996,149.1664055,100.005,-0.2042935594166598,-18.11,0.02
333.664,9,-35.359334499999996,149.1664055,100.001,-0.24588648995534168,-18.11,0.03
333.764,9,-35.3593508,149.1664055,99.996,-0.21320396807576456,-18.1,0.03
333.86400000000003,9,-35.359367,149.1664055,99.991,-0.17560009479599492,-18.1,0.04
333.964,9,-35.359383199999996,149.1664056,99.988,-0.09735022600283556,-18.1,0.04
334.064,9,-35.3593994,149.1664056,99.989,-0.009271559914049142,-18.09,0.03
334.164,9,-35.3594155,149.1664056,99.994,0.04113701541158354,-18.09,0.03
334.264,9,-35.3594317,149.1664056,100.003,0.09321437303762094,-18.080000000000002,0.03
334.36400000000003,9,-35.3594478,149.1664056,100.011,0.1579113189082635,-18.07,0.02
334.464,9,-35.359463999999996,149.1664056,100.02,0.19156043261731642,-18.07,0.01
334.564,9,-35.3594801,149.1664056,100.03,0.1886282003901182,-18.06,0.0
334.664,9,-35.359496299999996,149.1664056,100.038,0.19073055129294667,-18.06,0.0
334.764,9,-35.3595124,149.1664056,100.042,0.17400548574863495,-18.05,0.0
334.86400000000003,9,-35.3595286,149.1664056,100.04,0.1118925791998654,-18.04,0.0
334.96500000000003,9,-35.3595448,149.1664056,100.034,0.050218248836058035,-18.04,0.0
335.065,9,-35.3595611,149.1664056,100.025,-0.01929145909914442,-18.04,0.0
335.165,9,-35.3595774,149.1664056,100.016,-0.08154789633703009,-18.04,0.0
335.265,9,-35.3595937,149.1664056,100.01,-0.14000843259830803,-18.05,0.0
335.36400000000003,9,-35.3596101,149.1664056,100.004,-0.1555540231905364,-18.06,0.01
335.464,9,-35.3596265,149.1664056,100.002,-0.16965713652699624,-18.06,0.01
335.564,9,-35.3596429,149.1664056,100.003,-0.15959637460127324,-18.07,0.01
335.664,9,-35.3596593,149.1664056,100.007,-0.15093173269036994,-18.080000000000002,0.01
335.764,9,-35.3596757,149.1664056,100.012,-0.17106726376569975,-18.09,0.01
335.86400000000003,9,-35.359691999999995,149.1664056,100.017,-0.2107081742643596,-18.09,0.02
335.964,9,-35.3597082,149.1664056,100.022,-0.19565988014064634,-18.09,0.02
336.064,9,-35.3597244,149.1664056,100.026,-0.1538657658463532,-18.09,0.01
336.164,9,-35.359740599999995,149.1664056,100.028,-0.14008567243286735,-18.09,0.01
336.264,9,-35.3597568,149.1664056,100.029,-0.10305370743416727,-18.080000000000002,0.01
336.36400000000003,9,-35.359772899999996,149.1664056,100.028,-0.0984583508244974,-18.080000000000002,0.01
336.464,9,-35.359789,149.1664056,100.024,-0.09402278995891541,-18.07,0.01
336.564,9,-35.359805099999996,149.1664056,100.017,-0.06783762559955175,-18.07,0.01
336.664,9,-35.3598213,149.1664056,100.008,-0.035057673472702784,-18.07,0.02
336.764,9,-35.359837399999996,149.1664056,100.001,-0.042887821680514575,-18.06,0.02
336.86400000000003,9,-35.3598535,149.1664056,99.996,-0.04708950859798312,-18.06,0.02
336.964,9,-35.3598697,149.1664056,99.994,-0.009434630680483197,-18.06,0.03
337.065,9,-35.3598859,149.1664056,99.995,0.02267443211823723,-18.06,0.03
337.165,9,-35.3599023,149.1664056,99.997,-0.011477570943724423,-18.06,0.03
337.265,9,-35.3599186,149.1664056,99.997,-0.022513649198370865,-18.07,0.03
337.365,9,-35.359935,149.16640569999998,99.997,0.007437687472433775,-18.07,0.03
337.464,9,-35.3599513,149.16640569999998,100.0,0.08136517543651903,-18.080000000000002,0.03
337.564,9,-35.3599677,149.16640569999998,100.003,0.1375782993163851,-18.09,0.02
337.664,9,-35.3599841,149.16640569999998,100.004,0.16579561170649285,-18.1,0.02
337.764,9,-35.3600005,149.16640569999998,100.006,0.1901848832112861,-18.11,0.02
337.86400000000003,9,-35.3600169,149.1664058,100.009,0.1853054867816789,-18.11,0.02
337.964,9,-35.360033099999995,149.1664058,100.012,0.1879325749716215,-18.11,0.02
338.064,9,-35.3600493,149.1664058,100.015,0.18425589214553156,-18.11,0.02
338.164,9,-35.3600655,149.1664058,100.016,0.179096884846777,-18.1,0.02
338.264,9,-35.360081699999995,149.1664058,100.017,0.16961099272945898,-18.1,0.01
338.36400000000003,9,-35.3600978,149.1664058,100.015,0.13888610711967064,-18.1,0.01
338.464,9,-35.3601139,149.1664058,100.011,0.08921795198100979,-18.09,0.01
338.564,9,-35.3601301,149.1664058,100.008,0.05303830988037333,-18.09,0.01
338.664,9,-35.360146199999996,149.1664058,100.005,0.002099159882137405,-18.080000000000002,0.01
338.764,9,-35.3601623,149.1664058,100.002,-0.06718122040792973,-18.080000000000002,0.02
338.86400000000003,9,-35.360178499999996,149.1664058,100.0,-0.12882411789433115,-18.07,0.02
338.964,9,-35.3601946,149.1664058,99.999,-0.15693662956936152,-18.06,0.03
339.064,9,-35.360210699999996,149.1664058,99.999,-0.16324222819460554,-18.06,0.03
339.165,9,-35.360227,149.1664058,99.997,-0.16950357733258994,-18.06,0.04
339.265,9,-35.3602432,149.1664058,99.995,-0.10572587887469592,-18.06,0.04
339.365,9,-35.3602595,149.1664059,99.99000000000001,-0.018895835065705975,-18.06,0.04
339.464,9,-35.3602759,149.1664059,99.988,0.06828086085398195,-18.07,0.04
339.564,9,-35.360292199999996,149.166406,99.98700000000001,0.1403680047055122,-18.080000000000002,0.04
339.664,9,-35.360308599999996,149.166406,99.988,0.2291050353297377,-18.09,0.04
339.764,9,-35.360324999999996,149.166406,99.989,0.28015048077225446,-18.1,0.03
339.86400000000003,9,-35.360341399999996,149.1664061,99.992,0.2898907040546629,-18.11,0.03
339.964,9,-35.3603579,149.1664061,99.999,0.30713509075952034,-18.12,0.02
340.064,9,-35.360374199999995,149.1664061,100.003,0.3114919510371951,-18.13,0.02
340.164,9,-35.3603905,149.1664061,100.004,0.2838519897351518,-18.12,0.02
340.264,9,-35.3604067,149.1664061,100.004,0.2805153622843212,-18.12,0.01
340.36400000000003,9,-35.360422899999996,149.1664061,100.002,0.28796987343315544,-18.12,0.01
340.464,9,-35.3604391,149.1664061,99.999,0.26413326028175144,-18.12,0.0
340.564,9,-35.3604553,149.1664061,99.998,0.2129182073683215,-18.12,0.0
340.664,9,-35.3604714,149.1664061,99.997,0.19541004462741196,-18.12,0.0
340.764,9,-35.3604876,149.1664061,99.997,0.12184042289076502,-18.11,0.0
340.86400000000003,9,-35.3605038,149.1664061,99.995,-0.0033208263851499625,-18.11,0.0
340.964,9,-35.3605199,149.1664061,99.992,-0.09839845993723417,-18.1,0.0
341.064,9,-35.3605361,149.1664061,99.988,-0.12864306452047294,-18.1,0.0
341.164,9,-35.3605522,149.1664061,99.986,-0.11942150872816236,-18.09,0.0
341.265,9,-35.3605686,149.1664061,99.986,-0.05901682982277036,-18.09,0.0
341.365,9,-35.3605849,149.1664061,99.989,0.0031262131014325417,-18.1,0.0
341.46500000000003,9,-35.3606013,149.1664061,99.992,0.019106938937374945,-18.1,0.0
341.564,9,-35.3606177,149.1664061,99.996,0.06696702994442637,-18.11,0.0
341.664,9,-35.3606341,149.166406,99.996,0.0924130397695477,-18.12,0.0
341.764,9,-35.3606505,149.166406,99.993,0.0747039200566517,-18.13,0.0
341.86400000000003,9,-35.3606669,149.166406,99.98700000000001,0.026023204165680394,-18.14,0.0
341.964,9,-35.3606834,149.166406,99.98,-0.0009480954154017293,-18.150000000000002,0.0
342.064,9,-35.3606997,149.166406,99.974,-0.027927976505521004,-18.16,0.0
342.164,9,-35.360716,149.1664059,99.96600000000001,-0.05881475227287319,-18.16,0.0
342.264,9,-35.360732299999995,149.1664059,99.959,-0.10750641047374039,-18.16,0.0
342.36400000000003,9,-35.3607485,149.1664059,99.953,-0.16469959312833057,-18.16,0.01
342.464,9,-35.3607647,149.1664059,99.95,-0.2164745881515693,-18.16,0.01
342.564,9,-35.3607809,149.1664059,99.949,-0.212341389888786,-18.16,0.01
342.664,9,-35.3607971,149.1664059,99.952,-0.1474660786972496,-18.150000000000002,0.01
342.764,9,-35.3608133,149.1664059,99.956,-0.07086414645380788,-18.150000000000002,0.01
342.86400000000003,9,-35.3608295,149.1664059,99.962,-0.02266352149134773,-18.14,0.0
342.964,9,-35.3608457,149.1664058,99.97,0.04464945019742251,-18.13,0.0
343.064,9,-35.360861899999996,149.1664058,99.976,0.12881403269313482,-18.13,-0.01
343.164,9,-35.3608781,149.1664058,99.982,0.11207709435905491,-18.12,-0.01
343.265,9,-35.3608943,149.16640569999998,99.985,0.011471677904533304,-18.12,-0.02
343.365,9,-35.3609106,149.16640569999998,99.986,-0.07762712095949816,-18.12,-0.02
343.46500000000003,9,-35.360926899999995,149.1664056,99.985,-0.1699786089852364,-18.11,-0.02
343.565,9,-35.3609432,149.1664056,99.98100000000001,-0.22360837389410382,-18.12,-0.01
343.664,9,-35.3609596,149.1664055,99.977,-0.2987908941104391,-18.12,-0.01
343.764,9,-35.360976,149.1664055,99.974,-0.36694633694980794,-18.12,0.0
343.86400000000003,9,-35.3609924,149.1664055,99.97500000000001,-0.38181584553591086,-18.12,0.0
343.964,9,-35.3610088,149.1664054,99.98100000000001,-0.3845317795459165,-18.13,0.0
344.064,9,-35.3610252,149.1664054,99.991,-0.3615453648636204,-18.13,0.0
344.164,9,-35.3610417,149.1664054,100.004,-0.33997125187478305,-18.13,0.0
344.264,9,-35.361058,149.1664054,100.017,-0.2906295651042143,-18.13,0.0
344.36400000000003,9,-35.3610743,149.1664054,100.028,-0.23469984071405084,-18.12,0.01
344.464,9,-35.361090499999996,149.1664054,100.035,-0.21211951546246638,-18.11,0.01
344.564,9,-35.3611067,149.1664054,100.035,-0.20703354583110595,-18.11,0.02
344.664,9,-35.3611229,149.16640529999998,100.031,-0.21085292891803892,-18.1,0.02
344.764,9,-35.361139,149.16640529999998,100.025,-0.21737869442231006,-18.1,0.02
344.86400000000003,9,-35.3611552,149.16640529999998,100.017,-0.24332114027219365,-18.09,0.02
344.964,9,-35.361171299999995,149.16640529999998,100.01,-0.20932903634097236,-18.080000000000002,0.03
345.064,9,-35.3611874,149.16640529999998,100.004,-0.18505501093820984,-18.080000000000002,0.03
345.164,9,-35.361203599999996,149.16640529999998,99.999,-0.1871861366809596,-18.07,0.03
345.264,9,-35.3612197,149.16640529999998,99.999,-0.19395350678690676,-18.07,0.04
345.365,9,-35.361235799999996,149.1664054,99.998,-0.1783078645955083,-18.07,0.04
345.46500000000003,9,-35.361252199999996,149.1664054,99.999,-0.11561916109351476,-18.07,0.04
345.565,9,-35.3612685,149.1664054,100.002,-0.08719069313841182,-18.080000000000002,0.04
345.665,9,-35.3612848,149.1664054,100.005,-0.09317028363291999,-18.080000000000002,0.04
345.764,9,-35.3613012,149.1664054,100.007,-0.08771970596386386,-18.09,0.03
345.86400000000003,9,-35.3613176,149.1664054,100.007,-0.06308546145355588,-18.1,0.03
345.964,9,-35.361334,149.1664054,100.006,-0.04738830602879804,-18.11,0.03
346.064,9,-35.3613504,149.1664054,100.005,-0.04795735950423795,-18.11,0.03
346.164,9,-35.3613668,149.1664055,100.003,-0.035464443254288776,-18.12,0.03
346.264,9,-35.3613831,149.1664055,100.0,0.01601707541568423,-18.12,0.02
346.36400000000003,9,-35.361399399999996,149.1664055,99.999,0.024056629953032406,-18.12,0.02
346.464,9,-35.3614156,149.1664055,99.999,0.011014480449438922,-18.12,0.01
346.564,9,-35.3614318,149.1664054,100.001,0.008244372667299283,-18.11,0.01
346.664,9,-35.361447999999996,149.1664054,100.004,-0.027857710267423837,-18.1,0.01
346.764,9,-35.3614641,149.1664054,100.007,-0.07571695583846227,-18.09,0.02
346.86400000000003,9,-35.361480199999995,149.1664054,100.011,-0.07439673496677301,-18.080000000000002,0.02
346.964,9,-35.3614963,149.1664054,100.013,-0.12119531685974261,-18.07,0.02
347.064,9,-35.361512499999996,149.1664054,100.014,-0.15206961285762496,-18.06,0.02
347.164,9,-35.3615286,149.1664054,100.014,-0.1448904570499201,-18.06,0.02
347.264,9,-35.361544699999996,149.1664054,100.016,-0.09539864618984986,-18.05,0.02
347.36400000000003,9,-35.3615608,149.1664055,100.017,-0.09740137238033132,-18.05,0.02
347.46500000000003,9,-35.361577,149.1664055,100.016,-0.11467293976963,-18.05,0.03
347.565,9,-35.3615934,149.1664055,100.013,-0.09777691272276301,-18.05,0.03
347.665,9,-35.361609699999995,149.1664055,100.01,-0.07684655173330603,-18.05,0.03
347.765,10,-35.361626099999995,149.1664055,100.003,-0.07037922303305681,-18.06,0.03
347.86400000000003,10,-35.3616424,149.1664056,99.994,-0.14979198489326373,-18.07,0.03
347.964,10,-35.3616588,149.1664056,99.98700000000001,-0.9894784060023459,-18.09,0.01
348.064,10,-35.3616752,149.1664056,99.98400000000001,-3.79253766873045,-18.1,0.02
348.164,10,-35.3616916,149.1664056,99.985,-9.218514223695804,-18.05,0.11
348.264,10,-35.3617078,149.1664058,99.98700000000001,-16.79260747074497,-17.92,0.36
348.36400000000003,10,-35.3617238,149.1664064,99.988,-25.318362073909412,-17.68,0.75
348.464,10,-35.3617395,149.16640759999999,99.983,-33.35407450978754,-17.38,1.27
348.564,10,-35.3617548,149.1664093,99.96300000000001,-39.70892690979701,-17.04,1.87
348.664,10,-35.3617698,149.1664118,99.929,-43.86472135934542,-16.67,2.5300000000000002
348.764,10,-35.3617845,149.166415,99.888,-45.88810001416458,-16.25,3.2800000000000002
348.86400000000003,11,-35.3617987,149.16641909999998,99.855,-46.22407360434292,-15.75,4.1
348.964,11,-35.3618125,149.1664241,99.84700000000001,-45.633617410973656,-15.16,4.94
349.064,11,-35.361825599999996,149.16643009999999,99.872,-44.7710191603144,-14.5,5.73
349.164,11,-35.3618382,149.16643689999998,99.933,-44.11360662251151,-13.81,6.44
349.264,11,-35.3618502,149.1664444,100.023,-43.78612295747149,-13.120000000000001,7.05
349.36400000000003,11,-35.361861499999996,149.1664525,100.134,-43.74536380359944,-12.43,7.57
349.464,11,-35.3618722,149.1664611,100.258,-43.91516230636596,-11.78,8.02
349.565,11,-35.3618824,149.1664702,100.385,-44.189944231770156,-11.18,8.4
349.665,11,-35.3618922,149.1664798,100.506,-44.48358089437817,-10.63,8.72
349.765,11,-35.3619015,149.1664896,100.61200000000001,-44.67627760633716,-10.13,9.01
349.86400000000003,11,-35.3619104,149.1664998,100.697,-44.74477415842863,-9.66,9.26
349.964,11,-35.3619189,149.1665103,100.761,-44.707631589722105,-9.18,9.49
350.064,11,-35.3619269,149.166521,100.805,-44.629173206726165,-8.68,9.72
350.164,11,-35.3619345,149.1665319,100.83200000000001,-44.566024692754816,-8.15,9.94
350.264,11,-35.3619416,149.16654309999998,100.846,-44.53187033181016,-7.57,10.16
350.36400000000003,11,-35.3619481,149.1665545,100.855,-44.516891726960324,-6.94,10.38
350.464,11,-35.3619541,149.16656609999998,100.85900000000001,-44.52161480277139,-6.2700000000000005,10.58
350.564,11,-35.361959399999996,149.1665778,100.863,-44.54673282344411,-5.57,10.76
350.664,11,-35.361964,149.1665897,100.871,-44.56905046655713,-4.83,10.92
350.764,11,-35.361967899999996,149.1666017,100.883,-44.602890638799956,-4.09,11.05
350.86400000000003,11,-35.3619712,149.1666138,100.898,-44.68711711654997,-3.34,11.16
350.964,11,-35.3619738,149.16662599999998,100.915,-44.72115877937331,-2.58,11.23
351.064,11,-35.361975699999995,149.1666383,100.934,-44.703509570558,-1.82,11.28
351.164,11,-35.361976999999996,149.1666506,100.95700000000001,-44.69535090959442,-1.07,11.3
351.264,11,-35.361977599999996,149.1666629,100.98,-44.66033594481435,-0.34,11.3
351.36400000000003,11,-35.3619775,149.1666752,101.003,-44.65770290688931,0.35000000000000003,11.27
351.464,11,-35.3619769,149.1666875,101.026,-44.66586839804206,1.05,11.22
351.564,11,-35.3619756,149.16669969999998,101.043,-44.70860489167883,1.72,11.14
351.665,11,-35.3619738,149.166712,101.056,-44.71792126970673,2.41,11.05
351.765,11,-35.3619713,149.16672409999998,101.063,-44.74307002623071,3.09,10.94
351.865,11,-35.3619681,149.16673609999998,101.065,-44.775335839869854,3.77,10.81
351.964,11,-35.3619644,149.16674799999998,101.063,-44.732469572638855,4.44,10.66
352.064,11,-35.361959999999996,149.1667597,101.059,-44.65559579353036,5.13,10.48
352.164,11,-35.361955099999996,149.1667712,101.052,-44.63830516964647,5.82,10.28
352.264,11,-35.3619495,149.1667824,101.045,-44.65439368023644,6.5,10.05
352.36400000000003,11,-35.3619433,149.1667934,101.039,-44.725110043808165,7.18,9.81
352.464,11,-35.3619365,149.1668041,101.03,-44.72660927033098,7.84,9.540000000000001
352.564,11,-35.3619292,149.1668144,101.02,-44.728962270500055,8.49,9.24
352.664,11,-35.3619213,149.1668243,101.007,-44.734651818078675,9.14,8.93
352.764,11,-35.3619128,149.1668338,100.994,-44.72632240238584,9.77,8.58
352.86400000000003,11,-35.3619038,149.166843,100.98100000000001,-44.73049564796872,10.4,8.22
352.964,11,-35.3618942,149.1668517,100.967,-44.70203766479186,11.03,7.82
353.064,11,-35.3618841,149.16685999999999,100.956,-44.712583476870364,11.64,7.41
353.164,11,-35.3618734,149.1668678,100.947,-44.70399451398907,12.24,6.97
353.264,11,-35.3618622,149.1668751,100.94,-44.69375264532864,12.81,6.51
353.36400000000003,11,-35.361850499999996,149.1668819,100.932,-44.705626929200704,13.36,6.04
353.464,11,-35.361838299999995,149.16688829999998,100.925,-44.753609008120044,13.9,5.55
353.564,11,-35.3618257,149.16689399999998,100.915,-44.81126604999871,14.42,5.05
353.664,11,-35.3618125,149.1668992,100.906,-44.85501682672722,14.92,4.54
353.765,11,-35.3617989,149.1669039,100.896,-44.82050729594573,15.41,4.0
353.865,11,-35.361784799999995,149.166908,100.882,-44.69201436218487,15.88,3.46
353.96500000000003,11,-35.361770199999995,149.1669115,100.867,-44.412874776090206,16.330000000000002,2.9
354.064,11,-35.3617552,149.1669144,100.851,-43.83365424390561,16.77,2.32
354.164,11,-35.361739799999995,149.16691659999998,100.834,-42.93089448092669,17.17,1.74
354.264,11,-35.361723999999995,149.1669182,100.81700000000001,-41.657098351665155,17.52,1.18
354.36400000000003,11,-35.361708,149.1669192,100.8,-40.01210193158094,17.830000000000002,0.64
354.464,11,-35.3616917,149.1669196,100.785,-38.048723073525764,18.09,0.13
354.564,11,-35.3616751,149.16691939999998,100.773,-35.79994817609618,18.3,-0.35000000000000003
354.664,11,-35.3616585,149.16691889999998,100.761,-33.26947920182234,18.45,-0.78
354.764,11,-35.361641899999995,149.1669178,100.749,-30.423445242610168,18.55,-1.1500000000000001
354.86400000000003,11,-35.3616253,149.1669164,100.732,-27.344797238382156,18.6,-1.46
354.964,11,-35.3616087,149.16691459999998,100.706,-24.169114444163068,18.62,-1.71
355.064,11,-35.361592,149.1669126,100.67,-20.978504271512918,18.62,-1.92
355.164,11,-35.3615754,149.1669105,100.624,-17.806151194514207,18.6,-2.09
355.264,11,-35.3615589,149.1669081,100.56700000000001,-14.708785056865779,18.580000000000002,-2.22
355.36400000000003,11,-35.361542299999996,149.1669057,100.5,-11.779168365232863,18.55,-2.32
355.464,11,-35.361525799999995,149.16690309999998,100.421,-9.077902826800043,18.52,-2.4
355.564,11,-35.3615093,149.1669005,100.334,-6.667857344669527,18.490000000000002,-2.45
355.664,11,-35.3614928,149.1668978,100.246,-4.536676106632761,18.46,-2.48
355.765,11,-35.3614763,149.1668952,100.16,-2.623410986848194,18.45,-2.49
355.865,11,-35.3614597,149.1668924,100.077,-0.939964657161631,18.43,-2.49
355.96500000000003,11,-35.361443,149.16688969999998,100.002,0.4956941488245054,18.43,-2.47
356.065,11,-35.3614264,149.166887,99.937,1.7945794838981943,18.42,-2.44
356.164,11,-35.361409699999996,149.1668844,99.883,2.9600042032503033,18.41,-2.39
356.264,11,-35.3613931,149.1668818,99.83800000000001,3.999806589283657,18.39,-2.32
356.36400000000003,11,-35.3613764,149.1668793,99.799,4.948410581971708,18.37,-2.24
356.464,11,-35.361359799999995,149.1668769,99.764,5.74789916536051,18.35,-2.15
356.564,11,-35.3613432,149.1668746,99.727,6.4239077469524135,18.330000000000002,-2.06
356.664,11,-35.3613267,149.1668724,99.68900000000001,6.909369418626593,18.31,-1.97
356.764,11,-35.3613103,149.1668703,99.648,7.2147698014194885,18.29,-1.87
356.86400000000003,11,-35.3612939,149.1668683,99.607,7.405004230182684,18.28,-1.77
356.964,11,-35.3612776,149.1668664,99.565,7.513500931374691,18.25,-1.67
357.064,11,-35.361261299999995,149.1668646,99.525,7.541245159783283,18.23,-1.56
357.164,11,-35.3612451,149.166863,99.489,7.4785764666011225,18.21,-1.45
357.264,11,-35.3612288,149.16686149999998,99.46000000000001,7.424646146688349,18.19,-1.34
357.36400000000003,11,-35.3612126,149.16686009999998,99.437,7.29665950069971,18.16,-1.23
357.464,11,-35.3611964,149.1668588,99.419,7.119409688435533,18.14,-1.1300000000000001
357.564,11,-35.3611803,149.1668576,99.404,6.877451517748301,18.12,-1.04
357.664,11,-35.361164099999996,149.1668564,99.391,6.57910287838662,18.1,-0.96
357.764,11,-35.361148,149.1668554,99.379,6.200069641246402,18.080000000000002,-0.88
357.865,11,-35.361131799999995,149.1668544,99.367,5.792246729867756,18.07,-0.81
357.96500000000003,11,-35.3611156,149.1668535,99.35300000000001,5.406381596010233,18.06,-0.74
358.065,11,-35.3610994,149.1668527,99.339,5.055170280680415,18.05,-0.67
358.165,11,-35.3610831,149.166852,99.32900000000001,4.727888106220915,18.05,-0.61
358.264,11,-35.361066799999996,149.1668513,99.322,4.388029845952127,18.04,-0.55
358.36400000000003,11,-35.3610505,149.1668506,99.31700000000001,4.0492674041583046,18.04,-0.51
358.464,11,-35.3610341,149.1668501,99.312,3.783602500635604,18.04,-0.46
358.564,11,-35.3610178,149.16684949999998,99.307,3.5741598723790404,18.05,-0.41000000000000003
358.664,11,-35.3610015,149.16684899999998,99.302,3.351522599306482,18.04,-0.37
358.764,11,-35.360985299999996,149.16684859999998,99.296,3.148870673188792,18.04,-0.33
358.86400000000003,11,-35.3609692,149.1668482,99.291,2.9259964779293983,18.03,-0.3
358.964,11,-35.360952999999995,149.1668478,99.288,2.7043984608277394,18.03,-0.26
359.064,11,-35.3609369,149.1668474,99.286,2.5362274640743894,18.02,-0.24
359.164,11,-35.360920899999996,149.16684709999998,99.286,2.3677830463108274,18.02,-0.21
359.264,11,-35.3609048,149.1668469,99.289,2.2006722229827105,18.02,-0.18
359.36400000000003,11,-35.3608887,149.16684659999999,99.293,2.0559091382886407,18.01,-0.16
359.464,11,-35.3608726,149.1668464,99.299,1.9402018917672164,18.01,-0.14
359.564,11,-35.3608566,149.16684619999998,99.304,1.7898994169345603,18.0,-0.12
359.664,11,-35.3608405,149.166846,99.31,1.664599276445559,17.990000000000002,-0.1
359.764,11,-35.3608244,149.1668458,99.319,1.5708868398771627,17.990000000000002,-0.08
359.86400000000003,11,-35.360808299999995,149.16684569999998,99.32900000000001,1.45498653378998,17.990000000000002,-0.06
359.96500000000003,11,-35.3607923,149.1668455,99.342,1.3313011994311579,17.98,-0.05
360.065,11,-35.360776,149.1668454,99.35600000000001,1.2354961636557988,17.98,-0.03
360.165,11,-35.360759699999996,149.1668453,99.369,1.121823566455098,17.98,-0.02
360.265,11,-35.3607435,149.1668453,99.382,1.0585283101382956,17.990000000000002,-0.01
360.36400000000003,11,-35.3607272,149.16684519999998,99.393,0.9773517252961057,17.990000000000002,0.0
360.464,11,-35.3607109,149.16684519999998,99.399,0.8675858895789463,18.0,0.0
360.564,11,-35.360694599999995,149.1668451,99.405,0.7495637425374169,18.01,0.01
360.664,11,-35.360678199999995,149.166845,99.411,0.6640159433481244,18.02,0.02
360.764,11,-35.3606619,149.166845,99.417,0.6026663838102766,18.03,0.03
360.86400000000003,11,-35.3606456,149.166845,99.423,0.5440427634423514,18.04,0.03
360.964,11,-35.3606295,149.166845,99.429,0.4762138089813943,18.04,0.04
361.064,11,-35.3606133,149.166845,99.436,0.4162922392277551,18.04,0.04
361.164,11,-35.3605972,149.166845,99.44500000000001,0.3730250452285606,18.04,0.05
361.264,11,-35.3605811,149.166845,99.458,0.35127236014552454,18.04,0.05
361.36400000000003,11,-35.360565,149.166845,99.47200000000001,0.31806977005346115,18.03,0.05
361.464,11,-35.3605489,149.166845,99.486,0.3187818706352879,18.03,0.05
361.564,11,-35.360532899999995,149.1668451,99.502,0.2922492537524329,18.02,0.05
361.664,11,-35.3605168,149.1668451,99.518,0.24084781137985567,18.02,0.05
361.764,11,-35.3605008,149.1668451,99.533,0.23185570725497523,18.01,0.05
361.86400000000003,11,-35.3604847,149.1668451,99.548,0.1860524987015094,18.01,0.06
361.964,11,-35.3604686,149.16684519999998,99.563,0.1597775080164108,18.01,0.06
362.065,11,-35.3604523,149.16684519999998,99.575,0.09183572203201634,18.01,0.06
362.165,11,-35.3604361,149.1668453,99.583,0.04825218822161912,18.02,0.06
362.265,11,-35.360419799999995,149.1668453,99.587,0.01291451284476885,18.03,0.06
362.36400000000003,11,-35.3604035,149.1668454,99.589,-0.02406212111830019,18.04,0.06
362.464,11,-35.3603872,149.1668454,99.59400000000001,-0.06429704629886623,18.05,0.06
362.564,11,-35.3603709,149.1668455,99.601,-0.04365645808597902,18.05,0.06
362.664,11,-35.3603545,149.1668455,99.607,-0.004813374463723157,18.06,0.06
362.764,11,-35.3603382,149.1668456,99.61500000000001,0.02661571640607239,18.06,0.06
362.86400000000003,11,-35.360321899999995,149.16684569999998,99.623,0.0659335369456388,18.06,0.07
362.964,11,-35.3603058,149.16684569999998,99.632,0.08071801501266032,18.05,0.07
363.064,11,-35.3602896,149.1668458,99.642,0.0844972974186459,18.05,0.08
363.164,11,-35.3602735,149.1668459,99.652,0.05687321097033756,18.04,0.08
363.264,11,-35.3602574,149.166846,99.665,-0.029461704154785964,18.03,0.08
363.36400000000003,11,-35.3602414,149.1668461,99.679,-0.14700438725782583,18.02,0.07
363.464,11,-35.360225299999996,149.16684619999998,99.691,-0.26178450230048683,18.01,0.07
363.564,11,-35.3602093,149.1668463,99.7,-0.3310592423900916,18.0,0.07
363.664,11,-35.3601933,149.1668464,99.706,-0.33181000290983764,18.0,0.07
363.764,11,-35.360177199999995,149.1668464,99.708,-0.35098525207654596,18.0,0.06
363.86400000000003,11,-35.3601612,149.1668465,99.709,-0.40265752745797007,18.0,0.06
363.964,11,-35.3601451,149.16684659999999,99.708,-0.4342976050556872,18.0,0.06
364.064,11,-35.3601291,149.16684669999998,99.703,-0.4453773991890644,18.0,0.06
364.165,11,-35.3601129,149.1668468,99.699,-0.45331058386875484,18.01,0.05
364.265,11,-35.3600967,149.1668468,99.696,-0.47413577728727085,18.02,0.05
364.365,11,-35.3600804,149.1668469,99.696,-0.46788962265214706,18.03,0.05
364.464,11,-35.3600642,149.166847,99.70100000000001,-0.4748298952616734,18.04,0.05
364.564,11,-35.3600478,149.16684709999998,99.71000000000001,-0.45224576804932043,18.06,0.05
364.664,11,-35.3600315,149.16684709999998,99.72,-0.4799652903830238,18.07,0.04
364.764,11,-35.3600151,149.1668472,99.73100000000001,-0.5415459024138886,18.080000000000002,0.04
364.86400000000003,11,-35.3599988,149.1668473,99.743,-0.5870507570986292,18.09,0.03
364.964,11,-35.3599824,149.1668473,99.756,-0.5892427142136744,18.1,0.02
365.064,11,-35.3599661,149.1668474,99.768,-0.5264246640042737,18.1,0.02
365.164,11,-35.3599499,149.1668474,99.779,-0.47590607694277354,18.1,0.01
365.264,11,-35.3599337,149.1668474,99.786,-0.46687485931272416,18.1,0.0
365.36400000000003,11,-35.3599175,149.1668474,99.791,-0.46689454946744086,18.09,0.0
365.464,11,-35.3599014,149.1668475,99.794,-0.3959545505612488,18.09,0.0
365.564,11,-35.359885299999995,149.1668475,99.798,-0.34820176322678065,18.080000000000002,0.0
365.664,11,-35.3598691,149.16684759999998,99.803,-0.2938767597656,18.080000000000002,0.0
365.764,11,-35.359853099999995,149.16684759999998,99.81,-0.25954772206901344,18.07,0.0
365.86400000000003,11,-35.3598369,149.16684759999998,99.81700000000001,-0.2741313232053278,18.07,-0.01
365.964,11,-35.3598208,149.16684759999998,99.827,-0.2377549096246035,18.06,-0.02
366.064,11,-35.3598047,149.16684759999998,99.83500000000001,-0.2171608487403837,18.06,-0.02
366.165,11,-35.3597886,149.16684759999998,99.839,-0.1595657721521404,18.06,-0.01
366.265,11,-35.359772299999996,149.16684759999998,99.84100000000001,-0.1329381062500738,18.07,-0.01
366.365,11,-35.359756,149.16684759999998,99.84100000000001,-0.10233717790155061,18.07,-0.01
366.46500000000003,11,-35.3597397,149.16684759999998,99.839,-0.05498010131190688,18.080000000000002,0.0
366.564,11,-35.3597234,149.16684759999998,99.83500000000001,-0.07112997688269625,18.09,0.0
366.664,11,-35.359707,149.1668477,99.83,-0.09009705202206464,18.1,0.0
366.764,11,-35.3596906,149.1668477,99.828,-0.07775770163662836,18.11,0.0
366.86400000000003,11,-35.3596742,149.1668477,99.82900000000001,-0.0882861314172989,18.11,0.0
366.964,11,-35.3596578,149.1668477,99.831,-0.12098683600749854,18.12,-0.01
367.064,11,-35.359641499999995,149.1668477,99.834,-0.1550526712972016,18.13,-0.01
367.164,11,-35.3596253,149.1668477,99.84,-0.1883110501609622,18.12,-0.01
367.264,11,-35.3596091,149.1668477,99.845,-0.15592630852094175,18.12,-0.02
367.36400000000003,11,-35.359592899999996,149.1668477,99.85000000000001,-0.13719435463962312,18.11,-0.02
367.464,11,-35.3595768,149.1668477,99.854,-0.16643335393981634,18.1,-0.02
367.564,11,-35.359560699999996,149.1668477,99.86,-0.1777765372430621,18.1,-0.02
367.664,11,-35.3595445,149.1668477,99.86500000000001,-0.14659723061005636,18.09,-0.02
367.764,11,-35.359528399999995,149.1668477,99.869,-0.11476830895395894,18.080000000000002,-0.02
367.86400000000003,11,-35.3595123,149.1668477,99.873,-0.0638810117391971,18.07,-0.02
367.964,11,-35.359496199999995,149.1668477,99.876,-0.029347958826742772,18.06,-0.01
368.064,11,-35.3594801,149.1668477,99.876,0.01112951560934808,18.06,-0.01
368.164,11,-35.359463999999996,149.1668477,99.876,0.0046937948768033585,18.06,-0.01
368.265,11,-35.3594479,149.1668477,99.874,0.02610324044243652,18.06,-0.01
368.365,11,-35.3594316,149.1668477,99.873,0.041155701715255205,18.06,-0.01
368.46500000000003,11,-35.359415399999996,149.1668477,99.875,0.036155973227326124,18.06,-0.01
368.565,11,-35.3593992,149.1668477,99.878,0.00538605064081635,18.07,-0.01
368.664,11,-35.3593828,149.1668477,99.881,-0.04649414155196147,18.07,-0.01
368.764,11,-35.3593665,149.1668477,99.884,-0.08792744643427405,18.080000000000002,-0.01
368.86400000000003,11,-35.3593501,149.1668477,99.888,-0.11703585171712384,18.09,0.0
368.964,11,-35.3593337,149.1668477,99.892,-0.15342939413162607,18.1,0.0
369.064,11,-35.3593174,149.1668477,99.898,-0.15544906239290035,18.11,0.0
369.164,11,-35.3593012,149.1668477,99.902,-0.17310342053051725,18.11,0.0
369.264,11,-35.3592849,149.1668477,99.905,-0.191612286026113,18.11,0.0
369.36400000000003,11,-35.359268799999995,149.1668478,99.908,-0.18585469001984348,18.1,0.0
369.464,11,-35.3592526,149.1668478,99.909,-0.16237646169666678,18.1,0.0
369.564,11,-35.3592364,149.1668478,99.91,-0.1342727145417237,18.1,0.0
369.664,11,-35.3592203,149.1668478,99.909,-0.09008280467434282,18.09,0.01
369.764,11,-35.3592042,149.1668478,99.91,-0.09160374906428714,18.080000000000002,0.01
369.86400000000003,11,-35.359187999999996,149.1668479,99.908,-0.10232803318538647,18.080000000000002,0.02
369.964,11,-35.3591719,149.1668479,99.908,-0.15885655305636978,18.080000000000002,0.02
370.064,11,-35.359155699999995,149.1668479,99.908,-0.26332174843098927,18.07,0.02
370.164,11,-35.3591396,149.166848,99.905,-0.3447298126530192,18.07,0.02
370.264,11,-35.3591234,149.166848,99.902,-0.38583223689171636,18.080000000000002,0.01
370.365,11,-35.3591073,149.166848,99.901,-0.421943340311868,18.080000000000002,0.01
370.46500000000003,11,-35.3590909,149.166848,99.904,-0.43966303881384955,18.080000000000002,0.0
370.565,11,-35.3590746,149.16684809999998,99.908,-0.48535879194980674,18.09,0.0
370.665,11,-35.3590582,149.16684809999998,99.914,-0.49644973850143803,18.09,0.0
370.764,11,-35.3590418,149.16684809999998,99.922,-0.5067787454346427,18.1,0.0
370.86400000000003,11,-35.3590254,149.16684809999998,99.929,-0.5192030729783075,18.11,0.0
370.964,11,-35.359009,149.16684809999998,99.937,-0.5228889205308814,18.12,0.0
371.064,11,-35.3589926,149.16684809999998,99.941,-0.4816493589002551,18.13,-0.01
371.164,11,-35.3589762,149.16684809999998,99.941,-0.45900605450204635,18.14,-0.02
371.264,11,-35.3589598,149.16684809999998,99.937,-0.4460042024475453,18.150000000000002,-0.02
371.36400000000003,11,-35.358943499999995,149.16684809999998,99.934,-0.41666843324063474,18.150000000000002,-0.03
371.464,11,-35.3589273,149.16684809999998,99.932,-0.3444971860148421,18.150000000000002,-0.03
371.564,11,-35.3589111,149.16684809999998,99.934,-0.29238142858504323,18.150000000000002,-0.03
371.664,11,-35.358894899999996,149.16684809999998,99.93900000000001,-0.24287317591217603,18.150000000000002,-0.03
371.764,11,-35.3588787,149.16684809999998,99.946,-0.22407286677830437,18.14,-0.03
371.86400000000003,11,-35.3588626,149.166848,99.95400000000001,-0.20512023908985613,18.14,-0.04
371.964,11,-35.3588464,149.166848,99.961,-0.16364895795555187,18.14,-0.04
372.064,11,-35.3588302,149.166848,99.965,-0.13669632445938076,18.14,-0.04
372.164,11,-35.3588141,149.1668479,99.96600000000001,-0.09800759168980962,18.14,-0.04
372.264,11,-35.3587979,149.1668479,99.965,-0.04598953798165364,18.14,-0.04
372.36400000000003,11,-35.3587817,149.1668479,99.965,-0.029250085017381265,18.13,-0.04
372.46500000000003,11,-35.3587655,149.1668478,99.96300000000001,-0.021483282812057376,18.14,-0.04
372.565,11,-35.358748999999996,149.1668478,99.962,-0.023121831186719552,18.14,-0.04
372.665,11,-35.358732599999996,149.1668477,99.959,0.014948274207549545,18.150000000000002,-0.04
372.765,11,-35.358716199999996,149.1668477,99.958,0.07089423530473164,18.150000000000002,-0.04
372.86400000000003,11,-35.3586998,149.1668477,99.96000000000001,0.1082594921905872,18.16,-0.04
372.964,11,-35.3586834,149.16684759999998,99.962,0.1153762091303033,18.16,-0.03
373.064,11,-35.358667,149.16684759999998,99.964,0.1223783536487564,18.16,-0.03
373.164,11,-35.358650499999996,149.16684759999998,99.967,0.14589988430405393,18.16,-0.03
373.264,11,-35.3586342,149.1668475,99.97,0.15922470292067611,18.16,-0.03
373.36400000000003,11,-35.3586179,149.1668475,99.973,0.13567925326307032,18.16,-0.03
373.464,11,-35.3586017,149.1668475,99.977,0.13079067876676592,18.150000000000002,-0.03
373.564,11,-35.3585855,149.1668474,99.982,0.1164063804159984,18.150000000000002,-0.03
373.664,11,-35.3585693,149.1668474,99.986,0.15330831835641703,18.14,-0.03
373.764,11,-35.358553199999996,149.1668474,99.99000000000001,0.19386852962867826,18.13,-0.03
373.86400000000003,11,-35.358537,149.1668473,99.994,0.19080643042575726,18.12,-0.03
373.964,11,-35.358520899999995,149.1668473,99.996,0.16706386577757312,18.11,-0.03
374.064,11,-35.3585048,149.1668473,99.998,0.17665447856868918,18.11,-0.02
374.164,11,-35.358488699999995,149.1668473,99.998,0.18171782319842392,18.1,-0.02
374.264,11,-35.3584725,149.1668472,99.995,0.17211895281532305,18.09,-0.02
374.36400000000003,11,-35.3584564,149.1668472,99.99000000000001,0.1578052241925035,18.09,-0.01
374.464,11,-35.3584402,149.1668472,99.986,0.13606427849710334,18.09,-0.01
374.565,11,-35.3584239,149.1668472,99.985,0.11256977511379497,18.09,-0.02
374.665,11,-35.3584077,149.1668472,99.986,0.053620199975986764,18.09,-0.02
374.765,11,-35.358391399999995,149.1668472,99.989,0.003890232542476947,18.1,-0.03
374.86400000000003,11,-35.358375099999996,149.16684709999998,99.991,0.018769058016870878,18.11,-0.03
374.964,11,-35.3583587,149.16684709999998,99.991,0.045316547569942515,18.11,-0.02
375.064,11,-35.3583423,149.16684709999998,99.992,0.07915456203328192,18.12,-0.02
375.164,11,-35.3583259,149.16684709999998,99.993,0.13547894996153176,18.13,-0.01
375.264,11,-35.3583095,149.16684709999998,99.993,0.14708369482543465,18.13,-0.01
375.36400000000003,11,-35.358292999999996,149.16684709999998,99.994,0.1314861040820643,18.14,-0.01
375.464,11,-35.3582767,149.166847,99.996,0.10263155638673552,18.14,-0.01
375.564,11,-35.3582604,149.166847,100.0,0.05186394756500756,18.14,-0.02
375.664,11,-35.3582442,149.166847,100.006,0.0032590895458820468,18.14,-0.02
375.764,11,-35.358228,149.166847,100.012,0.004347891068690837,18.14,-0.02
375.86400000000003,11,-35.3582118,149.1668469,100.018,0.034002852808025466,18.13,-0.03
375.964,11,-35.358195699999996,149.1668469,100.02,0.07408627485454818,18.12,-0.03
376.064,11,-35.3581795,149.1668469,100.021,0.08641321217158074,18.12,-0.03
376.164,11,-35.358163399999995,149.1668469,100.018,0.0875292277293638,18.11,-0.03
376.264,11,-35.3581472,149.1668468,100.015,0.09733699918142527,18.11,-0.03
376.36400000000003,11,-35.3581311,149.1668468,100.012,0.12970059658348776,18.1,-0.03
376.464,11,-35.358115,149.1668468,100.008,0.16103599705141208,18.1,-0.03
376.564,11,-35.3580988,149.16684669999998,100.006,0.18456723938193573,18.09,-0.04
376.665,11,-35.3580825,149.16684669999998,100.006,0.2041475107622979,18.1,-0.04
376.765,11,-35.358066199999996,149.16684659999999,100.005,0.2132438686535136,18.1,-0.04
376.865,11,-35.358049799999996,149.16684659999999,100.003,0.2374232452434612,18.11,-0.04
376.964,11,-35.3580334,149.16684659999999,99.999,0.2675131367038499,18.12,-0.03
377.064,11,-35.358017,149.1668465,99.997,0.31704260031574116,18.12,-0.03
377.164,11,-35.3580006,149.1668465,99.997,0.3804700581455803,18.13,-0.03
377.264,11,-35.3579842,149.1668465,99.997,0.45288545795377444,18.13,-0.02
377.36400000000003,11,-35.3579678,149.1668464,99.999,0.47832038873181437,18.14,-0.02
377.464,11,-35.3579515,149.1668464,99.999,0.47830149898989105,18.14,-0.01
377.564,11,-35.3579352,149.1668464,100.0,0.4686881144548039,18.13,-0.01
377.664,11,-35.357918999999995,149.1668464,100.003,0.44591871836121433,18.12,0.0
377.764,11,-35.3579028,149.1668464,100.005,0.39470459926271,18.11,0.0
377.86400000000003,11,-35.3578867,149.1668464,100.007,0.34704124471768677,18.1,0.0
377.964,11,-35.3578706,149.1668464,100.01,0.29164299442231495,18.09,0.0
378.064,11,-35.357854499999995,149.1668464,100.01,0.23981250411206984,18.080000000000002,0.0
378.164,11,-35.3578384,149.1668464,100.009,0.20943988017263962,18.080000000000002,0.0
378.264,11,-35.3578222,149.1668464,100.007,0.149822734084742,18.07,0.0
378.36400000000003,11,-35.3578061,149.1668464,100.006,0.1099758106732843,18.06,0.0
378.464,11,-35.35779,149.1668464,100.007,0.12465607499461022,18.06,0.0
378.564,11,-35.3577739,149.1668464,100.009,0.18578287965206577,18.05,0.0
378.665,11,-35.3577578,149.1668464,100.008,0.22536099776708646,18.05,0.0
378.765,11,-35.357741499999996,149.1668464,100.004,0.23246775623763183,18.05,0.01
378.865,11,-35.3577253,149.1668464,99.999,0.23808777462493586,18.05,0.02
378.96500000000003,11,-35.3577091,149.1668464,99.995,0.22124420796656705,18.06,0.02
379.064,11,-35.3576927,149.1668465,99.991,0.22299049523826892,18.07,0.03
379.164,11,-35.357676399999995,149.1668465,99.98700000000001,0.1587533931875188,18.07,0.03
379.264,11,-35.357659999999996,149.16684659999999,99.98400000000001,0.08769061095882519,18.080000000000002,0.04
379.36400000000003,11,-35.357643599999996,149.16684659999999,99.98400000000001,0.013805146333918038,18.1,0.04
379.464,11,-35.357627199999996,149.16684659999999,99.988,-0.025633564885398974,18.1,0.04
379.564,11,-35.357610799999996,149.16684669999998,99.994,-0.09862639749046352,18.11,0.04
379.664,11,-35.3575945,149.16684669999998,100.002,-0.22745498435622427,18.11,0.04
379.764,11,-35.3575783,149.1668468,100.009,-0.26191424921429063,18.11,0.04
379.86400000000003,11,-35.357562099999996,149.1668468,100.016,-0.25098794757425363,18.11,0.04
379.964,11,-35.3575459,149.1668469,100.021,-0.25982271722438577,18.1,0.04
380.064,11,-35.3575298,149.1668469,100.022,-0.2671029785081054,18.1,0.03
380.164,11,-35.3575136,149.1668469,100.02,-0.2579426542944869,18.1,0.04
380.264,11,-35.3574975,149.166847,100.015,-0.2646483259142791,18.09,0.03
380.36400000000003,11,-35.3574814,149.166847,100.008,-0.2629155389383586,18.09,0.03
380.464,11,-35.3574653,149.16684709999998,100.0,-0.24745591268013722,18.09,0.03
380.564,11,-35.3574491,149.16684709999998,99.994,-0.25254640464378014,18.09,0.03
380.664,11,-35.357433,149.16684709999998,99.988,-0.2843280485842164,18.09,0.02
380.765,11,-35.3574169,149.1668472,99.98700000000001,-0.2937699580185392,18.09,0.02
380.865,11,-35.3574005,149.1668472,99.989,-0.3096712787365636,18.09,0.01
380.96500000000003,11,-35.3573842,149.1668472,99.994,-0.32404309064775466,18.09,0.01
381.065,11,-35.3573679,149.1668472,100.001,-0.33654313724167134,18.1,0.01
381.164,11,-35.3573515,149.1668472,100.008,-0.3533223773918804,18.11,0.01
381.264,11,-35.3573351,149.1668473,100.011,-0.3088935709861077,18.11,0.01
381.36400000000003,11,-35.3573187,149.1668473,100.011,-0.3091125906067977,18.12,0.01
381.464,11,-35.3573023,149.1668473,100.01,-0.33175573492244775,18.13,0.01
381.564,11,-35.3572859,149.1668473,100.009,-0.33820252636444065,18.14,0.0
381.664,11,-35.357269599999995,149.1668473,100.009,-0.32106568845858446,18.14,0.0
381.764,11,-35.357253299999996,149.1668474,100.007,-0.3201479351497169,18.14,0.0
381.86400000000003,11,-35.3572371,149.1668474,100.007,-0.27663674865067955,18.14,0.0
381.964,11,-35.3572209,149.1668474,100.007,-0.21021078441435193,18.14,0.0
382.064,11,-35.3572047,149.1668474,100.006,-0.1837310881573513,18.14,0.0
382.164,11,-35.3571885,149.1668474,100.004,-0.11835838711580723,18.13,0.0
382.264,11,-35.357172399999996,149.1668474,100.002,-0.09445986870494334,18.13,0.0
382.36400000000003,11,-35.3571562,149.1668474,99.999,-0.11307639639135274,18.12,0.0
382.464,11,-35.357140099999995,149.1668474,99.995,-0.17471853348560046,18.12,0.0
382.564,11,-35.3571239,149.1668475,99.991,-0.21018195621357771,18.12,0.0
382.664,11,-35.3571078,149.1668475,99.989,-0.22214443223526004,18.12,0.0
382.764,11,-35.3570916,149.1668475,99.98700000000001,-0.2659373106767075,18.13,-0.01
382.865,11,-35.3570753,149.1668475,99.982,-0.27365310324172115,18.13,-0.01
382.96500000000003,11,-35.3570588,149.1668475,99.977,-0.25335407451313413,18.14,-0.01
383.065,11,-35.3570425,149.1668475,99.974,-0.2267286897875286,18.150000000000002,-0.02
383.165,11,-35.357026,149.1668475,99.97200000000001,-0.20747726800331878,18.16,-0.02
383.264,11,-35.3570096,149.1668475,99.971,-0.18979767018228455,18.17,-0.02
383.36400000000003,11,-35.3569931,149.1668474,99.97,-0.1580478960112373,18.18,-0.02
383.464,11,-35.3569767,149.1668474,99.971,-0.09616025230294595,18.19,-0.03
383.564,11,-35.356960199999996,149.1668474,99.974,-0.00652813172459154,18.2,-0.03
383.664,11,-35.356943799999996,149.1668474,99.977,0.05480540788470256,18.2,-0.02
383.764,11,-35.3569275,149.1668474,99.98,0.10724911111120794,18.2,-0.02
383.86400000000003,11,-35.3569112,149.1668473,99.98400000000001,0.11745251993692106,18.19,-0.02
383.964,11,-35.356895,149.1668473,99.989,0.11702516620633248,18.18,-0.02
384.064,11,-35.3568788,149.1668473,99.994,0.11631170492275704,18.17,-0.02
384.164,11,-35.3568626,149.1668473,99.998,0.11670924327679294,18.16,-0.02
384.264,11,-35.356846499999996,149.1668473,100.001,0.07999877074665285,18.150000000000002,-0.02
384.36400000000003,11,-35.3568303,149.1668472,100.0,0.04215143524051596,18.14,-0.02
384.464,11,-35.3568141,149.1668472,99.998,0.018064146142444528,18.14,-0.02
384.564,11,-35.356798,149.1668472,99.991,0.022497390813505724,18.13,-0.02
384.664,11,-35.3567818,149.1668472,99.985,0.01131207892859045,18.12,-0.01
384.764,11,-35.356765599999996,149.1668472,99.97800000000001,0.0018799459945923703,18.12,-0.01
384.86400000000003,11,-35.3567495,149.1668472,99.97500000000001,0.023450969264982805,18.11,-0.01
384.96500000000003,11,-35.3567333,149.1668472,99.976,0.04471212918924928,18.11,0.0
385.065,11,-35.356716899999995,149.1668472,99.98100000000001,0.06835421868649348,18.11,0.0
385.165,11,-35.356700599999996,149.1668472,99.989,0.06564313384399427,18.11,-0.01
385.264,11,-35.3566842,149.1668472,99.997,0.06745995749311104,18.11,-0.01
385.36400000000003,11,-35.3566678,149.16684709999998,100.002,0.016034951301402624,18.12,-0.01
385.464,11,-35.3566514,149.16684709999998,100.007,0.0013097942444107369,18.12,-0.01
385.564,11,-35.356635,149.16684709999998,100.012,0.011690028847035495,18.13,-0.01
385.664,11,-35.3566186,149.16684709999998,100.014,-0.009081158385775119,18.14,-0.01
385.764,11,-35.3566022,149.16684709999998,100.012,-0.020114170058906998,18.14,-0.01
385.86400000000003,11,-35.3565858,149.166847,100.01,-0.018522862714319643,18.150000000000002,-0.01
385.964,11,-35.3565695,149.166847,100.006,-0.008243962455742687,18.150000000000002,-0.01
386.064,11,-35.3565533,149.166847,100.003,0.007494892808022611,18.150000000000002,-0.01
386.164,11,-35.3565371,149.166847,100.003,0.027713961132316185,18.150000000000002,-0.02
386.264,11,-35.3565209,149.1668469,100.006,0.052596762162915804,18.150000000000002,-0.02
386.36400000000003,11,-35.356504699999995,149.1668469,100.009,0.09350568327376463,18.14,-0.02
386.464,11,-35.3564885,149.1668469,100.014,0.12354982447290616,18.13,-0.02
386.564,11,-35.3564724,149.1668469,100.018,0.11628008861741929,18.12,-0.01
386.664,11,-35.3564562,149.1668469,100.018,0.10244435317458164,18.11,-0.01
386.764,11,-35.3564401,149.1668468,100.017,0.11982070126863786,18.11,-0.01
386.86400000000003,11,-35.356423899999996,149.1668468,100.013,0.16070629368161354,18.1,0.0
386.964,11,-35.3564078,149.1668468,100.008,0.1794613261318074,18.1,0.0
387.065,11,-35.3563914,149.1668468,100.003,0.16607030003696108,18.1,0.0
387.165,11,-35.3563751,149.1668468,99.999,0.17030052167051293,18.1,0.01
387.265,11,-35.3563587,149.1668469,99.996,0.1320995004262564,18.11,0.01
387.36400000000003,11,-35.356342399999996,149.1668469,99.996,0.07822773070931631,18.11,0.02
387.464,11,-35.356325999999996,149.1668469,99.995,0.06230782040416613,18.12,0.02
387.564,11,-35.356309599999996,149.1668469,99.995,0.05038825317831457,18.13,0.02
387.664,11,-35.356293199999996,149.1668469,99.996,-0.003709993338506965,18.14,0.02
387.764,11,-35.356276799999996,149.1668469,99.997,-0.11682833136023181,18.150000000000002,0.02
387.86400000000003,11,-35.3562604,149.1668469,100.0,-0.18194556731856154,18.150000000000002,0.02
387.964,11,-35.3562441,149.166847,100.005,-0.1943463093652486,18.150000000000002,0.02
388.064,11,-35.3562279,149.166847,100.012,-0.18027219765233488,18.150000000000002,0.02
388.164,11,-35.356211699999996,149.166847,100.018,-0.1468317515585111,18.14,0.02
388.264,11,-35.3561955,149.166847,100.024,-0.11948422107052219,18.13,0.02
388.36400000000003,11,-35.356179399999995,149.166847,100.029,-0.08939707769405734,18.13,0.02
388.464,11,-35.3561632,149.16684709999998,100.032,-0.08663561353632267,18.12,0.02
388.564,11,-35.3561471,149.16684709999998,100.03,-0.083565716978773,18.12,0.02
388.664,11,-35.3561309,149.16684709999998,100.025,-0.10408286486365745,18.12,0.01
388.764,11,-35.3561148,149.16684709999998,100.019,-0.15417818029981517,18.11,0.01
388.86400000000003,11,-35.356098599999996,149.16684709999998,100.013,-0.1914487350120029,18.11,0.01
388.964,11,-35.3560825,149.16684709999998,100.006,-0.22720706983369396,18.1,0.0
389.064,11,-35.3560663,149.16684709999998,100.001,-0.2534541261123043,18.1,0.0
389.165,11,-35.356049999999996,149.16684709999998,99.996,-0.30938353033735033,18.1,0.0
389.265,11,-35.3560338,149.16684709999998,99.989,-0.3138375607281391,18.1,-0.01
389.365,11,-35.3560175,149.16684709999998,99.982,-0.2906650767518131,18.1,-0.01
389.464,11,-35.3560011,149.16684709999998,99.97800000000001,-0.23503267903395675,18.11,-0.02
389.564,11,-35.3559847,149.16684709999998,99.977,-0.1476705841659533,18.12,-0.02
389.664,11,-35.3559683,149.16684709999998,99.977,-0.06879324510365191,18.12,-0.02
389.764,11,-35.3559519,149.166847,99.976,0.0001611761956053942,18.12,-0.02
389.86400000000003,11,-35.3559355,149.166847,99.97500000000001,0.07827150661900655,18.13,-0.02
389.964,11,-35.3559191,149.166847,99.976,0.1271186383348775,18.13,-0.02
390.064,11,-35.3559027,149.166847,99.977,0.1500670600899154,18.14,-0.01
390.164,11,-35.3558865,149.1668469,99.97800000000001,0.17637195953305923,18.13,-0.01
390.264,11,-35.3558702,149.1668469,99.98100000000001,0.18257062300911026,18.13,-0.01
390.36400000000003,11,-35.3558541,149.1668469,99.98400000000001,0.2048383737246741,18.12,-0.01
390.464,11,-35.3558379,149.1668469,99.98700000000001,0.21666566002555776,18.11,0.0
390.564,11,-35.3558218,149.1668469,99.989,0.21766943102928518,18.1,0.0
390.664,11,-35.3558056,149.1668469,99.994,0.18700246862530973,18.09,0.0
390.764,11,-35.3557895,149.166847,99.997,0.1297766758194967,18.080000000000002,0.0
390.86400000000003,11,-35.3557734,149.166847,99.998,0.08743010994511928,18.080000000000002,0.0
390.964,11,-35.3557573,149.166847,99.998,0.10569316200176729,18.07,0.0
391.064,11,-35.3557412,149.166847,99.998,0.11899515551356547,18.07,0.0
391.165,11,-35.3557251,149.166847,99.997,0.07584582896829999,18.06,0.01
391.265,11,-35.3557087,149.166847,99.995,0.01624709404217631,18.06,0.01
391.365,11,-35.355692499999996,149.166847,99.992,-0.05148006291920508,18.07,0.01
391.46500000000003,11,-35.3556761,149.166847,99.98700000000001,-0.14813258243028118,18.080000000000002,0.01
391.564,11,-35.3556598,149.166847,99.983,-0.20125690000035446,18.09,0.01
391.664,11,-35.3556434,149.166847,99.98100000000001,-0.1873669899516195,18.1,0.0
391.764,11,-35.355627,149.166847,99.98,-0.17005560869595773,18.11,0.0
391.86400000000003,11,-35.3556106,149.166847,99.979,-0.1673688097116304,18.12,0.0
391.964,11,-35.3555942,149.166847,99.98100000000001,-0.17249732128295794,18.13,0.0
392.064,11,-35.3555779,149.166847,99.983,-0.15736589095044096,18.14,0.0
392.164,11,-35.3555616,149.166847,99.986,-0.15883865049022494,18.14,0.0
392.264,11,-35.3555454,149.166847,99.988,-0.18297216342711298,18.14,0.0
392.36400000000003,11,-35.3555292,149.166847,99.988,-0.19169647611176133,18.14,0.0
392.464,11,-35.355512999999995,149.166847,99.989,-0.14751970635440478,18.13,0.0
392.564,11,-35.3554969,149.166847,99.99000000000001,-0.11138763211906709,18.13,0.0
392.664,11,-35.3554807,149.166847,99.991,-0.07832522765765428,18.12,-0.01
392.764,11,-35.3554646,149.166847,99.989,0.0033082767880015566,18.12,-0.01
392.86400000000003,11,-35.3554484,149.166847,99.985,0.07643714725960854,18.12,-0.01
392.964,11,-35.3554323,149.166847,99.982,0.09671213025386166,18.12,-0.01
393.064,11,-35.3554161,149.166847,99.98,0.09974385379127462,18.12,0.0
393.164,11,-35.3553999,149.166847,99.979,0.12577096997448256,18.11,0.0
393.265,11,-35.3553838,149.166847,99.97800000000001,0.10502484399973741,18.11,0.0
393.365,11,-35.3553674,149.166847,99.977,0.10847955901801515,18.11,0.0
393.46500000000003,11,-35.3553512,149.166847,99.977,0.11246305340801353,18.11,0.01
393.565,11,-35.355334899999995,149.166847,99.976,0.0828492674874357,18.11,0.01
393.664,11,-35.355318499999996,149.166847,99.97500000000001,0.009581012840175677,18.11,0.01
393.764,11,-35.355302099999996,149.166847,99.976,-0.045152889834126665,18.12,0.01
393.86400000000003,11,-35.355285699999996,149.166847,99.97800000000001,-0.09822841890939127,18.13,0.0
393.964,11,-35.355269299999996,149.16684709999998,99.979,-0.14441759985202895,18.14,0.0
394.064,11,-35.355252899999996,149.16684709999998,99.979,-0.19103497495868824,18.150000000000002,0.0
394.164,11,-35.3552366,149.16684709999998,99.98100000000001,-0.17861179467336064,18.150000000000002,0.0
394.264,11,-35.3552203,149.16684709999998,99.98400000000001,-0.17412817568964395,18.150000000000002,0.0
394.36400000000003,11,-35.3552041,149.16684709999998,99.98700000000001,-0.1441089740191222,18.150000000000002,0.0
394.464,11,-35.3551879,149.16684709999998,99.99000000000001,-0.12397092164349331,18.14,0.0
394.564,11,-35.3551717,149.1668472,99.993,-0.12895086326015986,18.13,0.01
394.664,11,-35.355155499999995,149.1668472,99.995,-0.12020532629627421,18.12,0.01
394.764,11,-35.3551393,149.1668472,99.995,-0.1111798983187635,18.12,0.01
394.86400000000003,11,-35.3551232,149.1668472,99.994,-0.08716994910685055,18.11,0.01
394.964,11,-35.355107,149.1668472,99.994,-0.09847433907004478,18.11,0.0
395.064,11,-35.3550908,149.1668473,99.994,-0.10791056557353475,18.11,0.0
395.164,11,-35.3550746,149.1668473,99.992,-0.09341276201856205,18.11,0.0
395.264,11,-35.3550584,149.1668473,99.989,-0.10242166814199646,18.1,0.0
395.365,11,-35.3550422,149.1668473,99.985,-0.10181629593605782,18.1,0.0
395.46500000000003,11,-35.3550258,149.1668473,99.98100000000001,-0.10305477465122509,18.1,0.0
395.565,11,-35.3550095,149.1668473,99.979,-0.11016866346573799,18.1,-0.01
395.665,11,-35.3549931,149.1668473,99.979,-0.12344430338631475,18.11,-0.01
395.764,11,-35.3549767,149.1668473,99.983,-0.12824428552660733,18.11,-0.01
395.86400000000003,11,-35.3549603,149.1668473,99.989,-0.09809340928147113,18.12,-0.02
395.964,11,-35.354943899999995,149.1668473,99.994,-0.10809479391813998,18.12,-0.02
396.064,11,-35.354927499999995,149.1668473,99.996,-0.11232166048806633,18.13,-0.02
396.164,11,-35.354911099999995,149.1668473,99.998,-0.10120604121207966,18.13,-0.02
396.264,11,-35.354894699999996,149.1668473,100.0,-0.07331837216081098,18.14,-0.02
396.36400000000003,11,-35.3548784,149.1668472,100.003,-0.039916612685332996,18.14,-0.02
396.464,11,-35.3548622,149.1668472,100.004,-0.004292411206306022,18.14,-0.03
396.564,11,-35.354845999999995,149.1668472,100.004,0.010181966100484323,18.14,-0.03
396.664,11,-35.3548298,149.1668472,100.006,0.016126036609760436,18.14,-0.03
396.764,11,-35.3548136,149.16684709999998,100.012,0.056194567643273324,18.13,-0.03
396.86400000000003,11,-35.354797399999995,149.16684709999998,100.019,0.0930525495811232,18.12,-0.03
396.964,11,-35.3547813,149.166847,100.027,0.1463241564453881,18.11,-0.03
397.064,11,-35.3547651,149.166847,100.031,0.166317774332455,18.11,-0.03
397.164,11,-35.354749,149.166847,100.031,0.21500475011848108,18.1,-0.02
397.264,11,-35.3547328,149.166847,100.028,0.2452981065109421,18.09,-0.02
397.36400000000003,11,-35.3547167,149.1668469,100.019,0.26001097431338427,18.09,-0.01
397.46500000000003,11,-35.3547005,149.1668469,100.008,0.274484785494876,18.09,-0.01
397.565,11,-35.354684,149.1668469,99.999,0.224679046067143,18.09,-0.01
397.665,11,-35.3546677,149.1668469,99.993,0.15130627251680992,18.1,-0.01
397.764,11,-35.3546513,149.1668469,99.991,0.09175649450568685,18.11,-0.01
397.86400000000003,11,-35.3546349,149.1668468,99.995,0.06956368243790141,18.12,-0.02
397.964,11,-35.3546185,149.1668468,100.001,0.10676726260960469,18.12,-0.02
398.064,11,-35.3546021,149.1668468,100.008,0.14810399435334498,18.13,-0.03
398.164,11,-35.3545857,149.16684669999998,100.014,0.1308780705035877,18.13,-0.03
398.264,11,-35.354569399999995,149.16684669999998,100.018,0.10849945594603679,18.13,-0.03
398.36400000000003,11,-35.3545532,149.16684669999998,100.021,0.13576456392662936,18.12,-0.03
398.464,11,-35.354537,149.16684659999999,100.019,0.22951543364932026,18.12,-0.02
398.564,11,-35.354520799999996,149.16684659999999,100.014,0.30371468676965135,18.11,-0.02
398.664,11,-35.3545047,149.16684659999999,100.01,0.33875438430503657,18.11,-0.02
398.764,11,-35.354488499999995,149.16684659999999,100.007,0.3976962754800285,18.1,-0.01
398.86400000000003,11,-35.3544724,149.1668465,100.003,0.44414900567509347,18.1,-0.01
398.964,11,-35.354456299999995,149.1668465,99.998,0.4306089293779101,18.09,0.0
399.064,11,-35.3544402,149.1668465,99.994,0.3904723365765351,18.09,0.0
399.164,11,-35.354424,149.1668465,99.995,0.32232903333119883,18.080000000000002,0.0
399.264,11,-35.3544079,149.1668465,99.999,0.2769479224643118,18.080000000000002,0.0
399.36400000000003,11,-35.3543918,149.16684659999999,100.002,0.2533806215374473,18.080000000000002,0.0
399.464,11,-35.3543756,149.16684659999999,100.005,0.20794952489161492,18.07,0.01
399.565,11,-35.3543594,149.16684659999999,100.006,0.17336223400725048,18.07,0.0
399.665,11,-35.3543431,149.16684659999999,100.005,0.13071964213135515,18.07,0.0
399.765,11,-35.354326799999996,149.16684659999999,100.004,0.09217422327243527,18.080000000000002,0.0
399.86400000000003,11,-35.3543105,149.16684659999999,100.004,0.03186028449738395,18.09,0.0
399.964,11,-35.3542941,149.16684659999999,100.006,-0.03191475258797216,18.09,0.0
400.064,11,-35.3542778,149.16684659999999,100.007,-0.05715373564409071,18.1,0.0
400.164,11,-35.3542614,149.16684659999999,100.005,-0.06019198921587618,18.11,0.0
400.264,11,-35.354245,149.16684659999999,100.002,-0.04208621493807027,18.11,0.0
400.36400000000003,11,-35.3542286,149.16684659999999,99.998,-0.007325624678783295,18.12,0.0
400.464,11,-35.3542122,149.16684659999999,99.994,0.018156063546602107,18.11,0.0
400.564,11,-35.354196,149.16684659999999,99.993,0.02316376114440509,18.11,0.0
400.664,11,-35.3541798,149.16684659999999,99.994,0.04371125301179118,18.1,0.0
400.764,11,-35.3541637,149.16684659999999,99.997,0.040469624554372634,18.1,0.0
400.86400000000003,11,-35.354147499999996,149.16684659999999,100.001,0.07322676491661083,18.09,0.0
400.964,11,-35.3541314,149.16684659999999,100.004,0.09080661129327244,18.080000000000002,0.0
401.064,11,-35.3541153,149.16684659999999,100.006,0.13309745509701873,18.07,0.01
401.164,11,-35.3540992,149.16684659999999,100.009,0.13695521797739332,18.06,0.01
401.264,11,-35.3540831,149.16684659999999,100.011,0.13408511112317315,18.06,0.01
401.36400000000003,11,-35.354067,149.16684659999999,100.01,0.11748699104788847,18.06,0.01
401.464,11,-35.3540509,149.16684659999999,100.007,0.11639368053301041,18.06,0.02
401.564,11,-35.3540348,149.16684659999999,100.003,0.0685249133847843,18.06,0.02
401.665,11,-35.3540184,149.16684659999999,99.998,0.03285517425415837,18.07,0.02
401.765,11,-35.3540022,149.16684659999999,99.994,0.01753958227810226,18.07,0.02
401.865,11,-35.3539858,149.16684669999998,99.992,-0.011376433784703318,18.080000000000002,0.02
401.964,11,-35.3539695,149.16684669999998,99.995,-0.024936722172445695,18.080000000000002,0.02
402.064,11,-35.3539531,149.16684669999998,99.999,-0.0013143927618171772,18.09,0.03
402.164,11,-35.3539368,149.1668468,100.0,-0.009125793905454885,18.09,0.04
402.264,11,-35.3539204,149.1668468,100.001,-0.023523911883357774,18.1,0.04
402.36400000000003,11,-35.353904,149.1668469,100.0,-0.06672917394266596,18.11,0.04
402.464,11,-35.3538877,149.1668469,100.001,-0.09460276239887809,18.12,0.04
402.564,11,-35.353871399999996,149.166847,100.004,-0.1493262647094467,18.12,0.04
402.664,11,-35.3538552,149.166847,100.008,-0.1813710310154871,18.12,0.04
402.764,11,-35.3538391,149.16684709999998,100.01,-0.23524876380773774,18.11,0.03
402.86400000000003,11,-35.3538229,149.16684709999998,100.012,-0.2699855851421152,18.11,0.03
402.964,11,-35.3538068,149.1668472,100.015,-0.2756749459577507,18.11,0.02
403.064,11,-35.353790599999996,149.1668472,100.019,-0.24708660221728054,18.1,0.02
403.164,11,-35.3537745,149.1668472,100.022,-0.237805442352291,18.09,0.03
403.264,11,-35.3537584,149.1668473,100.023,-0.2635555756883564,18.09,0.02
403.36400000000003,11,-35.3537423,149.1668473,100.024,-0.305446406528514,18.09,0.02
403.464,11,-35.353726099999996,149.1668473,100.022,-0.3237751391249639,18.09,0.01
403.564,11,-35.35371,149.1668474,100.021,-0.31613223748499897,18.080000000000002,0.01
403.665,11,-35.353693799999995,149.1668474,100.022,-0.32663664154165545,18.080000000000002,0.0
403.765,11,-35.3536776,149.1668474,100.024,-0.321753456491493,18.080000000000002,0.0
403.865,11,-35.3536613,149.1668474,100.027,-0.3124784864854388,18.080000000000002,0.0
403.96500000000003,11,-35.353645,149.1668474,100.029,-0.29858710901324936,18.09,0.0
404.064,11,-35.3536287,149.1668474,100.029,-0.2767830641093059,18.09,0.0
404.164,11,-35.3536123,149.1668474,100.03,-0.2764416880529375,18.1,0.0
404.264,11,-35.353595899999995,149.1668474,100.027,-0.25214739886628973,18.11,0.0
404.36400000000003,11,-35.353579499999995,149.1668474,100.024,-0.2322516981442773,18.12,0.0
404.464,11,-35.353563199999996,149.1668474,100.022,-0.2340963027874303,18.13,0.0
404.564,11,-35.3535469,149.1668474,100.02,-0.22400731297052812,18.13,-0.01
404.664,11,-35.3535306,149.1668474,100.019,-0.1901796538477028,18.13,-0.01
404.764,11,-35.3535144,149.1668474,100.021,-0.1844914002697648,18.13,-0.01
404.86400000000003,11,-35.3534982,149.1668474,100.022,-0.1924723695932189,18.12,-0.02
404.964,11,-35.3534821,149.1668474,100.023,-0.1835342799916771,18.12,-0.02
405.064,12,-35.353465899999996,149.1668474,100.023,-0.13609981682512856,18.12,-0.02
405.164,12,-35.3534497,149.1668474,100.023,0.018433339878435536,18.11,-0.03
405.264,12,-35.353433599999995,149.1668474,100.023,0.9363148815456113,18.12,-0.04
405.36400000000003,12,-35.3534174,149.1668473,100.021,3.7948808505025875,18.12,-0.04
405.464,12,-35.3534012,149.1668473,100.018,9.220896252168846,18.07,0.05
405.564,12,-35.3533851,149.1668474,100.012,16.775530290272645,17.94,0.29
405.664,12,-35.353369199999996,149.166848,100.003,25.306187261713866,17.71,0.6900000000000001
405.765,12,-35.3533535,149.1668491,99.986,33.35832288745129,17.42,1.22
405.865,12,-35.3533379,149.1668508,99.958,39.77715708451085,17.080000000000002,1.84
405.96500000000003,12,-35.3533227,149.16685329999999,99.918,43.89252705945653,16.71,2.5300000000000002
406.065,12,-35.353307799999996,149.1668566,99.874,45.816628914689566,16.29,3.3200000000000003
406.164,13,-35.3532933,149.1668609,99.84,46.12109484222664,15.790000000000001,4.17
406.264,13,-35.3532793,149.1668661,99.833,45.54357161205079,15.22,5.0200000000000005
406.36400000000003,13,-35.3532659,149.1668722,99.861,44.67331671933196,14.58,5.82
406.464,13,-35.353253099999996,149.16687919999998,99.923,43.99307768932288,13.92,6.53
406.564,13,-35.353240899999996,149.16688689999998,100.014,43.70484029125375,13.23,7.16
406.664,13,-35.353229299999995,149.1668952,100.124,43.70625755550653,12.55,7.7
406.764,13,-35.3532185,149.1669039,100.247,43.930578043322676,11.89,8.15
406.86400000000003,13,-35.3532082,149.1669131,100.37,44.240545688236196,11.290000000000001,8.53
406.964,13,-35.3531985,149.1669226,100.48700000000001,44.507845141404644,10.73,8.84
407.064,13,-35.3531893,149.1669325,100.59,44.68834996569516,10.23,9.11
407.164,13,-35.3531805,149.1669425,100.672,44.74842147944542,9.74,9.35
407.264,13,-35.3531721,149.1669528,100.733,44.692577852791395,9.25,9.57
407.36400000000003,13,-35.353164299999996,149.1669634,100.778,44.61599777181721,8.73,9.790000000000001
407.464,13,-35.3531568,149.1669742,100.807,44.58539510924097,8.18,10.0
407.564,13,-35.3531499,149.1669852,100.825,44.52540555776075,7.59,10.200000000000001
407.664,13,-35.3531435,149.1669964,100.834,44.51524223627577,6.97,10.4
407.764,13,-35.3531377,149.1670078,100.84,44.506373235638506,6.29,10.59
407.865,13,-35.3531325,149.16701949999998,100.846,44.49422915929422,5.58,10.78
407.96500000000003,13,-35.353127799999996,149.1670316,100.85300000000001,44.516468255231786,4.83,10.94
408.065,13,-35.3531239,149.1670437,100.861,44.56739073058882,4.09,11.08
408.165,13,-35.3531206,149.167056,100.871,44.61672518696382,3.33,11.19
408.264,13,-35.353117999999995,149.1670685,100.884,44.64639894381294,2.58,11.27
408.36400000000003,13,-35.3531161,149.167081,100.898,44.66443064322177,1.84,11.33
408.464,13,-35.3531149,149.1670935,100.914,44.685897927783124,1.11,11.36
408.564,13,-35.3531142,149.16710609999998,100.93,44.67942973863912,0.38,11.36
408.664,13,-35.3531143,149.16711859999998,100.94500000000001,44.68684732407775,-0.32,11.34
408.764,13,-35.3531149,149.1671309,100.959,44.6981103060191,-1.02,11.290000000000001
408.86400000000003,13,-35.353116199999995,149.1671432,100.971,44.69871477776065,-1.71,11.22
408.964,13,-35.353117999999995,149.16715539999998,100.97800000000001,44.68352102195196,-2.39,11.13
409.064,13,-35.353120499999996,149.16716739999998,100.98100000000001,44.70090726848422,-3.06,11.01
409.164,13,-35.353123599999996,149.1671793,100.979,44.7300448554835,-3.75,10.88
409.264,13,-35.3531273,149.1671911,100.973,44.71600881673913,-4.44,10.72
409.36400000000003,13,-35.3531316,149.1672026,100.968,44.700729683565804,-5.14,10.53
409.464,13,-35.3531365,149.1672139,100.96000000000001,44.682756040764914,-5.84,10.32
409.564,13,-35.353142,149.167225,100.95100000000001,44.689842362028806,-6.5200000000000005,10.09
409.664,13,-35.3531482,149.16723589999998,100.941,44.7464885359103,-7.21,9.83
409.764,13,-35.353155,149.16724639999998,100.931,44.789129406898695,-7.9,9.55
409.86400000000003,13,-35.353162399999995,149.1672567,100.923,44.827904390816855,-8.56,9.24
409.96500000000003,13,-35.353170399999996,149.1672667,100.914,44.836312353685145,-9.22,8.93
410.065,13,-35.353179,149.1672763,100.905,44.82504254155462,-9.86,8.59
410.165,13,-35.3531882,149.16728559999999,100.894,44.819691088339916,-10.49,8.23
410.264,13,-35.353198,149.1672944,100.882,44.81015955935317,-11.11,7.8500000000000005
410.36400000000003,13,-35.3532084,149.16730289999998,100.868,44.82613195672724,-11.71,7.46
410.464,13,-35.3532193,149.1673109,100.854,44.829632428676874,-12.31,7.04
410.564,13,-35.3532307,149.1673185,100.839,44.810917710351035,-12.89,6.61
410.664,13,-35.3532426,149.1673256,100.821,44.8107435405272,-13.450000000000001,6.16
410.764,13,-35.3532551,149.16733209999998,100.803,44.79404031291193,-14.0,5.68
410.86400000000003,13,-35.353268,149.1673381,100.786,44.78800925587481,-14.540000000000001,5.18
410.964,13,-35.3532812,149.1673435,100.771,44.78993536922076,-15.05,4.66
411.064,13,-35.353294999999996,149.1673483,100.755,44.80075097377147,-15.56,4.12
411.164,13,-35.3533091,149.1673525,100.742,44.75243080048821,-16.04,3.5500000000000003
411.264,13,-35.353323599999996,149.16735599999998,100.732,44.63161158425986,-16.5,2.97
411.36400000000003,13,-35.3533385,149.16735889999998,100.72500000000001,44.29308691842652,-16.93,2.37
411.464,13,-35.3533538,149.1673612,100.72,43.66693957154936,-17.330000000000002,1.78
411.564,13,-35.3533694,149.16736269999998,100.71600000000001,42.6215108171872,-17.69,1.19
411.664,13,-35.3533853,149.16736369999998,100.71300000000001,41.11727776570778,-18.0,0.62
411.764,13,-35.3534015,149.167364,100.709,39.19710326924751,-18.26,0.07
411.86400000000003,13,-35.3534179,149.1673638,100.708,36.92536869092294,-18.47,-0.42
411.964,13,-35.3534344,149.16736319999998,100.706,34.346688826392565,-18.62,-0.88
412.065,13,-35.353451299999996,149.167362,100.7,31.449220127635606,-18.72,-1.28
412.165,13,-35.3534682,149.1673604,100.687,28.35193765980451,-18.78,-1.6
412.265,13,-35.3534852,149.16735839999998,100.664,25.100982765837294,-18.8,-1.87
412.36400000000003,13,-35.3535022,149.1673563,100.628,21.70100509701145,-18.8,-2.09
412.464,13,-35.3535192,149.1673539,100.58,18.289921540595163,-18.79,-2.2600000000000002
412.564,13,-35.3535362,149.1673513,100.516,14.98844715243195,-18.76,-2.4
412.664,13,-35.3535531,149.1673486,100.44,11.881033806514433,-18.73,-2.5
412.764,13,-35.35357,149.1673459,100.352,9.008149519901288,-18.69,-2.58
412.86400000000003,13,-35.353586899999996,149.167343,100.256,6.387799951905141,-18.66,-2.63
412.964,13,-35.3536035,149.16734019999998,100.159,4.0750620404456805,-18.63,-2.66
413.064,13,-35.3536202,149.16733729999999,100.065,2.0160050387233106,-18.6,-2.67
413.164,13,-35.353636699999996,149.16733449999998,99.979,0.21836254848769604,-18.57,-2.65
413.264,13,-35.3536533,149.1673317,99.904,-1.3374546662648104,-18.54,-2.61
413.36400000000003,13,-35.3536698,149.167329,99.842,-2.731668204532427,-18.5,-2.56
413.464,13,-35.3536862,149.16732629999998,99.79,-3.887101637789277,-18.47,-2.49
413.564,13,-35.3537027,149.1673237,99.748,-4.872224090648447,-18.42,-2.41
413.664,13,-35.3537191,149.1673212,99.712,-5.695591015375613,-18.39,-2.32
413.764,13,-35.3537354,149.1673188,99.682,-6.355216534469595,-18.35,-2.23
413.86400000000003,13,-35.3537518,149.1673165,99.652,-6.86003624291206,-18.31,-2.13
413.964,13,-35.353768099999996,149.1673143,99.622,-7.249555101088718,-18.27,-2.0300000000000002
414.065,13,-35.353784499999996,149.1673122,99.59,-7.4964894914731275,-18.25,-1.93
414.165,13,-35.353800899999996,149.1673103,99.555,-7.621272778741029,-18.22,-1.83
414.265,13,-35.353817299999996,149.1673084,99.518,-7.64597415787438,-18.2,-1.73
414.365,13,-35.353833699999996,149.1673066,99.48,-7.603706385969402,-18.19,-1.6300000000000001
414.464,13,-35.353850099999995,149.1673049,99.441,-7.536208749044044,-18.18,-1.53
414.564,13,-35.353866599999996,149.1673033,99.404,-7.439008326965593,-18.17,-1.43
414.664,13,-35.3538831,149.1673018,99.372,-7.323656677167833,-18.16,-1.32
414.764,13,-35.3538996,149.16730049999998,99.345,-7.182229072666256,-18.150000000000002,-1.21
414.86400000000003,13,-35.3539161,149.1672992,99.325,-6.976607935250314,-18.14,-1.12
414.964,13,-35.3539325,149.16729809999998,99.309,-6.692611230882123,-18.13,-1.02
415.064,13,-35.3539489,149.167297,99.3,-6.390465006341915,-18.11,-0.9400000000000001
415.164,13,-35.3539652,149.1672961,99.296,-6.063373223405528,-18.1,-0.86
415.264,13,-35.353981399999995,149.16729519999998,99.294,-5.751858540645002,-18.080000000000002,-0.78
415.36400000000003,13,-35.3539976,149.1672944,99.293,-5.402516562713652,-18.06,-0.72
415.464,13,-35.354013699999996,149.1672936,99.292,-4.995326297606879,-18.04,-0.65
415.564,13,-35.3540298,149.1672929,99.289,-4.565107195939762,-18.03,-0.6
415.664,13,-35.354046,149.16729229999999,99.284,-4.184779637951827,-18.02,-0.55
415.764,13,-35.3540621,149.1672917,99.277,-3.846768943853528,-18.01,-0.5
415.86400000000003,13,-35.3540782,149.1672912,99.271,-3.5718376080612364,-18.0,-0.45
415.964,13,-35.3540942,149.1672907,99.27,-3.307396375617026,-17.990000000000002,-0.41000000000000003
416.064,13,-35.354110299999995,149.1672903,99.271,-3.0439905571623074,-17.98,-0.36
416.165,13,-35.3541264,149.1672899,99.274,-2.8015130786547426,-17.97,-0.32
416.265,13,-35.3541427,149.16728949999998,99.28,-2.636239362769947,-17.97,-0.29
416.365,13,-35.354158999999996,149.1672892,99.286,-2.4900284914152464,-17.97,-0.26
416.46500000000003,13,-35.3541752,149.1672889,99.294,-2.3114963111343987,-17.97,-0.22
416.564,13,-35.3541916,149.1672886,99.304,-2.1049110498284276,-17.97,-0.2
416.664,13,-35.3542079,149.1672883,99.316,-1.9328331848698306,-17.98,-0.18
416.764,13,-35.3542242,149.16728809999998,99.328,-1.7209331826159433,-17.990000000000002,-0.16
416.86400000000003,13,-35.354240499999996,149.1672879,99.339,-1.5495086679401402,-17.990000000000002,-0.14
416.964,13,-35.3542568,149.1672877,99.35000000000001,-1.4193450058752668,-18.0,-0.13
417.064,13,-35.3542731,149.1672875,99.35900000000001,-1.2767872185094646,-18.01,-0.11
417.164,13,-35.3542893,149.1672874,99.37,-1.2350059908611446,-18.0,-0.1
417.264,13,-35.3543054,149.1672872,99.38,-1.1617415398421798,-18.0,-0.09
417.36400000000003,13,-35.3543215,149.16728709999998,99.39,-1.0322810670967002,-18.0,-0.08
417.464,13,-35.3543376,149.1672869,99.402,-0.9048966516937873,-17.990000000000002,-0.07
417.564,13,-35.3543537,149.1672868,99.413,-0.8297450941123419,-17.990000000000002,-0.06
417.664,13,-35.3543697,149.1672867,99.426,-0.7829815102687621,-17.98,-0.05
417.764,13,-35.354385799999996,149.16728659999998,99.438,-0.7675808744334113,-17.97,-0.04
417.86400000000003,13,-35.3544018,149.1672865,99.449,-0.7505333625952941,-17.97,-0.04
417.964,13,-35.3544179,149.1672864,99.46000000000001,-0.7296323434048205,-17.97,-0.03
418.064,13,-35.3544339,149.1672863,99.46900000000001,-0.7142119640539002,-17.97,-0.02
418.164,13,-35.35445,149.1672862,99.477,-0.6657913656455047,-17.97,-0.02
418.265,13,-35.354466099999996,149.16728609999998,99.483,-0.5980512570046107,-17.96,-0.01
418.365,13,-35.3544823,149.16728609999998,99.488,-0.5429679691434264,-17.96,0.0
418.46500000000003,13,-35.3544984,149.167286,99.49000000000001,-0.5221730846893523,-17.97,0.0
418.565,13,-35.354514699999996,149.167286,99.492,-0.49926932596818396,-17.98,0.0
418.664,13,-35.354531,149.167286,99.494,-0.48689078203629943,-17.98,0.01
418.764,13,-35.3545473,149.1672859,99.496,-0.4539754067349204,-17.990000000000002,0.02
418.86400000000003,13,-35.3545636,149.1672859,99.503,-0.3868550844003522,-18.0,0.02
418.964,13,-35.3545799,149.1672858,99.514,-0.27697676400529925,-18.01,0.02
419.064,13,-35.354596199999996,149.1672858,99.53,-0.21357732062322773,-18.02,0.01
419.164,13,-35.3546124,149.1672858,99.547,-0.17684656429888257,-18.02,0.01
419.264,13,-35.3546286,149.1672858,99.565,-0.1831793769591009,-18.02,0.01
419.36400000000003,13,-35.3546447,149.1672858,99.58200000000001,-0.20036401284893396,-18.01,0.01
419.464,13,-35.3546608,149.16728569999998,99.595,-0.27178992902176213,-18.01,0.01
419.564,13,-35.3546769,149.16728569999998,99.60600000000001,-0.3069501153629746,-18.0,0.01
419.664,13,-35.354693,149.16728569999998,99.614,-0.32310220540915896,-18.0,0.01
419.764,13,-35.3547091,149.16728559999999,99.619,-0.3383600476021741,-18.0,0.02
419.86400000000003,13,-35.3547252,149.16728559999999,99.622,-0.337599041798673,-18.0,0.02
419.964,13,-35.3547412,149.1672855,99.623,-0.32989240061993014,-18.0,0.02
420.064,13,-35.354757299999996,149.1672855,99.625,-0.3420978152646107,-18.0,0.03
420.164,13,-35.3547734,149.1672855,99.631,-0.3552884313362127,-18.0,0.03
420.264,13,-35.354789499999995,149.1672855,99.639,-0.3363901783568601,-18.0,0.03
420.365,13,-35.3548056,149.1672855,99.649,-0.31356942244236324,-17.990000000000002,0.03
420.46500000000003,13,-35.354822,149.1672855,99.664,-0.3048492452238139,-18.0,0.03
420.565,13,-35.354838199999996,149.1672855,99.679,-0.2841218355682202,-18.0,0.04
420.665,13,-35.3548545,149.1672855,99.694,-0.2941581849037457,-18.0,0.04
420.764,13,-35.3548708,149.1672855,99.706,-0.3057663315220204,-18.01,0.04
420.86400000000003,13,-35.3548871,149.1672855,99.715,-0.29339696565683304,-18.01,0.05
420.964,13,-35.3549035,149.1672855,99.72200000000001,-0.27854162437717267,-18.02,0.05
421.064,13,-35.3549198,149.1672855,99.729,-0.279229259007949,-18.03,0.05
421.164,13,-35.354936099999996,149.16728559999999,99.738,-0.25680521435426823,-18.03,0.06
421.264,13,-35.3549524,149.16728559999999,99.748,-0.21769252293837366,-18.03,0.06
421.36400000000003,13,-35.3549686,149.16728559999999,99.758,-0.1864898709322282,-18.03,0.06
421.464,13,-35.354984699999996,149.16728569999998,99.767,-0.13462979202905523,-18.03,0.06
421.564,13,-35.3550008,149.16728569999998,99.777,-0.07655636874517965,-18.02,0.06
421.664,13,-35.355016899999995,149.16728569999998,99.788,-0.047459476066341044,-18.02,0.05
421.764,13,-35.355033,149.16728569999998,99.796,-0.022386540311731852,-18.01,0.05
421.86400000000003,13,-35.355049099999995,149.1672858,99.8,-0.056261141977361116,-18.01,0.05
421.964,13,-35.3550651,149.1672858,99.802,-0.057948498857151774,-18.0,0.04
422.064,13,-35.3550812,149.1672858,99.802,-0.03451713136797305,-18.0,0.04
422.164,13,-35.355097199999996,149.1672859,99.803,-0.028705300724846717,-18.0,0.05
422.264,13,-35.3551133,149.1672859,99.805,-0.03367444677396281,-18.0,0.05
422.36400000000003,13,-35.3551293,149.1672859,99.807,-0.04764717620143747,-17.990000000000002,0.05
422.46500000000003,13,-35.3551456,149.167286,99.809,-0.05726803459098264,-18.0,0.05
422.565,13,-35.3551618,149.167286,99.812,-0.08537442310814379,-18.0,0.05
422.665,13,-35.355178099999996,149.16728609999998,99.816,-0.11806434213595289,-18.01,0.06
422.764,13,-35.355194399999995,149.16728609999998,99.821,-0.09913099772571804,-18.02,0.06
422.86400000000003,13,-35.3552107,149.1672862,99.82600000000001,-0.060253267485314566,-18.02,0.06
422.964,13,-35.355227,149.1672862,99.831,-0.03776671059247231,-18.03,0.06
423.064,13,-35.3552433,149.1672863,99.83500000000001,-0.009188482068678243,-18.03,0.07
423.164,13,-35.3552596,149.1672864,99.839,0.039931276914718025,-18.03,0.07
423.264,13,-35.355275899999995,149.1672864,99.84700000000001,0.0630337080963585,-18.03,0.07
423.36400000000003,13,-35.355292,149.1672865,99.858,0.13579624693303324,-18.03,0.07
423.464,13,-35.355308199999996,149.16728659999998,99.87,0.2080499900373949,-18.02,0.06
423.564,13,-35.3553242,149.16728659999998,99.882,0.2425073872656101,-18.01,0.06
423.664,13,-35.3553403,149.1672867,99.894,0.2701213084714428,-18.0,0.05
423.764,13,-35.3553563,149.1672867,99.906,0.277950839694393,-18.0,0.05
423.86400000000003,13,-35.3553724,149.1672867,99.916,0.23805778582561127,-17.990000000000002,0.04
423.964,13,-35.355388399999995,149.1672868,99.925,0.24514416045035237,-17.98,0.03
424.064,13,-35.3554044,149.1672868,99.93,0.21157456775231984,-17.98,0.03
424.164,13,-35.3554205,149.1672868,99.932,0.17834512381103923,-17.98,0.02
424.264,13,-35.355436499999996,149.1672868,99.931,0.11894156787704996,-17.98,0.02
424.36400000000003,13,-35.3554525,149.1672868,99.926,0.0819787918942293,-17.97,0.02
424.464,13,-35.3554686,149.1672868,99.92,0.09865681984671784,-17.98,0.02
424.565,13,-35.3554848,149.1672868,99.912,0.0874252941281459,-17.98,0.02
424.665,13,-35.355500899999996,149.1672868,99.906,0.06238356613484452,-17.990000000000002,0.02
424.765,13,-35.3555172,149.1672868,99.904,0.06756417123880663,-18.0,0.03
424.86400000000003,13,-35.3555334,149.1672869,99.907,0.0686047345506022,-18.01,0.03
424.964,13,-35.3555498,149.1672869,99.913,0.035845409728448796,-18.02,0.03
425.064,13,-35.3555661,149.1672869,99.919,0.023477819779146758,-18.03,0.03
425.164,13,-35.355582399999996,149.1672869,99.927,-0.0038553858211309877,-18.03,0.03
425.264,13,-35.3555987,149.167287,99.934,0.009732243333611276,-18.04,0.03
425.36400000000003,13,-35.3556151,149.167287,99.941,0.05274492524107351,-18.05,0.03
425.464,13,-35.3556314,149.167287,99.94500000000001,0.06558665805131604,-18.06,0.03
425.564,13,-35.3556476,149.167287,99.946,0.05885641375876762,-18.06,0.03
425.664,13,-35.3556637,149.16728709999998,99.946,0.062990245681679,-18.06,0.03
425.764,13,-35.3556799,149.16728709999998,99.94500000000001,0.06641421817858507,-18.05,0.04
425.86400000000003,13,-35.355696,149.16728709999998,99.944,0.054360865289376545,-18.05,0.04
425.964,13,-35.3557121,149.1672872,99.93900000000001,0.0943023341269967,-18.04,0.04
426.064,13,-35.3557282,149.1672872,99.935,0.13415622779986328,-18.04,0.04
426.164,13,-35.3557442,149.1672872,99.931,0.1528529368378476,-18.05,0.04
426.264,13,-35.3557603,149.1672872,99.926,0.19310306819396084,-18.04,0.03
426.36400000000003,13,-35.355776399999996,149.1672873,99.924,0.2176039706030015,-18.04,0.04
426.464,13,-35.3557925,149.1672873,99.923,0.22435429191645004,-18.04,0.03
426.565,13,-35.355808599999996,149.1672873,99.923,0.23185973599936846,-18.04,0.03
426.665,13,-35.355824999999996,149.1672873,99.924,0.22587787766861248,-18.04,0.03
426.765,13,-35.3558412,149.1672874,99.924,0.24490280931272762,-18.05,0.03
426.865,13,-35.3558575,149.1672874,99.923,0.24863238608424548,-18.06,0.03
426.964,13,-35.3558739,149.1672874,99.922,0.2685996437099844,-18.07,0.03
427.064,13,-35.3558902,149.1672874,99.922,0.2601921344089483,-18.07,0.02
427.164,13,-35.3559066,149.1672874,99.922,0.2257018668953524,-18.080000000000002,0.02
427.264,13,-35.355923,149.1672875,99.925,0.20895148162634405,-18.09,0.02
427.36400000000003,13,-35.355939299999996,149.1672875,99.933,0.19744190584357177,-18.1,0.01
427.464,13,-35.355955699999996,149.1672875,99.94200000000001,0.21103052717667245,-18.11,0.0
427.564,13,-35.3559719,149.1672874,99.952,0.2168389493953204,-18.11,0.0
427.664,13,-35.3559881,149.1672874,99.961,0.23961413514144858,-18.12,0.0
427.764,13,-35.356004299999995,149.1672874,99.96900000000001,0.20836533933776588,-18.11,-0.01
427.86400000000003,13,-35.3560204,149.1672874,99.97500000000001,0.14821901367175094,-18.11,-0.01
427.964,13,-35.356036599999996,149.1672874,99.97800000000001,0.08226120420815346,-18.1,-0.01
428.064,13,-35.3560527,149.1672874,99.979,-0.002466330699857691,-18.09,-0.01
428.164,13,-35.356068799999996,149.1672873,99.979,-0.05730273248557484,-18.09,-0.01
428.264,13,-35.356085,149.1672873,99.976,-0.11468127740289417,-18.09,-0.01
428.36400000000003,13,-35.3561011,149.1672873,99.973,-0.153979277720665,-18.09,-0.01
428.464,13,-35.3561172,149.1672872,99.968,-0.18490019776376063,-18.080000000000002,-0.01
428.564,13,-35.3561334,149.1672872,99.962,-0.23035202510094105,-18.080000000000002,-0.01
428.665,13,-35.3561495,149.1672872,99.95400000000001,-0.27059344529781987,-18.080000000000002,0.0
428.765,13,-35.3561658,149.16728709999998,99.947,-0.2928889970177398,-18.07,0.0
428.865,13,-35.356182,149.16728709999998,99.941,-0.25332715396285077,-18.07,0.0
428.96500000000003,13,-35.356198299999996,149.16728709999998,99.938,-0.22999213282861955,-18.080000000000002,0.0
429.064,13,-35.356214699999995,149.16728709999998,99.93900000000001,-0.21397851419568664,-18.09,0.0
429.164,13,-35.356231,149.167287,99.94200000000001,-0.1833166610933755,-18.1,0.0
429.264,13,-35.3562474,149.167287,99.947,-0.1679541515874152,-18.11,0.0
429.36400000000003,13,-35.3562638,149.167287,99.95100000000001,-0.19636238910916595,-18.11,0.0
429.464,13,-35.3562802,149.167287,99.955,-0.2210213863851086,-18.12,0.0
429.564,13,-35.3562965,149.167287,99.955,-0.23553285698852794,-18.11,0.01
429.664,13,-35.3563127,149.167287,99.95400000000001,-0.21540870511507706,-18.11,0.01
429.764,13,-35.3563289,149.167287,99.953,-0.21921328056533285,-18.11,0.01
429.86400000000003,13,-35.3563451,149.167287,99.952,-0.25190132529318415,-18.11,0.02
429.964,13,-35.356361299999996,149.167287,99.95100000000001,-0.22176383595201693,-18.1,0.02
430.064,13,-35.3563774,149.167287,99.95100000000001,-0.18735655790487935,-18.1,0.02
430.164,13,-35.3563936,149.167287,99.952,-0.0881908489443559,-18.1,0.03
430.264,13,-35.3564098,149.167287,99.949,-0.007230549812908573,-18.1,0.03
430.36400000000003,13,-35.3564259,149.167287,99.94500000000001,0.041523731517642534,-18.09,0.02
430.464,13,-35.356442099999995,149.167287,99.944,0.018028199270389362,-18.09,0.03
430.564,13,-35.3564582,149.167287,99.94500000000001,0.026388402507811208,-18.09,0.03
430.664,13,-35.356474399999996,149.167287,99.947,0.04179030899847137,-18.080000000000002,0.03
430.765,13,-35.3564906,149.167287,99.949,0.0508706186131802,-18.080000000000002,0.03
430.865,13,-35.356507,149.167287,99.95100000000001,0.05431051598962084,-18.080000000000002,0.03
430.96500000000003,13,-35.3565233,149.167287,99.952,0.027476622063818158,-18.080000000000002,0.04
431.065,13,-35.3565397,149.16728709999998,99.952,-0.0046845117559270255,-18.09,0.04
431.164,13,-35.3565561,149.16728709999998,99.95,0.030389449283357323,-18.1,0.04
431.264,13,-35.3565725,149.16728709999998,99.949,0.0685592644338327,-18.11,0.04
431.36400000000003,13,-35.3565889,149.16728709999998,99.947,0.11988848289202231,-18.13,0.03
431.464,13,-35.3566053,149.16728709999998,99.947,0.13967606118586492,-18.13,0.03
431.564,13,-35.3566218,149.16728709999998,99.94800000000001,0.13405565593237748,-18.14,0.03
431.664,13,-35.3566381,149.16728709999998,99.953,0.12238991961362047,-18.150000000000002,0.03
431.764,13,-35.3566544,149.16728709999998,99.964,0.1158306835143736,-18.14,0.03
431.86400000000003,13,-35.356670699999995,149.16728709999998,99.979,0.11362764068214037,-18.13,0.03
431.964,13,-35.3566868,149.16728709999998,99.992,0.1139829172406868,-18.12,0.03
432.064,13,-35.356702999999996,149.1672872,100.002,0.09988740115565728,-18.11,0.03
432.164,13,-35.3567192,149.1672872,100.011,0.09618825341050036,-18.1,0.03
432.264,13,-35.3567353,149.1672872,100.017,0.09470643586593816,-18.09,0.02
432.36400000000003,13,-35.3567514,149.1672872,100.019,0.11039674776131278,-18.09,0.02
432.464,13,-35.3567676,149.1672872,100.017,0.13167700253328085,-18.09,0.01
432.564,13,-35.3567837,149.16728709999998,100.008,0.12115963178937193,-18.080000000000002,0.01
432.664,13,-35.3567999,149.16728709999998,99.999,0.12045821671833658,-18.080000000000002,0.01
432.764,13,-35.356815999999995,149.16728709999998,99.992,0.10896289495339273,-18.07,0.01
432.865,13,-35.3568322,149.16728709999998,99.988,0.10793106948125801,-18.07,0.01
432.96500000000003,13,-35.3568486,149.16728709999998,99.986,0.09919932629784461,-18.080000000000002,0.01
433.065,13,-35.356865,149.16728709999998,99.98700000000001,0.07711030775903827,-18.09,0.0
433.164,13,-35.3568813,149.16728709999998,99.991,0.031775997695189746,-18.09,0.0
433.264,13,-35.3568977,149.16728709999998,99.996,-0.013146540840877595,-18.1,0.0
433.36400000000003,13,-35.3569141,149.16728709999998,100.002,-0.01510942231575288,-18.11,0.0
433.464,13,-35.3569305,149.16728709999998,100.007,-0.0015235690768958864,-18.11,0.0
433.564,13,-35.3569469,149.16728709999998,100.012,-0.035373369618617534,-18.12,0.0
433.664,13,-35.356963199999996,149.167287,100.018,-0.05473941718494327,-18.13,0.0
433.764,13,-35.3569795,149.167287,100.022,-0.11326422659352808,-18.12,0.0
433.86400000000003,13,-35.3569957,149.167287,100.022,-0.17875090641684674,-18.12,0.0
433.964,13,-35.357011899999996,149.1672869,100.021,-0.19433979934119594,-18.11,0.0
434.064,13,-35.357028,149.1672869,100.018,-0.23680505976272215,-18.11,0.0
434.164,13,-35.3570442,149.1672869,100.016,-0.2548961498008232,-18.1,0.0
434.264,13,-35.3570603,149.1672869,100.012,-0.22967036688568848,-18.09,0.0
434.36400000000003,13,-35.3570764,149.1672869,100.008,-0.20707546078105163,-18.09,0.0
434.464,13,-35.3570926,149.1672868,100.002,-0.1934953638442002,-18.09,0.0
434.564,13,-35.3571087,149.1672868,99.996,-0.20447073078847022,-18.080000000000002,0.0
434.664,13,-35.3571248,149.1672868,99.993,-0.20256474782427966,-18.080000000000002,0.0
434.764,13,-35.357141,149.1672868,99.994,-0.1906147048813209,-18.07,0.01
434.86400000000003,13,-35.357157099999995,149.1672868,99.999,-0.21143336159535775,-18.06,0.01
434.96500000000003,13,-35.3571734,149.1672867,100.005,-0.24102251481221992,-18.05,0.02
435.065,13,-35.3571896,149.1672867,100.013,-0.28719139195033266,-18.04,0.02
435.165,13,-35.3572059,149.1672867,100.019,-0.2595116234520329,-18.04,0.02
435.264,13,-35.357222199999995,149.1672867,100.022,-0.21255456649608445,-18.05,0.02
435.36400000000003,13,-35.3572385,149.1672867,100.021,-0.17643115005912827,-18.06,0.02
435.464,13,-35.3572549,149.1672867,100.016,-0.14421899075756967,-18.07,0.02
435.564,13,-35.3572713,149.1672867,100.009,-0.14700729542430838,-18.080000000000002,0.02
435.664,13,-35.3572876,149.1672867,100.003,-0.14935042383559297,-18.080000000000002,0.02
435.764,13,-35.357304,149.1672867,99.998,-0.15227123684027258,-18.09,0.02
435.86400000000003,13,-35.3573204,149.1672867,99.994,-0.168109538391033,-18.09,0.02
435.964,13,-35.3573366,149.1672867,99.994,-0.15675618984531153,-18.09,0.02
436.064,13,-35.3573528,149.1672867,99.997,-0.13686705250820463,-18.080000000000002,0.02
436.164,13,-35.3573689,149.1672867,100.001,-0.13390712599835614,-18.080000000000002,0.02
436.264,13,-35.3573851,149.1672867,100.005,-0.16168651920900293,-18.07,0.02
436.36400000000003,13,-35.3574012,149.1672867,100.01,-0.1620756932493482,-18.06,0.02
436.464,13,-35.3574173,149.1672867,100.015,-0.11610545188612116,-18.05,0.02
436.564,13,-35.3574334,149.1672867,100.019,-0.08170645144128827,-18.05,0.02
436.664,13,-35.3574495,149.1672867,100.018,-0.07223827512712999,-18.06,0.01
436.764,13,-35.3574656,149.1672867,100.012,-0.01466741769599248,-18.05,0.0
436.86400000000003,13,-35.3574817,149.1672867,100.005,-0.010812926502910738,-18.06,0.0
436.964,13,-35.3574979,149.1672867,99.998,-0.08332153104583843,-18.05,0.0
437.065,13,-35.3575142,149.1672867,99.99000000000001,-0.1325505597157417,-18.06,0.0
437.165,13,-35.357530499999996,149.1672867,99.985,-0.19273976082705432,-18.06,0.01
437.265,13,-35.3575468,149.1672867,99.98400000000001,-0.23327299818817931,-18.07,0.01
437.36400000000003,13,-35.3575632,149.1672867,99.983,-0.26073857622297575,-18.080000000000002,0.01
437.464,13,-35.3575795,149.1672867,99.98400000000001,-0.23856305974163353,-18.09,0.02
437.564,13,-35.3575959,149.1672867,99.98700000000001,-0.25873492955778193,-18.09,0.02
437.664,13,-35.3576123,149.1672867,99.989,-0.3016118689593601,-18.1,0.03
437.764,13,-35.3576287,149.1672867,99.989,-0.30108759857970874,-18.11,0.04
437.86400000000003,13,-35.357645,149.1672867,99.989,-0.27237020161652237,-18.11,0.05
437.964,13,-35.3576613,149.1672867,99.98700000000001,-0.2212513449806412,-18.12,0.05
438.064,13,-35.3576775,149.1672868,99.985,-0.17027318757361964,-18.12,0.05
438.164,13,-35.3576937,149.1672868,99.982,-0.12229321640796927,-18.11,0.05
438.264,13,-35.357709799999995,149.1672869,99.982,-0.08790893688842759,-18.11,0.05
438.36400000000003,13,-35.357726,149.1672869,99.983,-0.06561730719119516,-18.11,0.05
438.464,13,-35.357742099999996,149.1672869,99.983,-0.01431459073409905,-18.1,0.04
438.564,13,-35.3577583,149.1672869,99.985,0.03955023039927867,-18.1,0.04
438.664,13,-35.3577744,149.1672869,99.986,0.07896316999417612,-18.1,0.04
438.764,13,-35.3577906,149.167287,99.986,0.11278287167981409,-18.09,0.03
438.86400000000003,13,-35.3578067,149.167287,99.988,0.11193626172806306,-18.09,0.02
438.964,13,-35.357822899999995,149.1672869,99.992,0.1219081111326569,-18.09,0.01
439.065,13,-35.3578391,149.1672869,99.996,0.15652487054803024,-18.09,0.01
439.165,13,-35.3578554,149.1672869,99.997,0.13184767722125185,-18.09,0.01
439.265,13,-35.357871599999996,149.1672869,99.996,0.093414496246281,-18.09,0.0
439.365,13,-35.3578879,149.1672869,99.994,0.06129313043591595,-18.09,0.0
439.464,13,-35.3579043,149.1672869,99.992,-0.0047239362548166805,-18.1,0.0
439.564,13,-35.3579207,149.1672869,99.99000000000001,-0.02342021173587126,-18.11,0.0
439.664,13,-35.3579371,149.1672869,99.992,-0.046233056903927074,-18.12,0.0
439.764,13,-35.3579535,149.1672869,99.994,-0.06890350196593738,-18.12,0.0
439.86400000000003,13,-35.3579699,149.1672869,99.998,-0.1709218954622122,-18.12,0.0
439.964,13,-35.3579863,149.1672869,100.002,-0.2778212261827214,-18.12,0.0
440.064,13,-35.3580027,149.1672869,100.005,-0.38030872160686524,-18.12,0.01
440.164,13,-35.3580189,149.1672869,100.008,-0.4429170636644053,-18.11,0.02
440.264,13,-35.358035099999995,149.1672869,100.01,-0.4154602101290565,-18.1,0.03
440.36400000000003,13,-35.3580513,149.1672869,100.01,-0.37897518053227314,-18.09,0.03
440.464,13,-35.3580675,149.1672869,100.011,-0.3261486298615433,-18.080000000000002,0.03
440.564,13,-35.3580836,149.1672869,100.012,-0.24605612410668132,-18.080000000000002,0.04
440.664,13,-35.3580997,149.1672869,100.016,-0.1853914244352594,-18.07,0.04
440.764,13,-35.3581158,149.1672869,100.021,-0.12120138665675892,-18.07,0.04
440.86400000000003,13,-35.3581319,149.1672869,100.025,-0.08277655665526547,-18.07,0.04
440.964,13,-35.3581481,149.167287,100.028,-0.06723664899386997,-18.07,0.04
441.064,13,-35.3581642,149.167287,100.028,-0.04765781835653587,-18.06,0.04
441.165,13,-35.3581803,149.167287,100.025,-0.05304568034817886,-18.06,0.04
441.265,13,-35.3581966,149.167287,100.021,-0.056869942618098,-18.06,0.04
441.365,13,-35.3582129,149.167287,100.016,-0.026674038150755298,-18.07,0.04
441.46500000000003,13,-35.3582293,149.16728709999998,100.01,-0.0037434806087492003,-18.080000000000002,0.05
441.564,13,-35.3582456,149.16728709999998,100.002,0.022357410288633476,-18.1,0.04
441.664,13,-35.358261999999996,149.16728709999998,99.995,0.08764368008870779,-18.11,0.04
441.764,13,-35.358278399999996,149.16728709999998,99.988,0.1480463112713701,-18.12,0.04
441.86400000000003,13,-35.358294799999996,149.16728709999998,99.985,0.14116565607473597,-18.13,0.04
441.964,13,-35.3583113,149.1672872,99.986,0.1437947586368752,-18.14,0.04
442.064,13,-35.358327599999996,149.1672872,99.99000000000001,0.10717120426598747,-18.14,0.04
442.164,13,-35.3583439,149.1672872,99.993,0.08783537895271773,-18.14,0.04
442.264,13,-35.3583601,149.1672872,99.996,0.0868658989670792,-18.14,0.04
442.36400000000003,13,-35.358376299999996,149.1672872,99.996,0.07761970380094634,-18.13,0.04
442.464,13,-35.3583925,149.1672872,99.994,0.055577149224794585,-18.12,0.03
442.564,13,-35.3584087,149.1672872,99.994,0.045607911166939095,-18.11,0.03
442.664,13,-35.3584248,149.1672872,99.995,0.07733332944369505,-18.11,0.03
442.764,13,-35.3584409,149.1672872,99.997,0.1270105425871341,-18.1,0.02
442.86400000000003,13,-35.358457099999995,149.1672872,99.999,0.181668224285662,-18.1,0.02
442.964,13,-35.3584732,149.1672872,100.002,0.19993140307433563,-18.1,0.01
443.064,13,-35.358489399999996,149.1672872,100.002,0.17891484429714027,-18.1,0.0
443.164,13,-35.3585055,149.1672872,99.999,0.1528647696069761,-18.1,0.0
443.265,13,-35.3585218,149.1672872,99.997,0.1115846737384727,-18.1,0.0
443.365,13,-35.3585382,149.1672872,99.994,0.02259918331050139,-18.1,0.0
443.46500000000003,13,-35.3585546,149.16728709999998,99.991,-0.010193239414420815,-18.1,0.0
443.565,13,-35.358571,149.16728709999998,99.989,-0.06675918942241699,-18.11,0.0
443.664,13,-35.3585874,149.16728709999998,99.988,-0.1370356594631261,-18.11,0.0
443.764,13,-35.3586038,149.16728709999998,99.989,-0.15899623842902447,-18.12,0.0
443.86400000000003,13,-35.3586202,149.167287,99.991,-0.2191991265991036,-18.12,0.0
443.964,13,-35.3586366,149.167287,99.998,-0.281006709017739,-18.13,0.0
444.064,13,-35.358652899999996,149.167287,100.007,-0.30396657667572197,-18.13,0.0
444.164,13,-35.3586692,149.167287,100.015,-0.2803403920476925,-18.13,0.0
444.264,13,-35.3586854,149.167287,100.02,-0.23403114918605072,-18.12,0.0
444.36400000000003,13,-35.358701599999996,149.167287,100.02,-0.19768775263305255,-18.12,0.0
444.464,13,-35.3587178,149.167287,100.021,-0.19815464675563316,-18.11,0.0
444.564,13,-35.3587339,149.167287,100.019,-0.183341914117006,-18.1,0.01
444.664,13,-35.3587501,149.167287,100.018,-0.21342316111922643,-18.1,0.01
444.764,13,-35.3587662,149.167287,100.015,-0.20683800498568788,-18.09,0.02
444.86400000000003,13,-35.3587823,149.167287,100.01,-0.21704096024415145,-18.080000000000002,0.02
444.964,13,-35.3587985,149.167287,100.005,-0.21248758528549336,-18.080000000000002,0.03
445.064,13,-35.358814599999995,149.1672869,99.999,-0.21323893277462122,-18.07,0.03
445.164,13,-35.3588307,149.1672869,99.995,-0.22607910144486337,-18.07,0.03
445.264,13,-35.358846899999996,149.1672869,99.99000000000001,-0.18783849978797515,-18.07,0.03
445.365,13,-35.3588632,149.1672869,99.986,-0.1332808830288306,-18.07,0.03
445.46500000000003,13,-35.3588794,149.1672869,99.98,-0.1310244526632802,-18.07,0.02
445.565,13,-35.3588957,149.1672869,99.97500000000001,-0.10387493096015551,-18.080000000000002,0.02
445.664,13,-35.3589121,149.1672869,99.97200000000001,-0.032823067695984684,-18.09,0.02
445.764,13,-35.3589285,149.1672869,99.971,-0.00983287106323994,-18.1,0.02
445.86400000000003,13,-35.358944799999996,149.1672869,99.971,-0.0078020904043511865,-18.11,0.02
445.964,13,-35.3589613,149.1672869,99.97500000000001,0.0012984208788750747,-18.12,0.02
446.064,13,-35.3589777,149.1672869,99.979,-0.022097201092091817,-18.13,0.02
446.164,13,-35.3589941,149.1672869,99.98400000000001,-0.0488096390466086,-18.13,0.02
446.264,13,-35.3590105,149.1672869,99.99000000000001,-0.050859813040469826,-18.14,0.02
446.36400000000003,13,-35.359026799999995,149.1672869,99.996,-0.095190985760719,-18.14,0.02
446.464,13,-35.359043,149.1672869,100.0,-0.12179461259855832,-18.14,0.02
446.564,13,-35.3590592,149.1672869,100.002,-0.17589751484979457,-18.13,0.02
446.664,13,-35.3590754,149.1672869,100.002,-0.21047910946311293,-18.13,0.02
446.764,13,-35.3590916,149.1672869,99.998,-0.24257963786042416,-18.12,0.02
446.86400000000003,13,-35.359107699999996,149.1672869,99.995,-0.2566231204437786,-18.12,0.03
446.964,13,-35.3591239,149.1672869,99.991,-0.2658110855791945,-18.11,0.03
447.064,13,-35.3591401,149.1672869,99.98700000000001,-0.2994793024735823,-18.11,0.04
447.164,13,-35.3591562,149.1672869,99.983,-0.2940715001982247,-18.11,0.04
447.264,13,-35.3591724,149.1672869,99.979,-0.2683906292492114,-18.1,0.05
447.36400000000003,13,-35.3591885,149.1672869,99.976,-0.16854449604315852,-18.1,0.05
447.46500000000003,13,-35.3592049,149.1672869,99.974,-0.06903993232656573,-18.1,0.05
447.565,13,-35.3592212,149.167287,99.976,-0.018938873928615648,-18.11,0.05
447.665,13,-35.3592376,149.167287,99.98100000000001,0.01979484537499568,-18.11,0.04
447.764,13,-35.359254,149.167287,99.986,0.04910935028202927,-18.11,0.04
447.86400000000003,13,-35.3592704,149.167287,99.992,0.061610207293899245,-18.12,0.03
447.964,13,-35.3592868,149.167287,99.998,0.0494033285608175,-18.13,0.03
448.064,13,-35.3593032,149.167287,100.002,0.00953512334045298,-18.13,0.02
448.164,13,-35.3593197,149.167287,100.004,-0.012153075151864695,-18.14,0.02
448.264,13,-35.359336,149.167287,100.001,-0.026673197717322267,-18.14,0.02
448.36400000000003,13,-35.3593523,149.167287,99.995,-0.0475395607013701,-18.150000000000002,0.02
448.464,13,-35.359368599999996,149.167287,99.99000000000001,-0.04501388814739963,-18.14,0.02
448.564,13,-35.3593847,149.167287,99.988,-0.05296566574926922,-18.14,0.02
448.664,13,-35.3594009,149.167287,99.99000000000001,-0.025452646581199626,-18.13,0.02
448.764,13,-35.3594171,149.167287,99.993,-0.03758152508756836,-18.13,0.02
448.86400000000003,13,-35.3594333,149.167287,99.998,-0.06196106157176237,-18.12,0.02
448.964,13,-35.359449399999995,149.167287,100.002,-0.04570647199728157,-18.11,0.01
449.064,13,-35.3594656,149.167287,100.006,-0.013875363379978946,-18.1,0.01
449.164,13,-35.359481699999996,149.167287,100.01,-0.030211434143060562,-18.1,0.01
449.264,13,-35.3594979,149.167287,100.011,-0.02699585912206591,-18.1,0.0
449.36400000000003,13,-35.359514,149.167287,100.01,-0.04078943282101327,-18.09,0.0
449.46500000000003,13,-35.3595302,149.167287,100.007,-0.05916782102613128,-18.09,0.0
449.565,13,-35.3595465,149.167287,100.003,-0.1202696127837943,-18.09,0.0
449.665,13,-35.3595627,149.167287,99.999,-0.183641748749399,-18.09,0.0
449.765,13,-35.3595791,149.167287,99.993,-0.24449601285071518,-18.09,0.01
449.86400000000003,13,-35.359595399999996,149.167287,99.985,-0.2790253671890535,-18.1,0.01
449.964,13,-35.359611799999996,149.167287,99.97800000000001,-0.2864163789229478,-18.11,0.02
450.064,13,-35.359628199999996,149.167287,99.97,-0.31945258987569786,-18.12,0.02
450.164,13,-35.359644599999996,149.167287,99.96300000000001,-0.307756611293565,-18.13,0.03
450.264,13,-35.3596611,149.167287,99.961,-0.25424909609867025,-18.13,0.03
450.36400000000003,13,-35.3596775,149.167287,99.96600000000001,-0.1841307342650764,-18.14,0.04
450.464,13,-35.359693899999996,149.167287,99.976,-0.15835336021361024,-18.14,0.04
450.564,13,-35.359710199999995,149.167287,99.989,-0.16589440932562002,-18.14,0.04
450.664,13,-35.3597264,149.167287,100.004,-0.13223749159183182,-18.13,0.04
450.764,13,-35.3597426,149.167287,100.017,-0.07605492347035228,-18.12,0.03
450.86400000000003,13,-35.3597588,149.167287,100.028,0.0025024985191943586,-18.11,0.03
450.964,13,-35.3597749,149.167287,100.036,0.05767834619917926,-18.1,0.02
451.064,13,-35.359791099999995,149.167287,100.04,0.043790940775476864,-18.1,0.03
451.164,13,-35.3598072,149.167287,100.037,0.038698657888208816,-18.09,0.03
451.264,13,-35.359823399999996,149.167287,100.028,-0.023860290362347637,-18.09,0.03
451.36400000000003,13,-35.3598395,149.167287,100.013,-0.10644915855520325,-18.080000000000002,0.04
451.464,13,-35.3598557,149.167287,100.001,-0.16144851646489705,-18.080000000000002,0.04
451.565,13,-35.3598718,149.167287,99.991,-0.17004821821783236,-18.080000000000002,0.04
451.665,13,-35.3598882,149.16728709999998,99.98400000000001,-0.13816808348317305,-18.080000000000002,0.04
451.765,13,-35.3599045,149.16728709999998,99.983,-0.09003647411382044,-18.080000000000002,0.05
451.865,13,-35.3599208,149.16728709999998,99.986,-0.04690923896165172,-18.09,0.05
451.964,13,-35.3599372,149.16728709999998,99.99000000000001,0.006914868674733699,-18.1,0.05
452.064,13,-35.3599536,149.16728709999998,99.996,0.028428758104740538,-18.1,0.04
452.164,13,-35.35997,149.1672872,100.004,0.022231815516195238,-18.11,0.03
452.264,13,-35.3599864,149.1672872,100.012,0.024721843020434706,-18.11,0.03
452.36400000000003,13,-35.3600028,149.1672872,100.018,0.04087011776563736,-18.11,0.03
452.464,13,-35.360019099999995,149.1672872,100.022,0.059154214008644145,-18.12,0.02
452.564,13,-35.3600354,149.1672872,100.024,0.08655239728623959,-18.11,0.02
452.664,13,-35.3600516,149.1672872,100.023,0.07856312368005434,-18.11,0.01
452.764,13,-35.360067799999996,149.1672872,100.021,0.019264391806515596,-18.1,0.01
452.86400000000003,13,-35.3600839,149.1672872,100.02,-0.03210067513965666,-18.1,0.02
452.964,13,-35.3601001,149.16728709999998,100.018,-0.0866829246025169,-18.09,0.02
453.064,13,-35.3601162,149.16728709999998,100.017,-0.12972107381078457,-18.080000000000002,0.02
453.164,13,-35.3601323,149.16728709999998,100.015,-0.17702641705355077,-18.07,0.02
453.264,13,-35.3601484,149.16728709999998,100.014,-0.16650210939876603,-18.07,0.02
453.36400000000003,13,-35.360164499999996,149.16728709999998,100.013,-0.15105384900221036,-18.06,0.02
453.464,13,-35.3601807,149.16728709999998,100.012,-0.15150782979839142,-18.06,0.03
453.564,13,-35.3601968,149.16728709999998,100.012,-0.14820524657170514,-18.06,0.03
453.665,13,-35.3602129,149.16728709999998,100.009,-0.1653024106834371,-18.06,0.03
453.765,13,-35.3602292,149.1672872,100.003,-0.17081448006534317,-18.05,0.04
453.865,13,-35.3602454,149.1672872,99.998,-0.14501678886913888,-18.06,0.04
453.96500000000003,13,-35.360261699999995,149.1672872,99.995,-0.09011799615682425,-18.07,0.04
454.064,13,-35.360278099999995,149.1672872,99.99000000000001,-0.05426127059250931,-18.080000000000002,0.04
454.164,13,-35.3602944,149.1672872,99.988,-0.008456560431292597,-18.09,0.04
454.264,13,-35.3603108,149.1672873,99.98700000000001,0.027602161807876852,-18.1,0.04
454.36400000000003,13,-35.3603272,149.1672873,99.986,0.0493538063542816,-18.11,0.04
454.464,13,-35.3603436,149.1672873,99.98700000000001,0.056775020330912015,-18.12,0.04
454.564,13,-35.3603599,149.1672873,99.99000000000001,0.07243488318960586,-18.12,0.03
454.664,13,-35.360376099999996,149.1672873,99.992,0.07014129366012367,-18.13,0.03
454.764,13,-35.360392399999995,149.1672873,99.995,0.08667786199159891,-18.12,0.02
454.86400000000003,13,-35.3604086,149.1672873,99.997,0.11882043874098801,-18.12,0.02
454.964,13,-35.3604248,149.1672873,99.998,0.1363523870820736,-18.12,0.02
455.064,13,-35.3604409,149.1672873,99.998,0.15093034530819477,-18.12,0.02
455.164,13,-35.3604571,149.1672873,99.995,0.10796642104629811,-18.11,0.01
455.264,13,-35.360473299999995,149.1672873,99.993,0.04431073884864533,-18.11,0.01
455.36400000000003,13,-35.3604895,149.1672873,99.993,-0.008190875077223027,-18.1,0.01
455.464,13,-35.3605057,149.1672873,99.991,-0.07828666777133411,-18.1,0.02
455.564,13,-35.3605219,149.1672873,99.992,-0.15374739813442836,-18.09,0.02
455.664,13,-35.360538,149.1672873,99.994,-0.1979023433029526,-18.09,0.02
455.765,13,-35.360554199999996,149.1672873,99.994,-0.18304113232947422,-18.080000000000002,0.02
455.865,13,-35.360570599999996,149.1672873,99.993,-0.18217818061652544,-18.080000000000002,0.03
455.96500000000003,13,-35.3605869,149.1672873,99.991,-0.18108233546113506,-18.080000000000002,0.03
456.065,13,-35.3606033,149.1672873,99.989,-0.13339259397435732,-18.09,0.04
456.164,13,-35.3606197,149.1672873,99.986,-0.062179754357228396,-18.09,0.04
456.264,13,-35.3606361,149.1672873,99.983,0.00552516113365748,-18.1,0.04
456.36400000000003,13,-35.3606525,149.1672873,99.98100000000001,0.017354648569722884,-18.11,0.04
456.464,13,-35.360669,149.1672873,99.979,0.019348014933101974,-18.11,0.04
456.564,13,-35.3606854,149.1672873,99.98,0.04339610381461856,-18.12,0.03
456.664,13,-35.3607017,149.1672874,99.982,0.05391642941575631,-18.13,0.03
456.764,13,-35.360718,149.1672874,99.985,0.06211350685836456,-18.12,0.03
456.86400000000003,13,-35.360734199999996,149.1672874,99.989,0.03574013543580201,-18.12,0.03
456.964,13,-35.3607504,149.1672874,99.994,-0.012750354850957147,-18.11,0.03
457.064,13,-35.3607666,149.1672874,99.997,-0.03524703112929213,-18.1,0.03
457.164,13,-35.3607827,149.1672874,100.001,-0.0538055555686093,-18.1,0.03
457.264,13,-35.3607989,149.1672874,100.004,-0.06712747935896217,-18.080000000000002,0.03
457.36400000000003,13,-35.360814999999995,149.1672874,100.007,-0.07330322434869663,-18.080000000000002,0.04
457.464,13,-35.3608311,149.1672875,100.007,-0.06695604427883749,-18.07,0.04
457.564,13,-35.360847299999996,149.1672875,100.004,-0.01695757879067643,-18.06,0.04
457.664,13,-35.3608634,149.1672875,100.0,0.037778816835971896,-18.06,0.03
457.764,13,-35.360879499999996,149.1672875,99.994,0.053359695627227546,-18.06,0.04
457.865,13,-35.360895899999996,149.1672875,99.991,0.048236716909334114,-18.07,0.04
457.96500000000003,13,-35.3609121,149.1672875,99.988,0.08387800470020935,-18.07,0.04
458.065,13,-35.3609285,149.1672875,99.98700000000001,0.1416188497983369,-18.080000000000002,0.03
458.164,13,-35.3609448,149.16728759999998,99.98700000000001,0.1802942757052184,-18.09,0.02
458.264,13,-35.3609612,149.16728759999998,99.988,0.21262110747963917,-18.1,0.02
458.36400000000003,13,-35.3609776,149.1672875,99.991,0.2345937593385041,-18.11,0.02
458.464,13,-35.360994,149.1672875,99.997,0.1543537641862521,-18.12,0.01
458.564,13,-35.3610104,149.1672875,100.004,0.043170100592306505,-18.12,0.01
458.664,13,-35.3610268,149.1672875,100.01,-0.05098392037913373,-18.12,0.01
458.764,13,-35.361042999999995,149.1672875,100.014,-0.07044503030488429,-18.12,0.01
458.86400000000003,13,-35.3610593,149.1672875,100.014,-0.07697789947269654,-18.11,0.0
458.964,13,-35.3610754,149.1672875,100.014,-0.08354796115497362,-18.1,0.0
459.064,13,-35.3610916,149.1672875,100.011,-0.06583945509188585,-18.1,0.0
459.164,13,-35.3611077,149.1672875,100.007,-0.07437132186058382,-18.09,0.0
459.264,13,-35.3611238,149.1672875,100.003,-0.11438918009417035,-18.080000000000002,0.01
459.36400000000003,13,-35.36114,149.1672875,100.0,-0.16440054556851774,-18.07,0.01
459.464,13,-35.361156099999995,149.1672875,99.998,-0.19982039916010969,-18.07,0.01
459.564,13,-35.3611722,149.1672875,99.997,-0.22191456702122,-18.06,0.01
459.664,13,-35.361188299999995,149.1672875,100.0,-0.1887208348307365,-18.06,0.01
459.764,13,-35.3612044,149.1672874,100.004,-0.1685927742748114,-18.05,0.01
459.86400000000003,13,-35.361220599999996,149.1672874,100.009,-0.16817761349910834,-18.05,0.01
459.96500000000003,13,-35.3612368,149.1672874,100.011,-0.1556871318380723,-18.05,0.01
460.065,13,-35.361253,149.1672874,100.011,-0.12384438972107618,-18.05,0.01
460.165,13,-35.3612693,149.1672874,100.008,-0.11586355379975428,-18.06,0.01
460.264,13,-35.361285699999996,149.1672874,100.003,-0.13566998181488057,-18.07,0.01
460.36400000000003,13,-35.361301999999995,149.1672874,99.997,-0.11120368391893953,-18.080000000000002,0.01
460.464,13,-35.3613184,149.1672874,99.993,-0.05808178092745958,-18.09,0.01
460.564,13,-35.3613348,149.1672873,99.989,-0.06913364732445507,-18.1,0.01
460.664,13,-35.3613512,149.1672873,99.988,-0.10101546292598043,-18.1,0.01
460.764,13,-35.3613676,149.1672873,99.991,-0.0920754856842676,-18.11,0.01
460.86400000000003,13,-35.361384,149.1672873,99.999,-0.08130467089944755,-18.11,0.01
460.964,13,-35.3614002,149.1672873,100.01,-0.06850747772610224,-18.11,0.01
461.064,13,-35.3614165,149.1672872,100.022,-0.05383755874013052,-18.11,0.0
461.164,13,-35.3614326,149.1672872,100.031,-0.08457201595290613,-18.11,0.0
461.264,13,-35.3614488,149.1672872,100.036,-0.12741332364496652,-18.1,0.0
461.36400000000003,13,-35.3614649,149.1672872,100.036,-0.18050381043430705,-18.1,0.0
461.464,13,-35.3614811,149.1672872,100.031,-0.2532413763918289,-18.09,0.01
461.564,13,-35.361497199999995,149.1672872,100.022,-0.3095261372167008,-18.09,0.02
461.664,13,-35.3615134,149.1672872,100.012,-0.3458980151249294,-18.09,0.03
461.764,13,-35.361529499999996,149.1672872,100.002,-0.3279064964383225,-18.09,0.03
461.86400000000003,13,-35.3615457,149.1672872,99.996,-0.306803666502216,-18.09,0.04
461.96500000000003,13,-35.3615618,149.1672872,99.993,-0.27134914169645835,-18.09,0.04
462.065,13,-35.3615782,149.16728709999998,99.992,-0.18101028496951937,-18.09,0.04
462.165,13,-35.361594499999995,149.16728709999998,99.993,-0.08917541004104267,-18.1,0.04
462.265,13,-35.361610899999995,149.1672872,99.996,-0.04709276694506276,-18.1,0.03
462.36400000000003,14,-35.361627299999995,149.1672872,99.998,-0.022583595271350686,-18.11,0.03
462.464,14,-35.3616437,149.1672872,100.0,-0.14159076864950315,-18.12,0.03
462.564,14,-35.3616601,149.1672872,100.002,-0.9871241251728072,-18.14,0.01
462.664,14,-35.3616765,149.1672872,100.004,-3.749223597221991,-18.14,0.01
462.764,14,-35.3616929,149.1672872,100.004,-9.164396927354499,-18.1,0.1
462.86400000000003,14,-35.3617092,149.1672874,100.007,-16.763082270510296,-17.96,0.35000000000000003
462.964,14,-35.361725199999995,149.16728799999999,100.009,-25.293508723067028,-17.72,0.74
463.064,14,-35.3617409,149.1672891,100.006,-33.34548896200083,-17.41,1.26
463.164,14,-35.361756299999996,149.1672908,99.98700000000001,-39.72280243909589,-17.06,1.85
463.264,14,-35.3617713,149.1672932,99.956,-43.83994826322578,-16.68,2.5100000000000002
463.36400000000003,14,-35.361785999999995,149.1672964,99.917,-45.78997751654817,-16.25,3.2600000000000002
463.464,15,-35.3618002,149.1673004,99.885,-46.08929348145106,-15.74,4.07
463.564,15,-35.3618139,149.1673054,99.878,-45.54553529143717,-15.14,4.9
463.664,15,-35.3618271,149.1673113,99.903,-44.7098650615807,-14.49,5.67
463.764,15,-35.3618397,149.167318,99.964,-44.02526154069198,-13.81,6.36
463.86400000000003,15,-35.3618516,149.16732539999998,100.051,-43.66568964693124,-13.13,6.96
463.964,15,-35.361863,149.1673333,100.159,-43.56604060203534,-12.47,7.47
464.065,15,-35.3618738,149.1673419,100.276,-43.72989342512936,-11.84,7.91
464.165,15,-35.3618842,149.1673509,100.394,-44.02476976707174,-11.25,8.28
464.265,15,-35.361894,149.16736029999998,100.506,-44.340662601090244,-10.71,8.61
464.365,15,-35.3619033,149.16737,100.604,-44.59072607188816,-10.200000000000001,8.9
464.464,15,-35.3619123,149.1673801,100.684,-44.75257764955537,-9.71,9.16
464.564,15,-35.3619209,149.16739049999998,100.743,-44.798261369819,-9.24,9.41
464.664,15,-35.361928999999996,149.1674011,100.783,-44.72679368543857,-8.74,9.64
464.764,15,-35.3619367,149.16741199999998,100.807,-44.61719647001655,-8.2,9.88
464.86400000000003,15,-35.3619438,149.16742309999998,100.819,-44.53487561504497,-7.61,10.1
464.964,15,-35.3619504,149.1674344,100.827,-44.44618560867235,-6.98,10.32
465.064,15,-35.361956299999996,149.1674458,100.83200000000001,-44.398374284482266,-6.3100000000000005,10.52
465.164,15,-35.3619617,149.16745749999998,100.84100000000001,-44.439703759150014,-5.6000000000000005,10.71
465.264,15,-35.3619663,149.1674693,100.854,-44.54720752159143,-4.8500000000000005,10.870000000000001
465.36400000000003,15,-35.361970299999996,149.1674813,100.872,-44.62738369716362,-4.1,11.0
465.464,15,-35.3619736,149.16749339999998,100.893,-44.66549956782688,-3.35,11.11
465.564,15,-35.361976299999995,149.1675056,100.916,-44.70770330670839,-2.61,11.18
465.664,15,-35.3619783,149.1675179,100.938,-44.76870714128036,-1.8800000000000001,11.24
465.764,15,-35.3619796,149.1675302,100.96000000000001,-44.795583935664354,-1.1500000000000001,11.26
465.86400000000003,15,-35.3619803,149.1675425,100.979,-44.7781498778079,-0.45,11.26
465.964,15,-35.3619804,149.1675548,100.998,-44.7462631396677,0.25,11.24
466.064,15,-35.3619799,149.16756709999999,101.015,-44.704790231027374,0.9500000000000001,11.19
466.165,15,-35.361978799999996,149.1675794,101.031,-44.66720711511938,1.6400000000000001,11.120000000000001
466.265,15,-35.361976999999996,149.1675917,101.042,-44.70256700445254,2.33,11.040000000000001
466.365,15,-35.361974499999995,149.1676039,101.047,-44.76634389582753,3.02,10.93
466.46500000000003,15,-35.361971499999996,149.1676159,101.049,-44.77615887766484,3.7,10.81
466.564,15,-35.361967799999995,149.1676278,101.048,-44.754783800657286,4.4,10.66
466.664,15,-35.3619635,149.1676396,101.044,-44.7104114767143,5.09,10.48
466.764,15,-35.3619586,149.1676511,101.04,-44.724276760729424,5.7700000000000005,10.290000000000001
466.86400000000003,15,-35.3619531,149.16766239999998,101.035,-44.73094302535936,6.45,10.07
466.964,15,-35.3619469,149.1676735,101.026,-44.71435591095998,7.12,9.84
467.064,15,-35.3619402,149.1676842,101.015,-44.754968215764876,7.78,9.57
467.164,15,-35.3619329,149.1676946,101.008,-44.76674004679939,8.45,9.27
467.264,15,-35.361925,149.16770459999998,101.002,-44.736997988058576,9.1,8.950000000000001
467.36400000000003,15,-35.3619166,149.1677142,100.995,-44.70008081559465,9.73,8.61
467.464,15,-35.361907599999995,149.1677234,100.98700000000001,-44.69244124900799,10.35,8.26
467.564,15,-35.3618981,149.1677322,100.979,-44.70129317417233,10.96,7.87
467.664,15,-35.3618881,149.16774049999998,100.97,-44.70998117479659,11.56,7.47
467.764,15,-35.3618775,149.1677484,100.962,-44.703499325274244,12.15,7.04
467.86400000000003,15,-35.3618664,149.1677559,100.95400000000001,-44.67327232310235,12.72,6.6000000000000005
467.964,15,-35.361854699999995,149.1677628,100.94500000000001,-44.65847471826552,13.26,6.140000000000001
468.064,15,-35.361842599999996,149.16776919999998,100.935,-44.64602328340859,13.790000000000001,5.67
468.164,15,-35.3618301,149.1677751,100.921,-44.693773135896144,14.31,5.18
468.265,15,-35.361816999999995,149.1677805,100.905,-44.77304089630873,14.81,4.68
468.365,15,-35.3618032,149.16778539999999,100.886,-44.77830355706423,15.3,4.15
468.46500000000003,15,-35.361789099999996,149.1677897,100.864,-44.70758036330333,15.780000000000001,3.62
468.564,15,-35.3617746,149.1677934,100.84100000000001,-44.52309695382128,16.240000000000002,3.06
468.664,15,-35.3617597,149.1677964,100.81700000000001,-44.11550200000619,16.69,2.48
468.764,15,-35.3617443,149.16779879999999,100.793,-43.40320889222224,17.11,1.8900000000000001
468.86400000000003,15,-35.3617286,149.1678005,100.771,-42.306178058680636,17.5,1.29
468.964,15,-35.361712499999996,149.1678016,100.753,-40.878231390041094,17.84,0.71
469.064,15,-35.3616963,149.1678021,100.741,-39.10953341389878,18.13,0.16
469.164,15,-35.3616799,149.1678019,100.73400000000001,-36.93832897487303,18.36,-0.35000000000000003
469.264,15,-35.3616633,149.16780129999998,100.73,-34.35017905305844,18.53,-0.8200000000000001
469.36400000000003,15,-35.3616467,149.1678002,100.72800000000001,-31.449305505000233,18.64,-1.22
469.464,15,-35.36163,149.1677986,100.724,-28.273911286273577,18.7,-1.55
469.564,15,-35.3616133,149.1677968,100.714,-24.95424298170874,18.72,-1.81
469.664,15,-35.3615966,149.1677947,100.69,-21.54051784963095,18.71,-2.0100000000000002
469.764,15,-35.36158,149.1677924,100.651,-18.122759490848274,18.68,-2.17
469.86400000000003,15,-35.3615633,149.1677899,100.593,-14.834177084743459,18.64,-2.2800000000000002
469.964,15,-35.3615467,149.16778739999998,100.517,-11.721891252626781,18.6,-2.37
470.064,15,-35.361530099999996,149.1677848,100.43,-8.89251953989485,18.56,-2.43
470.164,15,-35.361513599999995,149.16778209999998,100.333,-6.418712961201796,18.53,-2.48
470.264,15,-35.361497,149.1677794,100.236,-4.263666188431358,18.51,-2.52
470.365,15,-35.3614803,149.1677766,100.141,-2.395321728714084,18.490000000000002,-2.5300000000000002
470.46500000000003,15,-35.3614637,149.1677739,100.053,-0.8126475297942133,18.48,-2.5300000000000002
470.565,15,-35.361447,149.16777109999998,99.97500000000001,0.528530603424459,18.47,-2.5100000000000002
470.664,15,-35.361430299999995,149.1677683,99.908,1.7596565132285076,18.46,-2.47
470.764,15,-35.3614136,149.1677656,99.85300000000001,2.908761135889106,18.45,-2.42
470.86400000000003,15,-35.361396899999995,149.16776299999998,99.807,3.9425333186589846,18.44,-2.35
470.964,15,-35.3613802,149.16776049999999,99.766,4.895279394191825,18.42,-2.27
471.064,15,-35.361363499999996,149.167758,99.73,5.701328374278424,18.400000000000002,-2.18
471.164,15,-35.3613468,149.1677556,99.69500000000001,6.360556888626898,18.38,-2.09
471.264,15,-35.3613302,149.16775339999998,99.66,6.891910601334394,18.37,-2.0
471.36400000000003,15,-35.3613138,149.1677512,99.623,7.280512079728154,18.35,-1.9000000000000001
471.464,15,-35.3612973,149.1677492,99.583,7.510592124561911,18.32,-1.79
471.564,15,-35.361281,149.1677473,99.542,7.664133069556505,18.3,-1.68
471.664,15,-35.3612646,149.1677455,99.503,7.731752796113278,18.27,-1.57
471.764,15,-35.3612484,149.16774379999998,99.467,7.701960364727328,18.25,-1.45
471.86400000000003,15,-35.361232099999995,149.1677423,99.438,7.564718812413323,18.22,-1.35
471.964,15,-35.3612159,149.16774089999998,99.416,7.38537597405536,18.2,-1.25
472.064,15,-35.3611996,149.16773949999998,99.401,7.144303593526113,18.18,-1.1500000000000001
472.164,15,-35.361183499999996,149.1677383,99.39,6.798558563966422,18.16,-1.06
472.264,15,-35.3611673,149.16773709999998,99.38,6.476438731858981,18.14,-0.98
472.36400000000003,15,-35.3611511,149.16773609999998,99.37,6.1686896177652475,18.13,-0.91
472.46500000000003,15,-35.3611347,149.1677351,99.35600000000001,5.84573991767365,18.12,-0.8300000000000001
472.565,15,-35.361118399999995,149.1677341,99.34,5.539383735283776,18.11,-0.77
472.665,15,-35.361101999999995,149.16773329999998,99.322,5.244770782511269,18.11,-0.7000000000000001
472.764,15,-35.361085599999996,149.1677325,99.304,4.969294312245845,18.11,-0.64
472.86400000000003,15,-35.3610693,149.1677317,99.286,4.697178721938891,18.11,-0.58
472.964,15,-35.3610529,149.1677311,99.268,4.436887469745698,18.12,-0.52
473.064,15,-35.3610365,149.1677305,99.252,4.1575498081651014,18.12,-0.46
473.164,15,-35.3610201,149.16772989999998,99.241,3.8435536323017447,18.12,-0.41000000000000003
473.264,15,-35.3610038,149.16772939999998,99.236,3.5418206342063225,18.12,-0.37
473.36400000000003,15,-35.3609875,149.16772899999998,99.239,3.2983006980766847,18.11,-0.33
473.464,15,-35.360971299999996,149.1677286,99.249,3.080537618750576,18.1,-0.29
473.564,15,-35.3609552,149.1677282,99.261,2.9172937497097444,18.09,-0.25
473.664,15,-35.360939099999996,149.1677279,99.274,2.726028175825289,18.080000000000002,-0.22
473.764,15,-35.360923,149.1677276,99.285,2.5235235256615773,18.06,-0.2
473.86400000000003,15,-35.360906899999996,149.1677273,99.295,2.3189930840787225,18.05,-0.17
473.964,15,-35.3608908,149.16772699999999,99.301,2.0997519091275407,18.04,-0.15
474.064,15,-35.3608748,149.1677268,99.305,1.9044665554731213,18.03,-0.14
474.164,15,-35.3608587,149.16772659999998,99.307,1.7707491673274314,18.03,-0.12
474.264,15,-35.3608426,149.1677264,99.306,1.6457285309858718,18.02,-0.1
474.36400000000003,15,-35.3608265,149.1677263,99.305,1.5244398459737836,18.02,-0.09
474.46500000000003,15,-35.3608105,149.16772609999998,99.304,1.4078550268657186,18.02,-0.08
474.565,15,-35.3607942,149.167726,99.304,1.2929084926631047,18.02,-0.06
474.665,15,-35.3607781,149.1677259,99.306,1.2367749031344721,18.02,-0.05
474.765,15,-35.3607618,149.1677257,99.311,1.179076666677378,18.02,-0.04
474.86400000000003,15,-35.3607455,149.1677257,99.319,1.1099471481489152,18.03,-0.02
474.964,15,-35.3607292,149.16772559999998,99.328,1.0429375495840953,18.04,-0.01
475.064,15,-35.360712899999996,149.16772559999998,99.342,1.054320273279333,18.04,0.0
475.164,15,-35.360696499999996,149.1677255,99.358,1.0612293297899182,18.05,0.01
475.264,15,-35.3606802,149.1677255,99.374,1.039517012192094,18.05,0.02
475.36400000000003,15,-35.3606639,149.1677255,99.388,0.9802867856485071,18.05,0.04
475.464,15,-35.3606476,149.1677255,99.403,0.9046927065140389,18.05,0.05
475.564,15,-35.360631399999995,149.1677255,99.42,0.7649584553180967,18.05,0.06
475.664,15,-35.3606152,149.1677255,99.436,0.6188199412799154,18.04,0.07
475.764,15,-35.360599199999996,149.1677255,99.449,0.4691365590624975,18.04,0.06
475.86400000000003,15,-35.3605831,149.16772559999998,99.458,0.31631774649007355,18.04,0.06
475.964,15,-35.360566999999996,149.16772559999998,99.468,0.19382436018269797,18.04,0.06
476.064,15,-35.3605509,149.16772559999998,99.477,0.11528473528823538,18.04,0.06
476.164,15,-35.3605349,149.1677257,99.485,0.06527582441312096,18.03,0.06
476.264,15,-35.3605188,149.1677257,99.497,0.04393060947286503,18.03,0.06
476.36400000000003,15,-35.3605027,149.1677257,99.509,0.010600717061070937,18.02,0.06
476.464,15,-35.3604866,149.1677258,99.521,-0.022692206284829798,18.02,0.05
476.565,15,-35.3604706,149.1677258,99.53,-0.015572934694281547,18.02,0.05
476.665,15,-35.3604543,149.1677258,99.539,-0.038092541965382996,18.03,0.04
476.765,15,-35.360437999999995,149.1677259,99.55,-0.028331337862628602,18.03,0.04
476.865,15,-35.360421699999996,149.1677259,99.56,0.01162666033293778,18.04,0.04
476.964,15,-35.3604054,149.1677259,99.571,0.0963807793677301,18.05,0.04
477.064,15,-35.3603891,149.167726,99.581,0.13474778621500982,18.06,0.04
477.164,15,-35.3603727,149.167726,99.592,0.1616066780328652,18.06,0.04
477.264,15,-35.3603564,149.167726,99.60300000000001,0.1955801590264276,18.06,0.04
477.36400000000003,15,-35.3603401,149.16772609999998,99.614,0.23746945574206457,18.07,0.05
477.464,15,-35.360323799999996,149.16772609999998,99.625,0.292181085262865,18.06,0.06
477.564,15,-35.3603076,149.1677262,99.636,0.2755767353080053,18.06,0.06
477.664,15,-35.3602914,149.1677263,99.643,0.2322639978208686,18.05,0.07
477.764,15,-35.3602754,149.1677264,99.648,0.19649160241444086,18.04,0.07
477.86400000000003,15,-35.360259299999996,149.1677264,99.653,0.17241804039577555,18.04,0.07
477.964,15,-35.3602432,149.1677265,99.658,0.09266735092431828,18.03,0.07
478.064,15,-35.360227099999996,149.16772659999998,99.663,0.017814744186139892,18.03,0.07
478.164,15,-35.3602111,149.1677267,99.668,-0.04333834069136435,18.02,0.07
478.264,15,-35.360195,149.1677268,99.674,-0.1152414062756881,18.01,0.07
478.36400000000003,15,-35.360178999999995,149.1677269,99.683,-0.20758883220650007,18.01,0.07
478.464,15,-35.3601629,149.16772699999999,99.691,-0.29605366912013,18.0,0.06
478.564,15,-35.3601469,149.16772709999998,99.699,-0.3309941421495649,17.990000000000002,0.06
478.665,15,-35.3601307,149.16772709999998,99.706,-0.30243402630027394,17.990000000000002,0.06
478.765,15,-35.3601144,149.1677272,99.71000000000001,-0.292197440364276,18.0,0.06
478.865,15,-35.360098199999996,149.1677273,99.712,-0.30227959999200815,18.0,0.05
478.96500000000003,15,-35.3600819,149.1677274,99.717,-0.3557257502060786,18.01,0.05
479.064,15,-35.3600656,149.1677274,99.72500000000001,-0.3678533113663916,18.02,0.05
479.164,15,-35.3600493,149.16772749999998,99.736,-0.35906064342919025,18.03,0.04
479.264,15,-35.360033,149.1677276,99.747,-0.34066398246701046,18.04,0.04
479.36400000000003,15,-35.360016699999996,149.1677276,99.756,-0.36534959346833235,18.04,0.04
479.464,15,-35.3600004,149.1677277,99.763,-0.3637694452121058,18.05,0.03
479.564,15,-35.3599842,149.1677278,99.77,-0.3891635549376843,18.05,0.03
479.664,15,-35.359968099999996,149.1677278,99.776,-0.38327948036985054,18.05,0.03
479.764,15,-35.359952,149.1677279,99.783,-0.34701608507554876,18.05,0.03
479.86400000000003,15,-35.359935899999996,149.1677279,99.791,-0.29905193540278047,18.04,0.03
479.964,15,-35.3599198,149.16772799999998,99.798,-0.2596556710744114,18.04,0.03
480.064,15,-35.3599038,149.16772799999998,99.802,-0.23501547015889948,18.04,0.03
480.164,15,-35.3598877,149.1677281,99.803,-0.22935134902668128,18.03,0.02
480.264,15,-35.3598716,149.1677281,99.804,-0.24856360394486934,18.04,0.02
480.36400000000003,15,-35.359855599999996,149.1677282,99.803,-0.2686297125505883,18.03,0.02
480.464,15,-35.3598395,149.1677282,99.803,-0.259987415496833,18.04,0.02
480.564,15,-35.359823399999996,149.1677283,99.802,-0.2490687444587594,18.04,0.02
480.664,15,-35.3598073,149.1677283,99.803,-0.25910338624699236,18.04,0.02
480.765,15,-35.3597912,149.1677284,99.805,-0.2893158475864711,18.04,0.02
480.865,15,-35.3597749,149.1677284,99.808,-0.3129553991081497,18.05,0.02
480.96500000000003,15,-35.3597586,149.16772849999998,99.809,-0.32622704363486626,18.05,0.02
481.064,15,-35.3597423,149.16772849999998,99.809,-0.35582985723006844,18.07,0.01
481.164,15,-35.3597259,149.1677286,99.809,-0.37867347827002895,18.080000000000002,0.01
481.264,15,-35.3597095,149.1677286,99.812,-0.4131710829008973,18.09,0.01
481.36400000000003,15,-35.359693199999995,149.1677287,99.81700000000001,-0.41983449272520007,18.1,0.01
481.464,15,-35.359676799999995,149.1677287,99.824,-0.43529828112994695,18.11,0.01
481.564,15,-35.359660399999996,149.1677287,99.833,-0.4477749289898711,18.12,0.0
481.664,15,-35.359643999999996,149.1677288,99.845,-0.4414634073099562,18.13,0.0
481.764,15,-35.3596278,149.1677288,99.85900000000001,-0.44910911039469786,18.13,-0.01
481.86400000000003,15,-35.3596116,149.1677288,99.87,-0.4632514973188853,18.12,-0.01
481.964,15,-35.359595399999996,149.1677288,99.879,-0.4813734299299572,18.12,-0.02
482.064,15,-35.3595792,149.1677287,99.886,-0.455426395046725,18.11,-0.03
482.164,15,-35.359563099999995,149.1677288,99.89,-0.41515981520770817,18.11,-0.04
482.264,15,-35.359547,149.1677288,99.891,-0.3230534602700433,18.11,-0.04
482.36400000000003,15,-35.3595308,149.1677287,99.891,-0.21654387721904791,18.1,-0.04
482.464,15,-35.3595147,149.1677287,99.892,-0.13986150348987342,18.1,-0.05
482.564,15,-35.359498599999995,149.1677287,99.893,-0.09486672519791528,18.1,-0.05
482.664,15,-35.3594824,149.1677286,99.893,-0.03915996246144913,18.09,-0.04
482.764,15,-35.3594663,149.1677286,99.892,0.0033211367535482214,18.080000000000002,-0.04
482.865,15,-35.359449999999995,149.1677286,99.893,0.04521638257896001,18.080000000000002,-0.04
482.96500000000003,15,-35.3594337,149.1677286,99.897,0.11986696512809412,18.07,-0.03
483.065,15,-35.3594174,149.1677286,99.903,0.1322443084407886,18.07,-0.02
483.164,15,-35.359401,149.1677286,99.908,0.07255307747875882,18.080000000000002,-0.02
483.264,15,-35.3593847,149.1677286,99.912,0.0642278572829868,18.080000000000002,-0.02
483.36400000000003,15,-35.3593683,149.1677286,99.916,0.0385861898855817,18.09,-0.03
483.464,15,-35.359352,149.16772849999998,99.918,0.01761151437532561,18.1,-0.03
483.564,15,-35.3593356,149.16772849999998,99.918,0.015394104133451549,18.11,-0.03
483.664,15,-35.359319299999996,149.16772849999998,99.918,0.020742774246172956,18.12,-0.03
483.764,15,-35.359303,149.16772849999998,99.918,0.03250095824256313,18.12,-0.03
483.86400000000003,15,-35.3592868,149.16772849999998,99.92,0.04019916507149599,18.12,-0.03
483.964,15,-35.359270699999996,149.16772849999998,99.923,0.06062873445657354,18.11,-0.02
484.064,15,-35.3592545,149.16772849999998,99.927,0.05750475667461912,18.11,-0.02
484.164,15,-35.359238399999995,149.16772849999998,99.931,-0.005013366354659297,18.1,-0.02
484.264,15,-35.3592223,149.16772849999998,99.938,-0.022142971363658837,18.1,-0.02
484.36400000000003,15,-35.359206199999996,149.16772849999998,99.944,-0.0031252678222612154,18.09,-0.02
484.464,15,-35.3591901,149.1677284,99.94800000000001,-0.03267928354281732,18.09,-0.02
484.564,15,-35.3591739,149.1677284,99.947,-0.04826445788273068,18.09,-0.02
484.664,15,-35.3591578,149.1677284,99.943,-0.05991332550186759,18.09,-0.01
484.764,15,-35.359141699999995,149.1677284,99.936,-0.059047252179024685,18.09,-0.01
484.86400000000003,15,-35.3591255,149.1677284,99.928,-0.0728671461186604,18.080000000000002,-0.01
484.96500000000003,15,-35.3591093,149.1677284,99.921,-0.06556353946180114,18.080000000000002,-0.01
485.065,15,-35.359093,149.1677284,99.916,-0.07067879086118534,18.09,0.0
485.165,15,-35.359076699999996,149.1677284,99.915,-0.11058445790156912,18.09,0.0
485.264,15,-35.3590604,149.1677284,99.918,-0.15080660149034117,18.1,0.0
485.36400000000003,15,-35.359044,149.1677284,99.923,-0.16257753873057224,18.11,0.0
485.464,15,-35.3590276,149.1677284,99.928,-0.1653607607760731,18.12,-0.01
485.564,15,-35.3590112,149.1677284,99.934,-0.16567787098458944,18.12,-0.01
485.664,15,-35.3589948,149.1677284,99.94,-0.19584092017429136,18.13,-0.01
485.764,15,-35.3589784,149.1677284,99.944,-0.27341562076593096,18.14,-0.01
485.86400000000003,15,-35.358962,149.1677284,99.947,-0.2813375463056615,18.14,-0.01
485.964,15,-35.3589458,149.1677284,99.949,-0.2300555522022802,18.14,-0.02
486.064,15,-35.358929499999995,149.1677284,99.952,-0.14555083762508247,18.14,-0.02
486.164,15,-35.3589133,149.1677284,99.952,-0.05397866818054673,18.14,-0.02
486.264,15,-35.3588972,149.1677283,99.953,-0.00868957643694315,18.14,-0.02
486.36400000000003,15,-35.358881,149.1677283,99.953,0.012500661911251591,18.13,-0.02
486.464,15,-35.3588648,149.1677283,99.95400000000001,0.02893177418967487,18.13,-0.02
486.564,15,-35.358848699999996,149.1677283,99.953,0.037166170878773566,18.13,-0.01
486.664,15,-35.3588325,149.1677283,99.95400000000001,0.053804318263832904,18.13,-0.01
486.764,15,-35.358816399999995,149.1677283,99.955,0.09362961385460333,18.12,-0.01
486.86400000000003,15,-35.3588002,149.1677283,99.95700000000001,0.1325340311915588,18.12,-0.01
486.96500000000003,15,-35.358784,149.1677283,99.959,0.08932996308133404,18.12,0.0
487.065,15,-35.3587677,149.1677283,99.958,0.02572617431311748,18.12,0.0
487.165,15,-35.358751399999996,149.1677283,99.956,-0.024295599862596905,18.12,0.0
487.265,15,-35.358734999999996,149.1677283,99.955,-0.08604643634923635,18.12,-0.01
487.36400000000003,15,-35.358718599999996,149.1677283,99.95400000000001,-0.11476888258312752,18.13,0.0
487.464,15,-35.358702199999996,149.1677283,99.956,-0.12082587299475367,18.14,0.0
487.564,15,-35.358685799999996,149.1677283,99.958,-0.12999185345877856,18.14,-0.01
487.664,15,-35.3586694,149.1677283,99.959,-0.12043319047833083,18.150000000000002,-0.01
487.764,15,-35.358653,149.1677283,99.961,-0.13884391202524732,18.150000000000002,-0.01
487.86400000000003,15,-35.3586366,149.1677283,99.964,-0.17378293097144096,18.16,-0.02
487.964,15,-35.3586204,149.1677282,99.967,-0.22610322055037,18.16,-0.03
488.064,15,-35.3586041,149.1677282,99.96900000000001,-0.21911217508931816,18.16,-0.04
488.164,15,-35.358587899999996,149.1677282,99.97,-0.1730721644109365,18.150000000000002,-0.04
488.264,15,-35.3585717,149.1677281,99.971,-0.0754330027299109,18.150000000000002,-0.03
488.36400000000003,15,-35.358555599999995,149.1677281,99.97200000000001,0.025789585349144842,18.14,-0.02
488.464,15,-35.3585394,149.1677281,99.974,0.11311088084253337,18.13,-0.02
488.564,15,-35.3585233,149.1677281,99.976,0.17720338832216284,18.12,-0.01
488.664,15,-35.3585071,149.1677281,99.97800000000001,0.19902350818303963,18.12,-0.01
488.764,15,-35.358491,149.16772799999998,99.979,0.19271158629672802,18.12,-0.01
488.86400000000003,15,-35.358474799999996,149.16772799999998,99.979,0.15239133877991637,18.12,-0.01
488.964,15,-35.3584587,149.16772799999998,99.97800000000001,0.0981619779774357,18.12,-0.02
489.065,15,-35.358442499999995,149.16772799999998,99.976,0.04358459435734843,18.12,-0.02
489.165,15,-35.3584262,149.16772799999998,99.97200000000001,0.03599929909313234,18.12,-0.01
489.265,15,-35.3584099,149.16772799999998,99.965,0.029507634508911654,18.12,-0.01
489.365,15,-35.3583936,149.16772799999998,99.958,0.029277275706982395,18.13,-0.01
489.464,15,-35.3583772,149.16772799999998,99.95100000000001,0.04775873373451214,18.14,-0.01
489.564,15,-35.3583608,149.1677279,99.947,0.06463233254789849,18.150000000000002,-0.01
489.664,15,-35.3583444,149.1677279,99.947,0.07072021222324176,18.150000000000002,-0.01
489.764,15,-35.3583279,149.1677279,99.949,0.044958256123207745,18.16,-0.01
489.86400000000003,15,-35.3583115,149.1677279,99.952,0.05323423759197485,18.17,-0.01
489.964,15,-35.3582952,149.1677279,99.95700000000001,0.029148912840300453,18.16,-0.01
490.064,15,-35.358278899999995,149.1677279,99.962,0.020709800574139795,18.16,-0.01
490.164,15,-35.3582627,149.1677279,99.967,0.07638515377857315,18.16,-0.01
490.264,15,-35.3582465,149.1677279,99.97200000000001,0.11839459245449359,18.150000000000002,0.0
490.36400000000003,15,-35.358230299999995,149.1677279,99.97500000000001,0.12073206461537178,18.14,0.0
490.464,15,-35.3582141,149.1677279,99.977,0.15261753543532014,18.13,0.0
490.564,15,-35.358198,149.1677279,99.977,0.16884331681934658,18.12,0.0
490.664,15,-35.3581818,149.1677279,99.97500000000001,0.1443725232715495,18.12,0.0
490.764,15,-35.3581656,149.1677279,99.971,0.08037397758375399,18.11,0.0
490.86400000000003,15,-35.358149399999995,149.1677279,99.96600000000001,0.0021251972686172674,18.11,0.0
490.964,15,-35.3581333,149.1677279,99.964,-0.08104401647328958,18.1,0.0
491.064,15,-35.3581171,149.1677279,99.96000000000001,-0.07062762447336975,18.09,0.01
491.165,15,-35.3581009,149.1677279,99.95700000000001,-0.05145806157254757,18.09,0.0
491.265,15,-35.3580845,149.1677279,99.95700000000001,-0.05961249035348291,18.09,0.0
491.365,15,-35.3580682,149.1677279,99.958,-0.058831667663239544,18.09,0.0
491.46500000000003,15,-35.3580519,149.1677279,99.964,-0.049678677231840246,18.1,-0.01
491.564,15,-35.3580355,149.1677279,99.973,-0.06617832985827501,18.1,-0.01
491.664,15,-35.3580191,149.1677279,99.979,-0.07905067512281029,18.1,-0.01
491.764,15,-35.3580027,149.1677279,99.983,-0.09712713761711265,18.11,-0.01
491.86400000000003,15,-35.3579863,149.1677279,99.986,-0.10816518355320945,18.12,-0.01
491.964,15,-35.3579699,149.1677279,99.989,-0.08363395883951363,18.13,-0.01
492.064,15,-35.3579535,149.1677279,99.99000000000001,-0.061749285686852305,18.13,-0.01
492.164,15,-35.357937199999995,149.1677279,99.99000000000001,-0.057761075531479716,18.14,-0.01
492.264,15,-35.357921,149.1677279,99.989,-0.03823945439855107,18.13,0.0
492.36400000000003,15,-35.3579048,149.1677279,99.991,-0.04518841815699197,18.13,0.0
492.464,15,-35.3578887,149.1677279,99.995,-0.04761971537251858,18.13,-0.01
492.564,15,-35.3578725,149.1677279,100.0,-0.004860087721612354,18.12,-0.01
492.664,15,-35.357856399999996,149.1677279,100.008,0.08018440648375307,18.11,0.0
492.764,15,-35.3578402,149.1677279,100.013,0.12421736874256913,18.1,0.0
492.86400000000003,15,-35.357824099999995,149.1677279,100.017,0.11953447365373202,18.1,0.0
492.964,15,-35.357808,149.1677279,100.019,0.10252144626679552,18.1,0.0
493.064,15,-35.3577918,149.1677279,100.02,0.06194301226327208,18.1,0.0
493.164,15,-35.3577757,149.1677279,100.018,0.02341693504599844,18.09,0.0
493.265,15,-35.3577593,149.1677279,100.015,-0.0008832485347058604,18.1,0.0
493.365,15,-35.357743,149.1677279,100.008,-0.022801102445366546,18.11,0.0
493.46500000000003,15,-35.3577267,149.1677279,99.997,-0.046118724606502084,18.12,0.0
493.564,15,-35.3577103,149.1677279,99.98700000000001,-0.12488942200430135,18.12,0.0
493.664,15,-35.3576939,149.1677279,99.979,-0.1497015249074007,18.13,0.0
493.764,15,-35.3576775,149.1677279,99.97500000000001,-0.10047283641293465,18.14,0.0
493.86400000000003,15,-35.3576611,149.1677279,99.976,-0.0807570017858036,18.150000000000002,0.0
493.964,15,-35.3576447,149.1677279,99.98100000000001,-0.04435749296093752,18.150000000000002,0.0
494.064,15,-35.3576283,149.1677279,99.98700000000001,-0.0045550795877789515,18.150000000000002,-0.01
494.164,15,-35.3576121,149.1677279,99.994,-0.006292378890822023,18.150000000000002,-0.01
494.264,15,-35.3575958,149.1677279,99.998,-0.010741599717862368,18.14,-0.01
494.36400000000003,15,-35.357579699999995,149.1677279,100.0,-0.005238454104838943,18.13,-0.01
494.464,15,-35.3575635,149.1677279,99.999,0.025364075903034286,18.12,-0.01
494.564,15,-35.3575474,149.1677279,99.994,0.03216361426564127,18.12,0.0
494.664,15,-35.3575312,149.1677279,99.98700000000001,0.04942891842483191,18.11,0.0
494.764,15,-35.3575151,149.1677279,99.983,0.04866054882363192,18.11,0.0
494.86400000000003,15,-35.357498899999996,149.1677279,99.982,0.06681804644315546,18.1,0.0
494.964,15,-35.3574828,149.1677279,99.98400000000001,0.04203905394927479,18.1,0.0
495.064,15,-35.357466699999996,149.1677279,99.989,0.08079486798103619,18.09,0.0
495.164,15,-35.3574505,149.1677279,99.997,0.1216289671709723,18.080000000000002,0.0
495.264,15,-35.357434399999995,149.1677279,100.006,0.15154118033144812,18.080000000000002,0.0
495.365,15,-35.3574181,149.1677279,100.016,0.11148663651149922,18.07,0.0
495.46500000000003,15,-35.3574019,149.1677279,100.025,0.055987941080667215,18.07,0.0
495.565,15,-35.3573856,149.1677279,100.03,0.015546636131439685,18.080000000000002,0.0
495.664,15,-35.357369299999995,149.1677279,100.029,-0.010810849598464631,18.09,0.0
495.764,15,-35.357352899999995,149.1677279,100.022,-0.06708014828244808,18.1,0.0
495.86400000000003,15,-35.357336499999995,149.1677279,100.014,-0.07479407988771719,18.11,-0.01
495.964,15,-35.357320099999995,149.1677279,100.006,-0.06284925296812849,18.12,-0.01
496.064,15,-35.357303699999996,149.1677279,100.0,0.018084523318142174,18.12,0.0
496.164,15,-35.357287299999996,149.1677279,99.996,0.05587517625829589,18.13,0.0
496.264,15,-35.357270899999996,149.1677279,99.997,0.08860160744969547,18.13,0.0
496.36400000000003,15,-35.3572547,149.1677279,100.002,0.12324193235172667,18.13,0.0
496.464,15,-35.3572385,149.1677279,100.01,0.13703928800112267,18.12,0.01
496.564,15,-35.3572223,149.1677279,100.02,0.1273450884543325,18.11,0.01
496.664,15,-35.3572061,149.1677279,100.028,0.11645191056372742,18.1,0.01
496.764,15,-35.357189999999996,149.1677279,100.035,0.05053858070606766,18.09,0.01
496.86400000000003,15,-35.3571739,149.1677279,100.039,0.006872192498871016,18.09,0.01
496.964,15,-35.357157799999996,149.1677279,100.04,-0.09768314436402079,18.080000000000002,0.0
497.064,15,-35.3571416,149.1677279,100.038,-0.1628548417428321,18.080000000000002,0.0
497.164,15,-35.357125499999995,149.1677279,100.033,-0.17387164338937178,18.07,0.0
497.264,15,-35.3571094,149.1677279,100.024,-0.15754962570715694,18.07,0.0
497.365,15,-35.357093299999995,149.1677279,100.014,-0.15600536262449938,18.07,0.0
497.46500000000003,15,-35.357076899999996,149.1677279,100.003,-0.1375451222061003,18.07,0.0
497.565,15,-35.3570607,149.1677279,99.997,-0.13868033433071078,18.07,0.0
497.665,15,-35.3570443,149.1677279,99.995,-0.1249606720831237,18.080000000000002,-0.01
497.764,15,-35.357028,149.1677279,99.997,-0.07703723007100441,18.080000000000002,-0.01
497.86400000000003,15,-35.3570116,149.1677279,100.002,-0.005170335641070628,18.09,-0.01
497.964,15,-35.3569953,149.1677279,100.006,0.0466253158685801,18.09,-0.01
498.064,15,-35.3569789,149.1677279,100.012,0.07447355458461583,18.1,-0.01
498.164,15,-35.3569625,149.1677279,100.018,0.025537163502071924,18.11,-0.01
498.264,15,-35.356946199999996,149.1677279,100.023,-0.028301395754050294,18.11,-0.02
498.36400000000003,15,-35.35693,149.1677279,100.026,-0.05319741860348024,18.11,-0.02
498.464,15,-35.3569138,149.1677279,100.024,-0.05032072835403467,18.11,-0.02
498.564,15,-35.356897599999996,149.1677278,100.019,-0.00273004107704781,18.1,-0.02
498.664,15,-35.3568815,149.1677278,100.012,0.10501598609815756,18.1,-0.02
498.764,15,-35.3568654,149.1677278,100.007,0.19942342109502914,18.09,-0.01
498.86400000000003,15,-35.3568492,149.1677278,100.004,0.24981681025543445,18.080000000000002,0.0
498.964,15,-35.356833099999996,149.1677278,100.006,0.25885632549810833,18.080000000000002,0.0
499.064,15,-35.356817,149.1677278,100.01,0.23519937833838736,18.07,0.0
499.164,15,-35.356800899999996,149.1677278,100.017,0.22310415385492616,18.07,0.0
499.264,15,-35.3567848,149.1677278,100.022,0.21820286613542053,18.07,0.0
499.36400000000003,15,-35.356768699999996,149.1677278,100.023,0.1976961302869564,18.07,0.0
499.46500000000003,15,-35.3567525,149.1677278,100.02,0.1511421612137445,18.07,0.0
499.565,15,-35.3567363,149.1677278,100.013,0.1241038435280441,18.07,0.01
499.665,15,-35.356719999999996,149.1677278,100.006,0.09403234822168947,18.080000000000002,0.02
499.765,15,-35.3567037,149.1677278,99.999,-0.012572423920756352,18.09,0.03
499.86400000000003,15,-35.3566874,149.1677279,99.992,-0.1094557624711179,18.1,0.03
499.964,15,-35.356671,149.1677279,99.98700000000001,-0.13392366786275225,18.11,0.02
500.064,15,-35.3566546,149.16772799999998,99.98400000000001,-0.17594451242097808,18.12,0.02
500.164,15,-35.3566382,149.16772799999998,99.98400000000001,-0.22036678212227165,18.14,0.02
500.264,15,-35.3566218,149.16772799999998,99.986,-0.26392584664656515,18.14,0.02
500.36400000000003,15,-35.3566055,149.16772799999998,99.991,-0.28143797143080185,18.14,0.02
500.464,15,-35.356589299999996,149.1677281,99.999,-0.28656888424050947,18.150000000000002,0.01
500.564,15,-35.356573,149.1677281,100.008,-0.28657840915275046,18.14,0.01
500.664,15,-35.3565568,149.1677281,100.017,-0.3288987948586784,18.14,0.0
500.764,15,-35.356540599999995,149.1677281,100.023,-0.33715654692607666,18.13,0.0
500.86400000000003,15,-35.3565244,149.1677281,100.024,-0.28129488430377536,18.13,0.0
500.964,15,-35.3565083,149.16772799999998,100.021,-0.18842356151928227,18.13,0.0
501.064,15,-35.3564921,149.16772799999998,100.015,-0.13403545884955834,18.13,0.0
501.164,15,-35.3564759,149.16772799999998,100.007,-0.11756745921404768,18.12,0.0
501.264,15,-35.356459699999995,149.16772799999998,99.999,-0.11177072302218281,18.12,0.0
501.36400000000003,15,-35.3564436,149.16772799999998,99.992,-0.0982329078911407,18.11,-0.01
501.464,15,-35.3564274,149.16772799999998,99.98700000000001,-0.0607553997811229,18.11,-0.01
501.565,15,-35.3564112,149.16772799999998,99.986,-0.05652882002578082,18.1,-0.01
501.665,15,-35.3563948,149.16772799999998,99.98700000000001,-0.005031163866625006,18.1,-0.01
501.765,15,-35.3563785,149.16772799999998,99.993,0.05454623088715901,18.09,-0.01
501.865,15,-35.3563621,149.16772799999998,100.001,0.07520912060150124,18.09,0.0
501.964,15,-35.3563457,149.16772799999998,100.009,0.07852399683467223,18.09,0.0
502.064,15,-35.3563293,149.16772799999998,100.012,0.11528358802989823,18.1,0.0
502.164,15,-35.3563129,149.16772799999998,100.013,0.11891204598518816,18.1,0.0
502.264,15,-35.3562966,149.16772799999998,100.012,0.08014978196033361,18.11,0.01
502.36400000000003,15,-35.3562802,149.16772799999998,100.01,0.03582082038042609,18.11,0.0
502.464,15,-35.3562638,149.16772799999998,100.008,-0.031018583744098882,18.12,0.0
502.564,15,-35.356247599999996,149.1677281,100.004,-0.10279843578404466,18.12,0.0
502.664,15,-35.3562313,149.1677281,100.002,-0.17310814296599808,18.12,0.0
502.764,15,-35.3562152,149.1677281,100.001,-0.1610323551732023,18.12,0.0
502.86400000000003,15,-35.356199,149.1677281,99.998,-0.15824235629938432,18.12,0.0
502.964,15,-35.3561829,149.1677281,99.996,-0.14691125922931828,18.12,0.0
503.064,15,-35.356166699999996,149.1677281,99.997,-0.1124363996619946,18.11,0.0
503.164,15,-35.3561506,149.1677281,100.0,-0.0968016097340528,18.11,0.0
503.264,15,-35.356134399999995,149.1677281,100.004,-0.11644476020944006,18.11,0.0
503.36400000000003,15,-35.3561183,149.1677281,100.007,-0.08270357234872418,18.1,0.0
503.464,15,-35.3561021,149.1677281,100.011,-0.07171567894423807,18.1,0.0
503.564,15,-35.356086,149.1677281,100.013,-0.10045740178623601,18.1,-0.01
503.665,15,-35.3560698,149.1677281,100.011,-0.07051527319760832,18.1,-0.01
503.765,15,-35.3560533,149.1677281,100.006,-0.029160852331134753,18.1,-0.01
503.865,15,-35.356037,149.1677281,100.001,-0.009192275691813443,18.11,-0.01
503.96500000000003,15,-35.3560206,149.1677281,99.993,-0.0311325191701805,18.12,-0.01
504.064,15,-35.3560042,149.1677281,99.985,-0.02291530134065931,18.13,-0.01
504.164,15,-35.3559878,149.1677281,99.97800000000001,-0.004371806735945799,18.14,-0.01
504.264,15,-35.3559714,149.1677281,99.97,0.003115939052842761,18.150000000000002,-0.01
504.36400000000003,15,-35.355955,149.1677281,99.967,0.03306074693991989,18.150000000000002,-0.01
504.464,15,-35.3559386,149.1677281,99.967,0.04716742544836349,18.150000000000002,0.0
504.564,15,-35.3559224,149.1677281,99.971,0.055087446672656484,18.150000000000002,0.0
504.664,15,-35.3559061,149.1677281,99.97800000000001,0.04392781136314157,18.14,0.0
504.764,15,-35.355889999999995,149.1677281,99.98700000000001,0.035642728533903295,18.13,0.0
504.86400000000003,15,-35.3558738,149.1677281,99.995,0.030026261978369828,18.13,0.0
504.964,15,-35.3558577,149.16772799999998,100.001,0.020030708682405945,18.12,0.0
505.064,15,-35.3558415,149.16772799999998,100.008,0.021243629216565217,18.11,-0.01
505.164,15,-35.3558254,149.16772799999998,100.012,0.004163128281793377,18.11,-0.01
505.264,15,-35.3558093,149.16772799999998,100.01,0.026813726858463297,18.1,0.0
505.36400000000003,15,-35.3557931,149.16772799999998,100.004,-0.025362034850411216,18.1,0.0
505.464,15,-35.355776999999996,149.16772799999998,99.998,-0.058444234520719826,18.1,0.0
505.564,15,-35.3557608,149.16772799999998,99.992,-0.0651423355695082,18.1,0.0
505.664,15,-35.355744699999995,149.16772799999998,99.988,-0.000934573545994305,18.1,0.0
505.765,15,-35.3557284,149.16772799999998,99.98700000000001,0.04955823845181258,18.1,0.0
505.865,15,-35.3557122,149.16772799999998,99.986,0.04704676988987096,18.1,0.0
505.96500000000003,15,-35.3556958,149.16772799999998,99.988,0.024932109793723956,18.1,0.0
506.064,15,-35.3556795,149.16772799999998,99.98700000000001,-0.0007308004341524449,18.11,0.0
506.164,15,-35.3556631,149.16772799999998,99.98700000000001,-0.060439676954781696,18.12,0.0
506.264,15,-35.3556467,149.16772799999998,99.98700000000001,-0.12446338895482181,18.13,0.01
506.36400000000003,15,-35.3556303,149.16772799999998,99.985,-0.19250768113761935,18.14,0.0
506.464,15,-35.3556139,149.16772799999998,99.98400000000001,-0.22336308739357838,18.150000000000002,0.0
506.564,15,-35.3555974,149.16772799999998,99.98400000000001,-0.24560079594896475,18.16,0.0
506.664,15,-35.355581,149.16772799999998,99.986,-0.23394929363771635,18.16,0.0
506.764,15,-35.355564799999996,149.16772799999998,99.98700000000001,-0.196954454452415,18.17,0.0
506.86400000000003,15,-35.3555485,149.16772799999998,99.98700000000001,-0.2138669099718657,18.17,-0.01
506.964,15,-35.3555323,149.16772799999998,99.988,-0.1836185100979651,18.17,-0.01
507.064,15,-35.355516,149.16772799999998,99.988,-0.10051681242582322,18.17,-0.01
507.164,15,-35.3554999,149.16772799999998,99.986,-0.05396687876711119,18.16,-0.01
507.264,15,-35.3554837,149.1677279,99.98100000000001,-0.02289518263159285,18.16,-0.01
507.36400000000003,15,-35.355467499999996,149.1677279,99.977,0.02507504184077172,18.16,-0.01
507.464,15,-35.3554513,149.1677279,99.974,0.06707223753600704,18.150000000000002,-0.01
507.564,15,-35.3554351,149.1677279,99.971,0.12324818891172812,18.150000000000002,0.0
507.664,15,-35.3554189,149.1677279,99.97200000000001,0.15210212295724865,18.14,0.0
507.764,15,-35.3554027,149.1677279,99.97500000000001,0.15405463658515992,18.14,0.0
507.865,15,-35.3553863,149.1677279,99.976,0.15022052590282914,18.14,0.0
507.96500000000003,15,-35.35537,149.1677279,99.97500000000001,0.1132668145948933,18.150000000000002,0.0
508.065,15,-35.3553536,149.1677279,99.97200000000001,0.08045589316304785,18.150000000000002,0.0
508.164,15,-35.3553372,149.1677279,99.97,0.06412865278735633,18.16,0.0
508.264,15,-35.3553208,149.1677279,99.968,0.04507489627752026,18.16,0.0
508.36400000000003,15,-35.3553043,149.1677279,99.968,0.04204237566236724,18.16,0.01
508.464,15,-35.3552879,149.1677279,99.97,0.03535549706795244,18.16,0.01
508.564,15,-35.3552715,149.1677279,99.97200000000001,0.006337362089808904,18.16,0.01
508.664,15,-35.3552551,149.1677279,99.976,-0.029148002370748004,18.16,0.01
508.764,15,-35.355238799999995,149.1677279,99.982,-0.04622068719121634,18.150000000000002,0.01
508.86400000000003,15,-35.3552226,149.16772799999998,99.99000000000001,-0.03257699745793241,18.14,0.0
508.964,15,-35.3552064,149.16772799999998,99.999,-0.06889523770384592,18.13,0.0
509.064,15,-35.355190199999996,149.16772799999998,100.006,-0.1116259016674374,18.12,0.0
509.164,15,-35.3551741,149.16772799999998,100.009,-0.13280641166513948,18.12,0.0
509.264,15,-35.3551579,149.16772799999998,100.01,-0.17270324081426325,18.11,0.0
509.36400000000003,15,-35.3551418,149.16772799999998,100.008,-0.20682482485502388,18.1,0.0
509.464,15,-35.355125699999995,149.16772799999998,100.006,-0.21076973934838228,18.1,0.0
509.564,15,-35.3551095,149.16772799999998,100.007,-0.1566765887930118,18.09,-0.01
509.664,15,-35.3550934,149.16772799999998,100.009,-0.09998002892616897,18.09,0.0
509.764,15,-35.3550773,149.16772799999998,100.012,-0.05127343302154567,18.09,0.0
509.865,15,-35.3550611,149.16772799999998,100.013,-0.007822049864622297,18.09,0.0
509.96500000000003,15,-35.3550448,149.16772799999998,100.011,0.02647309952156201,18.080000000000002,0.0
510.065,15,-35.3550286,149.1677281,100.008,0.06456785929739327,18.080000000000002,0.0
510.165,15,-35.3550123,149.1677281,100.003,0.08731881921630906,18.09,0.0
510.264,15,-35.3549959,149.1677281,99.998,0.062043884285555385,18.1,0.0
510.36400000000003,15,-35.3549795,149.1677281,99.995,0.038985539173562574,18.11,0.0
510.464,15,-35.3549631,149.1677281,99.993,-0.023403576489982578,18.12,0.0
510.564,15,-35.3549467,149.1677282,99.99000000000001,-0.07085576212979743,18.13,0.0
510.664,15,-35.3549303,149.1677282,99.989,-0.1374612656257825,18.150000000000002,0.0
510.764,15,-35.3549138,149.1677282,99.989,-0.2036916890166921,18.16,0.0
510.86400000000003,15,-35.3548975,149.1677282,99.989,-0.198847884275963,18.16,0.0
510.964,15,-35.3548812,149.1677282,99.989,-0.14045110089367627,18.16,0.01
511.064,15,-35.354864899999995,149.1677282,99.991,-0.08911136367736057,18.150000000000002,0.01
511.164,15,-35.3548487,149.1677282,99.993,-0.07659302098100897,18.150000000000002,0.01
511.264,15,-35.3548325,149.1677283,99.993,-0.12012828656491323,18.14,0.0
511.36400000000003,15,-35.3548164,149.1677283,99.995,-0.15626945882566878,18.13,0.0
511.464,15,-35.3548002,149.1677283,99.997,-0.2172014430092203,18.13,0.0
511.564,15,-35.354783999999995,149.1677283,100.001,-0.23953999023635691,18.12,0.0
511.664,15,-35.3547679,149.1677283,100.007,-0.23308396736681392,18.11,-0.01
511.764,15,-35.3547517,149.1677282,100.013,-0.2275687496945873,18.11,-0.02
511.86400000000003,15,-35.3547356,149.1677282,100.016,-0.19339140356255585,18.1,-0.03
511.96500000000003,15,-35.3547194,149.1677282,100.017,-0.1267155771325674,18.09,-0.04
512.065,15,-35.3547031,149.1677282,100.016,-0.09098239528290772,18.09,-0.04
512.165,15,-35.354686799999996,149.1677282,100.016,-0.03314870563580364,18.1,-0.04
512.265,15,-35.354670399999996,149.1677281,100.015,0.028304077136908055,18.1,-0.03
512.364,15,-35.3546541,149.1677281,100.015,0.09650139490558296,18.11,-0.03
512.464,15,-35.3546377,149.1677281,100.016,0.13393838211793688,18.12,-0.03
512.564,15,-35.3546213,149.16772799999998,100.016,0.18449149365125736,18.12,-0.03
512.664,15,-35.3546049,149.16772799999998,100.016,0.22339493048254094,18.13,-0.02
512.764,15,-35.3545885,149.16772799999998,100.013,0.2284958678331372,18.13,-0.02
512.864,15,-35.3545721,149.1677279,100.012,0.22683698563847035,18.13,-0.01
512.964,15,-35.3545559,149.1677279,100.012,0.20611070990100053,18.13,-0.01
513.064,15,-35.3545397,149.1677279,100.012,0.1666811750808541,18.12,-0.01
513.164,15,-35.3545235,149.1677279,100.014,0.130008115178697,18.11,-0.01
513.264,15,-35.354507399999996,149.1677279,100.015,0.11437117080631973,18.11,-0.01
513.364,15,-35.3544912,149.1677279,100.015,0.1330141054448034,18.1,-0.01
513.464,15,-35.3544751,149.1677279,100.014,0.16791559837120165,18.09,0.0
513.564,15,-35.354459,149.1677279,100.012,0.18723768326485205,18.080000000000002,0.0
513.664,15,-35.354442899999995,149.1677279,100.01,0.16574980141428616,18.080000000000002,0.0
513.764,15,-35.3544268,149.1677279,100.011,0.13462197466410672,18.080000000000002,0.0
513.864,15,-35.3544106,149.1677279,100.012,0.06514712470605515,18.07,0.0
513.964,15,-35.3543945,149.1677279,100.014,0.05427127575242632,18.07,0.0
514.065,15,-35.3543783,149.1677279,100.014,0.04439734684794028,18.080000000000002,0.0
514.165,15,-35.3543619,149.1677279,100.014,0.015644890136878038,18.09,0.0
514.265,15,-35.3543455,149.1677279,100.011,0.023744974224197475,18.09,0.0
514.365,15,-35.354329199999995,149.1677279,100.006,-0.004046098343125764,18.1,0.0
514.464,15,-35.354312799999995,149.1677279,99.999,0.0006882127935329854,18.11,0.01
514.564,15,-35.354296399999996,149.1677279,99.993,0.020169201773503863,18.12,0.01
514.664,15,-35.354279999999996,149.1677279,99.98700000000001,0.016941607220395578,18.13,0.01
514.764,15,-35.354263599999996,149.1677279,99.98400000000001,-0.0008754461774972449,18.14,0.02
514.864,15,-35.354247199999996,149.1677279,99.983,0.013223447170106352,18.14,0.02
514.964,15,-35.354231,149.1677279,99.98400000000001,-0.010193386990529591,18.14,0.02
515.064,15,-35.3542147,149.1677279,99.986,-0.031817365696393284,18.14,0.02
515.164,15,-35.3541986,149.16772799999998,99.99000000000001,-0.04996457801152214,18.14,0.01
515.264,15,-35.3541824,149.16772799999998,99.994,-0.1152260516902688,18.14,0.01
515.364,15,-35.3541662,149.16772799999998,99.995,-0.18255292054616376,18.14,0.0
515.464,15,-35.35415,149.16772799999998,99.996,-0.21289158030272903,18.13,0.0
515.564,15,-35.3541339,149.16772799999998,99.996,-0.19257943814454415,18.13,0.0
515.664,15,-35.354117699999996,149.16772799999998,99.995,-0.15988265557703196,18.12,0.0
515.764,15,-35.3541016,149.16772799999998,99.994,-0.11394615161304511,18.12,0.0
515.864,15,-35.354085399999995,149.1677279,99.996,-0.12244206650710794,18.12,-0.01
515.964,15,-35.3540693,149.1677279,99.998,-0.1273230370818754,18.11,-0.01
516.064,15,-35.3540531,149.1677279,99.999,-0.1099614032430038,18.11,-0.02
516.165,15,-35.3540369,149.1677279,100.0,-0.06285229453674325,18.1,-0.02
516.265,15,-35.3540205,149.1677279,100.0,-0.036006852988869686,18.1,-0.03
516.365,15,-35.3540042,149.1677279,100.001,0.012349747414116706,18.11,-0.03
516.464,15,-35.3539879,149.1677278,100.002,0.03876902084285185,18.11,-0.03
516.564,15,-35.3539715,149.1677278,100.004,0.08089149114540806,18.12,-0.03
516.664,15,-35.353955,149.1677278,100.006,0.12253302008086017,18.13,-0.03
516.764,15,-35.3539386,149.1677277,100.004,0.1649168118202355,18.14,-0.02
516.864,15,-35.3539222,149.1677277,99.997,0.18417771849604667,18.150000000000002,-0.02
516.964,15,-35.3539058,149.1677277,99.989,0.184894408111222,18.16,-0.02
517.064,15,-35.3538894,149.1677276,99.983,0.24219517291534648,18.16,-0.02
517.164,15,-35.3538731,149.1677276,99.979,0.31050309439185064,18.16,-0.01
517.264,15,-35.353856799999996,149.1677276,99.977,0.3598893374745832,18.16,-0.01
517.364,15,-35.3538406,149.1677276,99.977,0.36834391104786895,18.150000000000002,-0.02
517.464,15,-35.3538244,149.1677276,99.979,0.36301855129022753,18.150000000000002,-0.01
517.564,15,-35.3538083,149.1677276,99.983,0.3616409608315741,18.14,-0.01
517.664,15,-35.3537921,149.16772749999998,99.988,0.3076874022673658,18.13,-0.01
517.764,15,-35.353775899999995,149.16772749999998,99.995,0.2758021048701893,18.12,0.0
517.864,15,-35.3537598,149.16772749999998,99.998,0.2705402978883407,18.12,0.0
517.964,15,-35.3537436,149.16772749999998,99.997,0.28900416684473634,18.12,0.0
518.064,15,-35.3537274,149.16772749999998,99.994,0.29262923638586774,18.12,0.0
518.164,15,-35.3537113,149.16772749999998,99.99000000000001,0.2976890458590985,18.12,0.0
518.265,15,-35.3536949,149.16772749999998,99.983,0.31676451023090113,18.12,0.0
518.365,15,-35.3536785,149.16772749999998,99.97800000000001,0.28182168932393903,18.13,0.01
518.465,15,-35.353662199999995,149.16772749999998,99.973,0.23599584242863433,18.13,0.02
518.564,15,-35.353645799999995,149.16772749999998,99.97,0.17399335949481554,18.14,0.03
518.664,15,-35.353629399999996,149.16772749999998,99.97,0.10401043417596491,18.150000000000002,0.03
518.764,15,-35.3536129,149.1677276,99.974,0.041409792756507614,18.16,0.03
518.864,15,-35.3535965,149.1677276,99.98,0.011880944807281918,18.16,0.03
518.964,15,-35.353580099999995,149.1677276,99.991,-0.02422134656827281,18.16,0.03
519.064,15,-35.353563699999995,149.1677277,100.004,-0.06529813591973589,18.16,0.03
519.164,15,-35.3535474,149.1677277,100.014,-0.1026223116189722,18.150000000000002,0.03
519.264,15,-35.3535312,149.1677277,100.021,-0.12595515829844814,18.14,0.02
519.364,15,-35.353515,149.1677278,100.025,-0.13197124761633353,18.13,0.02
519.464,15,-35.3534988,149.1677278,100.026,-0.15432010682829128,18.12,0.02
519.564,15,-35.3534827,149.1677278,100.025,-0.18114542132946512,18.11,0.01
519.664,16,-35.3534666,149.1677278,100.022,-0.2316913558280718,18.11,0.01
519.764,16,-35.3534504,149.1677278,100.016,-0.13104131469279365,18.1,0.0
519.864,16,-35.353434299999996,149.1677278,100.01,0.7652990576420982,18.11,-0.01
519.964,16,-35.3534182,149.1677278,100.006,3.5940348690901316,18.1,0.0
520.064,16,-35.353401999999996,149.1677279,100.003,9.01824624704186,18.05,0.08
520.164,16,-35.353386,149.1677281,100.006,16.53324982003395,17.900000000000002,0.33
520.264,16,-35.3533701,149.1677287,100.007,25.049385809299725,17.68,0.72
520.365,16,-35.3533543,149.1677298,100.001,33.20185691394463,17.38,1.25
520.465,16,-35.3533389,149.1677316,99.98100000000001,39.65394047188382,17.04,1.85
520.565,16,-35.3533237,149.1677341,99.946,43.868901435117465,16.68,2.5300000000000002
520.664,16,-35.3533089,149.1677374,99.904,45.910212751602494,16.27,3.29
520.764,17,-35.353294399999996,149.1677416,99.871,46.29876855310618,15.790000000000001,4.12
520.864,17,-35.353280399999996,149.16774669999998,99.86,45.6817360936764,15.22,4.96
520.964,17,-35.353266999999995,149.1677528,99.882,44.74245530920541,14.6,5.76
521.064,17,-35.3532541,149.1677597,99.937,43.981445877166344,13.93,6.47
521.164,17,-35.3532419,149.16776729999998,100.024,43.57652494241131,13.25,7.1000000000000005
521.264,17,-35.3532303,149.1677756,100.133,43.558722054339675,12.56,7.640000000000001
521.364,17,-35.3532195,149.1677843,100.256,43.80383022289475,11.89,8.09
521.464,17,-35.353209199999995,149.1677934,100.384,44.130357661450965,11.28,8.47
521.564,17,-35.353199499999995,149.1678029,100.504,44.43044885282465,10.72,8.790000000000001
521.664,17,-35.3531903,149.1678126,100.61,44.58986546805274,10.18,9.07
521.764,17,-35.3531816,149.1678227,100.69800000000001,44.66723102078148,9.69,9.31
521.864,17,-35.3531733,149.167833,100.766,44.68988334316383,9.22,9.52
521.964,17,-35.3531654,149.16784339999998,100.811,44.66304069972568,8.74,9.73
522.064,17,-35.3531579,149.1678542,100.837,44.58807937358478,8.23,9.93
522.164,17,-35.353150899999996,149.1678651,100.84700000000001,44.5248010860192,7.66,10.14
522.264,17,-35.3531444,149.1678763,100.84700000000001,44.4827544414886,7.04,10.34
522.365,17,-35.3531385,149.1678876,100.843,44.507571933837845,6.36,10.540000000000001
522.465,17,-35.353133199999995,149.16789939999998,100.83800000000001,44.549427333071684,5.63,10.73
522.565,17,-35.3531286,149.1679113,100.837,44.588420883043284,4.89,10.9
522.665,17,-35.3531246,149.1679234,100.83800000000001,44.616738847342155,4.14,11.05
522.764,17,-35.3531213,149.1679357,100.842,44.62891024444312,3.37,11.17
522.864,17,-35.353118699999996,149.1679481,100.852,44.68352443704654,2.6,11.27
522.964,17,-35.3531167,149.1679606,100.866,44.7383127994738,1.83,11.34
523.064,17,-35.3531155,149.1679732,100.881,44.72838853460977,1.08,11.370000000000001
523.164,17,-35.3531149,149.1679858,100.897,44.70072626847122,0.34,11.38
523.264,17,-35.353114999999995,149.1679983,100.91,44.702300627074905,-0.35000000000000003,11.36
523.364,17,-35.353115599999995,149.1680107,100.923,44.69524845675687,-1.05,11.31
523.464,17,-35.353116899999996,149.168023,100.933,44.67856230461453,-1.74,11.25
523.564,17,-35.3531188,149.1680352,100.941,44.65563335957079,-2.42,11.15
523.664,17,-35.3531213,149.16804729999998,100.94800000000001,44.692577852791395,-3.12,11.040000000000001
523.764,17,-35.3531245,149.1680592,100.953,44.74129417704651,-3.81,10.9
523.864,17,-35.3531282,149.1680709,100.955,44.7560337252754,-4.49,10.74
523.964,17,-35.3531325,149.1680825,100.95400000000001,44.769185254522256,-5.17,10.56
524.064,17,-35.353137499999995,149.1680939,100.95100000000001,44.76197257475872,-5.8500000000000005,10.35
524.164,17,-35.353142999999996,149.168105,100.947,44.72873004406827,-6.53,10.120000000000001
524.264,17,-35.3531492,149.1681159,100.941,44.733699006689456,-7.21,9.870000000000001
524.364,17,-35.353156,149.1681265,100.933,44.7495655361314,-7.88,9.59
524.465,17,-35.3531633,149.16813679999998,100.924,44.78560844438155,-8.55,9.290000000000001
524.565,17,-35.3531713,149.1681468,100.914,44.80567895525763,-9.200000000000001,8.96
524.665,17,-35.3531799,149.1681564,100.903,44.809380917787784,-9.83,8.63
524.765,17,-35.3531891,149.1681658,100.887,44.79717878483555,-10.450000000000001,8.28
524.864,17,-35.3531988,149.16817469999998,100.871,44.74712374350312,-11.08,7.890000000000001
524.964,17,-35.353209199999995,149.1681832,100.85600000000001,44.71222489193894,-11.69,7.49
525.064,17,-35.35322,149.1681912,100.842,44.73156798766841,-12.290000000000001,7.0600000000000005
525.164,17,-35.3532315,149.1681988,100.827,44.76723523551422,-12.88,6.62
525.264,17,-35.3532434,149.16820579999998,100.811,44.80286491731959,-13.43,6.16
525.364,17,-35.3532557,149.1682123,100.796,44.83294507042433,-13.97,5.68
525.464,17,-35.3532684,149.1682183,100.78,44.853299034150965,-14.5,5.18
525.564,17,-35.353281599999995,149.1682237,100.765,44.862229506490756,-15.01,4.66
525.664,17,-35.3532953,149.1682284,100.751,44.815746654094234,-15.49,4.13
525.764,17,-35.3533093,149.16823259999998,100.738,44.711473571130234,-15.96,3.58
525.864,17,-35.3533237,149.1682362,100.724,44.53446238860018,-16.4,3.02
525.964,17,-35.3533386,149.1682392,100.711,44.16811153208821,-16.830000000000002,2.44
526.064,17,-35.3533538,149.1682415,100.70100000000001,43.538187090600026,-17.240000000000002,1.85
526.164,17,-35.3533694,149.1682432,100.691,42.548984453485424,-17.6,1.26
526.264,17,-35.3533852,149.1682442,100.683,41.13370437066167,-17.93,0.68
526.364,17,-35.353401399999996,149.16824459999998,100.678,39.29044463444491,-18.2,0.12
526.464,17,-35.353417799999995,149.1682445,100.676,37.039081095319894,-18.41,-0.38
526.565,17,-35.353434299999996,149.1682438,100.674,34.47673562818961,-18.57,-0.84
526.665,17,-35.353451199999995,149.16824269999998,100.669,31.62343776279512,-18.68,-1.25
526.765,17,-35.3534681,149.1682411,100.658,28.55719508964715,-18.740000000000002,-1.59
526.865,17,-35.3534851,149.1682392,100.641,25.280720901393472,-18.77,-1.87
526.964,17,-35.3535021,149.168237,100.61200000000001,21.88259250628541,-18.78,-2.08
527.064,17,-35.3535191,149.1682347,100.56700000000001,18.43130816396172,-18.75,-2.25
527.164,17,-35.353536,149.16823209999998,100.502,15.058620515964662,-18.73,-2.37
527.264,17,-35.353553,149.1682295,100.424,11.860041220100399,-18.69,-2.47
527.364,17,-35.3535699,149.16822679999999,100.336,8.929355603862374,-18.66,-2.54
527.464,17,-35.3535867,149.16822399999998,100.242,6.336084747717566,-18.64,-2.59
527.564,17,-35.3536034,149.1682212,100.147,4.030951825012092,-18.6,-2.62
527.664,17,-35.35362,149.1682184,100.056,2.0413520841766393,-18.57,-2.63
527.764,17,-35.3536366,149.1682156,99.976,0.2833734229260013,-18.54,-2.6
527.864,17,-35.353653099999995,149.1682129,99.907,-1.200124534935007,-18.51,-2.57
527.964,17,-35.353669599999996,149.1682102,99.85000000000001,-2.476738223950871,-18.48,-2.52
528.064,17,-35.353685999999996,149.1682076,99.804,-3.60555014114395,-18.44,-2.44
528.164,17,-35.353702399999996,149.1682051,99.768,-4.598555059192138,-18.39,-2.36
528.264,17,-35.353718799999996,149.1682026,99.73700000000001,-5.424443177496685,-18.35,-2.2800000000000002
528.364,17,-35.3537351,149.1682003,99.71000000000001,-6.07108962962035,-18.31,-2.19
528.464,17,-35.3537515,149.168198,99.682,-6.5424529370739775,-18.28,-2.1
528.564,17,-35.3537678,149.1681959,99.652,-6.867770578373453,-18.25,-2.0100000000000002
528.665,17,-35.3537843,149.16819379999998,99.619,-7.116803971267173,-18.22,-1.92
528.765,17,-35.3538007,149.1681918,99.581,-7.28298204688676,-18.2,-1.82
528.865,17,-35.3538171,149.1681899,99.54,-7.357987769257255,-18.18,-1.72
528.964,17,-35.3538336,149.16818809999998,99.499,-7.357820429622589,-18.17,-1.62
529.064,17,-35.353850099999995,149.1681864,99.459,-7.302083524674347,-18.16,-1.52
529.164,17,-35.353866499999995,149.1681849,99.422,-7.180365284796489,-18.150000000000002,-1.42
529.264,17,-35.353882999999996,149.1681834,99.392,-7.056304716920138,-18.13,-1.32
529.364,17,-35.353899399999996,149.1681821,99.372,-6.929063842211502,-18.11,-1.22
529.464,17,-35.3539157,149.1681808,99.35900000000001,-6.7940199032629485,-18.09,-1.12
529.564,17,-35.353932,149.1681797,99.35000000000001,-6.590872574987021,-18.07,-1.02
529.664,17,-35.3539482,149.1681786,99.346,-6.292464598356926,-18.05,-0.9400000000000001
529.764,17,-35.3539643,149.1681777,99.342,-5.955575762829802,-18.04,-0.87
529.864,17,-35.3539804,149.1681768,99.339,-5.580353344359628,-18.02,-0.8
529.964,17,-35.3539965,149.168176,99.334,-5.208649327085657,-18.0,-0.73
530.064,17,-35.3540126,149.1681752,99.33,-4.873786923307911,-17.990000000000002,-0.67
530.164,17,-35.3540287,149.1681745,99.32600000000001,-4.553076671490431,-17.97,-0.62
530.264,17,-35.354044699999996,149.1681739,99.319,-4.2273218980840745,-17.96,-0.56
530.364,17,-35.3540608,149.1681733,99.315,-3.894651131256256,-17.94,-0.51
530.464,17,-35.3540768,149.16817279999998,99.312,-3.6023723956326013,-17.94,-0.46
530.564,17,-35.3540929,149.16817229999998,99.309,-3.3223655889567554,-17.93,-0.42
530.664,17,-35.3541089,149.1681719,99.307,-3.0485768157465594,-17.93,-0.38
530.765,17,-35.3541251,149.1681714,99.309,-2.8186982614933176,-17.93,-0.35000000000000003
530.865,17,-35.3541412,149.168171,99.31,-2.6284375791905004,-17.93,-0.31
530.965,17,-35.3541575,149.1681707,99.312,-2.463440912853914,-17.93,-0.28
531.064,17,-35.3541737,149.16817039999998,99.315,-2.2475271072455865,-17.94,-0.25
531.164,17,-35.354189999999996,149.1681701,99.31700000000001,-2.049331452674507,-17.95,-0.23
531.264,17,-35.3542063,149.1681698,99.32300000000001,-1.8608654025761102,-17.95,-0.21
531.364,17,-35.3542226,149.1681695,99.33,-1.7355670763561073,-17.96,-0.19
531.464,17,-35.3542389,149.1681693,99.339,-1.623816750519942,-17.97,-0.17
531.564,17,-35.3542552,149.1681691,99.349,-1.5392346760462658,-17.97,-0.14
531.664,17,-35.354271499999996,149.16816889999998,99.35900000000001,-1.410298313597879,-17.97,-0.12
531.764,17,-35.3542876,149.1681687,99.369,-1.2939524443890587,-17.97,-0.11
531.864,17,-35.354303699999996,149.1681685,99.378,-1.1878265658909875,-17.97,-0.1
531.964,17,-35.3543198,149.16816839999998,99.385,-1.0795682809896967,-17.96,-0.08
532.064,17,-35.354335899999995,149.1681683,99.391,-1.0143130805462182,-17.96,-0.07
532.164,17,-35.3543519,149.1681681,99.398,-0.9549751718014976,-17.95,-0.05
532.264,17,-35.3543679,149.16816799999998,99.406,-0.8870404561301112,-17.95,-0.05
532.364,17,-35.354383999999996,149.1681679,99.415,-0.7917286347180211,-17.95,-0.04
532.464,17,-35.3544,149.1681678,99.429,-0.6707790045652007,-17.95,-0.03
532.564,17,-35.354416,149.1681677,99.44500000000001,-0.5949452284795474,-17.94,-0.03
532.664,17,-35.3544321,149.1681676,99.462,-0.5149478117645366,-17.94,-0.02
532.765,17,-35.3544481,149.16816749999998,99.477,-0.4885771984310579,-17.94,-0.02
532.865,17,-35.3544644,149.16816749999998,99.491,-0.43076882517359716,-17.94,-0.02
532.965,17,-35.354480599999995,149.1681674,99.506,-0.36895350543129257,-17.95,-0.02
533.065,17,-35.3544968,149.1681673,99.519,-0.3922537086090126,-17.96,-0.02
533.164,17,-35.3545131,149.1681672,99.532,-0.40969553046956575,-17.97,-0.02
533.264,17,-35.3545294,149.1681671,99.543,-0.4465565673162436,-17.98,-0.01
533.364,17,-35.354545699999996,149.1681671,99.551,-0.4617947993958214,-17.990000000000002,-0.01
533.464,17,-35.354562,149.16816699999998,99.555,-0.5078723761146381,-18.0,0.0
533.564,17,-35.3545783,149.16816699999998,99.557,-0.5623210433523931,-18.01,0.0
533.664,17,-35.3545946,149.1681669,99.559,-0.593201662611343,-18.01,0.01
533.764,17,-35.354610699999995,149.1681669,99.565,-0.5987675197329629,-18.0,0.02
533.864,17,-35.3546269,149.1681669,99.574,-0.6466573910985073,-18.0,0.02
533.964,17,-35.354642999999996,149.1681668,99.586,-0.6600472299143768,-17.990000000000002,0.04
534.064,17,-35.354659,149.1681668,99.60000000000001,-0.6114952037253114,-17.990000000000002,0.05
534.164,17,-35.3546751,149.1681668,99.614,-0.5459506273766063,-17.98,0.05
534.264,17,-35.3546911,149.1681669,99.631,-0.4601027267506565,-17.98,0.06
534.364,17,-35.3547071,149.1681668,99.645,-0.35499996256548544,-17.98,0.06
534.464,17,-35.354723199999995,149.1681668,99.655,-0.2486093341957967,-17.98,0.06
534.564,17,-35.3547392,149.1681668,99.66,-0.1646573713534808,-17.98,0.06
534.664,17,-35.3547553,149.1681668,99.662,-0.09699690378552624,-17.98,0.06
534.764,17,-35.354771299999996,149.1681668,99.665,-0.06523974580646022,-17.98,0.06
534.865,17,-35.3547874,149.1681669,99.67,-0.046485793913537375,-17.98,0.05
534.965,17,-35.3548036,149.1681669,99.677,0.0037000744730942385,-17.98,0.05
535.065,17,-35.3548198,149.1681669,99.685,0.04659490018243238,-17.98,0.05
535.165,17,-35.354836,149.1681669,99.69500000000001,0.02784057309601265,-17.98,0.05
535.264,17,-35.3548523,149.1681669,99.70700000000001,0.015174237409221929,-17.990000000000002,0.04
535.364,17,-35.354868599999996,149.1681669,99.72,-0.016369535521714038,-17.990000000000002,0.04
535.464,17,-35.3548849,149.1681669,99.73,-0.06666842261164987,-18.0,0.05
535.564,17,-35.3549012,149.1681669,99.738,-0.12679816639262903,-18.0,0.05
535.664,17,-35.3549175,149.1681669,99.746,-0.15813486086123596,-18.01,0.05
535.764,17,-35.354933599999995,149.1681669,99.755,-0.16426128708268617,-18.01,0.05
535.864,17,-35.3549498,149.1681669,99.763,-0.16233664116019705,-18.01,0.05
535.964,17,-35.354965899999996,149.16816699999998,99.768,-0.1241624737651578,-18.01,0.05
536.064,17,-35.354982,149.16816699999998,99.77,-0.07930910173336007,-18.01,0.05
536.164,17,-35.354998099999996,149.16816699999998,99.771,-0.0700695499934121,-18.01,0.05
536.264,17,-35.3550141,149.16816699999998,99.772,-0.06298735752551629,-18.0,0.05
536.364,17,-35.3550302,149.1681671,99.771,-0.05132730747264547,-18.0,0.06
536.464,17,-35.3550463,149.1681671,99.771,-0.024869249041492028,-18.0,0.06
536.564,17,-35.3550624,149.1681671,99.774,-0.010577192428816065,-18.0,0.06
536.664,17,-35.3550784,149.1681672,99.778,-0.02819262966059247,-18.0,0.06
536.764,17,-35.3550945,149.1681672,99.782,-0.0778231887433385,-17.990000000000002,0.06
536.864,17,-35.355110599999996,149.1681673,99.786,-0.13364571118004448,-17.990000000000002,0.07
536.965,17,-35.3551267,149.1681673,99.79,-0.1438031096103526,-17.98,0.07
537.065,17,-35.355143,149.1681674,99.793,-0.14999961197186154,-17.98,0.07
537.165,17,-35.355159199999996,149.1681674,99.797,-0.116342974382551,-17.98,0.07
537.265,17,-35.3551755,149.16816749999998,99.803,-0.043113794887346873,-17.990000000000002,0.07
537.364,17,-35.3551918,149.16816749999998,99.81,0.06544303731576066,-18.0,0.06
537.464,17,-35.3552081,149.1681676,99.818,0.16459460565026807,-18.01,0.05
537.564,17,-35.3552244,149.1681676,99.82600000000001,0.2190810390316564,-18.02,0.05
537.664,17,-35.3552408,149.1681677,99.833,0.27404453177810106,-18.03,0.05
537.764,17,-35.355257099999996,149.1681677,99.84,0.27180217533750056,-18.04,0.04
537.864,17,-35.3552734,149.1681677,99.84700000000001,0.2703315769122587,-18.05,0.03
537.964,17,-35.3552896,149.1681677,99.852,0.24096501849323015,-18.05,0.02
538.064,17,-35.3553058,149.1681678,99.85600000000001,0.19947747563900745,-18.05,0.02
538.164,17,-35.3553219,149.1681678,99.86,0.11043758882409402,-18.04,0.02
538.264,17,-35.355337999999996,149.1681678,99.864,0.01625321219746556,-18.04,0.02
538.364,17,-35.355354,149.1681678,99.868,-0.08409649071237044,-18.03,0.02
538.464,17,-35.3553701,149.1681678,99.871,-0.1379110709352249,-18.03,0.02
538.564,17,-35.3553862,149.1681678,99.877,-0.177469805720433,-18.02,0.02
538.664,17,-35.3554023,149.1681678,99.883,-0.17379657800956774,-18.01,0.03
538.764,17,-35.3554183,149.1681678,99.89,-0.18178564484244805,-18.0,0.03
538.864,17,-35.3554344,149.1681679,99.896,-0.1842197801883378,-17.990000000000002,0.03
538.964,17,-35.355450399999995,149.1681679,99.902,-0.13677260379858805,-17.990000000000002,0.03
539.065,17,-35.3554666,149.1681679,99.906,-0.0670526874535292,-17.98,0.03
539.165,17,-35.3554829,149.1681679,99.909,0.03860221815176875,-17.990000000000002,0.03
539.265,17,-35.3554992,149.1681679,99.909,0.08900793033413851,-18.0,0.02
539.365,17,-35.3555154,149.1681679,99.907,0.08518361136831316,-18.01,0.02
539.464,17,-35.3555317,149.16816799999998,99.907,0.07760898493962191,-18.02,0.02
539.564,17,-35.3555481,149.16816799999998,99.907,0.07553931755918905,-18.03,0.02
539.664,17,-35.3555644,149.16816799999998,99.906,0.04664706041613306,-18.05,0.02
539.764,17,-35.3555807,149.16816799999998,99.904,0.02552024144159895,-18.06,0.02
539.864,17,-35.355596999999996,149.16816799999998,99.901,0.009819598384846697,-18.07,0.02
539.964,17,-35.3556132,149.16816799999998,99.901,-0.004925876233764995,-18.07,0.02
540.064,17,-35.3556294,149.16816799999998,99.906,-0.028203255140424335,-18.07,0.02
540.164,17,-35.3556455,149.16816799999998,99.911,-0.05979513121271464,-18.07,0.02
540.264,17,-35.3556616,149.16816799999998,99.917,-0.060882585373987934,-18.06,0.03
540.364,17,-35.3556777,149.1681681,99.921,-0.08663488649470204,-18.06,0.03
540.464,17,-35.3556938,149.1681681,99.923,-0.12456680228772403,-18.05,0.04
540.564,17,-35.3557099,149.1681681,99.925,-0.15792683357624146,-18.04,0.04
540.664,17,-35.355726,149.1681681,99.928,-0.13863033521155219,-18.04,0.04
540.764,17,-35.355742,149.1681682,99.932,-0.05055582626671128,-18.04,0.04
540.864,17,-35.355758099999996,149.1681682,99.934,0.023121149168318544,-18.03,0.04
540.964,17,-35.3557742,149.1681683,99.934,0.08216290017691552,-18.03,0.04
541.064,17,-35.355790299999995,149.1681683,99.934,0.09909251121057061,-18.03,0.05
541.165,17,-35.3558066,149.1681683,99.934,0.12829900708124675,-18.02,0.05
541.265,17,-35.3558227,149.16816839999998,99.933,0.15289913399623772,-18.03,0.05
541.365,17,-35.355838999999996,149.16816839999998,99.935,0.20736605064568128,-18.03,0.05
541.464,17,-35.3558553,149.1681685,99.938,0.26148336032719804,-18.04,0.05
541.564,17,-35.3558716,149.1681685,99.94,0.2820310506302558,-18.05,0.05
541.664,17,-35.355888,149.1681686,99.94200000000001,0.29854161888616004,-18.06,0.04
541.764,17,-35.3559044,149.1681686,99.94200000000001,0.2940348146118623,-18.07,0.04
541.864,17,-35.3559207,149.1681687,99.941,0.26876588944716545,-18.080000000000002,0.04
541.964,17,-35.3559371,149.1681687,99.943,0.2818884704313318,-18.09,0.04
542.064,17,-35.3559534,149.1681687,99.94500000000001,0.32190075912589783,-18.09,0.03
542.164,17,-35.3559696,149.1681688,99.94800000000001,0.35194033130201063,-18.09,0.03
542.264,17,-35.3559858,149.1681688,99.953,0.3307203476133826,-18.09,0.02
542.364,17,-35.356002,149.1681688,99.96000000000001,0.29863721485411376,-18.080000000000002,0.02
542.464,17,-35.3560181,149.1681688,99.968,0.28809543152000733,-18.07,0.02
542.564,17,-35.356034199999996,149.1681688,99.97500000000001,0.2415739725464191,-18.07,0.01
542.664,17,-35.3560503,149.1681688,99.97800000000001,0.21786351779146199,-18.07,0.01
542.764,17,-35.356066399999996,149.1681688,99.976,0.2009155639646257,-18.07,0.01
542.864,17,-35.3560826,149.1681688,99.971,0.16653000378461466,-18.06,0.01
542.964,17,-35.3560987,149.1681688,99.965,0.13316498325635193,-18.06,0.02
543.064,17,-35.3561148,149.1681688,99.96300000000001,0.1483195588588103,-18.06,0.02
543.164,17,-35.3561309,149.1681688,99.961,0.15095275686640888,-18.06,0.01
543.265,17,-35.356147299999996,149.1681688,99.962,0.16190373790090784,-18.06,0.01
543.365,17,-35.3561635,149.1681688,99.965,0.17704525343462119,-18.07,0.0
543.465,17,-35.3561799,149.1681688,99.967,0.196589559600135,-18.080000000000002,0.0
543.564,17,-35.3561962,149.1681688,99.971,0.15362220023333348,-18.09,0.0
543.664,17,-35.3562126,149.1681688,99.973,0.08549209712898105,-18.09,0.0
543.764,17,-35.356229,149.1681688,99.97500000000001,0.06177884759935377,-18.1,0.0
543.864,17,-35.3562454,149.1681688,99.97800000000001,0.06988230676061855,-18.11,0.0
543.964,17,-35.3562618,149.1681688,99.98100000000001,0.09782135564311438,-18.12,0.0
544.064,17,-35.3562781,149.1681688,99.983,0.10002162371099729,-18.13,0.0
544.164,17,-35.3562943,149.1681688,99.98400000000001,0.0544487706244074,-18.12,0.0
544.264,17,-35.3563106,149.1681687,99.98400000000001,0.010149691955882025,-18.12,0.0
544.364,17,-35.3563267,149.1681687,99.985,-0.010861017971578504,-18.12,0.0
544.464,17,-35.3563429,149.1681687,99.986,0.005575126485401369,-18.12,0.0
544.564,17,-35.3563591,149.1681687,99.98700000000001,-0.018809038635899254,-18.12,0.0
544.664,17,-35.356375199999995,149.1681686,99.988,-0.044337769455687785,-18.11,0.0
544.764,17,-35.3563914,149.1681686,99.988,-0.055774771143475385,-18.11,0.0
544.864,17,-35.356407499999996,149.1681686,99.985,-0.04610641825980416,-18.11,0.0
544.964,17,-35.3564236,149.1681685,99.98100000000001,-0.03360041859573684,-18.11,0.0
545.064,17,-35.3564398,149.1681685,99.97500000000001,-0.022692488096834128,-18.11,-0.01
545.164,17,-35.356456,149.16816839999998,99.968,-0.013903204404974683,-18.11,-0.01
545.265,17,-35.3564722,149.16816839999998,99.962,-0.06862332413772801,-18.11,-0.01
545.365,17,-35.3564885,149.16816839999998,99.956,-0.12195494862128173,-18.11,-0.01
545.465,17,-35.356504699999995,149.1681683,99.953,-0.14351139916781222,-18.11,-0.01
545.565,17,-35.3565211,149.1681683,99.953,-0.18362811505148544,-18.12,-0.01
545.664,17,-35.3565375,149.1681682,99.958,-0.24099100522858793,-18.12,-0.01
545.764,17,-35.3565539,149.1681682,99.967,-0.3076762498491116,-18.13,-0.01
545.864,17,-35.3565703,149.1681681,99.97500000000001,-0.37397457492532465,-18.13,-0.01
545.964,17,-35.3565867,149.1681681,99.98400000000001,-0.414845413062476,-18.13,0.0
546.064,17,-35.356603199999995,149.1681681,99.991,-0.43051826928884873,-18.14,0.0
546.164,17,-35.3566196,149.16816799999998,99.995,-0.3846808697688932,-18.150000000000002,0.0
546.264,17,-35.356636,149.16816799999998,99.996,-0.3302568819256002,-18.150000000000002,-0.01
546.364,17,-35.3566523,149.1681679,99.993,-0.3460337117738305,-18.150000000000002,-0.01
546.464,17,-35.3566685,149.1681679,99.98700000000001,-0.38062704577478484,-18.150000000000002,-0.01
546.564,17,-35.356684699999995,149.1681679,99.982,-0.42283814845399254,-18.14,0.0
546.664,17,-35.3567009,149.1681679,99.98,-0.44888083266603135,-18.13,0.0
546.764,17,-35.3567171,149.1681678,99.979,-0.475314998775303,-18.11,0.0
546.864,17,-35.3567332,149.1681678,99.97800000000001,-0.5148273763195623,-18.1,0.01
546.964,17,-35.3567494,149.1681678,99.98100000000001,-0.47463219330171325,-18.09,0.02
547.064,17,-35.3567655,149.1681678,99.98400000000001,-0.4170253906660472,-18.080000000000002,0.02
547.164,17,-35.3567816,149.1681678,99.986,-0.3784722011329251,-18.07,0.03
547.264,17,-35.356797799999995,149.1681679,99.98700000000001,-0.3753953876748195,-18.06,0.03
547.365,17,-35.3568139,149.1681679,99.988,-0.38163633962678645,-18.05,0.03
547.465,17,-35.3568302,149.1681678,99.989,-0.347965508050607,-18.05,0.04
547.565,17,-35.356846499999996,149.1681678,99.991,-0.28765437739043903,-18.05,0.04
547.665,17,-35.3568628,149.1681679,99.991,-0.19663965210078616,-18.06,0.04
547.764,17,-35.3568791,149.1681679,99.99000000000001,-0.11836981967853906,-18.06,0.04
547.864,17,-35.3568955,149.1681679,99.988,-0.05693926503610967,-18.080000000000002,0.04
547.964,17,-35.3569119,149.1681679,99.98700000000001,-0.024289485042360958,-18.09,0.03
548.064,17,-35.3569283,149.1681679,99.98400000000001,0.01208229198050515,-18.1,0.03
548.164,17,-35.3569447,149.1681679,99.98100000000001,0.038937664483359676,-18.12,0.03
548.264,17,-35.356961,149.1681679,99.977,0.06992693644395502,-18.13,0.03
548.364,17,-35.3569773,149.16816799999998,99.97200000000001,0.09877973657135163,-18.13,0.04
548.464,17,-35.3569935,149.16816799999998,99.967,0.08320360356094994,-18.13,0.04
548.564,17,-35.3570097,149.16816799999998,99.964,0.046517183435250346,-18.13,0.03
548.664,17,-35.3570259,149.16816799999998,99.96300000000001,0.02109340340793795,-18.13,0.03
548.764,17,-35.357042,149.16816799999998,99.962,0.029169933681286092,-18.12,0.03
548.864,17,-35.3570582,149.16816799999998,99.964,0.03209507892020975,-18.12,0.03
548.964,17,-35.3570743,149.16816799999998,99.965,0.036600219002907934,-18.11,0.03
549.064,17,-35.3570905,149.16816799999998,99.96600000000001,0.03462298595989502,-18.11,0.02
549.164,17,-35.3571066,149.16816799999998,99.96600000000001,0.0249767194667406,-18.1,0.02
549.264,17,-35.3571228,149.16816799999998,99.96600000000001,-0.01560568491774323,-18.1,0.03
549.364,17,-35.357138899999995,149.16816799999998,99.964,-0.08641562675017404,-18.1,0.03
549.465,17,-35.3571552,149.16816799999998,99.962,-0.07788884927282054,-18.1,0.03
549.565,17,-35.3571716,149.16816799999998,99.959,-0.035678817145723955,-18.1,0.03
549.665,17,-35.357188,149.1681681,99.958,-0.012493990970876924,-18.11,0.03
549.765,17,-35.3572044,149.1681681,99.962,0.023788049772693512,-18.12,0.02
549.864,17,-35.3572208,149.1681681,99.96600000000001,0.035757911269921235,-18.12,0.02
549.964,17,-35.3572372,149.16816799999998,99.971,0.022231136832847536,-18.13,0.01
550.064,17,-35.3572536,149.16816799999998,99.977,0.00017111241371735192,-18.13,0.01
550.164,17,-35.35727,149.16816799999998,99.98100000000001,-0.05541557256224147,-18.14,0.01
550.264,17,-35.3572864,149.16816799999998,99.982,-0.1087100312117568,-18.14,0.01
550.364,17,-35.3573026,149.16816799999998,99.98400000000001,-0.13541479687614388,-18.13,0.01
550.464,17,-35.357318899999996,149.16816799999998,99.988,-0.17175124317805307,-18.13,0.01
550.564,17,-35.357335,149.16816799999998,99.992,-0.212728989783971,-18.12,0.01
550.664,17,-35.3573512,149.16816799999998,99.993,-0.23454026508348114,-18.12,0.01
550.764,17,-35.3573673,149.16816799999998,99.994,-0.22668442696005575,-18.11,0.01
550.864,17,-35.3573835,149.16816799999998,99.993,-0.20005311917977936,-18.1,0.02
550.964,17,-35.3573996,149.16816799999998,99.991,-0.1722680296980865,-18.09,0.02
551.064,17,-35.3574158,149.16816799999998,99.988,-0.15315422555348182,-18.09,0.02
551.164,17,-35.3574319,149.16816799999998,99.985,-0.13596550755840262,-18.09,0.03
551.264,17,-35.357448,149.16816799999998,99.983,-0.1228488763093336,-18.09,0.03
551.364,17,-35.357464199999995,149.16816799999998,99.983,-0.08914462082892471,-18.09,0.02
551.464,17,-35.3574804,149.16816799999998,99.985,-0.089375940126206,-18.09,0.02
551.565,17,-35.357496499999996,149.16816799999998,99.989,-0.07440627321922724,-18.080000000000002,0.03
551.665,17,-35.357512899999996,149.16816799999998,99.995,-0.09216420477230504,-18.080000000000002,0.03
551.765,17,-35.3575292,149.16816799999998,99.999,-0.0783142953529183,-18.080000000000002,0.04
551.864,17,-35.3575456,149.1681681,100.002,-0.06358317813878751,-18.09,0.04
551.964,17,-35.3575619,149.1681681,100.003,-0.1164736017504275,-18.09,0.05
552.064,17,-35.3575783,149.1681681,100.005,-0.11849084209289523,-18.1,0.05
552.164,17,-35.3575947,149.1681682,100.005,-0.10125569348569446,-18.11,0.05
552.264,17,-35.3576111,149.1681682,100.005,-0.07041633550624231,-18.12,0.05
552.364,17,-35.3576276,149.1681683,100.005,0.0011019896784448162,-18.13,0.05
552.464,17,-35.3576439,149.1681683,100.005,0.06574992225084182,-18.13,0.05
552.564,17,-35.3576602,149.1681683,100.005,0.09622257777912233,-18.12,0.05
552.664,17,-35.357676399999995,149.16816839999998,100.005,0.1206752619874696,-18.12,0.05
552.764,17,-35.3576926,149.16816839999998,100.007,0.14117207271729607,-18.11,0.05
552.864,17,-35.3577088,149.1681685,100.012,0.1180528161917285,-18.1,0.05
552.964,17,-35.3577249,149.1681685,100.016,0.09011881657993745,-18.09,0.04
553.064,17,-35.3577411,149.1681685,100.02,0.11179130697118542,-18.080000000000002,0.04
553.164,17,-35.3577572,149.1681686,100.022,0.1449646819962911,-18.080000000000002,0.04
553.264,17,-35.3577733,149.1681686,100.023,0.18078858396597164,-18.080000000000002,0.03
553.364,17,-35.3577894,149.1681686,100.024,0.20820511003674827,-18.07,0.03
553.464,17,-35.3578056,149.1681686,100.022,0.20990900211082844,-18.07,0.02
553.564,17,-35.357821699999995,149.1681686,100.02,0.2205136178492137,-18.07,0.02
553.665,17,-35.357838099999995,149.1681686,100.018,0.23703880697880997,-18.07,0.01
553.765,17,-35.3578544,149.1681686,100.017,0.23842149339891444,-18.080000000000002,0.0
553.865,17,-35.3578707,149.1681686,100.015,0.1899447993939175,-18.080000000000002,0.0
553.964,17,-35.3578871,149.1681686,100.017,0.14443989134832405,-18.09,0.0
554.064,17,-35.3579034,149.1681686,100.021,0.0993872365412993,-18.09,0.0
554.164,17,-35.3579198,149.1681686,100.024,0.07376200095153124,-18.1,0.0
554.264,17,-35.3579362,149.1681686,100.024,0.03000631168949531,-18.1,0.0
554.364,17,-35.3579526,149.1681686,100.023,-0.049197669163670035,-18.11,0.0
554.464,17,-35.357968899999996,149.1681685,100.022,-0.10426570582608752,-18.11,0.0
554.564,17,-35.3579852,149.1681685,100.021,-0.15565857044156253,-18.1,0.0
554.664,17,-35.3580014,149.1681685,100.02,-0.17035593691623993,-18.1,0.01
554.764,17,-35.358017499999995,149.1681685,100.017,-0.17779714787249115,-18.1,0.01
554.864,17,-35.3580337,149.1681685,100.014,-0.17644581095346,-18.09,0.01
554.964,17,-35.358049799999996,149.1681685,100.01,-0.13766164896860042,-18.09,0.02
555.064,17,-35.358066,149.1681685,100.007,-0.10973762783629994,-18.09,0.02
555.164,17,-35.3580821,149.1681685,100.003,-0.08302035572201658,-18.09,0.02
555.264,17,-35.3580982,149.1681685,100.002,-0.0735404200099025,-18.080000000000002,0.02
555.364,17,-35.3581143,149.1681685,100.0,-0.11724222481567871,-18.07,0.02
555.464,17,-35.3581305,149.1681685,99.998,-0.08163603512579234,-18.07,0.02
555.564,17,-35.3581466,149.1681685,99.996,-0.024093242168222055,-18.06,0.02
555.664,17,-35.3581627,149.1681685,99.996,-0.013413122490523064,-18.06,0.03
555.765,17,-35.358179,149.1681685,99.997,-0.02038396753370246,-18.06,0.03
555.865,17,-35.3581952,149.1681685,100.001,0.0006448066578780235,-18.06,0.03
555.965,17,-35.358211499999996,149.1681685,100.005,0.02755797235157672,-18.07,0.02
556.064,17,-35.358227899999996,149.1681685,100.007,0.06111077639126851,-18.080000000000002,0.02
556.164,17,-35.358244299999996,149.1681685,100.005,0.10963036585188296,-18.09,0.01
556.264,17,-35.3582606,149.1681685,100.004,0.08958454104036907,-18.1,0.01
556.364,17,-35.358277099999995,149.1681685,100.001,0.034244664183006396,-18.11,0.01
556.464,17,-35.358293499999995,149.1681685,99.999,-0.02361780530659896,-18.12,0.01
556.564,17,-35.3583099,149.1681685,99.998,-0.0359387512003679,-18.13,0.01
556.664,17,-35.3583263,149.1681685,99.999,-0.043028837739438226,-18.13,0.01
556.764,17,-35.3583425,149.1681685,100.0,-0.05511493084694852,-18.13,0.01
556.864,17,-35.3583588,149.1681685,100.003,-0.053451236170361585,-18.13,0.01
556.964,17,-35.358374999999995,149.1681685,100.003,-0.05955813565470709,-18.12,0.01
557.064,17,-35.3583912,149.1681685,100.004,-0.03420597422960731,-18.12,0.0
557.164,17,-35.358407299999996,149.1681685,100.005,-0.02964697970612917,-18.11,0.0
557.264,17,-35.3584235,149.1681685,100.008,-0.018380979541536512,-18.1,0.0
557.364,17,-35.3584396,149.16816839999998,100.012,-0.01820336961021639,-18.09,0.0
557.464,17,-35.3584557,149.16816839999998,100.016,-0.06176225237410475,-18.09,-0.01
557.564,17,-35.3584719,149.1681683,100.021,-0.08622380115413851,-18.080000000000002,-0.01
557.664,17,-35.358488,149.1681683,100.026,-0.14107590312017376,-18.07,-0.01
557.765,17,-35.3585041,149.1681682,100.028,-0.2418925101577503,-18.07,-0.01
557.865,17,-35.3585205,149.1681682,100.029,-0.3052114053323833,-18.07,-0.01
557.965,17,-35.358536799999996,149.1681681,100.028,-0.34510101742615357,-18.080000000000002,0.0
558.065,17,-35.3585531,149.1681681,100.027,-0.3623954032501696,-18.080000000000002,0.0
558.164,17,-35.3585695,149.1681681,100.025,-0.3891101674043671,-18.09,0.0
558.264,17,-35.3585859,149.16816799999998,100.023,-0.4197291050407409,-18.1,0.01
558.364,17,-35.3586023,149.16816799999998,100.023,-0.42685672760476656,-18.1,0.01
558.464,17,-35.3586187,149.16816799999998,100.022,-0.42420768142385945,-18.11,0.01
558.564,17,-35.3586351,149.16816799999998,100.021,-0.41762353914652584,-18.12,0.02
558.664,17,-35.3586514,149.16816799999998,100.021,-0.411704833385166,-18.12,0.03
558.764,17,-35.3586676,149.16816799999998,100.02,-0.37887296781856095,-18.11,0.03
558.864,17,-35.358683899999996,149.16816799999998,100.021,-0.33073230044443014,-18.11,0.04
558.964,17,-35.3587,149.16816799999998,100.025,-0.3027057931240464,-18.1,0.04
559.064,17,-35.358716199999996,149.16816799999998,100.029,-0.24563804182428248,-18.09,0.04
559.164,17,-35.3587323,149.16816799999998,100.031,-0.2084899235890525,-18.080000000000002,0.04
559.264,17,-35.358748399999996,149.16816799999998,100.031,-0.1572941072630897,-18.080000000000002,0.04
559.364,17,-35.3587646,149.16816799999998,100.029,-0.09264844117207514,-18.07,0.04
559.464,17,-35.3587807,149.16816799999998,100.027,-0.049524010799736486,-18.07,0.04
559.564,17,-35.3587968,149.16816799999998,100.023,0.0062463651603636905,-18.06,0.04
559.664,17,-35.3588129,149.1681681,100.017,0.054239482689263374,-18.06,0.04
559.764,17,-35.3588291,149.1681681,100.009,0.07124384227265844,-18.06,0.03
559.865,17,-35.3588452,149.1681681,100.001,0.05131065555149025,-18.06,0.03
559.965,17,-35.358861499999996,149.1681681,99.996,0.004184363816835569,-18.06,0.03
560.065,17,-35.3588777,149.1681681,99.993,-0.05686323916095361,-18.06,0.04
560.165,17,-35.358894,149.1681681,99.99000000000001,-0.11685059617610047,-18.06,0.04
560.264,17,-35.3589103,149.1681681,99.989,-0.16184231955923062,-18.07,0.04
560.364,17,-35.3589267,149.1681681,99.989,-0.18232612358116496,-18.080000000000002,0.04
560.464,17,-35.3589431,149.1681681,99.992,-0.15567657972941318,-18.09,0.04
560.564,17,-35.3589595,149.1681681,99.996,-0.10829071495963488,-18.09,0.04
560.664,17,-35.358975799999996,149.1681682,100.001,-0.057688184606430985,-18.1,0.04
560.764,17,-35.3589921,149.1681682,100.005,-0.03713365410904328,-18.1,0.04
560.864,17,-35.3590083,149.1681682,100.005,-0.010187268001477012,-18.1,0.04
560.964,17,-35.3590245,149.1681682,99.999,0.04463265153392185,-18.09,0.04
561.064,17,-35.3590407,149.1681682,99.993,0.0656420933073629,-18.09,0.04
561.164,17,-35.3590568,149.1681682,99.988,0.09250362648743632,-18.080000000000002,0.04
561.264,17,-35.359072999999995,149.1681682,99.985,0.08948595686465345,-18.080000000000002,0.03
561.364,17,-35.3590891,149.1681682,99.98700000000001,0.08915930173357627,-18.080000000000002,0.02
561.464,17,-35.359105299999996,149.1681682,99.989,0.08942287766643,-18.080000000000002,0.02
561.564,17,-35.3591215,149.1681682,99.989,0.04418452042123893,-18.080000000000002,0.02
561.664,17,-35.3591376,149.1681682,99.986,-0.03454035667919374,-18.07,0.02
561.764,17,-35.3591538,149.1681682,99.983,-0.09176032981698837,-18.07,0.02
561.864,17,-35.35917,149.1681682,99.977,-0.07177689051261034,-18.080000000000002,0.03
561.965,17,-35.359186099999995,149.1681682,99.96900000000001,-0.08980872332357623,-18.080000000000002,0.03
562.065,17,-35.359202499999995,149.1681683,99.96300000000001,-0.08474926069588928,-18.080000000000002,0.03
562.165,17,-35.3592189,149.1681683,99.961,-0.08119926320466854,-18.09,0.04
562.265,17,-35.3592352,149.1681683,99.96000000000001,-0.08635997805071563,-18.1,0.04
562.364,17,-35.3592516,149.1681683,99.962,-0.10461119733823512,-18.11,0.04
562.464,17,-35.359268,149.16816839999998,99.96300000000001,-0.09641938594479653,-18.12,0.05
562.564,17,-35.3592845,149.16816839999998,99.96600000000001,-0.06984108550176046,-18.13,0.05
562.664,17,-35.3593009,149.16816839999998,99.971,-0.058773824498706,-18.13,0.04
562.764,17,-35.3593173,149.16816839999998,99.97500000000001,-0.04483198767000176,-18.14,0.04
562.864,17,-35.3593337,149.1681685,99.979,-0.024750591179929584,-18.14,0.04
562.964,17,-35.35935,149.1681685,99.985,0.024446424313292536,-18.13,0.04
563.064,17,-35.3593662,149.1681685,99.99000000000001,0.044030837829860336,-18.13,0.04
563.164,17,-35.3593824,149.1681685,99.996,0.06609604742311752,-18.12,0.03
563.264,17,-35.3593986,149.1681685,100.001,0.10790244805378875,-18.12,0.03
563.364,17,-35.359414799999996,149.1681685,100.006,0.11476850905715728,-18.11,0.03
563.464,17,-35.3594309,149.1681686,100.009,0.07852671156806304,-18.1,0.02
563.564,17,-35.359446999999996,149.1681685,100.008,0.04520263548923404,-18.1,0.02
563.664,17,-35.3594632,149.1681685,100.006,-0.0006442488181024422,-18.09,0.02
563.764,17,-35.3594793,149.1681685,100.005,-0.02452286873763846,-18.080000000000002,0.02
563.864,17,-35.3594955,149.1681685,100.004,-0.059131649037977976,-18.07,0.02
563.964,17,-35.3595116,149.1681685,100.003,-0.0649092420238683,-18.07,0.02
564.065,17,-35.359527799999995,149.1681685,100.002,-0.060831285584040114,-18.07,0.02
564.165,17,-35.359544199999995,149.1681685,100.002,-0.041111622315714164,-18.07,0.02
564.265,17,-35.3595606,149.1681685,100.005,-0.046278193515366016,-18.080000000000002,0.01
564.364,17,-35.3595769,149.1681685,100.007,-0.053042855558028956,-18.080000000000002,0.01
564.464,17,-35.3595933,149.1681685,100.007,-0.04858962224498023,-18.09,0.02
564.564,17,-35.3596097,149.1681685,100.004,-0.010357926847944792,-18.1,0.02
564.664,17,-35.3596261,149.1681685,100.002,-0.022314733279007466,-18.11,0.02
564.764,17,-35.3596425,149.1681685,100.0,-0.0730009017665376,-18.11,0.02
564.864,17,-35.3596588,149.1681685,99.997,-0.09892383088447641,-18.12,0.02
564.964,17,-35.359674999999996,149.1681685,99.994,-0.08277667004707787,-18.11,0.02
565.064,17,-35.3596912,149.1681685,99.991,-0.07135910171490241,-18.11,0.03
565.164,17,-35.3597074,149.1681685,99.99000000000001,-0.10858776815757093,-18.11,0.03
565.264,17,-35.359723599999995,149.1681685,99.988,-0.1300349957083407,-18.1,0.03
565.364,17,-35.3597397,149.1681685,99.989,-0.15368856779411633,-18.1,0.03
565.464,17,-35.359755799999995,149.1681685,99.993,-0.13689470677021526,-18.09,0.03
565.564,17,-35.3597719,149.1681685,100.001,-0.11460833311699255,-18.09,0.03
565.664,17,-35.359788099999996,149.1681685,100.007,-0.11322731422354093,-18.080000000000002,0.03
565.764,17,-35.3598042,149.1681685,100.01,-0.08880815397102225,-18.080000000000002,0.03
565.864,17,-35.359820299999996,149.1681686,100.011,-0.051108998218309595,-18.080000000000002,0.03
565.964,17,-35.3598364,149.1681686,100.008,-0.01809209055409274,-18.080000000000002,0.03
566.064,17,-35.359852599999996,149.1681686,100.003,-0.016487673114960796,-18.080000000000002,0.03
566.165,17,-35.359868899999995,149.1681686,100.0,-0.018101873932964925,-18.080000000000002,0.02
566.265,17,-35.3598851,149.1681686,99.996,0.012135596971253005,-18.080000000000002,0.02
566.365,17,-35.3599014,149.1681685,99.992,0.04812534280419126,-18.09,0.01
566.464,17,-35.3599178,149.1681685,99.989,0.10060557153450032,-18.1,0.01
566.564,17,-35.3599342,149.1681685,99.986,0.09475906300710164,-18.11,0.01
566.664,17,-35.3599506,149.1681685,99.985,0.07328359422493945,-18.12,0.0
566.764,17,-35.359967,149.1681685,99.985,0.03109229509226081,-18.13,0.01
566.864,17,-35.3599834,149.1681685,99.983,-0.01590074375380249,-18.14,0.01
566.964,17,-35.3599998,149.1681685,99.98100000000001,-0.09568900927085475,-18.14,0.01
567.064,17,-35.3600162,149.1681685,99.97800000000001,-0.13011211548098103,-18.150000000000002,0.02
567.164,17,-35.360032499999996,149.1681685,99.97500000000001,-0.18042215498917102,-18.150000000000002,0.02
567.264,17,-35.3600488,149.1681685,99.973,-0.2255048853069063,-18.150000000000002,0.02
567.364,17,-35.360065,149.1681685,99.973,-0.25184801780114635,-18.150000000000002,0.02
567.464,17,-35.360081199999996,149.1681685,99.976,-0.27682738029763165,-18.150000000000002,0.02
567.564,17,-35.3600974,149.1681685,99.982,-0.30661484912426223,-18.14,0.03
567.664,17,-35.3601135,149.1681685,99.99000000000001,-0.308085020662681,-18.13,0.04
567.764,17,-35.3601297,149.1681685,99.996,-0.24062521658202202,-18.12,0.04
567.864,17,-35.3601459,149.1681685,99.998,-0.17903588005170967,-18.11,0.04
567.964,17,-35.360161999999995,149.1681686,100.0,-0.11837656982642975,-18.11,0.04
568.064,17,-35.3601782,149.1681686,100.002,-0.07797802859821416,-18.1,0.04
568.164,17,-35.360194299999996,149.1681686,100.004,0.002156559067699633,-18.1,0.03
568.265,17,-35.360210699999996,149.1681686,100.005,0.07041895685814056,-18.09,0.03
568.365,17,-35.360227,149.1681686,100.005,0.11283864711129811,-18.1,0.03
568.465,17,-35.3602434,149.1681686,100.005,0.10402091958355793,-18.1,0.03
568.564,17,-35.3602598,149.1681686,100.005,0.03967359735610872,-18.11,0.02
568.664,17,-35.3602761,149.1681686,100.004,-0.015179798610609134,-18.11,0.01
568.764,17,-35.3602926,149.1681686,100.002,0.00979611460699482,-18.12,0.01
568.864,17,-35.360309,149.1681685,100.0,0.04625221345011484,-18.13,0.01
568.964,17,-35.3603254,149.1681685,99.999,-0.01668118124538905,-18.14,0.01
569.064,17,-35.3603418,149.1681685,99.997,-0.05579270039004667,-18.150000000000002,0.01
569.164,17,-35.360358,149.1681685,99.994,-0.09051277975682967,-18.150000000000002,0.01
569.264,17,-35.3603743,149.1681685,99.988,-0.11583782052844774,-18.14,0.01
569.364,17,-35.3603905,149.1681685,99.983,-0.14482557025280499,-18.13,0.01
569.464,17,-35.3604067,149.1681685,99.982,-0.1573134639124758,-18.13,0.01
569.564,17,-35.360422799999995,149.1681685,99.983,-0.16671028342610597,-18.12,0.01
569.664,17,-35.360439,149.1681685,99.98400000000001,-0.16010521035422595,-18.11,0.01
569.764,17,-35.360455099999996,149.1681685,99.988,-0.19301272827001684,-18.1,0.01
569.864,17,-35.3604713,149.1681685,99.993,-0.22804688961691463,-18.09,0.01
569.964,17,-35.3604874,149.1681685,99.996,-0.2283330638709676,-18.09,0.01
570.064,17,-35.3605036,149.1681685,99.997,-0.21004365822309817,-18.09,0.01
570.164,17,-35.3605197,149.1681685,99.996,-0.18830148522808154,-18.080000000000002,0.01
570.265,17,-35.360535899999995,149.16816839999998,99.997,-0.17514788824817246,-18.080000000000002,0.01
570.365,17,-35.3605522,149.16816839999998,99.998,-0.15477314046933352,-18.080000000000002,0.01
570.465,17,-35.3605684,149.16816839999998,99.999,-0.17190229441237348,-18.07,0.02
570.565,17,-35.3605847,149.16816839999998,99.999,-0.20173307891133804,-18.080000000000002,0.03
570.664,17,-35.360600999999996,149.16816839999998,100.0,-0.21041670394565723,-18.09,0.03
570.764,17,-35.360617399999995,149.16816839999998,100.0,-0.17062162060278285,-18.1,0.03
570.864,17,-35.360633799999995,149.16816839999998,100.0,-0.1365980070879296,-18.11,0.03
570.964,17,-35.360650299999996,149.16816839999998,100.001,-0.15471641788271068,-18.12,0.03
571.064,17,-35.3606666,149.16816839999998,100.004,-0.14550805556127736,-18.12,0.03
571.164,17,-35.3606829,149.16816839999998,100.009,-0.08179084830024155,-18.12,0.03
571.264,17,-35.3606992,149.16816839999998,100.012,-0.03631625588919663,-18.12,0.03
571.364,17,-35.3607154,149.16816839999998,100.015,-0.029176346988792897,-18.12,0.02
571.464,17,-35.3607316,149.16816839999998,100.016,-0.00440107891569133,-18.12,0.02
571.564,17,-35.3607477,149.16816839999998,100.015,0.017135994137369878,-18.11,0.02
571.664,17,-35.360763899999995,149.16816839999998,100.014,-0.04069653824623713,-18.11,0.02
571.764,17,-35.3607801,149.16816839999998,100.014,-0.04889176473426073,-18.1,0.02
571.864,17,-35.3607963,149.16816839999998,100.011,-0.07900968064757699,-18.1,0.01
571.964,17,-35.3608124,149.16816839999998,100.005,-0.12562478791798842,-18.09,0.01
572.064,17,-35.3608286,149.16816839999998,99.999,-0.16184416050865535,-18.09,0.01
572.164,17,-35.360844799999995,149.16816839999998,99.995,-0.16195250972044997,-18.080000000000002,0.01
572.264,17,-35.360861,149.16816839999998,99.994,-0.18979412168556734,-18.080000000000002,0.0
572.365,17,-35.3608772,149.16816839999998,99.994,-0.18262865293662892,-18.080000000000002,0.0
572.465,17,-35.3608936,149.16816839999998,99.996,-0.19086475383796683,-18.080000000000002,0.01
572.565,17,-35.360909899999996,149.1681683,99.997,-0.20541080227405936,-18.080000000000002,0.01
572.665,17,-35.3609262,149.1681683,99.996,-0.21399889804149091,-18.09,0.01
572.764,17,-35.3609426,149.1681683,99.994,-0.23516149213283494,-18.1,0.0
572.864,17,-35.360959099999995,149.1681683,99.992,-0.245992304526624,-18.11,0.01
572.964,17,-35.360975499999995,149.1681682,99.988,-0.2783467772228422,-18.12,0.0
573.064,17,-35.3609919,149.1681682,99.986,-0.31733637849133106,-18.12,0.01
573.164,17,-35.361008399999996,149.1681682,99.986,-0.34002933516315464,-18.13,0.01
573.264,17,-35.3610247,149.1681682,99.989,-0.37311912041220696,-18.13,0.02
573.364,17,-35.361041,149.1681682,99.992,-0.38103501617556085,-18.13,0.02
573.464,17,-35.3610573,149.1681682,99.994,-0.40596822153429574,-18.13,0.03
573.564,17,-35.361073499999996,149.1681681,99.994,-0.4286782269986179,-18.13,0.03
573.664,17,-35.3610896,149.1681681,99.995,-0.4016083997292855,-18.12,0.04
573.764,17,-35.3611058,149.1681681,99.998,-0.3484422872711856,-18.12,0.04
573.864,17,-35.361122,149.1681681,100.001,-0.26596022916302403,-18.11,0.05
573.964,17,-35.3611381,149.1681681,100.005,-0.21826991404707774,-18.11,0.05
574.064,17,-35.361154299999995,149.1681682,100.008,-0.2196946087986204,-18.1,0.05
574.164,17,-35.3611704,149.1681682,100.011,-0.2642236268861219,-18.09,0.06
574.264,17,-35.361186599999996,149.1681682,100.012,-0.2520571389836251,-18.080000000000002,0.06
574.364,17,-35.3612027,149.1681683,100.009,-0.17782489551599434,-18.080000000000002,0.06
574.465,17,-35.361219,149.1681683,100.006,-0.09095943677595147,-18.080000000000002,0.06
574.565,17,-35.3612354,149.16816839999998,100.002,-0.012889124751479434,-18.09,0.06
574.665,17,-35.3612517,149.16816839999998,99.999,0.10525253475902213,-18.1,0.05
574.765,17,-35.3612681,149.16816839999998,99.998,0.2087624241245522,-18.11,0.05
574.864,17,-35.3612845,149.1681685,99.997,0.26333895730604656,-18.12,0.04
574.964,17,-35.361300899999996,149.1681685,99.995,0.2645352809474301,-18.13,0.03
575.064,17,-35.3613174,149.1681685,99.993,0.22443892222913472,-18.14,0.03
575.164,17,-35.3613338,149.1681685,99.993,0.1834049599646964,-18.150000000000002,0.03
575.264,17,-35.361350099999996,149.1681685,99.994,0.11464727319938955,-18.150000000000002,0.03
575.364,17,-35.3613664,149.1681685,99.995,-0.0029028802146141724,-18.150000000000002,0.03
575.464,17,-35.3613827,149.1681685,99.995,-0.06276252824196783,-18.14,0.03
575.564,17,-35.3613989,149.1681685,99.993,-0.08719594251231495,-18.14,0.04
575.664,17,-35.361415,149.1681686,99.992,-0.11132398596178167,-18.14,0.04
575.764,17,-35.3614312,149.1681686,99.993,-0.11987431558557983,-18.13,0.04
575.864,17,-35.361447399999996,149.1681686,99.995,-0.13186926168624613,-18.12,0.04
575.964,17,-35.3614635,149.1681686,99.996,-0.08894262332030688,-18.12,0.03
576.064,17,-35.3614797,149.1681686,99.998,-0.06290473491492161,-18.11,0.04
576.164,17,-35.3614958,149.1681686,100.002,-0.014702956024017702,-18.11,0.03
576.264,17,-35.361512,149.1681687,100.007,0.010048773242852442,-18.1,0.03
576.364,17,-35.3615281,149.1681687,100.01,-0.020036139816714232,-18.1,0.02
576.464,17,-35.3615443,149.1681687,100.012,-0.008330091041124948,-18.09,0.02
576.565,17,-35.3615606,149.1681687,100.013,0.01954439287689976,-18.09,0.02
576.665,17,-35.361576899999996,149.1681687,100.012,-0.019481807266565548,-18.09,0.02
576.765,17,-35.3615932,149.1681687,100.009,-0.04458002772781167,-18.09,0.02
576.864,17,-35.3616095,149.1681687,100.004,-0.0662362530640879,-18.1,0.02
576.964,18,-35.3616259,149.1681687,99.998,-0.07398215449034515,-18.11,0.02
577.064,18,-35.3616423,149.1681687,99.994,-0.20870978364317552,-18.12,0.01
577.164,18,-35.3616588,149.1681687,99.992,-1.0806573759971965,-18.13,0.0
577.264,18,-35.3616752,149.1681686,99.994,-3.8982689970822473,-18.13,0.01
577.364,18,-35.3616916,149.1681687,99.998,-9.27951635072048,-18.09,0.1
577.464,18,-35.3617079,149.16816889999998,100.005,-16.83908349295232,-17.94,0.35000000000000003
577.564,18,-35.3617239,149.1681695,100.011,-25.387881446829095,-17.7,0.74
577.664,18,-35.3617396,149.1681706,100.008,-33.458374913508216,-17.400000000000002,1.24
577.764,18,-35.361754999999995,149.16817229999998,99.98700000000001,-39.84664401403197,-17.07,1.82
577.864,18,-35.36177,149.16817469999998,99.949,-43.912105796712375,-16.7,2.48
577.964,18,-35.3617847,149.1681778,99.908,-45.77175457184258,-16.27,3.23
578.064,19,-35.361799,149.16818189999998,99.877,-46.06738564968824,-15.77,4.04
578.164,19,-35.3618127,149.1681868,99.87,-45.48204526800732,-15.19,4.8500000000000005
578.264,19,-35.361826,149.1681927,99.891,-44.67572436101439,-14.55,5.62
578.364,19,-35.3618386,149.1681993,99.947,-44.012072445404684,-13.870000000000001,6.32
578.464,19,-35.3618506,149.16820669999998,100.032,-43.67070300578203,-13.19,6.92
578.564,19,-35.361861999999995,149.1682147,100.139,-43.67814791197735,-12.51,7.44
578.665,19,-35.361872999999996,149.1682233,100.258,-43.8701001333168,-11.870000000000001,7.890000000000001
578.765,19,-35.361883399999996,149.1682323,100.379,-44.15475168207166,-11.28,8.28
578.865,19,-35.3618933,149.1682418,100.493,-44.447862420113594,-10.72,8.61
578.964,19,-35.3619027,149.1682516,100.595,-44.6260449800863,-10.200000000000001,8.91
579.064,19,-35.3619117,149.1682617,100.678,-44.71822179803021,-9.700000000000001,9.18
579.164,19,-35.3619202,149.1682721,100.743,-44.72709079866747,-9.19,9.43
579.264,19,-35.361928299999995,149.1682828,100.793,-44.650971755462265,-8.68,9.67
579.364,19,-35.3619359,149.1682937,100.82900000000001,-44.61408531884961,-8.15,9.89
579.464,19,-35.361943,149.1683048,100.85300000000001,-44.5876422414779,-7.59,10.11
579.564,19,-35.3619495,149.168316,100.869,-44.578052655883205,-6.98,10.31
579.664,19,-35.3619555,149.1683275,100.879,-44.560417107446234,-6.32,10.51
579.764,19,-35.3619608,149.1683391,100.889,-44.54785638956258,-5.62,10.68
579.864,19,-35.3619655,149.16835079999998,100.902,-44.537061275579376,-4.9,10.84
579.964,19,-35.3619696,149.16836279999998,100.918,-44.52806250134788,-4.16,10.98
580.064,19,-35.3619729,149.16837479999998,100.938,-44.595384260902115,-3.41,11.08
580.164,19,-35.3619756,149.168387,100.96000000000001,-44.65184260458144,-2.66,11.16
580.264,19,-35.3619777,149.16839919999998,100.983,-44.6798224745164,-1.93,11.21
580.364,19,-35.361979,149.1684115,101.006,-44.71670208093988,-1.23,11.23
580.464,19,-35.3619798,149.1684237,101.025,-44.73579587476465,-0.53,11.23
580.564,19,-35.361979999999996,149.16843599999999,101.039,-44.7256496287526,0.15,11.21
580.665,19,-35.3619795,149.1684483,101.053,-44.674573474139244,0.8300000000000001,11.17
580.765,19,-35.3619785,149.1684606,101.063,-44.6128797904611,1.51,11.1
580.865,19,-35.3619769,149.1684727,101.068,-44.602672072746515,2.18,11.02
580.965,19,-35.361974599999996,149.16848489999998,101.06700000000001,-44.64827724583469,2.85,10.92
581.064,19,-35.3619717,149.16849689999998,101.062,-44.65595779355637,3.54,10.8
581.164,19,-35.3619682,149.16850879999998,101.055,-44.72654096843928,4.24,10.66
581.264,19,-35.361964,149.1685206,101.045,-44.78311201023991,4.94,10.49
581.364,19,-35.3619592,149.1685321,101.036,-44.79904342647897,5.64,10.3
581.464,19,-35.361953799999995,149.1685434,101.027,-44.7814522742716,6.33,10.08
581.564,19,-35.3619477,149.1685545,101.018,-44.749674819158116,7.0200000000000005,9.84
581.664,19,-35.361941099999996,149.1685652,101.008,-44.7424348186379,7.69,9.58
581.764,19,-35.3619339,149.1685756,100.998,-44.73631838423616,8.35,9.290000000000001
581.864,19,-35.3619261,149.1685856,100.989,-44.760992442612825,9.02,8.97
581.964,19,-35.3619178,149.1685952,100.98400000000001,-44.78372331217063,9.67,8.63
582.064,19,-35.3619088,149.1686044,100.98,-44.772999915173706,10.3,8.27
582.164,19,-35.3618994,149.16861319999998,100.977,-44.77586517953053,10.91,7.88
582.264,19,-35.361889399999995,149.1686216,100.974,-44.757246083853076,11.51,7.48
582.364,19,-35.3618788,149.16862949999998,100.97,-44.725967232549,12.08,7.07
582.464,19,-35.3618678,149.168637,100.96600000000001,-44.70592062733501,12.65,6.63
582.564,19,-35.3618562,149.1686439,100.96000000000001,-44.71272008065376,13.200000000000001,6.17
582.664,19,-35.3618442,149.1686504,100.953,-44.76356059374075,13.74,5.7
582.765,19,-35.361831599999995,149.16865629999998,100.943,-44.79105893533922,14.26,5.21
582.865,19,-35.3618185,149.1686618,100.93,-44.799128803843594,14.77,4.7
582.965,19,-35.361804899999996,149.1686667,100.914,-44.76425044284692,15.27,4.17
583.065,19,-35.3617908,149.1686709,100.896,-44.690084833744336,15.76,3.61
583.164,19,-35.361776299999995,149.1686746,100.875,-44.526003199313124,16.22,3.0500000000000003
583.264,19,-35.3617614,149.1686776,100.854,-44.18511870312154,16.66,2.48
583.364,19,-35.361746,149.16868,100.83200000000001,-43.49330591756387,17.080000000000002,1.9000000000000001
583.464,19,-35.3617304,149.1686818,100.81,-42.40742195274774,17.45,1.33
583.564,19,-35.3617144,149.1686829,100.787,-40.944470564611876,17.78,0.77
583.664,19,-35.3616982,149.1686834,100.766,-39.10756631941782,18.06,0.23
583.764,19,-35.3616818,149.1686834,100.751,-36.94233488082125,18.29,-0.26
583.864,19,-35.3616653,149.1686828,100.741,-34.47563596773323,18.46,-0.73
583.964,19,-35.3616488,149.16868169999998,100.73400000000001,-31.71790610920557,18.580000000000002,-1.1500000000000001
584.064,19,-35.361632199999995,149.1686803,100.72500000000001,-28.70225464723988,18.650000000000002,-1.5
584.164,19,-35.3616155,149.1686785,100.712,-25.506267408165634,18.68,-1.78
584.264,19,-35.361598799999996,149.16867639999998,100.688,-22.16536404547123,18.68,-2.0100000000000002
584.364,19,-35.3615822,149.1686741,100.649,-18.791228397370126,18.66,-2.18
584.464,19,-35.3615655,149.16867159999998,100.59700000000001,-15.48903342424948,18.63,-2.32
584.564,19,-35.361548899999995,149.168669,100.531,-12.296648256188769,18.59,-2.42
584.664,19,-35.3615323,149.1686664,100.453,-9.33058909023925,18.55,-2.5
584.764,19,-35.3615158,149.1686636,100.36500000000001,-6.711845470471702,18.52,-2.5500000000000003
584.865,19,-35.3614992,149.1686608,100.274,-4.397576742864513,18.490000000000002,-2.58
584.965,19,-35.361482599999995,149.168658,100.18,-2.372535363869275,18.47,-2.6
585.065,19,-35.361466,149.1686551,100.092,-0.6295529965912087,18.45,-2.59
585.165,19,-35.3614493,149.1686523,100.008,0.8769056827014288,18.43,-2.56
585.264,19,-35.3614327,149.1686495,99.934,2.211965727331915,18.42,-2.5100000000000002
585.364,19,-35.361416,149.1686468,99.871,3.3867360664593056,18.41,-2.45
585.464,19,-35.361399299999995,149.1686441,99.82000000000001,4.4350932644281,18.39,-2.38
585.564,19,-35.3613826,149.1686415,99.775,5.349356346629796,18.38,-2.3000000000000003
585.664,19,-35.361366,149.16863899999998,99.736,6.136789646133526,18.36,-2.21
585.764,19,-35.361349499999996,149.16863659999999,99.699,6.775822571766742,18.34,-2.12
585.864,19,-35.361333099999996,149.16863429999998,99.662,7.254291837278122,18.32,-2.0100000000000002
585.964,19,-35.361316699999996,149.1686322,99.625,7.599563022464143,18.3,-1.9100000000000001
586.064,19,-35.3613004,149.1686301,99.586,7.809196042243821,18.28,-1.8
586.164,19,-35.361284,149.1686282,99.546,7.939163443091762,18.26,-1.69
586.264,19,-35.3612677,149.1686264,99.509,7.933140923791104,18.240000000000002,-1.58
586.364,19,-35.3612515,149.16862469999998,99.476,7.822864958320309,18.22,-1.47
586.464,19,-35.361235199999996,149.1686231,99.45,7.6684873151523885,18.2,-1.37
586.564,19,-35.361219,149.1686217,99.429,7.514385440872207,18.18,-1.27
586.664,19,-35.3612027,149.1686203,99.41,7.307813199614341,18.16,-1.17
586.764,19,-35.361186499999995,149.1686191,99.394,7.0821749121752084,18.14,-1.07
586.864,19,-35.3611703,149.1686179,99.379,6.7674632739962925,18.12,-0.98
586.965,19,-35.3611541,149.1686168,99.36200000000001,6.428786209567095,18.1,-0.91
587.065,19,-35.3611377,149.1686158,99.343,6.061602069976379,18.09,-0.8300000000000001
587.165,19,-35.3611214,149.1686149,99.32300000000001,5.710185422084638,18.09,-0.76
587.265,19,-35.361104999999995,149.168614,99.306,5.3770156245605865,18.080000000000002,-0.7000000000000001
587.364,19,-35.361088699999996,149.16861319999998,99.291,5.011297841207308,18.09,-0.64
587.464,19,-35.3610723,149.1686125,99.283,4.675385295844673,18.09,-0.58
587.564,19,-35.3610559,149.16861179999998,99.278,4.415251991776036,18.080000000000002,-0.52
587.664,19,-35.3610395,149.1686112,99.275,4.203907582722447,18.080000000000002,-0.47000000000000003
587.764,19,-35.3610232,149.1686106,99.274,3.9723214811767025,18.07,-0.43
587.864,19,-35.3610069,149.1686101,99.276,3.745120361078106,18.07,-0.39
587.964,19,-35.360990699999995,149.1686096,99.279,3.512316351425983,18.07,-0.35000000000000003
588.064,19,-35.3609745,149.1686092,99.284,3.295146431340608,18.06,-0.31
588.164,19,-35.3609584,149.1686088,99.288,3.1063604295682787,18.05,-0.27
588.264,19,-35.3609423,149.16860839999998,99.291,2.921508616757877,18.04,-0.24
588.364,19,-35.360926299999996,149.1686081,99.293,2.699549666847265,18.02,-0.2
588.464,19,-35.3609102,149.1686078,99.297,2.5113066651139517,18.01,-0.17
588.564,19,-35.3608942,149.1686076,99.301,2.358579579847647,18.0,-0.14
588.664,19,-35.3608781,149.16860739999998,99.306,2.1950181070104096,18.0,-0.12
588.764,19,-35.3608621,149.1686072,99.311,2.030423354617796,17.990000000000002,-0.09
588.864,19,-35.360846099999996,149.16860699999998,99.315,1.8697559609979397,17.98,-0.06
588.964,19,-35.36083,149.1686069,99.321,1.7131880682622662,17.97,-0.04
589.065,19,-35.360813799999995,149.1686068,99.327,1.5642883435304016,17.97,-0.03
589.165,19,-35.3607976,149.1686067,99.331,1.411899566071424,17.98,-0.01
589.265,19,-35.3607814,149.1686067,99.336,1.2491772460067458,17.98,0.0
589.364,19,-35.3607651,149.1686066,99.34,1.1273701069479716,17.990000000000002,0.01
589.464,19,-35.3607489,149.1686066,99.345,1.0199777619673918,18.0,0.02
589.564,19,-35.3607326,149.16860649999998,99.349,0.8740609622729714,18.01,0.04
589.664,19,-35.3607163,149.16860649999998,99.35600000000001,0.7285990104885915,18.01,0.05
589.764,19,-35.3607,149.16860649999998,99.36500000000001,0.6286775050778305,18.02,0.06
589.864,19,-35.3606838,149.1686066,99.374,0.5918264467106432,18.02,0.07
589.964,19,-35.3606677,149.1686066,99.384,0.5245006317315929,18.02,0.08
590.064,19,-35.360651499999996,149.1686066,99.395,0.4379823320303504,18.02,0.09
590.164,19,-35.3606355,149.1686067,99.406,0.3501644287569544,18.02,0.09
590.264,19,-35.3606194,149.1686068,99.419,0.22118250948041215,18.01,0.08
590.364,19,-35.360603399999995,149.1686068,99.432,0.1333269868057282,18.01,0.08
590.464,19,-35.3605873,149.1686069,99.44500000000001,0.09023604370363175,18.0,0.08
590.564,19,-35.3605713,149.1686069,99.458,0.043018889275427415,18.0,0.08
590.664,19,-35.3605553,149.16860699999998,99.468,-0.014238318064998371,18.0,0.08
590.764,19,-35.3605392,149.16860699999998,99.474,-0.050545110740440165,18.0,0.08
590.864,19,-35.360523199999996,149.1686071,99.477,-0.0792078361747867,18.0,0.08
590.964,19,-35.3605071,149.1686071,99.482,-0.11863842487177775,18.0,0.08
591.064,19,-35.3604911,149.1686072,99.488,-0.1519726428477093,18.0,0.08
591.165,19,-35.3604749,149.1686072,99.495,-0.16208196314956286,18.01,0.07
591.265,19,-35.360458699999995,149.1686073,99.504,-0.1711062305285232,18.01,0.07
591.365,19,-35.3604425,149.1686073,99.514,-0.1351540757489198,18.02,0.07
591.464,19,-35.3604262,149.16860739999998,99.525,-0.129797539912977,18.03,0.07
591.564,19,-35.3604099,149.1686075,99.538,-0.1436375575642591,18.03,0.07
591.664,19,-35.3603935,149.1686075,99.551,-0.15146698206550357,18.04,0.08
591.764,19,-35.360377199999995,149.1686076,99.561,-0.17017937919423776,18.05,0.08
591.864,19,-35.360360899999996,149.1686077,99.57000000000001,-0.1476082320093505,18.06,0.08
591.964,19,-35.3603445,149.1686078,99.57900000000001,-0.1764275882221978,18.06,0.08
592.064,19,-35.3603282,149.16860789999998,99.589,-0.22845603395645428,18.07,0.07
592.164,19,-35.360312,149.16860789999998,99.599,-0.23857101050871424,18.07,0.07
592.264,19,-35.3602959,149.168608,99.61,-0.28848272459028823,18.07,0.06
592.364,19,-35.3602797,149.1686081,99.622,-0.2992488102695208,18.07,0.06
592.464,19,-35.360263599999996,149.1686081,99.634,-0.3060764914794477,18.06,0.05
592.564,19,-35.3602476,149.1686082,99.645,-0.3055576105459383,18.05,0.05
592.664,19,-35.3602315,149.1686083,99.655,-0.339500795915272,18.05,0.05
592.764,19,-35.3602154,149.1686083,99.664,-0.3332155010945529,18.04,0.05
592.864,19,-35.3601993,149.16860839999998,99.669,-0.32192140977596656,18.04,0.04
592.964,19,-35.3601832,149.16860839999998,99.671,-0.3330374359284565,18.04,0.04
593.064,19,-35.3601671,149.1686085,99.673,-0.34518015157099047,18.04,0.04
593.165,19,-35.360151,149.1686085,99.677,-0.34191030522755267,18.04,0.03
593.265,19,-35.360134699999996,149.1686086,99.685,-0.3005594595382228,18.03,0.03
593.365,19,-35.3601185,149.1686086,99.697,-0.23625200120293624,18.03,0.03
593.465,19,-35.3601022,149.1686087,99.71000000000001,-0.17403203277294807,18.04,0.03
593.564,19,-35.3600859,149.1686087,99.72,-0.17918078144773442,18.04,0.02
593.664,19,-35.360069599999996,149.1686088,99.73100000000001,-0.19781069603811277,18.04,0.02
593.764,19,-35.360053199999996,149.1686088,99.739,-0.25829894470923825,18.05,0.02
593.864,19,-35.3600369,149.1686088,99.746,-0.32673127701425714,18.05,0.01
593.964,19,-35.3600206,149.16860889999998,99.75,-0.3171675447527848,18.06,0.0
594.064,19,-35.3600043,149.16860889999998,99.751,-0.2733948633941565,18.07,0.0
594.164,19,-35.359988099999995,149.16860889999998,99.749,-0.21273836795386655,18.07,0.01
594.264,19,-35.359972,149.168609,99.751,-0.17506983466060655,18.06,0.02
594.364,19,-35.359955899999996,149.168609,99.756,-0.1326225034856516,18.06,0.03
594.464,19,-35.3599397,149.1686091,99.763,-0.09380201610018665,18.05,0.03
594.564,19,-35.359923699999996,149.1686091,99.773,-0.03759889738023759,18.05,0.03
594.664,19,-35.3599076,149.1686092,99.787,-0.06279751962125092,18.04,0.03
594.764,19,-35.359891499999996,149.1686092,99.799,-0.10845703406798865,18.04,0.02
594.864,19,-35.3598755,149.16860929999999,99.807,-0.18363808019076278,18.04,0.01
594.964,19,-35.3598594,149.16860929999999,99.81400000000001,-0.22178389963270384,18.03,0.0
595.064,19,-35.3598433,149.16860929999999,99.82000000000001,-0.243250650585525,18.03,0.0
595.164,19,-35.3598272,149.16860939999998,99.824,-0.25874440110917,18.03,0.0
595.265,19,-35.3598111,149.16860939999998,99.827,-0.2697103231824784,18.03,0.0
595.365,19,-35.3597949,149.16860939999998,99.82900000000001,-0.30432209335810645,18.03,0.0
595.465,19,-35.3597787,149.16860939999998,99.83,-0.30858186356394657,18.03,0.0
595.565,19,-35.359762499999995,149.1686095,99.828,-0.2980480843577737,18.04,-0.01
595.664,19,-35.3597462,149.1686095,99.824,-0.27466229037201695,18.05,-0.01
595.764,19,-35.3597299,149.1686095,99.821,-0.22523119749242976,18.06,-0.01
595.864,19,-35.3597135,149.1686095,99.82000000000001,-0.20481065276159738,18.07,-0.02
595.964,19,-35.3596971,149.1686095,99.82000000000001,-0.19092119628011198,18.080000000000002,-0.02
596.064,19,-35.3596808,149.1686095,99.821,-0.12448337259422938,18.09,-0.01
596.164,19,-35.359664599999995,149.1686095,99.824,-0.02967529430869431,18.09,-0.01
596.264,19,-35.359648299999996,149.1686095,99.828,0.010398542794627898,18.1,0.0
596.364,19,-35.3596322,149.1686095,99.836,-0.007818079483661896,18.09,0.0
596.464,19,-35.359615999999995,149.1686095,99.842,-0.018478980082923632,18.09,0.0
596.564,19,-35.3595999,149.1686096,99.849,-0.02258744725791874,18.09,0.01
596.664,19,-35.3595837,149.1686096,99.85300000000001,-0.0412863257480784,18.09,0.01
596.764,19,-35.3595676,149.1686097,99.855,-0.07666121615100331,18.080000000000002,0.02
596.864,19,-35.3595514,149.1686097,99.858,-0.11746736759423791,18.080000000000002,0.02
596.964,19,-35.3595353,149.16860979999998,99.86200000000001,-0.15274222640831256,18.080000000000002,0.02
597.064,19,-35.3595192,149.16860979999998,99.86500000000001,-0.2414788034652885,18.080000000000002,0.01
597.164,19,-35.359503,149.16860979999998,99.869,-0.2960587917620075,18.080000000000002,0.01
597.264,19,-35.3594868,149.1686099,99.873,-0.36707576369849443,18.080000000000002,0.01
597.365,19,-35.359470699999996,149.1686099,99.877,-0.44744131693759825,18.080000000000002,0.0
597.465,19,-35.359454299999996,149.1686099,99.882,-0.5084922157818168,18.09,0.0
597.565,19,-35.359438,149.16861,99.887,-0.5483144597988125,18.1,0.0
597.665,19,-35.3594216,149.16861,99.891,-0.5335720300838689,18.11,0.0
597.764,19,-35.3594052,149.16861,99.894,-0.5003828068854547,18.12,0.0
597.864,19,-35.3593888,149.16861,99.898,-0.468262721735559,18.12,0.0
597.964,19,-35.3593724,149.16861,99.902,-0.4123436428355473,18.14,-0.01
598.064,19,-35.359356,149.16861,99.906,-0.3909152316555281,18.150000000000002,-0.01
598.164,19,-35.3593395,149.16861,99.91,-0.39088126747266316,18.16,-0.02
598.264,19,-35.3593231,149.16861,99.913,-0.36701290461378916,18.17,-0.01
598.364,19,-35.3593069,149.16861,99.915,-0.34670942025398577,18.16,-0.01
598.464,19,-35.3592906,149.16861,99.916,-0.34469280690153953,18.16,-0.01
598.564,19,-35.3592744,149.16861,99.916,-0.34206414456643663,18.16,-0.01
598.664,19,-35.3592582,149.16861,99.916,-0.3358253003681589,18.16,-0.02
598.764,19,-35.359242,149.16861,99.918,-0.28591534719473033,18.150000000000002,-0.02
598.864,19,-35.3592259,149.16861,99.923,-0.21047271950097926,18.14,-0.02
598.964,19,-35.3592097,149.16861,99.926,-0.16417957827669724,18.14,-0.03
599.064,19,-35.359193499999996,149.16861,99.93,-0.13479845234482957,18.13,-0.03
599.164,19,-35.3591774,149.16861,99.932,-0.14010695007295754,18.12,-0.03
599.264,19,-35.359161199999996,149.16861,99.931,-0.1477032943687753,18.12,-0.03
599.364,19,-35.3591451,149.16861,99.931,-0.18879441944687284,18.11,-0.04
599.465,19,-35.3591289,149.16861,99.93,-0.19178955077941598,18.11,-0.04
599.565,19,-35.3591124,149.1686099,99.931,-0.1536395024898833,18.12,-0.04
599.665,19,-35.359096099999995,149.1686099,99.93,-0.13416858083730746,18.13,-0.04
599.764,19,-35.359079699999995,149.16860979999998,99.929,-0.13507911709082157,18.14,-0.05
599.864,19,-35.359063299999995,149.16860979999998,99.927,-0.12970954786656017,18.14,-0.04
599.964,19,-35.359046899999996,149.16860979999998,99.927,-0.1062980339497101,18.150000000000002,-0.04
600.064,19,-35.359030499999996,149.1686097,99.927,-0.06948170682764804,18.16,-0.04
600.164,19,-35.359014099999996,149.1686097,99.928,-0.03841015910200181,18.17,-0.04
600.264,19,-35.358997699999996,149.1686096,99.931,-0.025336981929979022,18.17,-0.04
600.364,19,-35.3589814,149.1686096,99.936,0.0017301642691568383,18.17,-0.04
600.464,19,-35.3589652,149.1686096,99.944,0.017163723438079873,18.17,-0.04
600.564,19,-35.358948999999996,149.1686095,99.955,0.0449393530410712,18.16,-0.04
600.664,19,-35.3589328,149.1686095,99.965,0.10589293836488356,18.150000000000002,-0.04
600.764,19,-35.3589166,149.16860939999998,99.97200000000001,0.16401173171392947,18.150000000000002,-0.04
600.864,19,-35.3589005,149.16860939999998,99.97500000000001,0.18767058652414126,18.14,-0.03
600.964,19,-35.3588843,149.16860939999998,99.97200000000001,0.195685439989181,18.13,-0.02
601.064,19,-35.358868199999996,149.16860939999998,99.967,0.23856201920500217,18.13,-0.02
601.164,19,-35.358852,149.16860939999998,99.96300000000001,0.23296115736388592,18.12,-0.01
601.264,19,-35.358835899999995,149.16860939999998,99.96000000000001,0.20889797403110788,18.12,0.0
601.364,19,-35.3588197,149.16860939999998,99.96000000000001,0.16683668194639087,18.11,0.0
601.464,19,-35.3588036,149.16860939999998,99.961,0.11278827446616926,18.1,0.0
601.565,19,-35.358787299999996,149.16860939999998,99.96300000000001,0.10284877507864044,18.09,0.0
601.665,19,-35.358771,149.16860939999998,99.965,0.04220543308858807,18.1,0.0
601.765,19,-35.3587547,149.16860939999998,99.967,-0.09516143051832415,18.1,0.0
601.864,19,-35.3587384,149.16860939999998,99.968,-0.18200733250578255,18.11,0.0
601.964,19,-35.358722,149.16860939999998,99.968,-0.19840065362767262,18.12,0.0
602.064,19,-35.3587056,149.16860939999998,99.96600000000001,-0.2140747504938751,18.13,0.0
602.164,19,-35.3586892,149.16860939999998,99.962,-0.22533551795983114,18.14,0.0
602.264,19,-35.3586728,149.16860939999998,99.959,-0.21105950211979213,18.150000000000002,0.0
602.364,19,-35.3586564,149.16860939999998,99.95700000000001,-0.19914694517598908,18.16,0.0
602.464,19,-35.35864,149.16860939999998,99.95700000000001,-0.20045283198857056,18.16,0.0
602.564,19,-35.358623699999995,149.16860939999998,99.961,-0.21055422820376984,18.16,-0.01
602.664,19,-35.3586075,149.16860939999998,99.964,-0.18904899073580125,18.16,-0.01
602.764,19,-35.3585913,149.16860939999998,99.968,-0.13817550064172487,18.150000000000002,-0.01
602.864,19,-35.358575099999996,149.16860929999999,99.973,-0.09194146990223254,18.14,-0.01
602.964,19,-35.3585589,149.16860929999999,99.97800000000001,-0.10717571992816335,18.14,-0.02
603.064,19,-35.358542799999995,149.16860929999999,99.985,-0.13735841258183565,18.13,-0.02
603.164,19,-35.3585266,149.16860929999999,99.989,-0.1214974593490231,18.12,-0.02
603.264,19,-35.3585105,149.1686092,99.991,-0.06958722124413284,18.11,-0.03
603.364,19,-35.3584943,149.1686092,99.989,0.007689554866894628,18.11,-0.03
603.464,19,-35.3584782,149.1686092,99.985,0.046978407967211325,18.1,-0.03
603.564,19,-35.358461999999996,149.1686092,99.98100000000001,0.05674090273559501,18.1,-0.03
603.665,19,-35.3584457,149.1686091,99.97800000000001,0.09390780399104252,18.1,-0.02
603.765,19,-35.3584294,149.1686091,99.976,0.07365812071116622,18.1,-0.02
603.865,19,-35.3584131,149.1686091,99.973,0.07341011280714335,18.11,-0.02
603.964,19,-35.3583967,149.1686091,99.967,0.06711880155026081,18.11,-0.02
604.064,19,-35.3583803,149.1686091,99.962,0.09586344589895451,18.12,-0.02
604.164,19,-35.3583639,149.1686091,99.96000000000001,0.11140829610934902,18.13,-0.01
604.264,19,-35.3583475,149.1686091,99.962,0.12038245764744497,18.14,-0.01
604.364,19,-35.3583311,149.1686091,99.96300000000001,0.13253077617953246,18.14,-0.01
604.464,19,-35.3583147,149.168609,99.96600000000001,0.11403915957963363,18.150000000000002,-0.02
604.564,19,-35.358298399999995,149.168609,99.96600000000001,0.12762620676757405,18.150000000000002,-0.02
604.664,19,-35.3582822,149.168609,99.965,0.13640894958613775,18.150000000000002,-0.01
604.764,19,-35.358266,149.168609,99.964,0.16102328382821088,18.14,-0.01
604.864,19,-35.358249799999996,149.168609,99.96300000000001,0.17212819758308637,18.13,-0.01
604.964,19,-35.3582337,149.168609,99.965,0.19299702683905373,18.12,-0.01
605.064,19,-35.358217499999995,149.168609,99.96600000000001,0.17617984712243942,18.11,-0.01
605.164,19,-35.3582014,149.168609,99.967,0.16522453051864308,18.1,0.0
605.264,19,-35.358185299999995,149.168609,99.96900000000001,0.16077500911992357,18.09,0.0
605.364,19,-35.3581692,149.168609,99.97,0.1374031423167713,18.09,0.0
605.464,19,-35.358153,149.168609,99.97200000000001,0.08612753150541702,18.080000000000002,0.0
605.564,19,-35.3581369,149.168609,99.973,0.056468862437451486,18.080000000000002,0.0
605.665,19,-35.3581207,149.168609,99.97200000000001,-0.00332993337352359,18.080000000000002,0.0
605.765,19,-35.358104499999996,149.168609,99.967,-0.04713722654068065,18.080000000000002,0.0
605.865,19,-35.3580882,149.168609,99.961,-0.048264024325800944,18.080000000000002,0.0
605.965,19,-35.3580719,149.168609,99.955,-0.04864508751650683,18.09,0.0
606.064,19,-35.3580556,149.168609,99.95,-0.0563255952175465,18.09,0.0
606.164,19,-35.3580392,149.168609,99.944,-0.09423234469832391,18.1,0.0
606.264,19,-35.3580228,149.168609,99.94200000000001,-0.10413543197386142,18.11,0.0
606.364,19,-35.3580064,149.168609,99.944,-0.07612594676554985,18.11,0.0
606.464,19,-35.35799,149.168609,99.947,-0.06983887769647211,18.12,0.0
606.564,19,-35.3579736,149.168609,99.95400000000001,-0.03269909709450631,18.13,0.0
606.664,19,-35.3579572,149.168609,99.961,-0.0008022283651143514,18.13,0.0
606.764,19,-35.357941,149.168609,99.967,0.020542737748898855,18.13,0.01
606.864,19,-35.3579247,149.1686091,99.973,0.04583233357398426,18.12,0.01
606.964,19,-35.3579085,149.1686091,99.979,0.04901874688887413,18.12,0.02
607.064,19,-35.3578924,149.1686091,99.982,-0.015375055976496212,18.11,0.02
607.164,19,-35.3578762,149.1686091,99.985,-0.09313381816007578,18.11,0.01
607.264,19,-35.357860099999996,149.1686091,99.98400000000001,-0.14792216724711985,18.1,0.01
607.364,19,-35.3578439,149.1686091,99.982,-0.195204565323143,18.1,0.0
607.464,19,-35.357827799999995,149.1686091,99.98,-0.23438389110408486,18.1,0.0
607.564,19,-35.3578116,149.1686091,99.97800000000001,-0.2285140372035465,18.09,0.0
607.664,19,-35.3577955,149.1686091,99.97500000000001,-0.2332466912877042,18.1,0.0
607.765,19,-35.3577793,149.1686091,99.971,-0.25041925428457074,18.1,-0.01
607.865,19,-35.3577629,149.1686091,99.967,-0.23854907919817617,18.1,-0.01
607.965,19,-35.3577466,149.1686091,99.964,-0.1753093448488066,18.11,-0.01
608.065,19,-35.3577303,149.1686091,99.96300000000001,-0.09788684274982452,18.12,-0.01
608.164,19,-35.3577139,149.1686091,99.96300000000001,-0.04837658237486731,18.13,-0.01
608.264,19,-35.3576975,149.1686091,99.96300000000001,-0.04790613975556946,18.14,-0.01
608.364,19,-35.357681,149.1686091,99.964,-0.048730474886291904,18.14,-0.02
608.464,19,-35.3576646,149.1686091,99.96600000000001,0.014698033485338532,18.150000000000002,-0.02
608.564,19,-35.3576481,149.1686091,99.967,0.05685583534261502,18.16,-0.03
608.664,19,-35.3576318,149.1686091,99.96900000000001,0.11500188274727487,18.17,-0.03
608.764,19,-35.3576155,149.1686091,99.97200000000001,0.16412617740316685,18.16,-0.02
608.864,19,-35.357599199999996,149.168609,99.974,0.20908374984044692,18.16,-0.02
608.964,19,-35.357583,149.168609,99.97800000000001,0.23070004458349436,18.150000000000002,-0.02
609.064,19,-35.3575668,149.168609,99.98,0.19760405613529344,18.150000000000002,-0.01
609.164,19,-35.3575507,149.168609,99.98100000000001,0.17106603646608326,18.14,-0.01
609.264,19,-35.3575345,149.168609,99.98,0.13438211763036292,18.13,-0.01
609.364,19,-35.357518299999995,149.168609,99.977,0.12869358390794722,18.13,-0.01
609.464,19,-35.3575022,149.168609,99.973,0.11524643553607306,18.12,0.0
609.564,19,-35.357486,149.168609,99.967,0.1254271393188812,18.12,0.0
609.664,19,-35.3574698,149.168609,99.96000000000001,0.11622325930909067,18.11,0.0
609.764,19,-35.3574537,149.168609,99.953,0.08752773362548287,18.11,0.0
609.865,19,-35.357437399999995,149.168609,99.947,0.07800609640683469,18.11,0.0
609.965,19,-35.357420999999995,149.168609,99.94200000000001,0.03766881010268436,18.11,0.0
610.065,19,-35.357404599999995,149.168609,99.94,0.01869035075885706,18.12,0.0
610.165,19,-35.357388199999995,149.168609,99.941,-0.001685259235481809,18.13,0.0
610.264,19,-35.357371799999996,149.168609,99.94500000000001,-0.022350134869847157,18.13,0.0
610.364,19,-35.357355399999996,149.168609,99.949,-0.022796948636474332,18.13,0.0
610.464,19,-35.357338899999995,149.168609,99.953,-0.04187933824646624,18.13,0.0
610.564,19,-35.357322499999995,149.168609,99.958,-0.05031720320269058,18.13,0.0
610.664,19,-35.3573062,149.168609,99.964,-0.019281428926327615,18.13,0.0
610.764,19,-35.3572899,149.168609,99.97,0.021541237700876664,18.13,0.0
610.864,19,-35.3572737,149.168609,99.976,0.012402481276985964,18.12,0.0
610.964,19,-35.357257499999996,149.168609,99.983,0.07097297591327852,18.11,0.0
611.064,19,-35.3572414,149.168609,99.986,0.09354298250993524,18.1,0.0
611.164,19,-35.357225199999995,149.168609,99.988,0.08746957696593859,18.1,0.0
611.264,19,-35.3572091,149.168609,99.98700000000001,0.060957150495796114,18.09,0.0
611.364,19,-35.357192999999995,149.168609,99.986,0.05842690558374357,18.080000000000002,0.0
611.464,19,-35.3571768,149.168609,99.985,0.03193469287168676,18.080000000000002,0.0
611.564,19,-35.3571607,149.168609,99.983,0.006772138398410927,18.080000000000002,0.0
611.664,19,-35.3571446,149.168609,99.982,-0.030113356895447408,18.07,0.0
611.764,19,-35.3571284,149.168609,99.98400000000001,-0.09741716719278697,18.07,0.01
611.864,19,-35.3571123,149.168609,99.985,-0.13718496312951434,18.07,0.01
611.965,19,-35.357096,149.168609,99.986,-0.13153203443619,18.07,0.01
612.065,19,-35.3570798,149.168609,99.98700000000001,-0.12972615643202243,18.080000000000002,0.0
612.165,19,-35.3570634,149.168609,99.986,-0.09887669324105407,18.09,0.0
612.264,19,-35.357047099999996,149.168609,99.986,-0.0700879061268065,18.1,0.0
612.364,19,-35.357030699999996,149.168609,99.982,-0.061847503006704295,18.11,0.0
612.464,19,-35.357014299999996,149.168609,99.979,-0.09516523914919922,18.12,0.0
612.564,19,-35.356997799999995,149.168609,99.976,-0.15477756942012347,18.12,0.0
612.664,19,-35.356981399999995,149.168609,99.977,-0.1369344872860453,18.13,0.0
612.764,19,-35.356964999999995,149.168609,99.98100000000001,-0.10816436313009625,18.13,0.0
612.864,19,-35.356948599999996,149.168609,99.98700000000001,-0.12590527924120853,18.13,-0.01
612.964,19,-35.3569324,149.168609,99.995,-0.09341328228687773,18.13,-0.01
613.064,19,-35.3569161,149.168609,100.004,-0.07314175440784929,18.12,-0.02
613.164,19,-35.3568999,149.168609,100.013,-0.05661711889710175,18.11,-0.02
613.264,19,-35.3568838,149.168609,100.021,-0.03326514568691781,18.1,-0.02
613.364,19,-35.3568676,149.168609,100.025,0.01708991370584543,18.09,-0.02
613.464,19,-35.3568515,149.16860889999998,100.028,0.06141436629368367,18.080000000000002,-0.02
613.564,19,-35.3568354,149.16860889999998,100.026,0.11199002278735047,18.07,-0.02
613.664,19,-35.3568192,149.16860889999998,100.022,0.13176280678472915,18.07,-0.02
613.764,19,-35.3568031,149.16860889999998,100.016,0.13748479776190733,18.07,-0.03
613.864,19,-35.356787,149.1686088,100.009,0.13984229358283276,18.06,-0.02
613.964,19,-35.3567708,149.1686088,100.003,0.1499568966091225,18.05,-0.02
614.065,19,-35.3567545,149.1686088,99.999,0.1772465839325779,18.05,-0.01
614.165,19,-35.356738199999995,149.1686088,99.994,0.2038344959992409,18.06,0.0
614.265,19,-35.3567219,149.1686088,99.989,0.2668476201465968,18.06,0.0
614.364,19,-35.3567055,149.1686088,99.985,0.278796609212711,18.06,0.0
614.464,19,-35.3566892,149.1686088,99.983,0.24093489629177334,18.07,0.0
614.564,19,-35.3566728,149.1686088,99.98400000000001,0.2203760002096085,18.07,0.0
614.664,19,-35.3566564,149.1686088,99.985,0.20011625840896233,18.080000000000002,0.0
614.764,19,-35.35664,149.1686088,99.988,0.16253467662548776,18.09,0.0
614.864,19,-35.3566237,149.1686088,99.99000000000001,0.10957875923703102,18.09,0.01
614.964,19,-35.356607499999996,149.1686088,99.992,0.06828996554950643,18.09,0.01
615.064,19,-35.3565913,149.1686088,99.995,0.04330481006542914,18.09,0.01
615.164,19,-35.3565751,149.1686088,99.999,0.013340859389259128,18.09,0.01
615.264,19,-35.356558899999996,149.1686088,100.003,-0.005459090809500509,18.09,0.01
615.364,19,-35.3565428,149.1686088,100.008,-0.029712816993436406,18.080000000000002,0.01
615.464,19,-35.356526699999996,149.1686088,100.01,-0.05183138076947769,18.080000000000002,0.01
615.564,19,-35.3565106,149.1686088,100.011,-0.06490520660936844,18.07,0.01
615.664,19,-35.356494399999995,149.1686088,100.008,-0.07159035431111758,18.06,0.02
615.764,19,-35.3564783,149.1686088,100.004,-0.030283261186104783,18.05,0.02
615.864,19,-35.356462199999996,149.1686088,99.999,0.025282580540456928,18.05,0.03
615.964,19,-35.356446,149.16860889999998,99.994,0.017850587671542583,18.05,0.02
616.065,19,-35.356429899999995,149.16860889999998,99.99000000000001,-0.0330795733158304,18.05,0.02
616.165,19,-35.356413599999996,149.16860889999998,99.989,-0.07912172509843429,18.05,0.01
616.265,19,-35.3563974,149.16860889999998,99.991,-0.10104665901460166,18.05,0.01
616.365,19,-35.3563811,149.16860889999998,99.99000000000001,-0.11104691640325319,18.06,0.01
616.464,19,-35.3563647,149.16860889999998,99.991,-0.15198019340839333,18.07,0.0
616.564,19,-35.3563483,149.16860889999998,99.995,-0.1917963276077331,18.080000000000002,0.0
616.664,19,-35.3563319,149.16860889999998,100.0,-0.20194928374703805,18.09,0.0
616.764,19,-35.3563155,149.16860889999998,100.003,-0.201234048215104,18.1,0.0
616.864,19,-35.3562991,149.1686088,100.006,-0.2091679532663085,18.11,-0.01
616.964,19,-35.3562827,149.1686088,100.007,-0.21624712417590936,18.12,-0.01
617.064,19,-35.3562663,149.1686088,100.008,-0.18323565931868738,18.13,-0.01
617.164,19,-35.356249999999996,149.1686088,100.005,-0.14317047667869337,18.13,-0.01
617.264,19,-35.3562337,149.1686088,100.002,-0.07304328362394606,18.14,-0.01
617.364,19,-35.3562175,149.1686088,100.001,0.03528547428874659,18.13,-0.01
617.464,19,-35.356201299999995,149.1686088,100.0,0.11343055237198847,18.13,0.0
617.564,19,-35.3561852,149.1686088,99.998,0.1487122146948067,18.12,0.0
617.664,19,-35.356169,149.1686088,100.001,0.13070432756657552,18.11,0.0
617.764,19,-35.3561528,149.1686088,100.006,0.11842287370652567,18.1,0.0
617.864,19,-35.3561366,149.1686088,100.01,0.07212767141930074,18.1,0.0
617.964,19,-35.356120499999996,149.1686088,100.015,0.030213325118284874,18.09,0.0
618.064,19,-35.3561043,149.1686087,100.018,0.033240069421112475,18.080000000000002,0.0
618.165,19,-35.356088199999995,149.1686087,100.019,0.01341293989635458,18.080000000000002,0.0
618.265,19,-35.356071799999995,149.1686087,100.018,-0.024313117230084936,18.07,0.0
618.365,19,-35.3560555,149.1686087,100.014,-0.02685057252738434,18.080000000000002,0.0
618.465,19,-35.3560391,149.1686087,100.008,0.0276331561257731,18.080000000000002,0.0
618.564,19,-35.3560227,149.1686087,99.999,0.1131626008491977,18.09,0.0
618.664,19,-35.3560064,149.1686087,99.992,0.13617213412100873,18.1,0.0
618.764,19,-35.3559899,149.1686087,99.98400000000001,0.15488226341349506,18.1,0.0
618.864,19,-35.3559735,149.1686087,99.98,0.16460786582221143,18.11,0.0
618.964,19,-35.3559571,149.1686087,99.976,0.1269854896667019,18.12,0.0
619.064,19,-35.3559408,149.1686087,99.97500000000001,0.04089588772253027,18.12,0.0
619.164,19,-35.3559245,149.1686087,99.97800000000001,-0.010803071420392482,18.12,0.0
619.264,19,-35.355908299999996,149.1686087,99.98400000000001,-0.031954246289217905,18.12,0.0
619.364,19,-35.3558921,149.1686087,99.992,-0.06285823760173395,18.11,0.0
619.464,19,-35.3558759,149.1686087,99.997,-0.04212022914673481,18.11,0.0
619.564,19,-35.3558598,149.1686087,99.999,-0.01353976530346261,18.1,0.0
619.664,19,-35.3558436,149.1686087,99.999,-6.833950061423613e-06,18.1,0.0
619.764,19,-35.3558275,149.1686087,99.996,0.020005287238583476,18.1,0.0
619.864,19,-35.3558113,149.1686087,99.991,-0.0018392133210435662,18.1,-0.01
619.964,19,-35.355795199999996,149.1686086,99.985,-0.019608400887468836,18.09,-0.01
620.064,19,-35.355779,149.1686086,99.979,0.03638778611249665,18.09,-0.01
620.164,19,-35.3557628,149.1686086,99.974,0.107265499563152,18.080000000000002,0.0
620.265,19,-35.355746599999996,149.1686086,99.96900000000001,0.15755481505010055,18.080000000000002,-0.01
620.365,19,-35.3557303,149.1686086,99.967,0.19970851479181106,18.080000000000002,-0.01
620.465,19,-35.3557141,149.1686085,99.968,0.2137583339764463,18.09,-0.01
620.565,19,-35.3556977,149.1686085,99.971,0.1655306750718904,18.1,-0.01
620.664,19,-35.3556813,149.1686085,99.97500000000001,0.11466709675623846,18.1,-0.01
620.764,19,-35.3556649,149.16860839999998,99.98,0.12197458541514553,18.11,-0.01
620.864,19,-35.3556485,149.16860839999998,99.98400000000001,0.13718603034657217,18.12,-0.01
620.964,19,-35.355632,149.16860839999998,99.986,0.12669427281205078,18.13,-0.02
621.064,19,-35.3556156,149.1686083,99.988,0.1998225869550782,18.13,-0.02
621.164,19,-35.3555993,149.1686083,99.98700000000001,0.2716604489122228,18.13,-0.01
621.264,19,-35.3555831,149.1686083,99.985,0.31562546946509573,18.13,0.0
621.364,19,-35.3555668,149.1686083,99.982,0.3187665293900818,18.12,0.0
621.464,19,-35.3555506,149.1686083,99.979,0.34050963620002406,18.12,0.0
621.564,19,-35.355534399999996,149.1686083,99.977,0.3389604639189005,18.11,0.0
621.664,19,-35.3555182,149.1686082,99.974,0.34052700515763995,18.1,0.0
621.764,19,-35.355502099999995,149.1686082,99.97500000000001,0.3327102805393835,18.09,0.0
621.864,19,-35.3554859,149.1686082,99.976,0.3054643357750853,18.09,-0.01
621.964,19,-35.3554697,149.1686082,99.97800000000001,0.29196171879663124,18.080000000000002,-0.01
622.064,19,-35.355453499999996,149.1686082,99.98,0.2687822712290029,18.080000000000002,-0.01
622.164,19,-35.3554373,149.1686081,99.982,0.2338984407449115,18.07,-0.01
622.264,19,-35.355421199999995,149.1686081,99.98400000000001,0.2313739921555042,18.07,0.0
622.365,19,-35.355405,149.1686081,99.986,0.28030765516444406,18.07,0.0
622.465,19,-35.3553886,149.1686081,99.986,0.3270840989735706,18.07,0.0
622.565,19,-35.3553722,149.1686081,99.982,0.374753990223073,18.080000000000002,0.0
622.665,19,-35.3553559,149.1686081,99.97500000000001,0.4090873768291702,18.080000000000002,0.0
622.764,19,-35.3553395,149.1686081,99.96900000000001,0.4321082893028601,18.09,0.0
622.864,19,-35.355323,149.1686081,99.965,0.41456809671000294,18.09,0.01
622.964,19,-35.3553066,149.1686081,99.96300000000001,0.37724271372146995,18.1,0.01
623.064,19,-35.3552902,149.1686081,99.964,0.3610516168918225,18.1,0.01
623.164,19,-35.3552738,149.1686081,99.968,0.3490465455693202,18.11,0.01
623.264,19,-35.3552574,149.1686081,99.97200000000001,0.30556836275779575,18.11,0.0
623.364,19,-35.3552411,149.1686081,99.97800000000001,0.27442443437025654,18.1,0.0
623.464,19,-35.355224899999996,149.1686081,99.98100000000001,0.2828254603276665,18.1,0.0
623.564,19,-35.3552087,149.1686081,99.983,0.2718469450930759,18.09,0.0
623.664,19,-35.3551925,149.1686081,99.986,0.254325642242142,18.09,0.0
623.764,19,-35.3551764,149.1686081,99.99000000000001,0.23859240821072342,18.080000000000002,0.0
623.864,19,-35.3551602,149.1686081,99.994,0.207981581423989,18.07,0.0
623.964,19,-35.3551441,149.1686081,99.996,0.20391110884377875,18.06,0.0
624.064,19,-35.355128,149.1686081,99.995,0.2174455822514086,18.05,0.01
624.164,19,-35.3551119,149.1686081,99.994,0.22223521238624036,18.04,0.02
624.264,19,-35.3550957,149.1686081,99.991,0.2118336880539572,18.03,0.02
624.364,19,-35.355079599999996,149.1686081,99.989,0.2224746825538007,18.02,0.03
624.465,19,-35.3550633,149.1686081,99.989,0.24557046030409638,18.02,0.03
624.565,19,-35.355047,149.1686082,99.988,0.22849114539765636,18.03,0.03
624.665,19,-35.3550307,149.1686082,99.989,0.20491322566106657,18.03,0.03
624.764,19,-35.3550144,149.1686082,99.99000000000001,0.20202767083993453,18.04,0.03
624.864,19,-35.354998,149.1686082,99.992,0.13361062641926882,18.04,0.03
624.964,19,-35.354981699999996,149.1686083,99.996,0.06210812408232921,18.05,0.03
625.064,19,-35.354965299999996,149.1686083,100.0,-0.013358188326235391,18.06,0.02
625.164,19,-35.3549489,149.1686083,100.003,-0.053942896398790116,18.07,0.02
625.264,19,-35.3549326,149.1686083,100.005,-0.06463454035318685,18.07,0.02
625.364,19,-35.3549164,149.16860839999998,100.005,-0.06526383823154039,18.07,0.02
625.464,19,-35.354900199999996,149.16860839999998,100.005,-0.04684806074381251,18.07,0.03
625.564,19,-35.3548841,149.16860839999998,100.003,-0.022084759675735012,18.06,0.03
625.664,19,-35.354867899999995,149.1686085,100.001,-0.011777443929230419,18.06,0.03
625.764,19,-35.3548518,149.1686085,99.999,-0.030909380758658015,18.06,0.03
625.864,19,-35.354835699999995,149.1686085,99.998,-0.02852238305619062,18.05,0.03
625.964,19,-35.3548196,149.1686086,99.999,-0.021903030953582387,18.05,0.03
626.064,19,-35.354803499999996,149.1686086,100.0,0.01961074042736276,18.04,0.04
626.164,19,-35.3547874,149.1686087,100.004,0.034671947877475566,18.03,0.04
626.264,19,-35.354771299999996,149.1686087,100.01,-0.009382579669778275,18.03,0.04
626.364,19,-35.3547551,149.1686087,100.015,-0.060372622373017895,18.03,0.04
626.464,19,-35.354738999999995,149.1686088,100.018,-0.10002947442647885,18.03,0.03
626.565,19,-35.354722699999996,149.1686088,100.019,-0.14917126477201237,18.03,0.02
626.665,19,-35.3547065,149.1686088,100.017,-0.1931796276776458,18.03,0.02
626.765,19,-35.3546902,149.1686088,100.011,-0.23297769922828204,18.04,0.02
626.864,19,-35.3546739,149.16860889999998,100.004,-0.26261711836856727,18.05,0.01
626.964,19,-35.3546575,149.16860889999998,99.997,-0.2774322789260009,18.06,0.01
627.064,19,-35.354641099999995,149.16860889999998,99.993,-0.2807922517499712,18.080000000000002,0.0
627.164,19,-35.354624699999995,149.16860889999998,99.99000000000001,-0.26826357705847864,18.09,0.0
627.264,19,-35.354608299999995,149.16860889999998,99.986,-0.17925149791802786,18.1,0.0
627.364,19,-35.354591899999996,149.1686088,99.98400000000001,-0.1250211299294489,18.11,0.0
627.464,19,-35.354575499999996,149.1686088,99.983,-0.09392909497134593,18.12,0.0
627.564,19,-35.3545592,149.1686088,99.986,-0.03781156705943358,18.12,0.0
627.664,19,-35.354543,149.1686088,99.99000000000001,0.0007425153299906908,18.12,0.0
627.764,19,-35.354526799999995,149.1686088,99.994,0.0201105248456439,18.12,0.0
627.864,19,-35.3545106,149.1686088,99.998,0.05535451440632126,18.11,0.0
627.964,19,-35.3544944,149.1686088,99.998,0.089676134944356,18.11,0.0
628.064,19,-35.3544783,149.1686088,99.996,0.12756350776542746,18.1,0.0
628.164,19,-35.3544621,149.1686088,99.991,0.13968165073520525,18.1,0.0
628.264,19,-35.3544459,149.1686088,99.986,0.15457541182894696,18.09,0.0
628.364,19,-35.3544298,149.1686088,99.979,0.13314379899775433,18.09,0.0
628.464,19,-35.3544136,149.1686088,99.973,0.074068532370962,18.080000000000002,0.0
628.565,19,-35.354397399999996,149.1686088,99.96900000000001,0.0143469991145969,18.080000000000002,0.0
628.665,19,-35.3543811,149.1686088,99.96900000000001,-0.004943733359808544,18.080000000000002,0.0
628.765,19,-35.3543648,149.1686088,99.97200000000001,-0.02568532658022963,18.09,0.0
628.865,19,-35.3543484,149.1686088,99.976,-0.032238332799901515,18.09,0.0
628.964,19,-35.354332,149.1686088,99.982,-0.011340463567275012,18.09,0.0
629.064,19,-35.3543156,149.1686088,99.988,-0.012158949848262634,18.1,-0.01
629.164,19,-35.3542992,149.1686088,99.994,0.009550838945392624,18.1,-0.01
629.264,19,-35.3542828,149.1686088,99.999,0.05097142393439739,18.11,-0.02
629.364,19,-35.3542664,149.1686088,100.003,0.10542888570771937,18.11,-0.02
629.464,19,-35.35425,149.1686088,100.006,0.13920325734882666,18.11,-0.02
629.564,19,-35.354233799999996,149.1686087,100.006,0.1579656002358666,18.11,-0.02
629.664,19,-35.3542175,149.1686087,100.003,0.22323195309759944,18.11,-0.02
629.764,19,-35.3542013,149.1686087,100.0,0.2172397294211694,18.11,-0.01
629.864,19,-35.354185199999996,149.1686087,99.995,0.20243130567141318,18.11,-0.01
629.964,19,-35.354169,149.1686087,99.993,0.21166557468692498,18.1,-0.02
630.064,19,-35.3541528,149.1686087,99.992,0.27505910835453884,18.1,-0.01
630.164,19,-35.3541367,149.1686086,99.992,0.2973138390219974,18.09,-0.01
630.264,19,-35.3541205,149.1686086,99.994,0.2840305351489241,18.09,-0.01
630.364,19,-35.3541044,149.1686086,99.997,0.2986047180947033,18.080000000000002,-0.01
630.464,19,-35.3540882,149.1686086,99.998,0.31296380344248,18.080000000000002,0.0
630.564,19,-35.354072099999996,149.1686086,99.996,0.3146935488497857,18.080000000000002,-0.01
630.665,19,-35.3540559,149.1686086,99.993,0.28930995121222663,18.080000000000002,-0.01
630.765,19,-35.3540396,149.1686086,99.99000000000001,0.2727136587461535,18.07,-0.01
630.865,19,-35.3540233,149.1686086,99.98700000000001,0.26073235968361397,18.07,-0.01
630.965,19,-35.354006999999996,149.1686086,99.98400000000001,0.2545243313778806,18.07,0.0
631.064,19,-35.353990599999996,149.1686086,99.983,0.2700873442885778,18.080000000000002,0.0
631.164,19,-35.353974199999996,149.1686086,99.98100000000001,0.32174193054726863,18.080000000000002,0.0
631.264,19,-35.353957799999996,149.1686086,99.979,0.3385867511856803,18.080000000000002,0.0
631.364,19,-35.3539414,149.1686086,99.979,0.30320605111989696,18.09,0.0
631.464,19,-35.353925,149.1686086,99.98100000000001,0.2675004901817148,18.1,0.0
631.564,19,-35.3539088,149.1686086,99.98400000000001,0.23808289210689634,18.1,0.0
631.664,19,-35.3538925,149.1686086,99.989,0.23591374675646193,18.1,0.0
631.764,19,-35.353876299999996,149.1686086,99.994,0.2270029912518134,18.1,0.0
631.864,19,-35.3538601,149.1686086,99.997,0.19992713420610436,18.1,0.01
631.964,19,-35.3538439,149.1686086,99.998,0.17668785578217233,18.1,0.0
632.064,19,-35.3538277,149.1686086,99.997,0.16159065643678475,18.1,0.0
632.164,19,-35.3538115,149.1686086,99.998,0.14269565846945848,18.1,0.0
632.264,19,-35.3537953,149.1686086,99.999,0.11515139985707468,18.09,0.0
632.364,19,-35.3537791,149.1686086,100.0,0.10825140802137424,18.09,0.0
632.464,19,-35.3537629,149.1686086,100.001,0.08271010238309669,18.09,0.01
632.564,19,-35.353746699999995,149.1686086,100.003,0.04118991936217138,18.080000000000002,0.01
632.664,19,-35.3537305,149.1686086,100.002,0.01606712789569573,18.080000000000002,0.01
632.765,19,-35.3537143,149.1686086,99.999,0.014136003632160365,18.07,0.01
632.865,19,-35.3536979,149.1686086,99.994,0.031201257953863668,18.07,0.01
632.965,19,-35.3536816,149.1686086,99.99000000000001,0.05338908078190381,18.080000000000002,0.01
633.065,19,-35.3536652,149.1686086,99.98700000000001,0.06346715830438986,18.080000000000002,0.01
633.164,19,-35.353648799999995,149.1686086,99.986,0.09208793210320436,18.080000000000002,0.01
633.264,19,-35.353632399999995,149.1686086,99.986,0.08728594893092838,18.09,0.01
633.364,19,-35.3536159,149.1686086,99.988,0.1044686104692045,18.09,0.01
633.464,19,-35.3535995,149.1686086,99.992,0.09854078667210696,18.09,0.01
633.564,19,-35.3535831,149.1686086,99.998,0.06118667553439895,18.09,0.0
633.664,19,-35.3535667,149.1686086,100.005,-0.014362188614877576,18.09,0.0
633.764,19,-35.353550399999996,149.1686086,100.014,-0.041849769663858165,18.09,0.0
633.864,19,-35.3535342,149.1686086,100.024,-0.009615162118499087,18.080000000000002,0.0
633.964,19,-35.353518,149.1686086,100.031,0.0037606919850964385,18.080000000000002,-0.01
634.064,19,-35.3535019,149.1686086,100.035,0.05204133238022956,18.07,-0.01
634.164,19,-35.3534857,149.1686086,100.037,0.11307782379416756,18.06,-0.01
634.264,20,-35.3534696,149.1686085,100.035,0.15711368087925293,18.06,-0.01
634.364,20,-35.3534535,149.1686085,100.028,0.09285352026994742,18.05,-0.01
634.464,20,-35.353437299999996,149.1686085,100.02,-0.7218723413731869,18.03,0.0
634.564,20,-35.3534212,149.1686085,100.014,-3.4511276748596007,18.03,0.0
634.664,20,-35.353405099999996,149.1686085,100.011,-8.805535373267444,18.080000000000002,-0.08
634.764,20,-35.3533889,149.1686083,100.011,-16.32400526726332,18.21,-0.32
634.865,20,-35.3533724,149.1686077,100.01,-24.8508680686206,18.42,-0.73
634.965,20,-35.3533555,149.16860649999998,100.005,-33.08782349065668,18.7,-1.26
635.065,20,-35.3533384,149.1686047,99.98400000000001,-39.61133716693586,19.03,-1.86
635.164,20,-35.353321,149.16860219999998,99.94800000000001,-43.84176167845042,19.400000000000002,-2.5300000000000002
635.264,20,-35.3533032,149.1685989,99.906,-45.833239934751035,19.82,-3.29
635.364,20,-35.3532849,149.1685947,99.872,-46.14234697582913,20.25,-4.13
635.464,20,-35.3532663,149.1685895,99.85900000000001,-45.58981199273178,20.650000000000002,-5.05
635.564,20,-35.3532474,149.1685832,99.877,-44.783993104642846,21.0,-6.01
635.664,20,-35.3532283,149.168576,99.926,-44.08651126207407,21.240000000000002,-6.96
635.764,20,-35.3532091,149.16856769999998,100.005,-43.69945810218778,21.41,-7.87
635.864,20,-35.353189799999996,149.1685585,100.10600000000001,-43.63940024881586,21.5,-8.72
635.964,20,-35.3531706,149.1685483,100.221,-43.786536183916276,21.53,-9.52
636.064,20,-35.3531513,149.1685374,100.342,-44.10054047062928,21.53,-10.25
636.164,20,-35.353132099999996,149.1685257,100.46000000000001,-44.415538549866504,21.51,-10.9
636.264,20,-35.3531129,149.1685133,100.565,-44.63980781126388,21.48,-11.49
636.364,20,-35.353093699999995,149.1685004,100.653,-44.78225482149908,21.43,-12.040000000000001
636.464,20,-35.3530746,149.16848679999998,100.72,-44.824670296244854,21.36,-12.56
636.564,20,-35.3530556,149.1684727,100.767,-44.7768521418656,21.29,-13.08
636.664,20,-35.353036599999996,149.168458,100.796,-44.6941248906384,21.19,-13.63
636.764,20,-35.353017699999995,149.16844269999999,100.812,-44.63002015018325,21.06,-14.22
636.864,20,-35.352998899999996,149.1684267,100.81700000000001,-44.57786482568103,20.900000000000002,-14.85
636.965,20,-35.3529802,149.1684099,100.819,-44.508951632050184,20.71,-15.530000000000001
637.065,20,-35.3529616,149.1683923,100.819,-44.46252683626161,20.5,-16.22
637.165,20,-35.3529432,149.1683739,100.819,-44.489844177847075,20.26,-16.93
637.264,20,-35.352925,149.16835469999998,100.82000000000001,-44.56350435295108,19.990000000000002,-17.66
637.364,20,-35.352907,149.16833459999998,100.82900000000001,-44.67264053060413,19.69,-18.38
637.464,20,-35.3528893,149.1683137,100.842,-44.764288008887355,19.37,-19.09
637.564,20,-35.3528719,149.1682921,100.857,-44.796297690432624,19.03,-19.78
637.664,20,-35.352854799999996,149.1682697,100.876,-44.83835458024698,18.67,-20.43
637.764,20,-35.352838,149.1682466,100.893,-44.86172407249217,18.3,-21.06
637.864,20,-35.3528217,149.1682229,100.909,-44.807813389373266,17.91,-21.650000000000002
637.964,20,-35.3528059,149.1681988,100.923,-44.72113145861663,17.5,-22.21
638.064,20,-35.352790399999996,149.1681741,100.934,-44.66301679406358,17.080000000000002,-22.75
