time_s,seq,latitude_deg,longitude_deg,altitude_m,roll_deg,vn_mps,ve_mps
76.224,1,-35.360567599999996,149.1655452,100.22500000000001,42.598571626859716,-16.73,17.45
76.324,1,-35.360582799999996,149.16556409999998,100.241,42.920570649996215,-17.3,17.05
76.424,1,-35.360598599999996,149.1655825,100.26,43.193723575283364,-17.87,16.63
76.524,1,-35.3606148,149.16560049999998,100.278,43.509445654572616,-18.42,16.19
76.624,1,-35.3606315,149.165618,100.298,43.83540277233313,-18.97,15.72
76.72500000000001,1,-35.3606488,149.16563499999998,100.32000000000001,44.14259394534904,-19.51,15.23
76.825,1,-35.3606666,149.1656516,100.34400000000001,44.36911033898335,-20.03,14.71
76.925,1,-35.360685,149.1656676,100.36500000000001,44.54535995542094,-20.55,14.18
77.025,1,-35.360703799999996,149.165683,100.388,44.74140004497865,-21.05,13.64
77.124,1,-35.360723199999995,149.1656979,100.408,44.85802210996203,-21.53,13.08
77.224,1,-35.3607429,149.16571209999998,100.428,44.906021264354294,-21.990000000000002,12.5
77.324,1,-35.3607631,149.1657257,100.447,44.90983250991116,-22.42,11.91
77.424,1,-35.3607837,149.1657386,100.46600000000001,44.87907958317318,-22.830000000000002,11.3
77.524,1,-35.3608046,149.1657509,100.48400000000001,44.84611367514411,-23.22,10.69
77.624,1,-35.3608258,149.1657624,100.5,44.83145950427985,-23.57,10.07
77.724,1,-35.360847199999995,149.1657732,100.518,44.84193359937206,-23.900000000000002,9.43
77.824,1,-35.3608688,149.1657832,100.534,44.81998820156881,-24.19,8.790000000000001
77.924,1,-35.3608905,149.16579249999998,100.552,44.791926369363814,-24.46,8.13
78.024,1,-35.3609125,149.16580109999998,100.57000000000001,44.820613163877866,-24.71,7.46
78.124,1,-35.3609347,149.16580879999998,100.589,44.875739620669044,-24.93,6.78
78.224,1,-35.360957,149.16581589999998,100.60600000000001,44.903070622632846,-25.13,6.09
78.324,1,-35.3609795,149.16582219999998,100.621,44.89278094264822,-25.3,5.39
78.424,1,-35.3610022,149.1658277,100.635,44.863797034905275,-25.45,4.69
78.524,1,-35.3610249,149.1658324,100.647,44.871641507167034,-25.57,3.99
78.624,1,-35.3610478,149.1658364,100.656,44.87658997922071,-25.67,3.3000000000000003
78.724,1,-35.3610708,149.1658397,100.662,44.85634529852079,-25.75,2.6
78.825,1,-35.3610939,149.1658421,100.664,44.867922469163965,-25.810000000000002,1.9100000000000001
78.925,1,-35.3611174,149.1658439,100.656,44.85821335525879,-25.86,1.22
79.025,1,-35.3611408,149.1658449,100.644,44.89871979213155,-25.89,0.54
79.125,1,-35.3611643,149.16584509999998,100.624,44.92055590690808,-25.900000000000002,-0.16
79.224,1,-35.361187699999995,149.1658445,100.605,44.93207160584872,-25.88,-0.88
79.324,1,-35.3612112,149.1658431,100.583,44.93376890785747,-25.85,-1.59
79.424,1,-35.361234599999996,149.165841,100.561,44.896749282556,-25.79,-2.31
79.524,1,-35.361258,149.16583799999998,100.538,44.88318794195894,-25.7,-3.04
79.624,1,-35.3612812,149.1658343,100.516,44.88236148906937,-25.59,-3.7600000000000002
79.724,1,-35.3613041,149.16582979999998,100.498,44.85245209069388,-25.44,-4.47
79.824,1,-35.3613269,149.16582449999999,100.48100000000001,44.78693008598595,-25.27,-5.19
79.924,1,-35.3613494,149.1658184,100.46900000000001,44.77260376420185,-25.060000000000002,-5.9
80.024,1,-35.3613717,149.1658115,100.459,44.75319919676984,-24.84,-6.6000000000000005
80.124,1,-35.3613937,149.1658039,100.452,44.780424330801516,-24.580000000000002,-7.29
80.224,1,-35.3614155,149.1657956,100.44500000000001,44.847336279005546,-24.310000000000002,-7.96
80.324,1,-35.361437099999996,149.1657865,100.438,44.88969369714338,-24.01,-8.63
80.424,1,-35.361458299999995,149.16577669999998,100.432,44.90109328286813,-23.69,-9.28
80.524,1,-35.3614793,149.1657662,100.426,44.87332514879744,-23.34,-9.92
80.624,1,-35.3615,149.165755,100.418,44.85756107219305,-22.98,-10.55
80.724,1,-35.361520399999996,149.1657431,100.408,44.87191129963925,-22.6,-11.15
80.824,1,-35.361540399999996,149.1657305,100.397,44.87501562061702,-22.2,-11.75
80.925,1,-35.3615601,149.16571729999998,100.383,44.85205593972202,-21.79,-12.32
81.025,1,-35.3615796,149.16570339999998,100.367,44.80216140783508,-21.35,-12.89
81.125,1,-35.3615987,149.1656887,100.34400000000001,44.78843955779252,-20.900000000000002,-13.450000000000001
81.224,1,-35.3616174,149.1656735,100.32300000000001,44.7836618404681,-20.44,-14.0
81.324,1,-35.3616357,149.1656576,100.3,44.792759652442555,-19.96,-14.530000000000001
81.424,1,-35.3616536,149.16564119999998,100.278,44.82987148529782,-19.45,-15.06
81.524,1,-35.361671099999995,149.1656241,100.252,44.85720590235621,-18.93,-15.57
81.624,1,-35.361688,149.1656065,100.22800000000001,44.914391661182144,-18.38,-16.06
81.724,1,-35.3617044,149.1655883,100.20400000000001,44.88854281026823,-17.8,-16.54
81.824,1,-35.3617203,149.1655697,100.185,44.90098399984141,-17.2,-17.0
81.924,1,-35.3617355,149.16555069999998,100.171,44.91561084994899,-16.580000000000002,-17.43
82.024,1,-35.3617501,149.1655313,100.161,44.88115937577545,-15.950000000000001,-17.84
82.124,1,-35.361764099999995,149.16551149999998,100.156,44.863670676405626,-15.3,-18.21
82.224,1,-35.361777499999995,149.16549139999998,100.152,44.83463212714932,-14.65,-18.55
82.324,1,-35.361790299999996,149.1654709,100.149,44.83337878743662,-13.99,-18.87
82.424,1,-35.361802499999996,149.1654501,100.147,44.82807856064069,-13.33,-19.16
82.524,1,-35.3618142,149.165429,100.146,44.831141900483445,-12.66,-19.43
82.624,1,-35.3618252,149.16540759999998,100.144,44.870138865549634,-11.99,-19.67
82.724,1,-35.3618356,149.1653859,100.14,44.91500296311286,-11.31,-19.89
82.824,1,-35.3618454,149.16536399999998,100.134,44.96106575887543,-10.620000000000001,-20.09
82.924,1,-35.3618546,149.1653419,100.127,44.9448782105425,-9.92,-20.27
83.025,1,-35.3618632,149.1653194,100.117,44.91308709505067,-9.22,-20.42
83.125,1,-35.361871199999996,149.1652967,100.10300000000001,44.868964073012386,-8.51,-20.56
83.22500000000001,1,-35.3618786,149.1652739,100.087,44.87876539447136,-7.8,-20.67
83.324,1,-35.3618854,149.1652508,100.068,44.888600866876175,-7.07,-20.77
83.424,1,-35.3618914,149.1652277,100.052,44.80804561580504,-6.34,-20.84
83.524,1,-35.3618969,149.1652044,100.036,44.45885560958273,-5.59,-20.88
83.624,1,-35.361901599999996,149.1651812,100.024,43.647483777698575,-4.86,-20.900000000000002
83.724,1,-35.3619057,149.165158,100.014,42.15894991602643,-4.16,-20.88
83.824,1,-35.3619092,149.1651348,100.009,39.90602909377065,-3.5100000000000002,-20.830000000000002
83.924,1,-35.3619121,149.1651119,100.014,36.93030008750368,-2.93,-20.740000000000002
84.024,1,-35.3619145,149.1650891,100.028,33.29560467539764,-2.45,-20.62
84.124,1,-35.3619166,149.1650666,100.048,29.187218568878293,-2.08,-20.48
84.224,1,-35.3619183,149.16504419999998,100.06700000000001,24.88332683510379,-1.82,-20.330000000000002
84.324,1,-35.3619199,149.1650221,100.07900000000001,20.601949112380943,-1.67,-20.2
84.424,1,-35.3619214,149.165,100.07600000000001,16.52689091391667,-1.6,-20.07
84.524,1,-35.361922899999996,149.16497809999998,100.051,12.875565698728941,-1.57,-19.96
84.624,1,-35.3619244,149.1649563,100.002,9.833992815089408,-1.56,-19.86
84.724,1,-35.361925899999996,149.16493459999998,99.928,7.511053162330887,-1.56,-19.78
84.824,1,-35.3619273,149.16491299999998,99.834,5.93747320020833,-1.56,-19.72
84.924,1,-35.3619288,149.1648914,99.72500000000001,5.008414647603916,-1.53,-19.67
85.024,1,-35.361930199999996,149.1648698,99.61200000000001,4.5584341011206595,-1.49,-19.64
85.125,1,-35.3619316,149.1648481,99.504,4.483117178256106,-1.43,-19.62
85.22500000000001,1,-35.361933,149.1648265,99.412,4.588549258944893,-1.36,-19.6
85.325,1,-35.3619342,149.16480479999998,99.34100000000001,4.646824859830264,-1.28,-19.6
85.424,1,-35.3619354,149.1647831,99.289,4.585012074728472,-1.2,-19.59
85.524,1,-35.3619365,149.16476129999998,99.257,4.42065936716457,-1.1300000000000001,-19.580000000000002
85.624,1,-35.3619376,149.1647395,99.238,4.054860475314898,-1.07,-19.580000000000002
85.724,1,-35.361938599999995,149.1647176,99.224,3.4876841279579787,-1.04,-19.59
85.824,1,-35.3619396,149.1646959,99.212,2.823327208759882,-1.01,-19.59
85.924,1,-35.3619406,149.1646742,99.199,2.1830313384604487,-1.0,-19.6
86.024,1,-35.3619415,149.16465259999998,99.183,1.54956939259073,-0.99,-19.61
86.124,1,-35.3619424,149.16463099999999,99.16,1.0465851907659995,-0.99,-19.63
86.224,1,-35.3619434,149.1646094,99.13,0.6546084249834897,-0.99,-19.64
86.324,1,-35.3619443,149.1645878,99.09700000000001,0.4039339724199691,-0.99,-19.66
86.424,1,-35.3619452,149.1645662,99.063,0.2632835420603195,-0.99,-19.68
86.524,1,-35.3619462,149.1645446,99.034,0.18614592021470783,-0.99,-19.7
86.624,1,-35.3619471,149.164523,99.011,0.12284245966677348,-0.98,-19.72
86.724,1,-35.361948,149.1645014,98.996,0.10805131816324726,-0.98,-19.740000000000002
86.824,1,-35.3619489,149.1644797,98.988,0.09431708840282099,-0.97,-19.76
86.924,1,-35.3619498,149.164458,98.982,0.06327242454187176,-0.97,-19.77
87.024,1,-35.3619507,149.16443619999998,98.98,0.022959260678281346,-0.97,-19.79
87.125,1,-35.3619516,149.1644145,98.979,-0.015452294143528883,-0.97,-19.81
87.22500000000001,1,-35.3619525,149.1643925,98.97800000000001,-0.013037495436705421,-0.97,-19.830000000000002
87.325,1,-35.3619534,149.1643705,98.97800000000001,-0.016813402768745652,-0.97,-19.85
87.425,1,-35.3619543,149.1643485,98.98,-0.03930711835350853,-0.97,-19.88
87.524,1,-35.3619552,149.1643263,98.98,-0.09659885183328126,-0.97,-19.91
87.624,1,-35.3619561,149.1643042,98.979,-0.19142406895775418,-0.98,-19.93
87.724,1,-35.361957,149.164282,98.97800000000001,-0.28227210828318966,-0.98,-19.96
87.824,1,-35.3619579,149.1642598,98.977,-0.3318986619669156,-0.99,-19.98
87.924,1,-35.3619589,149.16423749999998,98.97800000000001,-0.3466678521495839,-0.99,-20.01
88.024,1,-35.3619598,149.1642153,98.98400000000001,-0.3443537253618454,-0.99,-20.03
88.124,1,-35.3619607,149.1641932,98.994,-0.33581404122819897,-0.99,-20.04
88.224,1,-35.3619616,149.1641712,99.008,-0.32610583445752495,-0.99,-20.05
88.324,1,-35.3619625,149.1641492,99.023,-0.3212685130604221,-0.99,-20.06
88.424,1,-35.3619634,149.1641272,99.039,-0.295636894178627,-0.99,-20.06
88.524,1,-35.3619643,149.1641053,99.051,-0.2700742441991931,-1.0,-20.07
88.624,1,-35.3619652,149.1640833,99.061,-0.26999414955900414,-1.0,-20.080000000000002
88.724,1,-35.3619661,149.16406139999998,99.068,-0.2778419035132166,-1.0,-20.080000000000002
88.824,1,-35.361967,149.1640394,99.07600000000001,-0.2476569230129766,-1.0,-20.080000000000002
88.924,1,-35.361967899999996,149.1640175,99.084,-0.2505714127565886,-1.0,-20.09
89.024,1,-35.3619688,149.1639955,99.093,-0.24496412093269906,-1.0,-20.09
89.124,1,-35.361969699999996,149.1639735,99.102,-0.21322076340421192,-1.0,-20.1
89.22500000000001,1,-35.3619705,149.1639515,99.11,-0.19321963497710062,-1.0,-20.1
89.325,1,-35.361971499999996,149.163929,99.12,-0.17720270797128848,-0.99,-20.11
89.425,1,-35.3619724,149.1639068,99.133,-0.16179734970045695,-0.99,-20.12
89.525,1,-35.361973299999995,149.1638845,99.148,-0.16835906707936324,-0.98,-20.14
89.624,1,-35.3619742,149.1638621,99.163,-0.20167107360027903,-0.98,-20.150000000000002
89.724,1,-35.361975099999995,149.16383969999998,99.178,-0.2736257024437618,-0.99,-20.17
89.824,1,-35.361976,149.1638173,99.193,-0.31648223131910924,-0.99,-20.19
89.924,1,-35.3619769,149.1637949,99.20700000000001,-0.3517544487709658,-1.0,-20.2
90.024,1,-35.3619778,149.1637725,99.221,-0.44125417940577166,-1.0,-20.21
90.124,1,-35.3619787,149.16375019999998,99.233,-0.46437175506447315,-1.01,-20.22
90.224,1,-35.3619796,149.163728,99.243,-0.47254567723198015,-1.01,-20.22
90.324,1,-35.361980599999995,149.1637059,99.255,-0.4540341036731002,-1.02,-20.22
90.424,1,-35.3619815,149.1636837,99.27,-0.4342116140412538,-1.03,-20.22
90.524,1,-35.361982399999995,149.1636617,99.289,-0.4534977737406955,-1.03,-20.21
90.624,1,-35.3619834,149.16363959999998,99.31,-0.43712786469301124,-1.04,-20.21
90.724,1,-35.361984299999996,149.1636175,99.331,-0.4011619027927224,-1.05,-20.2
90.824,1,-35.3619853,149.1635954,99.35000000000001,-0.3662794863712326,-1.06,-20.19
90.924,1,-35.3619862,149.1635733,99.367,-0.35434535830264846,-1.06,-20.19
91.024,1,-35.3619872,149.1635512,99.379,-0.29996598013237213,-1.06,-20.19
91.124,1,-35.3619882,149.1635291,99.388,-0.23473802040429415,-1.07,-20.18
91.224,1,-35.3619892,149.16350699999998,99.397,-0.21168713247149282,-1.07,-20.18
91.325,1,-35.3619901,149.1634849,99.405,-0.15347974009632848,-1.08,-20.18
91.425,1,-35.3619911,149.1634626,99.414,-0.02884499610266133,-1.08,-20.18
91.525,1,-35.3619921,149.1634402,99.424,0.09149995553530807,-1.07,-20.18
91.625,1,-35.3619931,149.16341789999998,99.433,0.15286930527947182,-1.07,-20.19
91.724,1,-35.3619941,149.1633955,99.44200000000001,0.21306916522114938,-1.06,-20.2
91.824,1,-35.3619951,149.163373,99.45100000000001,0.19716550996581103,-1.06,-20.21
91.924,1,-35.3619961,149.1633505,99.461,0.16591623391445232,-1.05,-20.22
92.024,1,-35.361996999999995,149.163328,99.471,0.12091690660978524,-1.05,-20.23
92.124,1,-35.361998,149.1633055,99.48400000000001,0.11248747933842426,-1.05,-20.240000000000002
92.224,1,-35.361999,149.1632831,99.5,0.12635172281691878,-1.05,-20.240000000000002
92.324,1,-35.362,149.1632608,99.518,0.11989517967906009,-1.05,-20.23
92.424,1,-35.362001,149.1632385,99.535,0.08585814590970482,-1.05,-20.23
92.524,1,-35.362001899999996,149.1632163,99.55,0.017846975808812542,-1.06,-20.23
92.624,1,-35.3620029,149.1631941,99.561,-0.04460932283604868,-1.07,-20.23
92.724,1,-35.3620039,149.163172,99.57000000000001,-0.10596366817539021,-1.08,-20.23
92.824,1,-35.362004899999995,149.16314979999999,99.574,-0.1540400290516811,-1.09,-20.22
92.924,1,-35.3620059,149.1631277,99.57600000000001,-0.14266981847644614,-1.09,-20.22
93.024,1,-35.3620069,149.1631056,99.578,-0.08102822833094055,-1.09,-20.22
93.124,1,-35.362007999999996,149.1630834,99.58200000000001,0.034316424524984505,-1.09,-20.21
93.224,1,-35.362009,149.16306129999998,99.59,0.21020990396027922,-1.08,-20.21
93.324,1,-35.36201,149.1630391,99.602,0.31708494215251,-1.08,-20.2
93.425,1,-35.362010999999995,149.16301679999998,99.61500000000001,0.38242901509647814,-1.07,-20.2
93.525,1,-35.362012,149.1629944,99.629,0.4308756536010844,-1.07,-20.2
93.625,1,-35.362013,149.162972,99.643,0.45810345567539973,-1.06,-20.21
93.724,1,-35.362013999999995,149.1629495,99.655,0.4564697598032973,-1.07,-20.21
93.824,1,-35.362015,149.1629271,99.667,0.38712090148902734,-1.07,-20.22
93.924,1,-35.362016,149.1629046,99.675,0.3280913651131624,-1.06,-20.23
94.024,1,-35.362017,149.1628821,99.68,0.2910531702348873,-1.06,-20.240000000000002
94.124,1,-35.362018,149.1628595,99.685,0.22516767139706337,-1.06,-20.25
94.224,2,-35.362019,149.162837,99.69,0.20808243343595248,-1.05,-20.26
94.324,2,-35.36202,149.16281469999998,99.69800000000001,0.22108061693181733,-1.05,-20.26
94.424,2,-35.362021,149.1627924,99.709,-0.16668987289987527,-1.03,-20.25
94.524,2,-35.362021899999995,149.16277019999998,99.723,-2.063796726119536,-1.01,-20.25
94.624,2,-35.3620229,149.162748,99.736,-6.438831710288891,-1.07,-20.26
94.724,2,-35.362024,149.1627258,99.75,-13.25590734398204,-1.26,-20.29
94.824,2,-35.3620253,149.1627035,99.764,-21.548707246445797,-1.6400000000000001,-20.35
94.924,2,-35.362027,149.16268119999998,99.77,-30.014617439649882,-2.16,-20.44
95.024,2,-35.362029299999996,149.16265869999998,99.763,-37.26986294209087,-2.7800000000000002,-20.56
95.124,2,-35.3620322,149.1626361,99.736,-42.42130431223579,-3.48,-20.7
95.224,2,-35.3620358,149.1626133,99.697,-45.24508551513207,-4.2700000000000005,-20.86
95.324,2,-35.3620401,149.1625903,99.66,-46.1551091842933,-5.17,-21.03
95.424,2,-35.3620453,149.16256719999998,99.639,-45.83903535026179,-6.17,-21.16
95.525,2,-35.3620515,149.1625437,99.649,-44.996452968965265,-7.22,-21.21
95.625,2,-35.362058499999996,149.1625204,99.694,-44.1702562114876,-8.22,-21.18
95.72500000000001,2,-35.3620666,149.162497,99.774,-43.72788534951338,-9.18,-21.080000000000002
95.824,2,-35.3620754,149.1624737,99.878,-43.70966923499695,-10.05,-20.93
95.924,2,-35.3620851,149.1624506,99.997,-43.954155856337565,-10.84,-20.75
96.024,2,-35.3620954,149.1624277,100.12,-44.21472757317355,-11.56,-20.56
96.124,2,-35.3621064,149.16240489999998,100.238,-44.51152661336728,-12.200000000000001,-20.37
96.224,2,-35.3621178,149.1623825,100.346,-44.72976823282212,-12.780000000000001,-20.17
96.324,2,-35.3621297,149.16236039999998,100.437,-44.807478710103936,-13.3,-19.97
96.424,2,-35.3621419,149.1623386,100.509,-44.787343312430735,-13.81,-19.75
96.524,2,-35.3621546,149.1623171,100.562,-44.727326440193835,-14.3,-19.51
96.624,2,-35.3621677,149.1622959,100.598,-44.66466628474814,-14.81,-19.25
96.724,2,-35.362181199999995,149.1622751,100.622,-44.593290807921505,-15.35,-18.94
96.824,2,-35.362195199999995,149.16225459999998,100.638,-44.545663898839,-15.91,-18.6
96.924,2,-35.3622097,149.16223449999998,100.646,-44.5552090882041,-16.48,-18.23
97.024,2,-35.3622248,149.16221489999998,100.651,-44.60179780853276,-17.080000000000002,-17.81
97.124,2,-35.362240299999996,149.16219569999998,100.656,-44.627786678324654,-17.68,-17.35
97.224,2,-35.3622565,149.16217709999998,100.666,-44.645674943760916,-18.28,-16.87
97.324,2,-35.362273099999996,149.162159,100.681,-44.67077588896071,-18.86,-16.36
97.424,2,-35.3622903,149.1621414,100.699,-44.709257174744565,-19.41,-15.85
97.525,2,-35.3623079,149.1621245,100.72,-44.72840902517728,-19.93,-15.31
97.625,2,-35.3623261,149.1621079,100.741,-44.74288561112312,-20.43,-14.77
97.72500000000001,2,-35.3623449,149.1620919,100.758,-44.76698251851493,-20.900000000000002,-14.24
97.825,2,-35.3623639,149.1620766,100.771,-44.787865821902244,-21.35,-13.700000000000001
97.924,2,-35.3623835,149.16206169999998,100.779,-44.783890651805294,-21.78,-13.15
98.024,2,-35.3624035,149.1620475,100.784,-44.791000878731275,-22.2,-12.59
98.124,2,-35.362423799999995,149.16203389999998,100.785,-44.80395091739762,-22.6,-12.01
98.224,2,-35.362444499999995,149.16202099999998,100.785,-44.7830232177807,-22.98,-11.41
98.324,2,-35.3624655,149.1620087,100.783,-44.76215698986631,-23.36,-10.790000000000001
98.424,2,-35.3624868,149.1619972,100.779,-44.78274659511932,-23.71,-10.16
98.524,2,-35.3625082,149.1619864,100.776,-44.777593217390546,-24.02,-9.51
98.624,2,-35.3625298,149.1619764,100.773,-44.7345083841061,-24.32,-8.85
98.724,2,-35.3625517,149.1619672,100.773,-44.6900028714743,-24.59,-8.17
98.824,2,-35.3625737,149.16195869999999,100.774,-44.68084358779731,-24.84,-7.48
98.924,2,-35.362595899999995,149.1619509,100.775,-44.699681249528204,-25.05,-6.8
99.024,2,-35.3626183,149.161944,100.774,-44.71710506210091,-25.25,-6.11
99.124,2,-35.362640899999995,149.16193769999998,100.774,-44.75867359338961,-25.42,-5.42
99.224,2,-35.3626636,149.1619322,100.771,-44.80298444563007,-25.560000000000002,-4.72
99.324,2,-35.3626864,149.1619275,100.768,-44.843787995731724,-25.69,-4.01
99.424,2,-35.3627094,149.1619236,100.764,-44.80025920015123,-25.79,-3.29
99.524,2,-35.3627324,149.16192049999998,100.761,-44.77077327350428,-25.87,-2.56
99.625,2,-35.3627555,149.16191809999998,100.756,-44.774516217169456,-25.92,-1.84
99.72500000000001,2,-35.3627791,149.1619165,100.746,-44.75953761231961,-25.96,-1.12
99.825,2,-35.3628025,149.16191569999998,100.735,-44.77981985905997,-25.98,-0.41000000000000003
99.925,2,-35.362826,149.16191569999998,100.72,-44.81945544681355,-25.97,0.3
100.024,2,-35.3628494,149.1619165,100.70400000000001,-44.85924812891805,-25.95,1.02
100.124,2,-35.3628729,149.161918,100.686,-44.8855887534522,-25.900000000000002,1.74
100.224,2,-35.362896299999996,149.16192039999999,100.664,-44.8760913754113,-25.830000000000002,2.45
100.324,2,-35.3629197,149.1619234,100.641,-44.887098225258775,-25.740000000000002,3.17
100.424,2,-35.3629429,149.1619273,100.619,-44.873427601634994,-25.62,3.89
100.524,2,-35.3629658,149.161932,100.602,-44.871149733546794,-25.46,4.62
100.624,2,-35.3629885,149.1619375,100.58800000000001,-44.813161427493384,-25.28,5.33
100.724,2,-35.3630109,149.1619437,100.577,-44.76566087691053,-25.07,6.0200000000000005
100.824,2,-35.3630332,149.1619507,100.563,-44.73873285610775,-24.84,6.71
100.924,2,-35.3630552,149.1619584,100.552,-44.76446559380578,-24.580000000000002,7.37
101.024,2,-35.363077,149.1619668,100.539,-44.796454784783535,-24.310000000000002,8.03
101.124,2,-35.3630985,149.1619759,100.527,-44.827685824763414,-24.01,8.68
101.224,2,-35.3631197,149.1619858,100.514,-44.85922763835053,-23.7,9.32
101.324,2,-35.363140699999995,149.1619963,100.499,-44.837726202843335,-23.36,9.94
101.424,2,-35.363161399999996,149.1620075,100.48100000000001,-44.81858118259979,-23.0,10.56
101.524,2,-35.3631817,149.1620194,100.464,-44.784443897128064,-22.61,11.18
101.624,2,-35.3632017,149.1620319,100.446,-44.79060131266483,-22.21,11.78
101.72500000000001,2,-35.3632214,149.1620451,100.427,-44.8138410313158,-21.78,12.370000000000001
101.825,2,-35.3632408,149.1620591,100.407,-44.835844485726994,-21.330000000000002,12.950000000000001
101.925,2,-35.363259899999996,149.1620738,100.383,-44.85270822278776,-20.87,13.52
102.025,2,-35.3632785,149.16208899999998,100.358,-44.87536396026469,-20.400000000000002,14.06
102.124,2,-35.3632968,149.1621049,100.333,-44.90057077339662,-19.91,14.6
102.224,2,-35.363314599999995,149.1621214,100.308,-44.91434043476337,-19.39,15.13
102.324,2,-35.363332,149.1621385,100.283,-44.91889617093977,-18.86,15.64
102.424,2,-35.3633488,149.1621561,100.259,-44.895431056046185,-18.3,16.13
102.524,2,-35.3633652,149.1621743,100.236,-44.885247243993696,-17.740000000000002,16.6
102.624,2,-35.363381,149.162193,100.21300000000001,-44.877303733988974,-17.16,17.05
102.724,2,-35.363396099999996,149.16221199999998,100.194,-44.869124582457886,-16.56,17.47
102.824,2,-35.3634108,149.1622314,100.177,-44.87338320540539,-15.94,17.87
102.924,2,-35.363424699999996,149.1622511,100.166,-44.85376690210911,-15.290000000000001,18.25
103.024,2,-35.363438099999996,149.1622713,100.159,-44.85804260052954,-14.63,18.6
103.124,2,-35.3634509,149.1622917,100.156,-44.852595524666455,-13.96,18.93
103.224,2,-35.3634631,149.1623126,100.153,-44.85159148685846,-13.27,19.23
103.324,2,-35.363474599999996,149.1623337,100.153,-44.859514506295675,-12.58,19.5
103.424,2,-35.3634856,149.16235509999998,100.152,-44.87617333768134,-11.89,19.75
103.524,2,-35.3634959,149.1623768,100.153,-44.92117745412255,-11.19,19.97
103.624,2,-35.363505599999996,149.1623988,100.151,-44.932249190767145,-10.5,20.16
103.724,2,-35.363514699999996,149.1624209,100.149,-44.92727681305137,-9.81,20.330000000000002
103.825,2,-35.363523199999996,149.16244319999998,100.145,-44.90578903792251,-9.120000000000001,20.47
103.925,2,-35.3635312,149.1624661,100.134,-44.88965954619753,-8.42,20.61
104.025,2,-35.3635385,149.1624889,100.121,-44.8979104147149,-7.71,20.71
104.125,2,-35.3635452,149.162512,100.105,-44.91939818984376,-7.0,20.8
104.224,2,-35.363551199999996,149.16253509999999,100.08800000000001,-44.90119915080027,-6.2700000000000005,20.87
104.324,2,-35.363556599999995,149.1625583,100.072,-44.88637764030133,-5.53,20.91
104.424,2,-35.3635613,149.16258159999998,100.056,-44.88541116853378,-4.79,20.92
104.524,2,-35.3635654,149.1626048,100.042,-44.93060994536634,-4.05,20.91
104.624,2,-35.3635687,149.16262799999998,100.029,-44.934738794719614,-3.31,20.87
104.724,2,-35.3635714,149.1626509,100.02,-44.939605304503246,-2.58,20.79
104.824,2,-35.3635735,149.1626737,100.013,-44.92509798270614,-1.85,20.69
104.924,2,-35.363574899999996,149.1626963,100.009,-44.915972849975,-1.1300000000000001,20.56
105.024,2,-35.3635756,149.1627187,100.006,-44.900639075288325,-0.42,20.41
105.124,2,-35.3635757,149.1627409,100.005,-44.86555922371114,0.28,20.23
105.224,2,-35.3635752,149.1627629,100.005,-44.864688374591964,0.98,20.02
105.324,2,-35.3635741,149.1627847,100.007,-44.86623541243897,1.67,19.79
105.424,2,-35.3635723,149.1628062,100.009,-44.89271605585111,2.35,19.53
105.524,2,-35.363569999999996,149.1628274,100.013,-44.88827301779602,3.0100000000000002,19.26
105.624,2,-35.363566999999996,149.1628483,100.015,-44.83924591993366,3.66,18.96
105.724,2,-35.3635636,149.1628689,100.015,-44.81358148412734,4.3,18.64
105.824,2,-35.3635595,149.1628891,100.013,-44.86945243153804,4.93,18.3
105.925,2,-35.363554799999996,149.1629091,100.009,-44.916369000946865,5.5600000000000005,17.94
106.025,2,-35.3635496,149.1629286,100.004,-44.953976022516954,6.17,17.55
106.125,2,-35.363543799999995,149.1629479,99.994,-44.95566649433653,6.7700000000000005,17.16
106.224,2,-35.3635375,149.1629666,99.982,-44.95076583360704,7.37,16.740000000000002
106.324,2,-35.3635306,149.162985,99.97,-44.9264503601618,7.95,16.3
106.424,2,-35.3635231,149.16300289999998,99.959,-44.89627458440869,8.52,15.84
106.524,2,-35.3635151,149.1630203,99.946,-44.67889698388386,9.08,15.36
106.624,2,-35.363506699999995,149.1630371,99.934,-44.05653356180688,9.63,14.85
106.724,2,-35.363497699999996,149.1630534,99.927,-42.75515371358226,10.14,14.33
106.824,2,-35.3634884,149.163069,99.927,-40.62783665506843,10.6,13.81
106.924,2,-35.3634787,149.163084,99.938,-37.67424429190147,10.98,13.31
107.024,2,-35.3634688,149.1630985,99.956,-33.98213772472689,11.26,12.870000000000001
107.124,2,-35.363458699999995,149.1631124,99.982,-29.71355636141406,11.42,12.5
107.224,2,-35.3634485,149.163126,100.008,-25.060660744072123,11.5,12.22
107.324,2,-35.3634383,149.16313929999998,100.029,-20.33566394230424,11.5,12.02
107.424,2,-35.3634281,149.1631524,100.033,-15.801249908947224,11.44,11.89
107.524,2,-35.363417999999996,149.1631655,100.015,-11.761812000778214,11.36,11.81
107.624,2,-35.363408,149.1631785,99.968,-8.410341481664153,11.27,11.75
107.724,2,-35.3633981,149.1631914,99.892,-5.889376715620392,11.19,11.72
107.824,2,-35.3633881,149.16320439999998,99.791,-4.227652735371997,11.14,11.68
107.924,2,-35.3633783,149.16321729999999,99.677,-3.3578753155648284,11.1,11.65
108.025,2,-35.3633683,149.1632302,99.558,-3.0955418368098018,11.1,11.61
108.125,2,-35.363358399999996,149.16324319999998,99.447,-3.1719125297972415,11.120000000000001,11.57
108.22500000000001,2,-35.3633484,149.16325609999998,99.352,-3.382925461232673,11.14,11.53
108.324,2,-35.363338299999995,149.16326909999998,99.281,-3.5881809700846072,11.18,11.49
108.424,2,-35.3633282,149.1632819,99.23400000000001,-3.6613916333638583,11.22,11.44
108.524,2,-35.3633181,149.1632947,99.20700000000001,-3.5660904307614936,11.25,11.4
108.624,2,-35.363307899999995,149.1633075,99.19200000000001,-3.3012825025362185,11.28,11.36
108.724,2,-35.3632977,149.1633202,99.184,-2.893914225624202,11.3,11.34
108.824,2,-35.3632875,149.1633329,99.177,-2.3996078858616787,11.32,11.33
108.924,2,-35.3632773,149.1633455,99.164,-1.8937689851290005,11.33,11.33
109.024,2,-35.3632671,149.16335809999998,99.144,-1.4278558484679258,11.34,11.33
109.124,2,-35.363257,149.16337059999998,99.117,-1.0108615938595402,11.34,11.34
109.224,2,-35.3632468,149.1633832,99.08500000000001,-0.6722490960623402,11.35,11.36
109.324,2,-35.3632367,149.1633957,99.052,-0.4449356513684085,11.36,11.370000000000001
109.424,2,-35.363226499999996,149.1634083,99.02,-0.287544507394337,11.38,11.39
109.524,2,-35.3632163,149.1634209,98.993,-0.24212756471473393,11.39,11.4
109.624,2,-35.3632061,149.1634335,98.973,-0.2095797789887059,11.41,11.41
109.724,2,-35.3631959,149.1634461,98.96000000000001,-0.20476541609855925,11.43,11.42
109.824,2,-35.363185699999995,149.1634587,98.956,-0.2137015180083309,11.450000000000001,11.42
109.924,2,-35.363175399999996,149.1634713,98.95400000000001,-0.20348620971242315,11.46,11.43
110.025,2,-35.363165099999996,149.1634839,98.95400000000001,-0.19243244233504342,11.48,11.44
110.125,2,-35.3631546,149.1634968,98.95400000000001,-0.14566085436352993,11.5,11.46
110.22500000000001,2,-35.3631442,149.1635095,98.953,-0.10501213744664281,11.52,11.48
110.325,2,-35.3631336,149.1635224,98.95,-0.0680451526265504,11.540000000000001,11.5
110.424,2,-35.3631232,149.16353519999998,98.947,-0.03000988686663899,11.56,11.52
110.524,2,-35.3631126,149.16354809999999,98.943,-0.012130661092360613,11.59,11.540000000000001
110.624,2,-35.363102,149.163561,98.938,0.042179306280991445,11.61,11.56
110.724,2,-35.3630914,149.1635739,98.935,0.05094817527780356,11.63,11.58
110.824,2,-35.3630808,149.1635868,98.935,0.0648922999530755,11.65,11.59
110.924,2,-35.3630703,149.1635996,98.93900000000001,0.09705831545709685,11.67,11.6
111.024,2,-35.3630597,149.1636124,98.947,0.10948659837398213,11.68,11.6
111.124,2,-35.3630492,149.16362519999998,98.959,0.126972616360942,11.69,11.61
111.224,2,-35.3630387,149.1636379,98.97200000000001,0.16972148971558246,11.700000000000001,11.620000000000001
111.324,2,-35.3630281,149.1636507,98.986,0.21850055299348467,11.71,11.620000000000001
111.424,2,-35.3630176,149.1636634,99.003,0.2570774080648638,11.72,11.620000000000001
111.524,2,-35.3630071,149.1636761,99.02,0.3313984573319179,11.72,11.63
111.624,2,-35.362996599999995,149.16368889999998,99.037,0.3703459302070496,11.72,11.63
111.724,2,-35.362986,149.1637016,99.052,0.3806740300057551,11.72,11.64
111.824,2,-35.3629755,149.1637144,99.066,0.39872579309527567,11.72,11.64
111.924,2,-35.3629649,149.1637271,99.07900000000001,0.399573857130268,11.73,11.64
112.024,2,-35.3629544,149.1637399,99.08800000000001,0.43001982556199647,11.73,11.65
112.125,2,-35.3629438,149.1637527,99.095,0.4349346802783496,11.74,11.66
112.22500000000001,2,-35.3629331,149.1637656,99.102,0.39327626263295756,11.75,11.67
112.325,2,-35.362922399999995,149.1637785,99.111,0.40195449822113477,11.76,11.68
112.425,2,-35.3629117,149.16379139999998,99.123,0.39424532240187954,11.77,11.69
112.524,2,-35.362901,149.1638044,99.138,0.40715827527546467,11.77,11.700000000000001
112.62400000000001,2,-35.362890199999995,149.1638174,99.157,0.42483312398059164,11.78,11.71
112.724,2,-35.3628794,149.1638304,99.181,0.4502876915524953,11.790000000000001,11.72
112.824,2,-35.3628687,149.1638434,99.20700000000001,0.47121000172327243,11.790000000000001,11.73
112.924,2,-35.3628579,149.16385649999998,99.232,0.44764216718787897,11.790000000000001,11.74
113.024,2,-35.3628472,149.1638695,99.256,0.3986336389023334,11.8,11.74
113.12400000000001,2,-35.3628365,149.1638824,99.279,0.3099340809370504,11.8,11.74
113.224,2,-35.362825799999996,149.1638953,99.301,0.28860233294204274,11.8,11.74
113.324,2,-35.3628152,149.1639081,99.322,0.29044821824566514,11.8,11.73
113.424,2,-35.3628046,149.1639209,99.34,0.2516721137495921,11.8,11.73
113.524,2,-35.362794,149.1639337,99.35600000000001,0.2439829749305973,11.790000000000001,11.73
113.62400000000001,2,-35.3627835,149.1639466,99.371,0.2524426177849077,11.78,11.73
113.724,2,-35.362772899999996,149.16395939999998,99.385,0.2873398151626482,11.77,11.74
113.824,2,-35.3627623,149.1639722,99.398,0.3173970231006414,11.77,11.73
113.924,2,-35.3627518,149.163985,99.41,0.3266897622707082,11.77,11.73
114.024,2,-35.362741199999995,149.1639978,99.423,0.319798261480724,11.77,11.73
114.12400000000001,2,-35.3627306,149.16401059999998,99.436,0.30091916504755917,11.77,11.73
114.22500000000001,2,-35.362719999999996,149.1640234,99.447,0.28684054434257616,11.77,11.73
114.325,2,-35.3627092,149.16403649999998,99.455,0.2905460553694403,11.78,11.73
114.425,2,-35.3626986,149.16404939999998,99.462,0.3487334774454103,11.78,11.74
114.525,2,-35.362687799999996,149.1640625,99.471,0.37838895820241564,11.790000000000001,11.75
114.62400000000001,2,-35.3626771,149.1640755,99.482,0.3596825641696316,11.8,11.76
114.724,2,-35.3626663,149.1640885,99.497,0.3199417754945736,11.8,11.77
114.824,2,-35.3626556,149.16410159999998,99.511,0.2789193391743596,11.81,11.78
114.924,2,-35.3626449,149.1641146,99.525,0.2096534169656951,11.81,11.790000000000001
115.024,2,-35.3626341,149.1641277,99.541,0.14659776421858528,11.81,11.790000000000001
115.12400000000001,2,-35.3626235,149.1641406,99.558,0.12477460278909373,11.81,11.790000000000001
115.224,2,-35.3626128,149.1641536,99.574,0.1310288682738569,11.82,11.790000000000001
115.324,2,-35.3626022,149.1641665,99.58800000000001,0.1165856462012848,11.82,11.78
115.424,2,-35.3625916,149.1641793,99.601,0.10738051888155796,11.82,11.78
115.524,2,-35.362581,149.1641922,99.611,0.12365100999020019,11.82,11.77
115.62400000000001,2,-35.362570399999996,149.16420499999998,99.618,0.1808753887334116,11.82,11.77
115.724,2,-35.3625598,149.1642178,99.625,0.19022007469376753,11.82,11.77
115.824,2,-35.3625493,149.1642307,99.631,0.21754591399505638,11.82,11.77
115.924,2,-35.3625387,149.1642435,99.637,0.2736069727843971,11.82,11.76
116.024,2,-35.3625281,149.1642564,99.642,0.3160154038975947,11.82,11.76
116.12400000000001,2,-35.362517499999996,149.1642692,99.647,0.35698229156994943,11.82,11.76
116.224,2,-35.3625069,149.16428209999998,99.65,0.3956695769263859,11.82,11.77
116.325,2,-35.3624963,149.16429499999998,99.654,0.4119606453139241,11.81,11.77
116.425,2,-35.3624856,149.164308,99.659,0.4014860432936071,11.82,11.78
116.525,2,-35.3624748,149.164321,99.666,0.4304235004141148,11.82,11.790000000000001
116.62400000000001,2,-35.3624642,149.1643341,99.676,0.4216184527590428,11.82,11.8
116.724,2,-35.3624534,149.16434719999998,99.691,0.3953260397554754,11.82,11.81
116.824,2,-35.362442699999995,149.1643603,99.70700000000001,0.3635380725539716,11.82,11.82
116.924,2,-35.3624319,149.1643734,99.724,0.349121597608911,11.83,11.83
117.024,2,-35.3624211,149.1643865,99.739,0.2775773937654373,11.83,11.83
117.12400000000001,2,-35.3624104,149.1643997,99.751,0.21275748447941464,11.84,11.84
117.224,2,-35.362399599999996,149.16441279999998,99.761,0.17216667075802056,11.84,11.85
117.324,2,-35.3623889,149.1644259,99.768,0.11503963555069506,11.84,11.85
117.424,2,-35.362378299999996,149.1644389,99.773,0.06232218114370035,11.85,11.85
117.524,2,-35.3623677,149.1644519,99.776,0.028369987795388015,11.85,11.84
117.62400000000001,2,-35.362356999999996,149.1644648,99.778,0.00907936162580669,11.84,11.84
117.724,2,-35.3623464,149.1644778,99.779,0.013838407654298814,11.84,11.84
117.824,2,-35.3623358,149.1644907,99.78,0.039604601773321015,11.84,11.84
117.924,2,-35.3623252,149.1645036,99.784,0.08316218219889351,11.83,11.84
118.024,2,-35.3623147,149.16451659999998,99.789,0.10274159313550281,11.83,11.83
118.12400000000001,2,-35.362304099999996,149.1645295,99.796,0.07712598917968153,11.83,11.83
118.224,2,-35.3622935,149.16454249999998,99.805,0.05715264841671306,11.83,11.83
118.324,2,-35.3622829,149.16455539999998,99.815,0.0014788863453677633,11.83,11.82
118.425,2,-35.3622722,149.1645685,99.822,-0.0013297703799483754,11.83,11.82
118.525,2,-35.362261499999995,149.1645815,99.827,0.020420406326120213,11.83,11.82
118.625,2,-35.3622508,149.1645946,99.82900000000001,0.26996127927362346,11.84,11.82
118.724,2,-35.36224,149.1646077,99.82900000000001,1.098714048285183,11.84,11.82
118.824,3,-35.362229299999996,149.1646208,99.82600000000001,2.8531665976963754,11.83,11.84
118.924,3,-35.3622186,149.1646341,99.825,5.672508391075556,11.790000000000001,11.91
119.024,3,-35.3622079,149.16464729999998,99.825,9.047595569905404,11.700000000000001,12.05
119.12400000000001,3,-35.3621973,149.1646609,99.828,11.653030992962005,11.56,12.25
119.224,3,-35.3621869,149.16467459999998,99.83200000000001,12.277433226506231,11.42,12.47
119.324,3,-35.3621767,149.1646884,99.837,10.68390825823359,11.3,12.620000000000001
119.424,3,-35.3621666,149.16470239999998,99.848,7.311254761182382,11.25,12.700000000000001
119.524,3,-35.3621566,149.16471629999998,99.869,3.0249129850368157,11.25,12.67
119.62400000000001,3,-35.3621465,149.16473009999999,99.894,-1.2622639951781962,11.3,12.58
119.724,3,-35.362136299999996,149.1647438,99.918,-4.849218305976551,11.38,12.450000000000001
119.824,3,-35.3621261,149.16475739999998,99.932,-7.30636946837853,11.47,12.32
119.924,3,-35.3621158,149.16477079999999,99.933,-8.515228427879808,11.55,12.21
120.024,3,-35.3621055,149.1647841,99.925,-8.599120226360489,11.620000000000001,12.11
120.12400000000001,3,-35.3620951,149.1647973,99.912,-7.878227056637847,11.68,12.030000000000001
120.224,3,-35.362084599999996,149.1648104,99.898,-6.773237772052715,11.72,11.98
120.324,3,-35.3620741,149.16482349999998,99.888,-5.6222911327503295,11.75,11.94
120.424,3,-35.3620635,149.1648366,99.881,-5.01034631047856,11.77,11.92
120.525,3,-35.3620529,149.1648497,99.882,-5.446101707354796,11.790000000000001,11.89
120.625,3,-35.3620423,149.1648627,99.891,-7.23015992516682,11.83,11.82
120.72500000000001,3,-35.3620315,149.16487569999998,99.907,-10.323258902131284,11.92,11.700000000000001
120.824,3,-35.362020699999995,149.16488859999998,99.923,-14.306809641190311,12.06,11.51
120.924,3,-35.3620096,149.1649012,99.936,-18.74117847867957,12.23,11.26
121.024,3,-35.3619985,149.1649136,99.94200000000001,-23.093064244204456,12.44,10.97
121.12400000000001,3,-35.361987,149.1649256,99.94,-26.905231876609523,12.69,10.63
121.224,3,-35.3619753,149.1649371,99.932,-29.97591075762342,12.96,10.25
121.324,3,-35.3619635,149.1649482,99.92,-32.214201314677034,13.24,9.83
121.424,3,-35.361951399999995,149.1649587,99.908,-33.71029961085497,13.55,9.370000000000001
121.524,3,-35.3619391,149.1649687,99.9,-34.589956258966325,13.85,8.88
121.62400000000001,3,-35.361926499999996,149.16497809999998,99.899,-34.92176684884554,14.14,8.36
121.724,3,-35.361913699999995,149.1649869,99.909,-34.883545110250154,14.42,7.83
121.824,3,-35.3619007,149.1649952,99.93,-34.631757016686805,14.67,7.3
121.924,3,-35.3618874,149.1650028,99.964,-34.15262607659958,14.89,6.7700000000000005
122.024,3,-35.361874,149.1650099,100.008,-33.44143604436658,15.07,6.28
122.12400000000001,3,-35.3618604,149.1650165,100.058,-32.476060522171565,15.22,5.8100000000000005
122.224,3,-35.3618467,149.1650225,100.10900000000001,-31.278475643669044,15.33,5.39
122.324,3,-35.361832899999996,149.1650282,100.155,-29.84842186167055,15.42,5.0200000000000005
122.424,3,-35.361819,149.1650335,100.196,-28.259812068279377,15.48,4.69
122.525,3,-35.3618051,149.1650384,100.23,-26.63185355507976,15.52,4.38
122.625,3,-35.3617911,149.1650431,100.256,-25.022732703611045,15.55,4.11
122.72500000000001,3,-35.361776899999995,149.1650475,100.272,-23.64008214199973,15.57,3.86
122.825,3,-35.3617628,149.1650516,100.277,-22.48792485166696,15.59,3.62
122.924,3,-35.3617487,149.1650555,100.27,-21.499345469314115,15.6,3.39
123.024,3,-35.3617345,149.16505909999998,100.254,-20.66130687136294,15.620000000000001,3.15
123.12400000000001,3,-35.3617203,149.1650625,100.232,-19.930585913198296,15.63,2.91
123.224,3,-35.3617061,149.1650656,100.208,-19.258245996964334,15.65,2.66
123.324,3,-35.3616919,149.1650684,100.182,-18.597462760806035,15.67,2.42
123.424,3,-35.3616777,149.16507099999998,100.158,-17.904828645000677,15.68,2.18
123.524,3,-35.3616636,149.1650733,100.141,-17.174648979327756,15.68,1.95
123.62400000000001,3,-35.3616495,149.16507529999998,100.13,-16.401985537017357,15.68,1.72
123.724,3,-35.3616355,149.1650771,100.126,-15.542020324283145,15.67,1.5
123.824,3,-35.3616215,149.1650786,100.126,-14.595882029885468,15.65,1.31
123.924,3,-35.3616075,149.16508,100.127,-13.537749123667092,15.63,1.1400000000000001
124.024,3,-35.3615936,149.1650812,100.128,-12.424610142741667,15.610000000000001,0.99
124.12400000000001,3,-35.3615797,149.1650822,100.127,-11.2550845351232,15.59,0.86
124.224,3,-35.3615658,149.1650831,100.124,-10.124481614263695,15.57,0.75
124.324,3,-35.361551899999995,149.16508389999998,100.118,-9.024872384310418,15.55,0.66
124.424,3,-35.361537999999996,149.1650846,100.11,-8.03041989304501,15.530000000000001,0.58
124.524,3,-35.3615241,149.1650852,100.09700000000001,-7.202502781670146,15.52,0.51
124.625,3,-35.3615103,149.16508579999999,100.081,-6.520160480283526,15.5,0.44
124.72500000000001,3,-35.3614961,149.1650862,100.063,-5.878434325683209,15.5,0.38
124.825,3,-35.361482099999996,149.1650867,100.045,-5.333984579015859,15.5,0.32
124.925,3,-35.361468099999996,149.165087,100.028,-4.8886272168270555,15.5,0.26
125.024,3,-35.361454099999996,149.16508729999998,100.013,-4.457994888715153,15.51,0.2
125.12400000000001,3,-35.36144,149.1650875,100.0,-4.0699517782860415,15.51,0.15
125.224,3,-35.3614259,149.1650877,99.988,-3.6952147301337614,15.51,0.11
125.324,3,-35.3614118,149.16508779999998,99.979,-3.3537791230535245,15.52,0.06
125.424,3,-35.3613978,149.1650879,99.971,-3.0398911629998304,15.52,0.02
125.524,3,-35.3613838,149.1650879,99.965,-2.650095895605199,15.51,0.0
125.62400000000001,3,-35.3613699,149.1650879,99.96000000000001,-2.263445503436536,15.51,-0.02
125.724,3,-35.361356,149.1650879,99.956,-1.9261541136352043,15.51,-0.03
125.824,3,-35.361342199999996,149.165088,99.95,-1.6060789626888303,15.5,-0.05
125.924,3,-35.3613283,149.165088,99.943,-1.311389597174984,15.49,-0.06
126.024,3,-35.3613145,149.1650879,99.934,-1.0498060518464836,15.49,-0.06
126.12400000000001,3,-35.3613007,149.16508779999998,99.925,-0.8913386194696062,15.49,-0.07
126.224,3,-35.361286799999995,149.16508779999998,99.914,-0.7062816875406923,15.49,-0.08
126.324,3,-35.361273,149.1650877,99.903,-0.5581465704698988,15.49,-0.08
126.424,3,-35.3612591,149.1650876,99.895,-0.48146803872213245,15.49,-0.08
126.524,3,-35.3612453,149.1650876,99.89,-0.4113164197369744,15.5,-0.08
126.62400000000001,3,-35.3612314,149.1650875,99.888,-0.3130452054235648,15.5,-0.08
126.72500000000001,3,-35.361217499999995,149.1650874,99.888,-0.29354763002497003,15.5,-0.08
126.825,3,-35.361203499999995,149.16508729999998,99.889,-0.26648575352271836,15.51,-0.08
126.925,3,-35.3611894,149.1650872,99.892,-0.18399284982120676,15.52,-0.09
127.025,3,-35.3611754,149.1650871,99.897,-0.11660120088990245,15.530000000000001,-0.08
127.12400000000001,3,-35.3611613,149.165087,99.902,-0.03681859162325661,15.530000000000001,-0.08
127.224,3,-35.3611472,149.1650869,99.905,0.006749449613890789,15.540000000000001,-0.08
127.324,3,-35.361133099999996,149.1650869,99.904,0.031038804172291164,15.55,-0.08
127.424,3,-35.3611189,149.16508679999998,99.903,0.03331196650027612,15.56,-0.08
127.524,3,-35.3611048,149.1650867,99.902,0.04744577233230804,15.57,-0.08
127.62400000000001,3,-35.3610907,149.1650866,99.901,0.07324702203038946,15.57,-0.08
127.724,3,-35.3610766,149.1650865,99.899,0.12828865507578596,15.58,-0.08
127.824,3,-35.3610626,149.1650864,99.896,0.15629195042516222,15.58,-0.07
127.924,3,-35.3610487,149.16508629999998,99.893,0.14968758438458302,15.58,-0.07
128.024,3,-35.3610347,149.1650862,99.891,0.17381373352377213,15.57,-0.07
128.124,3,-35.3610208,149.1650861,99.89,0.2642273354653978,15.57,-0.06
128.224,3,-35.3610069,149.165086,99.888,0.33362790044611884,15.57,-0.06
128.324,3,-35.360993,149.16508589999998,99.886,0.35815719082889735,15.57,-0.05
128.424,3,-35.360979,149.16508589999998,99.883,0.31844823190258864,15.57,-0.05
128.524,3,-35.3609651,149.16508579999999,99.88,0.30928470603779673,15.57,-0.05
128.624,3,-35.360951199999995,149.1650857,99.877,0.2951192672251605,15.57,-0.04
128.724,3,-35.360937199999995,149.1650856,99.876,0.24989143540820213,15.57,-0.04
128.825,3,-35.360923199999995,149.1650856,99.877,0.1817670485852156,15.58,-0.03
128.925,3,-35.3609091,149.1650855,99.881,0.12756240052772996,15.58,-0.03
129.025,3,-35.360895,149.16508539999998,99.886,0.11433918097501174,15.59,-0.03
129.124,3,-35.3608808,149.16508539999998,99.89,0.15415859686680428,15.6,-0.03
129.224,3,-35.360866699999995,149.1650853,99.895,0.2306016738511903,15.610000000000001,-0.03
129.324,3,-35.3608525,149.1650853,99.9,0.2635314565828498,15.620000000000001,-0.02
129.424,3,-35.3608383,149.1650852,99.907,0.2714936428860864,15.63,-0.01
129.524,3,-35.360824099999995,149.1650852,99.912,0.265619653519449,15.63,-0.01
129.624,3,-35.3608099,149.1650851,99.915,0.23438645242502362,15.64,-0.01
129.724,3,-35.3607959,149.1650851,99.917,0.16969914485843446,15.64,-0.01
129.824,3,-35.3607818,149.1650851,99.919,0.1167980357360031,15.64,-0.01
129.924,3,-35.3607678,149.165085,99.922,0.06796952028768441,15.64,-0.01
130.024,3,-35.3607538,149.165085,99.924,0.0501350059055485,15.63,-0.02
130.124,3,-35.3607399,149.16508489999998,99.926,0.0504841392959059,15.63,-0.02
130.224,3,-35.3607259,149.16508489999998,99.927,0.09598433491117846,15.620000000000001,-0.01
130.324,3,-35.3607119,149.1650848,99.928,0.18508002383800237,15.620000000000001,-0.01
130.424,3,-35.360698,149.1650848,99.929,0.26834177738839,15.610000000000001,0.0
130.524,3,-35.360684,149.1650847,99.931,0.3431166873897062,15.610000000000001,0.0
130.624,3,-35.36067,149.1650847,99.933,0.3655795253834385,15.610000000000001,0.0
130.724,3,-35.3606561,149.1650847,99.935,0.30722983295382783,15.610000000000001,0.0
130.824,3,-35.3606421,149.1650847,99.937,0.2434250338527719,15.6,0.0
130.925,3,-35.360628,149.1650847,99.94,0.21198964848674356,15.6,0.0
131.025,3,-35.360614,149.1650846,99.943,0.2124134937412546,15.59,0.0
131.125,3,-35.3605999,149.1650846,99.94800000000001,0.18780490913108044,15.6,0.01
131.224,3,-35.360585799999996,149.1650846,99.95100000000001,0.15742928364367512,15.6,0.01
131.324,3,-35.3605716,149.1650846,99.953,0.11870031012091777,15.6,0.01
131.424,3,-35.3605575,149.1650846,99.95700000000001,0.113600840193776,15.610000000000001,0.01
131.524,3,-35.360543299999996,149.1650846,99.962,0.1171791656277751,15.610000000000001,0.01
131.624,3,-35.3605291,149.1650845,99.96600000000001,0.10464466126310422,15.610000000000001,0.01
131.724,3,-35.360515,149.1650845,99.968,0.11606009516116406,15.610000000000001,0.01
131.824,3,-35.360501,149.1650845,99.96900000000001,0.1206896694177501,15.610000000000001,0.01
131.924,3,-35.360487,149.1650845,99.97,0.10461784076442002,15.6,0.01
132.024,3,-35.360473,149.1650845,99.97,0.06235218328323816,15.6,0.01
132.124,3,-35.3604591,149.1650845,99.96900000000001,0.0005067127830828365,15.6,0.0
132.224,3,-35.3604451,149.1650845,99.967,-0.00965361444935014,15.6,0.0
132.324,3,-35.3604311,149.1650845,99.968,-0.010649417176966988,15.59,0.0
132.424,3,-35.3604172,149.1650845,99.973,0.02226068373760912,15.59,0.0
132.524,3,-35.3604032,149.16508439999998,99.98,0.04879585860634957,15.58,0.0
132.624,3,-35.3603893,149.16508439999998,99.988,0.06844111683542602,15.58,0.0
132.724,3,-35.3603753,149.16508439999998,99.994,0.09783588313531387,15.58,0.0
132.824,3,-35.360361399999995,149.16508439999998,99.996,0.1490169985463053,15.57,0.0
132.925,3,-35.360347399999995,149.1650843,99.997,0.22888201364508093,15.57,0.0
133.025,3,-35.3603334,149.1650843,99.997,0.2718353391075722,15.57,0.0
133.125,3,-35.3603192,149.1650843,99.994,0.3025865849786885,15.58,0.0
133.225,3,-35.3603052,149.1650843,99.989,0.3295270388601873,15.58,0.01
133.324,3,-35.360291,149.1650843,99.98400000000001,0.32069549754165505,15.59,0.02
133.424,3,-35.360276899999995,149.1650843,99.98100000000001,0.2639105854426384,15.6,0.02
133.524,3,-35.3602627,149.1650843,99.982,0.21464579166108516,15.6,0.03
133.624,3,-35.3602485,149.1650843,99.985,0.18895555588238958,15.610000000000001,0.03
133.724,3,-35.3602343,149.1650843,99.989,0.18007042692734182,15.620000000000001,0.02
133.824,3,-35.3602202,149.1650843,99.993,0.16302244818176187,15.620000000000001,0.02
133.924,3,-35.3602061,149.1650843,99.997,0.1347817503978748,15.620000000000001,0.02
134.024,3,-35.3601921,149.1650843,99.999,0.15142291934122906,15.620000000000001,0.03
134.124,3,-35.3601781,149.1650843,100.002,0.15787492680659201,15.610000000000001,0.03
134.224,3,-35.3601641,149.1650843,100.004,0.1597937297156896,15.610000000000001,0.04
134.324,3,-35.3601502,149.1650843,100.004,0.14327382331052949,15.610000000000001,0.04
134.424,3,-35.3601362,149.16508439999998,100.002,0.11028333593860015,15.6,0.04
134.524,3,-35.3601223,149.16508439999998,99.998,0.03845363819194783,15.6,0.04
134.624,3,-35.3601083,149.16508439999998,99.993,-0.03909136708505811,15.6,0.04
134.724,3,-35.3600944,149.16508439999998,99.989,-0.07686649535207393,15.6,0.04
134.824,3,-35.3600804,149.1650845,99.983,-0.08368261059713675,15.6,0.03
134.924,3,-35.360066499999995,149.1650845,99.979,-0.10020453804460008,15.6,0.03
135.025,3,-35.3600525,149.1650845,99.97500000000001,-0.06343581547342317,15.610000000000001,0.03
135.125,3,-35.3600383,149.1650845,99.974,-0.0163949536304832,15.620000000000001,0.03
135.225,3,-35.3600242,149.1650845,99.97500000000001,-0.011434409517605763,15.620000000000001,0.03
135.325,3,-35.360009999999996,149.1650845,99.98,0.014520843770734924,15.63,0.03
135.424,3,-35.3599959,149.1650846,99.988,0.03821257720396068,15.63,0.03
135.524,3,-35.3599817,149.1650846,99.996,0.014431681120607828,15.64,0.03
135.624,3,-35.359967499999996,149.1650846,99.999,-0.0030031798583738905,15.65,0.03
135.724,3,-35.3599533,149.1650846,100.0,-0.0565921526880555,15.66,0.03
135.824,3,-35.3599391,149.1650846,99.998,-0.08949150639335408,15.66,0.03
135.924,3,-35.359925,149.1650847,99.995,-0.07672662988654073,15.67,0.03
136.024,3,-35.359911,149.1650847,99.992,-0.07100715353955502,15.67,0.03
136.124,3,-35.359897,149.1650847,99.991,-0.05944730516325306,15.66,0.03
136.224,3,-35.359882999999996,149.1650848,99.991,-0.07616754155037816,15.66,0.03
136.324,3,-35.359868999999996,149.1650848,99.994,-0.09902143455452016,15.65,0.03
136.424,3,-35.359854999999996,149.1650848,99.997,-0.08508774859609498,15.64,0.03
136.524,3,-35.3598411,149.1650848,99.999,-0.05867700790124239,15.64,0.03
136.624,3,-35.3598271,149.16508489999998,100.001,-0.07573417138362613,15.63,0.03
136.724,3,-35.3598131,149.16508489999998,100.003,-0.11150806756404145,15.63,0.03
136.824,3,-35.3597992,149.16508489999998,100.001,-0.12098296734566397,15.63,0.03
136.924,3,-35.3597852,149.165085,99.996,-0.10836839502123055,15.63,0.02
137.024,3,-35.3597712,149.165085,99.989,-0.10180198188726987,15.63,0.02
137.125,3,-35.3597572,149.165085,99.98100000000001,-0.1349765575315656,15.63,0.02
137.225,3,-35.359743099999996,149.165085,99.973,-0.13439949992819208,15.63,0.01
137.32500000000002,3,-35.359729,149.165085,99.967,-0.13151062339396757,15.64,0.01
137.425,3,-35.3597149,149.165085,99.965,-0.1089592330648631,15.65,0.01
137.524,3,-35.3597006,149.1650851,99.965,-0.07783649560602814,15.66,0.01
137.624,3,-35.359686499999995,149.1650851,99.967,-0.07932310228713728,15.66,0.01
137.724,3,-35.3596722,149.1650851,99.971,-0.04221679895025379,15.67,0.01
137.824,3,-35.359657999999996,149.1650851,99.977,-0.03455451731552961,15.68,0.01
137.924,3,-35.3596438,149.1650851,99.98400000000001,-0.034434822252389106,15.68,0.0
138.024,3,-35.3596296,149.1650851,99.991,-0.027424268397025744,15.69,0.0
138.124,3,-35.3596155,149.1650851,99.997,-0.0212919674791776,15.69,0.0
138.224,3,-35.359601399999995,149.1650851,100.0,-0.04041380243214232,15.68,0.01
138.324,3,-35.3595873,149.1650851,99.999,-0.016915126897148556,15.68,0.01
138.424,3,-35.3595733,149.1650852,99.996,0.027458787866266085,15.67,0.02
138.524,3,-35.3595593,149.1650852,99.992,0.04440795565250562,15.67,0.02
138.624,3,-35.3595453,149.1650852,99.989,0.029961378516308014,15.66,0.02
138.724,3,-35.3595314,149.1650853,99.986,-0.05187881856769755,15.66,0.03
138.824,3,-35.3595174,149.1650853,99.983,-0.12807695923215523,15.65,0.03
138.924,3,-35.3595034,149.1650853,99.98,-0.1732413316548133,15.65,0.02
139.024,3,-35.3594894,149.1650853,99.977,-0.24830477712792287,15.65,0.02
139.124,3,-35.3594754,149.16508539999998,99.974,-0.2831556572853543,15.65,0.02
139.225,3,-35.3594614,149.16508539999998,99.973,-0.2811829065539842,15.64,0.02
139.32500000000002,3,-35.3594471,149.16508539999998,99.973,-0.2744602395025462,15.65,0.01
139.425,3,-35.359432999999996,149.16508539999998,99.97200000000001,-0.25682810616015833,15.66,0.01
139.525,3,-35.3594188,149.16508539999998,99.97200000000001,-0.24349469644622074,15.67,0.01
139.624,3,-35.3594046,149.16508539999998,99.971,-0.22405016173539935,15.67,0.0
139.724,3,-35.359390399999995,149.16508539999998,99.96900000000001,-0.2149297247593167,15.68,0.0
139.824,3,-35.3593762,149.16508539999998,99.96900000000001,-0.22639019521721632,15.69,0.0
139.924,3,-35.359361899999996,149.16508539999998,99.97,-0.1999589772950669,15.700000000000001,0.0
140.024,3,-35.3593477,149.16508539999998,99.974,-0.11091895040791463,15.700000000000001,0.01
140.124,3,-35.3593336,149.16508539999998,99.98,-0.07702568411646019,15.700000000000001,0.01
140.224,3,-35.3593195,149.16508539999998,99.989,-0.08737678244276162,15.700000000000001,0.01
140.324,3,-35.3593054,149.16508539999998,99.999,-0.101531268940342,15.69,0.0
140.424,3,-35.3592914,149.16508539999998,100.008,-0.11210684303454149,15.68,0.0
140.524,3,-35.359277399999996,149.16508539999998,100.015,-0.10567421889899109,15.68,0.01
140.624,3,-35.359263399999996,149.16508539999998,100.019,-0.13519114820146563,15.67,0.01
140.724,3,-35.359249399999996,149.16508539999998,100.02,-0.12624354702789606,15.66,0.01
140.824,3,-35.359235399999996,149.16508539999998,100.019,-0.12269188868012909,15.66,0.0
140.924,3,-35.359221399999996,149.1650855,100.016,-0.1433549985079895,15.65,0.0
141.024,3,-35.359207399999995,149.1650855,100.012,-0.16226205602806906,15.65,0.0
141.124,3,-35.359193499999996,149.16508539999998,100.009,-0.15459877054229987,15.65,0.0
141.224,3,-35.359179499999996,149.16508539999998,100.006,-0.14093221568355227,15.64,0.0
141.32500000000002,3,-35.3591653,149.16508539999998,100.002,-0.10962040071260562,15.64,-0.01
141.425,3,-35.3591513,149.16508539999998,99.996,-0.10554077007601799,15.64,-0.01
141.525,3,-35.3591372,149.16508539999998,99.991,-0.05396616506570377,15.64,-0.02
141.624,3,-35.3591231,149.16508539999998,99.988,-0.011822174497929395,15.64,-0.03
141.724,3,-35.359108899999995,149.1650853,99.991,-0.0004851466608817196,15.65,-0.03
141.824,3,-35.3590947,149.1650853,99.996,0.007716373698052175,15.65,-0.04
141.924,3,-35.359080399999996,149.1650852,100.002,0.05172095381947365,15.66,-0.04
142.024,3,-35.3590662,149.1650852,100.005,0.11816932961401538,15.66,-0.04
142.124,3,-35.359052,149.1650851,100.007,0.18338240166413686,15.67,-0.04
142.224,3,-35.359037799999996,149.1650851,100.007,0.23047064627691713,15.67,-0.03
142.324,3,-35.3590237,149.165085,100.008,0.2809453973977676,15.67,-0.02
142.424,3,-35.3590096,149.165085,100.007,0.29488149126467944,15.67,-0.02
142.524,3,-35.3589956,149.165085,100.005,0.2927634122504615,15.67,-0.02
142.624,3,-35.3589816,149.16508489999998,100.004,0.29141919900529123,15.67,-0.02
142.724,3,-35.3589676,149.16508489999998,100.004,0.2934994184943832,15.67,-0.02
142.824,3,-35.3589536,149.16508489999998,100.004,0.32184291596136433,15.67,-0.02
142.924,3,-35.3589396,149.1650848,100.004,0.3432424055591167,15.66,-0.02
143.024,3,-35.3589256,149.1650848,100.006,0.35398525258691543,15.66,-0.01
143.124,3,-35.3589116,149.1650848,100.007,0.37875402647746753,15.66,-0.01
143.224,3,-35.3588976,149.1650847,100.005,0.39376560833439195,15.66,-0.01
143.324,3,-35.3588836,149.1650847,100.002,0.3842193517522413,15.65,0.0
143.425,3,-35.358869399999996,149.1650847,99.999,0.3480650794021011,15.65,0.0
143.525,3,-35.3588553,149.1650847,100.001,0.32667386073654675,15.66,0.0
143.625,3,-35.3588412,149.1650847,100.002,0.2869116209986266,15.66,0.0
143.724,3,-35.3588269,149.1650846,100.001,0.2575243052078236,15.67,0.0
143.824,3,-35.358812799999995,149.1650846,100.0,0.24011684773653208,15.67,0.0
143.924,3,-35.3587985,149.1650846,99.999,0.2120740119951638,15.68,0.0
144.024,3,-35.358784299999996,149.1650846,99.998,0.14650805128466274,15.69,0.0
144.124,3,-35.3587701,149.1650846,99.998,0.109621681373075,15.700000000000001,0.0
144.224,3,-35.3587558,149.1650846,99.999,0.14857813221170552,15.700000000000001,0.0
144.324,3,-35.358741699999996,149.1650846,100.0,0.21979063165339727,15.700000000000001,0.0
144.424,3,-35.3587276,149.1650846,100.001,0.2519579144776748,15.69,0.01
144.524,3,-35.3587136,149.1650846,100.0,0.24761970381808532,15.69,0.01
144.624,3,-35.3586996,149.1650846,100.001,0.2421757762453207,15.68,0.01
144.724,3,-35.3586856,149.1650846,100.004,0.20231423196017093,15.67,0.02
144.824,3,-35.3586716,149.1650845,100.007,0.1972325578774682,15.67,0.02
144.924,3,-35.3586576,149.1650845,100.011,0.20423608977809649,15.66,0.03
145.024,3,-35.3586436,149.1650845,100.015,0.1975250954132284,15.65,0.03
145.124,3,-35.3586296,149.1650845,100.02,0.17751274786679683,15.65,0.03
145.224,3,-35.3586156,149.1650845,100.024,0.12594376575635596,15.64,0.03
145.324,3,-35.3586016,149.1650846,100.024,0.05643537183215594,15.64,0.03
145.425,3,-35.3585876,149.1650846,100.023,0.02454145665723761,15.64,0.03
145.525,3,-35.3585734,149.1650846,100.021,0.02329724998801785,15.65,0.03
145.625,3,-35.358559199999995,149.1650846,100.016,-0.01827171485760949,15.65,0.03
145.725,3,-35.358545,149.1650847,100.008,-0.04946342288633237,15.67,0.03
145.824,3,-35.3585308,149.1650847,99.999,-0.05699185215663347,15.67,0.03
145.924,3,-35.3585166,149.1650847,99.992,-0.04517678549106179,15.68,0.03
146.024,3,-35.3585024,149.1650847,99.988,-0.017059114488567565,15.69,0.03
146.124,3,-35.358488099999995,149.1650847,99.989,0.0231682367859413,15.69,0.03
146.224,3,-35.3584739,149.1650848,99.993,0.01907181749101293,15.700000000000001,0.03
146.324,3,-35.3584598,149.1650848,99.999,0.020100006087517816,15.700000000000001,0.02
146.424,3,-35.3584457,149.1650848,100.006,-0.001625825667403122,15.69,0.02
146.524,3,-35.358431599999996,149.1650848,100.013,-0.006395811817162419,15.68,0.02
146.624,3,-35.358417599999996,149.1650848,100.02,-0.006550226452741606,15.68,0.01
146.724,3,-35.358403599999995,149.1650848,100.026,0.005013826592015479,15.67,0.01
146.824,3,-35.358389599999995,149.1650848,100.031,0.03666002651383852,15.66,0.01
146.924,3,-35.358375599999995,149.1650848,100.036,0.028127559435545537,15.66,0.01
147.024,3,-35.358361599999995,149.1650848,100.038,-0.02006110769328713,15.65,0.01
147.124,3,-35.3583476,149.1650848,100.037,-0.0901988378489537,15.65,0.01
147.224,3,-35.3583336,149.1650848,100.033,-0.14816773389212295,15.64,0.01
147.324,3,-35.358319699999996,149.1650848,100.028,-0.13407042354841497,15.64,0.0
147.424,3,-35.358305699999995,149.1650848,100.024,-0.10685909663742962,15.64,0.0
147.525,3,-35.3582916,149.1650848,100.022,-0.08426437729577788,15.64,0.0
147.625,3,-35.3582775,149.1650848,100.021,-0.023591780218128165,15.64,0.0
147.725,3,-35.3582634,149.1650848,100.019,0.03892900001487155,15.65,0.0
147.82500000000002,3,-35.358249199999996,149.1650848,100.014,0.06464071020180233,15.65,0.0
147.924,3,-35.358235,149.1650848,100.008,0.06345587248400346,15.66,0.0
148.024,3,-35.3582208,149.1650848,100.003,0.1151055362040151,15.67,0.0
148.124,3,-35.358206599999995,149.1650848,100.0,0.18422570324300866,15.68,0.0
148.224,3,-35.3581924,149.1650848,99.999,0.23424029704895594,15.68,0.0
148.324,3,-35.358178099999996,149.1650848,100.002,0.2519079153585162,15.69,0.0
148.424,3,-35.3581639,149.1650848,100.005,0.2382479105444609,15.700000000000001,0.0
148.524,3,-35.3581498,149.1650848,100.008,0.19042248574899528,15.700000000000001,0.0
148.624,3,-35.3581356,149.1650848,100.012,0.1933628555062593,15.69,0.0
148.724,3,-35.3581216,149.1650848,100.016,0.1616528618510421,15.68,0.0
148.824,3,-35.3581076,149.1650848,100.02,0.1691446455556205,15.67,0.01
148.924,3,-35.3580936,149.1650848,100.024,0.17221995156963196,15.67,0.01
149.024,3,-35.358079599999996,149.1650848,100.025,0.1744965256571486,15.66,0.02
149.124,3,-35.358065599999996,149.1650848,100.022,0.1715349449608605,15.66,0.02
149.224,3,-35.358051599999996,149.1650848,100.017,0.1750956746536189,15.66,0.02
149.324,3,-35.358037599999996,149.1650848,100.011,0.1532835322402493,15.65,0.03
149.424,3,-35.358023599999996,149.16508489999998,100.004,0.13151535916966164,15.65,0.03
149.524,3,-35.358009599999995,149.16508489999998,99.999,0.1114051077983888,15.65,0.03
149.625,3,-35.357995599999995,149.16508489999998,99.998,0.07405774680857147,15.64,0.03
149.725,3,-35.3579814,149.16508489999998,100.001,-0.009936281894852184,15.65,0.03
149.82500000000002,3,-35.3579672,149.165085,100.005,-0.06190182435494706,15.65,0.02
149.925,3,-35.357952999999995,149.165085,100.01,-0.10390853495726346,15.65,0.01
150.024,3,-35.3579389,149.165085,100.015,-0.11237556828969918,15.66,0.01
150.124,3,-35.3579246,149.165085,100.018,-0.10227982165479971,15.66,0.01
150.224,3,-35.357910499999996,149.165085,100.02,-0.09329385402800168,15.67,0.01
150.324,3,-35.3578962,149.16508489999998,100.019,-0.07816529184132755,15.68,0.0
150.424,3,-35.357882,149.16508489999998,100.017,-0.07935113674522473,15.68,0.0
150.524,3,-35.357867899999995,149.16508489999998,100.014,-0.11272905725967379,15.68,0.0
150.624,3,-35.357853899999995,149.16508489999998,100.011,-0.09792233438710346,15.68,-0.01
150.724,3,-35.3578398,149.16508489999998,100.01,-0.07560509148048347,15.67,-0.01
150.824,3,-35.3578258,149.16508489999998,100.009,-0.0059816352990661945,15.67,-0.01
150.924,3,-35.3578118,149.16508489999998,100.009,0.05195196629185082,15.66,-0.01
151.024,3,-35.3577978,149.16508489999998,100.011,0.09479554182015906,15.65,-0.01
151.124,3,-35.3577839,149.1650848,100.013,0.19380905895813155,15.65,0.0
151.224,3,-35.3577699,149.1650848,100.014,0.2706343997524135,15.65,0.0
151.324,3,-35.3577559,149.1650848,100.015,0.32319142475519225,15.64,0.0
151.424,3,-35.3577419,149.1650848,100.016,0.28193574814699296,15.64,0.0
151.524,3,-35.357728,149.1650848,100.014,0.2225758280504551,15.64,0.0
151.624,3,-35.357714,149.1650848,100.013,0.17246846640175728,15.63,0.0
151.725,3,-35.3577,149.1650848,100.014,0.16309996816079889,15.63,0.01
151.82500000000002,3,-35.3576859,149.1650848,100.014,0.16678526876463065,15.63,0.01
151.925,3,-35.3576717,149.1650848,100.01,0.1702782835350707,15.64,0.01
152.024,3,-35.357657599999996,149.1650848,100.006,0.16352273285803887,15.64,0.02
152.124,3,-35.3576434,149.1650848,100.005,0.17536273238212374,15.65,0.02
152.224,3,-35.3576292,149.1650848,100.003,0.1644528658847771,15.66,0.02
152.324,3,-35.3576149,149.1650848,100.002,0.11061924250754726,15.67,0.02
152.424,3,-35.3576007,149.1650848,100.002,0.08390774670558933,15.68,0.02
152.524,3,-35.3575865,149.1650848,100.002,0.06838273339225696,15.69,0.02
152.624,3,-35.3575723,149.1650848,100.003,0.03270211198269463,15.69,0.02
152.724,3,-35.3575582,149.16508489999998,100.006,0.026212726907408373,15.69,0.02
152.824,3,-35.3575441,149.16508489999998,100.01,0.05786250117261176,15.69,0.02
152.924,3,-35.35753,149.16508489999998,100.011,0.06861112451273588,15.68,0.01
153.024,3,-35.357516,149.16508489999998,100.011,0.058651107877270556,15.67,0.02
153.124,3,-35.357502,149.16508489999998,100.013,0.008421834188747306,15.66,0.02
153.224,3,-35.357488,149.16508489999998,100.014,-0.03382709549881664,15.66,0.02
153.324,3,-35.357473999999996,149.16508489999998,100.014,-0.09387696141807168,15.65,0.01
153.424,3,-35.3574601,149.16508489999998,100.013,-0.11489953663143046,15.65,0.01
153.524,3,-35.3574461,149.16508489999998,100.01,-0.09558884427987224,15.64,0.0
153.624,3,-35.3574321,149.16508489999998,100.006,-0.015225847359127177,15.64,0.0
153.724,3,-35.3574181,149.16508489999998,100.001,0.05043130871649078,15.64,0.01
153.82500000000002,3,-35.357403999999995,149.16508489999998,99.996,0.04632958001669978,15.64,0.0
153.925,3,-35.3573898,149.16508489999998,99.991,0.045094799875648496,15.65,0.0
154.025,3,-35.3573757,149.16508489999998,99.989,0.06615347704104116,15.65,0.0
154.124,3,-35.357361499999996,149.16508489999998,99.98700000000001,0.05527449313730501,15.66,0.0
154.224,3,-35.3573473,149.16508489999998,99.98700000000001,0.01807825175040086,15.66,0.0
154.324,3,-35.3573331,149.16508489999998,99.98700000000001,-0.0007942104279756489,15.67,0.0
154.424,3,-35.357318899999996,149.16508489999998,99.986,0.009812990810484838,15.68,0.0
154.524,3,-35.3573046,149.16508489999998,99.985,0.012822960628948242,15.68,0.0
154.624,3,-35.3572904,149.16508489999998,99.98400000000001,0.0197580964226205,15.69,0.0
154.724,3,-35.357276299999995,149.16508489999998,99.98700000000001,0.06692197337426677,15.69,0.0
154.824,3,-35.3572622,149.16508489999998,99.99000000000001,0.13484479624556517,15.69,0.0
154.924,3,-35.3572482,149.16508489999998,99.992,0.13886380228316234,15.68,0.0
155.024,3,-35.3572341,149.16508489999998,99.996,0.10386976829763835,15.68,0.0
155.124,3,-35.3572201,149.16508489999998,99.998,0.07728293678824637,15.68,0.0
155.224,3,-35.3572061,149.16508489999998,99.999,0.07189736597822437,15.68,0.0
155.324,3,-35.3571921,149.16508489999998,99.996,0.04453498116281199,15.68,0.0
155.424,3,-35.3571781,149.16508489999998,99.989,0.05755082710098365,15.67,0.0
155.524,3,-35.3571641,149.16508489999998,99.982,0.07522931768432038,15.67,-0.01
155.624,3,-35.3571501,149.1650848,99.97500000000001,0.06961759690964088,15.67,-0.01
155.724,3,-35.3571361,149.1650848,99.971,0.0761788607212976,15.67,-0.02
155.824,3,-35.3571221,149.1650848,99.971,0.10484099585120904,15.66,-0.03
155.925,3,-35.357107899999995,149.1650847,99.97200000000001,0.1453388749771873,15.66,-0.03
156.025,3,-35.357093899999995,149.1650847,99.976,0.1565829004755489,15.65,-0.03
156.125,3,-35.3570798,149.1650846,99.98,0.21606885890661467,15.66,-0.03
156.224,3,-35.3570656,149.1650846,99.982,0.323959420830422,15.66,-0.03
156.324,3,-35.357051399999996,149.1650845,99.982,0.4080559382232189,15.67,-0.02
156.424,3,-35.3570372,149.1650845,99.98100000000001,0.46613799929515615,15.68,-0.02
156.524,3,-35.3570229,149.1650845,99.98100000000001,0.4533068486090525,15.69,-0.01
156.624,3,-35.3570087,149.1650845,99.979,0.4545367629073308,15.69,0.0
156.724,3,-35.3569946,149.1650845,99.977,0.46210071716544393,15.700000000000001,0.0
156.824,3,-35.3569804,149.16508439999998,99.974,0.4375471475946001,15.700000000000001,0.0
156.924,3,-35.3569664,149.16508439999998,99.973,0.34339024180205047,15.700000000000001,0.0
157.024,3,-35.356952299999996,149.16508439999998,99.976,0.2712120309849556,15.69,0.0
157.124,3,-35.356938299999996,149.16508439999998,99.98400000000001,0.25526687432628153,15.69,0.0
157.224,3,-35.3569242,149.16508439999998,99.994,0.247623519119067,15.68,0.0
157.324,3,-35.3569102,149.16508439999998,100.003,0.22128715011293087,15.67,0.0
157.424,3,-35.3568962,149.16508439999998,100.01,0.23329442257061495,15.66,0.0
157.524,3,-35.3568822,149.16508439999998,100.013,0.29383046922571726,15.66,0.01
157.624,3,-35.3568682,149.16508439999998,100.012,0.3220439262942037,15.65,0.02
157.724,3,-35.3568541,149.16508439999998,100.008,0.32783032382082095,15.65,0.02
157.824,3,-35.3568401,149.16508439999998,100.004,0.3247284307618567,15.64,0.02
157.925,3,-35.3568261,149.16508439999998,100.0,0.28026104445944405,15.64,0.03
158.025,3,-35.356812,149.16508439999998,99.996,0.2490902755629008,15.63,0.03
158.125,3,-35.356797799999995,149.16508439999998,99.994,0.20719046675924435,15.64,0.03
158.225,3,-35.3567837,149.16508439999998,99.992,0.1567364730101684,15.64,0.04
158.324,3,-35.3567695,149.1650845,99.99000000000001,0.16040195005715127,15.65,0.04
158.424,3,-35.356755299999996,149.1650845,99.989,0.19902948459856337,15.65,0.05
158.524,3,-35.356741,149.1650845,99.991,0.18681613252701532,15.66,0.05
158.624,3,-35.3567268,149.1650846,99.993,0.12854239927149458,15.67,0.05
158.724,3,-35.3567126,149.1650846,99.996,0.07210891507950964,15.67,0.05
158.824,3,-35.3566984,149.1650847,99.997,-0.008879094176091168,15.68,0.05
158.924,3,-35.3566842,149.1650847,99.997,-0.09582293167139724,15.68,0.04
159.024,3,-35.356670099999995,149.1650847,99.997,-0.1774074535638302,15.68,0.04
159.124,3,-35.356656099999995,149.1650847,99.997,-0.23421038829091068,15.68,0.03
159.224,3,-35.356642099999995,149.1650848,99.995,-0.22923203415961763,15.67,0.03
159.324,3,-35.3566281,149.1650848,99.994,-0.19845917714308053,15.67,0.02
159.424,3,-35.3566141,149.1650848,99.992,-0.15858505303686177,15.66,0.02
159.524,3,-35.3566001,149.1650848,99.991,-0.09231689018274523,15.66,0.02
159.624,3,-35.3565861,149.1650848,99.99000000000001,-0.02988186417539422,15.65,0.02
159.724,3,-35.3565721,149.1650848,99.988,-0.008385841459709185,15.65,0.01
159.824,3,-35.3565581,149.1650848,99.986,-0.03518491242642072,15.65,0.01
159.924,3,-35.3565441,149.1650848,99.98400000000001,-0.04020143624279716,15.64,0.01
160.025,3,-35.3565301,149.1650848,99.982,-0.03500194473196503,15.64,0.01
160.125,3,-35.3565158,149.1650848,99.98,-0.04957065819032289,15.65,0.02
160.225,3,-35.356501699999995,149.1650848,99.977,-0.08957252817836205,15.65,0.02
160.32500000000002,3,-35.3564875,149.1650848,99.974,-0.11145581394884821,15.66,0.02
160.424,3,-35.3564733,149.1650848,99.973,-0.11008267245130458,15.66,0.02
160.524,3,-35.356459099999995,149.1650848,99.97200000000001,-0.07276611401381843,15.67,0.03
160.624,3,-35.3564449,149.16508489999998,99.974,-0.042782944259211156,15.68,0.03
160.724,3,-35.356430599999996,149.16508489999998,99.97800000000001,-0.0035560810453319444,15.68,0.03
160.824,3,-35.3564164,149.16508489999998,99.98100000000001,0.0393632139501099,15.69,0.03
160.924,3,-35.3564023,149.16508489999998,99.98100000000001,0.05380607917197829,15.69,0.03
161.024,3,-35.3563883,149.16508489999998,99.979,0.041661645976991915,15.68,0.03
161.124,3,-35.3563742,149.165085,99.976,-0.02300394038741741,15.68,0.03
161.224,3,-35.3563602,149.165085,99.97500000000001,-0.07227139220645529,15.68,0.03
161.324,3,-35.3563462,149.165085,99.977,-0.07017743229774392,15.67,0.03
161.424,3,-35.3563322,149.165085,99.982,-0.08336324589258576,15.67,0.03
161.524,3,-35.3563182,149.165085,99.988,-0.10206929307982596,15.66,0.04
161.624,3,-35.3563042,149.1650851,99.994,-0.1065723487542081,15.65,0.03
161.724,3,-35.3562902,149.1650851,100.0,-0.151098578737146,15.65,0.03
161.824,3,-35.3562763,149.1650851,100.005,-0.18100957793821856,15.64,0.04
161.924,3,-35.3562623,149.1650852,100.007,-0.2381684562345066,15.63,0.03
162.024,3,-35.3562483,149.1650852,100.008,-0.24809712336889864,15.63,0.03
162.125,3,-35.3562343,149.1650852,100.004,-0.2626320860878031,15.63,0.03
162.225,3,-35.356220199999996,149.1650852,99.997,-0.253883947782339,15.620000000000001,0.02
162.32500000000002,3,-35.356206,149.1650852,99.988,-0.2484305219777599,15.63,0.02
162.425,3,-35.3561919,149.1650853,99.982,-0.2588283110503407,15.63,0.02
162.524,3,-35.356177699999996,149.1650853,99.98,-0.26019018673781774,15.64,0.01
162.624,3,-35.356163599999995,149.1650853,99.979,-0.2472155220378645,15.64,0.01
162.724,3,-35.3561493,149.1650853,99.98100000000001,-0.2074804029534261,15.65,0.01
162.824,3,-35.356135099999996,149.1650853,99.98400000000001,-0.1917158194209342,15.65,0.01
162.924,3,-35.3561209,149.1650853,99.991,-0.1289473681242955,15.66,0.01
163.024,3,-35.3561067,149.1650853,99.998,-0.1020039727257811,15.66,0.01
163.124,3,-35.3560927,149.1650853,100.005,-0.11942333633737387,15.66,0.01
163.224,3,-35.3560786,149.1650853,100.01,-0.13441794944307905,15.66,0.01
163.324,3,-35.356064599999996,149.1650853,100.014,-0.16327724625431508,15.65,0.01
163.424,3,-35.356050599999996,149.1650853,100.016,-0.1730460442734465,15.65,0.01
163.524,3,-35.356036599999996,149.1650853,100.018,-0.18691232880456407,15.65,0.01
163.624,3,-35.356022599999996,149.1650853,100.018,-0.1767971788295322,15.65,0.01
163.724,3,-35.356008599999996,149.1650853,100.019,-0.13385820743646856,15.65,0.01
163.824,3,-35.355994599999995,149.1650853,100.019,-0.10556184761290983,15.65,0.01
163.924,3,-35.355980599999995,149.1650853,100.021,-0.07790269641414568,15.65,0.01
164.024,3,-35.355966699999996,149.1650853,100.023,-0.02749983736987893,15.64,0.01
164.124,3,-35.355952699999996,149.1650853,100.025,-0.0009524352577361487,15.64,0.01
164.225,3,-35.355938699999996,149.1650853,100.026,-0.023762960166674955,15.64,0.0
164.32500000000002,3,-35.3559244,149.1650853,100.027,-0.03618856336822913,15.64,0.0
164.425,3,-35.3559103,149.1650853,100.026,-0.007491899597680772,15.64,0.0
164.524,3,-35.355896099999995,149.1650853,100.024,0.0022792033601665104,15.65,0.0
164.624,3,-35.3558819,149.1650853,100.02,0.019658306625134885,15.66,0.0
164.724,3,-35.3558677,149.1650853,100.016,0.021350609388977853,15.66,0.0
164.824,3,-35.355853499999995,149.1650853,100.011,0.006340968533077323,15.67,0.0
164.924,3,-35.3558393,149.1650853,100.005,0.008447499925224417,15.68,0.0
165.024,3,-35.3558251,149.1650853,100.001,0.011825160204401297,15.69,-0.01
165.124,3,-35.355810999999996,149.1650853,99.999,-0.008850442733142155,15.69,-0.01
165.224,3,-35.3557969,149.1650852,100.001,0.01553659928851627,15.68,-0.01
165.324,3,-35.3557828,149.1650852,100.007,0.03937294897070915,15.68,-0.01
165.424,3,-35.3557688,149.1650852,100.015,0.05413558910868513,15.67,0.0
165.524,3,-35.3557548,149.1650852,100.024,0.10796334612715028,15.66,0.0
165.624,3,-35.3557408,149.1650852,100.031,0.13168647408466896,15.65,0.0
165.724,3,-35.3557269,149.1650852,100.035,0.15065561695708687,15.64,0.0
165.824,3,-35.3557129,149.1650852,100.036,0.14456781065291632,15.63,0.0
165.924,3,-35.3556989,149.1650852,100.035,0.11363355039659802,15.63,0.0
166.024,3,-35.355685,149.1650852,100.03,0.08848590778041517,15.620000000000001,0.0
166.124,3,-35.355671,149.1650852,100.024,0.11647412201874319,15.620000000000001,0.01
166.224,3,-35.355657,149.1650852,100.018,0.11781669441768704,15.620000000000001,0.02
166.32500000000002,3,-35.3556429,149.1650852,100.012,0.10309923091178967,15.610000000000001,0.02
166.425,3,-35.355629,149.1650852,100.009,0.071055018224598,15.610000000000001,0.03
166.525,3,-35.3556148,149.1650852,100.009,-0.0013930380086835936,15.610000000000001,0.03
166.624,3,-35.3556008,149.1650852,100.013,-0.08181800897436294,15.610000000000001,0.02
166.724,3,-35.355586599999995,149.1650853,100.019,-0.14459563833769884,15.610000000000001,0.01
166.824,3,-35.3555724,149.1650853,100.024,-0.18611383700190728,15.620000000000001,0.01
166.924,3,-35.3555582,149.1650853,100.026,-0.22010712821210537,15.620000000000001,0.01
167.024,3,-35.355544099999996,149.1650853,100.026,-0.25192672505916014,15.63,0.01
167.124,3,-35.35553,149.1650853,100.024,-0.27525985188311375,15.63,0.0
167.224,3,-35.355516,149.1650853,100.02,-0.23261020303442362,15.64,0.0
167.324,3,-35.3555019,149.1650852,100.016,-0.15853361317467513,15.64,0.0
167.424,3,-35.3554879,149.1650852,100.013,-0.06885667781752576,15.64,0.0
167.524,3,-35.3554739,149.1650852,100.01,-0.0669101739556713,15.64,0.0
167.624,3,-35.3554599,149.1650852,100.011,-0.08922178729231131,15.64,0.0
167.724,3,-35.3554459,149.1650852,100.014,-0.09669602861650188,15.64,0.0
167.824,3,-35.355432,149.1650852,100.017,-0.11297793227755613,15.64,0.0
167.924,3,-35.355418,149.1650852,100.02,-0.1272932617259624,15.64,-0.01
168.024,3,-35.355404,149.1650852,100.021,-0.1476464116995938,15.64,-0.01
168.124,3,-35.35539,149.1650852,100.018,-0.11548056961834434,15.64,-0.02
168.224,3,-35.3553759,149.1650852,100.012,-0.026215133148368413,15.64,-0.02
168.324,3,-35.3553619,149.1650851,100.003,0.05587175115855097,15.64,-0.02
168.425,3,-35.3553478,149.1650851,99.994,0.1389755932699684,15.65,-0.02
168.525,3,-35.3553336,149.1650851,99.98700000000001,0.19500524919738293,15.66,-0.02
168.625,3,-35.3553194,149.165085,99.982,0.23093459221237553,15.66,-0.02
168.724,3,-35.3553052,149.165085,99.98100000000001,0.27687335067239705,15.67,-0.02
168.824,3,-35.355291,149.16508489999998,99.983,0.3196167011787633,15.68,-0.01
168.924,3,-35.3552767,149.16508489999998,99.985,0.3091160590622356,15.69,0.0
169.024,3,-35.355262499999995,149.16508489999998,99.98700000000001,0.3182403113392999,15.700000000000001,0.0
169.124,3,-35.3552482,149.16508489999998,99.991,0.32229058683669104,15.700000000000001,0.01
169.224,3,-35.355233999999996,149.16508489999998,99.994,0.32256838343684013,15.71,0.01
169.324,3,-35.3552198,149.16508489999998,99.996,0.2614372832307269,15.71,0.02
169.424,3,-35.3552057,149.165085,99.995,0.18925136177038931,15.71,0.03
169.524,3,-35.3551917,149.165085,99.993,0.10271968850539116,15.700000000000001,0.03
169.624,3,-35.3551776,149.165085,99.993,0.024261028700030326,15.700000000000001,0.03
169.724,3,-35.3551636,149.165085,99.994,-0.032262425224981676,15.69,0.02
169.824,3,-35.3551496,149.165085,99.995,-0.07481750530213621,15.68,0.02
169.924,3,-35.3551356,149.165085,99.994,-0.08525242018811575,15.67,0.03
170.024,3,-35.3551216,149.165085,99.993,-0.0963599619649961,15.66,0.03
170.124,3,-35.3551076,149.165085,99.991,-0.1233519891108138,15.66,0.03
170.224,3,-35.3550936,149.1650851,99.989,-0.115845504491264,15.65,0.03
170.324,3,-35.355079599999996,149.1650851,99.988,-0.08678418349098367,15.65,0.03
170.425,3,-35.355065599999996,149.1650851,99.986,-0.10751004568184358,15.64,0.03
170.525,3,-35.3550513,149.1650851,99.98400000000001,-0.17116894287088302,15.65,0.04
170.625,3,-35.3550372,149.1650852,99.98400000000001,-0.21119801355368323,15.65,0.03
170.725,3,-35.355022999999996,149.1650852,99.985,-0.20389459365980908,15.66,0.03
170.824,3,-35.3550088,149.1650852,99.988,-0.23132332602568445,15.66,0.03
170.924,3,-35.3549946,149.1650852,99.988,-0.24062724429443189,15.67,0.02
171.024,3,-35.354980399999995,149.1650852,99.98700000000001,-0.20839990383022586,15.68,0.02
171.124,3,-35.3549661,149.1650852,99.983,-0.23399598438399574,15.69,0.01
171.224,3,-35.354951899999996,149.1650852,99.97800000000001,-0.2739721477811548,15.69,0.0
171.324,3,-35.3549378,149.1650852,99.976,-0.31091445320678524,15.69,0.0
171.424,3,-35.3549237,149.1650852,99.979,-0.29798872040893276,15.69,0.0
171.524,3,-35.3549097,149.1650852,99.986,-0.2725289234734458,15.69,-0.01
171.624,3,-35.3548956,149.1650852,99.993,-0.20038307601362917,15.68,-0.01
171.724,3,-35.3548816,149.1650852,100.002,-0.11793102004500541,15.68,-0.01
171.824,3,-35.3548676,149.1650852,100.009,-0.050471002520934866,15.68,0.0
171.924,3,-35.3548536,149.1650852,100.014,0.01276726023616359,15.67,0.0
172.024,3,-35.3548396,149.1650852,100.015,0.07372148672397395,15.67,0.0
172.124,3,-35.3548256,149.1650852,100.011,0.10033588578399061,15.67,0.0
172.224,3,-35.3548116,149.1650852,100.007,0.14840322867614295,15.66,0.0
172.324,3,-35.3547976,149.1650852,100.004,0.1485515318265395,15.66,0.0
172.424,3,-35.3547836,149.1650852,100.002,0.12350566836713908,15.65,0.0
172.525,3,-35.3547696,149.1650852,100.0,0.10210638554269162,15.65,0.0
172.625,3,-35.354755499999996,149.1650851,99.998,0.052992663005778616,15.65,0.0
172.725,3,-35.3547413,149.1650851,100.0,0.007159423131058542,15.65,-0.01
172.82500000000002,3,-35.3547272,149.1650851,100.002,-0.002105404561011441,15.65,-0.02
172.924,3,-35.354712899999996,149.1650851,100.003,0.039927261510538,15.66,-0.02
173.024,3,-35.3546987,149.165085,100.001,0.09022964707139149,15.66,-0.02
173.124,3,-35.3546845,149.165085,99.999,0.10954693615838831,15.67,-0.02
173.224,3,-35.354670299999995,149.165085,99.995,0.15758669815970278,15.67,-0.02
173.324,3,-35.354656,149.16508489999998,99.992,0.18238987646015617,15.68,-0.01
173.424,3,-35.354641799999996,149.16508489999998,99.992,0.2015115513305622,15.69,-0.01
173.524,3,-35.3546277,149.16508489999998,99.993,0.18908623661111898,15.69,-0.01
173.624,3,-35.3546136,149.1650848,99.995,0.1845018056360785,15.69,-0.01
173.724,3,-35.3545996,149.1650848,99.997,0.18548935494052712,15.68,-0.02
173.824,3,-35.3545856,149.1650848,100.0,0.184096503277947,15.67,-0.01
173.924,3,-35.3545716,149.1650848,100.003,0.18074689579965075,15.66,0.0
174.024,3,-35.3545576,149.1650847,100.004,0.18374312102967816,15.66,0.0
174.124,3,-35.3545436,149.1650847,100.003,0.21255299235092417,15.65,0.0
174.224,3,-35.3545296,149.1650847,100.001,0.2342798107605215,15.65,0.0
174.324,3,-35.3545156,149.1650847,99.999,0.3000049602354088,15.64,-0.01
174.424,3,-35.3545016,149.1650846,99.997,0.3048442826644951,15.64,-0.01
174.524,3,-35.3544877,149.1650846,99.996,0.28464407823546173,15.63,-0.01
174.625,3,-35.3544737,149.1650846,99.995,0.2519249641510148,15.63,-0.01
174.725,3,-35.354459399999996,149.1650846,99.993,0.2665577106328415,15.64,-0.01
174.82500000000002,3,-35.3544453,149.1650845,99.99000000000001,0.2707773267968813,15.65,0.0
174.925,3,-35.3544311,149.1650845,99.985,0.28547429306516203,15.66,0.0
175.024,3,-35.3544169,149.1650845,99.977,0.29249615441875826,15.67,0.0
175.124,3,-35.3544027,149.1650845,99.968,0.2867950542154868,15.68,0.0
175.224,3,-35.3543885,149.1650845,99.96300000000001,0.2916582289458152,15.68,0.0
175.324,3,-35.354374199999995,149.1650845,99.965,0.30405619622815194,15.69,0.01
175.424,3,-35.35436,149.1650845,99.971,0.28331067056300185,15.700000000000001,0.01
175.524,3,-35.3543459,149.1650845,99.97800000000001,0.2655628508915468,15.700000000000001,0.01
175.624,3,-35.3543318,149.1650845,99.98400000000001,0.2911465784078725,15.700000000000001,0.02
175.724,3,-35.354317699999996,149.1650845,99.989,0.2946004930133569,15.700000000000001,0.02
175.824,3,-35.354303699999996,149.1650845,99.992,0.2626392898029434,15.69,0.03
175.924,3,-35.3542896,149.1650845,99.993,0.19593147354164692,15.69,0.03
176.024,3,-35.3542756,149.1650845,99.993,0.1673801622330829,15.68,0.03
176.124,3,-35.3542616,149.1650845,99.994,0.14804475046642307,15.67,0.03
176.224,3,-35.3542476,149.1650845,99.994,0.10205025659555719,15.66,0.03
176.324,3,-35.3542336,149.1650845,99.994,0.04072818790210794,15.66,0.02
176.424,3,-35.3542196,149.1650845,99.995,-0.004492623627642,15.65,0.02
176.524,3,-35.3542057,149.1650845,99.996,-0.030742501361348887,15.64,0.01
176.624,3,-35.3541917,149.1650845,99.995,-0.032423241495381096,15.64,0.01
176.725,3,-35.3541775,149.1650845,99.992,0.010908173957794028,15.63,0.01
176.82500000000002,3,-35.3541636,149.1650845,99.988,0.06328859955040426,15.63,0.02
176.925,3,-35.3541494,149.1650845,99.983,0.12476637187753534,15.63,0.02
177.024,3,-35.354135299999996,149.1650846,99.97800000000001,0.16004903471634524,15.63,0.03
177.124,3,-35.3541211,149.1650846,99.97500000000001,0.1723645461407526,15.64,0.03
177.224,3,-35.3541069,149.1650846,99.974,0.16015767741283077,15.64,0.04
177.324,3,-35.354092699999995,149.1650847,99.974,0.14256593823608113,15.65,0.05
177.424,3,-35.3540785,149.1650847,99.97500000000001,0.1054866088103339,15.65,0.05
177.524,3,-35.3540643,149.1650848,99.97800000000001,0.07079491741728877,15.66,0.05
177.624,3,-35.354050099999995,149.1650848,99.983,0.007696569317759779,15.67,0.06
177.724,3,-35.354036,149.16508489999998,99.988,-0.10026315494150055,15.67,0.06
177.824,3,-35.3540219,149.16508489999998,99.992,-0.21216746018878868,15.67,0.05
177.924,3,-35.3540079,149.165085,99.995,-0.29964608181929225,15.67,0.04
178.024,3,-35.3539939,149.165085,99.998,-0.3073359943706539,15.67,0.04
178.124,3,-35.3539799,149.1650851,100.0,-0.33552543905533944,15.66,0.03
178.224,3,-35.3539659,149.1650851,100.002,-0.3503261121412133,15.66,0.03
178.324,3,-35.3539519,149.1650851,100.004,-0.34460177328650793,15.66,0.02
178.424,3,-35.3539379,149.1650851,100.005,-0.3336153339652631,15.66,0.01
178.524,3,-35.3539239,149.1650851,100.005,-0.3207638261137816,15.65,0.01
178.624,3,-35.3539099,149.1650851,100.003,-0.29922783945433473,15.65,0.0
178.724,3,-35.3538959,149.1650851,99.997,-0.24226416849813417,15.66,0.0
178.82500000000002,3,-35.353881799999996,149.1650851,99.991,-0.188254127471141,15.66,0.0
178.925,3,-35.3538676,149.1650851,99.986,-0.13417731867696833,15.66,0.0
179.025,3,-35.3538535,149.1650851,99.983,-0.09389697840801231,15.66,0.0
179.124,3,-35.3538393,149.1650851,99.98400000000001,-0.03540211777811241,15.67,0.0
179.224,3,-35.3538251,149.1650851,99.988,-0.018254050747776005,15.68,-0.01
179.324,3,-35.3538108,149.1650851,99.993,0.026634661176375248,15.68,-0.01
179.424,3,-35.353796599999995,149.1650851,99.998,0.054727524384855245,15.69,-0.01
179.524,3,-35.3537824,149.1650851,100.002,0.06847889631927266,15.700000000000001,-0.01
179.624,3,-35.3537682,149.1650851,100.005,0.11336526536847667,15.700000000000001,-0.01
179.724,3,-35.353753999999995,149.165085,100.009,0.14110306379429513,15.700000000000001,-0.01
179.824,3,-35.35374,149.165085,100.013,0.10587568279908002,15.69,-0.01
179.924,3,-35.3537259,149.165085,100.016,0.1119041118141964,15.68,-0.01
180.024,3,-35.3537119,149.165085,100.018,0.11379778176158245,15.67,-0.01
180.124,3,-35.3536979,149.165085,100.02,0.12814558128897272,15.66,-0.01
180.224,3,-35.3536839,149.165085,100.021,0.14074299809920174,15.65,0.0
180.324,3,-35.35367,149.16508489999998,100.019,0.17961675295606486,15.65,0.0
180.424,3,-35.353656,149.16508489999998,100.016,0.2249505994475039,15.65,0.0
180.524,3,-35.353642,149.16508489999998,100.01,0.21725951295737864,15.64,0.0
180.624,3,-35.353628,149.16508489999998,100.001,0.18768503397506142,15.65,0.0
180.72400000000002,3,-35.353614,149.16508489999998,99.99000000000001,0.1626869684996379,15.65,0.0
180.82500000000002,3,-35.3536,149.16508489999998,99.98100000000001,0.11869402688048988,15.65,-0.01
180.925,3,-35.3535858,149.1650848,99.974,0.039642848164630436,15.66,-0.01
181.025,3,-35.353571599999995,149.1650848,99.971,0.020971115340852286,15.66,-0.01
181.125,3,-35.3535574,149.1650848,99.971,0.06916058788505827,15.67,-0.01
181.22400000000002,3,-35.3535432,149.1650848,99.974,0.12319049248954002,15.67,-0.01
181.324,3,-35.353529,149.1650847,99.977,0.20387770494986918,15.68,0.0
181.424,3,-35.3535148,149.1650847,99.98100000000001,0.25203395369304404,15.68,0.0
181.524,3,-35.353500499999996,149.1650847,99.986,0.2663387443730044,15.69,0.0
181.624,4,-35.3534863,149.1650847,99.992,0.3115977656084774,15.69,0.0
181.72400000000002,4,-35.3534722,149.1650846,99.997,0.36463749288650565,15.69,0.0
181.824,4,-35.3534582,149.1650846,100.002,0.7582451264159146,15.69,-0.02
181.924,4,-35.3534441,149.1650846,100.007,2.601821185768607,15.68,-0.03
182.024,4,-35.3534301,149.1650845,100.01,6.964016054628573,15.67,0.01
182.124,4,-35.3534161,149.1650846,100.014,13.789118014370134,15.66,0.22
182.22400000000002,4,-35.3534021,149.165085,100.019,22.095016512114682,15.64,0.61
182.324,4,-35.3533882,149.165086,100.017,30.52171800438831,15.610000000000001,1.16
182.424,4,-35.3533742,149.1650876,100.001,37.640233364929394,15.59,1.79
182.524,4,-35.3533603,149.16509,99.96600000000001,42.61466013744968,15.59,2.5
182.624,4,-35.3533464,149.1650932,99.92,45.345263899688646,15.58,3.31
182.72400000000002,4,-35.3533324,149.16509739999998,99.877,46.23095843502629,15.56,4.22
182.824,4,-35.3533185,149.1651027,99.85000000000001,45.91202275173254,15.48,5.22
182.925,4,-35.353304699999995,149.1651091,99.85300000000001,45.0836335035313,15.33,6.24
183.025,4,-35.3532909,149.1651166,99.889,44.26053423684224,15.1,7.23
183.125,4,-35.353277399999996,149.1651253,99.961,43.72499617949446,14.81,8.14
183.225,4,-35.3532641,149.1651349,100.059,43.414488949636514,14.48,8.98
183.324,4,-35.3532511,149.1651455,100.178,43.19001819765863,14.13,9.74
183.424,4,-35.353238499999996,149.1651568,100.304,42.91861038570442,13.790000000000001,10.41
183.524,4,-35.3532261,149.1651688,100.432,42.682347312124506,13.47,10.97
183.624,4,-35.353214,149.1651813,100.55,42.51269224333056,13.18,11.44
183.72400000000002,4,-35.3532021,149.1651943,100.654,42.483144844981084,12.91,11.86
183.824,4,-35.3531905,149.1652078,100.738,42.591703871649266,12.64,12.24
183.924,4,-35.3531792,149.1652215,100.798,42.859904909788156,12.370000000000001,12.59
184.024,4,-35.3531682,149.1652355,100.83500000000001,43.24244672972765,12.07,12.96
184.124,4,-35.353157599999996,149.1652499,100.85000000000001,43.62930522922259,11.73,13.36
184.22400000000002,4,-35.353147199999995,149.1652648,100.849,43.98651729262508,11.35,13.81
184.324,4,-35.3531373,149.1652801,100.83800000000001,44.33922826136454,10.91,14.290000000000001
184.424,4,-35.3531277,149.16529599999998,100.822,44.56798154195202,10.42,14.8
184.524,4,-35.353118699999996,149.1653125,100.808,44.67171845506618,9.870000000000001,15.34
184.624,4,-35.353110199999996,149.1653296,100.801,44.703256853558706,9.27,15.89
184.72400000000002,4,-35.353102199999995,149.16534719999999,100.805,44.670048473814106,8.65,16.41
184.824,4,-35.3530947,149.1653655,100.819,44.63321667871482,8.01,16.9
184.924,4,-35.3530879,149.1653842,100.842,44.58155654292742,7.37,17.35
185.025,4,-35.353081599999996,149.1654034,100.87,44.39716192590459,6.72,17.76
185.125,4,-35.3530758,149.1654235,100.901,44.02018671013866,6.08,18.14
185.225,5,-35.353070599999995,149.1654437,100.933,43.38597974004088,5.45,18.48
185.32500000000002,5,-35.3530659,149.1654644,100.96600000000001,42.3840388001242,4.84,18.78
185.424,5,-35.3530618,149.1654854,100.999,41.3352495926904,4.26,19.03
185.524,5,-35.3530582,149.16550669999998,101.03,40.7093617930017,3.72,19.240000000000002
185.624,5,-35.3530551,149.1655281,101.055,40.728622926461135,3.21,19.400000000000002
185.72400000000002,5,-35.353052399999996,149.16554969999999,101.07000000000001,41.32504187497582,2.71,19.56
185.824,5,-35.3530501,149.1655715,101.07000000000001,42.28219384941014,2.2,19.72
185.924,5,-35.3530484,149.1655932,101.054,43.316745527519046,1.6600000000000001,19.87
186.024,5,-35.3530471,149.1656151,101.022,44.15659583314757,1.07,20.05
186.124,5,-35.3530464,149.1656371,100.97800000000001,44.710063137066626,0.44,20.22
186.22400000000002,5,-35.353046299999995,149.1656593,100.928,44.963268494882755,-0.25,20.41
186.324,5,-35.353046899999995,149.1656817,100.882,44.964156419474854,-1.01,20.580000000000002
186.424,5,-35.353048199999996,149.1657043,100.845,44.82780535307389,-1.81,20.740000000000002
186.524,5,-35.3530501,149.165727,100.821,44.69527919260813,-2.63,20.85
186.624,5,-35.3530528,149.1657498,100.809,44.66067062408368,-3.47,20.93
186.72400000000002,5,-35.3530563,149.1657727,100.81,44.64218471709504,-4.3,20.97
186.824,5,-35.3530605,149.1657956,100.82000000000001,44.63362649006501,-5.11,20.96
186.924,5,-35.3530655,149.1658185,100.83800000000001,44.67259271927994,-5.88,20.93
187.024,5,-35.3530711,149.1658414,100.85900000000001,44.73028391210445,-6.62,20.87
187.125,5,-35.353077299999995,149.1658642,100.881,44.81028591785281,-7.32,20.78
187.225,5,-35.3530842,149.1658871,100.9,44.91064871751698,-7.99,20.68
187.32500000000002,5,-35.3530917,149.16591,100.908,44.96029053240463,-8.64,20.57
187.425,5,-35.353099799999995,149.1659326,100.909,44.953637928153036,-9.290000000000001,20.45
187.524,5,-35.3531086,149.1659553,100.9,44.93903156861296,-9.94,20.31
187.624,5,-35.3531178,149.1659778,100.885,44.87528199799465,-10.6,20.14
187.72400000000002,5,-35.353127799999996,149.1660001,100.863,44.80867740830327,-11.25,19.96
187.824,5,-35.3531382,149.1660222,100.83800000000001,44.75012902673792,-11.93,19.740000000000002
187.924,5,-35.3531494,149.166044,100.811,44.67983954998932,-12.620000000000001,19.5
188.024,5,-35.3531611,149.1660655,100.786,44.670598304042294,-13.31,19.22
188.124,5,-35.353173399999996,149.1660865,100.767,44.74368474325601,-13.99,18.900000000000002
188.22400000000002,5,-35.353186199999996,149.1661071,100.75,44.79263329394291,-14.66,18.56
188.324,5,-35.353199599999996,149.1661272,100.739,44.832460126993254,-15.3,18.2
188.424,5,-35.3532136,149.1661469,100.73,44.811286540566215,-15.94,17.81
188.524,5,-35.353228,149.1661662,100.724,44.79213127503891,-16.55,17.400000000000002
188.624,5,-35.3532431,149.16618499999998,100.721,44.77089621690934,-17.150000000000002,16.97
188.72400000000002,5,-35.3532587,149.1662033,100.71900000000001,44.76009085764239,-17.72,16.53
188.824,5,-35.3532747,149.1662211,100.71600000000001,44.794450124262134,-18.28,16.07
188.924,5,-35.353291299999995,149.1662384,100.709,44.874506771523855,-18.81,15.59
189.024,5,-35.3533083,149.1662552,100.699,44.94445815390854,-19.34,15.09
189.124,5,-35.3533259,149.1662715,100.686,44.96183074006247,-19.85,14.58
189.225,5,-35.353344,149.1662873,100.673,44.96140385323934,-20.34,14.040000000000001
189.32500000000002,5,-35.3533626,149.1663025,100.654,44.94266181415683,-20.830000000000002,13.49
189.425,5,-35.3533816,149.1663171,100.634,44.90715507575651,-21.3,12.92
189.524,5,-35.3534012,149.1663312,100.613,44.85209009066787,-21.75,12.34
189.624,5,-35.3534211,149.16634449999998,100.59400000000001,44.78163668937919,-22.17,11.75
189.72400000000002,5,-35.3534414,149.1663573,100.574,44.74543668677812,-22.580000000000002,11.16
189.824,5,-35.353462,149.16636929999999,100.554,44.73825815796044,-22.96,10.56
189.924,5,-35.353483,149.1663807,100.533,44.77916416089965,-23.330000000000002,9.91
190.024,5,-35.3535043,149.16639139999998,100.515,44.851827128384826,-23.68,9.25
190.124,5,-35.3535257,149.1664012,100.503,44.88867941405163,-24.0,8.58
190.22400000000002,5,-35.3535474,149.1664103,100.493,44.88908922540183,-24.29,7.9
190.324,5,-35.353569199999995,149.1664186,100.486,44.8670482049502,-24.55,7.2
190.424,5,-35.3535913,149.1664261,100.482,44.85450797763406,-24.78,6.5
190.524,5,-35.3536135,149.1664328,100.479,44.85860267604148,-24.990000000000002,5.79
190.624,5,-35.3536359,149.16643879999998,100.477,44.86981784665864,-25.17,5.0600000000000005
190.72400000000002,5,-35.3536584,149.1664439,100.476,44.872597733650835,-25.32,4.34
190.824,5,-35.353681,149.16644829999998,100.476,44.876607054693636,-25.45,3.62
190.924,5,-35.3537038,149.1664519,100.47500000000001,44.8696231862673,-25.55,2.91
191.024,5,-35.353726699999996,149.1664547,100.47200000000001,44.823570635788485,-25.62,2.23
191.124,5,-35.3537496,149.1664567,100.467,44.800703162447284,-25.67,1.53
191.22400000000002,5,-35.3537726,149.1664581,100.459,44.8446588448509,-25.7,0.8300000000000001
191.32500000000002,5,-35.3537958,149.1664586,100.44800000000001,44.86199044986981,-25.71,0.11
191.425,5,-35.3538188,149.1664583,100.436,44.855238807875246,-25.7,-0.6
191.525,5,-35.353842,149.1664573,100.419,44.85479826067378,-25.67,-1.34
191.624,5,-35.3538652,149.1664554,100.403,44.88070175310106,-25.62,-2.07
191.72400000000002,5,-35.3538885,149.16645269999998,100.385,44.91495515178867,-25.55,-2.8000000000000003
191.824,5,-35.353911599999996,149.16644929999998,100.367,44.956622720820334,-25.44,-3.5300000000000002
191.924,5,-35.353934699999996,149.1664449,100.34700000000001,44.96807353296386,-25.32,-4.26
192.024,5,-35.3539575,149.1664398,100.33,44.940588851743726,-25.16,-4.99
192.124,5,-35.3539801,149.1664339,100.318,44.89845341475392,-24.98,-5.7
192.22400000000002,5,-35.3540025,149.16642729999998,100.309,44.890147904723186,-24.76,-6.4
192.324,5,-35.354024599999995,149.1664199,100.304,44.85799820429993,-24.52,-7.1000000000000005
192.424,5,-35.3540464,149.1664118,100.301,44.87267969592087,-24.25,-7.79
192.524,5,-35.354068,149.16640289999998,100.302,44.87646362072106,-23.95,-8.47
192.624,5,-35.3540893,149.16639329999998,100.303,44.84886282628504,-23.63,-9.13
192.72400000000002,5,-35.3541102,149.1663829,100.304,44.86482839346995,-23.28,-9.78
192.824,5,-35.3541309,149.1663719,100.304,44.8685747522297,-22.92,-10.41
192.924,5,-35.3541512,149.16636019999999,100.302,44.89206377278537,-22.54,-11.02
193.024,5,-35.354171199999996,149.16634779999998,100.299,44.90803958525403,-22.14,-11.61
193.124,5,-35.3541909,149.1663347,100.293,44.69543970205363,-21.73,-12.19
193.22400000000002,5,-35.3542102,149.1663211,100.285,43.80970418558096,-21.28,-12.76
193.32500000000002,5,-35.354229,149.1663068,100.278,41.69625924127143,-20.830000000000002,-13.3
193.425,5,-35.3542477,149.16629179999998,100.276,37.964978124112235,-20.38,-13.77
193.525,5,-35.3542659,149.1662763,100.279,32.54188988539215,-19.97,-14.14
193.625,5,-35.3542838,149.1662605,100.297,25.48228149134784,-19.64,-14.36
193.72400000000002,5,-35.3543016,149.1662445,100.328,17.233525209973266,-19.43,-14.41
193.824,5,-35.3543192,149.16622859999998,100.364,8.417994708629152,-19.34,-14.3
193.924,5,-35.3543368,149.1662129,100.387,-0.5467896200666071,-19.34,-14.11
194.024,5,-35.3543544,149.1661974,100.382,-9.462503948774291,-19.41,-13.88
194.124,5,-35.3543722,149.1661821,100.33200000000001,-17.867691198936026,-19.52,-13.620000000000001
194.22400000000002,5,-35.354389999999995,149.1661672,100.239,-25.058874649604167,-19.68,-13.35
194.324,5,-35.3544079,149.1661528,100.108,-30.592676839675573,-19.91,-13.05
194.424,5,-35.354425899999995,149.1661387,99.952,-34.40469079282431,-20.23,-12.69
194.524,5,-35.3544443,149.1661251,99.791,-36.728717299434514,-20.67,-12.25
194.624,5,-35.3544631,149.1661121,99.639,-38.0866613592706,-21.19,-11.71
194.72400000000002,5,-35.354482399999995,149.16609979999998,99.519,-38.891479624646124,-21.77,-11.06
194.824,5,-35.3545022,149.1660882,99.433,-39.436743871371995,-22.34,-10.33
194.924,5,-35.3545225,149.1660775,99.39,-39.9034438671698,-22.89,-9.540000000000001
195.024,5,-35.354543299999996,149.16606769999999,99.384,-40.22569902240017,-23.37,-8.74
195.124,5,-35.354564499999995,149.1660588,99.41,-40.246821382408434,-23.78,-7.97
195.22400000000002,5,-35.354586,149.1660506,99.45700000000001,-39.825470427604934,-24.12,-7.26
195.324,5,-35.3546078,149.1660432,99.518,-38.89239145490032,-24.400000000000002,-6.61
195.425,5,-35.3546298,149.1660365,99.587,-37.3943772906602,-24.61,-6.05
195.525,5,-35.3546524,149.1660302,99.658,-35.311726254223665,-24.77,-5.58
195.625,5,-35.3546749,149.1660244,99.72200000000001,-32.890738382155966,-24.88,-5.2
195.725,5,-35.3546975,149.16601889999998,99.775,-30.311013498682588,-24.95,-4.9
195.824,5,-35.354720199999996,149.1660138,99.81,-27.871278464890494,-24.990000000000002,-4.66
195.924,5,-35.3547429,149.1660088,99.82300000000001,-25.76974366294617,-25.02,-4.45
196.024,5,-35.3547656,149.16600409999998,99.81400000000001,-24.047118727850176,-25.03,-4.25
196.124,5,-35.354788299999996,149.1659995,99.781,-22.819084866027733,-25.05,-4.05
196.22400000000002,5,-35.354811,149.1659952,99.73100000000001,-22.00307362814985,-25.080000000000002,-3.83
196.324,5,-35.3548335,149.16599119999998,99.667,-21.493799355708067,-25.1,-3.58
196.424,5,-35.354856,149.1659875,99.599,-21.182511776737442,-25.13,-3.3000000000000003
196.524,5,-35.3548784,149.1659841,99.536,-20.993610942409692,-25.17,-2.99
196.624,5,-35.3549009,149.165981,99.48100000000001,-20.80652523085387,-25.2,-2.67
196.72400000000002,5,-35.354923299999996,149.1659783,99.44,-20.523038229352494,-25.23,-2.34
196.824,5,-35.354945799999996,149.1659759,99.412,-20.024878382237613,-25.25,-2.0300000000000002
196.924,5,-35.3549682,149.16597389999998,99.397,-19.237729816244908,-25.26,-1.74
197.024,5,-35.3549907,149.1659722,99.39,-18.09961880994027,-25.27,-1.48
197.124,5,-35.3550132,149.1659707,99.389,-16.66536104650763,-25.27,-1.26
197.22400000000002,5,-35.355035799999996,149.1659695,99.39,-15.084788678222274,-25.26,-1.07
197.324,5,-35.355058299999996,149.1659684,99.389,-13.455368504540276,-25.25,-0.92
197.424,5,-35.355080799999996,149.1659674,99.386,-11.795059654110544,-25.240000000000002,-0.81
197.525,5,-35.355103299999996,149.1659666,99.376,-10.27436926182598,-25.23,-0.71
197.625,5,-35.355126,149.16596579999998,99.361,-8.910103008139401,-25.23,-0.63
197.725,5,-35.355148799999995,149.1659651,99.342,-7.787568248236976,-25.23,-0.56
197.82500000000002,5,-35.3551715,149.1659645,99.319,-6.891701853677886,-25.240000000000002,-0.49
197.924,5,-35.355194399999995,149.16596389999998,99.295,-6.167279610588463,-25.25,-0.43
198.024,5,-35.3552172,149.1659635,99.272,-5.6170353021840045,-25.26,-0.37
198.124,5,-35.355240099999996,149.165963,99.254,-5.2039890036375915,-25.27,-0.31
198.22400000000002,5,-35.355263,149.1659627,99.24000000000001,-4.842211812548588,-25.28,-0.24
198.324,5,-35.3552859,149.16596239999998,99.23100000000001,-4.527747341840262,-25.3,-0.18
198.424,5,-35.355308799999996,149.1659622,99.22500000000001,-4.268857985974214,-25.310000000000002,-0.12
198.524,5,-35.3553315,149.16596199999998,99.223,-3.9248158079519713,-25.310000000000002,-0.08
198.624,5,-35.3553542,149.16596189999999,99.223,-3.5197890052648004,-25.32,-0.03
198.72400000000002,5,-35.3553768,149.1659618,99.224,-3.1146083098778923,-25.310000000000002,0.0
198.824,5,-35.355399399999996,149.1659618,99.227,-2.680600587655534,-25.310000000000002,0.02
198.924,5,-35.355421899999996,149.1659618,99.23100000000001,-2.3346013469926707,-25.310000000000002,0.05
199.024,5,-35.3554445,149.1659617,99.23400000000001,-1.9914368482787745,-25.310000000000002,0.06
199.124,5,-35.355467,149.1659617,99.236,-1.6401648082983675,-25.310000000000002,0.07
199.22400000000002,5,-35.3554896,149.1659618,99.23700000000001,-1.2978144894778778,-25.310000000000002,0.07
199.324,5,-35.3555122,149.1659618,99.23700000000001,-1.0047072732522415,-25.310000000000002,0.08
199.424,5,-35.3555348,149.16596189999999,99.23700000000001,-0.8102546157071816,-25.310000000000002,0.08
199.524,5,-35.355557399999995,149.16596189999999,99.238,-0.6821250693545026,-25.32,0.08
199.625,5,-35.355579999999996,149.16596199999998,99.23700000000001,-0.5925019417473869,-25.330000000000002,0.09
199.725,5,-35.355603099999996,149.16596199999998,99.235,-0.5207680400718867,-25.35,0.09
199.82500000000002,5,-35.355626,149.1659621,99.233,-0.46907583441190787,-25.37,0.09
199.924,5,-35.355649,149.1659621,99.23100000000001,-0.4563851828514655,-25.400000000000002,0.09
200.024,5,-35.355672,149.1659622,99.23100000000001,-0.3960307765396032,-25.42,0.09
200.124,5,-35.3556951,149.1659623,99.235,-0.357658320215222,-25.44,0.09
200.22400000000002,5,-35.3557181,149.1659623,99.243,-0.3311331738517717,-25.46,0.09
200.324,5,-35.3557412,149.16596239999998,99.256,-0.32613747744328914,-25.47,0.09
200.424,5,-35.3557643,149.1659625,99.272,-0.3299360764780212,-25.490000000000002,0.1
200.524,5,-35.3557872,149.1659626,99.288,-0.3197142981787004,-25.490000000000002,0.11
200.624,5,-35.3558101,149.1659627,99.305,-0.27991033025381973,-25.490000000000002,0.11
200.72400000000002,5,-35.355832899999996,149.1659628,99.321,-0.20461002929494146,-25.48,0.1
200.824,5,-35.3558557,149.16596289999998,99.33500000000001,-0.11824080647646251,-25.48,0.1
200.924,5,-35.3558784,149.165963,99.348,-0.07281324498713415,-25.47,0.1
201.024,5,-35.3559012,149.1659631,99.35900000000001,-0.07285921536189952,-25.47,0.1
201.124,5,-35.3559239,149.1659633,99.36500000000001,-0.07022685111762735,-25.46,0.1
201.22400000000002,5,-35.3559467,149.16596339999998,99.367,-0.0703666365418812,-25.46,0.1
201.324,5,-35.3559694,149.1659635,99.367,-0.053792979082593624,-25.46,0.1
201.424,5,-35.355992199999996,149.1659636,99.368,-0.029676151417393867,-25.46,0.1
201.524,5,-35.356015,149.1659637,99.371,0.03584733738925948,-25.46,0.11
201.624,5,-35.356037799999996,149.16596389999998,99.375,0.12458603887519114,-25.46,0.11
201.725,5,-35.3560608,149.165964,99.381,0.21311328130627677,-25.47,0.1
201.82500000000002,5,-35.3560836,149.1659642,99.388,0.2783902663179481,-25.47,0.1
201.925,5,-35.3561067,149.16596429999998,99.398,0.33854689062857096,-25.48,0.09
202.024,5,-35.3561297,149.1659644,99.414,0.36070997403118965,-25.48,0.08
202.124,5,-35.3561529,149.1659645,99.434,0.3827808765604396,-25.5,0.08
202.22400000000002,5,-35.356176,149.1659647,99.453,0.43908951636698007,-25.51,0.08
202.324,5,-35.3561992,149.16596479999998,99.467,0.4306449212731849,-25.52,0.07
202.424,5,-35.3562224,149.1659649,99.48,0.4380777945961719,-25.53,0.07
202.524,5,-35.3562454,149.165965,99.492,0.42339310132405605,-25.53,0.06
202.624,5,-35.3562684,149.1659651,99.502,0.4377368187462002,-25.54,0.06
202.72400000000002,5,-35.356291299999995,149.1659652,99.51,0.45754498098904545,-25.54,0.06
202.824,5,-35.3563142,149.16596529999998,99.519,0.46410889950313344,-25.53,0.05
202.924,5,-35.356336999999996,149.1659654,99.527,0.4558261211957294,-25.53,0.05
203.024,5,-35.3563599,149.1659655,99.537,0.43860780126750903,-25.53,0.06
203.124,5,-35.3563828,149.1659657,99.549,0.41543953279856133,-25.52,0.06
203.22400000000002,5,-35.356405599999995,149.16596579999998,99.561,0.3951639828452463,-25.52,0.06
203.324,5,-35.3564285,149.1659659,99.572,0.4246222685703939,-25.51,0.06
203.424,5,-35.356451299999996,149.165966,99.58500000000001,0.45538802859349653,-25.5,0.06
203.524,5,-35.3564742,149.1659661,99.598,0.4861768138246215,-25.5,0.06
203.624,5,-35.356497,149.16596629999998,99.60900000000001,0.5597208223518809,-25.5,0.05
203.72400000000002,5,-35.356519899999995,149.1659664,99.618,0.586008246115703,-25.5,0.05
203.82500000000002,5,-35.356542999999995,149.1659665,99.624,0.6070259121305959,-25.5,0.04
203.925,5,-35.356566099999995,149.1659666,99.627,0.6228771270077559,-25.51,0.04
204.025,5,-35.3565892,149.16596669999998,99.631,0.6422903388979304,-25.53,0.03
204.124,5,-35.356612399999996,149.1659668,99.636,0.6794134842540075,-25.55,0.02
204.22400000000002,5,-35.3566356,149.1659669,99.642,0.7505810138369255,-25.560000000000002,0.01
204.324,5,-35.3566589,149.1659669,99.65,0.7654112755157273,-25.580000000000002,0.01
204.424,5,-35.3566821,149.165967,99.659,0.7774326752592142,-25.59,0.0
204.524,5,-35.356705399999996,149.1659671,99.668,0.7519745858710197,-25.61,0.0
204.624,5,-35.3567286,149.1659671,99.678,0.7045996467358708,-25.62,-0.01
204.72400000000002,5,-35.3567517,149.1659671,99.688,0.7062860631306294,-25.63,-0.02
204.824,5,-35.356774699999995,149.16596719999998,99.69800000000001,0.6724093920644238,-25.63,-0.03
204.924,5,-35.3567977,149.16596719999998,99.709,0.6169017787010526,-25.62,-0.04
205.024,5,-35.3568206,149.16596719999998,99.723,0.5662329274778121,-25.62,-0.05
205.124,5,-35.3568435,149.1659673,99.73700000000001,0.4874478159796257,-25.61,-0.05
205.22400000000002,5,-35.3568664,149.1659673,99.749,0.3815693450759821,-25.6,-0.05
205.324,5,-35.3568893,149.1659673,99.759,0.29082513263005877,-25.59,-0.05
205.424,5,-35.3569122,149.1659673,99.766,0.22332006520593525,-25.580000000000002,-0.05
205.524,5,-35.356935,149.1659673,99.773,0.2105800815369954,-25.580000000000002,-0.05
205.624,5,-35.3569579,149.1659673,99.779,0.23294811063535414,-25.57,-0.05
205.72400000000002,5,-35.356980799999995,149.1659673,99.784,0.22621741277555615,-25.560000000000002,-0.05
205.82500000000002,5,-35.3570037,149.1659673,99.789,0.22411438152185334,-25.560000000000002,-0.05
205.925,5,-35.357026999999995,149.1659673,99.794,0.18046088162815646,-25.560000000000002,-0.04
206.025,5,-35.35705,149.1659673,99.798,0.1540380947207638,-25.560000000000002,-0.04
206.125,5,-35.357073199999995,149.1659673,99.804,0.128289735633057,-25.57,-0.04
206.22400000000002,5,-35.357096399999996,149.1659673,99.809,0.14183504129382365,-25.57,-0.04
206.324,5,-35.3571196,149.1659673,99.815,0.2141231621276602,-25.580000000000002,-0.04
206.424,5,-35.3571428,149.1659673,99.822,0.284517933179228,-25.580000000000002,-0.05
206.524,5,-35.357166,149.1659673,99.831,0.27728735084954975,-25.59,-0.05
206.624,5,-35.3571892,149.1659673,99.84100000000001,0.3149937570081489,-25.6,-0.05
206.72400000000002,5,-35.3572122,149.1659673,99.85300000000001,0.3496940528387227,-25.59,-0.06
206.824,5,-35.3572352,149.1659673,99.866,0.3610289652097704,-25.580000000000002,-0.06
206.924,5,-35.357258,149.1659673,99.877,0.33575393022741756,-25.57,-0.06
207.024,5,-35.3572809,149.16596719999998,99.887,0.2897942809934893,-25.560000000000002,-0.06
207.124,5,-35.357303699999996,149.16596719999998,99.893,0.22178516695296,-25.560000000000002,-0.06
207.22400000000002,5,-35.3573265,149.16596719999998,99.896,0.14227462799993745,-25.55,-0.06
207.324,5,-35.357349299999996,149.16596719999998,99.898,0.05174291848054479,-25.55,-0.05
207.424,5,-35.3573722,149.16596719999998,99.899,0.027376045193752405,-25.54,-0.04
207.524,5,-35.357395,149.16596719999998,99.9,0.030014956147663606,-25.54,-0.04
207.624,5,-35.3574178,149.16596719999998,99.901,0.04056151861315707,-25.54,-0.04
207.72400000000002,5,-35.3574406,149.16596719999998,99.902,0.08353958350106977,-25.54,-0.04
207.824,5,-35.3574635,149.16596719999998,99.904,0.09896894081548892,-25.54,-0.04
207.925,5,-35.3574863,149.16596719999998,99.905,0.13581539013900779,-25.54,-0.04
208.025,5,-35.3575094,149.16596719999998,99.907,0.17063802906504677,-25.54,-0.04
208.125,5,-35.3575325,149.16596719999998,99.912,0.19977975153042019,-25.55,-0.04
208.225,5,-35.3575556,149.16596719999998,99.915,0.23181288517053042,-25.560000000000002,-0.05
208.324,5,-35.3575788,149.1659671,99.918,0.25596640842725243,-25.57,-0.05
208.424,5,-35.3576019,149.1659671,99.922,0.24834973364648333,-25.59,-0.06
208.524,5,-35.3576252,149.1659671,99.923,0.2563285418553954,-25.6,-0.06
208.624,5,-35.357648399999995,149.165967,99.922,0.2521336050858175,-25.61,-0.06
208.72400000000002,5,-35.3576717,149.165967,99.919,0.22583212073725867,-25.63,-0.06
208.824,5,-35.3576949,149.165967,99.916,0.19336168156749572,-25.64,-0.05
208.924,5,-35.3577179,149.165967,99.914,0.16568576839081728,-25.64,-0.05
209.024,5,-35.357741,149.165967,99.912,0.110511573646627,-25.64,-0.05
209.124,5,-35.3577639,149.1659669,99.914,0.08226606004576652,-25.63,-0.05
209.22400000000002,5,-35.3577868,149.1659669,99.917,0.04879312386263892,-25.63,-0.06
209.324,5,-35.3578097,149.1659669,99.922,0.015801727688683796,-25.61,-0.05
209.424,5,-35.3578326,149.1659669,99.927,-0.026117192637940795,-25.61,-0.04
209.524,5,-35.3578555,149.1659669,99.931,-0.04529994567458689,-25.6,-0.04
209.624,5,-35.357878299999996,149.1659669,99.933,-0.04091703863059483,-25.59,-0.04
209.72400000000002,5,-35.3579012,149.1659669,99.936,0.020037060291426597,-25.580000000000002,-0.03
209.824,5,-35.357924,149.1659669,99.938,0.07938415377295087,-25.580000000000002,-0.04
209.924,5,-35.3579469,149.1659669,99.93900000000001,0.1106139130923648,-25.57,-0.04
210.025,5,-35.3579698,149.1659669,99.93900000000001,0.1565232163615906,-25.57,-0.04
210.125,5,-35.3579931,149.1659669,99.94,0.19682413390944262,-25.57,-0.04
210.225,5,-35.3580161,149.1659668,99.941,0.2218286427078527,-25.580000000000002,-0.05
210.32500000000002,5,-35.358039399999996,149.1659668,99.943,0.2369356604501722,-25.59,-0.05
210.424,5,-35.358062499999996,149.1659668,99.944,0.24083828646761468,-25.6,-0.04
210.524,5,-35.3580858,149.1659668,99.944,0.21216648635322344,-25.62,-0.04
210.624,5,-35.358109,149.1659668,99.94500000000001,0.17893658884469324,-25.63,-0.04
210.72400000000002,5,-35.3581322,149.1659668,99.946,0.17437761099648164,-25.64,-0.04
210.824,5,-35.358155499999995,149.16596669999998,99.949,0.18199867470740103,-25.650000000000002,-0.04
210.924,5,-35.3581785,149.16596669999998,99.953,0.15024987437191903,-25.66,-0.04
211.024,5,-35.3582015,149.16596669999998,99.958,0.1320141630822709,-25.650000000000002,-0.05
211.124,5,-35.3582245,149.16596669999998,99.962,0.11927013732872459,-25.650000000000002,-0.05
211.22400000000002,5,-35.358247399999996,149.16596669999998,99.961,0.12181621040376585,-25.650000000000002,-0.05
211.324,5,-35.3582703,149.16596669999998,99.956,0.07420301506045986,-25.64,-0.05
211.424,5,-35.3582932,149.1659666,99.95100000000001,0.07439735528668788,-25.63,-0.05
211.524,5,-35.358316099999996,149.1659666,99.949,0.1372999691077071,-25.63,-0.06
211.624,5,-35.358339,149.1659666,99.949,0.15190175295464398,-25.62,-0.06
211.72400000000002,5,-35.3583618,149.1659666,99.95,0.1373970324991153,-25.61,-0.06
211.824,5,-35.358384699999995,149.1659665,99.95100000000001,0.08860899792782084,-25.61,-0.06
211.924,5,-35.3584076,149.1659665,99.949,-0.0028493125884184963,-25.61,-0.06
212.024,5,-35.3584305,149.1659665,99.94500000000001,-0.02905260650599261,-25.61,-0.06
212.125,5,-35.3584536,149.1659664,99.944,-0.0643736057825512,-25.61,-0.06
212.225,5,-35.358476599999996,149.1659664,99.943,-0.08942121013977718,-25.61,-0.06
212.32500000000002,5,-35.358499699999996,149.1659664,99.94200000000001,-0.10738430083200659,-25.62,-0.06
212.424,5,-35.3585229,149.16596629999998,99.94200000000001,-0.09621992974679762,-25.63,-0.06
212.524,5,-35.3585461,149.16596629999998,99.94200000000001,-0.08895486963604529,-25.64,-0.05
212.624,5,-35.3585694,149.16596629999998,99.94200000000001,-0.06044373237960139,-25.650000000000002,-0.04
212.72400000000002,5,-35.358592699999996,149.16596629999998,99.94200000000001,-0.08210311601135808,-25.67,-0.04
212.824,5,-35.3586159,149.16596619999999,99.941,-0.12066721783889632,-25.68,-0.03
212.924,5,-35.3586393,149.16596619999999,99.941,-0.13371022445118935,-25.69,-0.03
213.024,5,-35.3586625,149.16596619999999,99.943,-0.16635437987753807,-25.69,-0.03
213.124,5,-35.3586856,149.16596619999999,99.947,-0.16760709260021392,-25.69,-0.03
213.22400000000002,5,-35.3587087,149.16596619999999,99.95400000000001,-0.1145069608367134,-25.69,-0.03
213.324,5,-35.3587317,149.16596619999999,99.962,-0.07764176184351004,-25.67,-0.03
213.424,5,-35.3587546,149.16596619999999,99.971,-0.033318803359552736,-25.66,-0.02
213.524,5,-35.358777599999996,149.16596619999999,99.97800000000001,0.052836956037043484,-25.650000000000002,-0.03
213.624,5,-35.3588005,149.16596619999999,99.985,0.08952202213110097,-25.64,-0.03
213.72400000000002,5,-35.3588234,149.16596619999999,99.98700000000001,0.07907808259087629,-25.63,-0.03
213.824,5,-35.358846299999996,149.16596619999999,99.98400000000001,0.07732863368864067,-25.63,-0.03
213.924,5,-35.3588692,149.16596619999999,99.977,0.0970332892170911,-25.62,-0.04
214.024,5,-35.3588921,149.16596619999999,99.968,0.07600232300961525,-25.62,-0.04
214.124,5,-35.358914999999996,149.1659661,99.96000000000001,0.04626202517694013,-25.62,-0.04
214.225,5,-35.358938099999996,149.1659661,99.955,0.02821483778055493,-25.62,-0.04
214.32500000000002,5,-35.358961199999996,149.1659661,99.95100000000001,0.011391520732094844,-25.63,-0.04
214.425,5,-35.3589844,149.1659661,99.95,-0.007768274631358343,-25.63,-0.04
214.524,5,-35.3590076,149.1659661,99.95400000000001,-0.014517380317876985,-25.64,-0.05
214.624,5,-35.3590308,149.165966,99.961,-0.034176232224227346,-25.650000000000002,-0.04
214.72400000000002,5,-35.3590541,149.165966,99.96900000000001,-0.06075290516125025,-25.66,-0.03
214.824,5,-35.3590774,149.165966,99.977,-0.10772258195890733,-25.67,-0.03
214.924,5,-35.3591007,149.165966,99.983,-0.15613883145779228,-25.68,-0.02
215.024,5,-35.3591239,149.165966,99.985,-0.172773196892403,-25.69,-0.02
215.124,5,-35.359147,149.165966,99.985,-0.1430410365897937,-25.69,-0.02
215.22400000000002,5,-35.3591701,149.165966,99.98400000000001,-0.13751333247799064,-25.69,-0.01
215.324,5,-35.359193,149.165966,99.983,-0.11593833903508063,-25.68,-0.01
215.424,5,-35.359215999999996,149.165966,99.98400000000001,-0.04578453559000739,-25.67,-0.01
215.524,5,-35.3592389,149.165966,99.988,0.0011395683295501984,-25.650000000000002,-0.02
215.624,5,-35.3592618,149.165966,99.993,0.057688971679011124,-25.650000000000002,-0.02
215.72400000000002,5,-35.359284699999996,149.165966,99.994,0.09824824246624017,-25.63,-0.02
215.824,5,-35.3593076,149.165966,99.993,0.10552275411806077,-25.63,-0.02
215.924,5,-35.3593305,149.165966,99.992,0.13025537603077939,-25.62,-0.02
216.024,5,-35.359353399999996,149.165966,99.99000000000001,0.12643323151970937,-25.61,-0.02
216.124,5,-35.3593763,149.165966,99.989,0.12808653750524912,-25.61,-0.02
216.225,5,-35.3593992,149.165966,99.98700000000001,0.11903494936960872,-25.6,-0.03
216.32500000000002,5,-35.3594225,149.165966,99.98700000000001,0.10663360034322003,-25.61,-0.03
216.425,5,-35.3594456,149.165966,99.985,0.12855321818441817,-25.61,-0.02
216.525,5,-35.3594688,149.165966,99.982,0.13475933883966068,-25.62,-0.03
216.624,5,-35.359491999999996,149.165966,99.97800000000001,0.10035653643405931,-25.63,-0.04
216.72400000000002,5,-35.3595153,149.165966,99.976,0.06913021221955022,-25.650000000000002,-0.04
216.824,5,-35.3595385,149.165966,99.977,0.03640454475535764,-25.66,-0.04
216.924,5,-35.3595618,149.1659659,99.97800000000001,-0.03550254623830606,-25.67,-0.04
217.024,5,-35.3595851,149.1659659,99.98,-0.07200833654191724,-25.68,-0.04
217.124,5,-35.359608099999996,149.1659659,99.982,-0.0951425807970405,-25.68,-0.04
217.22400000000002,5,-35.359631199999995,149.1659659,99.985,-0.08897870859707423,-25.67,-0.03
217.324,5,-35.3596541,149.1659659,99.989,-0.0743052077638522,-25.67,-0.03
217.424,5,-35.3596771,149.1659659,99.993,-0.05492545646349347,-25.66,-0.03
217.524,5,-35.3597,149.1659659,99.997,-0.07495157444502416,-25.650000000000002,-0.02
217.624,5,-35.3597229,149.1659659,100.001,-0.08284118998832936,-25.64,-0.01
217.72400000000002,5,-35.3597458,149.1659659,100.005,-0.06069572233727123,-25.63,-0.01
217.824,5,-35.3597687,149.1659659,100.007,-0.0411217608777634,-25.62,-0.01
217.924,5,-35.3597915,149.165966,100.008,-0.022088636675202854,-25.62,-0.01
218.024,5,-35.3598144,149.165966,100.009,-0.01652201749390259,-25.61,-0.01
218.124,5,-35.359837299999995,149.165966,100.006,-0.048421135351977763,-25.6,0.0
218.22400000000002,5,-35.3598602,149.165966,100.002,-0.05357386941546439,-25.6,0.0
218.32500000000002,5,-35.3598831,149.165966,99.998,-0.02666461329011347,-25.6,0.0
218.425,5,-35.3599062,149.1659661,99.993,0.01622298994440958,-25.6,0.0
218.525,5,-35.3599294,149.1659661,99.985,0.03961279599929304,-25.6,0.0
218.625,5,-35.3599525,149.16596619999999,99.976,0.09224850157965916,-25.61,0.0
218.72400000000002,5,-35.3599758,149.16596619999999,99.97,0.1792201617571678,-25.62,0.0
218.824,5,-35.359998999999995,149.16596629999998,99.96900000000001,0.22112793466811817,-25.63,0.0
218.924,5,-35.3600223,149.16596629999998,99.974,0.21073083928662492,-25.650000000000002,0.0
219.024,5,-35.3600455,149.16596629999998,99.982,0.23500255683249993,-25.650000000000002,0.0
219.124,5,-35.3600688,149.1659664,99.989,0.27371321424250256,-25.66,0.0
219.22400000000002,5,-35.360092099999996,149.1659664,99.996,0.2994681500553281,-25.67,0.0
219.324,5,-35.360115199999996,149.1659664,100.001,0.3395425774630854,-25.67,0.0
219.424,5,-35.3601382,149.1659664,100.003,0.40231449721516205,-25.67,-0.01
219.524,5,-35.3601612,149.1659665,100.004,0.4328211902974802,-25.66,-0.01
219.624,5,-35.3601841,149.1659665,100.002,0.41301065349668137,-25.66,-0.01
219.72400000000002,5,-35.3602071,149.1659665,100.001,0.359169659651646,-25.650000000000002,-0.01
219.824,5,-35.36023,149.1659665,99.998,0.3081475862626954,-25.64,-0.02
219.924,5,-35.3602529,149.1659665,99.994,0.3080383032359752,-25.63,-0.02
220.024,5,-35.3602758,149.1659665,99.993,0.3027409045652485,-25.63,-0.02
220.124,5,-35.3602987,149.1659666,99.994,0.27389634868962354,-25.62,-0.03
220.22400000000002,5,-35.3603216,149.1659666,99.995,0.25031498717802225,-25.61,-0.02
220.324,5,-35.3603445,149.1659666,99.995,0.22410733788927178,-25.6,-0.02
220.425,5,-35.3603674,149.1659666,99.996,0.21493598131931815,-25.6,-0.02
220.525,5,-35.360390699999996,149.1659666,99.997,0.21409445398880497,-25.6,-0.02
220.625,5,-35.360413799999996,149.1659666,99.997,0.22477376158102402,-25.61,-0.02
220.725,5,-35.360437,149.1659666,99.997,0.2195725591878461,-25.62,-0.02
220.824,5,-35.3604602,149.1659666,99.998,0.17697448360347487,-25.63,-0.02
220.924,5,-35.3604835,149.1659666,99.998,0.13273126624405612,-25.64,-0.02
221.024,5,-35.360506699999995,149.1659666,99.997,0.116539889269931,-25.650000000000002,-0.03
221.124,5,-35.36053,149.16596669999998,99.997,0.09780975632771725,-25.66,-0.03
221.22400000000002,5,-35.3605533,149.16596669999998,99.997,0.09525142359672435,-25.66,-0.03
221.324,5,-35.3605763,149.16596669999998,99.999,0.11869672160356087,-25.66,-0.03
221.424,5,-35.3605994,149.16596669999998,100.004,0.12083333017394515,-25.66,-0.04
221.524,5,-35.360622299999996,149.16596669999998,100.009,0.13680947614793554,-25.650000000000002,-0.04
221.624,5,-35.3606453,149.1659666,100.014,0.16670485395932433,-25.650000000000002,-0.04
221.72400000000002,5,-35.3606681,149.1659666,100.018,0.16784424157067354,-25.64,-0.04
221.824,5,-35.360690999999996,149.1659666,100.018,0.16449099221416752,-25.63,-0.03
221.924,5,-35.3607139,149.1659666,100.015,0.09148483440362017,-25.63,-0.03
222.024,5,-35.3607368,149.1659666,100.01,0.043284733044529004,-25.62,-0.03
222.124,5,-35.360759699999996,149.1659666,100.004,0.00868370424183519,-25.62,-0.02
222.22400000000002,5,-35.3607826,149.1659666,99.997,0.0323807195657338,-25.61,-0.02
222.324,5,-35.3608055,149.1659666,99.991,0.11421062134018475,-25.61,-0.02
222.424,5,-35.360828399999995,149.1659666,99.983,0.1398990695303085,-25.61,-0.02
222.525,5,-35.3608513,149.1659666,99.97800000000001,0.14659514953679365,-25.6,-0.02
222.625,5,-35.3608744,149.1659666,99.974,0.19983688766365293,-25.6,-0.02
222.725,5,-35.3608975,149.1659666,99.974,0.2511321552791908,-25.61,-0.02
222.82500000000002,5,-35.3609207,149.1659666,99.97500000000001,0.27694261305944917,-25.62,-0.02
222.924,5,-35.360943899999995,149.1659666,99.976,0.2983297496197574,-25.63,-0.03
223.024,5,-35.3609672,149.1659666,99.97800000000001,0.26559067857632934,-25.64,-0.03
223.124,5,-35.3609905,149.1659665,99.98,0.22775473894733791,-25.66,-0.03
223.22400000000002,5,-35.3610137,149.1659665,99.983,0.2182062545495791,-25.67,-0.03
223.324,5,-35.361036999999996,149.1659665,99.985,0.23913506140419566,-25.68,-0.03
223.424,5,-35.3610603,149.1659665,99.986,0.20891918497013193,-25.69,-0.04
223.524,5,-35.3610834,149.1659664,99.985,0.11338486214170079,-25.69,-0.04
223.624,5,-35.3611065,149.1659664,99.98100000000001,0.05846847368814544,-25.68,-0.04
223.72400000000002,5,-35.3611295,149.1659664,99.977,0.053737200316056284,-25.68,-0.04
223.824,5,-35.3611524,149.16596629999998,99.976,0.048104802210881634,-25.68,-0.04
223.924,5,-35.3611754,149.16596629999998,99.97800000000001,0.022070979235475983,-25.67,-0.04
224.024,5,-35.3611983,149.16596629999998,99.983,0.026428908397735224,-25.66,-0.04
224.124,5,-35.361221199999996,149.16596629999998,99.99000000000001,0.06129385747753659,-25.650000000000002,-0.04
224.22400000000002,5,-35.3612441,149.16596619999999,99.999,0.08224212103313841,-25.64,-0.04
224.324,5,-35.361267,149.16596619999999,100.007,0.051157793383224855,-25.63,-0.04
224.424,5,-35.361289899999996,149.16596619999999,100.015,0.03804199589748226,-25.62,-0.04
224.524,5,-35.3613128,149.16596619999999,100.021,0.03180121736828723,-25.61,-0.04
224.625,5,-35.3613359,149.1659661,100.022,0.02413486363347682,-25.61,-0.04
224.725,5,-35.361359,149.1659661,100.02,0.04535790556598613,-25.61,-0.04
224.82500000000002,5,-35.3613821,149.1659661,100.018,0.07282148923890577,-25.62,-0.04
224.924,5,-35.361405399999995,149.1659661,100.015,0.031675202379132475,-25.63,-0.03
225.024,5,-35.361428499999995,149.1659661,100.013,-0.0384727347071761,-25.63,-0.02
225.124,5,-35.3614518,149.1659661,100.009,-0.09274889297764193,-25.650000000000002,-0.02
225.22400000000002,5,-35.3614751,149.1659661,100.005,-0.09113536083782559,-25.66,-0.01
225.324,5,-35.361498399999995,149.1659661,100.001,-0.07962235662025507,-25.67,-0.01
225.424,5,-35.361521599999996,149.1659661,99.998,-0.03960468848470696,-25.68,-0.01
225.524,5,-35.361544699999996,149.1659661,99.998,0.008960073439169476,-25.68,-0.01
225.624,5,-35.3615677,149.1659661,100.001,0.04834515283251468,-25.68,-0.01
225.72400000000002,5,-35.3615907,149.1659661,100.007,0.08681961509730311,-25.67,-0.01
225.824,5,-35.3616137,149.1659661,100.012,0.1258531590281475,-25.67,-0.01
225.924,6,-35.3616366,149.1659661,100.016,0.14628192133032508,-25.66,-0.02
226.024,6,-35.3616595,149.1659661,100.019,0.16215577454932395,-25.650000000000002,-0.03
226.124,6,-35.3616823,149.1659661,100.021,-0.22249153124310098,-25.650000000000002,-0.05
226.22400000000002,6,-35.361705199999996,149.165966,100.021,-2.0939142318212958,-25.64,-0.06
226.324,6,-35.3617281,149.165966,100.022,-6.479419255658046,-25.63,-0.01
226.424,6,-35.361751,149.1659661,100.026,-13.334504892082316,-25.62,0.18
226.524,6,-35.361773899999996,149.1659664,100.029,-21.666987339850202,-25.61,0.5700000000000001
226.624,6,-35.3617968,149.1659674,100.026,-30.105052559355435,-25.61,1.1
226.725,6,-35.3618199,149.165969,100.007,-37.39074021492717,-25.6,1.76
226.82500000000002,6,-35.3618429,149.1659714,99.973,-42.52268822518087,-25.61,2.48
226.925,6,-35.361866,149.1659748,99.926,-45.34992208870259,-25.63,3.3000000000000003
227.024,6,-35.3618892,149.165979,99.88,-46.25846019171935,-25.63,4.22
227.124,6,-35.3619124,149.16598439999999,99.85300000000001,-45.94062075378739,-25.59,5.23
227.22400000000002,6,-35.3619355,149.1659909,99.854,-45.104322146527274,-25.46,6.25
227.324,6,-35.3619585,149.1659986,99.894,-44.292926408981025,-25.25,7.24
227.424,6,-35.3619813,149.1660073,99.965,-43.76728871083518,-24.98,8.16
227.524,6,-35.3620036,149.1660169,100.062,-43.691313101602546,-24.66,9.0
227.624,6,-35.3620255,149.1660274,100.176,-43.80708139293968,-24.32,9.75
227.72400000000002,6,-35.3620471,149.1660386,100.297,-44.09534952686006,-23.97,10.41
227.824,6,-35.3620683,149.16605049999998,100.415,-44.40732183229498,-23.64,11.0
227.924,6,-35.3620892,149.1660629,100.522,-44.62669043296287,-23.32,11.51
228.024,6,-35.3621099,149.16607589999998,100.614,-44.72088557180651,-23.0,11.99
228.124,6,-35.362130199999996,149.1660894,100.687,-44.759640065157164,-22.68,12.44
228.22400000000002,6,-35.362150199999995,149.1661033,100.739,-44.688206531722585,-22.35,12.88
228.324,6,-35.36217,149.1661177,100.774,-44.58476673183733,-22.0,13.31
228.424,6,-35.3621894,149.1661326,100.795,-44.54049003054272,-21.62,13.77
228.524,6,-35.3622084,149.166148,100.805,-44.55370303149211,-21.18,14.24
228.624,6,-35.3622271,149.1661639,100.808,-44.55408893718022,-20.72,14.72
228.725,6,-35.3622454,149.16618029999998,100.808,-44.56064933387801,-20.21,15.21
228.82500000000002,6,-35.362263299999995,149.16619749999998,100.809,-44.55870272996456,-19.650000000000002,15.72
228.925,6,-35.3622807,149.16621519999998,100.81400000000001,-44.55083776713529,-19.080000000000002,16.22
229.025,6,-35.3622976,149.1662335,100.824,-44.565129937973545,-18.48,16.7
229.124,6,-35.362314,149.1662523,100.83800000000001,-44.57330908950463,-17.87,17.17
229.22400000000002,6,-35.3623299,149.16627169999998,100.85300000000001,-44.63494130148024,-17.25,17.6
229.324,6,-35.3623452,149.1662915,100.869,-44.65856351072473,-16.64,18.0
229.424,6,-35.3623599,149.1663117,100.883,-44.66434868095173,-16.02,18.37
229.524,6,-35.3623741,149.1663323,100.897,-44.71776417535582,-15.4,18.71
229.624,6,-35.3623877,149.1663532,100.907,-44.769653122480406,-14.77,19.03
229.72400000000002,6,-35.3624006,149.1663743,100.916,-44.79397201102024,-14.120000000000001,19.330000000000002
229.824,6,-35.362412899999995,149.16639569999998,100.921,-44.82434927735387,-13.47,19.59
229.924,6,-35.3624246,149.16641719999998,100.924,-44.816398937159974,-12.81,19.84
230.024,6,-35.3624357,149.1664391,100.925,-44.79668701121531,-12.14,20.06
230.124,6,-35.3624461,149.166461,100.927,-44.82052437141866,-11.450000000000001,20.26
230.22400000000002,6,-35.362456,149.16648329999998,100.927,-44.771589481110105,-10.76,20.44
230.324,6,-35.362465199999995,149.1665056,100.927,-44.71897994902808,-10.05,20.59
230.424,6,-35.3624738,149.1665282,100.927,-44.696607664401704,-9.33,20.73
230.524,6,-35.3624817,149.16655079999998,100.927,-44.65078734035467,-8.6,20.84
230.624,6,-35.362489,149.1665737,100.927,-44.70222207989945,-7.88,20.92
230.72400000000002,6,-35.3624957,149.1665965,100.926,-44.72816996855633,-7.16,20.98
230.82500000000002,6,-35.3625018,149.1666195,100.921,-44.75419298929408,-6.45,21.02
230.925,6,-35.3625073,149.1666429,100.914,-44.77448548131819,-5.73,21.05
231.025,6,-35.3625121,149.16666619999998,100.904,-44.7639601598072,-5.0200000000000005,21.05
231.125,6,-35.362516299999996,149.1666895,100.894,-44.76279561255371,-4.3,21.03
231.22400000000002,6,-35.3625198,149.1667128,100.885,-44.79754761505074,-3.58,20.990000000000002
231.324,6,-35.3625227,149.166736,100.873,-44.834895089432365,-2.86,20.93
231.424,6,-35.362525,149.1667592,100.85900000000001,-44.82665788129333,-2.15,20.84
231.524,6,-35.362526599999995,149.1667823,100.842,-44.79496580354447,-1.44,20.73
231.624,6,-35.3625276,149.1668051,100.82300000000001,-44.77000146212807,-0.73,20.59
231.72400000000002,6,-35.362527899999996,149.1668277,100.806,-44.76132370678757,-0.02,20.42
231.824,6,-35.3625276,149.16684999999998,100.791,-44.789962689977436,0.67,20.22
231.924,6,-35.3625267,149.1668719,100.779,-44.78779410491596,1.36,19.990000000000002
232.024,7,-35.3625252,149.1668937,100.766,-44.76508714102025,2.05,19.740000000000002
232.124,7,-35.3625231,149.166915,100.755,-44.75731097065019,2.73,19.47
232.22400000000002,7,-35.3625204,149.1669361,100.743,-44.760780706748555,3.4,19.17
232.324,7,-35.3625171,149.1669569,100.732,-44.816149635255265,4.04,18.85
232.424,7,-35.362513299999996,149.16697729999999,100.721,-44.856382864561226,4.68,18.52
232.524,7,-35.3625088,149.1669973,100.711,-44.8700090919554,5.3100000000000005,18.16
232.624,7,-35.3625038,149.1670169,100.70100000000001,-44.85757473257139,5.94,17.78
232.72400000000002,7,-35.3624982,149.1670361,100.693,-44.86759120498922,6.54,17.38
232.824,7,-35.3624921,149.16705489999998,100.685,-44.84700842992538,7.140000000000001,16.96
232.925,7,-35.3624855,149.1670733,100.678,-44.78902012387197,7.72,16.52
233.025,7,-35.3624783,149.16709129999998,100.67,-44.7753938964778,8.28,16.05
233.125,7,-35.3624706,149.1671088,100.659,-44.798114520751845,8.83,15.58
233.225,7,-35.3624623,149.16712579999998,100.646,-44.830738919322414,9.36,15.09
233.324,7,-35.362453599999995,149.1671423,100.632,-44.87515222440042,9.88,14.58
233.424,7,-35.3624444,149.1671582,100.618,-44.94191390844271,10.39,14.06
233.524,7,-35.362434799999996,149.1671735,100.601,-44.964347664771616,10.870000000000001,13.52
233.624,7,-35.3624247,149.1671882,100.584,-44.95564600376902,11.33,12.96
233.72400000000002,7,-35.362414199999996,149.16720229999999,100.566,-44.95959726820387,11.790000000000001,12.39
233.824,7,-35.3624034,149.16721569999999,100.55,-44.898518301551036,12.22,11.790000000000001
233.924,7,-35.362392299999996,149.1672284,100.539,-44.83331048554492,12.63,11.16
234.024,7,-35.3623808,149.1672404,100.529,-44.8042753513832,13.01,10.53
234.124,7,-35.362369,149.1672515,100.524,-44.81257403122476,13.36,9.88
234.22400000000002,7,-35.362356999999996,149.167262,100.518,-44.82875133427394,13.68,9.22
234.324,7,-35.3623446,149.16727179999998,100.514,-44.84257563715404,13.98,8.56
234.424,7,-35.362332099999996,149.1672808,100.509,-44.85929252514765,14.26,7.890000000000001
234.524,7,-35.362319299999996,149.16728899999998,100.504,-44.870435978778524,14.51,7.22
234.624,7,-35.3623062,149.1672966,100.498,-44.871983016625535,14.73,6.54
234.72400000000002,7,-35.362293,149.16730339999998,100.491,-44.85332977000223,14.93,5.84
234.824,7,-35.3622796,149.1673094,100.48400000000001,-44.867553638948785,15.120000000000001,5.13
234.924,7,-35.362266,149.1673147,100.479,-44.89344347099772,15.280000000000001,4.42
235.025,7,-35.3622523,149.1673191,100.47500000000001,-44.882754224946645,15.41,3.7
235.125,7,-35.3622383,149.1673229,100.465,-44.89751767883763,15.52,2.98
235.225,7,-35.3622242,149.1673258,100.453,-44.89110413120699,15.610000000000001,2.27
235.324,7,-35.36221,149.1673279,100.438,-44.89117584819327,15.68,1.54
235.424,7,-35.362195799999995,149.16732919999998,100.423,-44.92426128453281,15.73,0.8200000000000001
235.524,7,-35.3621815,149.1673298,100.407,-44.94140505934954,15.75,0.1
235.624,7,-35.3621672,149.1673295,100.392,-44.93331470027766,15.75,-0.6
235.72400000000002,7,-35.362153,149.1673285,100.374,-44.93367328520909,15.73,-1.31
235.824,7,-35.362138699999996,149.1673266,100.357,-44.94116600272859,15.68,-2.04
235.924,7,-35.362124699999995,149.16732399999998,100.342,-44.92340068069739,15.59,-2.77
236.024,7,-35.362110799999996,149.16732059999998,100.33,-44.88391877220013,15.48,-3.5100000000000002
236.124,7,-35.362097,149.1673165,100.32300000000001,-44.864749846294494,15.34,-4.24
236.22400000000002,7,-35.362083399999996,149.16731149999998,100.318,-44.87033694103556,15.17,-4.97
236.324,7,-35.3620699,149.1673057,100.316,-44.85316243036756,14.97,-5.68
236.424,7,-35.3620567,149.1672992,100.316,-44.872689941204634,14.75,-6.38
236.524,7,-35.3620436,149.1672918,100.318,-44.845543354348415,14.5,-7.07
236.624,7,-35.3620308,149.16728369999998,100.319,-44.58946248689171,14.24,-7.75
236.72400000000002,7,-35.3620182,149.1672749,100.322,-43.930632684836034,13.94,-8.4
236.824,7,-35.3620059,149.1672654,100.324,-42.64399921502947,13.64,-9.02
236.924,7,-35.3619938,149.1672553,100.327,-40.58918119946074,13.32,-9.59
237.024,7,-35.3619821,149.16724449999998,100.333,-37.832974473117986,13.0,-10.07
237.125,7,-35.3619705,149.1672332,100.342,-34.45536055118205,12.700000000000001,-10.47
237.225,7,-35.3619592,149.1672216,100.354,-30.674714241796597,12.43,-10.77
237.32500000000002,7,-35.361948,149.1672096,100.361,-26.63494933832107,12.19,-10.98
237.424,7,-35.3619371,149.1671974,100.364,-22.45773883063009,11.99,-11.1
237.524,7,-35.3619262,149.16718509999998,100.35000000000001,-18.390912717662975,11.84,-11.16
237.624,7,-35.361915499999995,149.1671728,100.321,-14.618447267355897,11.72,-11.17
237.72400000000002,7,-35.3619049,149.1671604,100.268,-11.310006940012919,11.63,-11.16
237.824,7,-35.361894299999996,149.1671481,100.19500000000001,-8.57967553156711,11.56,-11.14
237.924,7,-35.361883899999995,149.167136,100.105,-6.474452427470977,11.5,-11.120000000000001
238.024,7,-35.3618735,149.16712379999998,100.005,-4.9712814704074955,11.450000000000001,-11.11
238.124,7,-35.3618632,149.1671117,99.899,-3.9538808241913146,11.41,-11.120000000000001
238.22400000000002,7,-35.361852899999995,149.1670996,99.795,-3.1834041096323764,11.370000000000001,-11.13
238.324,7,-35.3618427,149.16708749999998,99.702,-2.2372026359848776,11.34,-11.15
238.424,7,-35.3618325,149.1670753,99.627,-0.7208739598156014,11.32,-11.16
238.524,7,-35.3618223,149.1670632,99.572,1.7188582992121404,11.33,-11.13
238.624,7,-35.3618121,149.16705109999998,99.536,5.151599745156302,11.38,-11.05
238.72400000000002,7,-35.361801799999995,149.1670392,99.516,9.383581112914793,11.47,-10.89
238.824,7,-35.3617914,149.1670275,99.501,14.054100325862656,11.61,-10.68
238.924,7,-35.3617808,149.167016,99.485,18.667690765852107,11.790000000000001,-10.41
239.024,7,-35.3617701,149.1670048,99.459,22.817126309283235,11.99,-10.13
239.124,7,-35.3617591,149.1669939,99.419,26.25650050924171,12.21,-9.82
239.225,7,-35.3617479,149.1669833,99.366,28.800954295841148,12.47,-9.48
239.32500000000002,7,-35.3617364,149.1669731,99.307,30.505274323961505,12.75,-9.11
239.425,7,-35.361724599999995,149.1669633,99.249,31.567973211640034,13.05,-8.700000000000001
239.524,7,-35.361712499999996,149.16695389999998,99.20100000000001,32.128612214187605,13.370000000000001,-8.24
239.624,7,-35.3617002,149.1669451,99.167,32.38534877980463,13.68,-7.75
239.72400000000002,7,-35.361687499999995,149.1669369,99.153,32.39984927141256,13.97,-7.23
239.824,7,-35.3616746,149.1669292,99.156,32.26384654465927,14.23,-6.71
239.924,7,-35.3616615,149.1669221,99.179,32.00068277103327,14.47,-6.21
240.024,7,-35.3616482,149.1669155,99.212,31.529119680546415,14.66,-5.74
240.124,7,-35.3616349,149.1669095,99.253,30.684156978324136,14.83,-5.29
240.22400000000002,7,-35.3616215,149.1669039,99.298,29.431285133584943,14.950000000000001,-4.9
240.324,7,-35.361608,149.16689879999998,99.34100000000001,27.911670496094658,15.05,-4.5600000000000005
240.424,7,-35.3615944,149.1668939,99.375,26.296708125338284,15.120000000000001,-4.28
240.524,7,-35.3615809,149.1668894,99.398,24.67932274497385,15.17,-4.03
240.624,7,-35.3615673,149.1668851,99.41,23.1796744579748,15.200000000000001,-3.79
240.72400000000002,7,-35.3615537,149.16688109999998,99.412,21.8585417026705,15.23,-3.56
240.824,7,-35.3615401,149.16687729999998,99.406,20.730479612182243,15.26,-3.34
240.924,7,-35.361526399999995,149.1668737,99.393,19.832171424994876,15.280000000000001,-3.11
241.024,7,-35.3615128,149.1668704,99.375,19.15021118731495,15.31,-2.88
241.124,7,-35.361499099999996,149.1668674,99.35600000000001,18.549759012095375,15.33,-2.64
241.225,7,-35.3614854,149.1668646,99.34,17.98852407554272,15.35,-2.39
241.32500000000002,7,-35.3614714,149.16686199999998,99.32900000000001,17.40080508048334,15.370000000000001,-2.15
241.425,7,-35.3614575,149.1668597,99.32300000000001,16.809167264387664,15.39,-1.9100000000000001
241.525,7,-35.3614436,149.16685769999998,99.322,16.08600903318152,15.41,-1.69
241.624,7,-35.3614296,149.1668559,99.32600000000001,15.215525329125487,15.42,-1.48
241.72400000000002,7,-35.3614156,149.1668542,99.33200000000001,14.23181672542451,15.43,-1.3
241.824,7,-35.3614017,149.1668528,99.34,13.168795111307698,15.43,-1.1300000000000001
241.924,7,-35.3613877,149.1668516,99.35000000000001,12.075553325208164,15.44,-0.99
242.024,7,-35.361373799999996,149.16685049999998,99.36,10.958157428882528,15.44,-0.86
242.124,7,-35.3613599,149.16684949999998,99.367,9.84181594301001,15.43,-0.76
242.22400000000002,7,-35.3613461,149.1668487,99.369,8.841813923043969,15.42,-0.67
242.324,7,-35.361332399999995,149.1668479,99.368,7.954216326248824,15.41,-0.59
242.424,7,-35.3613186,149.1668472,99.364,7.18048566688061,15.41,-0.52
242.524,7,-35.3613049,149.16684659999999,99.361,6.49707956353076,15.4,-0.45
242.624,7,-35.3612912,149.166846,99.35900000000001,5.900688362659579,15.39,-0.38
242.72400000000002,7,-35.3612776,149.1668455,99.36,5.377963740194748,15.38,-0.32
242.824,7,-35.3612639,149.1668451,99.363,4.940789798405266,15.370000000000001,-0.27
242.924,7,-35.3612502,149.16684469999998,99.368,4.574807772108473,15.36,-0.22
243.024,7,-35.3612365,149.1668444,99.374,4.2527558150059095,15.36,-0.17
243.124,7,-35.3612228,149.16684419999999,99.381,3.9753246299773926,15.36,-0.12
243.22400000000002,7,-35.361209099999996,149.1668439,99.387,3.6714563439926953,15.36,-0.08
243.32500000000002,7,-35.3611954,149.16684379999998,99.393,3.358198255446523,15.36,-0.05
243.425,7,-35.3611815,149.1668436,99.398,3.0464515596976276,15.36,-0.02
243.525,7,-35.361167699999996,149.1668435,99.403,2.727479377580505,15.370000000000001,0.0
243.625,7,-35.3611538,149.1668435,99.407,2.4317893893532516,15.38,0.03
243.72400000000002,7,-35.3611398,149.1668434,99.408,2.1419274734787233,15.4,0.06
243.824,7,-35.3611259,149.1668434,99.409,1.830244170423062,15.4,0.07
243.924,7,-35.3611119,149.1668434,99.413,1.5641195097918552,15.41,0.08
244.024,7,-35.361098,149.1668434,99.419,1.3352697527823467,15.42,0.1
244.124,7,-35.361084,149.1668435,99.429,1.136964281576018,15.43,0.11
244.22400000000002,7,-35.36107,149.1668435,99.443,1.0043038652043876,15.43,0.12
244.324,7,-35.3610561,149.1668435,99.459,0.9133525326079689,15.44,0.14
244.424,7,-35.3610423,149.1668436,99.476,0.8228670402572862,15.44,0.15
244.524,7,-35.361028499999996,149.1668437,99.49000000000001,0.7273260873428834,15.43,0.15
244.624,7,-35.3610147,149.16684379999998,99.503,0.6111738113083506,15.43,0.16
244.72400000000002,7,-35.3610009,149.1668439,99.514,0.46695378001414956,15.43,0.16
244.824,7,-35.360987099999996,149.166844,99.522,0.32727120880423194,15.44,0.16
244.924,7,-35.3609734,149.1668441,99.526,0.17432074166751335,15.44,0.15
245.024,7,-35.3609596,149.16684419999999,99.527,0.05821681723580617,15.44,0.15
245.124,7,-35.360945799999996,149.16684429999998,99.528,-0.010136462633181758,15.44,0.14
245.22400000000002,7,-35.360932,149.1668444,99.529,-0.07124217474600561,15.450000000000001,0.14
245.324,7,-35.3609182,149.1668445,99.531,-0.11556712092173309,15.450000000000001,0.13
245.425,7,-35.3609043,149.1668446,99.532,-0.12442954483387586,15.450000000000001,0.13
245.525,7,-35.3608902,149.16684469999998,99.536,-0.10527780112286589,15.46,0.13
245.625,7,-35.3608763,149.1668448,99.541,-0.08598331713037323,15.47,0.13
245.725,7,-35.3608622,149.1668448,99.549,-0.11968369727884093,15.48,0.12
245.824,7,-35.3608482,149.1668449,99.559,-0.08403354491627921,15.49,0.12
245.924,7,-35.3608341,149.166845,99.57000000000001,-0.08701499586016251,15.51,0.11
246.024,7,-35.3608201,149.1668451,99.57900000000001,-0.09516545259261079,15.51,0.11
246.124,7,-35.360806,149.16684519999998,99.589,-0.05479500918849548,15.52,0.1
246.22400000000002,7,-35.360791899999995,149.1668453,99.598,-0.05513618514166555,15.530000000000001,0.1
246.324,7,-35.360777999999996,149.1668453,99.604,-0.0724105039499414,15.530000000000001,0.1
246.424,7,-35.360763999999996,149.1668454,99.608,-0.05410915547618439,15.530000000000001,0.1
246.524,7,-35.3607501,149.1668455,99.613,-0.021117762637282565,15.52,0.09
246.624,7,-35.3607362,149.1668456,99.616,0.0013580521530825384,15.52,0.1
246.72400000000002,7,-35.3607224,149.16684569999998,99.619,0.004773739022711918,15.52,0.1
246.824,7,-35.3607085,149.1668458,99.622,0.026336670828460303,15.52,0.1
246.924,7,-35.360694599999995,149.1668459,99.627,0.06452445691367328,15.51,0.1
247.024,7,-35.3606808,149.166846,99.633,0.051455003328666274,15.51,0.1
247.124,7,-35.3606669,149.1668461,99.639,0.0030554782883459274,15.51,0.09
247.22400000000002,7,-35.360653,149.16684619999998,99.647,-0.06829634884153349,15.51,0.1
247.324,7,-35.3606392,149.1668463,99.656,-0.13962754283037404,15.5,0.1
247.424,7,-35.360625299999995,149.1668464,99.666,-0.21183704978768933,15.5,0.1
247.525,7,-35.360611399999996,149.1668465,99.678,-0.23192827801490662,15.5,0.1
247.625,7,-35.360597399999996,149.16684659999999,99.68900000000001,-0.24433483639455875,15.5,0.11
247.725,7,-35.3605833,149.16684669999998,99.696,-0.2555349325707781,15.51,0.11
247.824,7,-35.3605693,149.1668468,99.69800000000001,-0.28062195058797046,15.52,0.1
247.924,7,-35.3605552,149.166847,99.7,-0.3334244888748994,15.530000000000001,0.1
248.024,7,-35.3605411,149.16684709999998,99.702,-0.3660162572839226,15.540000000000001,0.1
248.124,7,-35.360526899999996,149.1668472,99.705,-0.40034425444387783,15.55,0.09
248.22400000000002,7,-35.360512799999995,149.1668473,99.709,-0.44577016174676654,15.56,0.08
248.324,7,-35.3604987,149.1668474,99.71600000000001,-0.4921271358913191,15.57,0.07
248.424,7,-35.3604845,149.1668475,99.727,-0.5934576879835126,15.58,0.06
248.524,7,-35.3604705,149.1668475,99.739,-0.6240566153000524,15.58,0.05
248.624,7,-35.3604565,149.16684759999998,99.753,-0.612895392505164,15.58,0.04
248.72400000000002,7,-35.3604426,149.1668477,99.766,-0.6146668127385774,15.57,0.04
248.824,7,-35.3604286,149.1668477,99.78,-0.5462573455590222,15.57,0.04
248.924,7,-35.3604147,149.1668478,99.792,-0.46622615142413165,15.57,0.03
249.024,7,-35.3604008,149.1668478,99.802,-0.3734918459696487,15.56,0.03
249.124,7,-35.3603869,149.1668479,99.811,-0.3422199315764511,15.56,0.03
249.22400000000002,7,-35.360372999999996,149.1668479,99.818,-0.3277174922973835,15.56,0.02
249.324,7,-35.360358999999995,149.1668479,99.82300000000001,-0.33002804390797835,15.56,0.02
249.424,7,-35.360345099999996,149.166848,99.82600000000001,-0.30786736174373974,15.55,0.02
249.524,7,-35.3603312,149.166848,99.827,-0.28110086424266467,15.56,0.02
249.625,7,-35.3603172,149.166848,99.82600000000001,-0.2739135575646808,15.56,0.01
249.725,7,-35.360303099999996,149.16684809999998,99.822,-0.24602533489456335,15.57,0.01
249.82500000000002,7,-35.360289,149.16684809999998,99.818,-0.24022586395898785,15.57,0.0
249.924,7,-35.3602749,149.16684809999998,99.81700000000001,-0.26633799732106395,15.59,0.0
250.024,7,-35.3602608,149.16684809999998,99.82000000000001,-0.25289690540599286,15.59,0.0
250.124,7,-35.360246599999996,149.16684809999998,99.82600000000001,-0.20980803003694595,15.6,0.0
250.22400000000002,7,-35.3602324,149.16684809999998,99.834,-0.17876401984644463,15.610000000000001,0.0
250.324,7,-35.3602183,149.16684809999998,99.84400000000001,-0.12534753826658146,15.610000000000001,0.0
250.424,7,-35.3602041,149.16684809999998,99.85600000000001,-0.10523335153240793,15.620000000000001,0.0
250.524,7,-35.3601901,149.16684809999998,99.867,-0.0825110797420275,15.620000000000001,0.0
250.624,7,-35.360175999999996,149.16684809999998,99.877,-0.05800120603959459,15.610000000000001,0.0
250.72400000000002,7,-35.3601621,149.16684809999998,99.884,-0.051790239551898945,15.610000000000001,0.0
250.824,7,-35.360148099999996,149.16684809999998,99.889,-0.026539975677973962,15.610000000000001,-0.01
250.924,7,-35.3601342,149.16684809999998,99.892,-0.049765855525250466,15.610000000000001,-0.01
251.024,7,-35.3601202,149.16684809999998,99.891,-0.05619263998246265,15.610000000000001,-0.01
251.124,7,-35.3601063,149.16684809999998,99.888,-0.026227161018115314,15.610000000000001,-0.01
251.22400000000002,7,-35.3600923,149.16684809999998,99.884,-0.015524413003737352,15.6,-0.01
251.324,7,-35.3600784,149.16684809999998,99.882,-0.004984202981027863,15.6,0.0
251.424,7,-35.3600644,149.16684809999998,99.879,-0.007125117105229765,15.610000000000001,-0.01
251.524,7,-35.3600505,149.16684809999998,99.878,-0.014957498964993028,15.6,-0.01
251.624,7,-35.3600365,149.16684809999998,99.88,-0.008866686944030748,15.6,-0.01
251.725,7,-35.3600224,149.16684809999998,99.884,-0.053630635357780204,15.6,-0.01
251.82500000000002,7,-35.3600085,149.16684809999998,99.89,-0.0415552377662212,15.59,-0.01
251.925,7,-35.3599944,149.16684809999998,99.899,0.018668551182924546,15.59,-0.01
252.024,7,-35.3599803,149.16684809999998,99.906,0.0758506581254866,15.59,-0.01
252.124,7,-35.3599661,149.166848,99.912,0.1055339532270612,15.59,-0.01
252.22400000000002,7,-35.359952,149.166848,99.914,0.08206863156017745,15.6,-0.01
252.324,7,-35.3599378,149.166848,99.912,0.06048137179120919,15.6,0.0
252.424,7,-35.3599236,149.166848,99.908,0.038122003826285285,15.610000000000001,0.0
252.524,7,-35.3599096,149.166848,99.904,0.05180932272691399,15.610000000000001,-0.01
252.624,7,-35.3598955,149.166848,99.901,0.07005121387033753,15.610000000000001,-0.01
252.72400000000002,7,-35.3598815,149.1668479,99.901,0.04562990250843668,15.610000000000001,-0.01
252.824,7,-35.3598675,149.1668479,99.903,0.05628544784585284,15.610000000000001,-0.01
252.924,7,-35.3598536,149.1668479,99.906,0.04557352676735763,15.610000000000001,-0.01
253.024,7,-35.3598396,149.1668479,99.91,0.04223764970352084,15.610000000000001,-0.01
253.124,7,-35.3598256,149.1668479,99.918,0.023831363777500905,15.6,-0.01
253.22400000000002,7,-35.3598117,149.1668478,99.93,-0.027793600537728936,15.59,-0.01
253.324,7,-35.3597977,149.1668478,99.94,-0.055044407809746815,15.59,-0.01
253.424,7,-35.359783799999995,149.1668478,99.947,-0.018227482045616385,15.59,-0.01
253.524,7,-35.359769799999995,149.1668478,99.95100000000001,0.00045908082222834287,15.58,-0.02
253.624,7,-35.359755799999995,149.1668477,99.952,-0.012958974941676719,15.58,-0.02
253.725,7,-35.359741899999996,149.1668477,99.95,-0.006158060869581142,15.58,-0.02
253.82500000000002,7,-35.3597278,149.1668477,99.946,0.009689558820115327,15.58,-0.02
253.925,7,-35.3597137,149.16684759999998,99.941,0.04108556554423696,15.59,-0.02
254.025,7,-35.3596996,149.16684759999998,99.937,0.0720240179625605,15.59,-0.02
254.124,7,-35.3596854,149.16684759999998,99.937,0.08755253975197044,15.6,-0.02
254.22400000000002,7,-35.3596712,149.1668475,99.93900000000001,0.1317589514631078,15.610000000000001,-0.02
254.324,7,-35.359657,149.1668475,99.94200000000001,0.1442838375340451,15.620000000000001,-0.02
254.424,7,-35.359642799999996,149.1668475,99.946,0.12503040137763866,15.63,-0.02
254.524,7,-35.3596286,149.1668474,99.953,0.16148274745202645,15.64,-0.02
254.624,7,-35.3596144,149.1668474,99.959,0.21864286638814423,15.65,-0.01
254.72400000000002,7,-35.3596003,149.1668474,99.965,0.2244880142137942,15.65,-0.01
254.824,7,-35.3595863,149.1668473,99.97,0.19958610499527973,15.65,-0.01
254.924,7,-35.359572299999996,149.1668473,99.97500000000001,0.1690700737637057,15.64,-0.01
255.024,7,-35.359558299999996,149.1668473,99.98100000000001,0.18094095588140108,15.63,-0.01
255.124,7,-35.359544299999996,149.1668473,99.986,0.19815771500467438,15.63,-0.01
255.22400000000002,7,-35.359530299999996,149.1668472,99.99000000000001,0.17977348712121816,15.620000000000001,-0.01
255.324,7,-35.3595164,149.1668472,99.992,0.18127240681913181,15.620000000000001,-0.01
255.424,7,-35.3595024,149.1668472,99.993,0.22478024492465026,15.620000000000001,0.0
255.524,7,-35.3594885,149.1668472,99.992,0.27103455278824107,15.620000000000001,0.0
255.624,7,-35.3594745,149.16684709999998,99.993,0.2782128948429393,15.610000000000001,0.0
255.72400000000002,7,-35.3594605,149.16684709999998,99.995,0.26747445008550413,15.610000000000001,0.0
255.82500000000002,7,-35.3594466,149.16684709999998,99.998,0.2486332665383182,15.610000000000001,0.01
255.925,7,-35.3594323,149.16684709999998,100.001,0.2340143671978166,15.610000000000001,0.01
256.025,7,-35.3594183,149.16684709999998,100.004,0.22401262237539074,15.610000000000001,0.0
256.125,7,-35.3594041,149.16684709999998,100.005,0.20070931092798983,15.620000000000001,0.01
256.224,7,-35.3593899,149.16684709999998,100.004,0.18457964578023284,15.63,0.01
256.324,7,-35.3593757,149.16684709999998,100.0,0.1774093345338946,15.64,0.02
256.424,7,-35.3593616,149.16684709999998,99.992,0.16378697580155374,15.65,0.02
256.524,7,-35.3593474,149.16684709999998,99.98100000000001,0.16648375326537163,15.66,0.02
256.624,7,-35.3593332,149.16684709999998,99.968,0.19451351559778168,15.67,0.03
256.724,7,-35.3593191,149.16684709999998,99.958,0.19427071037691565,15.67,0.03
256.824,7,-35.359305,149.1668472,99.953,0.1594099051008466,15.67,0.04
256.924,7,-35.359291,149.1668472,99.956,0.13578556142224188,15.66,0.04
257.024,7,-35.359277,149.1668472,99.96300000000001,0.11579783990941936,15.65,0.05
257.124,7,-35.359263,149.1668473,99.976,0.10378477112909003,15.64,0.05
257.224,7,-35.3592491,149.1668473,99.99000000000001,0.021720151638039302,15.63,0.05
257.324,7,-35.3592351,149.1668474,100.002,-0.04526492094477074,15.620000000000001,0.05
257.424,7,-35.3592212,149.1668474,100.009,-0.13550417630473585,15.610000000000001,0.05
257.524,7,-35.3592072,149.1668475,100.011,-0.18405836360834335,15.6,0.04
257.624,7,-35.3591933,149.1668475,100.008,-0.23589885907850544,15.59,0.04
257.724,7,-35.3591793,149.1668475,100.004,-0.3269088886131039,15.59,0.03
257.824,7,-35.359165399999995,149.16684759999998,99.998,-0.37316837247942514,15.59,0.02
257.925,7,-35.3591514,149.16684759999998,99.992,-0.38943254699710644,15.59,0.01
258.025,7,-35.3591373,149.16684759999998,99.985,-0.3335768607903289,15.59,0.01
258.125,7,-35.3591232,149.16684759999998,99.979,-0.29200085898222655,15.6,0.0
258.225,7,-35.3591091,149.16684759999998,99.976,-0.22689947119720538,15.610000000000001,0.0
258.324,7,-35.359094899999995,149.16684759999998,99.974,-0.15586432989030918,15.620000000000001,0.0
258.424,7,-35.3590808,149.16684759999998,99.974,-0.122837817272572,15.620000000000001,0.0
258.524,7,-35.3590666,149.16684759999998,99.97800000000001,-0.06425971371216256,15.63,0.0
258.624,7,-35.359052399999996,149.16684759999998,99.98400000000001,0.005254180548701831,15.64,0.0
258.724,7,-35.3590382,149.16684759999998,99.994,0.03591191402641717,15.65,0.0
258.824,7,-35.359024,149.16684759999998,100.003,0.03497960654492365,15.65,0.0
258.924,7,-35.3590099,149.16684759999998,100.009,0.04742225353639645,15.65,0.0
259.024,7,-35.3589959,149.16684759999998,100.013,0.030510545068886213,15.65,0.0
259.124,7,-35.358981799999995,149.16684759999998,100.015,0.01064791807050609,15.65,0.0
259.224,7,-35.358967799999995,149.16684759999998,100.012,0.023458126289376775,15.65,0.0
259.324,7,-35.358953899999996,149.16684759999998,100.006,0.036037408747256236,15.65,0.0
259.424,7,-35.358939899999996,149.16684759999998,99.999,0.04179319381958078,15.64,0.0
259.524,7,-35.358925899999996,149.1668475,99.995,0.04581411084272208,15.64,0.0
259.624,7,-35.358911899999995,149.1668475,99.992,0.05663547503049616,15.64,0.0
259.724,7,-35.358897899999995,149.1668475,99.99000000000001,0.03272354637029018,15.64,0.0
259.824,7,-35.358883999999996,149.1668475,99.99000000000001,0.006293226411243327,15.63,0.0
259.924,7,-35.358869999999996,149.16684759999998,99.992,0.044149592407968646,15.63,0.0
260.025,7,-35.3588559,149.16684759999998,99.996,0.07676232162701802,15.63,0.0
260.125,7,-35.3588417,149.16684759999998,100.002,0.07191504843085103,15.63,0.0
260.225,7,-35.3588276,149.16684759999998,100.006,0.09518222791073831,15.63,0.0
260.324,7,-35.358813399999995,149.16684759999998,100.01,0.11540506401150397,15.63,0.0
260.424,7,-35.3587993,149.16684759999998,100.013,0.10871726827743011,15.64,0.01
260.524,7,-35.3587851,149.16684759999998,100.013,0.07002403318589631,15.64,0.01
260.624,7,-35.358770899999996,149.16684759999998,100.011,0.02338219212818662,15.64,0.01
260.724,7,-35.3587567,149.16684759999998,100.009,0.0009459097048415257,15.65,0.01
260.824,7,-35.3587425,149.16684759999998,100.005,-0.014015136297782914,15.65,0.01
260.924,7,-35.3587285,149.16684759999998,100.003,-0.028980312555485596,15.65,0.01
261.024,7,-35.3587144,149.16684759999998,100.004,-0.05253173862861515,15.65,0.01
261.124,7,-35.3587004,149.16684759999998,100.009,-0.07367030699594514,15.64,0.01
261.224,7,-35.358686399999996,149.16684759999998,100.016,-0.0957539761092492,15.63,0.0
261.324,7,-35.358672399999996,149.16684759999998,100.024,-0.1187219746271914,15.620000000000001,0.0
261.424,7,-35.3586585,149.16684759999998,100.031,-0.1424787999633106,15.610000000000001,0.0
261.524,7,-35.3586445,149.16684759999998,100.037,-0.13316235523434708,15.610000000000001,-0.01
261.624,7,-35.3586306,149.16684759999998,100.039,-0.08579316573109713,15.6,-0.01
261.724,7,-35.3586167,149.1668475,100.038,-0.03729675489095709,15.6,-0.01
261.824,7,-35.3586027,149.1668475,100.034,-0.019190587076861113,15.59,-0.01
261.924,7,-35.3585888,149.1668475,100.029,0.03093026152740482,15.6,-0.01
262.024,7,-35.3585748,149.1668475,100.022,0.0837782799362632,15.6,-0.01
262.125,7,-35.3585607,149.1668475,100.014,0.1099582282722568,15.6,-0.01
262.225,7,-35.3585468,149.1668474,100.007,0.13710704294408066,15.6,-0.01
262.325,7,-35.3585326,149.1668474,100.002,0.16576925144516483,15.610000000000001,-0.01
262.424,7,-35.358518499999995,149.1668474,99.997,0.15036922925962234,15.620000000000001,-0.01
262.524,7,-35.3585043,149.1668474,99.995,0.18872322272890338,15.63,-0.01
262.624,7,-35.3584902,149.1668474,99.994,0.21502986973997937,15.64,-0.01
262.724,7,-35.358475899999995,149.1668474,99.994,0.2539714862615063,15.65,-0.01
262.824,7,-35.3584617,149.1668474,99.996,0.2715837960470453,15.66,0.0
262.924,7,-35.3584476,149.1668473,100.0,0.24795739797560426,15.66,0.0
263.024,7,-35.3584335,149.1668473,100.006,0.23178903286928826,15.66,0.0
263.124,7,-35.3584195,149.1668473,100.011,0.22042337130676226,15.66,0.0
263.224,7,-35.358405499999996,149.1668474,100.015,0.1871776656455632,15.65,0.01
263.324,7,-35.358391499999996,149.1668473,100.018,0.16353147069769972,15.65,0.02
263.424,7,-35.358377499999996,149.1668473,100.019,0.12676240128097901,15.64,0.02
263.524,7,-35.358363499999996,149.1668473,100.02,0.11560711488097469,15.64,0.02
263.624,7,-35.358349499999996,149.1668473,100.02,0.11608129275997489,15.63,0.02
263.724,7,-35.358335499999995,149.1668474,100.02,0.09857246300840422,15.620000000000001,0.02
263.824,7,-35.358321499999995,149.1668474,100.018,0.05977547440853102,15.620000000000001,0.02
263.924,7,-35.358307499999995,149.1668474,100.016,0.01507063898086124,15.620000000000001,0.02
264.024,7,-35.358293499999995,149.1668474,100.013,-0.013721242229090658,15.620000000000001,0.02
264.125,7,-35.3582795,149.1668474,100.01,-0.05269259491965424,15.620000000000001,0.01
264.225,7,-35.3582654,149.1668474,100.007,-0.03666208090667481,15.610000000000001,0.01
264.325,7,-35.3582513,149.1668474,100.003,-0.05609523641561724,15.620000000000001,0.01
264.425,7,-35.3582372,149.1668474,99.997,-0.06655979992548419,15.63,0.01
264.524,7,-35.3582229,149.1668474,99.993,-0.0861755629431253,15.63,0.0
264.624,7,-35.3582088,149.1668474,99.992,-0.08135201531617485,15.64,0.01
264.724,7,-35.358194499999996,149.1668474,99.992,-0.061212055290055106,15.65,0.01
264.824,7,-35.358180399999995,149.1668474,99.992,0.002564750415757169,15.65,0.01
264.924,7,-35.3581661,149.1668474,99.992,0.006312392128827687,15.66,0.0
265.024,7,-35.358151899999996,149.1668474,99.992,-0.04372805501034514,15.67,0.0
265.124,7,-35.3581378,149.1668474,99.993,-0.08126333624877707,15.67,-0.01
265.224,7,-35.3581237,149.1668474,99.995,-0.12109330424922876,15.66,-0.02
265.324,7,-35.3581097,149.1668474,99.999,-0.1278556717752174,15.66,-0.03
265.424,7,-35.3580957,149.1668473,100.005,-0.07136208325255768,15.65,-0.03
265.524,7,-35.3580817,149.1668473,100.012,-0.004838536607151112,15.64,-0.03
265.624,7,-35.3580678,149.1668472,100.021,0.10203220728706691,15.64,-0.03
265.724,7,-35.3580538,149.1668472,100.028,0.2152039862029618,15.63,-0.03
265.824,7,-35.3580398,149.16684709999998,100.031,0.26842261908051945,15.63,-0.02
265.924,7,-35.3580259,149.16684709999998,100.029,0.35925933256492887,15.63,-0.02
266.024,7,-35.3580119,149.166847,100.023,0.41480627287688066,15.63,-0.02
266.124,7,-35.3579979,149.166847,100.016,0.47819632474884344,15.63,-0.01
266.225,7,-35.3579839,149.166847,100.009,0.5128338682164177,15.63,-0.01
266.325,7,-35.3579697,149.166847,100.005,0.4980464553024872,15.64,0.0
266.425,7,-35.3579556,149.1668469,100.003,0.4957725359174019,15.65,0.0
266.525,7,-35.3579414,149.1668469,100.003,0.49073116261884486,15.65,0.0
266.624,7,-35.3579272,149.1668469,100.004,0.4049857415108717,15.66,0.0
266.724,7,-35.357912999999996,149.1668469,100.008,0.34276229128523245,15.66,0.01
266.824,7,-35.3578988,149.1668469,100.013,0.3092674971627395,15.67,0.01
266.924,7,-35.3578846,149.1668469,100.018,0.25462219518208223,15.67,0.02
267.024,7,-35.357870399999996,149.166847,100.022,0.2994142289134821,15.67,0.03
267.124,7,-35.3578563,149.166847,100.024,0.28156702465351807,15.67,0.03
267.224,7,-35.3578423,149.166847,100.024,0.2010492595815434,15.67,0.03
267.324,7,-35.3578283,149.166847,100.022,0.1003861183568806,15.67,0.03
267.424,7,-35.3578142,149.166847,100.018,0.025922663981201004,15.66,0.02
267.524,7,-35.3578003,149.166847,100.012,-0.023844607274177722,15.65,0.02
267.624,7,-35.3577863,149.166847,100.008,-0.06459401945552296,15.65,0.02
267.724,7,-35.3577723,149.166847,100.006,-0.06573616182090264,15.64,0.01
267.824,7,-35.3577584,149.166847,100.006,-0.005737303874431167,15.64,0.01
267.924,7,-35.3577444,149.166847,100.009,0.0540876944081624,15.63,0.01
268.024,7,-35.3577304,149.166847,100.013,0.06949658116539133,15.620000000000001,0.01
268.124,7,-35.357716499999995,149.166847,100.018,0.09041270147723311,15.620000000000001,0.01
268.224,7,-35.357702499999995,149.166847,100.022,0.09834544592988724,15.610000000000001,0.01
268.325,7,-35.3576885,149.166847,100.025,0.13766419694932594,15.610000000000001,0.01
268.425,7,-35.3576744,149.166847,100.027,0.17770875561967767,15.610000000000001,0.02
268.525,7,-35.3576603,149.166847,100.025,0.13202560898521595,15.620000000000001,0.02
268.625,7,-35.3576462,149.166847,100.02,0.09318559152759301,15.620000000000001,0.01
268.724,7,-35.357631999999995,149.166847,100.015,0.10537834630992524,15.63,0.01
268.824,7,-35.3576179,149.166847,100.01,0.11275154885916723,15.64,0.01
268.924,7,-35.3576036,149.166847,100.007,0.05773729660141029,15.65,0.01
269.024,7,-35.357589499999996,149.166847,100.007,0.015031318702387388,15.65,0.01
269.124,7,-35.3575752,149.166847,100.008,-0.02257338000307542,15.66,0.01
269.224,7,-35.357561,149.166847,100.008,-0.006675756191640383,15.67,0.01
269.324,7,-35.357546899999996,149.166847,100.007,-0.00024030750043600819,15.67,0.01
269.424,7,-35.357532899999995,149.166847,100.007,0.041654592339250424,15.67,0.01
269.524,7,-35.3575188,149.166847,100.007,0.09217249571482293,15.67,0.01
269.624,7,-35.3575048,149.166847,100.009,0.12772293665365173,15.66,0.01
269.724,7,-35.3574908,149.166847,100.012,0.10704808743815535,15.66,0.02
269.824,7,-35.3574768,149.166847,100.014,0.07007319187162189,15.65,0.02
269.924,7,-35.3574629,149.166847,100.014,0.04258860403298314,15.65,0.03
270.024,7,-35.3574489,149.166847,100.014,0.03995558945331636,15.64,0.03
270.124,7,-35.3574349,149.166847,100.012,0.027792311539626295,15.64,0.03
270.224,7,-35.3574209,149.16684709999998,100.009,0.03548700822495494,15.64,0.03
270.324,7,-35.3574069,149.16684709999998,100.004,0.047061320727443595,15.64,0.03
270.425,7,-35.3573929,149.16684709999998,99.998,0.022084477863730682,15.64,0.02
270.525,7,-35.3573787,149.16684709999998,99.994,-0.009459703611235225,15.64,0.02
270.625,7,-35.3573646,149.16684709999998,99.995,-0.039952361121716476,15.64,0.02
270.725,7,-35.3573503,149.16684709999998,99.996,-0.0945562984362235,15.65,0.01
270.824,7,-35.3573362,149.16684709999998,99.998,-0.14493063777214682,15.65,0.01
270.924,7,-35.357321999999996,149.16684709999998,100.0,-0.18600924973024144,15.66,0.01
271.024,7,-35.3573078,149.16684709999998,100.0,-0.16753868398680802,15.66,0.01
271.124,7,-35.3572935,149.1668472,99.998,-0.11580228220042252,15.67,0.0
271.224,7,-35.3572793,149.1668472,99.994,-0.014505735979260238,15.68,0.01
271.324,7,-35.3572652,149.1668472,99.992,0.06996373542212979,15.68,0.01
271.424,7,-35.3572512,149.1668472,99.993,0.07864651335290933,15.68,0.01
271.524,7,-35.3572371,149.1668472,99.994,0.07614337575412528,15.67,0.01
271.624,7,-35.3572231,149.1668472,99.996,0.06451842046719002,15.67,0.02
271.724,7,-35.3572091,149.1668472,99.998,0.0454923382296844,15.67,0.01
271.824,7,-35.3571951,149.1668472,99.997,0.05059307214202901,15.67,0.01
271.924,7,-35.3571811,149.1668472,99.994,0.07242040905825925,15.66,0.01
272.024,7,-35.3571671,149.1668472,99.99000000000001,0.07453933517601687,15.66,0.01
272.124,7,-35.3571532,149.1668472,99.988,0.11857908760336326,15.66,0.01
272.224,7,-35.3571392,149.1668473,99.98700000000001,0.1462681675704925,15.65,0.01
272.324,7,-35.3571252,149.1668473,99.986,0.16909208511552312,15.65,0.02
272.424,7,-35.3571112,149.1668473,99.986,0.14878506559921575,15.65,0.02
272.525,7,-35.357096999999996,149.1668473,99.98400000000001,0.09631715322076452,15.65,0.02
272.625,7,-35.357082999999996,149.1668473,99.97800000000001,0.03940138030013999,15.65,0.02
272.725,7,-35.3570688,149.1668473,99.97,-0.027491264615356704,15.66,0.02
272.824,7,-35.3570547,149.1668473,99.962,-0.08066554795405552,15.66,0.02
272.924,7,-35.3570405,149.1668473,99.958,-0.14106276301014942,15.68,0.02
273.024,7,-35.3570263,149.1668474,99.95700000000001,-0.16540195535450475,15.68,0.02
273.124,7,-35.357012,149.1668474,99.962,-0.14474192711589876,15.69,0.02
273.224,7,-35.356997799999995,149.1668474,99.971,-0.11213074869663654,15.69,0.01
273.324,7,-35.3569835,149.1668474,99.982,-0.08686166344938101,15.69,0.01
273.424,7,-35.356969299999996,149.1668474,99.994,-0.03223871633103166,15.69,0.0
273.524,7,-35.3569552,149.1668474,100.003,0.0011001824964348061,15.68,0.0
273.624,7,-35.3569411,149.1668474,100.009,-0.017634774704606008,15.68,0.0
273.724,7,-35.3569271,149.1668474,100.012,-0.017142382431976886,15.68,0.0
273.824,7,-35.3569131,149.1668474,100.013,-0.03756160481417359,15.67,0.0
273.924,7,-35.3568991,149.1668474,100.011,-0.028666610771447637,15.67,0.0
274.024,7,-35.3568851,149.1668474,100.007,-0.031089486977377435,15.67,0.0
274.124,7,-35.3568711,149.1668474,100.002,0.015303412361383804,15.66,-0.01
274.224,7,-35.3568571,149.1668473,99.997,0.05738875018043468,15.66,-0.01
274.324,7,-35.3568431,149.1668473,99.991,0.10585742004717817,15.65,-0.01
274.424,7,-35.3568291,149.1668473,99.986,0.12399744198738,15.65,-0.01
274.524,7,-35.3568151,149.1668473,99.98400000000001,0.14646705680942945,15.65,-0.01
274.625,7,-35.356801,149.1668473,99.985,0.1527025526141883,15.64,-0.01
274.725,7,-35.3567868,149.1668472,99.992,0.1445166109145677,15.65,-0.01
274.825,7,-35.3567727,149.1668472,100.001,0.1637937259494444,15.65,-0.01
274.924,7,-35.3567585,149.1668472,100.008,0.1864331083249657,15.65,-0.01
275.024,7,-35.356744299999995,149.1668472,100.013,0.22076938975733215,15.66,-0.01
275.124,7,-35.3567301,149.1668472,100.017,0.24356270485322998,15.67,-0.01
275.224,7,-35.3567159,149.16684709999998,100.019,0.2771713977162182,15.68,-0.01
275.324,7,-35.3567016,149.16684709999998,100.019,0.289110541704974,15.68,0.0
275.424,7,-35.3566874,149.16684709999998,100.018,0.31546130480117746,15.69,0.0
275.524,7,-35.3566733,149.16684709999998,100.013,0.3196105380002544,15.69,0.0
275.624,7,-35.356659199999996,149.16684709999998,100.007,0.3014550680931407,15.69,0.01
275.724,7,-35.356645199999996,149.16684709999998,100.002,0.2962523582558686,15.69,0.01
275.824,7,-35.356631199999995,149.16684709999998,99.998,0.29341201341734824,15.68,0.01
275.924,7,-35.356617199999995,149.16684709999998,99.996,0.24211542512070128,15.67,0.02
276.024,7,-35.356603199999995,149.16684709999998,99.996,0.1733948374883667,15.67,0.02
276.124,7,-35.3565892,149.16684709999998,99.998,0.09216379122569514,15.66,0.01
276.224,7,-35.3565752,149.16684709999998,100.002,0.03576707266135191,15.65,0.01
276.324,7,-35.3565612,149.16684709999998,100.004,0.03360296324140907,15.64,0.01
276.424,7,-35.3565472,149.16684709999998,100.005,0.026192669896828072,15.64,0.01
276.524,7,-35.356533299999995,149.16684709999998,100.005,0.053414080341483115,15.63,0.01
276.625,7,-35.356519299999995,149.16684709999998,100.005,0.0348037725294888,15.63,0.02
276.725,7,-35.356505,149.16684709999998,100.003,0.009733170478430251,15.63,0.02
276.825,7,-35.3564909,149.16684709999998,100.001,-0.00311660022716061,15.63,0.02
276.925,7,-35.3564767,149.16684709999998,99.999,-0.008400084638614377,15.64,0.01
277.024,7,-35.3564626,149.16684709999998,100.0,-0.02712592620098705,15.65,0.01
277.124,7,-35.3564483,149.16684709999998,100.004,-0.04536074036129595,15.65,0.01
277.224,7,-35.356434199999995,149.16684709999998,100.009,-0.05381157533982604,15.66,0.01
277.324,7,-35.3564199,149.16684709999998,100.015,-0.04071084895997176,15.66,0.01
277.424,7,-35.3564058,149.16684709999998,100.02,-0.040417067449328575,15.66,0.01
277.524,7,-35.356391699999996,149.16684709999998,100.024,-0.050394669820874684,15.66,0.02
277.624,7,-35.3563776,149.16684709999998,100.026,-0.04342462852554196,15.65,0.02
277.724,7,-35.3563636,149.1668472,100.025,-0.04166752901102312,15.65,0.03
277.824,7,-35.3563496,149.1668472,100.023,-0.033984106473394296,15.64,0.03
277.924,7,-35.356335699999995,149.1668472,100.021,-0.026533507342087616,15.64,0.03
278.024,7,-35.356321699999995,149.1668472,100.021,0.01796035428099211,15.63,0.03
278.124,7,-35.356307699999995,149.1668472,100.022,0.035774833330394204,15.63,0.03
278.224,7,-35.356293799999996,149.1668473,100.025,0.01178972276173857,15.620000000000001,0.03
278.324,7,-35.356279799999996,149.1668473,100.028,-0.048541334008167424,15.610000000000001,0.03
278.424,7,-35.3562659,149.1668473,100.032,-0.07489216380543695,15.610000000000001,0.03
278.524,7,-35.3562519,149.1668473,100.035,-0.06981171702235073,15.610000000000001,0.02
278.624,7,-35.356238,149.1668474,100.035,-0.07035936612567485,15.610000000000001,0.02
278.725,7,-35.356224,149.1668474,100.032,-0.0818437489157761,15.610000000000001,0.02
278.825,7,-35.356209899999996,149.1668474,100.027,-0.08999515947346981,15.6,0.01
278.925,7,-35.3561958,149.1668474,100.02,-0.095837145668586,15.610000000000001,0.01
279.02500000000003,7,-35.3561817,149.1668474,100.01,-0.08639672366803751,15.620000000000001,0.0
279.124,7,-35.3561675,149.1668474,100.001,-0.09777844684728362,15.63,0.0
279.224,7,-35.356153299999995,149.1668474,99.994,-0.10681275940680064,15.64,0.0
279.324,7,-35.3561391,149.1668474,99.988,-0.12230304814511438,15.65,0.0
279.424,7,-35.3561249,149.1668474,99.986,-0.1100512162285255,15.66,0.0
279.524,7,-35.356110699999995,149.1668474,99.988,-0.06520025210521448,15.67,0.0
279.624,7,-35.3560965,149.1668474,99.989,-0.01747153051540006,15.68,0.0
279.724,7,-35.3560823,149.1668474,99.991,0.0221528614642368,15.68,0.0
279.824,7,-35.3560683,149.1668474,99.992,0.025948315543701566,15.68,0.0
279.924,7,-35.356054199999996,149.1668474,99.994,0.0041263418100685074,15.67,0.0
280.024,7,-35.356040199999995,149.1668474,99.996,0.037524182181030666,15.66,0.0
280.124,7,-35.356026199999995,149.1668474,99.999,0.09162456646702113,15.66,0.0
280.224,7,-35.356012199999995,149.1668474,100.003,0.1293865412837994,15.65,0.0
280.324,7,-35.3559982,149.1668474,100.003,0.1511499252178401,15.64,0.01
280.424,7,-35.3559842,149.1668474,100.002,0.16518304245552054,15.64,0.01
280.524,7,-35.355970299999996,149.1668474,99.999,0.1855301092919224,15.63,0.02
280.624,7,-35.355956299999995,149.1668474,99.996,0.17997052207051714,15.63,0.02
280.724,7,-35.355942299999995,149.1668474,99.993,0.12148994880897873,15.63,0.02
280.825,7,-35.355928299999995,149.1668475,99.989,0.0675273989410583,15.63,0.02
280.925,7,-35.355914,149.1668475,99.986,0.033130249450810056,15.63,0.02
281.02500000000003,7,-35.3558999,149.1668475,99.98400000000001,-0.0003409416917304511,15.63,0.02
281.125,7,-35.3558857,149.1668475,99.983,-0.029488497973043717,15.64,0.02
281.224,7,-35.3558716,149.1668475,99.98100000000001,-0.060626073084035614,15.65,0.01
281.324,7,-35.3558573,149.1668475,99.979,-0.08686832688588574,15.66,0.01
281.424,7,-35.3558431,149.1668475,99.97800000000001,-0.09254844960386453,15.66,0.01
281.524,7,-35.3558289,149.1668475,99.979,-0.08980363403223177,15.67,0.01
281.624,7,-35.355814699999996,149.1668475,99.98100000000001,-0.09306711042385576,15.67,0.0
281.724,7,-35.355800599999995,149.1668475,99.983,-0.11440577531941935,15.67,0.0
281.824,7,-35.3557866,149.1668475,99.985,-0.14518328807037117,15.67,0.0
281.924,7,-35.3557725,149.1668475,99.988,-0.16200988597752072,15.66,0.0
282.024,7,-35.3557585,149.1668475,99.992,-0.14405906828145618,15.66,0.0
282.124,7,-35.3557445,149.1668475,99.997,-0.11606384376107963,15.66,0.0
282.224,7,-35.3557305,149.1668475,100.001,-0.09863654272261936,15.65,0.0
282.324,7,-35.3557166,149.1668475,100.002,-0.06984312655438353,15.64,0.0
282.424,7,-35.3557026,149.1668475,99.999,-0.027094344913709007,15.64,0.0
282.524,7,-35.3556886,149.1668475,99.995,0.011899194218970545,15.63,0.0
282.624,7,-35.3556747,149.1668475,99.992,0.036560255059146084,15.63,0.0
282.724,7,-35.3556607,149.1668475,99.991,0.021407945625408938,15.620000000000001,0.0
282.824,7,-35.3556467,149.1668475,99.992,-0.013576950314057507,15.620000000000001,0.0
282.925,7,-35.3556327,149.1668475,99.992,-0.03170881971645363,15.610000000000001,0.0
283.02500000000003,7,-35.3556186,149.1668475,99.992,-0.02456974624690296,15.610000000000001,0.0
283.125,7,-35.3556045,149.1668475,99.99000000000001,-0.029153902080045736,15.620000000000001,0.0
283.224,7,-35.3555904,149.1668475,99.98700000000001,-0.008046885818277364,15.620000000000001,0.0
283.324,7,-35.3555762,149.1668475,99.98400000000001,0.04926312291984712,15.63,0.01
283.424,7,-35.355562,149.1668475,99.98,0.1182642052104551,15.64,0.01
283.524,7,-35.3555478,149.1668475,99.97800000000001,0.13758150096755856,15.65,0.02
283.624,7,-35.3555336,149.1668475,99.98,0.12385548877847745,15.65,0.02
283.724,7,-35.3555194,149.1668475,99.985,0.06113330801140162,15.66,0.03
283.824,7,-35.355505199999996,149.1668475,99.99000000000001,-0.020859407730378858,15.67,0.02
283.924,7,-35.3554911,149.16684759999998,99.995,-0.0806560764026674,15.66,0.02
284.024,7,-35.355477,149.16684759999998,100.001,-0.1336231929001246,15.66,0.02
284.124,7,-35.355463,149.16684759999998,100.006,-0.15391788605941423,15.66,0.01
284.224,7,-35.355449,149.16684759999998,100.008,-0.18578953641846388,15.65,0.0
284.324,7,-35.355435,149.16684759999998,100.009,-0.20776692405302286,15.64,0.0
284.424,7,-35.355421,149.16684759999998,100.007,-0.20270627414635908,15.64,0.0
284.524,7,-35.355407,149.16684759999998,100.006,-0.1978518772763312,15.64,-0.01
284.624,7,-35.3553931,149.16684759999998,100.003,-0.15940758390374585,15.64,-0.01
284.724,7,-35.3553791,149.16684759999998,100.001,-0.15871542694068705,15.63,-0.01
284.824,7,-35.3553651,149.1668475,99.998,-0.10467949255982864,15.64,-0.01
284.924,7,-35.3553511,149.1668475,99.997,-0.03453008471501227,15.63,-0.02
285.02500000000003,7,-35.355337,149.1668475,99.996,0.016632824639983484,15.63,-0.02
285.125,7,-35.3553229,149.1668474,99.996,0.06070414001181474,15.64,-0.02
285.225,7,-35.355308799999996,149.1668474,99.996,0.11544751256997852,15.64,-0.02
285.324,7,-35.3552946,149.1668473,99.997,0.15576969441770747,15.65,-0.02
285.424,7,-35.3552804,149.1668473,99.999,0.199202773968326,15.66,-0.01
285.524,7,-35.355266199999996,149.1668472,100.0,0.21417261429807666,15.67,-0.01
285.624,7,-35.355252,149.1668472,99.999,0.259981545803015,15.67,-0.01
285.724,7,-35.355237699999996,149.1668472,99.997,0.2667966872125126,15.68,-0.01
285.824,7,-35.3552235,149.1668472,99.995,0.28177385131932253,15.68,-0.01
285.924,7,-35.3552094,149.16684709999998,99.993,0.28586294683719166,15.68,-0.01
286.024,7,-35.3551953,149.16684709999998,99.99000000000001,0.32240621980490525,15.68,-0.01
286.124,7,-35.3551813,149.16684709999998,99.988,0.3533720296654952,15.68,-0.01
286.224,7,-35.3551673,149.166847,99.989,0.34346110501468935,15.67,0.0
286.324,7,-35.3551533,149.166847,99.993,0.32335916459625424,15.66,0.0
286.424,7,-35.3551393,149.166847,99.996,0.25536780637952433,15.66,0.0
286.524,7,-35.3551254,149.166847,100.001,0.19678772846755793,15.65,0.0
286.624,7,-35.3551114,149.166847,100.006,0.19681657000854536,15.65,0.0
286.724,7,-35.3550974,149.166847,100.008,0.21539763273810225,15.64,0.0
286.824,7,-35.3550834,149.166847,100.008,0.247135454078102,15.64,0.01
286.924,7,-35.3550694,149.166847,100.008,0.264747523739803,15.63,0.02
287.024,7,-35.3550555,149.166847,100.008,0.27890727962160633,15.63,0.03
287.125,7,-35.355041299999996,149.166847,100.009,0.2524561447611155,15.63,0.04
287.225,7,-35.355027299999996,149.166847,100.01,0.2098557613198567,15.63,0.04
287.325,7,-35.3550132,149.166847,100.012,0.13126105468499766,15.64,0.05
287.424,7,-35.3549991,149.166847,100.014,0.10173167229347974,15.64,0.05
287.524,7,-35.3549849,149.16684709999998,100.017,0.06372725911169907,15.65,0.05
287.624,7,-35.354970699999996,149.16684709999998,100.021,0.02222153521438051,15.65,0.06
287.724,7,-35.3549565,149.1668472,100.021,-0.035754883041519685,15.66,0.06
287.824,7,-35.3549423,149.1668472,100.018,-0.1309104738815056,15.67,0.05
287.924,7,-35.354928099999995,149.1668473,100.016,-0.23586452136967026,15.67,0.05
288.024,7,-35.354914,149.1668473,100.014,-0.3215928670047184,15.67,0.05
288.124,7,-35.3549,149.1668473,100.013,-0.4018118379809314,15.67,0.04
288.224,7,-35.3548859,149.1668474,100.011,-0.38193932254949997,15.67,0.03
288.324,7,-35.3548719,149.1668474,100.008,-0.33235524410467504,15.67,0.02
288.424,7,-35.3548579,149.1668474,100.006,-0.3009378947069238,15.67,0.02
288.524,7,-35.3548439,149.1668474,100.005,-0.3378372980068301,15.66,0.01
288.624,7,-35.3548299,149.1668474,100.006,-0.2993737813869909,15.66,0.0
288.724,7,-35.3548159,149.1668474,100.009,-0.2690589472512413,15.66,0.0
288.824,7,-35.3548018,149.1668474,100.014,-0.22717465311556284,15.65,0.0
288.924,7,-35.3547878,149.1668473,100.018,-0.15865279463960655,15.65,0.0
289.024,7,-35.3547738,149.1668473,100.021,-0.09663066824181736,15.64,0.0
289.125,7,-35.3547598,149.1668473,100.023,-0.005349800278910368,15.64,0.0
289.225,7,-35.3547456,149.1668473,100.024,0.11286412691855344,15.63,0.0
289.325,7,-35.3547315,149.1668473,100.023,0.16407024188912414,15.64,0.0
289.425,7,-35.3547173,149.1668473,100.019,0.18449807037637614,15.65,0.0
289.524,7,-35.3547031,149.1668473,100.015,0.18812714198147432,15.66,0.0
289.624,7,-35.3546889,149.1668473,100.009,0.20305478721680162,15.66,0.01
289.724,7,-35.3546747,149.1668473,100.004,0.12849466798858383,15.67,0.01
289.824,7,-35.3546604,149.1668473,100.002,0.060891483296207465,15.67,0.01
289.924,7,-35.3546462,149.1668473,100.003,0.05446510571549858,15.68,0.01
290.024,7,-35.354631999999995,149.1668473,100.009,0.04852351815340854,15.68,0.0
290.124,7,-35.3546179,149.1668473,100.016,0.04397302134575324,15.68,0.01
290.224,7,-35.3546038,149.1668473,100.022,0.0550061113926378,15.68,0.01
290.324,7,-35.3545897,149.1668473,100.027,0.05481132426926682,15.67,0.01
290.424,7,-35.3545757,149.1668473,100.028,0.05929830165166232,15.66,0.0
290.524,7,-35.3545617,149.1668473,100.027,0.030308597586067958,15.66,0.0
290.624,7,-35.3545477,149.1668473,100.023,0.03400274275126638,15.65,0.0
290.724,7,-35.3545337,149.1668473,100.016,0.0007607715681165537,15.65,0.0
290.824,7,-35.3545198,149.1668473,100.006,0.001366899945282066,15.64,0.0
290.924,7,-35.3545058,149.1668473,99.996,-0.03031121560291291,15.64,0.0
291.024,7,-35.3544918,149.1668473,99.98700000000001,-0.08180348148216343,15.63,0.0
291.124,7,-35.3544778,149.1668473,99.979,-0.09894246049224188,15.63,-0.01
291.225,7,-35.3544638,149.1668473,99.97500000000001,-0.057506304139352954,15.63,-0.02
291.325,7,-35.354449599999995,149.1668473,99.973,0.016254279414523377,15.63,-0.02
291.425,7,-35.3544355,149.1668473,99.974,0.09300009586273163,15.63,-0.02
291.52500000000003,7,-35.3544213,149.1668472,99.97500000000001,0.1583720898729749,15.64,-0.02
291.624,7,-35.354407099999996,149.1668472,99.976,0.195085050352881,15.64,-0.02
291.724,7,-35.3543929,149.16684709999998,99.977,0.19611560850475956,15.65,-0.02
291.824,7,-35.3543787,149.16684709999998,99.97500000000001,0.24209658873963086,15.66,-0.01
291.924,7,-35.354364499999996,149.16684709999998,99.971,0.3290487922161542,15.66,-0.01
292.024,7,-35.3543503,149.16684709999998,99.967,0.3505283230932427,15.67,0.0
292.124,7,-35.3543362,149.166847,99.96600000000001,0.3234172478846258,15.68,0.0
292.224,7,-35.3543221,149.166847,99.967,0.3135796944065447,15.68,0.0
292.324,7,-35.3543081,149.166847,99.971,0.30130635139613426,15.68,0.0
292.424,7,-35.3542941,149.166847,99.97800000000001,0.2574501336223055,15.67,0.01
292.524,7,-35.3542801,149.166847,99.985,0.22323013882860115,15.67,0.01
292.624,7,-35.3542661,149.166847,99.993,0.2244409499415446,15.66,0.01
292.724,7,-35.3542521,149.166847,99.999,0.2147851435284093,15.66,0.01
292.824,7,-35.3542382,149.166847,100.002,0.19196477448009588,15.65,0.01
292.924,7,-35.3542242,149.166847,100.003,0.15137805620416117,15.65,0.01
293.024,7,-35.3542102,149.166847,100.002,0.09894544870000377,15.65,0.01
293.124,7,-35.3541962,149.166847,100.0,0.034217923725601535,15.64,0.01
293.224,7,-35.3541822,149.166847,100.0,0.012881277371051192,15.64,0.01
293.325,7,-35.3541682,149.166847,100.002,0.04179417432525264,15.63,0.01
293.425,7,-35.354154099999995,149.166847,100.006,0.09896926098060625,15.63,0.01
293.52500000000003,7,-35.35414,149.166847,100.011,0.13780101417613777,15.63,0.01
293.625,7,-35.3541259,149.166847,100.013,0.15342113653964123,15.63,0.01
293.724,7,-35.3541117,149.166847,100.014,0.14485202389562554,15.64,0.01
293.824,7,-35.3540975,149.166847,100.012,0.1268159088762152,15.64,0.01
293.924,7,-35.3540833,149.166847,100.007,0.12125015847630104,15.65,0.01
294.024,7,-35.3540691,149.166847,100.002,0.10574430837926306,15.66,0.01
294.124,7,-35.3540549,149.166847,99.999,0.10685168614898442,15.66,0.0
294.224,7,-35.3540407,149.166847,99.998,0.0999532284378046,15.66,0.01
294.324,7,-35.3540266,149.166847,100.0,0.12493579258546339,15.66,0.01
294.424,7,-35.3540126,149.166847,100.005,0.12904507184593844,15.65,0.01
294.524,7,-35.3539986,149.166847,100.014,0.13806897903914175,15.64,0.01
294.624,7,-35.3539846,149.166847,100.024,0.15937952943533856,15.64,0.01
294.724,7,-35.3539706,149.166847,100.031,0.1576255848812469,15.63,0.01
294.824,7,-35.3539566,149.166847,100.036,0.16322168426624262,15.620000000000001,0.01
294.924,7,-35.3539427,149.166847,100.036,0.16197632200105244,15.620000000000001,0.02
295.024,7,-35.3539287,149.166847,100.033,0.1299121857054127,15.610000000000001,0.02
295.124,7,-35.3539148,149.166847,100.027,0.10767573113006927,15.610000000000001,0.02
295.224,7,-35.3539008,149.166847,100.021,0.0871859106719715,15.610000000000001,0.02
295.324,7,-35.3538869,149.16684709999998,100.015,0.050846756306778124,15.610000000000001,0.02
295.425,7,-35.3538728,149.16684709999998,100.008,0.016606464378655466,15.610000000000001,0.02
295.52500000000003,7,-35.353858699999996,149.16684709999998,100.002,-0.009897882924854022,15.610000000000001,0.02
295.625,7,-35.353844599999995,149.16684709999998,99.998,-0.04693012306545183,15.620000000000001,0.02
295.724,7,-35.3538304,149.16684709999998,99.994,-0.0705053747593971,15.63,0.02
295.824,7,-35.3538163,149.16684709999998,99.992,-0.0877744275185033,15.63,0.02
295.924,7,-35.353802,149.16684709999998,99.993,-0.11863494307612663,15.64,0.01
296.024,7,-35.3537879,149.16684709999998,99.993,-0.1567562432061644,15.65,0.01
296.124,7,-35.3537736,149.16684709999998,99.994,-0.1388753148871735,15.67,0.01
296.224,7,-35.353759499999995,149.16684709999998,99.994,-0.10667666922160947,15.67,0.01
296.324,7,-35.3537454,149.16684709999998,99.993,-0.07914968618534902,15.68,0.01
296.424,7,-35.3537313,149.16684709999998,99.992,-0.07511753336762092,15.68,0.0
296.524,7,-35.3537172,149.16684709999998,99.99000000000001,-0.06948555547916278,15.67,0.0
296.624,7,-35.3537032,149.16684709999998,99.989,-0.08170695169928412,15.67,-0.01
296.724,7,-35.3536892,149.16684709999998,99.98700000000001,-0.06554807148456944,15.66,-0.02
296.824,7,-35.3536752,149.166847,99.98700000000001,0.0108963345185589,15.66,-0.02
296.924,7,-35.3536613,149.166847,99.99000000000001,0.1023101706398813,15.65,-0.01
297.024,7,-35.3536473,149.166847,99.996,0.18609481385785173,15.64,-0.01
297.124,7,-35.3536333,149.166847,100.002,0.27644899848978355,15.64,0.0
297.224,7,-35.3536193,149.1668469,100.008,0.32877459747357524,15.64,0.0
297.324,7,-35.3536053,149.1668469,100.01,0.34726181180311055,15.63,0.0
297.424,7,-35.3535913,149.1668469,100.01,0.3370456897541962,15.63,0.0
297.52500000000003,7,-35.3535772,149.1668469,100.008,0.3526936531426954,15.63,0.0
297.625,7,-35.353563199999996,149.1668469,100.003,0.3587486958831911,15.63,0.01
297.725,7,-35.353549099999995,149.166847,99.996,0.37356692468966596,15.64,0.02
297.824,7,-35.3535349,149.166847,99.98700000000001,0.34996688687955296,15.65,0.02
297.924,7,-35.3535207,149.166847,99.97800000000001,0.27697863163515046,15.66,0.02
298.024,7,-35.3535065,149.166847,99.96900000000001,0.1875969618873653,15.67,0.02
298.124,7,-35.3534923,149.166847,99.96000000000001,0.15694240588168692,15.68,0.02
298.224,8,-35.3534781,149.166847,99.953,0.09441934780727945,15.69,0.02
298.324,8,-35.3534639,149.166847,99.949,0.06724097122295412,15.69,0.02
298.424,8,-35.3534498,149.166847,99.95100000000001,0.45148985820727044,15.69,0.0
298.524,8,-35.3534357,149.166847,99.95700000000001,2.275588939450584,15.69,-0.01
298.624,8,-35.3534216,149.166847,99.965,6.611016510396682,15.69,0.03
298.724,8,-35.3534076,149.16684709999998,99.974,13.44285645175446,15.68,0.24
298.824,8,-35.3533936,149.16684759999998,99.982,21.714732069695884,15.66,0.63
298.924,8,-35.3533796,149.16684859999998,99.98400000000001,30.160264393511234,15.64,1.17
299.024,8,-35.3533656,149.1668502,99.974,37.420113443452806,15.610000000000001,1.82
299.124,8,-35.353351599999996,149.1668527,99.94500000000001,42.52989065966065,15.6,2.54
299.224,8,-35.3533377,149.166856,99.904,45.33363891772128,15.59,3.37
299.324,8,-35.3533237,149.1668602,99.86500000000001,46.267055984789806,15.55,4.3
299.424,8,-35.3533098,149.1668656,99.84100000000001,45.932199130540766,15.47,5.29
299.52500000000003,8,-35.353296,149.1668721,99.848,45.09310697591011,15.31,6.3100000000000005
299.625,8,-35.353282199999995,149.16687969999998,99.889,44.3042064663953,15.08,7.3
299.725,8,-35.3532687,149.1668885,99.96600000000001,43.73089746293736,14.790000000000001,8.21
299.825,8,-35.353255499999996,149.1668981,100.068,43.4288869884069,14.47,9.03
299.924,8,-35.3532424,149.1669087,100.186,43.32820316985174,14.14,9.76
300.024,8,-35.3532298,149.16692,100.309,43.39170685365993,13.8,10.41
300.124,8,-35.3532173,149.1669321,100.434,43.59003164149501,13.47,11.0
300.224,8,-35.3532053,149.1669447,100.55,43.8482571883511,13.15,11.52
300.324,8,-35.353193399999995,149.1669578,100.651,44.14707454944457,12.86,11.99
300.424,8,-35.353181899999996,149.1669714,100.73100000000001,44.41657332352577,12.56,12.43
300.524,8,-35.3531707,149.1669854,100.787,44.5302686524498,12.24,12.85
300.624,8,-35.3531598,149.16699979999999,100.82300000000001,44.589103901960286,11.91,13.280000000000001
300.724,8,-35.3531493,149.1670146,100.843,44.58523459979548,11.52,13.73
300.824,8,-35.3531392,149.1670299,100.852,44.55464218250299,11.08,14.22
300.924,8,-35.3531295,149.1670457,100.85600000000001,44.52993055808588,10.6,14.71
301.024,8,-35.3531203,149.16706209999998,100.85900000000001,44.539485992734726,10.09,15.21
301.124,8,-35.3531115,149.167079,100.864,44.536067483055135,9.52,15.71
301.224,8,-35.3531033,149.1670964,100.875,44.55665367321355,8.93,16.2
301.324,8,-35.353095599999996,149.1671144,100.892,44.573192976288745,8.33,16.67
301.424,8,-35.3530884,149.16713289999998,100.913,44.600947449981085,7.71,17.11
301.524,8,-35.3530818,149.1671519,100.94,44.61876058333648,7.08,17.52
301.625,8,-35.3530758,149.1671713,100.96900000000001,44.473868365378415,6.44,17.91
301.725,8,-35.3530702,149.1671915,100.997,44.077512487842576,5.82,18.27
301.825,9,-35.353065199999996,149.16721189999998,101.024,43.36701571981034,5.22,18.580000000000002
301.925,9,-35.3530608,149.1672327,101.049,42.33019983399157,4.64,18.86
302.024,9,-35.3530568,149.1672538,101.07000000000001,41.21505192367652,4.08,19.1
302.124,9,-35.3530533,149.16727509999998,101.08800000000001,40.53098457263764,3.5700000000000003,19.29
302.224,9,-35.3530503,149.1672966,101.10000000000001,40.56088714082396,3.0700000000000003,19.45
302.324,9,-35.3530477,149.1673183,101.101,41.186167053676535,2.57,19.6
302.424,9,-35.3530456,149.1673401,101.08800000000001,42.19532067335675,2.0300000000000002,19.77
302.524,9,-35.3530441,149.1673619,101.062,43.250390239732376,1.45,19.93
302.624,9,-35.353043,149.1673839,101.023,44.10923188634811,0.8300000000000001,20.11
302.724,9,-35.353042599999995,149.1674059,100.977,44.66736420947029,0.16,20.29
302.824,9,-35.353042699999996,149.1674282,100.929,44.92890239807384,-0.56,20.47
302.924,9,-35.3530436,149.1674507,100.887,44.97578140144222,-1.33,20.64
303.024,9,-35.3530452,149.16747329999998,100.85300000000001,44.93140224731006,-2.15,20.78
303.124,9,-35.353047499999995,149.167496,100.831,44.80830857808809,-2.97,20.88
303.224,9,-35.3530504,149.1675189,100.818,44.71709140172257,-3.79,20.94
303.324,9,-35.353054199999995,149.16754179999998,100.816,44.64555883054503,-4.6000000000000005,20.97
303.424,9,-35.3530587,149.16756469999999,100.822,44.65525086897728,-5.41,20.96
303.524,9,-35.353063899999995,149.1675876,100.83500000000001,44.7290886289997,-6.19,20.92
303.624,9,-35.3530698,149.1676105,100.851,44.77870312313067,-6.94,20.85
303.725,9,-35.3530763,149.1676333,100.867,44.8085339743307,-7.66,20.76
303.825,9,-35.3530836,149.16765619999998,100.879,44.799374690653714,-8.35,20.650000000000002
303.925,9,-35.3530914,149.167679,100.881,44.76720791475754,-9.01,20.53
304.02500000000003,9,-35.3530999,149.1677016,100.878,44.75984497083226,-9.65,20.400000000000002
304.124,9,-35.353108899999995,149.16772419999998,100.866,44.7743010662106,-10.290000000000001,20.25
304.224,9,-35.3531185,149.1677466,100.849,44.793743199683036,-10.94,20.07
304.324,9,-35.3531288,149.1677689,100.82600000000001,44.81355416337066,-11.6,19.87
304.424,9,-35.3531396,149.1677908,100.8,44.82042533367569,-12.280000000000001,19.64
304.524,9,-35.353151,149.1678125,100.772,44.78506202924795,-12.96,19.37
304.624,9,-35.353163099999996,149.1678339,100.745,44.74786823412265,-13.64,19.080000000000002
304.724,9,-35.3531756,149.1678547,100.723,44.76495053723685,-14.31,18.76
304.824,9,-35.3531888,149.1678752,100.705,44.801526200242265,-14.99,18.400000000000002
304.924,9,-35.3532025,149.16789509999998,100.691,44.814886050258814,-15.64,18.01
305.024,9,-35.3532167,149.1679146,100.681,44.79493848278779,-16.28,17.6
305.124,9,-35.3532315,149.1679336,100.675,44.76194525400204,-16.89,17.18
305.224,9,-35.353246899999995,149.16795209999998,100.67,44.74079215814251,-17.490000000000002,16.740000000000002
305.324,9,-35.353262799999996,149.1679701,100.669,44.72340591161025,-18.05,16.28
305.424,9,-35.3532791,149.1679877,100.667,44.720769458590624,-18.59,15.81
305.524,9,-35.353296,149.16800469999998,100.663,44.74962359273934,-19.11,15.33
305.624,9,-35.353313299999996,149.1680212,100.655,44.80291272864378,-19.6,14.84
305.724,9,-35.353331,149.1680372,100.643,44.77415080204886,-20.080000000000002,14.34
305.825,9,-35.3533492,149.16805259999998,100.63,44.79733246409188,-20.55,13.82
305.925,9,-35.3533682,149.1680677,100.61,44.82966999471731,-21.03,13.27
306.02500000000003,9,-35.3533873,149.1680821,100.59,44.844652014661726,-21.48,12.71
306.125,9,-35.353407,149.1680959,100.569,44.821695748861316,-21.93,12.120000000000001
306.224,9,-35.3534271,149.168109,100.55,44.82490252267664,-22.36,11.52
306.324,9,-35.353447599999996,149.16812149999998,100.53,44.85857877037938,-22.77,10.91
306.424,9,-35.3534684,149.1681332,100.511,44.89938915067021,-23.150000000000002,10.27
306.524,9,-35.353489599999996,149.1681443,100.489,44.92571269973144,-23.52,9.620000000000001
306.624,9,-35.3535111,149.16815459999998,100.47,44.9521421167248,-23.87,8.94
306.724,9,-35.3535326,149.16816409999998,100.45700000000001,44.9341035871268,-24.18,8.25
306.824,9,-35.3535545,149.16817279999998,100.449,44.89672196179932,-24.46,7.5600000000000005
306.924,9,-35.3535764,149.1681807,100.44500000000001,44.865607035035325,-24.71,6.86
307.024,9,-35.3535986,149.1681878,100.44200000000001,44.86966075230773,-24.92,6.16
307.124,9,-35.353620899999996,149.1681941,100.441,44.86714382759858,-25.11,5.46
307.224,9,-35.353643399999996,149.1681997,100.441,44.866901355883044,-25.28,4.75
307.324,9,-35.353666,149.1682045,100.441,44.889557093359976,-25.42,4.04
307.424,9,-35.3536888,149.16820859999999,100.438,44.89539007491117,-25.54,3.3200000000000003
307.524,9,-35.3537116,149.1682118,100.434,44.885346281736666,-25.62,2.61
307.624,9,-35.3537345,149.1682143,100.429,44.87577718670948,-25.69,1.8900000000000001
307.724,9,-35.3537575,149.1682159,100.421,44.877245677381026,-25.73,1.17
307.824,9,-35.3537805,149.16821679999998,100.413,44.884021225037685,-25.75,0.45
307.925,9,-35.3538038,149.1682169,100.404,44.88615224405873,-25.75,-0.27
308.02500000000003,9,-35.3538268,149.1682162,100.395,44.8688240541344,-25.72,-1.01
308.125,9,-35.35385,149.1682147,100.38,44.84353527873243,-25.67,-1.74
308.224,9,-35.353873199999995,149.1682124,100.36500000000001,44.841735523886136,-25.6,-2.46
308.324,9,-35.353896399999996,149.1682092,100.34700000000001,44.86350675186555,-25.51,-3.19
308.424,9,-35.353919499999996,149.16820529999998,100.328,44.84436856181117,-25.39,-3.91
308.524,9,-35.353942499999995,149.1682007,100.308,44.895345678681565,-25.25,-4.62
308.624,9,-35.3539653,149.1681951,100.288,44.900980584746826,-25.09,-5.33
308.724,9,-35.353988,149.1681888,100.267,44.91652951039236,-24.900000000000002,-6.03
308.824,9,-35.3540105,149.16818179999999,100.249,44.953788192314775,-24.69,-6.74
308.924,9,-35.3540326,149.168174,100.23700000000001,44.969521533067905,-24.44,-7.44
309.024,9,-35.354054399999995,149.1681654,100.229,44.973274722016825,-24.150000000000002,-8.14
309.124,9,-35.3540759,149.1681561,100.22800000000001,44.965204853512454,-23.830000000000002,-8.83
309.224,9,-35.3540971,149.1681461,100.23,44.92391294488514,-23.490000000000002,-9.51
309.324,9,-35.3541179,149.1681353,100.236,44.831445843901506,-23.12,-10.16
309.424,9,-35.3541384,149.16812389999998,100.243,44.81068889901384,-22.740000000000002,-10.790000000000001
309.524,9,-35.3541585,149.1681118,100.251,44.84141108990056,-22.34,-11.4
309.624,9,-35.3541782,149.16809899999998,100.258,44.70372813661144,-21.92,-12.0
309.724,9,-35.3541976,149.1680855,100.265,43.990502708005785,-21.48,-12.57
309.824,9,-35.3542166,149.1680715,100.27,42.249514809326215,-21.02,-13.120000000000001
309.924,9,-35.3542352,149.1680568,100.277,39.042051144899055,-20.57,-13.6
310.02500000000003,9,-35.3542536,149.16804159999998,100.29,34.042113615828775,-20.14,-13.98
310.125,9,-35.3542716,149.168026,100.31,27.309065103739236,-19.8,-14.23
310.225,9,-35.3542894,149.1680102,100.342,19.241715231625612,-19.56,-14.3
310.324,9,-35.3543071,149.1679943,100.376,10.48834969701237,-19.45,-14.23
310.424,9,-35.3543247,149.1679787,100.402,1.5102080796210042,-19.44,-14.05
310.524,9,-35.3543424,149.1679633,100.398,-7.416223669668076,-19.490000000000002,-13.83
310.624,9,-35.354360199999995,149.1679481,100.357,-15.88109994298655,-19.580000000000002,-13.58
310.724,9,-35.3543781,149.1679332,100.266,-23.2119727150125,-19.73,-13.31
310.824,9,-35.354396099999995,149.1679187,100.138,-28.936796513148945,-19.94,-13.02
310.924,9,-35.3544142,149.16790469999998,99.98400000000001,-32.990312294971,-20.240000000000002,-12.67
311.024,9,-35.354432599999996,149.167891,99.819,-35.56406076292062,-20.64,-12.26
311.124,9,-35.354451399999995,149.167878,99.666,-37.096024382430286,-21.13,-11.75
311.224,9,-35.3544706,149.1678656,99.539,-38.00038582476958,-21.67,-11.13
311.324,9,-35.3544903,149.16785389999998,99.453,-38.640613606620725,-22.22,-10.44
311.424,9,-35.354510499999996,149.167843,99.405,-39.204893099995914,-22.75,-9.700000000000001
311.524,9,-35.3545312,149.1678331,99.397,-39.68205353050759,-23.23,-8.92
311.624,9,-35.3545522,149.1678239,99.419,-39.87583965763919,-23.64,-8.16
311.724,9,-35.3545736,149.16781559999998,99.464,-39.70453851325527,-24.0,-7.44
311.824,9,-35.3545953,149.16780789999999,99.521,-38.9335774955955,-24.28,-6.79
311.924,9,-35.3546172,149.167801,99.586,-37.549504547089526,-24.5,-6.21
312.02500000000003,9,-35.354639299999995,149.16779459999998,99.652,-35.58215393403198,-24.67,-5.73
312.125,9,-35.354661899999996,149.1677886,99.712,-33.23048223675616,-24.79,-5.34
312.225,9,-35.3546844,149.167783,99.761,-30.724441434048874,-24.87,-5.03
312.325,9,-35.354707,149.1677777,99.791,-28.287812428781844,-24.93,-4.7700000000000005
312.424,9,-35.3547296,149.1677726,99.803,-26.197549146515332,-24.95,-4.5600000000000005
312.524,9,-35.3547523,149.1677678,99.793,-24.519977846732036,-24.98,-4.36
312.624,9,-35.354774899999995,149.1677631,99.766,-23.233445122215727,-25.0,-4.14
312.724,9,-35.3547976,149.1677587,99.71900000000001,-22.35689621017673,-25.03,-3.92
312.824,9,-35.3548203,149.1677545,99.661,-21.836724370914187,-25.060000000000002,-3.67
312.924,9,-35.3548428,149.1677506,99.59700000000001,-21.558230237696087,-25.1,-3.4
313.024,9,-35.3548653,149.16774709999999,99.534,-21.42096221839905,-25.14,-3.1
313.124,9,-35.3548877,149.1677439,99.47800000000001,-21.273833113487804,-25.18,-2.77
313.224,9,-35.3549102,149.167741,99.432,-21.007599169829877,-25.21,-2.44
313.324,9,-35.3549327,149.1677386,99.4,-20.496871774642173,-25.240000000000002,-2.11
313.424,9,-35.3549552,149.1677364,99.384,-19.69496829249495,-25.26,-1.8
313.524,9,-35.3549777,149.1677346,99.382,-18.57260087222719,-25.26,-1.52
313.624,9,-35.3550002,149.1677331,99.388,-17.197871622505797,-25.26,-1.29
313.724,9,-35.3550227,149.16773179999998,99.397,-15.639362472786875,-25.25,-1.09
313.824,9,-35.3550452,149.1677307,99.405,-13.988367439064099,-25.240000000000002,-0.9400000000000001
313.924,9,-35.3550677,149.1677297,99.407,-12.310172030745395,-25.22,-0.8200000000000001
314.024,9,-35.3550902,149.1677288,99.401,-10.729508308679888,-25.21,-0.72
314.125,9,-35.3551127,149.16772799999998,99.386,-9.289174238206877,-25.21,-0.64
314.225,9,-35.3551354,149.1677273,99.361,-8.029555020341357,-25.21,-0.5700000000000001
314.325,9,-35.3551581,149.1677267,99.33,-6.983920079643636,-25.22,-0.52
314.425,9,-35.3551808,149.16772609999998,99.297,-6.20817750267803,-25.240000000000002,-0.45
314.524,9,-35.3552037,149.1677255,99.268,-5.662191817221074,-25.26,-0.39
314.624,9,-35.3552266,149.16772509999998,99.245,-5.275760204549263,-25.28,-0.31
314.724,9,-35.3552495,149.16772469999998,99.23100000000001,-5.012421407325775,-25.3,-0.24
314.824,9,-35.3552724,149.1677244,99.22500000000001,-4.726924195774297,-25.310000000000002,-0.17
314.924,9,-35.3552953,149.16772419999998,99.22800000000001,-4.41167852217965,-25.330000000000002,-0.11
315.024,9,-35.3553182,149.1677241,99.236,-4.062050956963629,-25.34,-0.06
315.124,9,-35.3553409,149.1677239,99.246,-3.6207276752533644,-25.34,-0.02
315.224,9,-35.3553636,149.1677239,99.256,-3.1814528099638686,-25.34,0.0
315.324,9,-35.3553862,149.1677238,99.264,-2.7363609713790487,-25.34,0.02
315.424,9,-35.3554089,149.1677238,99.269,-2.293115418304248,-25.34,0.04
315.524,9,-35.3554314,149.16772369999998,99.272,-1.9272072434278555,-25.34,0.05
315.624,9,-35.355454,149.16772369999998,99.271,-1.6054507987286006,-25.34,0.06
315.724,9,-35.355476599999996,149.16772369999998,99.265,-1.3134519941392104,-25.35,0.07
315.824,9,-35.3554992,149.1677238,99.258,-1.114953463367123,-25.35,0.08
315.924,9,-35.3555218,149.1677238,99.251,-0.975071616052085,-25.36,0.09
316.024,9,-35.3555444,149.1677238,99.246,-0.8420112067271857,-25.37,0.1
316.124,9,-35.355567,149.1677239,99.245,-0.7615702546029472,-25.37,0.1
316.225,9,-35.355589699999996,149.167724,99.246,-0.704858340150685,-25.38,0.11
316.325,9,-35.355612799999996,149.167724,99.252,-0.670289578822487,-25.39,0.11
316.425,9,-35.3556356,149.1677241,99.257,-0.5742026910221592,-25.41,0.12
316.52500000000003,9,-35.3556587,149.16772419999998,99.265,-0.464395767448274,-25.43,0.12
316.624,9,-35.3556817,149.1677243,99.275,-0.3840060150623842,-25.44,0.13
316.724,9,-35.3557047,149.1677244,99.285,-0.2768715630838252,-25.47,0.13
316.824,9,-35.3557278,149.1677245,99.297,-0.2057943200639982,-25.48,0.13
316.92400000000004,9,-35.3557509,149.16772459999999,99.312,-0.17196321916616145,-25.5,0.13
317.024,9,-35.355774,149.16772469999998,99.325,-0.1487416298649627,-25.51,0.13
317.124,9,-35.3557969,149.1677248,99.33800000000001,-0.11241241395862023,-25.52,0.13
317.224,9,-35.3558198,149.167725,99.349,-0.08943671813764854,-25.52,0.13
317.324,9,-35.355842599999995,149.16772509999998,99.36,-0.050458569442211325,-25.52,0.12
317.42400000000004,9,-35.3558654,149.1677252,99.37,0.00311093834885174,-25.52,0.12
317.524,9,-35.3558881,149.1677253,99.381,0.07923737140686171,-25.52,0.11
317.624,9,-35.3559109,149.1677254,99.392,0.11057792786719661,-25.51,0.1
317.724,9,-35.3559336,149.1677255,99.404,0.1600103614382127,-25.5,0.1
317.824,9,-35.3559564,149.16772559999998,99.416,0.2191279565615606,-25.5,0.09
317.92400000000004,9,-35.3559791,149.1677257,99.428,0.2232638762278413,-25.490000000000002,0.09
318.024,9,-35.356001899999995,149.1677258,99.43900000000001,0.2406560858354193,-25.490000000000002,0.09
318.124,9,-35.3560246,149.1677259,99.44800000000001,0.2297993667475518,-25.490000000000002,0.09
318.224,9,-35.3560474,149.167726,99.456,0.20530752234328936,-25.48,0.08
318.325,9,-35.3560702,149.16772609999998,99.462,0.1886861235959311,-25.48,0.08
318.425,9,-35.3560932,149.1677262,99.468,0.15939392352540582,-25.48,0.08
318.52500000000003,9,-35.356116199999995,149.1677263,99.474,0.12169234652399326,-25.5,0.08
318.624,9,-35.356139299999995,149.1677264,99.483,0.0919265021829967,-25.5,0.08
318.724,9,-35.356162399999995,149.1677265,99.494,0.06132574058713879,-25.52,0.07
318.824,9,-35.356185499999995,149.16772659999998,99.506,0.0762166735556773,-25.53,0.07
318.92400000000004,9,-35.356208699999996,149.1677267,99.518,0.11296987478876963,-25.54,0.07
319.024,9,-35.3562319,149.1677268,99.53,0.15949682993020559,-25.55,0.06
319.124,9,-35.3562551,149.1677269,99.543,0.19990635015390343,-25.57,0.06
319.224,9,-35.3562782,149.16772699999999,99.556,0.1905080098559659,-25.57,0.06
319.324,9,-35.3563012,149.16772709999998,99.572,0.20053904978662876,-25.57,0.06
319.42400000000004,9,-35.356324199999996,149.1677272,99.586,0.2406935985150015,-25.57,0.06
319.524,9,-35.356347,149.1677273,99.599,0.24202631249637377,-25.560000000000002,0.06
319.624,9,-35.3563699,149.1677274,99.611,0.25981105787802916,-25.55,0.05
319.724,9,-35.3563927,149.16772749999998,99.624,0.2587556068882771,-25.55,0.06
319.824,9,-35.3564155,149.1677276,99.634,0.2561087751827649,-25.54,0.06
319.92400000000004,9,-35.3564383,149.1677277,99.642,0.28898140844097847,-25.53,0.05
320.024,9,-35.3564611,149.1677277,99.648,0.3014875381721247,-25.53,0.05
320.124,9,-35.3564839,149.1677278,99.65,0.30487355109230563,-25.52,0.05
320.224,9,-35.3565067,149.1677279,99.65,0.31454736679329154,-25.53,0.05
320.324,9,-35.3565295,149.16772799999998,99.649,0.3348193682498894,-25.52,0.05
320.425,9,-35.3565525,149.1677281,99.649,0.37669942019776304,-25.52,0.05
320.52500000000003,9,-35.3565756,149.1677282,99.655,0.47655088948910507,-25.53,0.04
320.625,9,-35.3565986,149.1677283,99.664,0.5500352405828326,-25.54,0.04
320.724,9,-35.3566218,149.1677284,99.674,0.5933561956413145,-25.560000000000002,0.03
320.824,9,-35.356645,149.1677284,99.683,0.604959299658991,-25.57,0.01
320.92400000000004,9,-35.3566682,149.16772849999998,99.69200000000001,0.6338699429509211,-25.59,0.01
321.024,9,-35.356691399999995,149.16772849999998,99.7,0.6530879608412214,-25.61,0.0
321.124,9,-35.3567146,149.1677286,99.705,0.6433780998841078,-25.62,0.0
321.224,9,-35.3567378,149.1677286,99.708,0.5870619628777362,-25.63,-0.01
321.324,9,-35.3567609,149.1677286,99.711,0.47988743689865626,-25.64,-0.01
321.42400000000004,9,-35.356783899999996,149.1677286,99.71600000000001,0.39523537966641403,-25.63,-0.01
321.524,9,-35.3568068,149.1677287,99.72500000000001,0.30047979178485695,-25.63,-0.02
321.624,9,-35.3568297,149.1677287,99.738,0.23477425242340696,-25.62,-0.03
321.724,9,-35.356852499999995,149.1677287,99.756,0.1708809543478318,-25.6,-0.03
321.824,9,-35.3568754,149.1677287,99.776,0.13528324903355504,-25.59,-0.03
321.92400000000004,9,-35.356898199999996,149.1677287,99.795,0.1018593981649803,-25.580000000000002,-0.03
322.024,9,-35.356921,149.1677287,99.811,0.09500947214950459,-25.560000000000002,-0.03
322.124,9,-35.356943799999996,149.1677287,99.822,0.12403933025689921,-25.55,-0.03
322.224,9,-35.3569667,149.1677287,99.82900000000001,0.11020950452851923,-25.55,-0.03
322.324,9,-35.3569895,149.1677287,99.831,0.08629835960584008,-25.54,-0.03
322.42400000000004,9,-35.3570123,149.1677286,99.82900000000001,0.07141330967133278,-25.54,-0.03
322.52500000000003,9,-35.3570354,149.1677286,99.824,0.037648232823788375,-25.54,-0.03
322.625,9,-35.3570582,149.1677286,99.819,0.04472309150946502,-25.54,-0.03
322.725,9,-35.3570813,149.1677286,99.81700000000001,0.061643137610239436,-25.55,-0.03
322.824,9,-35.3571044,149.1677286,99.815,0.05697759813880504,-25.560000000000002,-0.03
322.92400000000004,9,-35.3571276,149.1677286,99.81400000000001,0.04616167675802581,-25.57,-0.03
323.024,9,-35.3571507,149.1677286,99.816,0.03623082516371858,-25.580000000000002,-0.03
323.124,9,-35.357174,149.1677286,99.822,0.0498435689373792,-25.6,-0.02
323.224,9,-35.3571972,149.1677286,99.82900000000001,0.0326753281695968,-25.61,-0.03
323.324,9,-35.3572202,149.1677286,99.836,-0.013806462012447125,-25.61,-0.03
323.42400000000004,9,-35.3572432,149.1677286,99.84400000000001,-0.07011244544902963,-25.61,-0.02
323.524,9,-35.3572662,149.1677286,99.85300000000001,-0.1154180306987564,-25.62,-0.02
323.624,9,-35.357289099999996,149.1677286,99.86,-0.1264128610141183,-25.62,-0.02
323.724,9,-35.357312,149.1677286,99.86500000000001,-0.050527024746363516,-25.61,-0.02
323.824,9,-35.3573349,149.1677286,99.869,0.03594614501354657,-25.61,-0.02
323.92400000000004,9,-35.357357799999996,149.1677286,99.872,0.08002589140013457,-25.6,-0.01
324.024,9,-35.3573807,149.1677286,99.875,0.09264145757045307,-25.6,-0.01
324.124,9,-35.3574036,149.1677286,99.879,0.058660139201622316,-25.59,-0.01
324.224,9,-35.3574264,149.1677286,99.882,0.021863822399394273,-25.59,-0.01
324.324,9,-35.3574493,149.1677286,99.884,0.04060915317952196,-25.59,-0.01
324.42400000000004,9,-35.3574722,149.1677286,99.884,0.07074571204081692,-25.59,-0.01
324.52500000000003,9,-35.3574951,149.1677286,99.885,0.16113890345621185,-25.59,-0.01
324.625,9,-35.3575182,149.1677286,99.885,0.20569492213527601,-25.580000000000002,-0.01
324.725,9,-35.357541399999995,149.1677286,99.885,0.21363945933641898,-25.59,-0.01
324.825,9,-35.357564499999995,149.1677286,99.885,0.2049459492041018,-25.6,-0.01
324.92400000000004,9,-35.357587699999996,149.1677286,99.884,0.16498708806349258,-25.61,-0.01
325.024,9,-35.3576109,149.1677286,99.883,0.11506170026336537,-25.62,-0.02
325.124,9,-35.3576342,149.1677286,99.883,0.0913778659038941,-25.63,-0.02
325.224,9,-35.3576574,149.1677286,99.884,0.08701512926229472,-25.64,-0.02
325.324,9,-35.357680699999996,149.1677286,99.887,0.05412271246787194,-25.650000000000002,-0.02
325.42400000000004,9,-35.357704,149.1677286,99.892,0.05365494789637854,-25.66,-0.02
325.524,9,-35.357727,149.16772849999998,99.899,0.02954695812243881,-25.66,-0.02
325.624,9,-35.357749999999996,149.16772849999998,99.907,0.02170970458355929,-25.650000000000002,-0.02
325.724,9,-35.357773,149.16772849999998,99.919,0.04895828570749563,-25.64,-0.02
325.824,9,-35.3577959,149.16772849999998,99.934,0.09156817071562225,-25.63,-0.02
325.92400000000004,9,-35.357818699999996,149.1677284,99.947,0.12850775473775528,-25.62,-0.03
326.024,9,-35.3578416,149.1677284,99.95700000000001,0.11212741364333087,-25.62,-0.03
326.124,9,-35.3578645,149.1677284,99.96000000000001,0.10426119683401826,-25.61,-0.03
326.224,9,-35.3578873,149.1677283,99.958,0.07162676642310889,-25.6,-0.03
326.324,9,-35.3579102,149.1677283,99.953,0.05080996399870997,-25.6,-0.03
326.42400000000004,9,-35.357932999999996,149.1677283,99.946,0.02953398143002645,-25.6,-0.03
326.524,9,-35.3579559,149.1677282,99.938,0.0001958505884938245,-25.59,-0.03
326.625,9,-35.3579787,149.1677282,99.933,-0.03424954003093929,-25.59,-0.03
326.725,9,-35.358002,149.1677282,99.93,-0.08415854271417574,-25.6,-0.03
326.825,9,-35.3580251,149.1677281,99.931,-0.13997473521970755,-25.61,-0.03
326.925,9,-35.3580483,149.1677281,99.936,-0.1964862263085121,-25.63,-0.02
327.024,9,-35.3580715,149.1677281,99.943,-0.22009313432843478,-25.64,-0.02
327.124,9,-35.358094699999995,149.16772799999998,99.95100000000001,-0.22146812344550976,-25.650000000000002,-0.02
327.224,9,-35.358117899999996,149.16772799999998,99.959,-0.2038129115342466,-25.66,-0.01
327.324,9,-35.3581412,149.16772799999998,99.965,-0.15027639471580573,-25.67,-0.01
327.42400000000004,9,-35.3581644,149.16772799999998,99.96900000000001,-0.12979328438495893,-25.68,0.0
327.524,9,-35.3581875,149.16772799999998,99.97,-0.08211898419498646,-25.68,0.0
327.624,9,-35.3582105,149.16772799999998,99.968,-0.06567863882148643,-25.68,0.0
327.724,9,-35.358233399999996,149.16772799999998,99.964,-0.01734564059074427,-25.68,0.0
327.824,9,-35.3582564,149.16772799999998,99.96000000000001,0.03909313799836341,-25.68,0.0
327.92400000000004,9,-35.3582793,149.16772799999998,99.958,0.0625660068908779,-25.68,0.0
328.024,9,-35.3583022,149.16772799999998,99.958,0.09913537998576169,-25.67,-0.01
328.124,9,-35.358325,149.16772799999998,99.961,0.06032174279978659,-25.67,-0.01
328.224,9,-35.3583479,149.1677279,99.965,0.0029091674154178558,-25.66,-0.01
328.324,9,-35.358370799999996,149.1677279,99.96900000000001,-0.017990601546947888,-25.650000000000002,-0.01
328.42400000000004,9,-35.3583937,149.1677279,99.971,-0.02219828489026003,-25.64,-0.01
328.524,9,-35.3584166,149.1677279,99.973,-0.02722648306073297,-25.63,-0.01
328.624,9,-35.358439499999996,149.1677279,99.97500000000001,-0.038975950895308774,-25.63,0.0
328.725,9,-35.3584624,149.1677279,99.977,-0.04477668248103383,-25.62,-0.01
328.825,9,-35.3584855,149.1677279,99.979,0.012821169705323097,-25.62,-0.01
328.925,9,-35.3585086,149.1677278,99.98,0.042527068964440216,-25.62,-0.02
329.02500000000003,9,-35.3585317,149.1677278,99.98100000000001,0.06789892387930999,-25.63,-0.02
329.124,9,-35.358554999999996,149.1677278,99.98100000000001,0.0625167748339796,-25.63,-0.03
329.224,9,-35.3585782,149.1677277,99.98100000000001,0.016627978807530343,-25.64,-0.03
329.324,9,-35.3586014,149.1677277,99.983,-0.07400792778229137,-25.650000000000002,-0.03
329.42400000000004,9,-35.3586247,149.1677277,99.988,-0.15028286471921873,-25.66,-0.02
329.524,9,-35.3586479,149.1677277,99.993,-0.2052459038984138,-25.67,-0.02
329.624,9,-35.358671199999996,149.1677276,99.996,-0.24097950596478998,-25.68,-0.02
329.724,9,-35.358694199999995,149.1677276,99.996,-0.2702971324817177,-25.68,-0.01
329.824,9,-35.358717299999995,149.1677276,99.993,-0.2916072693313046,-25.68,-0.01
329.92400000000004,9,-35.3587402,149.1677276,99.991,-0.29458018920883194,-25.68,-0.01
330.024,9,-35.3587632,149.1677276,99.99000000000001,-0.27454481645437806,-25.67,-0.01
330.124,9,-35.358785999999995,149.16772749999998,99.99000000000001,-0.2778812838226499,-25.67,0.0
330.224,9,-35.3588089,149.16772749999998,99.992,-0.2531608281843904,-25.66,0.0
330.324,9,-35.3588318,149.16772749999998,99.995,-0.23653326625852325,-25.66,0.0
330.42400000000004,9,-35.358854699999995,149.16772749999998,99.998,-0.20101939084413784,-25.650000000000002,0.0
330.524,9,-35.3588776,149.16772749999998,99.999,-0.15212850989900312,-25.650000000000002,0.0
330.624,9,-35.3589005,149.16772749999998,99.997,-0.12305092717880432,-25.650000000000002,0.0
330.724,9,-35.3589234,149.16772749999998,99.994,-0.08180889093862523,-25.64,0.0
330.825,9,-35.3589463,149.16772749999998,99.989,-0.0766772043965507,-25.64,0.0
330.925,9,-35.3589696,149.16772749999998,99.98400000000001,-0.04545987148575369,-25.650000000000002,0.0
331.02500000000003,9,-35.358992799999996,149.16772749999998,99.97800000000001,-0.04970715525201737,-25.66,0.0
331.124,9,-35.359016,149.16772749999998,99.971,-0.1020430795608434,-25.67,0.0
331.224,9,-35.3590392,149.16772749999998,99.965,-0.11876529029952544,-25.68,-0.01
331.324,9,-35.3590625,149.16772749999998,99.965,-0.12065754618430988,-25.69,-0.01
331.42400000000004,9,-35.359085799999995,149.1677274,99.968,-0.10289388500965294,-25.7,-0.01
331.524,9,-35.3591091,149.1677274,99.97500000000001,-0.07696961520028525,-25.71,-0.01
331.624,9,-35.3591323,149.1677274,99.98400000000001,-0.09790360472773882,-25.71,0.0
331.724,9,-35.3591554,149.1677274,99.993,-0.12236873535502286,-25.71,0.0
331.824,9,-35.3591785,149.1677274,100.0,-0.19178401459092856,-25.7,0.0
331.92400000000004,9,-35.359201399999996,149.1677274,100.004,-0.209338000964258,-25.69,0.0
332.024,9,-35.359224399999995,149.1677274,100.005,-0.20495567421954114,-25.68,0.0
332.124,9,-35.3592472,149.1677274,100.004,-0.20265414059308484,-25.67,0.0
332.224,9,-35.3592702,149.1677274,100.001,-0.18008225969647032,-25.67,0.01
332.324,9,-35.359293,149.1677274,99.997,-0.12844903111914904,-25.66,0.01
332.42400000000004,9,-35.3593159,149.1677274,99.992,-0.09521073594639518,-25.66,0.0
332.524,9,-35.359338799999996,149.1677274,99.986,-0.047238518779680466,-25.650000000000002,0.0
332.624,9,-35.3593617,149.1677274,99.98,-0.029715685139279285,-25.650000000000002,0.0
332.724,9,-35.3593846,149.1677274,99.976,-0.0635298839869629,-25.650000000000002,0.0
332.824,9,-35.359407499999996,149.1677274,99.973,-0.10791349375033712,-25.650000000000002,0.0
332.925,9,-35.3594307,149.1677274,99.971,-0.14993733985653807,-25.650000000000002,0.0
333.02500000000003,9,-35.3594536,149.1677274,99.971,-0.18207004484814238,-25.650000000000002,0.0
333.125,9,-35.359476799999996,149.1677274,99.973,-0.20991676611492402,-25.650000000000002,0.0
333.224,9,-35.359499899999996,149.1677274,99.977,-0.251395517768633,-25.66,0.01
333.324,9,-35.3595232,149.1677274,99.98100000000001,-0.25217045075473854,-25.67,0.01
333.42400000000004,9,-35.3595464,149.1677274,99.98700000000001,-0.24733142181034318,-25.68,0.01
333.524,9,-35.3595697,149.1677274,99.99000000000001,-0.23258133481300974,-25.69,0.02
333.624,9,-35.359593,149.16772749999998,99.989,-0.2564648521541047,-25.7,0.03
333.724,9,-35.3596161,149.16772749999998,99.985,-0.24595503197087984,-25.7,0.03
333.824,9,-35.3596392,149.16772749999998,99.98,-0.16121084722612178,-25.7,0.04
333.92400000000004,9,-35.359662199999995,149.1677276,99.976,-0.09477184293136896,-25.69,0.04
334.024,9,-35.3596852,149.1677276,99.976,0.029819321920752987,-25.69,0.04
334.124,9,-35.3597081,149.1677277,99.98,0.10353015981952193,-25.68,0.04
334.224,9,-35.359731,149.1677277,99.989,0.1622324941155676,-25.67,0.03
334.324,9,-35.359753999999995,149.1677277,99.999,0.2369678370444653,-25.66,0.03
334.42400000000004,9,-35.3597769,149.1677278,100.009,0.2855124994358318,-25.650000000000002,0.02
334.524,9,-35.3597998,149.1677278,100.019,0.3021327509248529,-25.64,0.01
334.624,9,-35.359822699999995,149.1677278,100.028,0.2916779191005319,-25.63,0.01
334.724,9,-35.3598456,149.1677278,100.034,0.3080587137622059,-25.62,0.01
334.824,9,-35.3598685,149.1677278,100.034,0.2673650870175046,-25.61,0.01
334.92400000000004,9,-35.359891399999995,149.1677278,100.029,0.22297163217677204,-25.6,0.01
335.02500000000003,9,-35.359914599999996,149.1677279,100.02,0.172231157348739,-25.6,0.01
335.125,9,-35.359937699999996,149.1677279,100.01,0.11682034057251142,-25.61,0.0
335.225,9,-35.359960799999996,149.1677279,100.002,0.04754605738520955,-25.62,0.0
335.324,9,-35.3599841,149.1677279,99.995,0.014827882118268153,-25.63,0.01
335.42400000000004,9,-35.3600073,149.1677279,99.991,-0.008134255043489335,-25.64,0.01
335.524,9,-35.3600306,149.1677279,99.991,-0.00190483320456344,-25.66,0.01
335.624,9,-35.360053799999996,149.1677279,99.994,0.0064453010900469235,-25.67,0.01
335.724,9,-35.3600771,149.1677279,100.001,-0.004376260282753858,-25.68,0.01
335.824,9,-35.3601004,149.1677279,100.008,-0.03490019559066233,-25.69,0.01
335.92400000000004,9,-35.3601234,149.1677279,100.015,-0.049745701798124306,-25.69,0.01
336.024,9,-35.3601465,149.1677279,100.022,-0.01304874373774212,-25.69,0.0
336.124,9,-35.3601694,149.1677279,100.025,-0.00013905326280530208,-25.68,0.0
336.224,9,-35.360192399999995,149.1677279,100.028,0.022410866190543412,-25.68,0.0
336.324,9,-35.3602153,149.1677279,100.029,0.02028445621316787,-25.67,0.0
336.42400000000004,9,-35.3602382,149.1677279,100.027,-0.0045807482424277055,-25.66,0.0
336.524,9,-35.360261099999995,149.1677279,100.022,0.00680659700292844,-25.650000000000002,0.0
336.624,9,-35.360284,149.1677279,100.013,0.015419163723990355,-25.650000000000002,0.0
336.724,9,-35.3603069,149.1677279,100.004,0.0200210653757726,-25.650000000000002,0.0
336.824,9,-35.360329799999995,149.1677279,99.998,-0.0032823696770414466,-25.64,0.0
336.92400000000004,9,-35.3603527,149.1677279,99.994,0.010798078011830567,-25.64,0.0
337.02500000000003,9,-35.3603756,149.1677279,99.993,0.0320558753686016,-25.64,0.0
337.125,9,-35.3603989,149.1677279,99.995,0.008682626185854131,-25.650000000000002,0.0
337.225,9,-35.360422,149.1677279,99.995,-0.03799328077384633,-25.650000000000002,0.01
337.325,9,-35.360445299999995,149.1677279,99.995,-0.04305184627219405,-25.67,0.01
337.42400000000004,9,-35.360468499999996,149.1677279,99.996,0.011319544445415195,-25.67,0.0
337.524,9,-35.3604917,149.1677279,99.999,0.06695200219423102,-25.69,0.0
337.624,9,-35.360515,149.1677279,100.001,0.09246115791864191,-25.7,0.0
337.724,9,-35.3605383,149.1677279,100.002,0.12285215800178638,-25.71,0.0
337.824,9,-35.360561499999996,149.1677279,100.005,0.11411062310186754,-25.72,0.0
337.92400000000004,9,-35.360584599999996,149.1677279,100.009,0.11803512706899522,-25.71,0.0
338.024,9,-35.3606076,149.1677279,100.013,0.11772420671941419,-25.71,0.0
338.124,9,-35.3606306,149.1677279,100.016,0.10800495425219182,-25.7,0.0
338.224,9,-35.3606536,149.1677279,100.018,0.1121267866533094,-25.69,0.0
338.324,9,-35.360676399999996,149.1677279,100.019,0.08985729503992,-25.68,0.0
338.42400000000004,9,-35.3606994,149.1677279,100.016,0.04232580516754963,-25.68,0.0
338.524,9,-35.3607222,149.1677279,100.012,-0.0023807847065997634,-25.67,0.0
338.624,9,-35.360745099999995,149.1677279,100.009,-0.03862672078840551,-25.66,0.0
338.724,9,-35.360768,149.1677279,100.005,-0.12072995686168259,-25.66,0.0
338.824,9,-35.3607909,149.1677279,100.001,-0.17957351732501015,-25.650000000000002,0.01
338.92400000000004,9,-35.360813799999995,149.1677279,99.998,-0.2059136482712751,-25.650000000000002,0.01
339.024,9,-35.3608367,149.1677279,99.996,-0.21278552560760872,-25.650000000000002,0.02
339.125,9,-35.3608596,149.1677279,99.994,-0.21906711184905195,-25.650000000000002,0.02
339.225,9,-35.3608828,149.1677279,99.99000000000001,-0.16982004721087163,-25.64,0.03
339.325,9,-35.3609059,149.1677279,99.98700000000001,-0.07681650957312854,-25.650000000000002,0.03
339.425,9,-35.360929,149.16772799999998,99.983,0.012630949103690907,-25.66,0.03
339.524,9,-35.3609523,149.16772799999998,99.982,0.09431211250328893,-25.67,0.03
339.624,9,-35.360975499999995,149.16772799999998,99.982,0.16804591891417403,-25.68,0.02
339.724,9,-35.3609988,149.16772799999998,99.983,0.24341924420023325,-25.7,0.02
339.824,9,-35.3610221,149.1677281,99.985,0.26179597488385836,-25.71,0.01
339.92400000000004,9,-35.3610454,149.16772799999998,99.991,0.2621411662412084,-25.72,0.01
340.024,9,-35.3610687,149.16772799999998,99.997,0.2708898381552014,-25.73,0.0
340.124,9,-35.3610918,149.16772799999998,100.0,0.24710821336270128,-25.72,0.0
340.224,9,-35.3611149,149.16772799999998,100.002,0.22822999738360916,-25.72,0.0
340.324,9,-35.3611378,149.16772799999998,100.002,0.2188676489809464,-25.71,0.0
340.42400000000004,9,-35.3611608,149.16772799999998,100.001,0.18789066002167584,-25.71,-0.01
340.524,9,-35.3611837,149.1677279,100.0,0.13215475558942474,-25.7,-0.01
340.624,9,-35.3612067,149.1677279,100.0,0.08377915372022929,-25.69,-0.01
340.724,9,-35.3612296,149.1677279,100.0,0.039212146040522956,-25.69,-0.01
340.824,9,-35.3612525,149.1677279,99.999,-0.07929391390060604,-25.68,0.0
340.92400000000004,9,-35.3612754,149.1677279,99.996,-0.19720733153426415,-25.67,0.0
341.024,9,-35.3612983,149.1677279,99.991,-0.2575565885238225,-25.66,0.0
341.124,9,-35.3613212,149.1677279,99.98700000000001,-0.265655538693018,-25.66,0.0
341.225,9,-35.3613441,149.1677279,99.98400000000001,-0.21629685649080352,-25.650000000000002,0.0
341.325,9,-35.3613675,149.1677278,99.98400000000001,-0.15028282469857907,-25.66,0.0
341.425,9,-35.3613906,149.1677278,99.985,-0.12419646462844917,-25.66,0.0
341.52500000000003,9,-35.3614138,149.1677278,99.988,-0.08410944405940966,-25.68,0.0
341.624,9,-35.361436999999995,149.1677278,99.989,-0.047804183840961814,-25.68,0.0
341.724,9,-35.3614603,149.1677277,99.986,-0.04662158394393105,-25.7,0.0
341.824,9,-35.3614836,149.1677277,99.98100000000001,-0.08176915044343487,-25.71,0.0
341.92400000000004,9,-35.361506899999995,149.1677277,99.97500000000001,-0.10502132885355324,-25.73,0.0
342.024,9,-35.3615302,149.1677277,99.96900000000001,-0.11032222933025088,-25.740000000000002,0.0
342.124,9,-35.3615533,149.1677277,99.96300000000001,-0.127155750808063,-25.740000000000002,0.0
342.224,9,-35.3615764,149.1677276,99.956,-0.1537168357059352,-25.75,0.0
342.324,9,-35.361599399999996,149.1677276,99.95100000000001,-0.1976520942431083,-25.740000000000002,0.0
342.42400000000004,10,-35.3616224,149.1677276,99.949,-0.2608802226069742,-25.740000000000002,0.0
342.524,10,-35.3616453,149.1677276,99.94800000000001,-0.29352831339622354,-25.740000000000002,0.0
342.624,10,-35.3616683,149.1677276,99.949,-0.6737251639750034,-25.73,-0.01
342.724,10,-35.361691199999996,149.16772749999998,99.95400000000001,-2.48203695664292,-25.72,-0.03
342.824,10,-35.3617141,149.16772749999998,99.96000000000001,-6.8052598333158505,-25.71,0.02
342.92400000000004,10,-35.3617371,149.1677276,99.96900000000001,-13.604100142585535,-25.7,0.22
343.024,10,-35.36176,149.1677279,99.979,-21.81858680357322,-25.68,0.6
343.124,10,-35.3617829,149.1677289,99.982,-30.2037761136188,-25.66,1.1300000000000001
343.224,10,-35.3618058,149.1677305,99.971,-37.4613643709451,-25.64,1.76
343.325,10,-35.3618289,149.1677329,99.94,-42.62508300612312,-25.64,2.48
343.425,10,-35.3618519,149.16773609999998,99.897,-45.42076139567938,-25.64,3.2800000000000002
343.52500000000003,10,-35.361875,149.1677403,99.855,-46.30674962915134,-25.64,4.19
343.624,10,-35.3618981,149.1677456,99.828,-45.97614115256604,-25.57,5.19
343.724,10,-35.3619212,149.1677521,99.833,-45.1649708112624,-25.44,6.22
343.824,10,-35.361944099999995,149.16775959999998,99.873,-44.33741826123449,-25.21,7.23
343.92400000000004,10,-35.3619669,149.1677684,99.953,-43.81154492156228,-24.92,8.19
344.024,10,-35.3619892,149.167778,100.062,-43.64611432476999,-24.57,9.06
344.124,10,-35.3620113,149.1677887,100.193,-43.77473703212508,-24.21,9.83
344.224,10,-35.362033,149.1678001,100.331,-44.05540658059383,-23.86,10.51
344.324,10,-35.3620543,149.1678121,100.46600000000001,-44.30644335334848,-23.52,11.08
344.42400000000004,10,-35.3620752,149.1678246,100.58800000000001,-44.53972504935568,-23.2,11.57
344.524,10,-35.3620957,149.16783759999998,100.68900000000001,-44.677500210198595,-22.900000000000002,12.02
344.624,10,-35.362116,149.1678511,100.767,-44.72165055299355,-22.6,12.44
344.724,10,-35.362136,149.16786489999998,100.82300000000001,-44.70416185362374,-22.28,12.85
344.824,10,-35.362155699999995,149.1678792,100.85900000000001,-44.6804371915417,-21.93,13.27
344.92400000000004,10,-35.3621751,149.167894,100.879,-44.60638428056042,-21.55,13.71
345.024,10,-35.362194099999996,149.1679093,100.886,-44.525576312489996,-21.12,14.17
345.124,10,-35.3622127,149.167925,100.887,-44.50250734856828,-20.650000000000002,14.66
345.224,10,-35.3622309,149.1679414,100.888,-44.52872502969738,-20.14,15.16
345.324,10,-35.3622486,149.1679582,100.89,-44.56359997559946,-19.59,15.66
345.425,10,-35.362266,149.1679758,100.894,-44.56551584366165,-18.990000000000002,16.16
345.52500000000003,10,-35.362282799999996,149.167994,100.904,-44.589868883147325,-18.400000000000002,16.64
345.625,10,-35.3622991,149.1680126,100.919,-44.673285983480696,-17.78,17.1
345.724,10,-35.3623149,149.1680319,100.937,-44.74426189424088,-17.17,17.52
345.824,10,-35.362330199999995,149.1680515,100.956,-44.77374782088783,-16.56,17.92
345.92400000000004,10,-35.3623449,149.16807169999998,100.974,-44.777985953267816,-15.950000000000001,18.29
346.024,10,-35.362359,149.1680922,100.991,-44.773215066132565,-15.33,18.63
346.124,10,-35.3623726,149.1681131,101.005,-44.77162021696137,-14.71,18.95
346.224,10,-35.362385599999996,149.1681342,101.015,-44.71431492982496,-14.08,19.240000000000002
346.324,10,-35.3623979,149.16815549999998,101.023,-44.671035436149175,-13.44,19.5
346.42400000000004,10,-35.3624097,149.16817709999998,101.028,-44.680266436812445,-12.790000000000001,19.740000000000002
346.524,10,-35.362420799999995,149.1681988,101.032,-44.68286873888622,-12.14,19.95
346.624,10,-35.3624313,149.1682207,101.033,-44.680628436838454,-11.47,20.150000000000002
346.724,10,-35.3624412,149.1682428,101.032,-44.71656547715648,-10.78,20.32
346.824,10,-35.3624504,149.16826509999999,101.03,-44.69284081507444,-10.07,20.48
346.92400000000004,10,-35.362459099999995,149.1682875,101.026,-44.6948318152175,-9.35,20.61
347.024,10,-35.362467099999996,149.16831009999999,101.02,-44.718860420717604,-8.63,20.72
347.124,10,-35.362474399999996,149.16833269999998,101.015,-44.70468094800066,-7.9,20.81
347.224,10,-35.3624811,149.1683555,101.011,-44.66532539800304,-7.17,20.87
347.324,10,-35.362487099999996,149.1683784,101.008,-44.67366847407421,-6.44,20.91
347.425,10,-35.362492599999996,149.1684013,101.004,-44.730034610199745,-5.72,20.93
347.52500000000003,10,-35.362497399999995,149.16842459999998,100.994,-44.75993717838606,-5.0,20.93
347.625,10,-35.3625016,149.1684477,100.982,-44.75977666894057,-4.29,20.91
347.725,10,-35.3625051,149.1684709,100.96600000000001,-44.77440351904815,-3.59,20.87
347.824,10,-35.362508,149.1684941,100.946,-44.790474954165184,-2.9,20.81
347.92400000000004,10,-35.3625103,149.1685172,100.924,-44.78658516143287,-2.18,20.73
348.024,10,-35.362511999999995,149.1685401,100.904,-44.80130763418883,-1.46,20.62
348.124,10,-35.362513,149.16856289999998,100.884,-44.807417238401406,-0.75,20.490000000000002
348.224,10,-35.362513299999996,149.1685856,100.86500000000001,-44.80194284178164,-0.04,20.330000000000002
348.324,10,-35.362513,149.1686078,100.846,-44.813629295451534,0.65,20.14
348.42400000000004,10,-35.3625121,149.1686298,100.827,-44.780878538381316,1.36,19.92
348.524,11,-35.3625105,149.16865149999998,100.812,-44.72465925132295,2.06,19.67
348.624,11,-35.362508399999996,149.1686729,100.799,-44.69822983432958,2.75,19.39
348.724,11,-35.3625057,149.1686939,100.788,-44.758717989619214,3.41,19.1
348.824,11,-35.362502299999996,149.1687146,100.776,-44.8055730873255,4.07,18.78
348.92400000000004,11,-35.3624984,149.1687349,100.765,-44.806269766620844,4.72,18.44
349.024,11,-35.362493799999996,149.1687548,100.756,-44.818085993884964,5.36,18.07
349.124,11,-35.3624887,149.1687743,100.747,-44.83133997596937,5.98,17.69
349.224,11,-35.3624831,149.1687935,100.738,-44.86418294059338,6.58,17.29
349.324,11,-35.3624769,149.1688121,100.727,-44.86288861974566,7.17,16.86
349.42400000000004,11,-35.3624702,149.1688304,100.71600000000001,-44.83447844789299,7.75,16.42
349.52500000000003,11,-35.362463,149.1688481,100.705,-44.79510923751704,8.31,15.950000000000001
349.625,11,-35.3624552,149.1688654,100.693,-44.81699316361776,8.85,15.47
349.725,11,-35.3624469,149.1688823,100.677,-44.84061195776766,9.39,14.98
349.825,11,-35.3624382,149.1688986,100.66,-44.844409542946195,9.9,14.46
349.92400000000004,11,-35.3624289,149.1689144,100.638,-44.82900405127323,10.41,13.94
350.024,11,-35.3624192,149.1689295,100.618,-44.80038897374546,10.89,13.39
350.124,11,-35.3624091,149.1689441,100.595,-44.80569603073056,11.36,12.82
350.224,11,-35.3623985,149.168958,100.57300000000001,-44.825414786864386,11.81,12.24
350.324,11,-35.3623876,149.16897129999998,100.551,-44.85082309057683,12.24,11.64
350.42400000000004,11,-35.3623763,149.1689839,100.531,-44.86171724230301,12.65,11.03
350.524,11,-35.3623647,149.16899569999998,100.512,-44.874134526214085,13.02,10.41
350.624,11,-35.3623528,149.1690068,100.494,-44.85512269465936,13.38,9.77
350.724,11,-35.3623407,149.1690171,100.479,-44.84073831626731,13.700000000000001,9.11
350.824,11,-35.3623282,149.1690267,100.46600000000001,-44.87107801656051,14.01,8.45
350.92400000000004,11,-35.362315599999995,149.1690355,100.45100000000001,-44.90281107544439,14.3,7.76
351.024,11,-35.3623027,149.16904359999998,100.438,-44.8744282243484,14.56,7.0600000000000005
351.124,11,-35.362289499999996,149.1690509,100.427,-44.860436581833625,14.8,6.33
351.224,11,-35.3622762,149.16905739999999,100.418,-44.8431562032335,15.01,5.61
351.324,11,-35.362262699999995,149.1690631,100.411,-44.81159048398428,15.19,4.89
351.42400000000004,11,-35.362249,149.1690681,100.407,-44.834341844109595,15.35,4.17
351.524,11,-35.3622352,149.1690722,100.402,-44.874663865874766,15.48,3.45
351.625,11,-35.3622213,149.16907559999999,100.396,-44.88425345146946,15.58,2.73
351.725,11,-35.362207,149.1690782,100.384,-44.909036792872854,15.67,2.0
351.825,11,-35.362192799999995,149.16907989999999,100.373,-44.94171241786219,15.73,1.27
351.925,11,-35.3621785,149.16908089999998,100.357,-44.93543547401495,15.77,0.55
352.024,11,-35.362164199999995,149.1690811,100.342,-44.87436675264587,15.780000000000001,-0.17
352.124,11,-35.3621498,149.16908039999998,100.325,-44.82904503240825,15.780000000000001,-0.91
352.224,11,-35.3621355,149.16907899999998,100.309,-44.83642846690103,15.73,-1.6400000000000001
352.324,11,-35.3621212,149.1690767,100.295,-44.886903564867424,15.67,-2.38
352.42400000000004,11,-35.362107099999996,149.1690736,100.281,-44.90841524565838,15.58,-3.1
352.524,11,-35.362093099999996,149.16906989999998,100.268,-44.90185484896058,15.46,-3.8200000000000003
352.624,11,-35.3620793,149.1690653,100.254,-44.884874998683934,15.31,-4.54
352.724,11,-35.3620656,149.16905989999998,100.241,-44.8924667539464,15.13,-5.26
352.824,11,-35.3620522,149.1690537,100.229,-44.893252225700955,14.93,-5.98
352.92400000000004,11,-35.3620389,149.1690468,100.218,-44.85643409098,14.69,-6.69
353.024,11,-35.3620259,149.169039,100.211,-44.745668913209904,14.43,-7.41
353.124,11,-35.3620132,149.1690305,100.208,-44.3727200939597,14.14,-8.11
353.224,11,-35.362000699999996,149.1690212,100.208,-43.47670855788075,13.82,-8.78
353.324,11,-35.361988499999995,149.1690112,100.212,-41.90974363396934,13.49,-9.41
353.42400000000004,11,-35.3619766,149.1690006,100.221,-39.62183858278476,13.15,-9.98
353.524,11,-35.361965,149.1689894,100.236,-36.60790832848991,12.81,-10.46
353.624,11,-35.3619537,149.1689777,100.256,-32.968414708491935,12.51,-10.83
353.725,11,-35.3619426,149.1689657,100.281,-28.81836444803551,12.24,-11.08
353.825,11,-35.3619316,149.1689533,100.303,-24.33104627655302,12.01,-11.24
353.925,11,-35.3619208,149.1689408,100.311,-19.85854790802217,11.85,-11.3
354.02500000000003,11,-35.3619102,149.1689283,100.305,-15.608797376251067,11.72,-11.31
354.124,11,-35.3618995,149.16891579999998,100.269,-11.789640752777785,11.63,-11.290000000000001
354.224,11,-35.361889,149.16890329999998,100.209,-8.595997122362501,11.56,-11.24
354.324,11,-35.361878499999996,149.16889089999998,100.117,-6.090298682887365,11.51,-11.200000000000001
354.42400000000004,11,-35.361868,149.1688785,100.008,-4.323536638487928,11.47,-11.18
354.524,11,-35.3618576,149.1688661,99.887,-3.148373136596439,11.450000000000001,-11.18
354.624,11,-35.3618472,149.1688537,99.77,-2.1901012245816465,11.42,-11.200000000000001
354.724,11,-35.3618369,149.1688414,99.665,-0.8851767216211969,11.4,-11.21
354.824,11,-35.3618266,149.16882909999998,99.58,1.2700024927861149,11.4,-11.200000000000001
354.92400000000004,11,-35.3618163,149.1688169,99.519,4.373006844872684,11.44,-11.13
355.024,11,-35.361806,149.1688049,99.48,8.321510602639906,11.53,-11.0
355.124,11,-35.3617956,149.168793,99.46000000000001,12.828852327447931,11.66,-10.78
355.224,11,-35.3617851,149.1687814,99.45100000000001,17.500141644224712,11.83,-10.52
355.324,11,-35.3617744,149.16877019999998,99.44500000000001,21.88309794028399,12.030000000000001,-10.21
355.42400000000004,11,-35.361763499999995,149.16875919999998,99.431,25.593760423886206,12.25,-9.9
355.524,11,-35.3617524,149.16874869999998,99.403,28.431275429656086,12.49,-9.56
355.624,11,-35.361741099999996,149.1687384,99.367,30.335919783491036,12.74,-9.21
355.724,11,-35.361729499999996,149.1687287,99.324,31.500046980344255,13.02,-8.83
355.825,11,-35.3617176,149.1687192,99.28,32.10247308023396,13.3,-8.43
355.925,11,-35.3617054,149.1687102,99.243,32.27054354514047,13.59,-7.99
356.02500000000003,11,-35.3616929,149.16870169999999,99.217,32.23841092019014,13.870000000000001,-7.53
356.124,11,-35.361680199999995,149.1686937,99.20700000000001,32.15480940474919,14.14,-7.04
356.224,11,-35.3616672,149.1686862,99.211,31.954213579015082,14.38,-6.55
356.324,11,-35.361654099999996,149.16867929999998,99.23,31.678181728992772,14.6,-6.0600000000000005
356.42400000000004,11,-35.361640699999995,149.1686729,99.258,31.20034510975327,14.790000000000001,-5.59
356.524,11,-35.3616272,149.1686671,99.291,30.459624754643723,14.94,-5.16
356.624,11,-35.3616136,149.1686616,99.325,29.41300754736599,15.07,-4.7700000000000005
356.724,11,-35.3616001,149.16865669999999,99.355,28.055958242311178,15.16,-4.41
356.824,11,-35.3615865,149.16865199999998,99.382,26.49317168662453,15.23,-4.1
356.92400000000004,11,-35.3615729,149.16864769999998,99.403,24.91768610172354,15.280000000000001,-3.81
357.024,11,-35.361559199999995,149.16864379999998,99.416,23.39725696417473,15.32,-3.5500000000000003
357.124,11,-35.3615456,149.16863999999998,99.421,21.96344657813273,15.35,-3.31
357.224,11,-35.361531899999996,149.16863659999999,99.418,20.718274064135432,15.36,-3.0700000000000003
357.324,11,-35.3615183,149.1686334,99.41,19.64940751563638,15.38,-2.84
357.42400000000004,11,-35.361504599999996,149.16863039999998,99.396,18.722146156557326,15.39,-2.62
357.524,11,-35.361491,149.1686277,99.38,17.905426286553052,15.4,-2.4
357.624,11,-35.3614773,149.16862519999998,99.363,17.162672242618136,15.41,-2.18
357.724,11,-35.3614636,149.1686229,99.34700000000001,16.40350525410768,15.41,-1.97
357.824,11,-35.361449799999995,149.16862089999998,99.33500000000001,15.61999376384801,15.42,-1.76
357.925,11,-35.361436,149.1686191,99.325,14.80501046944021,15.42,-1.56
358.02500000000003,11,-35.3614223,149.16861749999998,99.32000000000001,13.956303116005474,15.42,-1.37
358.125,11,-35.361408399999995,149.168616,99.321,13.057918089189942,15.43,-1.19
358.224,11,-35.3613946,149.1686148,99.328,12.091217510295943,15.43,-1.03
358.324,11,-35.3613806,149.16861369999998,99.337,11.05958488428357,15.43,-0.9
358.42400000000004,11,-35.3613667,149.1686128,99.346,10.0208454464398,15.43,-0.78
358.524,11,-35.3613528,149.1686119,99.351,9.061524033170352,15.43,-0.6900000000000001
358.624,11,-35.3613389,149.1686112,99.352,8.144640292761487,15.43,-0.6
358.724,11,-35.361325099999995,149.1686106,99.34700000000001,7.279398758893442,15.43,-0.53
358.824,11,-35.3613113,149.16861,99.339,6.497768985750108,15.42,-0.46
358.92400000000004,11,-35.3612975,149.1686095,99.32900000000001,5.790236092930834,15.42,-0.4
359.024,11,-35.361283799999995,149.168609,99.318,5.21656124746547,15.42,-0.34
359.124,11,-35.3612701,149.1686086,99.309,4.743819095573146,15.42,-0.3
359.224,11,-35.3612563,149.1686083,99.303,4.321545211458046,15.42,-0.25
359.324,11,-35.3612426,149.168608,99.301,3.959998112366707,15.42,-0.2
359.42400000000004,11,-35.3612289,149.1686078,99.303,3.6766775967263468,15.41,-0.16
359.524,11,-35.3612152,149.1686076,99.307,3.380170547119631,15.41,-0.12
359.624,11,-35.3612015,149.16860739999998,99.312,3.074402187885201,15.41,-0.08
359.724,11,-35.361187699999995,149.1686073,99.319,2.8079437017583095,15.41,-0.05
359.824,11,-35.361174,149.1686072,99.328,2.5280203514563846,15.41,-0.03
359.925,11,-35.3611602,149.1686072,99.339,2.229730195589472,15.41,0.0
360.02500000000003,11,-35.3611463,149.1686072,99.35000000000001,1.9667807191486748,15.41,0.01
360.125,11,-35.361132399999995,149.1686072,99.35900000000001,1.7138516638288153,15.42,0.03
360.225,11,-35.361118499999996,149.1686072,99.368,1.4915079821688613,15.43,0.04
360.324,11,-35.3611046,149.1686072,99.374,1.3091182391108374,15.44,0.06
360.42400000000004,11,-35.3610906,149.1686072,99.377,1.104365816379957,15.450000000000001,0.06
360.524,11,-35.3610766,149.1686073,99.378,0.8892653902522428,15.46,0.07
360.624,11,-35.3610626,149.16860739999998,99.38,0.7206214562597225,15.48,0.08
360.724,11,-35.3610486,149.1686073,99.383,0.5934744432913204,15.49,0.08
360.824,11,-35.361034499999995,149.16860739999998,99.386,0.476468393610536,15.5,0.08
360.92400000000004,11,-35.361020599999996,149.1686075,99.39,0.3804694444957721,15.51,0.08
361.024,11,-35.3610067,149.1686076,99.395,0.2957186963661085,15.51,0.09
361.124,11,-35.3609928,149.1686076,99.402,0.21125992548324968,15.52,0.09
361.224,11,-35.360979,149.1686077,99.412,0.17440573216595504,15.52,0.09
361.324,11,-35.3609651,149.1686078,99.423,0.1263523898275799,15.52,0.08
361.42400000000004,11,-35.360951299999996,149.16860789999998,99.435,0.11751734003297007,15.52,0.08
361.524,11,-35.3609375,149.168608,99.44800000000001,0.11524652891756562,15.52,0.09
361.624,11,-35.3609236,149.1686081,99.461,0.07214728153273808,15.52,0.08
361.724,11,-35.3609098,149.1686082,99.47500000000001,0.07205320634909174,15.52,0.08
361.824,11,-35.360895899999996,149.1686083,99.488,0.03222740383021883,15.52,0.08
361.92400000000004,11,-35.3608821,149.16860839999998,99.501,0.006982387245788657,15.52,0.08
362.02500000000003,11,-35.3608682,149.1686085,99.513,-0.06755340568673593,15.52,0.09
362.125,11,-35.3608541,149.1686086,99.522,-0.1327827728073089,15.530000000000001,0.08
362.225,11,-35.3608401,149.1686087,99.528,-0.17380434201366335,15.540000000000001,0.07
362.325,11,-35.360825999999996,149.1686088,99.531,-0.21762020564249349,15.55,0.07
362.42400000000004,11,-35.3608119,149.16860889999998,99.535,-0.25314361930933316,15.56,0.07
362.524,11,-35.3607978,149.168609,99.543,-0.26754587358709836,15.57,0.07
362.624,11,-35.3607837,149.1686092,99.551,-0.2293060189821506,15.58,0.07
362.724,11,-35.3607696,149.16860929999999,99.558,-0.19651924333623824,15.59,0.07
362.824,11,-35.360755499999996,149.16860939999998,99.566,-0.15882899217585172,15.59,0.07
362.92400000000004,11,-35.360741499999996,149.1686095,99.57600000000001,-0.15861349437145253,15.59,0.08
363.024,11,-35.360727499999996,149.1686096,99.586,-0.15787249888778548,15.59,0.08
363.124,11,-35.3607136,149.1686097,99.596,-0.19680889938594232,15.59,0.09
363.224,11,-35.3606996,149.1686099,99.60900000000001,-0.2794880858248954,15.58,0.09
363.324,11,-35.3606857,149.16861,99.623,-0.4084956850118914,15.57,0.08
363.42400000000004,11,-35.3606718,149.1686101,99.638,-0.533121237598648,15.56,0.08
363.524,11,-35.360658,149.16861029999998,99.65,-0.635873056007586,15.56,0.07
363.624,11,-35.3606441,149.1686104,99.658,-0.6703498232254006,15.55,0.07
363.724,11,-35.360630199999996,149.1686105,99.663,-0.6801351364285017,15.55,0.06
363.824,11,-35.3606163,149.1686106,99.666,-0.7272895351586532,15.55,0.05
363.92400000000004,11,-35.3606024,149.1686107,99.667,-0.7725954605838171,15.55,0.04
364.024,11,-35.3605885,149.16861079999998,99.665,-0.7841813824068629,15.56,0.04
364.125,11,-35.3605746,149.1686109,99.662,-0.7902151608474816,15.56,0.03
364.225,11,-35.3605605,149.168611,99.659,-0.8048667703908051,15.57,0.02
364.325,11,-35.3605465,149.168611,99.659,-0.793181970907353,15.58,0.01
364.425,11,-35.3605324,149.1686111,99.664,-0.7614886658588773,15.59,0.01
364.524,11,-35.360518299999995,149.1686112,99.673,-0.7203957932128476,15.6,0.0
364.624,11,-35.3605041,149.1686112,99.684,-0.6629826637927485,15.610000000000001,0.0
364.724,11,-35.36049,149.16861129999998,99.697,-0.6588414347216052,15.620000000000001,-0.01
364.824,11,-35.360475799999996,149.16861129999998,99.711,-0.6578523379524226,15.620000000000001,-0.01
364.92400000000004,11,-35.3604616,149.16861129999998,99.726,-0.6315677423138037,15.63,-0.02
365.024,11,-35.3604475,149.16861129999998,99.741,-0.5175616931433888,15.63,-0.03
365.124,11,-35.3604334,149.16861129999998,99.754,-0.4282554489611647,15.63,-0.03
365.224,11,-35.3604194,149.16861129999998,99.765,-0.3757117374911822,15.63,-0.03
365.324,11,-35.3604055,149.16861129999998,99.771,-0.3816715311092679,15.63,-0.03
365.42400000000004,11,-35.3603915,149.16861129999998,99.777,-0.3382025530448671,15.620000000000001,-0.03
365.524,11,-35.3603776,149.16861129999998,99.781,-0.2745774466159207,15.610000000000001,-0.03
365.624,11,-35.3603636,149.16861129999998,99.786,-0.25129098385782006,15.610000000000001,-0.03
365.724,11,-35.3603497,149.1686114,99.793,-0.1973364114374068,15.6,-0.04
365.824,11,-35.3603358,149.1686114,99.801,-0.21735991140209254,15.6,-0.04
365.92400000000004,11,-35.360321899999995,149.1686114,99.81,-0.2128661538563266,15.59,-0.05
366.024,11,-35.360307899999995,149.1686114,99.82000000000001,-0.20697508901676417,15.59,-0.05
366.124,11,-35.360293999999996,149.1686114,99.827,-0.1750963816849197,15.59,-0.05
366.225,11,-35.3602801,149.1686114,99.83200000000001,-0.15781853772529975,15.6,-0.05
366.325,11,-35.3602659,149.1686114,99.83500000000001,-0.12576588735324473,15.6,-0.04
366.425,11,-35.3602518,149.1686114,99.836,-0.10253245194270423,15.610000000000001,-0.04
366.524,11,-35.3602377,149.1686114,99.834,-0.0785588614819297,15.620000000000001,-0.04
366.624,11,-35.3602235,149.1686114,99.83200000000001,-0.11749016601863548,15.63,-0.04
366.724,11,-35.3602093,149.1686114,99.831,-0.09310134141098517,15.64,-0.03
366.824,11,-35.3601952,149.1686114,99.83200000000001,-0.10049376720748103,15.64,-0.04
366.92400000000004,11,-35.360181,149.1686114,99.83500000000001,-0.116552949338676,15.65,-0.04
367.024,11,-35.360166899999996,149.1686114,99.83800000000001,-0.1473472707582884,15.65,-0.05
367.124,11,-35.3601528,149.1686114,99.84400000000001,-0.1734544682414721,15.65,-0.05
367.224,11,-35.3601388,149.16861129999998,99.849,-0.16986740496781214,15.64,-0.05
367.324,11,-35.3601248,149.16861129999998,99.854,-0.12966172320215685,15.64,-0.05
367.42400000000004,11,-35.360110899999995,149.16861129999998,99.858,-0.14714407263048052,15.63,-0.05
367.524,11,-35.360096899999995,149.16861129999998,99.863,-0.1723299016070133,15.63,-0.05
367.624,11,-35.360082999999996,149.16861129999998,99.868,-0.15990686806403115,15.620000000000001,-0.05
367.724,11,-35.3600691,149.1686112,99.873,-0.12179374548469886,15.610000000000001,-0.05
367.824,11,-35.3600552,149.1686112,99.878,-0.07451034022257737,15.610000000000001,-0.04
367.92400000000004,11,-35.3600413,149.1686112,99.883,-0.045406323869877856,15.6,-0.04
368.024,11,-35.3600273,149.1686112,99.886,-0.002661778997546519,15.6,-0.03
368.124,11,-35.3600134,149.1686112,99.887,-0.0017617458690961305,15.6,-0.03
368.224,11,-35.3599995,149.1686112,99.886,-0.002957393953744501,15.6,-0.03
368.325,11,-35.3599854,149.1686112,99.885,0.00903165535579573,15.6,-0.04
368.425,11,-35.3599715,149.1686112,99.886,0.0025022763212678685,15.6,-0.04
368.52500000000003,11,-35.3599574,149.1686112,99.889,-0.027821700029355863,15.610000000000001,-0.04
368.624,11,-35.3599433,149.1686112,99.891,-0.07078067006956695,15.610000000000001,-0.04
368.724,11,-35.359929199999996,149.1686112,99.893,-0.12418639276746606,15.620000000000001,-0.04
368.824,11,-35.359915099999995,149.1686112,99.895,-0.14483936403327724,15.63,-0.03
368.92400000000004,11,-35.3599009,149.1686112,99.899,-0.1811689401253767,15.64,-0.03
369.024,11,-35.3598867,149.1686112,99.904,-0.18125155606586477,15.65,-0.03
369.124,11,-35.359872599999996,149.1686112,99.91,-0.19377324048562866,15.65,-0.03
369.224,11,-35.359858599999995,149.1686112,99.914,-0.20689666190322803,15.66,-0.03
369.324,11,-35.359844599999995,149.1686112,99.917,-0.21024049306919884,15.66,-0.03
369.42400000000004,11,-35.359830599999995,149.1686112,99.92,-0.19577503286118453,15.66,-0.03
369.524,11,-35.359816599999995,149.1686112,99.921,-0.17081335948743245,15.65,-0.02
369.624,11,-35.3598026,149.1686112,99.921,-0.12456864323714877,15.65,-0.02
369.724,11,-35.3597886,149.1686112,99.921,-0.09666569297163351,15.65,-0.02
369.824,11,-35.359774699999996,149.1686112,99.92,-0.08459936339001262,15.65,-0.01
369.92400000000004,11,-35.359760699999995,149.1686112,99.919,-0.08810359060966634,15.65,-0.01
370.024,11,-35.359746699999995,149.1686112,99.919,-0.170241157721672,15.65,0.0
370.124,11,-35.359732699999995,149.1686112,99.918,-0.25493352907827316,15.64,0.0
370.224,11,-35.3597187,149.1686112,99.915,-0.3055043564147533,15.65,-0.01
370.324,11,-35.359704799999996,149.1686112,99.914,-0.3340700484731714,15.64,-0.01
370.425,11,-35.3596906,149.1686112,99.915,-0.3556823144718256,15.64,-0.02
370.52500000000003,11,-35.3596765,149.1686112,99.92,-0.385692991746098,15.65,-0.02
370.625,11,-35.3596624,149.1686112,99.925,-0.40213029555098323,15.65,-0.02
370.724,11,-35.359648199999995,149.1686112,99.932,-0.4065673571905528,15.66,-0.02
370.824,11,-35.359634,149.1686112,99.94,-0.43233045721387064,15.67,-0.02
370.92400000000004,11,-35.3596198,149.1686112,99.94800000000001,-0.4274782748192377,15.68,-0.02
371.024,11,-35.3596056,149.1686112,99.95400000000001,-0.4040064364581947,15.68,-0.03
371.124,11,-35.3595914,149.1686112,99.955,-0.37065998550673795,15.69,-0.03
371.224,11,-35.3595772,149.1686112,99.952,-0.3598694338764549,15.69,-0.04
371.324,11,-35.359563099999995,149.1686112,99.949,-0.35762659718817846,15.69,-0.05
371.42400000000004,11,-35.359549,149.1686111,99.946,-0.3226479444685002,15.69,-0.05
371.524,11,-35.359535,149.1686111,99.946,-0.2591400451529283,15.69,-0.06
371.624,11,-35.359521,149.168611,99.95,-0.22977108549551972,15.69,-0.06
371.724,11,-35.359507,149.168611,99.956,-0.1874276345609298,15.68,-0.06
371.824,11,-35.359493,149.1686109,99.964,-0.16646929247423822,15.68,-0.06
371.92400000000004,11,-35.3594791,149.1686109,99.97200000000001,-0.12029459900316039,15.68,-0.06
372.024,11,-35.3594651,149.16861079999998,99.97800000000001,-0.05665463157668393,15.68,-0.06
372.124,11,-35.3594511,149.1686107,99.98,-0.014621719128071533,15.67,-0.07
372.224,11,-35.3594371,149.1686107,99.98,0.056802607891856524,15.67,-0.07
372.324,11,-35.3594231,149.1686106,99.979,0.09285870294278442,15.67,-0.07
372.425,11,-35.3594091,149.1686105,99.97800000000001,0.1241442510338956,15.67,-0.07
372.52500000000003,11,-35.3593949,149.1686105,99.977,0.14472701275751582,15.68,-0.06
372.625,11,-35.3593808,149.1686104,99.974,0.1897308223738257,15.68,-0.06
372.725,11,-35.3593666,149.16861029999998,99.97200000000001,0.24988644616845684,15.69,-0.06
372.824,11,-35.3593524,149.16861029999998,99.973,0.30968902122014974,15.700000000000001,-0.05
372.92400000000004,11,-35.359338199999996,149.1686102,99.97500000000001,0.33496352259397366,15.700000000000001,-0.04
373.024,11,-35.359324,149.1686102,99.977,0.3371703140261225,15.700000000000001,-0.04
373.124,11,-35.3593098,149.1686102,99.979,0.34202262982288767,15.71,-0.03
373.224,11,-35.359295599999996,149.1686102,99.982,0.35405446161311466,15.71,-0.03
373.324,11,-35.3592815,149.1686102,99.986,0.31172313693234416,15.700000000000001,-0.02
373.42400000000004,11,-35.3592674,149.1686101,99.989,0.2597903538671076,15.700000000000001,-0.02
373.524,11,-35.3592534,149.1686101,99.994,0.19142256151366002,15.69,-0.02
373.624,11,-35.3592394,149.1686101,99.998,0.1559499740591988,15.69,-0.03
373.724,11,-35.3592255,149.1686101,100.002,0.1596740546628689,15.68,-0.02
373.824,11,-35.3592115,149.1686101,100.005,0.15453308333239138,15.67,-0.02
373.92400000000004,11,-35.3591976,149.1686101,100.007,0.10716723555255372,15.67,-0.02
374.024,11,-35.3591836,149.1686101,100.009,0.0970097037201134,15.66,-0.01
374.124,11,-35.359169699999995,149.1686101,100.009,0.10516434260940699,15.66,-0.01
374.224,11,-35.359155699999995,149.1686101,100.006,0.08716910200331092,15.66,-0.01
374.324,11,-35.359141699999995,149.1686101,100.001,0.05031298769531221,15.65,-0.01
374.42400000000004,11,-35.359127799999996,149.1686101,99.997,0.029005138692293007,15.65,-0.01
374.52500000000003,11,-35.359113799999996,149.1686101,99.995,-0.01987949903305351,15.65,-0.01
374.625,11,-35.3590997,149.1686101,99.995,-0.06750920956032919,15.65,-0.02
374.725,11,-35.3590856,149.1686101,99.998,-0.12714359787381713,15.65,-0.03
374.825,11,-35.3590715,149.1686101,100.0,-0.12622856596844698,15.66,-0.03
374.92400000000004,11,-35.359057299999996,149.1686101,100.002,-0.09260825377974181,15.66,-0.03
375.024,11,-35.3590431,149.1686101,100.002,-0.04418410020452242,15.67,-0.02
375.124,11,-35.3590289,149.16861,100.002,0.022322565651695832,15.68,-0.02
375.224,11,-35.359014699999996,149.16861,100.003,0.0696536021451289,15.69,-0.02
375.324,11,-35.3590005,149.16861,100.003,0.0744774232464504,15.69,-0.02
375.42400000000004,11,-35.3589863,149.16861,100.004,0.062605820757241,15.700000000000001,-0.02
375.524,11,-35.3589722,149.16861,100.006,0.026545758660405996,15.700000000000001,-0.02
375.624,11,-35.358958099999995,149.16861,100.01,-0.026033721256279823,15.69,-0.03
375.724,11,-35.358944099999995,149.16861,100.016,-0.0393820336559138,15.69,-0.03
375.824,11,-35.358930099999995,149.16861,100.022,-0.018511295081928926,15.68,-0.04
375.92400000000004,11,-35.358916199999996,149.16861,100.026,0.025464104156831258,15.68,-0.04
376.024,11,-35.358902199999996,149.1686099,100.027,0.0502888685898056,15.67,-0.04
376.124,11,-35.358888199999996,149.1686099,100.026,0.04510934737816783,15.67,-0.04
376.224,11,-35.358874199999995,149.1686099,100.023,0.05541340144253948,15.66,-0.04
376.324,11,-35.358860299999996,149.1686099,100.021,0.06336491224014461,15.66,-0.04
376.42400000000004,11,-35.358846299999996,149.16860979999998,100.017,0.09032342210024032,15.65,-0.04
376.524,11,-35.3588324,149.16860979999998,100.014,0.109999516232181,15.65,-0.04
376.625,11,-35.3588184,149.16860979999998,100.013,0.11526615237121618,15.65,-0.05
376.725,11,-35.3588042,149.1686097,100.012,0.13311453056994377,15.65,-0.05
376.825,11,-35.3587901,149.1686097,100.011,0.16026593324313282,15.66,-0.05
376.925,11,-35.3587759,149.1686096,100.007,0.1792732291253676,15.67,-0.05
377.024,11,-35.358761699999995,149.1686096,100.003,0.24255335764037547,15.67,-0.05
377.124,11,-35.3587475,149.1686096,100.001,0.3037870174057447,15.68,-0.04
377.224,11,-35.3587333,149.1686095,100.002,0.4077803294180383,15.69,-0.04
377.324,11,-35.3587191,149.1686095,100.002,0.4476409398882625,15.69,-0.03
377.42400000000004,11,-35.3587049,149.1686095,100.003,0.4711697676401928,15.700000000000001,-0.02
377.524,11,-35.3586908,149.1686095,100.003,0.4554654018301881,15.69,-0.02
377.624,11,-35.3586768,149.16860939999998,100.005,0.4488455077814177,15.69,-0.01
377.724,11,-35.3586628,149.1686095,100.008,0.391825514444991,15.68,-0.01
377.824,11,-35.3586488,149.1686095,100.01,0.3396331041500146,15.67,0.0
377.92400000000004,11,-35.3586348,149.1686095,100.013,0.2712276123539997,15.67,0.0
378.024,11,-35.3586208,149.1686095,100.015,0.20968891527308064,15.66,0.0
378.124,11,-35.3586069,149.1686095,100.015,0.17010224608138422,15.65,0.0
378.224,11,-35.3585929,149.1686095,100.013,0.09055968394652061,15.65,0.0
378.324,11,-35.358579,149.1686095,100.01,0.02253132498089092,15.64,0.0
378.42400000000004,11,-35.358565,149.1686095,100.009,0.0026220637236967757,15.64,0.0
378.524,11,-35.3585511,149.1686095,100.011,0.03909997819269335,15.64,0.0
378.624,11,-35.3585371,149.1686095,100.01,0.08809393229529312,15.64,0.0
378.725,11,-35.358523,149.1686095,100.008,0.09158766743724721,15.64,0.0
378.825,11,-35.358509,149.1686095,100.003,0.10770225814406258,15.64,0.0
378.925,11,-35.3584949,149.1686096,100.0,0.08761603249680379,15.65,0.01
379.024,11,-35.358480799999995,149.1686096,99.997,0.09919101534500688,15.66,0.01
379.124,11,-35.3584666,149.1686096,99.994,0.08564582307605262,15.66,0.01
379.224,11,-35.3584524,149.1686096,99.991,0.036500290800710135,15.67,0.01
379.324,11,-35.3584382,149.1686097,99.991,-0.020418958912985553,15.69,0.01
379.42400000000004,11,-35.358424,149.1686097,99.993,-0.051947507325581135,15.69,0.01
379.524,11,-35.3584098,149.1686097,99.998,-0.07756161384246818,15.700000000000001,0.02
379.624,11,-35.3583956,149.1686097,100.005,-0.17852368256502482,15.700000000000001,0.02
379.724,11,-35.3583815,149.16860979999998,100.012,-0.2602450950554423,15.700000000000001,0.02
379.824,11,-35.3583674,149.16860979999998,100.018,-0.23818019562214257,15.700000000000001,0.02
379.92400000000004,11,-35.3583534,149.16860979999998,100.024,-0.24201222523121063,15.700000000000001,0.01
380.024,11,-35.3583394,149.1686099,100.026,-0.243218180506541,15.700000000000001,0.01
380.124,11,-35.3583254,149.1686099,100.026,-0.24561931216491784,15.69,0.01
380.224,11,-35.3583114,149.1686099,100.022,-0.23579416508513382,15.69,0.01
380.324,11,-35.3582974,149.16861,100.016,-0.24637380794436622,15.68,0.01
380.42400000000004,11,-35.3582834,149.16861,100.009,-0.22152970186974566,15.68,0.0
380.524,11,-35.3582694,149.16861,100.003,-0.20776564339255346,15.68,0.0
380.624,11,-35.3582554,149.16861,99.997,-0.22185679055775256,15.68,0.0
380.724,11,-35.3582415,149.16861,99.994,-0.23687720363583042,15.68,0.0
380.825,11,-35.358227299999996,149.1686101,99.995,-0.23527984650454659,15.67,0.0
380.925,11,-35.3582132,149.1686101,99.998,-0.24285594035669233,15.68,0.0
381.02500000000003,11,-35.3581991,149.1686101,100.004,-0.2508610021052266,15.68,0.0
381.124,11,-35.3581849,149.1686101,100.011,-0.26018204920775195,15.68,0.0
381.224,11,-35.358170699999995,149.1686101,100.016,-0.22445066161677069,15.69,0.0
381.324,11,-35.3581565,149.1686101,100.018,-0.20625163591348494,15.69,0.0
381.42400000000004,11,-35.3581423,149.1686101,100.018,-0.21764609899635873,15.700000000000001,0.0
381.524,11,-35.3581281,149.1686101,100.016,-0.23352945044717213,15.700000000000001,0.0
381.624,11,-35.3581139,149.1686101,100.015,-0.22503416254313077,15.71,0.0
381.724,11,-35.3580998,149.1686101,100.014,-0.24255234378417054,15.71,-0.01
381.824,11,-35.3580857,149.1686101,100.012,-0.23099841179243283,15.71,-0.01
381.92400000000004,11,-35.358071699999996,149.1686101,100.011,-0.18826986892274378,15.71,-0.01
382.024,11,-35.358057599999995,149.1686101,100.01,-0.15805163127093966,15.71,-0.01
382.124,11,-35.358043699999996,149.1686102,100.009,-0.10776153538151756,15.71,-0.01
382.224,11,-35.3580296,149.1686102,100.007,-0.068973151219173,15.700000000000001,-0.01
382.324,11,-35.358015699999996,149.1686102,100.004,-0.0561059752872615,15.700000000000001,0.0
382.42400000000004,11,-35.3580016,149.1686102,100.001,-0.08875255863241673,15.700000000000001,0.0
382.524,11,-35.357987699999995,149.1686102,99.997,-0.1371143533809267,15.69,-0.01
382.624,11,-35.357973699999995,149.1686102,99.995,-0.14256324351301014,15.69,-0.01
382.724,11,-35.357959699999995,149.1686102,99.992,-0.1727547873981557,15.69,-0.02
382.825,11,-35.3579456,149.1686102,99.98700000000001,-0.20228389631530255,15.69,-0.03
382.925,11,-35.3579314,149.1686102,99.982,-0.18727242118008391,15.700000000000001,-0.03
383.02500000000003,11,-35.357917199999996,149.1686102,99.976,-0.155241822180486,15.700000000000001,-0.03
383.125,11,-35.357903,149.1686102,99.973,-0.12783536797069248,15.71,-0.03
383.224,11,-35.3578888,149.1686102,99.971,-0.10461605317584818,15.72,-0.04
383.324,11,-35.3578745,149.1686102,99.971,-0.0750381791092658,15.73,-0.04
383.42400000000004,11,-35.3578603,149.1686101,99.97200000000001,-0.026118174811139313,15.74,-0.04
383.524,11,-35.357846099999996,149.1686101,99.974,0.07081239309661048,15.74,-0.04
383.624,11,-35.3578318,149.1686101,99.977,0.13569021891833938,15.75,-0.04
383.724,11,-35.3578177,149.1686101,99.98100000000001,0.1962755976819392,15.75,-0.03
383.824,11,-35.3578036,149.16861,99.985,0.21615152820795563,15.74,-0.03
383.92400000000004,11,-35.357789499999996,149.16861,99.99000000000001,0.21093949356164088,15.73,-0.02
384.024,11,-35.357775499999995,149.16861,99.994,0.21233278545125736,15.73,-0.02
384.124,11,-35.357761499999995,149.16861,99.998,0.18726772542502954,15.72,-0.02
384.224,11,-35.357747499999995,149.16861,100.001,0.15402463444562212,15.71,-0.02
384.324,11,-35.3577335,149.16861,100.002,0.0969350118662796,15.700000000000001,-0.01
384.42400000000004,11,-35.3577195,149.16861,100.0,0.05270835971663014,15.700000000000001,-0.01
384.524,11,-35.3577055,149.16861,99.995,0.03647158933196153,15.69,-0.01
384.624,11,-35.3576915,149.16861,99.988,0.022080652557589082,15.69,-0.01
384.724,11,-35.3576775,149.16861,99.982,-0.016423371619700818,15.68,0.0
384.824,11,-35.3576635,149.16861,99.977,-0.027074087799930365,15.68,0.0
384.925,11,-35.3576495,149.16861,99.976,-0.04469861221820139,15.68,0.0
385.02500000000003,11,-35.3576353,149.16861,99.98,-0.044966960612335544,15.67,0.0
385.125,11,-35.3576212,149.16861,99.988,-0.07580474778168074,15.68,0.0
385.225,11,-35.357607099999996,149.16861,99.996,-0.0808241097284203,15.68,0.0
385.324,11,-35.3575929,149.16861,100.002,-0.1247555262841853,15.68,0.0
385.42400000000004,11,-35.3575787,149.16861,100.007,-0.16461546974374835,15.69,0.0
385.524,11,-35.3575644,149.16861,100.011,-0.14514276050260067,15.69,-0.01
385.624,11,-35.3575502,149.16861,100.014,-0.14824797527465738,15.700000000000001,-0.01
385.724,11,-35.357535999999996,149.16861,100.013,-0.1659775055137841,15.700000000000001,-0.01
385.824,11,-35.3575218,149.16861,100.01,-0.17180693856825774,15.71,-0.01
385.92400000000004,11,-35.3575077,149.16861,100.006,-0.15220865790004498,15.71,-0.02
386.024,11,-35.3574936,149.16861,100.003,-0.13845628544963587,15.71,-0.02
386.124,11,-35.3574796,149.16861,100.002,-0.11483973245555318,15.700000000000001,-0.03
386.224,11,-35.357465499999996,149.16861,100.004,-0.09633555604490521,15.700000000000001,-0.03
386.324,11,-35.357451499999996,149.16861,100.008,-0.057626933017419044,15.700000000000001,-0.03
386.42400000000004,11,-35.357437499999996,149.1686099,100.013,-0.013247046007297276,15.69,-0.03
386.524,11,-35.3574236,149.1686099,100.018,0.004680608909796065,15.68,-0.03
386.624,11,-35.3574096,149.1686099,100.02,-0.005469239376709664,15.68,-0.02
386.724,11,-35.3573956,149.1686099,100.02,0.002400411703744465,15.68,-0.02
386.824,11,-35.3573816,149.1686099,100.016,0.05744465901405094,15.67,-0.02
386.92400000000004,11,-35.357367599999996,149.1686099,100.011,0.08595771059109229,15.67,-0.01
387.02500000000003,11,-35.357353599999996,149.1686099,100.004,0.08191806724363966,15.67,-0.01
387.125,11,-35.3573394,149.1686099,99.999,0.0890403337120564,15.68,0.0
387.225,11,-35.3573252,149.1686099,99.995,0.07986808334781685,15.68,0.0
387.325,11,-35.357310999999996,149.1686099,99.994,0.021131676479673824,15.69,0.0
387.42400000000004,11,-35.3572968,149.1686099,99.994,0.0047626141186475285,15.700000000000001,0.0
387.524,11,-35.3572826,149.1686099,99.994,-0.0012128041199548176,15.71,0.0
387.624,11,-35.357268399999995,149.1686099,99.995,-0.007121354331337643,15.72,0.0
387.724,11,-35.3572542,149.1686099,99.996,-0.09105681366237044,15.73,0.0
387.824,11,-35.357239899999996,149.1686099,99.998,-0.15899838620335333,15.73,0.0
387.92400000000004,11,-35.3572258,149.1686099,100.003,-0.18741666890566075,15.73,0.0
388.024,11,-35.3572117,149.1686099,100.01,-0.17090656755721934,15.73,0.0
388.124,11,-35.3571977,149.1686099,100.016,-0.14765509617840175,15.72,0.0
388.224,11,-35.3571837,149.1686099,100.022,-0.11603252094043277,15.72,0.0
388.324,11,-35.3571697,149.1686099,100.028,-0.083933906863719,15.71,0.0
388.42400000000004,11,-35.3571557,149.1686099,100.032,-0.061198588344806806,15.71,0.0
388.524,11,-35.3571417,149.1686099,100.032,-0.057664472377427674,15.700000000000001,0.0
388.624,11,-35.3571277,149.1686099,100.028,-0.05736786607663458,15.700000000000001,0.0
388.724,11,-35.3571137,149.16861,100.022,-0.1055778892193101,15.69,0.0
388.824,11,-35.3570997,149.16861,100.016,-0.14529642641871274,15.69,0.0
388.92400000000004,11,-35.3570857,149.16861,100.01,-0.18522173692306693,15.68,0.0
389.024,11,-35.3570717,149.16861,100.004,-0.20247238018792582,15.68,-0.01
389.125,11,-35.3570577,149.16861,100.0,-0.26381907157993084,15.67,-0.01
389.225,11,-35.3570436,149.16861,99.994,-0.2986986598762174,15.67,-0.02
389.325,11,-35.3570294,149.16861,99.98700000000001,-0.2801859657394268,15.67,-0.02
389.425,11,-35.3570153,149.16861,99.982,-0.2562497545561022,15.67,-0.03
389.524,11,-35.3570011,149.16861,99.98,-0.192507000786745,15.68,-0.03
389.624,11,-35.356986899999995,149.16861,99.98,-0.11540242264928587,15.68,-0.03
389.724,11,-35.3569727,149.16861,99.979,-0.05457960476558885,15.68,-0.03
389.824,11,-35.3569585,149.16861,99.97800000000001,0.0182813665018761,15.69,-0.02
389.92400000000004,11,-35.356944299999995,149.1686099,99.97800000000001,0.07693839910134417,15.69,-0.02
390.024,11,-35.3569301,149.1686099,99.979,0.08560480192039288,15.700000000000001,-0.02
390.124,11,-35.356916,149.1686099,99.98,0.10156389910188468,15.700000000000001,-0.02
390.224,11,-35.3569019,149.1686099,99.982,0.09633911788183566,15.69,-0.01
390.324,11,-35.3568879,149.1686099,99.985,0.08590109472617524,15.69,-0.01
390.42400000000004,11,-35.3568739,149.1686099,99.988,0.08084029140705941,15.68,-0.01
390.524,11,-35.356859899999996,149.16861,99.99000000000001,0.07840364810108381,15.67,0.0
390.624,11,-35.356846,149.16861,99.994,0.04696022525658881,15.67,0.0
390.724,11,-35.356832,149.16861,99.998,0.0008138094419387073,15.66,0.0
390.824,11,-35.356818,149.16861,100.0,-0.06640780820613157,15.66,0.0
390.92400000000004,11,-35.3568041,149.16861,100.001,-0.061926690512394134,15.65,0.0
391.024,11,-35.3567901,149.16861,100.0,-0.04495943006197134,15.65,0.0
391.124,11,-35.3567762,149.16861,99.999,-0.06669980546325623,15.65,0.0
391.225,11,-35.3567621,149.16861,99.997,-0.12131990111102922,15.65,0.0
391.325,11,-35.356747899999995,149.16861,99.994,-0.1559441043653808,15.65,0.0
391.425,11,-35.3567338,149.16861,99.989,-0.21946631772974068,15.66,0.0
391.524,11,-35.3567197,149.16861,99.985,-0.281264788782745,15.67,0.0
391.624,11,-35.3567055,149.16861,99.98100000000001,-0.2801501339267107,15.68,-0.01
391.724,11,-35.3566913,149.16861,99.98,-0.22998789064081473,15.69,-0.02
391.824,11,-35.3566771,149.16861,99.979,-0.2169431764812292,15.700000000000001,-0.02
391.92400000000004,11,-35.356662899999996,149.16861,99.98,-0.20224286181942958,15.700000000000001,-0.02
392.024,11,-35.3566487,149.16861,99.983,-0.16959346368928438,15.71,-0.02
392.124,11,-35.3566346,149.16861,99.986,-0.15405843854592838,15.71,-0.03
392.224,11,-35.3566205,149.16861,99.989,-0.14524608045401033,15.71,-0.03
392.324,11,-35.3566065,149.16861,99.99000000000001,-0.1536807904498075,15.71,-0.03
392.42400000000004,11,-35.3565924,149.16861,99.99000000000001,-0.11938192831553066,15.700000000000001,-0.03
392.524,11,-35.3565785,149.1686099,99.992,-0.062159103707159685,15.700000000000001,-0.03
392.624,11,-35.3565645,149.1686099,99.993,-0.043821613260729114,15.69,-0.04
392.724,11,-35.3565505,149.1686099,99.992,0.03554281367191872,15.69,-0.04
392.824,11,-35.3565365,149.16860979999998,99.989,0.11682227490342871,15.69,-0.04
392.92400000000004,11,-35.3565225,149.16860979999998,99.985,0.16610655873650032,15.69,-0.04
393.024,11,-35.3565085,149.16860979999998,99.982,0.17468282173480335,15.69,-0.04
393.124,11,-35.3564945,149.16860979999998,99.98100000000001,0.1832555095559627,15.69,-0.03
393.224,11,-35.356480499999996,149.16860979999998,99.98,0.19696803478947567,15.69,-0.02
393.325,11,-35.356466399999995,149.1686097,99.979,0.1883544592147888,15.69,-0.02
393.425,11,-35.356452399999995,149.1686097,99.97800000000001,0.20372577326147606,15.69,-0.01
393.52500000000003,11,-35.3564382,149.16860979999998,99.97800000000001,0.2036576314523346,15.69,0.0
393.624,11,-35.3564241,149.16860979999998,99.977,0.1606102975072631,15.69,0.0
393.724,11,-35.3564098,149.16860979999998,99.97800000000001,0.09669464790443334,15.700000000000001,0.0
393.824,11,-35.3563956,149.16860979999998,99.979,0.055770578981470156,15.700000000000001,0.0
393.92400000000004,11,-35.3563814,149.16860979999998,99.98100000000001,0.005371893756415443,15.71,0.0
394.024,11,-35.3563672,149.16860979999998,99.982,-0.04766690637679381,15.72,0.0
394.124,11,-35.356353,149.16860979999998,99.983,-0.07343381169593345,15.72,0.0
394.224,11,-35.3563389,149.16860979999998,99.985,-0.07644503799572976,15.72,-0.01
394.324,11,-35.3563249,149.16860979999998,99.988,-0.0909051020874955,15.72,-0.01
394.42400000000004,11,-35.356310799999996,149.16860979999998,99.991,-0.06587359269752269,15.72,0.0
394.524,11,-35.356296799999996,149.16860979999998,99.993,-0.09140167151438996,15.71,0.0
394.624,11,-35.3562827,149.16860979999998,99.996,-0.0881718458106202,15.71,0.0
394.724,11,-35.3562687,149.16860979999998,99.997,-0.10073515836574545,15.700000000000001,0.0
394.824,11,-35.3562547,149.16860979999998,99.996,-0.0826675937936626,15.700000000000001,0.0
394.92400000000004,11,-35.3562407,149.16860979999998,99.995,-0.09505787044307647,15.69,0.0
395.024,11,-35.3562266,149.16860979999998,99.996,-0.10633614693888731,15.69,0.0
395.124,11,-35.3562126,149.16860979999998,99.995,-0.09580801731301428,15.68,0.0
395.224,11,-35.3561986,149.16860979999998,99.993,-0.09941202265746704,15.68,0.0
395.325,11,-35.3561846,149.16860979999998,99.989,-0.11017304572578164,15.67,0.0
395.425,11,-35.3561705,149.16860979999998,99.985,-0.1052977981024867,15.67,0.0
395.52500000000003,11,-35.356156299999995,149.16860979999998,99.982,-0.11218234864138187,15.67,-0.01
395.625,11,-35.3561421,149.16860979999998,99.982,-0.12051505936687842,15.67,-0.01
395.724,11,-35.3561279,149.16860979999998,99.985,-0.12264810610033225,15.67,-0.01
395.824,11,-35.3561137,149.16860979999998,99.99000000000001,-0.09446684563645881,15.67,-0.01
395.92400000000004,11,-35.3560995,149.16860979999998,99.995,-0.09412344186768055,15.68,-0.01
396.024,11,-35.3560853,149.16860979999998,99.998,-0.09416885862359717,15.68,-0.01
396.124,11,-35.3560711,149.16860979999998,99.999,-0.09982051332655877,15.68,-0.01
396.224,11,-35.3560569,149.16860979999998,100.001,-0.08951696619028958,15.69,-0.01
396.324,11,-35.3560428,149.16860979999998,100.003,-0.08109504945897296,15.69,-0.02
396.42400000000004,11,-35.356028699999996,149.16860979999998,100.005,-0.06123698147846168,15.69,-0.02
396.524,11,-35.356014699999996,149.16860979999998,100.005,-0.06561776742855134,15.69,-0.03
396.624,11,-35.356000699999996,149.16860979999998,100.006,-0.07510788839346093,15.69,-0.03
396.724,11,-35.355986699999995,149.16860979999998,100.01,-0.05852490279007738,15.68,-0.04
396.824,11,-35.355972699999995,149.1686097,100.017,-0.024590882147227645,15.68,-0.03
396.92400000000004,11,-35.355958699999995,149.1686097,100.025,0.023606020895743377,15.67,-0.03
397.024,11,-35.355944699999995,149.1686097,100.031,0.0581688391589508,15.67,-0.03
397.124,11,-35.3559307,149.1686097,100.032,0.11689093698088586,15.66,-0.02
397.224,11,-35.355916799999996,149.1686096,100.03,0.16405614128374776,15.66,-0.02
397.324,11,-35.355902799999996,149.1686096,100.023,0.1886381788696088,15.65,-0.02
397.425,11,-35.355888799999995,149.1686096,100.012,0.21117745628510706,15.65,-0.02
397.52500000000003,11,-35.3558746,149.1686096,100.002,0.18339312719556788,15.66,-0.01
397.625,11,-35.3558605,149.1686096,99.994,0.12157630000916915,15.66,-0.02
397.725,11,-35.355846299999996,149.1686096,99.99000000000001,0.061392221539734025,15.67,-0.02
397.824,11,-35.3558321,149.1686096,99.991,0.015380158608053888,15.67,-0.02
397.92400000000004,11,-35.3558179,149.1686096,99.998,0.01739402887915624,15.68,-0.02
398.024,11,-35.355803699999996,149.1686095,100.004,0.07428845912615113,15.68,-0.03
398.124,11,-35.3557895,149.1686095,100.011,0.08586793095610365,15.68,-0.03
398.224,11,-35.3557754,149.1686095,100.016,0.05332407392286968,15.68,-0.03
398.324,11,-35.3557613,149.1686095,100.019,0.05586251639594757,15.68,-0.03
398.42400000000004,11,-35.355747199999996,149.16860939999998,100.019,0.11807289321262862,15.68,-0.02
398.524,11,-35.3557333,149.16860939999998,100.015,0.18960126222300702,15.67,-0.02
398.624,11,-35.3557193,149.16860939999998,100.01,0.22962975927663865,15.67,-0.02
398.724,11,-35.3557053,149.16860939999998,100.007,0.2472931353983941,15.67,-0.02
398.824,11,-35.3556913,149.16860939999998,100.005,0.308694214839708,15.67,-0.02
398.92400000000004,11,-35.3556774,149.16860939999998,100.002,0.3077883343206086,15.67,-0.01
399.024,11,-35.3556634,149.16860939999998,99.997,0.2783572092695823,15.67,-0.01
399.124,11,-35.3556495,149.16860939999998,99.997,0.214786384168239,15.66,0.0
399.224,11,-35.3556355,149.16860939999998,100.0,0.16805985943699173,15.66,0.0
399.324,11,-35.3556215,149.16860939999998,100.004,0.14278503789805044,15.66,0.0
399.42400000000004,11,-35.3556075,149.16860939999998,100.006,0.12378179744063536,15.65,0.0
399.52500000000003,11,-35.3555936,149.16860939999998,100.008,0.09839864003011269,15.65,0.0
399.625,11,-35.355579399999996,149.16860939999998,100.007,0.07222893697787411,15.65,-0.01
399.725,11,-35.355565299999995,149.16860939999998,100.005,0.0520751798362288,15.65,-0.01
399.825,11,-35.3555512,149.16860939999998,100.004,0.019965938612156522,15.66,-0.01
399.92400000000004,11,-35.355537,149.16860939999998,100.005,-0.03507881104055412,15.67,-0.01
400.024,11,-35.355522799999996,149.16860939999998,100.006,-0.049624065733959895,15.67,-0.01
400.124,11,-35.3555086,149.16860939999998,100.005,-0.03350459917921163,15.68,-0.02
400.224,11,-35.3554945,149.16860939999998,100.003,-0.020604507938699824,15.68,-0.02
400.324,11,-35.355480199999995,149.16860939999998,99.999,0.02454098307966821,15.68,-0.01
400.42400000000004,11,-35.3554661,149.16860939999998,99.996,0.049439967456433594,15.69,-0.01
400.524,11,-35.355452,149.16860939999998,99.994,0.051169642827619904,15.68,0.0
400.624,11,-35.3554379,149.16860939999998,99.994,0.04149946233473717,15.68,0.0
400.724,11,-35.3554239,149.16860939999998,99.997,0.027320128022502884,15.68,0.0
400.824,11,-35.3554099,149.16860939999998,100.001,0.027667864025525207,15.67,0.0
400.92400000000004,11,-35.355396,149.16860939999998,100.004,0.034236446611661225,15.66,0.0
401.024,11,-35.355382,149.16860939999998,100.007,0.052766589747347145,15.66,0.0
401.124,11,-35.355368,149.16860939999998,100.009,0.06122015279948127,15.65,0.01
401.224,11,-35.3553541,149.1686095,100.011,0.05857728980740285,15.65,0.01
401.324,11,-35.3553401,149.1686095,100.011,0.03681498309557987,15.65,0.01
401.42400000000004,11,-35.3553262,149.1686095,100.009,0.006936462728006251,15.65,0.01
401.524,11,-35.3553122,149.1686095,100.004,-0.020029724841680772,15.65,0.0
401.625,11,-35.3552982,149.1686095,100.0,-0.07436149679354531,15.65,0.0
401.725,11,-35.355284,149.1686095,99.996,-0.09029325987814384,15.66,0.0
401.825,11,-35.355269899999996,149.1686096,99.993,-0.10756029826505342,15.67,0.0
401.92400000000004,11,-35.3552557,149.1686096,99.995,-0.1145778373895655,15.67,0.0
402.024,11,-35.3552415,149.1686096,99.998,-0.09634468075074952,15.68,0.0
402.124,11,-35.355227299999996,149.1686096,100.001,-0.06771332149274281,15.69,0.01
402.224,11,-35.3552131,149.1686096,100.002,-0.055056460692393505,15.69,0.01
402.324,11,-35.3551989,149.1686097,100.002,-0.07736282465513039,15.700000000000001,0.01
402.42400000000004,11,-35.355184699999995,149.1686097,100.002,-0.08024907983745663,15.71,0.01
402.524,11,-35.3551706,149.1686097,100.004,-0.11137311129697419,15.71,0.01
402.624,11,-35.3551565,149.16860979999998,100.007,-0.14250119818131146,15.71,0.01
402.724,11,-35.3551425,149.16860979999998,100.01,-0.18151968101142746,15.71,0.0
402.824,11,-35.3551285,149.16860979999998,100.012,-0.22470433911141321,15.700000000000001,0.0
402.92400000000004,11,-35.3551145,149.16860979999998,100.014,-0.23685385826269073,15.700000000000001,0.0
403.024,11,-35.3551005,149.1686099,100.018,-0.2108645215633294,15.69,0.0
403.124,11,-35.3550865,149.1686099,100.021,-0.18394161006221843,15.69,0.0
403.224,11,-35.3550725,149.1686099,100.023,-0.1817593379419729,15.69,0.0
403.324,11,-35.3550585,149.1686099,100.024,-0.2063744192359865,15.68,0.0
403.42400000000004,11,-35.3550446,149.1686099,100.024,-0.23494980962941744,15.68,0.0
403.524,11,-35.3550306,149.16861,100.023,-0.2348438616560029,15.67,0.0
403.624,11,-35.3550166,149.16861,100.023,-0.23270731978668474,15.67,0.0
403.725,11,-35.3550025,149.16861,100.025,-0.23478401745948596,15.67,-0.01
403.825,11,-35.3549885,149.16861,100.028,-0.22561523555068433,15.66,-0.01
403.925,11,-35.354974299999995,149.16861,100.03,-0.21768229099483186,15.67,-0.01
404.024,11,-35.3549602,149.16861,100.031,-0.1864063611974542,15.67,0.0
404.124,11,-35.354946,149.16861,100.032,-0.184365188512465,15.67,0.0
404.224,11,-35.354931799999996,149.16861,100.031,-0.16478973294907623,15.68,-0.01
404.324,11,-35.3549176,149.16861,100.028,-0.1475767090855053,15.69,-0.01
404.42400000000004,11,-35.3549034,149.16861,100.026,-0.1443261793708139,15.69,-0.01
404.524,11,-35.354889299999996,149.16861,100.023,-0.153501578025374,15.69,-0.02
404.624,11,-35.354875199999995,149.16861,100.021,-0.12643592624278033,15.69,-0.02
404.724,11,-35.354861199999995,149.16861,100.021,-0.12608997449327655,15.69,-0.02
404.824,11,-35.3548472,149.16861,100.023,-0.1475006031690699,15.69,-0.02
404.92400000000004,11,-35.3548332,149.16861,100.023,-0.17255336351870643,15.68,-0.03
405.024,11,-35.3548192,149.16861,100.023,-0.17457535297708143,15.68,-0.03
405.124,11,-35.3548052,149.16861,100.022,-0.13741697611788323,15.67,-0.03
405.224,11,-35.3547912,149.16861,100.022,-0.09085239490505269,15.67,-0.03
405.324,11,-35.3547772,149.16861,100.022,-0.025286640967856582,15.67,-0.03
405.42400000000004,11,-35.3547632,149.16861,100.018,0.002650035649534759,15.67,-0.02
405.524,11,-35.3547492,149.16861,100.011,-0.007133576467939598,15.67,-0.02
405.624,11,-35.3547352,149.16861,100.001,0.014594231618726198,15.68,-0.02
405.724,11,-35.3547212,149.16861,99.991,-0.0007258161448769128,15.68,-0.03
405.825,11,-35.354707,149.16861,99.98400000000001,-0.030147304403045826,15.68,-0.03
405.925,11,-35.354692899999996,149.16861,99.982,-0.03198492544457677,15.69,-0.03
406.02500000000003,11,-35.3546787,149.1686099,99.983,-0.026613980510826786,15.700000000000001,-0.02
406.124,11,-35.3546645,149.1686099,99.986,-0.026655978837105094,15.700000000000001,-0.02
406.224,11,-35.3546502,149.1686099,99.99000000000001,-0.02685757113674629,15.71,-0.03
406.324,11,-35.354636,149.1686099,99.995,-0.035426436986817356,15.72,-0.03
406.42400000000004,11,-35.3546218,149.1686099,100.0,-0.05243209724100164,15.73,-0.03
406.524,11,-35.3546075,149.1686099,100.002,-0.017238058441209958,15.73,-0.03
406.624,11,-35.3545933,149.16860979999998,100.002,0.0012914044478220235,15.74,-0.02
406.724,11,-35.354579099999995,149.16860979999998,100.002,0.01593061415873473,15.74,-0.01
406.824,11,-35.354565,149.16860979999998,100.002,0.04320510197674952,15.74,-0.01
406.92400000000004,11,-35.354551,149.16860979999998,100.002,0.0685892599032639,15.73,0.0
407.024,11,-35.3545369,149.16860979999998,100.002,0.07841659477801642,15.73,0.0
407.124,11,-35.3545229,149.16860979999998,100.0,0.07376260126112626,15.72,0.0
407.224,11,-35.3545089,149.16860979999998,99.997,0.02544920147113487,15.71,0.0
407.324,11,-35.3544949,149.1686099,99.995,-0.05709213053942837,15.700000000000001,0.0
407.42400000000004,11,-35.3544809,149.1686099,99.997,-0.07005098041660612,15.700000000000001,0.0
407.524,11,-35.3544669,149.1686099,100.0,-0.09993245105571028,15.69,-0.01
407.624,11,-35.3544529,149.1686099,100.003,-0.12470409976221186,15.68,-0.01
407.724,11,-35.3544389,149.1686099,100.007,-0.14550733518976333,15.67,-0.01
407.825,11,-35.3544249,149.16860979999998,100.011,-0.1891610085062321,15.67,-0.01
407.925,11,-35.354410699999995,149.16860979999998,100.015,-0.21785072452698143,15.67,-0.01
408.02500000000003,11,-35.3543966,149.16860979999998,100.017,-0.22337718799895476,15.67,-0.02
408.125,11,-35.3543824,149.16860979999998,100.016,-0.20463896421742148,15.68,-0.02
408.224,11,-35.354368199999996,149.16860979999998,100.014,-0.18778509891444475,15.68,-0.02
408.324,11,-35.354354,149.16860979999998,100.012,-0.17658141422086857,15.68,-0.02
408.42400000000004,11,-35.3543398,149.16860979999998,100.009,-0.13052750304030888,15.69,-0.03
408.524,11,-35.354325599999996,149.1686097,100.008,-0.0984107729540387,15.69,-0.03
408.624,11,-35.3543114,149.1686097,100.008,-0.055778229593753365,15.700000000000001,-0.03
408.724,11,-35.3542974,149.1686097,100.01,-0.0268078755074385,15.69,-0.03
408.824,11,-35.3542833,149.1686096,100.014,0.016513581476565894,15.69,-0.03
408.92400000000004,11,-35.3542693,149.1686096,100.019,0.037892562164015084,15.69,-0.02
409.024,11,-35.3542553,149.1686096,100.02,0.07182046631910222,15.69,-0.02
409.124,11,-35.3542413,149.1686096,100.02,0.11906760621157784,15.68,-0.01
409.224,11,-35.3542273,149.1686096,100.017,0.13646252388244004,15.68,0.0
409.324,11,-35.3542134,149.1686096,100.014,0.1296890973196898,15.68,0.0
409.42400000000004,11,-35.3541994,149.1686096,100.011,0.10544955636810792,15.67,0.0
409.524,11,-35.3541854,149.1686096,100.008,0.06751814750318838,15.67,0.0
409.624,11,-35.3541714,149.1686097,100.005,0.061158854519723055,15.67,0.0
409.724,11,-35.3541574,149.1686097,100.002,0.05404889773305754,15.66,0.01
409.824,11,-35.3541434,149.1686097,100.002,0.04866886311152295,15.66,0.01
409.925,11,-35.3541295,149.1686097,100.003,0.009930623976919115,15.66,0.02
410.02500000000003,11,-35.3541153,149.1686097,100.003,-0.048662042927512854,15.67,0.02
410.125,11,-35.354101199999995,149.1686097,100.003,-0.11200513724893177,15.67,0.02
410.225,11,-35.3540871,149.1686097,100.002,-0.17954657009430033,15.68,0.01
410.324,11,-35.3540728,149.16860979999998,100.0,-0.22450981212220006,15.69,0.0
410.42400000000004,11,-35.354058699999996,149.16860979999998,99.999,-0.2549692541692835,15.700000000000001,0.0
410.524,11,-35.3540444,149.16860979999998,99.997,-0.2940435124308835,15.71,0.0
410.624,11,-35.3540302,149.16860979999998,99.996,-0.3119564839420353,15.72,0.0
410.724,11,-35.3540159,149.16860979999998,99.994,-0.3208764175133811,15.73,0.0
410.824,11,-35.3540017,149.16860979999998,99.994,-0.3328872518079956,15.73,-0.01
410.92400000000004,11,-35.353987599999996,149.1686097,99.996,-0.30366572818712406,15.74,-0.01
411.024,11,-35.353973499999995,149.1686097,99.998,-0.2566343795837385,15.74,-0.01
411.124,11,-35.3539594,149.1686097,100.001,-0.21758653494431945,15.74,-0.01
411.224,11,-35.3539453,149.1686097,100.007,-0.16676980745750558,15.73,-0.01
411.324,11,-35.3539313,149.1686097,100.015,-0.11810237508385076,15.72,-0.01
411.42400000000004,11,-35.3539173,149.1686097,100.022,-0.05050023759821237,15.72,-0.02
411.524,11,-35.3539033,149.1686097,100.026,0.0009315909661348778,15.71,-0.02
411.624,11,-35.3538893,149.1686097,100.027,0.01799543570671446,15.71,-0.01
411.724,11,-35.3538753,149.1686097,100.023,0.0043821641608682215,15.71,-0.01
411.824,11,-35.3538613,149.1686097,100.015,0.009470403296003143,15.700000000000001,-0.01
411.92400000000004,11,-35.3538473,149.1686097,100.005,0.030597263124940252,15.71,0.0
412.02500000000003,11,-35.3538332,149.1686097,99.996,0.03986648683414877,15.700000000000001,0.0
412.125,11,-35.353819,149.1686097,99.988,0.04606148842167017,15.71,0.0
412.225,11,-35.3538048,149.16860979999998,99.982,0.03631420483141365,15.71,0.0
412.325,11,-35.353790599999996,149.16860979999998,99.977,7.224223763944899e-05,15.72,0.0
412.42400000000004,11,-35.3537764,149.16860979999998,99.977,-0.08974459024850819,15.72,0.0
412.524,11,-35.3537621,149.16860979999998,99.98100000000001,-0.1458830889756066,15.73,0.0
412.624,11,-35.3537479,149.16860979999998,99.98700000000001,-0.16251584024441734,15.73,0.0
412.724,11,-35.3537336,149.1686099,99.995,-0.16747569149997052,15.73,0.0
412.824,11,-35.353719399999996,149.1686099,100.0,-0.21691549553879214,15.73,0.0
412.92400000000004,11,-35.3537053,149.1686099,100.002,-0.23456120921824075,15.72,0.0
413.024,11,-35.3536912,149.1686099,100.001,-0.25714936517498693,15.72,0.0
413.124,11,-35.3536772,149.1686099,99.997,-0.28109742246765324,15.71,-0.01
413.224,11,-35.3536632,149.1686099,99.992,-0.2901114312226453,15.71,-0.01
413.324,11,-35.3536492,149.1686099,99.986,-0.3084319729281765,15.71,-0.01
413.42400000000004,11,-35.3536352,149.1686099,99.98,-0.29958002108341353,15.71,-0.01
413.524,11,-35.3536212,149.1686099,99.974,-0.24951590840598367,15.700000000000001,-0.02
413.624,11,-35.3536072,149.1686099,99.96900000000001,-0.20634628472629987,15.700000000000001,-0.02
413.724,11,-35.3535932,149.1686099,99.967,-0.16552523226489554,15.69,-0.02
413.824,11,-35.3535792,149.1686099,99.967,-0.13065175378626492,15.69,-0.02
413.92400000000004,11,-35.3535652,149.1686099,99.971,-0.10866930354078795,15.68,-0.02
414.024,11,-35.3535512,149.1686099,99.976,-0.10923545551985193,15.68,-0.02
414.125,11,-35.3535372,149.1686099,99.98100000000001,-0.08939733115810858,15.67,-0.02
414.225,11,-35.3535231,149.1686099,99.986,-0.06340317864177387,15.67,-0.02
414.325,11,-35.353508999999995,149.1686099,99.989,-0.04176587639795403,15.67,-0.02
414.42400000000004,11,-35.3534948,149.1686099,99.989,-0.02366350387451991,15.68,-0.01
414.524,12,-35.3534806,149.1686099,99.985,-0.01805530658365785,15.69,-0.01
414.624,12,-35.353466399999995,149.1686099,99.979,-0.043687647504493644,15.69,-0.01
414.724,12,-35.3534522,149.1686099,99.97200000000001,-0.4858532869735451,15.700000000000001,0.0
414.824,12,-35.353438,149.1686099,99.96600000000001,-2.399758150023419,15.71,0.0
414.92400000000004,12,-35.3534237,149.1686099,99.962,-6.7642974813159915,15.72,-0.04
415.024,12,-35.3534095,149.1686099,99.96300000000001,-13.601022288590798,15.72,-0.24
415.124,12,-35.3533954,149.16860939999998,99.968,-21.937167425301105,15.71,-0.64
415.224,12,-35.353381299999995,149.16860839999998,99.97,-30.40672152442739,15.69,-1.2
415.324,12,-35.353367299999995,149.1686067,99.96000000000001,-37.62707500549337,15.67,-1.86
415.42400000000004,12,-35.353353299999995,149.1686042,99.935,-42.67152487738462,15.66,-2.6
415.524,12,-35.3533393,149.1686008,99.898,-45.360706957402044,15.64,-3.42
415.624,12,-35.353325399999996,149.1685965,99.861,-46.183956488252846,15.620000000000001,-4.33
415.724,12,-35.3533115,149.1685911,99.842,-45.83686676520031,15.530000000000001,-5.3100000000000005
415.824,12,-35.3532977,149.1685847,99.85000000000001,-45.05752169033435,15.370000000000001,-6.32
415.92400000000004,12,-35.353284099999996,149.1685771,99.895,-44.272791011307824,15.120000000000001,-7.3100000000000005
416.024,12,-35.353270699999996,149.1685684,99.97200000000001,-43.77442284342326,14.83,-8.21
416.124,12,-35.3532576,149.1685588,100.075,-43.59193384917886,14.5,-9.02
416.225,12,-35.3532447,149.1685483,100.194,-43.75462895520857,14.15,-9.76
416.325,12,-35.3532321,149.168537,100.32000000000001,-44.096999017544626,13.81,-10.41
416.425,12,-35.3532198,149.16852509999998,100.44200000000001,-44.44731600497999,13.48,-11.0
416.524,12,-35.3532078,149.1685124,100.553,-44.66955328509928,13.17,-11.53
416.624,12,-35.353196,149.16849929999998,100.648,-44.822952503668596,12.870000000000001,-12.0
416.724,12,-35.353184399999996,149.1684856,100.72200000000001,-44.85356882662318,12.57,-12.46
416.824,12,-35.3531732,149.16847149999998,100.778,-44.77802693440284,12.27,-12.89
416.92400000000004,12,-35.3531622,149.1684568,100.81400000000001,-44.72404111920306,11.94,-13.34
417.024,12,-35.3531516,149.1684417,100.83500000000001,-44.6357711694644,11.56,-13.8
417.124,12,-35.3531414,149.1684262,100.848,-44.603297035055576,11.120000000000001,-14.290000000000001
417.224,12,-35.3531316,149.1684103,100.857,-44.60641501641168,10.64,-14.780000000000001
417.324,12,-35.353122299999995,149.1683938,100.86500000000001,-44.573998938610806,10.11,-15.290000000000001
417.42400000000004,12,-35.3531136,149.16837669999998,100.875,-44.52478742564086,9.55,-15.790000000000001
417.524,12,-35.353105299999996,149.1683592,100.889,-44.53439408670848,8.96,-16.27
417.624,12,-35.3530976,149.1683412,100.907,-44.57344569328803,8.36,-16.73
417.724,12,-35.3530905,149.16832259999998,100.928,-44.637789490364135,7.75,-17.16
417.824,12,-35.3530839,149.1683037,100.949,-44.68633847498459,7.140000000000001,-17.56
417.92400000000004,12,-35.3530778,149.1682842,100.971,-44.72358349652867,6.5200000000000005,-17.93
418.024,12,-35.3530723,149.1682644,100.992,-44.73764685602973,5.91,-18.27
418.124,12,-35.3530674,149.1682443,101.01,-44.739637856172784,5.29,-18.59
